scientific,usda,bioclip,tree,shrub,vine,forbHerb,graminoid
Abies alba,tree,tree,0.408916,0.403772,0.371814,0.33067,0.305958
Abies balsamea,tree,shrub,0.345027,0.36321,0.30364,0.355471,0.275507
Abies concolor,tree,tree,0.399623,0.381795,0.364082,0.354936,0.294981
Abies grandis,tree,tree,0.392184,0.362016,0.322307,0.30224,0.295524
Abies lasiocarpa,tree,tree,0.360211,0.339414,0.292937,0.33919,0.306815
Abronia latifolia,forbHerb,tree,0.413064,0.305163,0.396029,0.401803,0.367996
Abronia maritima,forbHerb,tree,0.401289,0.292031,0.363138,0.374779,0.325466
Abronia villosa,forbHerb,tree,0.39672,0.300753,0.374826,0.333684,0.362403
Abrus precatorius,vine,vine,0.457186,0.462129,0.466762,0.39158,0.396805
Abutilon theophrasti,forbHerb,vine,0.407003,0.359854,0.430802,0.403397,0.355857
Acacia confusa,tree,shrub,0.443113,0.459993,0.38609,0.359318,0.405704
Acacia cyclops,shrub,tree,0.458164,0.451861,0.363906,0.368573,0.390155
Acacia melanoxylon,tree,tree,0.43105,0.415035,0.37879,0.351471,0.409649
Acacia paradoxa,shrub,shrub,0.438187,0.475199,0.414089,0.347009,0.362302
Acaena novae-zelandiae,forbHerb,vine,0.383408,0.361203,0.411761,0.411126,0.346158
Acalypha ostryifolia,forbHerb,forbHerb,0.367641,0.269715,0.33966,0.39266,0.373943
Acalypha rhomboidea,forbHerb,tree,0.371624,0.289602,0.332389,0.366572,0.322698
Acanthus mollis,forbHerb,tree,0.404034,0.369909,0.394497,0.349567,0.274959
Acer macrophyllum,tree,tree,0.411471,0.327685,0.36219,0.346346,0.302313
Acer negundo,tree,tree,0.446619,0.382938,0.415951,0.353009,0.308822
Acer nigrum,tree,tree,0.45129,0.363186,0.443575,0.427728,0.302453
Acer platanoides,tree,tree,0.424946,0.383707,0.413194,0.349411,0.282085
Acer pseudoplatanus,tree,tree,0.454485,0.407595,0.440564,0.352141,0.324077
Acer rubrum,tree,tree,0.424832,0.366221,0.374268,0.35794,0.280864
Acer saccharinum,tree,tree,0.439352,0.374622,0.383114,0.360158,0.26292
Achillea millefolium,forbHerb,forbHerb,0.356171,0.354223,0.301538,0.421066,0.399422
Achillea ptarmica,forbHerb,graminoid,0.283516,0.294581,0.250526,0.357777,0.363127
Achlys triphylla,forbHerb,forbHerb,0.366603,0.342313,0.384301,0.420625,0.297456
Achnatherum hymenoides,graminoid,graminoid,0.426263,0.334129,0.354636,0.405122,0.466227
Achyrachaena mollis,forbHerb,forbHerb,0.371444,0.296863,0.305858,0.454234,0.373778
Achyronychia cooperi,forbHerb,graminoid,0.338856,0.252237,0.310003,0.346191,0.38244
Aconitum columbianum,forbHerb,forbHerb,0.293407,0.308574,0.364329,0.40092,0.268315
Aconitum delphiniifolium,forbHerb,forbHerb,0.281449,0.297571,0.309152,0.451793,0.306707
Aconitum napellus,forbHerb,forbHerb,0.323538,0.303641,0.341981,0.367769,0.248428
Acorus calamus,forbHerb,forbHerb,0.34033,0.302592,0.320097,0.376421,0.338821
Acrostichum danaeifolium,forbHerb,forbHerb,0.373032,0.31739,0.292847,0.385945,0.317033
Actaea pachypoda,forbHerb,forbHerb,0.333224,0.352223,0.365397,0.421392,0.246809
Actaea racemosa,forbHerb,forbHerb,0.335306,0.297293,0.320944,0.365234,0.259607
Actaea rubra,forbHerb,forbHerb,0.304621,0.33685,0.358686,0.377248,0.251711
Adansonia digitata,tree,tree,0.416474,0.31575,0.329887,0.33228,0.363539
Adenocaulon bicolor,forbHerb,forbHerb,0.369788,0.306202,0.384472,0.43303,0.33445
Adenostoma fasciculatum,shrub,forbHerb,0.349212,0.356755,0.295023,0.38188,0.322738
Adiantum aleuticum,forbHerb,forbHerb,0.291789,0.286965,0.27419,0.345287,0.297931
Adiantum capillus-veneris,forbHerb,forbHerb,0.360444,0.321922,0.366398,0.375588,0.335246
Adiantum hispidulum,forbHerb,shrub,0.339083,0.385462,0.376909,0.360415,0.373895
Adiantum jordanii,forbHerb,forbHerb,0.345547,0.306351,0.342165,0.359856,0.309722
Adiantum pedatum,forbHerb,forbHerb,0.327372,0.332597,0.328591,0.388399,0.300175
Adonis vernalis,forbHerb,forbHerb,0.380778,0.369856,0.346579,0.415875,0.328571
Adoxa moschatellina,forbHerb,forbHerb,0.347128,0.359347,0.369431,0.399435,0.249992
Aegopodium podagraria,forbHerb,vine,0.333018,0.306803,0.349837,0.343456,0.299714
Aesculus glabra,tree,tree,0.392655,0.34734,0.369489,0.387515,0.280898
Aesculus hippocastanum,tree,tree,0.393463,0.364125,0.358094,0.317338,0.266949
Agalinis heterophylla,forbHerb,forbHerb,0.348917,0.301722,0.248222,0.425322,0.340139
Agalinis purpurea,forbHerb,forbHerb,0.377166,0.345836,0.308039,0.467256,0.323522
Agalinis tenuifolia,forbHerb,forbHerb,0.339557,0.316036,0.250052,0.442176,0.328944
Agapanthus praecox,forbHerb,forbHerb,0.389913,0.342201,0.372936,0.404249,0.361183
Ageratina altissima,forbHerb,forbHerb,0.374708,0.3153,0.34971,0.415729,0.317833
Ageratina havanensis,shrub,vine,0.368346,0.34793,0.395662,0.37185,0.275416
Ageratum conyzoides,forbHerb,tree,0.407046,0.360075,0.364286,0.406557,0.400045
Ageratum houstonianum,forbHerb,forbHerb,0.380182,0.324074,0.344239,0.386028,0.381506
Agrimonia eupatoria,forbHerb,forbHerb,0.347461,0.326743,0.324936,0.366751,0.312396
Agrimonia gryposepala,forbHerb,forbHerb,0.317571,0.324906,0.323077,0.402684,0.277782
Agrimonia parviflora,forbHerb,forbHerb,0.304284,0.292859,0.280191,0.412666,0.315439
Agropyron cristatum,graminoid,graminoid,0.405314,0.328017,0.284583,0.363013,0.535172
Ailanthus altissima,tree,tree,0.466389,0.41813,0.413153,0.380722,0.305089
Ajuga chamaepitys,forbHerb,forbHerb,0.383423,0.30274,0.358069,0.405003,0.368238
Ajuga genevensis,forbHerb,tree,0.330275,0.248081,0.302319,0.284081,0.309321
Ajuga reptans,forbHerb,tree,0.407095,0.324631,0.383303,0.363937,0.30663
Alcea rosea,forbHerb,vine,0.3333,0.304018,0.390643,0.342083,0.243177
Aliciella latifolia,forbHerb,forbHerb,0.371444,0.293174,0.341213,0.395198,0.288815
Alisma plantago-aquatica,forbHerb,forbHerb,0.325961,0.294927,0.333459,0.381912,0.351102
Alisma triviale,forbHerb,forbHerb,0.329305,0.295696,0.343619,0.440724,0.378023
Alliaria petiolata,forbHerb,vine,0.362071,0.338909,0.422209,0.384535,0.310979
Allionia incarnata,forbHerb,forbHerb,0.401566,0.300685,0.3847,0.407066,0.400474
Allium acuminatum,forbHerb,tree,0.400894,0.32656,0.327641,0.394235,0.352066
Allium canadense,forbHerb,forbHerb,0.370806,0.347614,0.355203,0.492326,0.350396
Allium cernuum,forbHerb,forbHerb,0.332885,0.284707,0.308578,0.436041,0.371339
Allium drummondii,forbHerb,forbHerb,0.338841,0.295563,0.307679,0.436616,0.385013
Allium oleraceum,forbHerb,graminoid,0.355494,0.329589,0.357402,0.352022,0.375942
Allium schoenoprasum,forbHerb,graminoid,0.32846,0.30497,0.252235,0.356756,0.357422
Allium stellatum,forbHerb,forbHerb,0.307089,0.292924,0.275015,0.457617,0.385258
Allium tricoccum,forbHerb,forbHerb,0.337196,0.325865,0.356313,0.454589,0.28777
Allium triquetrum,forbHerb,forbHerb,0.37733,0.359546,0.372746,0.426079,0.297282
Allium vineale,forbHerb,forbHerb,0.374952,0.362411,0.355192,0.41203,0.38475
Allotropa virgata,forbHerb,forbHerb,0.354213,0.346317,0.288633,0.36136,0.298811
Alnus glutinosa,tree,tree,0.449115,0.365574,0.369888,0.30557,0.298456
Alnus rhombifolia,tree,tree,0.439817,0.35942,0.371278,0.314639,0.2763
Alnus rubra,tree,tree,0.436721,0.367018,0.331958,0.314001,0.288439
Alocasia odora,forbHerb,vine,0.367174,0.316409,0.377996,0.35591,0.334015
Aloe vera,forbHerb,forbHerb,0.398619,0.386871,0.373376,0.398747,0.390268
Alopecurus aequalis,graminoid,graminoid,0.364439,0.299731,0.323817,0.442236,0.511878
Alopecurus pratensis,graminoid,graminoid,0.333628,0.264962,0.256855,0.340641,0.501351
Alophia drummondii,forbHerb,forbHerb,0.352654,0.344399,0.3184,0.475467,0.370666
Aloysia gratissima,shrub,tree,0.404942,0.372068,0.364733,0.382547,0.40218
Alpinia purpurata,forbHerb,tree,0.426571,0.388072,0.320295,0.339118,0.425659
Alpinia zerumbet,forbHerb,graminoid,0.378236,0.350958,0.314383,0.325675,0.411292
Alternanthera philoxeroides,forbHerb,graminoid,0.370547,0.30344,0.369225,0.376322,0.419575
Amaranthus palmeri,forbHerb,graminoid,0.360001,0.252185,0.276706,0.338163,0.423332
Amaranthus retroflexus,forbHerb,graminoid,0.367669,0.285745,0.272394,0.323021,0.404951
Amaryllis belladonna,forbHerb,shrub,0.3809,0.391144,0.363882,0.360172,0.300988
Ambrosia artemisiifolia,forbHerb,forbHerb,0.396479,0.329412,0.281724,0.434908,0.383638
Ambrosia psilostachya,forbHerb,forbHerb,0.358765,0.312452,0.249647,0.409726,0.37439
Ammophila arenaria,graminoid,tree,0.396429,0.337861,0.317776,0.385304,0.395264
Ammophila breviligulata,graminoid,graminoid,0.363413,0.300309,0.303027,0.40095,0.43839
Amorpha fruticosa,shrub,shrub,0.403319,0.404118,0.310707,0.293111,0.301481
Ampelopsis cordata,vine,vine,0.344544,0.250909,0.490492,0.347092,0.251507
Amsinckia menziesii,forbHerb,forbHerb,0.398994,0.302028,0.344448,0.446863,0.419958
Amsinckia tessellata,forbHerb,graminoid,0.350943,0.273979,0.284165,0.385907,0.395102
Amsonia ciliata,forbHerb,forbHerb,0.348437,0.366777,0.291091,0.455137,0.381527
Amsonia tabernaemontana,forbHerb,forbHerb,0.379146,0.389874,0.359566,0.411441,0.333813
Anacardium occidentale,tree,tree,0.416382,0.380859,0.408424,0.359756,0.353504
Anaphalis margaritacea,forbHerb,forbHerb,0.300447,0.316801,0.239634,0.399316,0.339045
Anchusa arvensis,forbHerb,forbHerb,0.359505,0.295845,0.343309,0.380341,0.340193
Anchusa officinalis,forbHerb,forbHerb,0.327031,0.299822,0.315648,0.343456,0.307865
Andropogon glomeratus,graminoid,graminoid,0.339143,0.258551,0.21352,0.343957,0.446524
Andropogon ternarius,graminoid,graminoid,0.304747,0.261488,0.207907,0.377689,0.431605
Andropogon virginicus,graminoid,graminoid,0.371878,0.287537,0.272553,0.391714,0.50035
Androsace septentrionalis,forbHerb,forbHerb,0.290375,0.261991,0.263537,0.425524,0.398869
Anemone berlandieri,forbHerb,forbHerb,0.318242,0.290867,0.338189,0.510472,0.31051
Anemone cylindrica,forbHerb,forbHerb,0.3208,0.264392,0.26875,0.482064,0.302714
Anemone multifida,forbHerb,forbHerb,0.269526,0.256645,0.246056,0.434114,0.325939
Anemone virginiana,forbHerb,forbHerb,0.314836,0.299295,0.318492,0.469686,0.272441
Anemopsis californica,forbHerb,forbHerb,0.338677,0.250267,0.321869,0.396471,0.329261
Angelica atropurpurea,forbHerb,forbHerb,0.299375,0.278514,0.292986,0.336239,0.209428
Anoda cristata,forbHerb,forbHerb,0.376055,0.322036,0.379783,0.395461,0.372857
Antennaria dioica,forbHerb,forbHerb,0.324224,0.27844,0.271897,0.375298,0.360461
Antennaria neglecta,forbHerb,forbHerb,0.361057,0.319106,0.322487,0.473466,0.360313
Antennaria rosea,forbHerb,forbHerb,0.33072,0.288083,0.302102,0.387558,0.346683
Anthemis cotula,forbHerb,forbHerb,0.342356,0.300019,0.309624,0.431354,0.340585
Anthoxanthum odoratum,graminoid,graminoid,0.356017,0.321437,0.288682,0.412812,0.533259
Anthriscus caucalis,forbHerb,forbHerb,0.369958,0.313776,0.347138,0.420218,0.344915
Anthriscus sylvestris,forbHerb,forbHerb,0.361663,0.327988,0.316134,0.366074,0.343688
Anthyllis vulneraria,forbHerb,graminoid,0.371256,0.353286,0.342814,0.415678,0.427185
Antigonon leptopus,vine,vine,0.412343,0.36878,0.481346,0.367405,0.370549
Antirrhinum majus,forbHerb,vine,0.354963,0.346211,0.376916,0.349369,0.281824
Apium prostratum,forbHerb,forbHerb,0.408073,0.366437,0.433556,0.471508,0.346028
Aplectrum hyemale,forbHerb,forbHerb,0.385302,0.346991,0.348472,0.402156,0.287069
Apocynum androsaemifolium,forbHerb,tree,0.362109,0.334785,0.343103,0.353718,0.34295
Apocynum cannabinum,forbHerb,forbHerb,0.377828,0.360042,0.336755,0.380588,0.375303
Aquilegia canadensis,forbHerb,forbHerb,0.343334,0.302291,0.372647,0.438685,0.268172
Aquilegia chrysantha,forbHerb,forbHerb,0.352238,0.277638,0.320203,0.397654,0.285753
Aquilegia coerulea,forbHerb,forbHerb,0.347073,0.29143,0.34507,0.417078,0.3028
Aquilegia flavescens,forbHerb,forbHerb,0.255343,0.244369,0.287505,0.344217,0.251833
Aquilegia formosa,forbHerb,forbHerb,0.341187,0.283025,0.338808,0.409693,0.294616
Aquilegia vulgaris,forbHerb,vine,0.37343,0.337333,0.412865,0.407467,0.278709
Arabidopsis thaliana,forbHerb,forbHerb,0.367251,0.315759,0.314448,0.438017,0.41814
Aralia californica,forbHerb,vine,0.318017,0.298606,0.351149,0.326134,0.249706
Aralia elata,tree,vine,0.354975,0.313941,0.363759,0.294819,0.277629
Araujia sericifera,vine,vine,0.431357,0.38473,0.463785,0.362196,0.360453
Arbutus menziesii,tree,tree,0.380343,0.345204,0.312486,0.340586,0.276946
Arbutus xalapensis,tree,tree,0.379489,0.343635,0.330681,0.362651,0.298853
Arctium lappa,forbHerb,tree,0.365629,0.317542,0.353881,0.35167,0.256296
Arctium minus,forbHerb,tree,0.383128,0.33064,0.341913,0.359184,0.30619
Arctium tomentosum,forbHerb,tree,0.337263,0.277295,0.285027,0.321616,0.304533
Arctostaphylos patula,shrub,tree,0.40238,0.37376,0.329145,0.300519,0.319561
Arctotheca calendula,forbHerb,tree,0.406958,0.345811,0.36153,0.371347,0.355237
Ardisia crenata,shrub,shrub,0.383907,0.423816,0.382999,0.361538,0.31397
Arenaria serpyllifolia,forbHerb,forbHerb,0.415295,0.341838,0.360162,0.484353,0.325808
Arethusa bulbosa,forbHerb,forbHerb,0.351355,0.330404,0.333726,0.475941,0.304589
Argemone albiflora,forbHerb,forbHerb,0.382859,0.343567,0.358465,0.480876,0.322161
Argemone mexicana,forbHerb,tree,0.413296,0.364598,0.359168,0.412372,0.372915
Argemone munita,forbHerb,forbHerb,0.380526,0.351508,0.348843,0.398661,0.305635
Argemone ochroleuca,forbHerb,forbHerb,0.437309,0.425935,0.411246,0.44682,0.380343
Argemone polyanthemos,forbHerb,forbHerb,0.357006,0.316004,0.319813,0.399547,0.293648
Argentina anserina,forbHerb,forbHerb,0.359641,0.344683,0.327585,0.373562,0.291709
Arisaema dracontium,forbHerb,forbHerb,0.325121,0.290068,0.339793,0.409147,0.259807
Arisaema triphyllum,forbHerb,forbHerb,0.350627,0.314858,0.348422,0.415908,0.263114
Aristida purpurea,graminoid,graminoid,0.409545,0.335612,0.319578,0.403803,0.471584
Aristolochia californica,vine,vine,0.371129,0.331611,0.454883,0.354239,0.264793
Armoracia rusticana,forbHerb,forbHerb,0.295993,0.28156,0.302028,0.357566,0.312365
Arnica cordifolia,forbHerb,forbHerb,0.312446,0.252663,0.276865,0.355801,0.266316
Arnoglossum atriplicifolium,forbHerb,forbHerb,0.343792,0.321114,0.360175,0.417328,0.323607
Arnoglossum plantagineum,forbHerb,forbHerb,0.317742,0.296919,0.333999,0.414341,0.317022
Arrhenatherum elatius,graminoid,graminoid,0.341546,0.281526,0.291849,0.331638,0.48913
Artemisia annua,forbHerb,forbHerb,0.331625,0.312043,0.294622,0.37148,0.360929
Artemisia californica,shrub,forbHerb,0.346565,0.334849,0.296679,0.382291,0.369872
Artemisia campestris,forbHerb,forbHerb,0.382461,0.322796,0.298429,0.426473,0.409769
Artemisia douglasiana,forbHerb,forbHerb,0.28687,0.274546,0.233138,0.347706,0.3368
Artemisia stelleriana,forbHerb,forbHerb,0.320587,0.317715,0.281527,0.403938,0.306025
Artocarpus altilis,tree,tree,0.463629,0.348221,0.356241,0.360087,0.317542
Artocarpus heterophyllus,tree,tree,0.490629,0.354601,0.341503,0.3314,0.322389
Arum italicum,forbHerb,vine,0.366428,0.335916,0.368422,0.355442,0.28275
Aruncus dioicus,forbHerb,shrub,0.348468,0.364166,0.346945,0.334735,0.334303
Arundina graminifolia,forbHerb,graminoid,0.377438,0.401313,0.33882,0.406324,0.412944
Asarum canadense,forbHerb,forbHerb,0.324561,0.308823,0.386875,0.402223,0.257294
Asarum caudatum,forbHerb,vine,0.293941,0.26759,0.347679,0.326978,0.266385
Asclepias amplexicaulis,forbHerb,forbHerb,0.309079,0.291976,0.301793,0.394925,0.320456
Asclepias asperula,forbHerb,graminoid,0.314572,0.266189,0.288033,0.39244,0.393383
Asclepias californica,forbHerb,tree,0.324294,0.322852,0.306271,0.29122,0.296302
Asclepias cordifolia,forbHerb,tree,0.315735,0.29214,0.292481,0.289693,0.311681
Asclepias eriocarpa,forbHerb,forbHerb,0.302743,0.294404,0.266879,0.31718,0.282323
Asclepias exaltata,forbHerb,forbHerb,0.287014,0.292864,0.282561,0.365176,0.260134
Asclepias fascicularis,forbHerb,forbHerb,0.331266,0.325266,0.303515,0.368241,0.344036
Asclepias hirtella,forbHerb,forbHerb,0.285138,0.256395,0.256454,0.367298,0.346364
Asclepias humistrata,forbHerb,forbHerb,0.352063,0.338836,0.311262,0.396075,0.311976
Asclepias incarnata,forbHerb,forbHerb,0.296798,0.304835,0.253971,0.328878,0.322952
Asclepias lanceolata,forbHerb,forbHerb,0.304336,0.284839,0.319492,0.396907,0.354613
Asclepias latifolia,forbHerb,forbHerb,0.338566,0.312225,0.323611,0.359715,0.331778
Asclepias oenotheroides,forbHerb,forbHerb,0.360441,0.311388,0.33839,0.395241,0.351188
Asclepias perennis,forbHerb,forbHerb,0.366432,0.353942,0.338142,0.43441,0.336235
Asclepias purpurascens,forbHerb,forbHerb,0.29744,0.298326,0.299841,0.318854,0.279677
Asclepias quadrifolia,forbHerb,forbHerb,0.330899,0.359123,0.341138,0.411493,0.295185
Asclepias speciosa,forbHerb,forbHerb,0.349003,0.296586,0.304391,0.359266,0.343757
Asclepias subverticillata,forbHerb,graminoid,0.277849,0.258431,0.248976,0.357129,0.392873
Asclepias syriaca,forbHerb,forbHerb,0.379184,0.354558,0.335645,0.401946,0.322293
Asclepias tuberosa,forbHerb,forbHerb,0.336854,0.306496,0.300945,0.406791,0.369491
Asclepias variegata,forbHerb,forbHerb,0.322021,0.345529,0.339598,0.398364,0.253838
Asclepias verticillata,forbHerb,forbHerb,0.290334,0.310286,0.281241,0.452744,0.385695
Asclepias viridiflora,forbHerb,forbHerb,0.350917,0.322082,0.328751,0.440475,0.377418
Asclepias viridis,forbHerb,forbHerb,0.35644,0.303415,0.327318,0.440239,0.329969
Asparagus officinalis,forbHerb,forbHerb,0.3776,0.394532,0.393094,0.404043,0.366123
Asphodelus fistulosus,forbHerb,forbHerb,0.366334,0.32694,0.337502,0.397008,0.38966
Aspidotis densa,forbHerb,forbHerb,0.370402,0.337043,0.275394,0.394172,0.368557
Asplenium montanum,forbHerb,forbHerb,0.375349,0.315852,0.312009,0.428433,0.318706
Asplenium nidus,forbHerb,tree,0.407946,0.32829,0.35248,0.349099,0.323664
Asplenium platyneuron,forbHerb,forbHerb,0.341055,0.305829,0.32714,0.413806,0.313422
Asplenium polyodon,forbHerb,tree,0.420316,0.370204,0.378672,0.327921,0.291345
Asplenium rhizophyllum,forbHerb,forbHerb,0.339496,0.270946,0.381418,0.427001,0.296085
Asplenium ruta-muraria,forbHerb,forbHerb,0.330631,0.285499,0.353109,0.362108,0.239918
Asplenium scolopendrium,forbHerb,vine,0.341953,0.330232,0.377592,0.341363,0.278609
Asplenium trichomanes,forbHerb,vine,0.337483,0.316892,0.369486,0.357814,0.302132
Aster alpinus,forbHerb,forbHerb,0.331441,0.313092,0.314039,0.41786,0.342858
Astragalus alpinus,forbHerb,forbHerb,0.405812,0.370612,0.350364,0.425917,0.353061
Astragalus canadensis,forbHerb,forbHerb,0.377754,0.329497,0.314637,0.420878,0.373531
Astragalus cicer,forbHerb,tree,0.367619,0.340036,0.332433,0.34285,0.343057
Astragalus crassicarpus,forbHerb,forbHerb,0.410155,0.375169,0.343714,0.413093,0.335286
Astragalus glycyphyllos,forbHerb,graminoid,0.358284,0.345603,0.35826,0.319134,0.368716
Astragalus mollissimus,forbHerb,graminoid,0.37361,0.318555,0.320667,0.38122,0.392854
Astragalus nuttallianus,forbHerb,forbHerb,0.376869,0.339368,0.330774,0.479516,0.436264
Astragalus purshii,forbHerb,forbHerb,0.39237,0.33269,0.311337,0.394952,0.353912
Astrolepis sinuata,forbHerb,graminoid,0.325136,0.295474,0.328972,0.352631,0.362668
Athyrium filix-femina,forbHerb,tree,0.351851,0.309226,0.288979,0.35082,0.34679
Atrichoseris platyphylla,forbHerb,forbHerb,0.335658,0.307766,0.30128,0.405351,0.326103
Atriplex canescens,shrub,tree,0.371013,0.351366,0.317299,0.336615,0.336113
Atriplex hymenelytra,shrub,tree,0.389058,0.383964,0.351989,0.322917,0.25199
Atriplex polycarpa,shrub,tree,0.347394,0.327717,0.304239,0.326117,0.316246
Atriplex prostrata,forbHerb,tree,0.445175,0.350162,0.383983,0.341181,0.416241
Avena barbata,graminoid,graminoid,0.411348,0.347944,0.32005,0.369426,0.4599
Avena fatua,graminoid,graminoid,0.397278,0.326373,0.281666,0.357334,0.461256
Azadirachta indica,tree,tree,0.461314,0.429789,0.434067,0.373333,0.331726
Azolla filiculoides,forbHerb,forbHerb,0.349457,0.332503,0.323963,0.359185,0.335274
Baccharis neglecta,shrub,forbHerb,0.379046,0.353085,0.33561,0.435016,0.361143
Baccharis salicifolia,shrub,graminoid,0.340831,0.33247,0.287171,0.34859,0.350011
Baccharis sarothroides,shrub,forbHerb,0.368545,0.360917,0.291005,0.383687,0.304171
Bacopa monnieri,forbHerb,forbHerb,0.383788,0.281626,0.354686,0.402205,0.330185
Baileya multiradiata,forbHerb,graminoid,0.342827,0.287819,0.262346,0.375255,0.378051
Ballota nigra,forbHerb,tree,0.399818,0.321184,0.366685,0.298882,0.304946
Balsamorhiza sagittata,forbHerb,forbHerb,0.311489,0.262581,0.225073,0.323983,0.298009
Baptisia alba,forbHerb,tree,0.421268,0.339371,0.350787,0.420531,0.341977
Baptisia australis,forbHerb,tree,0.413726,0.309974,0.304615,0.381977,0.282361
Baptisia bracteata,forbHerb,forbHerb,0.343395,0.294755,0.283994,0.40353,0.293541
Baptisia tinctoria,forbHerb,forbHerb,0.347229,0.310073,0.298723,0.419552,0.298362
Barbarea orthoceras,forbHerb,graminoid,0.353129,0.297471,0.304306,0.356011,0.39558
Barbarea vulgaris,forbHerb,tree,0.364151,0.308765,0.352857,0.345204,0.347177
Bassia scoparia,forbHerb,graminoid,0.40815,0.354934,0.319501,0.386929,0.419407
Bellis perennis,forbHerb,forbHerb,0.361314,0.319045,0.35703,0.416977,0.301607
Berberis darwinii,shrub,vine,0.415529,0.411215,0.438089,0.352045,0.310949
Berberis thunbergii,shrub,vine,0.351322,0.361431,0.366895,0.349619,0.28542
Berberis vulgaris,shrub,vine,0.362008,0.371935,0.386246,0.343546,0.297469
Berchemia scandens,vine,vine,0.410963,0.353166,0.420355,0.389279,0.342523
Bergerocactus emoryi,shrub,forbHerb,0.312012,0.289066,0.297912,0.372431,0.334783
Berlandiera lyrata,forbHerb,forbHerb,0.349997,0.315294,0.292477,0.366171,0.353897
Berteroa incana,forbHerb,forbHerb,0.357857,0.300035,0.282428,0.413264,0.38864
Beta vulgaris,forbHerb,vine,0.363734,0.300517,0.378985,0.325981,0.324764
Betula alleghaniensis,tree,tree,0.434915,0.381659,0.365351,0.381828,0.272788
Betula lenta,tree,tree,0.415268,0.359699,0.302329,0.347237,0.262215
Betula nigra,tree,tree,0.479901,0.387899,0.361892,0.365394,0.248461
Betula papyrifera,tree,tree,0.439435,0.359365,0.345335,0.374699,0.271976
Betula pendula,tree,tree,0.504641,0.403358,0.404089,0.349207,0.316332
Betula populifolia,tree,tree,0.386592,0.358377,0.32893,0.345904,0.248188
Betula pubescens,tree,tree,0.452661,0.378755,0.395791,0.33196,0.30199
Betula pumila,shrub,forbHerb,0.369854,0.359752,0.337887,0.382162,0.251133
Bidens aristosa,forbHerb,forbHerb,0.343447,0.286392,0.221901,0.407223,0.319604
Bidens bipinnata,forbHerb,forbHerb,0.374493,0.330066,0.293406,0.397706,0.362812
Bidens cernua,forbHerb,forbHerb,0.337373,0.280669,0.277464,0.382566,0.334742
Bidens frondosa,forbHerb,forbHerb,0.350772,0.294814,0.250822,0.362854,0.334879
Bidens pilosa,forbHerb,forbHerb,0.400632,0.335946,0.353833,0.431343,0.395393
Bidens tripartita,forbHerb,forbHerb,0.368847,0.286904,0.28589,0.380764,0.32881
Bifora americana,forbHerb,forbHerb,0.391113,0.391139,0.381171,0.50567,0.340971
Bignonia capreolata,vine,vine,0.381481,0.317566,0.43655,0.381572,0.27984
Bischofia javanica,tree,tree,0.401864,0.289632,0.389231,0.319291,0.32139
Blephilia hirsuta,forbHerb,forbHerb,0.309146,0.239333,0.231304,0.32075,0.285368
Bloomeria crocea,forbHerb,forbHerb,0.372573,0.316784,0.317515,0.421845,0.392198
Boehmeria cylindrica,forbHerb,tree,0.355195,0.29226,0.321959,0.335502,0.34466
Boerhavia coccinea,forbHerb,graminoid,0.411632,0.318898,0.407506,0.416989,0.457638
Borago officinalis,forbHerb,tree,0.388355,0.33019,0.368286,0.369068,0.265227
Bothriochloa ischaemum,graminoid,graminoid,0.358342,0.296332,0.292005,0.354995,0.516809
Bothriochloa laguroides,graminoid,graminoid,0.319752,0.261328,0.253273,0.346019,0.486195
Botrychium lunaria,forbHerb,forbHerb,0.336443,0.283307,0.345561,0.405353,0.341864
Bouteloua curtipendula,graminoid,graminoid,0.356362,0.291417,0.27445,0.379727,0.510524
Bouteloua dactyloides,graminoid,graminoid,0.381952,0.296368,0.301076,0.446396,0.484195
Bouteloua gracilis,graminoid,graminoid,0.391317,0.292325,0.277738,0.408082,0.542658
Bouteloua hirsuta,graminoid,graminoid,0.371058,0.288502,0.242757,0.428815,0.503231
Bouteloua rigidiseta,graminoid,forbHerb,0.374468,0.27695,0.27154,0.46097,0.445273
Bowlesia incana,forbHerb,forbHerb,0.35016,0.273063,0.359384,0.442869,0.352547
Brasenia schreberi,forbHerb,tree,0.374635,0.342785,0.366303,0.373248,0.324855
Brassica nigra,forbHerb,tree,0.396397,0.357399,0.329744,0.36941,0.349255
Brassica rapa,forbHerb,tree,0.393895,0.33858,0.343146,0.35019,0.38166
Brassica tournefortii,forbHerb,tree,0.39775,0.371567,0.354683,0.396099,0.367873
Briza maxima,graminoid,graminoid,0.381516,0.381639,0.334958,0.410312,0.475304
Briza media,graminoid,graminoid,0.354408,0.349115,0.317434,0.401832,0.449328
Briza minor,graminoid,forbHerb,0.365429,0.332164,0.34089,0.453434,0.441434
Brodiaea elegans,forbHerb,forbHerb,0.339165,0.277349,0.308024,0.449103,0.344247
Brodiaea terrestris,forbHerb,forbHerb,0.351025,0.265356,0.285092,0.42342,0.332113
Bromelia pinguin,forbHerb,tree,0.364539,0.335563,0.338621,0.357181,0.338745
Bromus catharticus,graminoid,graminoid,0.411615,0.328839,0.337059,0.404435,0.466031
Bromus diandrus,graminoid,graminoid,0.364019,0.302299,0.299957,0.351469,0.460164
Bromus hordeaceus,graminoid,graminoid,0.406832,0.348557,0.30838,0.411858,0.465347
Bromus inermis,graminoid,graminoid,0.350588,0.301838,0.310408,0.322125,0.450558
Bromus rubens,graminoid,graminoid,0.416159,0.352401,0.331776,0.383901,0.434499
Bromus tectorum,graminoid,graminoid,0.382337,0.296377,0.297454,0.354638,0.428547
Broussonetia papyrifera,tree,tree,0.43981,0.324739,0.367236,0.325404,0.365101
Buddleja davidii,shrub,shrub,0.397229,0.421681,0.33991,0.342421,0.314203
Buglossoides arvensis,forbHerb,forbHerb,0.380207,0.311344,0.33524,0.416618,0.393515
Bunias orientalis,forbHerb,forbHerb,0.331137,0.311878,0.294427,0.334593,0.324719
Butomus umbellatus,forbHerb,forbHerb,0.290852,0.280185,0.257518,0.326566,0.302504
Cakile edentula,forbHerb,forbHerb,0.41889,0.393855,0.387166,0.492438,0.351734
Cakile maritima,forbHerb,forbHerb,0.417116,0.397764,0.359537,0.419491,0.355051
Calamagrostis canadensis,graminoid,graminoid,0.307488,0.24553,0.243233,0.344474,0.493264
Calendula arvensis,forbHerb,forbHerb,0.353276,0.29899,0.345977,0.38586,0.365553
Calendula officinalis,forbHerb,forbHerb,0.343671,0.289743,0.321734,0.346907,0.327807
Calla palustris,forbHerb,forbHerb,0.337373,0.313281,0.366639,0.371764,0.28192
Callicarpa americana,shrub,forbHerb,0.338749,0.314164,0.306463,0.381998,0.304282
Callirhoe involucrata,forbHerb,forbHerb,0.335621,0.237854,0.340966,0.466768,0.335886
Callirhoe pedata,forbHerb,forbHerb,0.324139,0.295225,0.316885,0.472324,0.323064
Calluna vulgaris,shrub,shrub,0.385001,0.404562,0.293645,0.388829,0.378935
Calocedrus decurrens,tree,tree,0.423834,0.335327,0.325492,0.347651,0.300336
Calochortus albus,forbHerb,forbHerb,0.337357,0.338777,0.315424,0.378073,0.343298
Calochortus amabilis,forbHerb,tree,0.3797,0.343696,0.313722,0.371238,0.335768
Calochortus argillosus,forbHerb,forbHerb,0.351067,0.297754,0.255472,0.402399,0.360847
Calochortus catalinae,forbHerb,forbHerb,0.362496,0.325934,0.300306,0.392832,0.357895
Calochortus clavatus,forbHerb,tree,0.362561,0.310533,0.301034,0.357019,0.341489
Calochortus gunnisonii,forbHerb,graminoid,0.319345,0.267211,0.277628,0.397543,0.406203
Calochortus invenustus,forbHerb,forbHerb,0.362146,0.306037,0.293719,0.415608,0.350097
Calochortus leichtlinii,forbHerb,forbHerb,0.316405,0.293599,0.258999,0.39685,0.33857
Calochortus luteus,forbHerb,forbHerb,0.325396,0.238094,0.252926,0.405121,0.368067
Calochortus macrocarpus,forbHerb,forbHerb,0.352441,0.343208,0.307768,0.407682,0.364594
Calochortus monophyllus,forbHerb,forbHerb,0.318105,0.280691,0.285838,0.384795,0.343061
Calochortus nuttallii,forbHerb,forbHerb,0.376834,0.313814,0.333499,0.443874,0.364757
Calochortus plummerae,forbHerb,forbHerb,0.349008,0.357709,0.323447,0.360791,0.354748
Calochortus pulchellus,forbHerb,forbHerb,0.311367,0.323368,0.290978,0.36362,0.3188
Calochortus splendens,forbHerb,forbHerb,0.362739,0.296869,0.272557,0.406041,0.370053
Calochortus tolmiei,forbHerb,forbHerb,0.367637,0.331862,0.308102,0.406557,0.354211
Calochortus umbellatus,forbHerb,forbHerb,0.351106,0.340874,0.305447,0.4479,0.315094
Calochortus venustus,forbHerb,forbHerb,0.346692,0.304264,0.296445,0.380456,0.317564
Calochortus weedii,forbHerb,forbHerb,0.377393,0.372167,0.300867,0.38262,0.377105
Calopogon tuberosus,forbHerb,forbHerb,0.334347,0.295454,0.259949,0.425782,0.321536
Calotropis gigantea,shrub,vine,0.406795,0.387161,0.416317,0.350036,0.378003
Caltha leptosepala,forbHerb,forbHerb,0.284682,0.293816,0.32037,0.382056,0.28567
Caltha palustris,forbHerb,vine,0.331344,0.3167,0.389042,0.378278,0.267487
Calycanthus floridus,shrub,tree,0.367889,0.359946,0.334137,0.341323,0.262794
Calycanthus occidentalis,shrub,tree,0.388834,0.38445,0.342772,0.332856,0.264403
Calycoseris wrightii,forbHerb,forbHerb,0.349597,0.286401,0.344272,0.444404,0.351156
Calypso bulbosa,forbHerb,tree,0.39793,0.340616,0.327005,0.392248,0.333551
Calyptocarpus vialis,forbHerb,forbHerb,0.444405,0.311845,0.372385,0.45208,0.430553
Camassia leichtlinii,forbHerb,forbHerb,0.298683,0.275621,0.255399,0.366526,0.292376
Camassia quamash,forbHerb,forbHerb,0.315074,0.258911,0.220642,0.371623,0.355369
Camassia scilloides,forbHerb,forbHerb,0.334833,0.305644,0.315071,0.461924,0.3589
Campanula aparinoides,forbHerb,vine,0.386509,0.288701,0.447669,0.409623,0.276856
Campanula glomerata,forbHerb,forbHerb,0.354687,0.293225,0.338352,0.36642,0.339719
Campanula lasiocarpa,forbHerb,forbHerb,0.322828,0.22402,0.295298,0.418303,0.363119
Campanula latifolia,forbHerb,tree,0.328418,0.264867,0.314246,0.320005,0.279426
Campanula patula,forbHerb,forbHerb,0.358164,0.260093,0.325477,0.401747,0.362841
Campanula persicifolia,forbHerb,forbHerb,0.316081,0.273402,0.289647,0.376615,0.372886
Campanula rapunculoides,forbHerb,forbHerb,0.360723,0.263437,0.341792,0.37219,0.317339
Campanula rotundifolia,forbHerb,forbHerb,0.36993,0.279791,0.338558,0.422757,0.370701
Campanula trachelium,forbHerb,tree,0.335905,0.266518,0.335243,0.303438,0.270255
Campanulastrum americanum,forbHerb,forbHerb,0.354725,0.267931,0.338137,0.438096,0.305819
Campsis radicans,vine,vine,0.400288,0.281106,0.426141,0.364515,0.257104
Canna indica,forbHerb,tree,0.416354,0.351361,0.369284,0.37307,0.389596
Cannabis sativa,forbHerb,graminoid,0.387642,0.352673,0.339638,0.380463,0.407701
Capsella bursa-pastoris,forbHerb,forbHerb,0.381405,0.321818,0.340559,0.416346,0.401813
Cardamine bulbifera,forbHerb,forbHerb,0.313887,0.326077,0.347858,0.348177,0.276538
Cardamine bulbosa,forbHerb,forbHerb,0.34336,0.267166,0.356649,0.463547,0.33869
Cardamine californica,forbHerb,forbHerb,0.339162,0.325843,0.375582,0.439043,0.326206
Cardamine concatenata,forbHerb,forbHerb,0.324138,0.342967,0.346939,0.459614,0.301619
Cardamine diphylla,forbHerb,forbHerb,0.313815,0.331767,0.403365,0.424158,0.242138
Cardamine douglassii,forbHerb,forbHerb,0.352272,0.322019,0.372792,0.422654,0.30391
Cardamine flexuosa,forbHerb,forbHerb,0.374142,0.332104,0.372882,0.397207,0.385574
Cardamine hirsuta,forbHerb,forbHerb,0.376461,0.354202,0.37397,0.431762,0.347274
Cardamine impatiens,forbHerb,tree,0.413174,0.380505,0.398001,0.396136,0.341099
Cardamine nuttallii,forbHerb,forbHerb,0.342183,0.331358,0.360425,0.414623,0.315793
Cardamine pratensis,forbHerb,forbHerb,0.37976,0.336086,0.363435,0.435057,0.347657
Cardionema ramosissimum,forbHerb,graminoid,0.428508,0.332878,0.339473,0.429148,0.491935
Carduus acanthoides,forbHerb,forbHerb,0.377056,0.340486,0.2991,0.384259,0.312652
Carduus crispus,forbHerb,tree,0.367176,0.31688,0.286152,0.350455,0.308763
Carduus nutans,forbHerb,tree,0.38642,0.30841,0.30439,0.365185,0.319158
Carduus pycnocephalus,forbHerb,tree,0.407828,0.317573,0.306673,0.401909,0.335208
Carex albursina,graminoid,forbHerb,0.335792,0.287359,0.35345,0.391281,0.328199
Carex aurea,graminoid,forbHerb,0.334464,0.320087,0.326446,0.465814,0.392179
Carex blanda,graminoid,forbHerb,0.320195,0.28915,0.334989,0.403816,0.307133
Carex canescens,graminoid,forbHerb,0.345509,0.302628,0.293871,0.384127,0.363429
Carex cherokeensis,graminoid,graminoid,0.324587,0.257197,0.273792,0.365908,0.379362
Carex comosa,graminoid,forbHerb,0.356547,0.29124,0.294466,0.396475,0.305896
Carex crinita,graminoid,forbHerb,0.328424,0.292269,0.309044,0.348497,0.32951
Carex eburnea,graminoid,forbHerb,0.399238,0.397978,0.354891,0.466372,0.364455
Carex echinata,graminoid,forbHerb,0.371905,0.339346,0.302983,0.436319,0.394106
Carex flava,graminoid,forbHerb,0.30669,0.295018,0.272425,0.379215,0.34674
Carex gracillima,graminoid,forbHerb,0.308753,0.283539,0.298635,0.402971,0.373235
Carex granularis,graminoid,forbHerb,0.352219,0.302766,0.323539,0.409713,0.405031
Carex grayi,graminoid,forbHerb,0.32627,0.291746,0.280607,0.365132,0.305067
Carex hirta,graminoid,graminoid,0.321178,0.29288,0.263034,0.339135,0.417456
Carex hystericina,graminoid,forbHerb,0.309927,0.267218,0.228637,0.355947,0.322975
Carex intumescens,graminoid,forbHerb,0.31282,0.277713,0.260713,0.357491,0.311134
Carex leptalea,graminoid,forbHerb,0.41535,0.350592,0.348509,0.498893,0.349842
Carex lupulina,graminoid,forbHerb,0.350148,0.28735,0.275659,0.36057,0.357794
Carex lurida,graminoid,forbHerb,0.31923,0.275223,0.238474,0.37212,0.352962
Carex macrocephala,graminoid,graminoid,0.31805,0.240808,0.247943,0.340597,0.357864
Carex magellanica,graminoid,graminoid,0.315336,0.32387,0.251777,0.357488,0.371899
Carex obnupta,graminoid,tree,0.327683,0.251531,0.224868,0.276157,0.314195
Carex oligosperma,graminoid,graminoid,0.316678,0.296755,0.214598,0.376799,0.390582
Carex pallescens,graminoid,graminoid,0.315873,0.291402,0.2701,0.343693,0.349138
Carex pedunculata,graminoid,forbHerb,0.318934,0.27804,0.302173,0.379168,0.296618
Carex pendula,graminoid,graminoid,0.359235,0.301161,0.35375,0.319163,0.365431
Carex pensylvanica,graminoid,forbHerb,0.305555,0.290142,0.243503,0.382898,0.370778
Carex plantaginea,graminoid,forbHerb,0.336133,0.308659,0.304767,0.384149,0.317982
Carex pseudocyperus,graminoid,graminoid,0.302465,0.262259,0.257033,0.317468,0.326695
Carex pumila,graminoid,tree,0.419384,0.356022,0.347781,0.39082,0.391631
Carex rosea,graminoid,forbHerb,0.353443,0.32164,0.36837,0.415301,0.336618
Carex rostrata,graminoid,graminoid,0.349455,0.309512,0.280112,0.316431,0.367493
Carex spicata,graminoid,forbHerb,0.36659,0.325285,0.31723,0.394072,0.367448
Carex sprengelii,graminoid,graminoid,0.331657,0.320458,0.269269,0.354745,0.362112
Carex squarrosa,graminoid,graminoid,0.309897,0.278007,0.212884,0.349318,0.354926
Carex stipata,graminoid,forbHerb,0.321888,0.243,0.268482,0.386903,0.346527
Carex sylvatica,graminoid,graminoid,0.331992,0.298609,0.311355,0.342756,0.398148
Carex utriculata,graminoid,graminoid,0.295552,0.247623,0.215641,0.311159,0.384191
Carex vesicaria,graminoid,graminoid,0.336088,0.293819,0.250967,0.266466,0.349175
Carex viridula,graminoid,forbHerb,0.403351,0.345219,0.347918,0.445063,0.39177
Carex vulpinoidea,graminoid,graminoid,0.314002,0.251627,0.263076,0.36905,0.412031
Carissa macrocarpa,tree,tree,0.502897,0.482865,0.451938,0.37591,0.303734
Carlina vulgaris,forbHerb,forbHerb,0.349719,0.329635,0.255158,0.393846,0.327698
Carnegiea gigantea,tree,tree,0.395903,0.337605,0.318123,0.366671,0.345333
Carpinus betulus,tree,tree,0.466282,0.39558,0.37849,0.274705,0.3142
Carpobrotus edulis,shrub,graminoid,0.350909,0.318514,0.344354,0.363098,0.377933
Carum carvi,forbHerb,forbHerb,0.366269,0.342078,0.330685,0.428339,0.362583
Carya cordiformis,tree,tree,0.444486,0.373834,0.377269,0.415545,0.263769
Carya glabra,tree,tree,0.453594,0.376377,0.352375,0.404013,0.2408
Carya illinoinensis,tree,tree,0.454632,0.348344,0.343767,0.378339,0.290012
Carya ovata,tree,tree,0.440437,0.344535,0.317556,0.37678,0.258383
Cassia fistula,tree,tree,0.450889,0.445109,0.385208,0.354347,0.316115
Castanea dentata,tree,tree,0.406688,0.392169,0.313613,0.312578,0.265566
Castanea sativa,tree,tree,0.43735,0.400489,0.338203,0.286619,0.322556
Castilleja arvensis,forbHerb,forbHerb,0.405886,0.318617,0.353095,0.427904,0.416224
Castilleja attenuata,forbHerb,forbHerb,0.318537,0.233096,0.220444,0.428912,0.378697
Castilleja coccinea,forbHerb,forbHerb,0.339564,0.281697,0.287444,0.490253,0.347208
Castilleja densiflora,forbHerb,forbHerb,0.31319,0.276947,0.219206,0.408882,0.341206
Castilleja exserta,forbHerb,forbHerb,0.346512,0.26186,0.252382,0.387957,0.357566
Castilleja indivisa,forbHerb,forbHerb,0.349915,0.269294,0.283691,0.448425,0.365291
Castilleja rubicundula,forbHerb,forbHerb,0.287973,0.259187,0.253375,0.379391,0.362224
Castilleja tenuiflora,forbHerb,forbHerb,0.368722,0.34482,0.304673,0.413354,0.360861
Casuarina equisetifolia,tree,tree,0.492517,0.423986,0.35762,0.414674,0.396361
Catalpa speciosa,tree,tree,0.396654,0.288518,0.343325,0.342458,0.253219
Caulophyllum giganteum,forbHerb,forbHerb,0.366923,0.348138,0.319562,0.384333,0.272199
Caulophyllum thalictroides,forbHerb,forbHerb,0.319753,0.340826,0.349035,0.39485,0.259709
Ceanothus cordulatus,shrub,vine,0.354384,0.340158,0.386151,0.293625,0.319479
Ceanothus crassifolius,shrub,shrub,0.399219,0.430992,0.365884,0.296451,0.32306
Ceanothus cuneatus,shrub,tree,0.336837,0.333268,0.278393,0.310801,0.325485
Ceanothus fendleri,shrub,graminoid,0.359983,0.354404,0.343121,0.318215,0.362581
Ceanothus herbaceus,shrub,shrub,0.371909,0.390847,0.339215,0.363703,0.359589
Ceanothus integerrimus,shrub,tree,0.361098,0.345358,0.336126,0.290835,0.338584
Ceanothus leucodermis,shrub,tree,0.381228,0.378159,0.360422,0.303848,0.323583
Ceanothus megacarpus,shrub,shrub,0.371378,0.413167,0.360546,0.292047,0.333577
Ceanothus oliganthus,shrub,shrub,0.409577,0.421247,0.390423,0.326607,0.359181
Ceanothus verrucosus,shrub,shrub,0.369862,0.40797,0.37324,0.353634,0.30208
Celastrus orbiculatus,vine,vine,0.369816,0.325512,0.435205,0.37045,0.260182
Celastrus scandens,vine,vine,0.379951,0.363465,0.45308,0.419585,0.261199
Celosia argentea,forbHerb,graminoid,0.377851,0.328466,0.32402,0.38162,0.418493
Centaurea calcitrapa,forbHerb,tree,0.392602,0.298316,0.307588,0.390082,0.338043
Centaurea cyanus,forbHerb,forbHerb,0.391923,0.337089,0.304093,0.412625,0.396172
Centaurea jacea,forbHerb,graminoid,0.364293,0.312879,0.268957,0.364856,0.392525
Centaurea melitensis,forbHerb,forbHerb,0.37483,0.297779,0.275943,0.43763,0.386182
Centaurea montana,forbHerb,forbHerb,0.373952,0.331889,0.286717,0.378179,0.347655
Centaurea nigra,forbHerb,forbHerb,0.34534,0.280984,0.238982,0.389942,0.357969
Centaurea phrygia,forbHerb,forbHerb,0.359471,0.304503,0.273639,0.368911,0.323508
Centaurea scabiosa,forbHerb,tree,0.369945,0.288918,0.244686,0.363794,0.342209
Centaurea solstitialis,forbHerb,forbHerb,0.405059,0.298933,0.284146,0.408874,0.384775
Centaurea stoebe,forbHerb,forbHerb,0.410845,0.322448,0.2515,0.426055,0.361548
Centaurium erythraea,forbHerb,forbHerb,0.386353,0.319486,0.365738,0.462492,0.403324
Centaurium pulchellum,forbHerb,forbHerb,0.368958,0.285333,0.33005,0.452982,0.373938
Cephalanthera austiniae,forbHerb,forbHerb,0.35067,0.282625,0.291087,0.409696,0.300462
Cerastium arvense,forbHerb,forbHerb,0.411837,0.342791,0.364969,0.47389,0.400047
Cerastium fontanum,forbHerb,forbHerb,0.401983,0.321938,0.360908,0.448541,0.378644
Cerastium glomeratum,forbHerb,forbHerb,0.397452,0.3185,0.364708,0.418841,0.387325
Ceratocephala testiculata,forbHerb,forbHerb,0.352692,0.240186,0.315063,0.49057,0.349272
Ceratonia siliqua,tree,vine,0.41279,0.394771,0.419084,0.332157,0.336434
Ceratophyllum demersum,forbHerb,tree,0.430405,0.341254,0.388236,0.403787,0.350428
Chaenactis artemisiifolia,forbHerb,forbHerb,0.342418,0.304157,0.298182,0.375329,0.305076
Chaenactis carphoclinia,forbHerb,forbHerb,0.390391,0.350426,0.304506,0.448599,0.337496
Chaenactis douglasii,forbHerb,forbHerb,0.367317,0.306065,0.291848,0.4052,0.354212
Chaenactis fremontii,forbHerb,forbHerb,0.36452,0.302443,0.317998,0.382435,0.356491
Chaenactis glabriuscula,forbHerb,forbHerb,0.362701,0.298811,0.295158,0.404487,0.372178
Chaenactis stevioides,forbHerb,forbHerb,0.375568,0.337512,0.319092,0.428791,0.347488
Chaenorhinum minus,forbHerb,forbHerb,0.348126,0.329615,0.35888,0.415804,0.329484
Chaerophyllum tainturieri,forbHerb,forbHerb,0.348528,0.293842,0.316433,0.483086,0.355467
Chamaebatiaria millefolium,shrub,shrub,0.333841,0.338559,0.274918,0.323087,0.284147
Chamaecrista fasciculata,forbHerb,graminoid,0.368053,0.360095,0.300992,0.400538,0.404439
Chamaedaphne calyculata,shrub,shrub,0.367285,0.40868,0.308115,0.360164,0.346895
Chasmanthe floribunda,forbHerb,graminoid,0.304535,0.29179,0.29722,0.273248,0.353958
Chasmanthium latifolium,graminoid,graminoid,0.34608,0.333863,0.294481,0.389852,0.462077
Chelidonium majus,forbHerb,vine,0.354876,0.311615,0.376803,0.353447,0.309616
Chelone glabra,forbHerb,forbHerb,0.351766,0.34872,0.283048,0.408512,0.300825
Chenopodium album,forbHerb,tree,0.407071,0.325305,0.353431,0.354901,0.405192
Chloris barbata,graminoid,graminoid,0.41817,0.364818,0.345624,0.405946,0.542758
Chlorogalum pomeridianum,forbHerb,forbHerb,0.346788,0.288068,0.282324,0.414115,0.374771
Chondrilla juncea,forbHerb,graminoid,0.397254,0.318619,0.352636,0.401207,0.425503
Chorispora tenella,forbHerb,graminoid,0.384426,0.309146,0.336605,0.388738,0.412761
Chorizanthe brevicornu,forbHerb,forbHerb,0.346726,0.287497,0.337185,0.447316,0.418478
Chorizanthe fimbriata,forbHerb,graminoid,0.347688,0.26061,0.294569,0.373049,0.38245
Chorizanthe rigida,forbHerb,graminoid,0.392769,0.299343,0.259958,0.385837,0.40769
Chrysogonum virginianum,forbHerb,forbHerb,0.33737,0.260201,0.305146,0.406079,0.29778
Chrysolepis sempervirens,shrub,tree,0.385125,0.368567,0.281591,0.304268,0.340195
Chrysosplenium alternifolium,forbHerb,vine,0.301081,0.308163,0.359395,0.337154,0.280663
Chrysosplenium americanum,forbHerb,forbHerb,0.318672,0.281734,0.363865,0.413582,0.268938
Chrysothamnus viscidiflorus,shrub,forbHerb,0.331949,0.325531,0.286729,0.369125,0.356165
Cichorium intybus,forbHerb,forbHerb,0.382521,0.298909,0.35476,0.41248,0.357419
Cicuta bulbifera,forbHerb,forbHerb,0.310226,0.343798,0.34851,0.443783,0.334231
Cicuta maculata,forbHerb,forbHerb,0.326068,0.311209,0.30931,0.388372,0.299144
Cicuta virosa,forbHerb,graminoid,0.281115,0.310903,0.27727,0.319635,0.340369
Cinnamomum camphora,tree,tree,0.499544,0.397313,0.420075,0.35627,0.31672
Circaea alpina,forbHerb,vine,0.37434,0.31463,0.400859,0.383111,0.302625
Circaea lutetiana,forbHerb,vine,0.361058,0.305512,0.376579,0.32765,0.327303
Cirsium altissimum,forbHerb,forbHerb,0.397408,0.313758,0.264579,0.440492,0.352218
Cirsium andersonii,forbHerb,forbHerb,0.302789,0.242167,0.192624,0.31433,0.275644
Cirsium arizonicum,forbHerb,tree,0.342229,0.310723,0.256127,0.333091,0.28322
Cirsium arvense,forbHerb,forbHerb,0.406761,0.342361,0.284848,0.41598,0.341994
Cirsium discolor,forbHerb,forbHerb,0.361873,0.30473,0.233031,0.435253,0.325879
Cirsium horridulum,forbHerb,forbHerb,0.351082,0.295252,0.27582,0.47036,0.324533
Cirsium muticum,forbHerb,forbHerb,0.372649,0.303612,0.251378,0.423824,0.275716
Cirsium neomexicanum,forbHerb,forbHerb,0.334149,0.305478,0.286492,0.382616,0.304283
Cirsium occidentale,forbHerb,forbHerb,0.362929,0.318649,0.269795,0.414701,0.314821
Cirsium palustre,forbHerb,forbHerb,0.34983,0.333109,0.277705,0.375427,0.3274
Cirsium pitcheri,forbHerb,forbHerb,0.354171,0.324229,0.240536,0.443994,0.33886
Cirsium scariosum,forbHerb,forbHerb,0.360372,0.285341,0.251841,0.423094,0.337025
Cirsium texanum,forbHerb,forbHerb,0.372375,0.294224,0.286966,0.449462,0.330846
Cirsium undulatum,forbHerb,forbHerb,0.377695,0.340684,0.278746,0.444715,0.328431
Cirsium vulgare,forbHerb,forbHerb,0.411268,0.35788,0.297499,0.437696,0.341703
Cissus trifoliata,vine,vine,0.383677,0.343199,0.587531,0.432834,0.289321
Cladium mariscus,graminoid,graminoid,0.38513,0.349173,0.309229,0.36114,0.39469
Clarkia amoena,forbHerb,forbHerb,0.387206,0.331899,0.290032,0.404982,0.320247
Clarkia concinna,forbHerb,tree,0.39422,0.334406,0.329158,0.381381,0.328182
Clarkia purpurea,forbHerb,forbHerb,0.367945,0.321879,0.264383,0.378203,0.359653
Clarkia rhomboidea,forbHerb,tree,0.355947,0.318514,0.303445,0.353586,0.318728
Clarkia rubicunda,forbHerb,tree,0.382401,0.3384,0.285608,0.365488,0.356384
Clarkia unguiculata,forbHerb,tree,0.403879,0.35151,0.338214,0.358938,0.343021
Claytonia caroliniana,forbHerb,forbHerb,0.346297,0.359075,0.326787,0.432292,0.325742
Claytonia lanceolata,forbHerb,forbHerb,0.358963,0.345094,0.315987,0.401249,0.350591
Claytonia parviflora,forbHerb,forbHerb,0.361287,0.319808,0.338137,0.429146,0.410047
Claytonia perfoliata,forbHerb,vine,0.411607,0.338719,0.418785,0.414871,0.382266
Claytonia rubra,forbHerb,tree,0.385805,0.312917,0.359738,0.382354,0.322332
Claytonia sibirica,forbHerb,tree,0.39671,0.321637,0.393001,0.394678,0.337734
Claytonia virginica,forbHerb,forbHerb,0.382641,0.344098,0.379384,0.488608,0.339712
Clematis crispa,vine,forbHerb,0.353901,0.291086,0.380688,0.416878,0.311368
Clematis drummondii,vine,forbHerb,0.339451,0.301171,0.415281,0.430074,0.303362
Clematis lasiantha,vine,vine,0.332577,0.336355,0.411582,0.350908,0.215747
Clematis ligusticifolia,vine,vine,0.316135,0.294753,0.407354,0.350756,0.269379
Clematis occidentalis,vine,vine,0.35258,0.319526,0.403244,0.383919,0.27043
Clematis pitcheri,vine,forbHerb,0.363707,0.272479,0.377526,0.399798,0.314763
Clematis terniflora,vine,vine,0.358934,0.323883,0.469662,0.409888,0.265833
Clematis texensis,vine,vine,0.317483,0.288179,0.396644,0.392432,0.247564
Clematis virginiana,vine,vine,0.305088,0.3094,0.433512,0.396256,0.25809
Clematis vitalba,vine,vine,0.384416,0.347205,0.497396,0.36634,0.280731
Cleome rutidosperma,forbHerb,graminoid,0.46485,0.429422,0.414812,0.458451,0.502826
Clethra alnifolia,shrub,forbHerb,0.365954,0.366153,0.324875,0.396412,0.281661
Clidemia hirta,shrub,shrub,0.381391,0.389357,0.341094,0.358043,0.366988
Clinopodium vulgare,forbHerb,tree,0.412876,0.301091,0.325134,0.38271,0.335326
Clintonia andrewsiana,forbHerb,forbHerb,0.285162,0.311925,0.303287,0.356262,0.269446
Clintonia borealis,forbHerb,forbHerb,0.266509,0.304159,0.285595,0.397832,0.263417
Clintonia uniflora,forbHerb,forbHerb,0.300702,0.298393,0.297533,0.406308,0.301849
Cneoridium dumosum,shrub,shrub,0.36976,0.42032,0.392439,0.379831,0.335151
Cnidoscolus texanus,forbHerb,forbHerb,0.340503,0.267851,0.348423,0.439441,0.309291
Cocculus carolinus,vine,vine,0.389303,0.31483,0.474638,0.420277,0.294968
Cochlospermum vitifolium,tree,graminoid,0.389582,0.348048,0.35843,0.315126,0.391414
Cocos nucifera,tree,tree,0.456963,0.405611,0.375797,0.38904,0.39348
Colchicum autumnale,forbHerb,forbHerb,0.338822,0.300687,0.31897,0.353423,0.316947
Coleogyne ramosissima,shrub,forbHerb,0.358123,0.361666,0.317884,0.389071,0.361962
Collinsia heterophylla,forbHerb,forbHerb,0.334865,0.287241,0.276089,0.357645,0.316846
Collinsia parviflora,forbHerb,forbHerb,0.353077,0.30993,0.288741,0.443235,0.384239
Collinsia verna,forbHerb,forbHerb,0.364353,0.316691,0.337204,0.441898,0.300841
Collinsonia canadensis,forbHerb,forbHerb,0.336952,0.322086,0.336047,0.421311,0.301417
Collomia grandiflora,forbHerb,forbHerb,0.365719,0.353542,0.319077,0.403838,0.313959
Collomia heterophylla,forbHerb,forbHerb,0.336268,0.259534,0.25566,0.41691,0.302215
Collomia linearis,forbHerb,forbHerb,0.33396,0.335462,0.286097,0.431385,0.365728
Colocasia esculenta,forbHerb,tree,0.412372,0.326024,0.388562,0.370689,0.389472
Colubrina texensis,shrub,vine,0.328324,0.291805,0.375756,0.345144,0.337289
Comarum palustre,forbHerb,forbHerb,0.298676,0.296393,0.274236,0.324899,0.291511
Commelina communis,forbHerb,tree,0.407146,0.34766,0.388965,0.39778,0.362552
Commelina diffusa,forbHerb,graminoid,0.41041,0.337685,0.386777,0.394338,0.456661
Commelina erecta,forbHerb,graminoid,0.393078,0.368185,0.345589,0.442175,0.447284
Commelina virginica,forbHerb,forbHerb,0.329232,0.289072,0.316633,0.406045,0.357557
Conicosia pugioniformis,forbHerb,graminoid,0.374318,0.284289,0.328074,0.38642,0.399356
Conium maculatum,forbHerb,forbHerb,0.38794,0.398798,0.357828,0.407726,0.321207
Conoclinium coelestinum,forbHerb,forbHerb,0.325367,0.233072,0.28539,0.412886,0.352562
Conopholis alpina,forbHerb,forbHerb,0.403286,0.33071,0.353222,0.410135,0.364365
Conopholis americana,forbHerb,forbHerb,0.388381,0.325567,0.336666,0.407057,0.320691
Consolida regalis,forbHerb,vine,0.425748,0.415388,0.503581,0.481831,0.288204
Convallaria majalis,forbHerb,forbHerb,0.358147,0.355751,0.389351,0.432948,0.337135
Coprosma repens,shrub,tree,0.411126,0.33779,0.400209,0.373941,0.279886
Coptis trifolia,forbHerb,forbHerb,0.369452,0.367088,0.379615,0.502012,0.295461
Corallorhiza maculata,forbHerb,forbHerb,0.3474,0.308368,0.329706,0.374396,0.346204
Corallorhiza mertensiana,forbHerb,graminoid,0.296549,0.284153,0.299271,0.316953,0.325369
Corallorhiza striata,forbHerb,forbHerb,0.325185,0.31788,0.327511,0.341343,0.278651
Corallorhiza trifida,forbHerb,forbHerb,0.36233,0.364517,0.3529,0.445864,0.343421
Cordylanthus rigidus,forbHerb,forbHerb,0.370575,0.318785,0.251549,0.437163,0.380362
Cordyline australis,tree,tree,0.413471,0.340483,0.381739,0.397438,0.313344
Coreopsis basalis,forbHerb,forbHerb,0.33667,0.256353,0.262997,0.421479,0.336865
Coreopsis lanceolata,forbHerb,forbHerb,0.330774,0.298463,0.263027,0.423822,0.372139
Coreopsis major,forbHerb,forbHerb,0.333388,0.318451,0.290545,0.430425,0.28379
Coreopsis palmata,forbHerb,forbHerb,0.312407,0.288578,0.267406,0.407685,0.316344
Coreopsis tinctoria,forbHerb,forbHerb,0.332985,0.246514,0.27747,0.403811,0.344192
Coreopsis tripteris,forbHerb,forbHerb,0.304711,0.307183,0.24927,0.394333,0.3052
Cornus amomum,shrub,tree,0.376539,0.352335,0.322586,0.343327,0.303037
Cornus nuttallii,tree,tree,0.379411,0.334572,0.303178,0.327848,0.24917
Cornus racemosa,shrub,tree,0.422557,0.398081,0.336159,0.365567,0.281375
Cornus sanguinea,shrub,tree,0.47066,0.429351,0.448747,0.357891,0.303569
Cortaderia jubata,graminoid,graminoid,0.3783,0.301019,0.289101,0.299116,0.399312
Cortaderia selloana,graminoid,graminoid,0.39393,0.310437,0.305164,0.343539,0.405558
Corydalis aurea,forbHerb,forbHerb,0.362816,0.308295,0.3321,0.438487,0.400147
Corydalis flavula,forbHerb,forbHerb,0.359134,0.310067,0.333136,0.454955,0.333661
Corydalis solida,forbHerb,tree,0.382708,0.363866,0.374152,0.359329,0.324955
Corylus americana,shrub,tree,0.404144,0.364961,0.388129,0.347242,0.297483
Corynocarpus laevigatus,tree,tree,0.421998,0.386985,0.420496,0.392038,0.329663
Coryphantha macromeris,shrub,tree,0.376364,0.29436,0.29574,0.322932,0.336735
Coryphantha sulcata,shrub,forbHerb,0.370716,0.30205,0.304012,0.420663,0.371394
Cosmos bipinnatus,forbHerb,forbHerb,0.371942,0.332416,0.288831,0.423723,0.399198
Cosmos sulphureus,forbHerb,forbHerb,0.369592,0.323387,0.306858,0.446216,0.418934
Cotula australis,forbHerb,forbHerb,0.414947,0.363584,0.406501,0.486646,0.367001
Cotula coronopifolia,forbHerb,forbHerb,0.371079,0.318442,0.375693,0.455971,0.382268
Crambe maritima,forbHerb,vine,0.365282,0.35381,0.39997,0.371955,0.246496
Crassocephalum crepidioides,forbHerb,graminoid,0.392243,0.336153,0.347583,0.389251,0.397143
Crassula connata,forbHerb,forbHerb,0.354319,0.334813,0.336295,0.432983,0.388194
Crassula ovata,shrub,tree,0.428851,0.395775,0.415503,0.333314,0.347202
Crepis capillaris,forbHerb,forbHerb,0.377503,0.292012,0.331073,0.405419,0.37845
Crepis tectorum,forbHerb,forbHerb,0.320735,0.265817,0.263191,0.399389,0.369647
Crinum americanum,forbHerb,forbHerb,0.357337,0.320437,0.327487,0.423277,0.244378
Crinum asiaticum,forbHerb,forbHerb,0.430091,0.383156,0.406665,0.442702,0.314479
Crocus tommasinianus,forbHerb,forbHerb,0.371772,0.380518,0.34309,0.392713,0.271791
Crocus vernus,forbHerb,forbHerb,0.376822,0.380746,0.33234,0.421355,0.269423
Crotalaria spectabilis,forbHerb,forbHerb,0.423803,0.385967,0.369857,0.440132,0.37805
Croton fruticulosus,shrub,vine,0.350942,0.375737,0.393032,0.374314,0.309611
Croton monanthogynus,forbHerb,forbHerb,0.368735,0.324989,0.338342,0.403638,0.352253
Cruciata laevipes,forbHerb,vine,0.357041,0.291371,0.382774,0.376162,0.327423
Cryptogramma acrostichoides,forbHerb,forbHerb,0.309096,0.299939,0.274481,0.395379,0.363664
Cryptotaenia canadensis,forbHerb,forbHerb,0.349776,0.301264,0.350233,0.457607,0.341853
Cuphea carthagenensis,forbHerb,tree,0.430843,0.370619,0.356319,0.371892,0.409206
Cyanthillium cinereum,forbHerb,graminoid,0.418911,0.336738,0.391782,0.436814,0.449216
Cyclachaena xanthiifolia,forbHerb,tree,0.336403,0.266677,0.277948,0.314068,0.284568
Cyclospermum leptophyllum,forbHerb,forbHerb,0.382065,0.326672,0.357029,0.50298,0.422901
Cylindropuntia acanthocarpa,shrub,graminoid,0.299923,0.315035,0.278848,0.335213,0.347361
Cylindropuntia californica,shrub,forbHerb,0.292164,0.306483,0.296815,0.3442,0.332242
Cylindropuntia echinocarpa,shrub,forbHerb,0.296757,0.279439,0.240341,0.324928,0.296084
Cylindropuntia ganderi,shrub,forbHerb,0.319939,0.258579,0.258243,0.349497,0.336332
Cylindropuntia leptocaulis,shrub,graminoid,0.331187,0.333595,0.338223,0.385886,0.386325
Cylindropuntia prolifera,shrub,forbHerb,0.356503,0.328446,0.297312,0.370669,0.321364
Cylindropuntia ramosissima,shrub,graminoid,0.305332,0.286224,0.268489,0.361049,0.371634
Cylindropuntia whipplei,shrub,tree,0.355731,0.336064,0.304481,0.342654,0.322964
Cymbalaria muralis,forbHerb,vine,0.348999,0.311364,0.450873,0.385742,0.301949
Cynara cardunculus,forbHerb,tree,0.392788,0.387876,0.329697,0.353214,0.287611
Cynodon dactylon,graminoid,graminoid,0.406937,0.350935,0.338264,0.371422,0.521615
Cynoglossum officinale,forbHerb,forbHerb,0.322989,0.26625,0.269084,0.341213,0.31606
Cynosurus echinatus,graminoid,graminoid,0.412418,0.343587,0.306418,0.417891,0.458396
Cyperus echinatus,graminoid,forbHerb,0.365679,0.293058,0.288535,0.425656,0.379939
Cyperus eragrostis,graminoid,graminoid,0.364474,0.295857,0.34125,0.378946,0.399262
Cyperus esculentus,graminoid,graminoid,0.406416,0.371856,0.351786,0.383086,0.478766
Cyperus involucratus,graminoid,graminoid,0.4548,0.416856,0.419786,0.461606,0.478004
Cyperus odoratus,graminoid,graminoid,0.377927,0.338937,0.333301,0.411008,0.41152
Cyperus rotundus,graminoid,graminoid,0.403072,0.323682,0.3417,0.358925,0.464546
Cyperus strigosus,graminoid,forbHerb,0.330244,0.280328,0.260342,0.413432,0.359777
Cypripedium acaule,forbHerb,forbHerb,0.30275,0.306981,0.265927,0.388608,0.262447
Cypripedium candidum,forbHerb,forbHerb,0.328778,0.333546,0.286786,0.458296,0.32089
Cypripedium montanum,forbHerb,forbHerb,0.304528,0.287336,0.26812,0.328002,0.284122
Cypripedium parviflorum,forbHerb,forbHerb,0.338921,0.308277,0.278609,0.413551,0.31559
Cypripedium reginae,forbHerb,forbHerb,0.291198,0.260559,0.250075,0.362145,0.243309
Cyrtomium falcatum,forbHerb,tree,0.39295,0.363404,0.374416,0.356213,0.312074
Cystopteris bulbifera,forbHerb,forbHerb,0.346535,0.287606,0.332799,0.381333,0.312328
Cystopteris fragilis,forbHerb,tree,0.383387,0.303393,0.328784,0.376618,0.342753
Cystopteris protrusa,forbHerb,forbHerb,0.350311,0.284277,0.311845,0.415827,0.321871
Cytisus scoparius,shrub,tree,0.446204,0.403998,0.340991,0.430539,0.396863
Dactylis glomerata,graminoid,graminoid,0.386535,0.331063,0.287051,0.343786,0.47386
Dactyloctenium aegyptium,graminoid,graminoid,0.408794,0.326153,0.340537,0.452642,0.555638
Dactylorhiza viridis,forbHerb,forbHerb,0.331033,0.342851,0.326209,0.383293,0.346421
Danthonia spicata,graminoid,graminoid,0.401383,0.293432,0.250506,0.446034,0.506867
Darmera peltata,forbHerb,vine,0.307892,0.290455,0.333376,0.31171,0.260129
Dasiphora fruticosa,shrub,forbHerb,0.349616,0.340746,0.264465,0.381643,0.343715
Dasyochloa pulchella,graminoid,graminoid,0.38588,0.307103,0.256594,0.401733,0.493976
Datura discolor,forbHerb,tree,0.385518,0.336908,0.38218,0.378579,0.328532
Daucus carota,forbHerb,forbHerb,0.396386,0.341222,0.301202,0.434003,0.380848
Daucus pusillus,forbHerb,forbHerb,0.355064,0.315471,0.292939,0.481882,0.423657
Delonix regia,tree,tree,0.455328,0.427204,0.402851,0.393661,0.366488
Delphinium cardinale,forbHerb,forbHerb,0.336549,0.316825,0.36018,0.421523,0.319758
Delphinium carolinianum,forbHerb,forbHerb,0.34885,0.323476,0.349924,0.554426,0.370818
Delphinium glaucum,forbHerb,forbHerb,0.30901,0.275143,0.299321,0.398742,0.341373
Delphinium nudicaule,forbHerb,forbHerb,0.327473,0.299149,0.350646,0.411042,0.295153
Delphinium nuttallianum,forbHerb,forbHerb,0.320846,0.325028,0.33426,0.481907,0.342889
Delphinium parishii,forbHerb,forbHerb,0.329394,0.316931,0.336867,0.464324,0.37358
Delphinium tricorne,forbHerb,forbHerb,0.340003,0.312513,0.374722,0.49342,0.289297
Dennstaedtia punctilobula,forbHerb,tree,0.465393,0.349706,0.345546,0.405581,0.412213
Deparia acrostichoides,forbHerb,forbHerb,0.280914,0.267707,0.271807,0.381174,0.306344
Deschampsia cespitosa,graminoid,graminoid,0.32695,0.244478,0.257244,0.368924,0.477061
Descurainia pinnata,forbHerb,graminoid,0.337204,0.338873,0.301254,0.442932,0.44914
Descurainia sophia,forbHerb,forbHerb,0.366051,0.333935,0.28792,0.386082,0.383128
Desmodium canadense,forbHerb,graminoid,0.326104,0.300583,0.271628,0.339943,0.395879
Desmodium paniculatum,forbHerb,graminoid,0.32228,0.28704,0.286141,0.367441,0.408626
Dianthus armeria,forbHerb,forbHerb,0.344372,0.30002,0.281594,0.412091,0.375337
Dianthus barbatus,forbHerb,graminoid,0.326674,0.29508,0.272662,0.338963,0.352335
Dianthus carthusianorum,forbHerb,graminoid,0.309933,0.297886,0.267214,0.335393,0.378546
Dianthus deltoides,forbHerb,forbHerb,0.345813,0.324326,0.313816,0.40944,0.388578
Dicentra canadensis,forbHerb,forbHerb,0.347096,0.352074,0.360695,0.422969,0.289182
Dicentra cucullaria,forbHerb,forbHerb,0.377976,0.399471,0.393964,0.458459,0.294015
Dicentra formosa,forbHerb,forbHerb,0.338143,0.320461,0.308726,0.37549,0.33682
Dichanthelium clandestinum,graminoid,graminoid,0.297515,0.264108,0.263995,0.35762,0.464365
Dichelostemma capitatum,forbHerb,forbHerb,0.342268,0.283402,0.293527,0.393906,0.363915
Dichelostemma congestum,forbHerb,forbHerb,0.336257,0.261441,0.25642,0.378535,0.35344
Dichondra carolinensis,forbHerb,forbHerb,0.353224,0.31267,0.419718,0.489256,0.325669
Dichromanthus cinnabarinus,forbHerb,graminoid,0.298358,0.257726,0.274512,0.337101,0.415799
Dicliptera brachiata,forbHerb,forbHerb,0.374188,0.235423,0.317293,0.439097,0.328575
Diervilla lonicera,shrub,forbHerb,0.32932,0.353101,0.331435,0.369957,0.279456
Digitalis grandiflora,forbHerb,forbHerb,0.308105,0.279934,0.265738,0.360589,0.278206
Digitalis purpurea,forbHerb,forbHerb,0.391423,0.339263,0.32289,0.393882,0.312682
Digitaria sanguinalis,graminoid,graminoid,0.338118,0.289867,0.313126,0.322018,0.498111
Diospyros virginiana,tree,tree,0.434604,0.380309,0.359462,0.39085,0.264723
Dipsacus fullonum,forbHerb,forbHerb,0.334207,0.271499,0.268653,0.364328,0.362023
Dipsacus laciniatus,forbHerb,forbHerb,0.309116,0.241263,0.239758,0.358737,0.297966
Dipsacus sativus,forbHerb,forbHerb,0.316501,0.248603,0.261602,0.356139,0.297107
Dirca palustris,shrub,forbHerb,0.419008,0.417398,0.376022,0.428477,0.265617
Distichlis spicata,graminoid,graminoid,0.403994,0.329209,0.298671,0.431881,0.493525
Dithyrea californica,forbHerb,forbHerb,0.373778,0.319805,0.359494,0.401796,0.348319
Dittrichia graveolens,forbHerb,forbHerb,0.36649,0.346712,0.277378,0.406481,0.367874
Doellingeria umbellata,forbHerb,forbHerb,0.295437,0.311261,0.26798,0.387588,0.294535
Draba cuneifolia,forbHerb,forbHerb,0.396925,0.336379,0.407326,0.475429,0.29407
Draba verna,forbHerb,forbHerb,0.406624,0.399842,0.368861,0.451655,0.367025
Drosera anglica,forbHerb,forbHerb,0.302086,0.309004,0.28971,0.425553,0.320231
Drosera brevifolia,forbHerb,forbHerb,0.318848,0.327686,0.296828,0.458617,0.314832
Drosera capillaris,forbHerb,forbHerb,0.293561,0.304794,0.307923,0.453254,0.310997
Drosera intermedia,forbHerb,forbHerb,0.310977,0.327818,0.292779,0.415212,0.268067
Drosera rotundifolia,forbHerb,forbHerb,0.31067,0.321515,0.303841,0.407647,0.290896
Drymaria cordata,forbHerb,forbHerb,0.449613,0.332713,0.45598,0.467843,0.44198
Dryopteris arguta,forbHerb,graminoid,0.326054,0.303394,0.283954,0.311563,0.326831
Dryopteris carthusiana,forbHerb,graminoid,0.329785,0.306826,0.260293,0.326616,0.332259
Dryopteris cristata,forbHerb,forbHerb,0.325337,0.299656,0.274865,0.326249,0.298916
Dryopteris expansa,forbHerb,tree,0.325906,0.270354,0.24289,0.28131,0.313331
Dryopteris filix-mas,forbHerb,graminoid,0.337698,0.296012,0.30823,0.28661,0.340577
Dryopteris fragrans,forbHerb,forbHerb,0.282034,0.326288,0.285188,0.349229,0.348731
Dryopteris intermedia,forbHerb,forbHerb,0.3181,0.303994,0.275023,0.343979,0.307757
Dudleya cymosa,forbHerb,forbHerb,0.353961,0.325446,0.314923,0.387998,0.323116
Dudleya edulis,forbHerb,forbHerb,0.286235,0.29491,0.300156,0.393463,0.372685
Dudleya farinosa,forbHerb,forbHerb,0.302936,0.297651,0.281556,0.342041,0.290811
Dudleya lanceolata,forbHerb,graminoid,0.305998,0.30285,0.271015,0.327754,0.328224
Dudleya pulverulenta,forbHerb,forbHerb,0.342273,0.339651,0.295961,0.342306,0.294475
Dudleya saxosa,forbHerb,forbHerb,0.332034,0.292807,0.273742,0.360309,0.354531
Dulichium arundinaceum,graminoid,forbHerb,0.30873,0.329467,0.276186,0.417834,0.400944
Dyschoriste linearis,forbHerb,graminoid,0.361324,0.283157,0.299082,0.39957,0.403185
Ecballium elaterium,forbHerb,vine,0.34104,0.298612,0.416887,0.331752,0.275046
Echinacea angustifolia,forbHerb,forbHerb,0.306907,0.284908,0.249847,0.419712,0.385853
Echinacea pallida,forbHerb,forbHerb,0.280831,0.240458,0.203939,0.399509,0.352143
Echinacea purpurea,forbHerb,forbHerb,0.357858,0.260395,0.27573,0.380078,0.314133
Echinocactus horizonthalonius,shrub,graminoid,0.28855,0.291702,0.234802,0.321483,0.347327
Echinocereus coccineus,shrub,forbHerb,0.365122,0.303729,0.312815,0.396668,0.364407
Echinocereus dasyacanthus,shrub,forbHerb,0.302128,0.266066,0.293131,0.353284,0.352892
Echinocereus engelmannii,shrub,graminoid,0.322737,0.291126,0.244334,0.361066,0.374772
Echinocereus enneacanthus,shrub,forbHerb,0.345037,0.315197,0.331793,0.399337,0.36787
Echinocereus fendleri,shrub,graminoid,0.340031,0.275779,0.287321,0.345405,0.371351
Echinocereus pectinatus,shrub,forbHerb,0.331493,0.292704,0.293288,0.388931,0.371994
Echinocereus pentalophus,shrub,forbHerb,0.347326,0.333646,0.373127,0.444631,0.377258
Echinocereus reichenbachii,shrub,forbHerb,0.344682,0.31007,0.289278,0.46692,0.356383
Echinocereus rigidissimus,shrub,graminoid,0.268536,0.248121,0.252239,0.342213,0.351087
Echinocereus stramineus,shrub,graminoid,0.328954,0.310081,0.286833,0.33704,0.371185
Echinocereus triglochidiatus,shrub,forbHerb,0.34907,0.309,0.310607,0.363472,0.314892
Echinochloa crus-galli,graminoid,graminoid,0.363005,0.288174,0.276626,0.339352,0.534579
Echinops ritro,forbHerb,tree,0.405343,0.389709,0.31302,0.37402,0.329967
Echinops sphaerocephalus,forbHerb,tree,0.362744,0.302493,0.286092,0.32428,0.272712
Echium candicans,shrub,forbHerb,0.34323,0.319728,0.256608,0.361334,0.358912
Echium plantagineum,forbHerb,tree,0.426639,0.35118,0.374294,0.424158,0.390566
Echium vulgare,forbHerb,forbHerb,0.379781,0.333998,0.326985,0.428395,0.337804
Eclipta prostrata,forbHerb,forbHerb,0.410873,0.354996,0.330073,0.421997,0.364844
Ehrendorferia chrysantha,forbHerb,forbHerb,0.337473,0.278507,0.270818,0.357074,0.352324
Ehrharta erecta,graminoid,graminoid,0.393318,0.345767,0.371041,0.408861,0.50411
Elaeagnus commutata,shrub,tree,0.418205,0.415251,0.330644,0.345777,0.280194
Elaeagnus pungens,shrub,shrub,0.427643,0.446127,0.393482,0.322069,0.29831
Elaeagnus umbellata,shrub,shrub,0.418584,0.427277,0.369037,0.353858,0.316183
Eleocharis palustris,graminoid,graminoid,0.334208,0.258436,0.268841,0.331647,0.436829
Elephantopus carolinianus,forbHerb,forbHerb,0.379845,0.298792,0.300392,0.473688,0.400476
Elephantopus tomentosus,forbHerb,forbHerb,0.374703,0.308278,0.266131,0.45612,0.404707
Eleusine indica,graminoid,graminoid,0.39871,0.332615,0.324699,0.38707,0.533631
Elliottia pyroliflora,shrub,forbHerb,0.302003,0.334203,0.284365,0.355447,0.28503
Elodea canadensis,forbHerb,tree,0.401948,0.374114,0.401603,0.377632,0.320594
Elymus canadensis,graminoid,graminoid,0.388377,0.33279,0.341183,0.405483,0.458963
Elymus elymoides,graminoid,graminoid,0.331035,0.295499,0.276491,0.364824,0.490021
Elymus hystrix,graminoid,graminoid,0.365252,0.366411,0.341948,0.403861,0.46904
Elymus repens,graminoid,graminoid,0.399924,0.338458,0.350001,0.350518,0.489611
Elymus virginicus,graminoid,graminoid,0.385646,0.319596,0.353517,0.441126,0.486359
Emilia fosbergii,forbHerb,forbHerb,0.392201,0.322031,0.357295,0.434036,0.400555
Emilia sonchifolia,forbHerb,forbHerb,0.448665,0.360919,0.413649,0.462304,0.375726
Emmenanthe penduliflora,forbHerb,forbHerb,0.335626,0.307902,0.297782,0.393709,0.334353
Enemion biternatum,forbHerb,forbHerb,0.322793,0.303671,0.371474,0.470743,0.264179
Engelmannia peristenia,forbHerb,forbHerb,0.350701,0.25844,0.272631,0.412073,0.334828
Enterolobium cyclocarpum,tree,tree,0.439335,0.378123,0.39526,0.361642,0.387482
Ephedra trifurca,shrub,tree,0.354861,0.342194,0.288627,0.350628,0.334738
Ephedra viridis,shrub,shrub,0.335324,0.351227,0.334576,0.342606,0.341922
Epidendrum radicans,forbHerb,vine,0.396485,0.368886,0.411094,0.396405,0.403351
Epifagus virginiana,forbHerb,forbHerb,0.382125,0.361055,0.347673,0.436914,0.293901
Epilobium brachycarpum,forbHerb,forbHerb,0.396827,0.370126,0.325267,0.441569,0.382709
Epilobium ciliatum,forbHerb,forbHerb,0.349411,0.2723,0.283126,0.37441,0.373886
Epilobium hirsutum,forbHerb,tree,0.333051,0.284471,0.288632,0.300316,0.323441
Epipactis atrorubens,forbHerb,forbHerb,0.329875,0.329066,0.316705,0.337551,0.321134
Epipactis gigantea,forbHerb,forbHerb,0.359815,0.343978,0.346006,0.39126,0.319122
Epipactis helleborine,forbHerb,forbHerb,0.419397,0.391112,0.394746,0.432654,0.317073
Equisetum arvense,forbHerb,forbHerb,0.370235,0.30206,0.318308,0.418133,0.387911
Equisetum fluviatile,forbHerb,graminoid,0.28271,0.229833,0.247138,0.34027,0.349196
Equisetum hyemale,forbHerb,graminoid,0.344423,0.28289,0.312541,0.351959,0.369607
Equisetum laevigatum,forbHerb,forbHerb,0.307606,0.226192,0.270175,0.391331,0.355742
Equisetum pratense,forbHerb,forbHerb,0.33843,0.290605,0.311962,0.39636,0.367796
Equisetum ramosissimum,forbHerb,graminoid,0.369093,0.285937,0.368267,0.384694,0.406893
Equisetum scirpoides,forbHerb,forbHerb,0.36848,0.331682,0.369152,0.437122,0.337654
Equisetum sylvaticum,forbHerb,forbHerb,0.313114,0.282534,0.29523,0.381576,0.356239
Equisetum telmateia,forbHerb,forbHerb,0.347144,0.264998,0.308807,0.36581,0.358426
Equisetum variegatum,forbHerb,forbHerb,0.387725,0.338644,0.350605,0.449051,0.389763
Eranthis hyemalis,forbHerb,forbHerb,0.34554,0.344963,0.379236,0.421994,0.265567
Eriastrum eremicum,forbHerb,forbHerb,0.39357,0.357512,0.277679,0.415069,0.332232
Ericameria ericoides,shrub,forbHerb,0.356512,0.330209,0.25056,0.366647,0.292756
Ericameria linearifolia,shrub,forbHerb,0.316708,0.327387,0.239301,0.355523,0.304466
Erigenia bulbosa,forbHerb,forbHerb,0.408456,0.372496,0.378537,0.510458,0.305546
Erigeron acris,forbHerb,forbHerb,0.28838,0.266481,0.276841,0.391527,0.353074
Erigeron annuus,forbHerb,forbHerb,0.3466,0.284484,0.321434,0.404235,0.350655
Erigeron compositus,forbHerb,forbHerb,0.301154,0.222364,0.245863,0.440178,0.362768
Erigeron foliosus,forbHerb,forbHerb,0.298358,0.280924,0.306852,0.422097,0.352721
Erigeron glaucus,forbHerb,forbHerb,0.315038,0.223225,0.277314,0.393826,0.301659
Erigeron karvinskianus,forbHerb,forbHerb,0.360452,0.318991,0.34858,0.420796,0.367536
Erigeron philadelphicus,forbHerb,forbHerb,0.285016,0.23883,0.301098,0.421329,0.297374
Erigeron pulchellus,forbHerb,forbHerb,0.303452,0.248957,0.289281,0.443049,0.321545
Erigeron strigosus,forbHerb,forbHerb,0.295273,0.225526,0.252352,0.482089,0.387773
Eriobotrya japonica,tree,tree,0.495398,0.401733,0.456596,0.459238,0.415582
Eriocaulon aquaticum,forbHerb,forbHerb,0.332206,0.262615,0.256865,0.456444,0.378436
Eriodictyon californicum,shrub,shrub,0.327324,0.329838,0.238647,0.31511,0.32204
Eriodictyon crassifolium,shrub,tree,0.355311,0.331508,0.272502,0.335376,0.290094
Eriodictyon trichocalyx,shrub,tree,0.337187,0.332158,0.248442,0.288919,0.301042
Eriogonum deflexum,forbHerb,tree,0.379155,0.339628,0.364128,0.367524,0.334483
Eriogonum inflatum,forbHerb,forbHerb,0.328105,0.284014,0.330301,0.393024,0.373436
Eriogonum longifolium,forbHerb,forbHerb,0.322646,0.327164,0.303472,0.481217,0.369288
Eriophorum angustifolium,graminoid,graminoid,0.347872,0.297442,0.246049,0.341415,0.351499
Eriophorum vaginatum,graminoid,graminoid,0.362095,0.284833,0.230176,0.38541,0.402004
Eriophorum virginicum,graminoid,forbHerb,0.318389,0.290488,0.246782,0.384541,0.361334
Erodium botrys,forbHerb,forbHerb,0.339879,0.262494,0.300118,0.377186,0.372221
Erodium cicutarium,forbHerb,forbHerb,0.400378,0.325428,0.323643,0.425503,0.390458
Erodium moschatum,forbHerb,tree,0.37479,0.270715,0.292198,0.365643,0.367974
Erodium texanum,forbHerb,forbHerb,0.348073,0.253224,0.344936,0.419317,0.402603
Eruca vesicaria,forbHerb,tree,0.396937,0.35432,0.359627,0.361848,0.367201
Eryngium campestre,forbHerb,forbHerb,0.367611,0.309315,0.311807,0.412182,0.34034
Eryngium hookeri,forbHerb,forbHerb,0.347071,0.215759,0.250613,0.469588,0.335691
Eryngium leavenworthii,forbHerb,forbHerb,0.339722,0.254645,0.264999,0.453385,0.341934
Eryngium maritimum,forbHerb,forbHerb,0.395799,0.354506,0.354997,0.424729,0.285101
Eryngium planum,forbHerb,forbHerb,0.32458,0.252726,0.273682,0.396762,0.312442
Eryngium yuccifolium,forbHerb,forbHerb,0.324292,0.233591,0.235145,0.453598,0.384914
Erysimum cheiranthoides,forbHerb,graminoid,0.310773,0.31192,0.275356,0.386234,0.400719
Erysimum cheiri,forbHerb,graminoid,0.343721,0.322911,0.348184,0.37768,0.384039
Erythronium albidum,forbHerb,forbHerb,0.382175,0.356153,0.354733,0.465681,0.302082
Erythronium americanum,forbHerb,forbHerb,0.376618,0.371753,0.334724,0.449664,0.304524
Erythronium grandiflorum,forbHerb,forbHerb,0.324618,0.313379,0.266857,0.394599,0.349855
Erythronium montanum,forbHerb,forbHerb,0.360944,0.320439,0.30501,0.406666,0.290235
Erythronium oregonum,forbHerb,forbHerb,0.320051,0.314895,0.285852,0.414865,0.294059
Erythronium umbilicatum,forbHerb,forbHerb,0.36465,0.365911,0.320927,0.451509,0.289779
Eschscholzia caespitosa,forbHerb,forbHerb,0.349545,0.265674,0.287451,0.415005,0.379182
Eschscholzia californica,forbHerb,forbHerb,0.393684,0.317829,0.335333,0.454817,0.428055
Eschscholzia minutiflora,forbHerb,forbHerb,0.342298,0.287603,0.32145,0.443616,0.34875
Eschscholzia parishii,forbHerb,forbHerb,0.362136,0.298672,0.308063,0.407048,0.336928
Escobaria missouriensis,shrub,forbHerb,0.42649,0.360773,0.333728,0.526138,0.355046
Escobaria tuberculosa,shrub,forbHerb,0.415038,0.389761,0.363309,0.475283,0.358682
Escobaria vivipara,shrub,forbHerb,0.489181,0.416778,0.413572,0.511413,0.415235
Etlingera elatior,forbHerb,tree,0.369972,0.2859,0.269078,0.292523,0.323637
Eucalyptus camaldulensis,tree,tree,0.433742,0.38692,0.337685,0.314506,0.355473
Eucalyptus globulus,tree,tree,0.473224,0.394723,0.366559,0.330095,0.312693
Eucrypta chrysanthemifolia,forbHerb,forbHerb,0.330722,0.299922,0.290963,0.40975,0.318825
Euonymus alatus,shrub,vine,0.381596,0.382377,0.384448,0.361241,0.286929
Eupatorium altissimum,forbHerb,forbHerb,0.327373,0.280377,0.266211,0.391149,0.348618
Eupatorium cannabinum,forbHerb,tree,0.310194,0.290281,0.273852,0.302754,0.302078
Eupatorium capillifolium,forbHerb,forbHerb,0.341376,0.306949,0.279857,0.47557,0.364549
Eupatorium hyssopifolium,forbHerb,forbHerb,0.28426,0.243492,0.234907,0.44218,0.323971
Eupatorium perfoliatum,forbHerb,forbHerb,0.303852,0.270773,0.275296,0.373292,0.284165
Eupatorium rotundifolium,forbHerb,forbHerb,0.288021,0.233907,0.257135,0.404261,0.276142
Eupatorium serotinum,forbHerb,forbHerb,0.332883,0.264541,0.255106,0.390233,0.302609
Euphorbia bicolor,forbHerb,forbHerb,0.363838,0.314412,0.305122,0.436828,0.349163
Euphorbia corollata,forbHerb,forbHerb,0.343793,0.319064,0.349635,0.499714,0.3909
Euphorbia cyathophora,forbHerb,tree,0.435888,0.362968,0.423534,0.43459,0.377037
Euphorbia cyparissias,forbHerb,forbHerb,0.346085,0.355088,0.365966,0.410328,0.393312
Euphorbia dentata,forbHerb,forbHerb,0.383976,0.299333,0.348248,0.433163,0.406313
Euphorbia helioscopia,forbHerb,vine,0.350198,0.313233,0.376324,0.370834,0.343309
Euphorbia heterophylla,forbHerb,graminoid,0.40827,0.372414,0.403937,0.412293,0.427469
Euphorbia lathyris,forbHerb,tree,0.371538,0.342199,0.359043,0.343486,0.322873
Euphorbia marginata,forbHerb,forbHerb,0.404197,0.372532,0.381564,0.416182,0.357246
Euphorbia misera,shrub,vine,0.37778,0.378113,0.428727,0.417999,0.365438
Euphorbia myrsinites,forbHerb,tree,0.417433,0.361746,0.38233,0.35324,0.308296
Euphorbia oblongata,forbHerb,tree,0.397117,0.365317,0.38422,0.358836,0.355972
Euphorbia paralias,forbHerb,forbHerb,0.368396,0.365585,0.367841,0.393469,0.351239
Euphorbia peplus,forbHerb,vine,0.387357,0.327421,0.397381,0.382668,0.335036
Euphorbia spathulata,forbHerb,forbHerb,0.366905,0.306179,0.351336,0.479069,0.400663
Euphorbia terracina,forbHerb,vine,0.387841,0.3685,0.387867,0.360685,0.382202
Euphrasia nemorosa,forbHerb,forbHerb,0.366411,0.306408,0.305665,0.433393,0.324873
Eurybia divaricata,forbHerb,forbHerb,0.375587,0.360788,0.371519,0.420523,0.300116
Eurybia macrophylla,forbHerb,forbHerb,0.318056,0.2956,0.323833,0.40251,0.248642
Eurybia sibirica,forbHerb,forbHerb,0.318513,0.292616,0.259104,0.375875,0.346909
Eustoma exaltatum,forbHerb,forbHerb,0.373918,0.306488,0.322623,0.48458,0.344234
Euthamia graminifolia,forbHerb,forbHerb,0.327392,0.376031,0.273875,0.412846,0.36155
Eutrochium fistulosum,forbHerb,forbHerb,0.272319,0.262108,0.24744,0.366195,0.325233
Eutrochium maculatum,forbHerb,forbHerb,0.292607,0.244404,0.208407,0.33742,0.293325
Eutrochium purpureum,forbHerb,forbHerb,0.351575,0.291956,0.2769,0.387659,0.309883
Evolvulus alsinoides,forbHerb,forbHerb,0.43135,0.40896,0.424796,0.490108,0.484823
Evolvulus sericeus,forbHerb,forbHerb,0.451976,0.405661,0.40543,0.53676,0.452812
Fagus grandifolia,tree,tree,0.465035,0.406491,0.355262,0.383395,0.299885
Fagus sylvatica,tree,tree,0.489986,0.400402,0.383874,0.326169,0.324854
Falcaria vulgaris,forbHerb,forbHerb,0.348627,0.30132,0.359672,0.450062,0.410743
Fallugia paradoxa,shrub,forbHerb,0.374248,0.356526,0.333393,0.467981,0.338287
Fatoua villosa,forbHerb,tree,0.421075,0.33909,0.419798,0.389022,0.374438
Ferocactus cylindraceus,shrub,forbHerb,0.312767,0.283412,0.273655,0.344902,0.321812
Ferocactus emoryi,shrub,shrub,0.309539,0.31179,0.299452,0.28839,0.307976
Ferocactus viridescens,shrub,forbHerb,0.310017,0.312013,0.298231,0.349494,0.320001
Ficus religiosa,tree,tree,0.443776,0.326725,0.376037,0.334267,0.343715
Filipendula rubra,forbHerb,forbHerb,0.283328,0.269433,0.295021,0.34513,0.326911
Filipendula ulmaria,forbHerb,vine,0.352541,0.347034,0.371675,0.328759,0.310285
Filipendula vulgaris,forbHerb,forbHerb,0.352,0.358921,0.382616,0.399504,0.358725
Floerkea proserpinacoides,forbHerb,forbHerb,0.351882,0.353959,0.414121,0.491327,0.290452
Foeniculum vulgare,forbHerb,forbHerb,0.404435,0.380964,0.373365,0.453335,0.402614
Forestiera pubescens,shrub,tree,0.422274,0.383209,0.376145,0.386147,0.326109
Fouquieria splendens,shrub,tree,0.419902,0.359874,0.375466,0.417217,0.400309
Fragaria chiloensis,forbHerb,forbHerb,0.333499,0.289088,0.33299,0.371287,0.298686
Fragaria vesca,forbHerb,forbHerb,0.363554,0.336261,0.363274,0.395296,0.286905
Fragaria virginiana,forbHerb,forbHerb,0.325518,0.296586,0.327495,0.434511,0.2938
Frasera caroliniensis,forbHerb,forbHerb,0.303935,0.307827,0.281006,0.446987,0.275815
Frasera speciosa,forbHerb,forbHerb,0.306105,0.31647,0.285428,0.414967,0.323174
Fraxinus americana,tree,tree,0.483664,0.397739,0.378938,0.408641,0.28139
Fraxinus excelsior,tree,tree,0.464867,0.335807,0.380688,0.325519,0.277516
Fraxinus latifolia,tree,tree,0.420597,0.304635,0.354338,0.332883,0.274182
Fraxinus nigra,tree,forbHerb,0.372369,0.29489,0.324596,0.373065,0.238417
Fraxinus pennsylvanica,tree,tree,0.451386,0.338638,0.348947,0.390882,0.287895
Fraxinus velutina,tree,tree,0.47204,0.352558,0.389395,0.384594,0.329696
Fritillaria affinis,forbHerb,forbHerb,0.331963,0.356166,0.297333,0.410251,0.34086
Fritillaria atropurpurea,forbHerb,forbHerb,0.322934,0.370474,0.304538,0.398198,0.338094
Fritillaria biflora,forbHerb,forbHerb,0.348909,0.353239,0.307765,0.433815,0.368398
Fritillaria camschatcensis,forbHerb,forbHerb,0.304849,0.321844,0.263142,0.356819,0.298896
Fritillaria pudica,forbHerb,forbHerb,0.351252,0.357181,0.313203,0.441107,0.380649
Fritillaria recurva,forbHerb,forbHerb,0.329261,0.363316,0.303636,0.370598,0.292897
Froelichia floridana,forbHerb,forbHerb,0.355434,0.313718,0.317444,0.478274,0.392927
Fumaria capreolata,forbHerb,forbHerb,0.408755,0.377495,0.427006,0.440063,0.313818
Fumaria officinalis,forbHerb,forbHerb,0.379504,0.336505,0.379096,0.386528,0.335436
Gaillardia aestivalis,forbHerb,graminoid,0.325854,0.264733,0.245503,0.416103,0.416239
Gaillardia aristata,forbHerb,graminoid,0.330822,0.264164,0.27467,0.350346,0.397924
Galanthus nivalis,forbHerb,forbHerb,0.341473,0.402118,0.397927,0.435077,0.276327
Galearis spectabilis,forbHerb,forbHerb,0.371176,0.345745,0.367222,0.423583,0.262307
Galeopsis bifida,forbHerb,tree,0.369634,0.316433,0.290825,0.346173,0.354491
Galeopsis tetrahit,forbHerb,tree,0.354242,0.280603,0.281226,0.320403,0.320631
Galinsoga parviflora,forbHerb,forbHerb,0.385851,0.318692,0.361679,0.439876,0.381045
Galinsoga quadriradiata,forbHerb,forbHerb,0.382499,0.301007,0.355574,0.41753,0.393209
Galium album,forbHerb,forbHerb,0.371424,0.343458,0.412638,0.445917,0.341456
Galium mollugo,forbHerb,forbHerb,0.343119,0.32488,0.382854,0.448142,0.327113
Galium odoratum,forbHerb,vine,0.334225,0.33169,0.403437,0.400305,0.280903
Galium palustre,forbHerb,forbHerb,0.351558,0.330014,0.387079,0.426489,0.321428
Gamochaeta pensylvanica,forbHerb,forbHerb,0.383002,0.31468,0.318293,0.421997,0.409988
Gaylussacia baccata,shrub,shrub,0.378051,0.420806,0.324024,0.363177,0.330695
Gazania linearis,forbHerb,graminoid,0.389348,0.353429,0.306731,0.404703,0.457498
Genista monspessulana,shrub,tree,0.42916,0.408879,0.375956,0.421243,0.350373
Genista tinctoria,shrub,shrub,0.407275,0.414154,0.338568,0.371871,0.386643
Gentiana alba,forbHerb,forbHerb,0.318087,0.287831,0.271703,0.378113,0.273005
Gentiana algida,forbHerb,forbHerb,0.315281,0.269696,0.260337,0.416761,0.339093
Gentiana andrewsii,forbHerb,forbHerb,0.340659,0.289385,0.276315,0.395379,0.325748
Gentiana calycosa,forbHerb,forbHerb,0.328329,0.252878,0.277133,0.364472,0.315498
Gentiana clausa,forbHerb,forbHerb,0.352517,0.335937,0.310714,0.436166,0.294955
Gentiana cruciata,forbHerb,forbHerb,0.315242,0.291851,0.269863,0.352985,0.342589
Gentiana linearis,forbHerb,forbHerb,0.235965,0.264984,0.210117,0.405529,0.304174
Gentianella amarella,forbHerb,forbHerb,0.35938,0.274316,0.314567,0.427536,0.371806
Gentianopsis crinita,forbHerb,forbHerb,0.326413,0.256137,0.297001,0.447315,0.339591
Geocaulon lividum,forbHerb,forbHerb,0.380201,0.372904,0.351249,0.432802,0.334395
Geraea canescens,forbHerb,tree,0.398736,0.309106,0.297964,0.375472,0.333519
Geranium carolinianum,forbHerb,forbHerb,0.323019,0.266456,0.321227,0.466245,0.353859
Geranium dissectum,forbHerb,forbHerb,0.336101,0.271213,0.305794,0.408094,0.365765
Geranium erianthum,forbHerb,forbHerb,0.28008,0.252512,0.26426,0.368143,0.3515
Geranium lucidum,forbHerb,vine,0.361405,0.299767,0.398108,0.374484,0.284738
Geranium maculatum,forbHerb,forbHerb,0.333811,0.28187,0.336959,0.439302,0.29006
Geranium molle,forbHerb,forbHerb,0.35417,0.296837,0.378618,0.42526,0.346046
Geranium pratense,forbHerb,graminoid,0.309181,0.248635,0.287199,0.32922,0.343467
Geranium pyrenaicum,forbHerb,graminoid,0.301785,0.230442,0.348515,0.326366,0.350002
Geranium richardsonii,forbHerb,forbHerb,0.280515,0.218288,0.262869,0.37539,0.329733
Geranium robertianum,forbHerb,forbHerb,0.353514,0.307496,0.335587,0.35531,0.320465
Geranium sanguineum,forbHerb,forbHerb,0.327391,0.298051,0.329496,0.360992,0.360478
Geranium sibiricum,forbHerb,forbHerb,0.328263,0.256019,0.310529,0.378272,0.357225
Geranium viscosissimum,forbHerb,forbHerb,0.292906,0.21586,0.26494,0.326652,0.319898
Geum aleppicum,forbHerb,forbHerb,0.322772,0.246168,0.279667,0.377975,0.306565
Geum canadense,forbHerb,forbHerb,0.356708,0.298919,0.364284,0.476646,0.281528
Geum macrophyllum,forbHerb,forbHerb,0.307022,0.248321,0.287284,0.365455,0.303215
Geum rivale,forbHerb,forbHerb,0.315106,0.276232,0.294306,0.326564,0.283288
Geum rossii,forbHerb,forbHerb,0.349956,0.307462,0.28649,0.408317,0.348586
Geum triflorum,forbHerb,forbHerb,0.327362,0.259385,0.250638,0.410731,0.331877
Geum urbanum,forbHerb,vine,0.345729,0.295295,0.36542,0.365364,0.286716
Gilia capitata,forbHerb,forbHerb,0.348372,0.316095,0.313016,0.431104,0.315747
Gilia stellata,forbHerb,forbHerb,0.351522,0.328409,0.330985,0.453683,0.305944
Gilia tricolor,forbHerb,forbHerb,0.344541,0.28967,0.263011,0.439232,0.360544
Gladiolus italicus,forbHerb,graminoid,0.312454,0.327515,0.317406,0.352038,0.35752
Glandularia bipinnatifida,forbHerb,forbHerb,0.383457,0.31066,0.315325,0.396315,0.368252
Glandularia canadensis,forbHerb,forbHerb,0.436068,0.346866,0.383631,0.473146,0.360086
Glandularia pumila,forbHerb,forbHerb,0.419826,0.339256,0.379797,0.443229,0.37888
Glaucium flavum,forbHerb,tree,0.40708,0.344416,0.376607,0.37663,0.294707
Glechoma hederacea,forbHerb,vine,0.375201,0.290422,0.400643,0.369903,0.317834
Gliricidia sepium,tree,tree,0.472923,0.437081,0.383939,0.37552,0.405205
Glyceria canadensis,graminoid,graminoid,0.302611,0.317499,0.274146,0.367945,0.407485
Glyceria maxima,graminoid,graminoid,0.320043,0.266742,0.279854,0.271072,0.444906
Glyceria striata,graminoid,graminoid,0.307497,0.283168,0.305249,0.347826,0.402718
Glycyrrhiza lepidota,forbHerb,graminoid,0.364734,0.329095,0.284258,0.33788,0.365661
Gnaphalium uliginosum,forbHerb,forbHerb,0.312711,0.263753,0.271049,0.390466,0.375458
Gomphrena serrata,forbHerb,forbHerb,0.415074,0.325448,0.386823,0.483776,0.416424
Goodyera oblongifolia,forbHerb,forbHerb,0.331426,0.292593,0.286217,0.348594,0.295575
Goodyera pubescens,forbHerb,forbHerb,0.33558,0.291747,0.310459,0.397231,0.29643
Goodyera repens,forbHerb,forbHerb,0.38769,0.336846,0.349656,0.405919,0.311265
Goodyera tesselata,forbHerb,forbHerb,0.32664,0.302193,0.292792,0.397577,0.275417
Grindelia squarrosa,forbHerb,graminoid,0.332634,0.239628,0.263768,0.350121,0.376315
Gunnera tinctoria,forbHerb,vine,0.327818,0.264085,0.347724,0.298821,0.287986
Gymnadenia conopsea,forbHerb,forbHerb,0.329756,0.316436,0.318373,0.377854,0.35848
Gymnocarpium dryopteris,forbHerb,forbHerb,0.337462,0.349437,0.335067,0.376023,0.303286
Gymnocladus dioicus,tree,tree,0.424799,0.327905,0.35863,0.376427,0.325786
Habranthus tubispathus,forbHerb,forbHerb,0.437675,0.370565,0.370354,0.518782,0.433682
Hackelia virginiana,forbHerb,forbHerb,0.336605,0.299606,0.335538,0.415515,0.305086
Hedeoma acinoides,forbHerb,forbHerb,0.354695,0.269176,0.282114,0.397967,0.386384
Hedera helix,vine,vine,0.465873,0.385669,0.524084,0.395312,0.299378
Hedychium coronarium,forbHerb,graminoid,0.364504,0.322899,0.297013,0.340833,0.409982
Hedychium gardnerianum,forbHerb,graminoid,0.366099,0.374609,0.344294,0.342887,0.383181
Hedysarum alpinum,forbHerb,graminoid,0.346227,0.349335,0.314477,0.332587,0.354048
Hedysarum boreale,forbHerb,tree,0.343032,0.325167,0.290157,0.325825,0.330774
Helenium amarum,forbHerb,forbHerb,0.345444,0.2606,0.269349,0.487554,0.369696
Helenium autumnale,forbHerb,forbHerb,0.313256,0.252457,0.272016,0.400121,0.311194
Helenium bigelovii,forbHerb,forbHerb,0.245533,0.211709,0.218329,0.353959,0.336144
Helenium flexuosum,forbHerb,forbHerb,0.255563,0.205634,0.257241,0.446245,0.316132
Helenium puberulum,forbHerb,forbHerb,0.256801,0.202493,0.269522,0.401371,0.323972
Helianthus angustifolius,forbHerb,forbHerb,0.313269,0.307306,0.249776,0.433383,0.37563
Helianthus annuus,forbHerb,tree,0.438781,0.336458,0.335961,0.392286,0.35206
Helianthus debilis,forbHerb,forbHerb,0.422931,0.316363,0.330961,0.437947,0.352134
Helianthus divaricatus,forbHerb,forbHerb,0.313555,0.272998,0.229276,0.339453,0.314393
Helianthus grosseserratus,forbHerb,graminoid,0.29769,0.259371,0.218556,0.307879,0.323187
Helianthus maximiliani,forbHerb,forbHerb,0.305694,0.273718,0.205154,0.375336,0.349456
Helianthus mollis,forbHerb,forbHerb,0.328566,0.252567,0.257232,0.359778,0.324869
Helianthus occidentalis,forbHerb,forbHerb,0.355081,0.261554,0.234668,0.428643,0.379239
Helianthus petiolaris,forbHerb,tree,0.394248,0.273794,0.25258,0.356938,0.393771
Helianthus tuberosus,forbHerb,tree,0.347237,0.280818,0.252573,0.3094,0.340443
Heliconia latispatha,forbHerb,graminoid,0.334759,0.305318,0.308642,0.323747,0.412421
Heliconia psittacorum,forbHerb,graminoid,0.353401,0.323102,0.283466,0.378624,0.438227
Heliconia rostrata,forbHerb,tree,0.417771,0.310516,0.338208,0.348476,0.384187
Heliopsis helianthoides,forbHerb,tree,0.346383,0.26422,0.278405,0.337064,0.292753
Heliotropium europaeum,forbHerb,vine,0.397187,0.339486,0.400743,0.396901,0.371624
Heliotropium indicum,forbHerb,graminoid,0.379535,0.311869,0.347311,0.388776,0.405172
Helleborus foetidus,forbHerb,forbHerb,0.336064,0.342956,0.352982,0.389889,0.262686
Hemerocallis fulva,forbHerb,forbHerb,0.347514,0.275504,0.350859,0.387772,0.32598
Hemizonia congesta,forbHerb,forbHerb,0.354353,0.330829,0.280462,0.445124,0.377155
Hepatica nobilis,forbHerb,forbHerb,0.380128,0.38795,0.392934,0.420935,0.304586
Heracleum mantegazzianum,forbHerb,tree,0.377869,0.35417,0.363081,0.355344,0.282295
Heracleum maximum,forbHerb,forbHerb,0.327369,0.304944,0.317996,0.388675,0.300054
Heracleum sphondylium,forbHerb,tree,0.374382,0.345386,0.354979,0.344516,0.334554
Herbertia lahue,forbHerb,forbHerb,0.409451,0.345726,0.383095,0.49481,0.365365
Herniaria glabra,forbHerb,forbHerb,0.352436,0.284708,0.356747,0.35791,0.320617
Hesperis matronalis,forbHerb,forbHerb,0.346197,0.299138,0.306906,0.354999,0.318761
Hesperocallis undulata,forbHerb,forbHerb,0.357209,0.316899,0.31863,0.376169,0.323928
Heterotheca grandiflora,forbHerb,forbHerb,0.333868,0.281619,0.25319,0.357019,0.334354
Heterotheca subaxillaris,forbHerb,forbHerb,0.364142,0.271615,0.262637,0.415609,0.384789
Heuchera cylindrica,forbHerb,forbHerb,0.258167,0.216144,0.29193,0.344415,0.325306
Heuchera micrantha,forbHerb,graminoid,0.279656,0.234603,0.280539,0.313892,0.333237
Heuchera richardsonii,forbHerb,forbHerb,0.243523,0.209282,0.287588,0.364845,0.303994
Hexastylis arifolia,forbHerb,forbHerb,0.369706,0.331101,0.351969,0.419521,0.270972
Hibiscus laevis,forbHerb,tree,0.343032,0.285731,0.293022,0.334991,0.30115
Hibiscus trionum,forbHerb,forbHerb,0.400447,0.349691,0.358859,0.432322,0.369585
Hieracium albiflorum,forbHerb,forbHerb,0.309441,0.28259,0.290054,0.467353,0.362125
Hieracium umbellatum,forbHerb,forbHerb,0.358383,0.301299,0.299278,0.417071,0.37568
Hieracium venosum,forbHerb,forbHerb,0.359496,0.30851,0.310653,0.442167,0.324838
Hippobroma longiflora,forbHerb,forbHerb,0.395934,0.352238,0.368278,0.437352,0.38512
Hippuris vulgaris,forbHerb,forbHerb,0.286276,0.248483,0.298385,0.385187,0.295071
Hirschfeldia incana,forbHerb,tree,0.365423,0.332009,0.344658,0.357705,0.361461
Histiopteris incisa,forbHerb,tree,0.388222,0.342398,0.347136,0.353087,0.35445
Hoffmannseggia microphylla,shrub,tree,0.396579,0.377599,0.36663,0.374843,0.384897
Hoheria populnea,tree,tree,0.414073,0.39303,0.374287,0.34096,0.240214
Holcus lanatus,graminoid,graminoid,0.336143,0.322889,0.296212,0.368699,0.483727
Holodiscus discolor,shrub,tree,0.372846,0.352514,0.350398,0.357045,0.290431
Honckenya peploides,forbHerb,forbHerb,0.392669,0.342437,0.347582,0.395606,0.338856
Hordeum jubatum,graminoid,graminoid,0.331715,0.262767,0.274005,0.388016,0.435541
Hordeum murinum,graminoid,graminoid,0.379898,0.299172,0.344221,0.364576,0.448334
Hordeum pusillum,graminoid,forbHerb,0.340749,0.279131,0.316874,0.48893,0.481868
Houstonia caerulea,forbHerb,forbHerb,0.324934,0.278872,0.312068,0.509253,0.311471
Houstonia longifolia,forbHerb,forbHerb,0.32347,0.319578,0.273645,0.485586,0.369313
Houstonia procumbens,forbHerb,forbHerb,0.353445,0.270452,0.328703,0.477399,0.256896
Houstonia purpurea,forbHerb,forbHerb,0.352369,0.287243,0.306807,0.452612,0.353497
Houstonia pusilla,forbHerb,forbHerb,0.330553,0.264067,0.322198,0.49465,0.312968
Houttuynia cordata,forbHerb,vine,0.37837,0.285844,0.444099,0.400471,0.348965
Hyacinthoides hispanica,forbHerb,forbHerb,0.366169,0.360071,0.341903,0.369194,0.332151
Hyacinthoides non-scripta,forbHerb,forbHerb,0.376056,0.347762,0.346019,0.390716,0.347213
Hydrangea arborescens,shrub,vine,0.312738,0.307871,0.322284,0.311122,0.273003
Hydrangea quercifolia,shrub,forbHerb,0.354793,0.335496,0.322922,0.374299,0.263565
Hydrastis canadensis,forbHerb,forbHerb,0.308767,0.339059,0.385196,0.445014,0.274049
Hydrocharis morsus-ranae,forbHerb,vine,0.362115,0.291676,0.374125,0.340475,0.30337
Hydrocotyle bonariensis,forbHerb,forbHerb,0.374754,0.320834,0.432656,0.455687,0.359589
Hydrocotyle moschata,forbHerb,forbHerb,0.341437,0.29849,0.409264,0.423722,0.331705
Hydrocotyle ranunculoides,forbHerb,vine,0.301641,0.256278,0.392455,0.352945,0.296769
Hydrocotyle umbellata,forbHerb,forbHerb,0.352328,0.2814,0.395684,0.458369,0.348517
Hydrolea ovata,forbHerb,forbHerb,0.356196,0.28765,0.315287,0.416613,0.350848
Hydrophyllum appendiculatum,forbHerb,forbHerb,0.363286,0.335291,0.40141,0.409317,0.252834
Hydrophyllum canadense,forbHerb,forbHerb,0.377517,0.340059,0.380085,0.382242,0.25351
Hydrophyllum capitatum,forbHerb,forbHerb,0.342535,0.324877,0.319055,0.390801,0.307296
Hydrophyllum tenuipes,forbHerb,forbHerb,0.311377,0.28571,0.272425,0.329619,0.237452
Hydrophyllum virginianum,forbHerb,forbHerb,0.338447,0.298882,0.322653,0.381628,0.215287
Hylotelephium telephium,forbHerb,vine,0.335303,0.328881,0.341805,0.335632,0.304827
Hymenocallis liriosme,forbHerb,forbHerb,0.282908,0.246952,0.311319,0.425682,0.261924
Hymenocallis littoralis,forbHerb,forbHerb,0.341365,0.30331,0.361391,0.403447,0.382122
Hymenopappus artemisiifolius,forbHerb,forbHerb,0.317064,0.300006,0.26658,0.418913,0.316025
Hymenopappus scabiosaeus,forbHerb,forbHerb,0.324805,0.272571,0.279256,0.477375,0.338521
Hyoscyamus niger,forbHerb,tree,0.397949,0.355481,0.351714,0.366896,0.303486
Hypericum androsaemum,shrub,shrub,0.355825,0.358888,0.349464,0.311039,0.286297
Hypericum ascyron,forbHerb,tree,0.348434,0.298396,0.250839,0.348278,0.347663
Hypericum gentianoides,forbHerb,forbHerb,0.366647,0.352482,0.261439,0.495136,0.394237
Hypericum kalmianum,shrub,forbHerb,0.346194,0.350816,0.260025,0.376397,0.317987
Hypericum mutilum,forbHerb,forbHerb,0.368777,0.288888,0.326194,0.474111,0.358287
Hypericum perforatum,forbHerb,tree,0.414588,0.378286,0.356574,0.389737,0.372652
Hypericum punctatum,forbHerb,forbHerb,0.349445,0.293981,0.310124,0.401813,0.361713
Hypochaeris glabra,forbHerb,forbHerb,0.396614,0.273126,0.322478,0.487327,0.409124
Hypochaeris radicata,forbHerb,forbHerb,0.402102,0.291475,0.320035,0.425402,0.419486
Hypoestes phyllostachya,forbHerb,tree,0.451401,0.370745,0.393477,0.377896,0.428223
Hypoxis hirsuta,forbHerb,forbHerb,0.365329,0.31575,0.318245,0.514288,0.304903
Hyptis alata,forbHerb,forbHerb,0.343967,0.279383,0.285868,0.404326,0.32695
Ilex glabra,shrub,shrub,0.361155,0.416955,0.313713,0.38892,0.278047
Impatiens balfourii,forbHerb,tree,0.388406,0.330763,0.376469,0.359223,0.320187
Impatiens capensis,forbHerb,forbHerb,0.365762,0.313381,0.384521,0.389714,0.336339
Impatiens glandulifera,forbHerb,tree,0.348542,0.32282,0.330513,0.287291,0.341677
Impatiens noli-tangere,forbHerb,tree,0.335133,0.30155,0.32944,0.307713,0.334765
Impatiens pallida,forbHerb,forbHerb,0.337659,0.285491,0.324537,0.350556,0.302829
Impatiens walleriana,forbHerb,vine,0.387369,0.333019,0.415348,0.36804,0.334943
Imperata cylindrica,graminoid,graminoid,0.427942,0.339536,0.320304,0.410825,0.51616
Indigofera miniata,forbHerb,forbHerb,0.379761,0.316784,0.373597,0.451741,0.403969
Inula britannica,forbHerb,forbHerb,0.328191,0.286273,0.28175,0.356079,0.344814
Inula helenium,forbHerb,forbHerb,0.344962,0.353126,0.336042,0.371736,0.272003
Inula salicina,forbHerb,forbHerb,0.405152,0.367297,0.335378,0.431703,0.355628
Ipomopsis aggregata,forbHerb,forbHerb,0.341488,0.289329,0.293224,0.420503,0.372286
Ipomopsis longiflora,forbHerb,forbHerb,0.374783,0.286479,0.266412,0.441138,0.370759
Ipomopsis rubra,forbHerb,forbHerb,0.34858,0.278301,0.313825,0.478612,0.359668
Iris cristata,forbHerb,forbHerb,0.32959,0.308602,0.345914,0.450766,0.301795
Iris douglasiana,forbHerb,forbHerb,0.301685,0.30656,0.282925,0.362809,0.3056
Iris foetidissima,forbHerb,vine,0.314283,0.32095,0.339037,0.328009,0.275949
Iris lacustris,forbHerb,forbHerb,0.341808,0.311759,0.373338,0.46501,0.345983
Iris missouriensis,forbHerb,forbHerb,0.304578,0.258097,0.270681,0.355585,0.332665
Iris pseudacorus,forbHerb,tree,0.352236,0.32404,0.332965,0.336004,0.284383
Iris setosa,forbHerb,graminoid,0.278731,0.241662,0.246443,0.35659,0.366771
Iris sibirica,forbHerb,forbHerb,0.320519,0.29234,0.271626,0.325722,0.324951
Iris tenax,forbHerb,forbHerb,0.308785,0.274677,0.278778,0.331948,0.296559
Iris verna,forbHerb,forbHerb,0.348446,0.344483,0.318814,0.449304,0.298694
Iris versicolor,forbHerb,forbHerb,0.297263,0.302905,0.284114,0.370415,0.274923
Iris virginica,forbHerb,forbHerb,0.336513,0.288877,0.315482,0.414856,0.267479
Itea virginica,shrub,forbHerb,0.384676,0.385503,0.364345,0.412201,0.308294
Iva annua,forbHerb,forbHerb,0.395976,0.303123,0.311847,0.430246,0.363541
Ixora coccinea,shrub,tree,0.418452,0.411118,0.383559,0.350602,0.379634
Jacaranda mimosifolia,tree,tree,0.482433,0.430208,0.39759,0.355686,0.353814
Jasione montana,forbHerb,forbHerb,0.351361,0.293804,0.286665,0.431484,0.388343
Jaumea carnosa,forbHerb,forbHerb,0.356365,0.283333,0.304268,0.40952,0.365486
Jeffersonia diphylla,forbHerb,forbHerb,0.347241,0.342706,0.387286,0.450478,0.285741
Juglans cinerea,tree,tree,0.431872,0.317566,0.337672,0.364782,0.244907
Juglans nigra,tree,tree,0.471351,0.34917,0.356991,0.369689,0.269024
Juglans regia,tree,tree,0.456041,0.366385,0.378032,0.323654,0.275136
Juncus acutus,graminoid,graminoid,0.355558,0.336861,0.295127,0.340931,0.428071
Juncus articulatus,graminoid,graminoid,0.33756,0.321672,0.296802,0.365794,0.423512
Juncus bufonius,graminoid,graminoid,0.383571,0.301985,0.258616,0.427765,0.450682
Juncus compressus,graminoid,graminoid,0.355999,0.32858,0.270832,0.369375,0.432918
Juncus effusus,graminoid,graminoid,0.318529,0.275969,0.254934,0.352835,0.419372
Juncus tenuis,graminoid,graminoid,0.357957,0.316654,0.248459,0.398875,0.441521
Juncus torreyi,graminoid,forbHerb,0.324522,0.279133,0.22053,0.398039,0.396378
Juniperus grandis,tree,tree,0.429064,0.342406,0.341573,0.344539,0.292621
Juniperus occidentalis,tree,tree,0.411908,0.313829,0.300049,0.311061,0.346963
Juniperus osteosperma,tree,tree,0.419193,0.358006,0.342791,0.351637,0.331976
Juniperus virginiana,tree,tree,0.476546,0.399236,0.347744,0.423744,0.34136
Justicia americana,forbHerb,forbHerb,0.428275,0.344667,0.395757,0.492229,0.426551
Justicia californica,shrub,tree,0.382461,0.31759,0.365829,0.371754,0.345081
Kallstroemia grandiflora,forbHerb,graminoid,0.377713,0.306854,0.364298,0.391611,0.431638
Kalmia angustifolia,shrub,shrub,0.314236,0.363008,0.267638,0.349903,0.306746
Kalmia polifolia,shrub,shrub,0.338427,0.404212,0.287231,0.396854,0.332659
Kerria japonica,shrub,vine,0.380604,0.361441,0.382783,0.329009,0.297686
Knautia arvensis,forbHerb,forbHerb,0.329227,0.288152,0.275312,0.371761,0.339429
Kniphofia uvaria,forbHerb,tree,0.364446,0.304439,0.337537,0.332245,0.313386
Koeleria macrantha,graminoid,graminoid,0.356445,0.299316,0.24656,0.383793,0.540829
Koelreuteria paniculata,tree,tree,0.405774,0.354328,0.365037,0.312502,0.300251
Krigia biflora,forbHerb,forbHerb,0.34639,0.252933,0.278596,0.466467,0.3402
Krigia virginica,forbHerb,forbHerb,0.36288,0.249544,0.280352,0.500985,0.394862
Laburnum anagyroides,tree,tree,0.404656,0.363588,0.370728,0.347901,0.328699
Lactuca biennis,forbHerb,forbHerb,0.316069,0.264159,0.284222,0.362186,0.288794
Lactuca canadensis,forbHerb,forbHerb,0.376748,0.322062,0.348332,0.474023,0.360733
Lactuca floridana,forbHerb,forbHerb,0.374187,0.296406,0.354889,0.416193,0.325369
Lactuca serriola,forbHerb,tree,0.384673,0.326723,0.365288,0.381632,0.38295
Lactuca tatarica,forbHerb,forbHerb,0.342799,0.267741,0.32246,0.390222,0.375071
Lagurus ovatus,graminoid,graminoid,0.367513,0.302087,0.275112,0.423972,0.463647
Lamarckia aurea,graminoid,graminoid,0.386091,0.319042,0.338774,0.37128,0.459248
Lamium album,forbHerb,tree,0.382158,0.331158,0.376293,0.349578,0.289852
Lamium amplexicaule,forbHerb,tree,0.418949,0.341569,0.396175,0.417421,0.33198
Lamium maculatum,forbHerb,tree,0.411882,0.345783,0.385296,0.291715,0.271027
Lamium purpureum,forbHerb,tree,0.39636,0.33531,0.346964,0.335168,0.30327
Lamprocapnos spectabilis,forbHerb,vine,0.379144,0.301734,0.383024,0.330645,0.30282
Langloisia setosissima,forbHerb,forbHerb,0.399358,0.31757,0.29764,0.40423,0.368599
Laportea canadensis,forbHerb,vine,0.343343,0.296768,0.382213,0.370021,0.286143
Lapsana communis,forbHerb,forbHerb,0.378049,0.29639,0.366704,0.38644,0.334943
Larix decidua,tree,tree,0.396276,0.342889,0.336205,0.367511,0.306578
Larix laricina,tree,forbHerb,0.347603,0.317842,0.26679,0.395303,0.28609
Larix occidentalis,tree,tree,0.350772,0.321866,0.296079,0.320509,0.281934
Larrea tridentata,shrub,tree,0.429247,0.423124,0.358695,0.388649,0.326099
Lasthenia californica,forbHerb,forbHerb,0.365927,0.301128,0.27657,0.43725,0.365386
Lasthenia gracilis,forbHerb,forbHerb,0.408042,0.348205,0.296405,0.455703,0.384835
Laurus nobilis,tree,vine,0.406413,0.409247,0.419026,0.280251,0.269186
Lavandula stoechas,shrub,tree,0.350916,0.344452,0.267091,0.32175,0.322388
Layia glandulosa,forbHerb,forbHerb,0.372908,0.323682,0.29875,0.405924,0.367913
Layia platyglossa,forbHerb,forbHerb,0.348202,0.282562,0.24658,0.400821,0.384808
Leersia oryzoides,graminoid,graminoid,0.315634,0.310608,0.298836,0.351699,0.473848
Lemna minor,forbHerb,forbHerb,0.386171,0.345253,0.379114,0.399575,0.304558
Lemna trisulca,forbHerb,forbHerb,0.37723,0.330062,0.357041,0.394468,0.278901
Leonotis leonurus,shrub,graminoid,0.312374,0.288065,0.280585,0.327461,0.351086
Leonotis nepetifolia,forbHerb,tree,0.397928,0.311092,0.347609,0.372476,0.373255
Leonurus cardiaca,forbHerb,tree,0.360105,0.315002,0.349777,0.34644,0.321727
Lepidium campestre,forbHerb,forbHerb,0.334747,0.286311,0.316719,0.385069,0.374809
Lepidium densiflorum,forbHerb,forbHerb,0.353659,0.32478,0.283096,0.436861,0.37201
Lepidium lasiocarpum,forbHerb,forbHerb,0.341603,0.317003,0.307877,0.426051,0.34634
Lepidium latifolium,forbHerb,forbHerb,0.343421,0.327625,0.326361,0.389803,0.342747
Lepidium nitidum,forbHerb,forbHerb,0.362086,0.319677,0.338373,0.44511,0.416699
Lepidium virginicum,forbHerb,forbHerb,0.385883,0.377762,0.35307,0.4784,0.399044
Leptarrhena pyrolifolia,forbHerb,forbHerb,0.290578,0.2708,0.270335,0.342116,0.326462
Leptosiphon bicolor,forbHerb,forbHerb,0.326692,0.287119,0.301348,0.474482,0.372977
Leptosiphon ciliatus,forbHerb,forbHerb,0.375093,0.298795,0.283928,0.445834,0.391147
Leptosiphon parviflorus,forbHerb,forbHerb,0.364488,0.333574,0.324045,0.484252,0.390116
Lespedeza capitata,forbHerb,graminoid,0.330376,0.344001,0.23247,0.392816,0.398717
Lespedeza virginica,forbHerb,graminoid,0.321181,0.344501,0.263192,0.397722,0.41747
Leucanthemum vulgare,forbHerb,forbHerb,0.317163,0.279002,0.315251,0.425076,0.366197
Leucocrinum montanum,forbHerb,forbHerb,0.331508,0.304733,0.314194,0.449624,0.354081
Leucojum aestivum,forbHerb,forbHerb,0.361645,0.338848,0.355325,0.41056,0.284748
Leucojum vernum,forbHerb,forbHerb,0.321254,0.3276,0.344289,0.375722,0.269716
Leucophyllum frutescens,shrub,tree,0.429998,0.383543,0.333579,0.399916,0.318255
Leucospora multifida,forbHerb,forbHerb,0.318054,0.233072,0.264763,0.431626,0.328381
Leucothoe fontanesiana,shrub,shrub,0.352292,0.424443,0.352415,0.335786,0.300398
Lewisia rediviva,forbHerb,forbHerb,0.362365,0.327729,0.316259,0.437897,0.387604
Leycesteria formosa,shrub,vine,0.392834,0.367653,0.412288,0.330155,0.319187
Leymus condensatus,graminoid,graminoid,0.333254,0.281666,0.256622,0.314839,0.440144
Leymus mollis,graminoid,graminoid,0.307461,0.245357,0.237205,0.340395,0.451568
Liatris aspera,forbHerb,forbHerb,0.29521,0.292678,0.251606,0.432798,0.324801
Liatris cylindracea,forbHerb,forbHerb,0.325938,0.323367,0.245239,0.432493,0.369945
Liatris elegans,forbHerb,forbHerb,0.352356,0.290357,0.244134,0.451527,0.326215
Liatris punctata,forbHerb,graminoid,0.341411,0.268949,0.222097,0.407504,0.433718
Liatris pycnostachya,forbHerb,forbHerb,0.273096,0.201742,0.192263,0.388726,0.369663
Liatris spicata,forbHerb,forbHerb,0.33909,0.282114,0.250199,0.429992,0.37543
Ligusticum scoticum,forbHerb,forbHerb,0.364289,0.346169,0.361098,0.428876,0.3061
Ligustrum quihoui,shrub,forbHerb,0.372932,0.356383,0.359038,0.37907,0.328952
Ligustrum vulgare,shrub,shrub,0.430737,0.448991,0.434054,0.38552,0.301032
Lilium bulbiferum,forbHerb,vine,0.336855,0.345514,0.356153,0.349717,0.306885
Lilium canadense,forbHerb,forbHerb,0.306171,0.305434,0.311627,0.407785,0.286817
Lilium columbianum,forbHerb,forbHerb,0.281531,0.297923,0.276473,0.386761,0.307712
Lilium formosanum,forbHerb,forbHerb,0.370365,0.357171,0.345609,0.43464,0.398018
Lilium humboldtii,forbHerb,forbHerb,0.325634,0.307237,0.313756,0.339432,0.251787
Lilium lancifolium,forbHerb,shrub,0.307579,0.336046,0.311862,0.330325,0.324073
Lilium michiganense,forbHerb,forbHerb,0.27747,0.261779,0.277038,0.398701,0.268071
Lilium pardalinum,forbHerb,forbHerb,0.294235,0.292383,0.30666,0.40824,0.266025
Lilium parvum,forbHerb,forbHerb,0.28061,0.259375,0.278589,0.392279,0.29492
Lilium philadelphicum,forbHerb,forbHerb,0.312101,0.335341,0.296355,0.45641,0.298817
Lilium superbum,forbHerb,forbHerb,0.310671,0.314747,0.307525,0.394201,0.268089
Lilium washingtonianum,forbHerb,forbHerb,0.293961,0.293824,0.294169,0.335891,0.209672
Limnanthes douglasii,forbHerb,forbHerb,0.355848,0.316431,0.338436,0.437877,0.314257
Limonium carolinianum,forbHerb,forbHerb,0.382831,0.346426,0.321924,0.493677,0.407615
Limonium sinuatum,forbHerb,graminoid,0.345683,0.300056,0.324656,0.359067,0.369368
Linanthus dianthiflorus,forbHerb,forbHerb,0.341518,0.317483,0.262741,0.416229,0.332038
Linaria dalmatica,forbHerb,forbHerb,0.366497,0.328965,0.322505,0.386531,0.305329
Linaria purpurea,forbHerb,forbHerb,0.352938,0.344089,0.364425,0.37138,0.335873
Linaria vulgaris,forbHerb,forbHerb,0.350777,0.361056,0.360494,0.464514,0.34654
Lindernia dubia,forbHerb,forbHerb,0.401329,0.309604,0.384296,0.406473,0.36798
Lindheimera texana,forbHerb,forbHerb,0.329781,0.251796,0.246136,0.428975,0.346662
Linum bienne,forbHerb,forbHerb,0.368965,0.34873,0.30544,0.457772,0.37416
Linum pratense,forbHerb,forbHerb,0.332903,0.31094,0.313956,0.497483,0.380814
Linum rigidum,forbHerb,forbHerb,0.396225,0.348404,0.343274,0.499875,0.398637
Liparis liliifolia,forbHerb,forbHerb,0.372273,0.364147,0.374411,0.453491,0.301249
Liquidambar styraciflua,tree,tree,0.429292,0.312601,0.346121,0.398682,0.281263
Liriodendron tulipifera,tree,tree,0.455914,0.361927,0.376959,0.435927,0.288129
Liriope muscari,forbHerb,forbHerb,0.343707,0.307642,0.332832,0.390416,0.357083
Lithophragma affine,forbHerb,forbHerb,0.338751,0.300798,0.347461,0.434779,0.322676
Lithophragma heterophyllum,forbHerb,forbHerb,0.293531,0.29834,0.319225,0.416421,0.285647
Lithophragma parviflorum,forbHerb,forbHerb,0.334022,0.290205,0.30161,0.467224,0.351058
Lithospermum canescens,forbHerb,forbHerb,0.350794,0.325492,0.31034,0.432599,0.349864
Lithospermum caroliniense,forbHerb,forbHerb,0.368514,0.32793,0.272177,0.426525,0.381553
Lithospermum incisum,forbHerb,forbHerb,0.32496,0.268599,0.278563,0.445846,0.407999
Lithospermum officinale,forbHerb,graminoid,0.338108,0.309361,0.273637,0.343146,0.36594
Lithospermum ruderale,forbHerb,forbHerb,0.297497,0.250329,0.247745,0.358613,0.348725
Lobelia cardinalis,forbHerb,forbHerb,0.314062,0.242528,0.297967,0.399244,0.327216
Lobelia dortmanna,forbHerb,forbHerb,0.337265,0.279211,0.303101,0.445509,0.352661
Lobelia inflata,forbHerb,forbHerb,0.320533,0.269188,0.268804,0.432134,0.349106
Lobelia kalmii,forbHerb,forbHerb,0.324705,0.328741,0.291873,0.49389,0.39395
Lobelia puberula,forbHerb,forbHerb,0.321163,0.28159,0.311215,0.43283,0.379338
Lobelia siphilitica,forbHerb,forbHerb,0.318322,0.23469,0.288406,0.404251,0.3157
Lobelia spicata,forbHerb,forbHerb,0.289915,0.265628,0.289653,0.474492,0.387504
Lobularia maritima,forbHerb,forbHerb,0.396853,0.396484,0.350312,0.442412,0.411328
Loeseliastrum matthewsii,forbHerb,forbHerb,0.395175,0.333327,0.319663,0.41871,0.359792
Lolium perenne,graminoid,graminoid,0.373545,0.310164,0.315971,0.374069,0.501253
Lomatium dissectum,forbHerb,graminoid,0.330453,0.307434,0.281102,0.34313,0.348193
Lomatium triternatum,forbHerb,graminoid,0.304415,0.289757,0.27253,0.376025,0.384267
Lomatium utriculatum,forbHerb,forbHerb,0.349612,0.297693,0.298098,0.409711,0.344792
Lonicera canadensis,shrub,forbHerb,0.37331,0.374229,0.352707,0.39906,0.300601
Lonicera dioica,vine,forbHerb,0.385104,0.394781,0.39088,0.412254,0.343164
Lonicera hispidula,vine,vine,0.354538,0.329441,0.365661,0.324084,0.322986
Lonicera involucrata,shrub,shrub,0.323072,0.327975,0.295912,0.318045,0.294709
Lonicera japonica,vine,vine,0.420708,0.378753,0.444338,0.367353,0.347259
Lonicera maackii,shrub,vine,0.376424,0.33262,0.376745,0.342174,0.290793
Lonicera morrowii,shrub,shrub,0.372858,0.37646,0.37288,0.356759,0.28123
Lonicera periclymenum,vine,vine,0.371892,0.37319,0.425368,0.340618,0.306256
Lonicera sempervirens,vine,vine,0.383453,0.354061,0.426205,0.403755,0.312244
Lonicera tatarica,shrub,tree,0.375494,0.349346,0.367226,0.306976,0.293306
Lonicera xylosteum,shrub,vine,0.346217,0.349192,0.362714,0.304353,0.282997
Lophophora williamsii,shrub,forbHerb,0.393592,0.347193,0.364616,0.422004,0.351411
Lotus corniculatus,forbHerb,forbHerb,0.384857,0.325233,0.356412,0.416323,0.403247
Lotus pedunculatus,forbHerb,graminoid,0.368319,0.31517,0.379466,0.391688,0.405029
Ludwigia alternifolia,forbHerb,forbHerb,0.312288,0.326827,0.244226,0.360614,0.348513
Ludwigia palustris,forbHerb,tree,0.400226,0.314397,0.367116,0.353834,0.311344
Ludwigia peploides,forbHerb,tree,0.405217,0.340437,0.388024,0.390604,0.346286
Lunaria annua,forbHerb,vine,0.393825,0.354088,0.423303,0.334849,0.29773
Lunaria rediviva,forbHerb,vine,0.355733,0.341398,0.375645,0.328251,0.300955
Lupinus angustifolius,forbHerb,forbHerb,0.385453,0.366152,0.335806,0.422053,0.399009
Lupinus arcticus,forbHerb,forbHerb,0.303047,0.23726,0.245154,0.381002,0.334737
Lupinus arizonicus,forbHerb,forbHerb,0.354612,0.286592,0.287416,0.373615,0.349166
Lupinus bicolor,forbHerb,forbHerb,0.365502,0.307063,0.307331,0.470304,0.389614
Lupinus concinnus,forbHerb,forbHerb,0.399414,0.361623,0.349846,0.44483,0.360846
Lupinus hirsutissimus,forbHerb,forbHerb,0.336677,0.287043,0.313314,0.384012,0.344735
Lupinus lepidus,forbHerb,forbHerb,0.377897,0.304017,0.267188,0.413449,0.394106
Lupinus nanus,forbHerb,forbHerb,0.357941,0.260404,0.264802,0.413249,0.383846
Lupinus nootkatensis,forbHerb,forbHerb,0.303945,0.26667,0.239362,0.373873,0.355019
Lupinus perennis,forbHerb,forbHerb,0.390454,0.34396,0.343277,0.469072,0.38741
Lupinus polyphyllus,forbHerb,forbHerb,0.375827,0.351001,0.325083,0.4034,0.353345
Lupinus sparsiflorus,forbHerb,forbHerb,0.336044,0.32825,0.2868,0.424105,0.402731
Lupinus succulentus,forbHerb,forbHerb,0.33691,0.279835,0.272206,0.349221,0.344948
Lupinus texensis,forbHerb,forbHerb,0.384122,0.301299,0.319357,0.457929,0.394304
Lupinus truncatus,forbHerb,forbHerb,0.33396,0.318165,0.316752,0.400754,0.346762
Luzula campestris,graminoid,graminoid,0.361432,0.349275,0.2851,0.395263,0.434881
Luzula multiflora,graminoid,graminoid,0.340673,0.322041,0.239678,0.391296,0.416702
Lycium andersonii,shrub,forbHerb,0.344339,0.342049,0.383265,0.383847,0.341171
Lycium carolinianum,shrub,forbHerb,0.374219,0.407118,0.428275,0.496436,0.339448
Lycium ferocissimum,shrub,vine,0.436773,0.437349,0.481777,0.406832,0.343741
Lycopus americanus,forbHerb,forbHerb,0.339316,0.284307,0.291441,0.376216,0.305948
Lycopus europaeus,forbHerb,tree,0.374146,0.318751,0.323661,0.327677,0.320616
Lycopus uniflorus,forbHerb,forbHerb,0.351545,0.309308,0.308737,0.385493,0.337279
Lycoris radiata,forbHerb,forbHerb,0.32859,0.25976,0.315848,0.330807,0.319802
Lygodesmia texana,forbHerb,forbHerb,0.35372,0.273222,0.339651,0.460849,0.390719
Lyonia lucida,shrub,shrub,0.380465,0.435042,0.331473,0.34302,0.2955
Lysichiton americanus,forbHerb,forbHerb,0.37018,0.315638,0.309239,0.381718,0.296689
Lysimachia ciliata,forbHerb,forbHerb,0.308474,0.26952,0.273313,0.36871,0.362096
Lysimachia clethroides,forbHerb,forbHerb,0.304804,0.306485,0.263215,0.366325,0.362697
Lysimachia nummularia,forbHerb,tree,0.394744,0.3283,0.390746,0.382334,0.291867
Lysimachia punctata,forbHerb,tree,0.343594,0.295163,0.286388,0.307452,0.331437
Lysimachia quadriflora,forbHerb,forbHerb,0.299234,0.300975,0.283073,0.446727,0.310586
Lysimachia quadrifolia,forbHerb,forbHerb,0.323196,0.311034,0.290576,0.41248,0.308962
Lysimachia terrestris,forbHerb,forbHerb,0.293256,0.303459,0.26516,0.35378,0.33479
Lysimachia thyrsiflora,forbHerb,forbHerb,0.292723,0.31128,0.270948,0.35804,0.326208
Lysimachia vulgaris,forbHerb,graminoid,0.312993,0.294837,0.293829,0.333194,0.335774
Macaranga tanarius,tree,vine,0.380433,0.326243,0.384129,0.321666,0.363688
Machaeranthera tanacetifolia,forbHerb,forbHerb,0.303709,0.266306,0.209418,0.384066,0.370284
Macroptilium gibbosifolium,forbHerb,forbHerb,0.341282,0.292222,0.407529,0.420724,0.400542
Madia elegans,forbHerb,forbHerb,0.374062,0.315182,0.255761,0.403445,0.36991
Madia gracilis,forbHerb,forbHerb,0.330355,0.263714,0.221968,0.417299,0.332692
Madia sativa,forbHerb,forbHerb,0.321968,0.260013,0.230723,0.382283,0.364828
Magnolia acuminata,tree,tree,0.421123,0.353367,0.341189,0.402015,0.256846
Magnolia fraseri,tree,tree,0.423939,0.381102,0.334391,0.412345,0.235139
Magnolia grandiflora,tree,tree,0.447555,0.401954,0.337044,0.424292,0.249055
Magnolia macrophylla,tree,forbHerb,0.39856,0.3792,0.318933,0.43307,0.20916
Magnolia tripetala,tree,forbHerb,0.35664,0.335698,0.299736,0.37973,0.217044
Maianthemum canadense,forbHerb,forbHerb,0.351467,0.348382,0.376419,0.442871,0.313854
Maianthemum dilatatum,forbHerb,forbHerb,0.323208,0.30365,0.356558,0.360062,0.334956
Maianthemum racemosum,forbHerb,forbHerb,0.340963,0.355462,0.364398,0.370329,0.290911
Maianthemum stellatum,forbHerb,forbHerb,0.300645,0.345026,0.324196,0.398181,0.334582
Maianthemum trifolium,forbHerb,forbHerb,0.32036,0.363277,0.343999,0.427594,0.337128
Malacothrix glabrata,forbHerb,forbHerb,0.375949,0.270041,0.334685,0.415067,0.362399
Malus pumila,tree,shrub,0.49021,0.492868,0.448212,0.412763,0.298222
Malva moschata,forbHerb,forbHerb,0.338601,0.323516,0.336867,0.377587,0.297856
Malva neglecta,forbHerb,vine,0.398704,0.342451,0.411952,0.39485,0.334279
Malva parviflora,forbHerb,vine,0.38758,0.358861,0.415554,0.378009,0.352918
Malva sylvestris,forbHerb,vine,0.385152,0.331251,0.390435,0.334784,0.315356
Malvella leprosa,forbHerb,vine,0.338976,0.285443,0.378481,0.374026,0.301179
Mammillaria dioica,shrub,forbHerb,0.355638,0.307103,0.38209,0.43916,0.371254
Mammillaria grahamii,shrub,forbHerb,0.397598,0.349808,0.386561,0.408898,0.387673
Mammillaria heyderi,shrub,graminoid,0.306735,0.245329,0.295182,0.354857,0.38765
Mammillaria tetrancistra,shrub,forbHerb,0.334093,0.320816,0.348453,0.357947,0.321023
Mangifera indica,tree,tree,0.463014,0.414388,0.40724,0.357457,0.326495
Marshallia caespitosa,forbHerb,forbHerb,0.357312,0.289124,0.289891,0.505635,0.429074
Matelea biflora,forbHerb,vine,0.406292,0.367557,0.485065,0.411245,0.334793
Matelea reticulata,vine,vine,0.416532,0.392894,0.475499,0.417794,0.364063
Matricaria discoidea,forbHerb,forbHerb,0.363299,0.280005,0.289937,0.454265,0.368368
Matteuccia struthiopteris,forbHerb,tree,0.310685,0.300228,0.297441,0.290918,0.266046
Mazus pumilus,forbHerb,forbHerb,0.401387,0.310043,0.391834,0.487538,0.340738
Mecardonia procumbens,forbHerb,tree,0.433587,0.303566,0.357841,0.411915,0.393683
Medeola virginiana,forbHerb,forbHerb,0.333188,0.376943,0.39549,0.465813,0.283884
Medicago arabica,forbHerb,forbHerb,0.37533,0.29102,0.392264,0.409313,0.392022
Medicago lupulina,forbHerb,forbHerb,0.378411,0.292949,0.356603,0.458002,0.386217
Medicago minima,forbHerb,forbHerb,0.398155,0.314427,0.366093,0.469841,0.412402
Medicago polymorpha,forbHerb,forbHerb,0.407978,0.309591,0.354045,0.426675,0.41745
Medicago sativa,forbHerb,graminoid,0.391202,0.337289,0.356812,0.405511,0.41396
Melampyrum lineare,forbHerb,forbHerb,0.371864,0.378387,0.321964,0.463754,0.319868
Melanthera nivea,forbHerb,graminoid,0.422369,0.339668,0.341737,0.435751,0.437665
Melastoma malabathricum,shrub,tree,0.420769,0.404523,0.337034,0.356576,0.390201
Melilotus indicus,forbHerb,graminoid,0.391132,0.343322,0.375324,0.440541,0.446332
Melilotus officinalis,forbHerb,graminoid,0.366058,0.320736,0.307005,0.382217,0.39698
Melinis repens,graminoid,graminoid,0.376636,0.356174,0.319157,0.388161,0.570537
Melissa officinalis,forbHerb,tree,0.379143,0.326036,0.315715,0.315329,0.286784
Menispermum canadense,vine,vine,0.342335,0.315217,0.494042,0.39441,0.274738
Mentha aquatica,forbHerb,tree,0.382738,0.318898,0.352049,0.321834,0.312283
Mentha arvensis,forbHerb,tree,0.377294,0.309672,0.328928,0.295239,0.301707
Mentha pulegium,forbHerb,tree,0.371312,0.269527,0.32501,0.348879,0.279487
Mentha spicata,forbHerb,tree,0.421953,0.361292,0.354212,0.323326,0.297369
Mentzelia involucrata,forbHerb,tree,0.356353,0.313238,0.284834,0.340887,0.26648
Mentzelia laevicaulis,forbHerb,tree,0.366239,0.296415,0.277476,0.359528,0.314148
Menyanthes trifoliata,forbHerb,forbHerb,0.333119,0.304758,0.320298,0.40002,0.32059
Mercurialis annua,forbHerb,vine,0.361836,0.31125,0.38802,0.331604,0.340027
Mertensia ciliata,forbHerb,graminoid,0.34204,0.285927,0.315825,0.354444,0.356998
Mertensia maritima,forbHerb,tree,0.419341,0.345478,0.376052,0.402559,0.336423
Mertensia virginica,forbHerb,forbHerb,0.379682,0.316551,0.350748,0.426683,0.297323
Mesembryanthemum crystallinum,forbHerb,forbHerb,0.395099,0.318171,0.396965,0.404107,0.329359
Mesembryanthemum nodiflorum,forbHerb,forbHerb,0.359031,0.300812,0.38127,0.408485,0.365226
Micropus californicus,forbHerb,forbHerb,0.398229,0.313022,0.33389,0.427421,0.294825
Microstegium vimineum,graminoid,graminoid,0.387789,0.317299,0.313519,0.399567,0.518291
Microsteris gracilis,forbHerb,forbHerb,0.455983,0.369405,0.379029,0.516091,0.36322
Mikania micrantha,vine,vine,0.414942,0.334868,0.474505,0.362462,0.385786
Milium effusum,graminoid,graminoid,0.34651,0.302235,0.3148,0.357539,0.469265
Milla biflora,forbHerb,forbHerb,0.375197,0.330916,0.317194,0.481605,0.360112
Mimosa nuttallii,forbHerb,forbHerb,0.454738,0.457951,0.416976,0.476656,0.442833
Mimosa pudica,forbHerb,graminoid,0.397059,0.402572,0.418055,0.396033,0.466818
Mimulus alatus,forbHerb,forbHerb,0.294094,0.232943,0.267998,0.355861,0.289469
Mimulus ringens,forbHerb,forbHerb,0.291535,0.227087,0.279415,0.350553,0.287226
Mirabilis nyctaginea,forbHerb,forbHerb,0.372615,0.287332,0.376366,0.38339,0.311063
Miscanthus sinensis,graminoid,graminoid,0.329385,0.334915,0.298995,0.319978,0.477131
Mitella diphylla,forbHerb,forbHerb,0.298434,0.286031,0.40719,0.42312,0.249736
Mitella nuda,forbHerb,forbHerb,0.310036,0.324867,0.408155,0.454161,0.272161
Moehringia lateriflora,forbHerb,forbHerb,0.354618,0.342295,0.352813,0.444656,0.305386
Moehringia macrophylla,forbHerb,forbHerb,0.332348,0.344431,0.331088,0.452927,0.308874
Moehringia trinervia,forbHerb,tree,0.387334,0.279548,0.34976,0.352652,0.298286
Mohavea confertiflora,forbHerb,forbHerb,0.344327,0.335151,0.302085,0.387793,0.279529
Mollugo verticillata,forbHerb,forbHerb,0.351913,0.31609,0.395853,0.492898,0.371914
Monarda citriodora,forbHerb,forbHerb,0.377816,0.300991,0.256108,0.391446,0.336878
Monarda didyma,forbHerb,tree,0.332711,0.277095,0.262501,0.303802,0.266125
Moneses uniflora,forbHerb,forbHerb,0.351317,0.345423,0.357934,0.455349,0.255775
Monoptilon bellioides,forbHerb,forbHerb,0.361741,0.316593,0.290218,0.450066,0.358441
Monotropa hypopitys,forbHerb,tree,0.396783,0.369216,0.325199,0.38723,0.269919
Monotropa uniflora,forbHerb,forbHerb,0.383793,0.342753,0.283753,0.461905,0.25463
Montia parvifolia,forbHerb,forbHerb,0.368659,0.280516,0.34535,0.426968,0.328456
Morus rubra,tree,vine,0.373581,0.296369,0.379854,0.338821,0.261474
Muehlenbeckia axillaris,shrub,forbHerb,0.416783,0.412589,0.432095,0.433003,0.419762
Muehlenbeckia complexa,vine,vine,0.412098,0.387256,0.494622,0.387505,0.364176
Muhlenbergia rigens,graminoid,graminoid,0.304359,0.25426,0.252198,0.31435,0.464767
Muilla maritima,forbHerb,forbHerb,0.350836,0.341923,0.326827,0.487238,0.392966
Muscari armeniacum,forbHerb,forbHerb,0.395733,0.378579,0.39036,0.408706,0.328148
Muscari botryoides,forbHerb,forbHerb,0.321021,0.319124,0.314056,0.40295,0.339259
Muscari neglectum,forbHerb,forbHerb,0.384091,0.333463,0.349196,0.421376,0.334247
Mycelis muralis,forbHerb,vine,0.369471,0.316092,0.394223,0.375272,0.319713
Myosotis arvensis,forbHerb,forbHerb,0.356976,0.282851,0.337942,0.385233,0.356626
Myosotis discolor,forbHerb,forbHerb,0.379754,0.317816,0.343645,0.426495,0.37817
Myosotis latifolia,forbHerb,forbHerb,0.33433,0.259792,0.30576,0.384706,0.331413
Myosotis scorpioides,forbHerb,forbHerb,0.370933,0.315728,0.339792,0.399893,0.34497
Myosotis sylvatica,forbHerb,forbHerb,0.378211,0.328505,0.348462,0.410723,0.374489
Myrica gale,shrub,shrub,0.391429,0.407283,0.295722,0.319219,0.332002
Myriophyllum aquaticum,forbHerb,forbHerb,0.357803,0.300313,0.31702,0.396024,0.362533
Myriophyllum spicatum,forbHerb,tree,0.410499,0.372623,0.383615,0.376885,0.352933
Nandina domestica,shrub,shrub,0.368363,0.40063,0.386007,0.373543,0.294171
Narcissus poeticus,forbHerb,forbHerb,0.340103,0.329919,0.331531,0.362322,0.240622
Nassella leucotricha,graminoid,graminoid,0.327185,0.251238,0.275876,0.38214,0.485511
Nassella pulchra,graminoid,graminoid,0.359962,0.28777,0.297095,0.357407,0.4643
Nasturtium officinale,forbHerb,vine,0.393682,0.335124,0.418331,0.360704,0.314242
Navarretia squarrosa,forbHerb,forbHerb,0.367282,0.256982,0.27289,0.418649,0.383912
Nelumbo lutea,forbHerb,forbHerb,0.362157,0.260299,0.308716,0.366736,0.275281
Nelumbo nucifera,forbHerb,tree,0.39415,0.328527,0.365996,0.353517,0.307025
Nemastylis geminiflora,forbHerb,forbHerb,0.341446,0.311608,0.290075,0.46313,0.353844
Nemophila heterophylla,forbHerb,forbHerb,0.317605,0.273453,0.32442,0.396494,0.262512
Nemophila maculata,forbHerb,forbHerb,0.359603,0.245023,0.277625,0.419358,0.296992
Nemophila menziesii,forbHerb,forbHerb,0.383819,0.30144,0.334829,0.419934,0.324353
Nemophila parviflora,forbHerb,forbHerb,0.344869,0.274282,0.337136,0.422983,0.305408
Nemophila phacelioides,forbHerb,forbHerb,0.366924,0.299251,0.351154,0.441047,0.294407
Neolloydia conoidea,shrub,graminoid,0.479676,0.476006,0.400304,0.488637,0.515139
Nepeta cataria,forbHerb,tree,0.378365,0.308073,0.355674,0.345219,0.279645
Nephrolepis cordifolia,forbHerb,tree,0.40904,0.359809,0.350412,0.365698,0.395817
Nephrophyllidium crista-galli,forbHerb,forbHerb,0.306478,0.266405,0.358576,0.408013,0.290385
Neptunia lutea,forbHerb,forbHerb,0.367288,0.304597,0.370537,0.428194,0.413912
Neptunia pubescens,forbHerb,forbHerb,0.369067,0.354479,0.394732,0.447932,0.423004
Nicandra physalodes,forbHerb,tree,0.38737,0.362815,0.351358,0.300474,0.32911
Nigella damascena,forbHerb,forbHerb,0.39745,0.38835,0.369582,0.444896,0.338132
Nothoscordum bivalve,forbHerb,forbHerb,0.339412,0.318226,0.335203,0.51732,0.400502
Nuphar lutea,forbHerb,tree,0.36448,0.300195,0.362968,0.332387,0.229915
Nuttallanthus canadensis,forbHerb,forbHerb,0.346678,0.29998,0.326099,0.498021,0.345794
Nuttallanthus texanus,forbHerb,forbHerb,0.350109,0.286266,0.314706,0.470606,0.335852
Nymphaea odorata,forbHerb,forbHerb,0.33594,0.277171,0.32558,0.387823,0.258749
Nymphoides indica,forbHerb,vine,0.406365,0.353313,0.475357,0.432405,0.347863
Nyssa sylvatica,tree,tree,0.460618,0.370237,0.377743,0.425392,0.279964
Obolaria virginica,forbHerb,forbHerb,0.3949,0.344105,0.373254,0.4806,0.259536
Oclemena acuminata,forbHerb,forbHerb,0.297159,0.302683,0.255883,0.389154,0.288173
Oeceoclades maculata,forbHerb,tree,0.481027,0.415467,0.372462,0.408278,0.424825
Oenanthe aquatica,forbHerb,forbHerb,0.338028,0.287076,0.313384,0.365367,0.286141
Oenanthe sarmentosa,forbHerb,tree,0.333198,0.280676,0.318135,0.319198,0.280988
Oenothera biennis,forbHerb,tree,0.376547,0.328025,0.278344,0.375494,0.368949
Oenothera deltoides,forbHerb,graminoid,0.360221,0.255777,0.279633,0.337155,0.36544
Oenothera elata,forbHerb,forbHerb,0.347607,0.298523,0.277782,0.373682,0.337942
Oenothera glazioviana,forbHerb,tree,0.381908,0.361147,0.332673,0.31834,0.379825
Oenothera laciniata,forbHerb,forbHerb,0.370018,0.30415,0.321129,0.43313,0.396697
Oenothera macrocarpa,forbHerb,tree,0.416843,0.365803,0.344115,0.387576,0.396969
Oenothera rosea,forbHerb,graminoid,0.409518,0.293203,0.335501,0.382208,0.418519
Oenothera triloba,forbHerb,forbHerb,0.413056,0.294362,0.32631,0.418633,0.35198
Oldenlandia corymbosa,forbHerb,graminoid,0.384532,0.318082,0.351259,0.430878,0.445166
Olsynium douglasii,forbHerb,forbHerb,0.319845,0.314874,0.278907,0.403276,0.334533
Omalotheca sylvatica,forbHerb,graminoid,0.26614,0.220881,0.1934,0.364609,0.434251
Onobrychis viciifolia,forbHerb,graminoid,0.336257,0.280979,0.25169,0.352495,0.410812
Onoclea sensibilis,forbHerb,forbHerb,0.316499,0.28311,0.253141,0.380332,0.303054
Onopordum acanthium,forbHerb,forbHerb,0.39473,0.378844,0.342671,0.398404,0.30438
Oplismenus hirtellus,graminoid,graminoid,0.435266,0.355112,0.365601,0.40816,0.522281
Oplopanax horridus,shrub,forbHerb,0.296654,0.256406,0.317272,0.327474,0.271769
Opuntia chlorotica,shrub,shrub,0.299016,0.301009,0.28895,0.276281,0.290564
Opuntia engelmannii,shrub,forbHerb,0.338415,0.31732,0.328439,0.36098,0.342326
Opuntia fragilis,shrub,forbHerb,0.388113,0.361027,0.353796,0.444967,0.341119
Opuntia humifusa,shrub,forbHerb,0.370218,0.354402,0.384354,0.41428,0.311619
Opuntia littoralis,shrub,forbHerb,0.325374,0.314072,0.335325,0.336081,0.292876
Opuntia macrorhiza,shrub,forbHerb,0.330771,0.296708,0.316209,0.366392,0.309134
Opuntia microdasys,shrub,vine,0.320944,0.295922,0.362275,0.351702,0.284216
Opuntia phaeacantha,shrub,vine,0.317272,0.33471,0.343515,0.32729,0.337823
Opuntia polyacantha,shrub,forbHerb,0.337846,0.314781,0.323297,0.385724,0.340307
Opuntia stricta,shrub,shrub,0.408532,0.443568,0.436387,0.424528,0.328114
Origanum vulgare,forbHerb,tree,0.410262,0.357838,0.36002,0.372311,0.349358
Ornithogalum umbellatum,forbHerb,forbHerb,0.403844,0.34752,0.350518,0.484602,0.338271
Orobanche hederae,forbHerb,vine,0.36484,0.330108,0.388792,0.328976,0.29695
Orobanche minor,forbHerb,forbHerb,0.422662,0.364873,0.381089,0.431917,0.386473
Orontium aquaticum,forbHerb,forbHerb,0.335255,0.301771,0.311301,0.433864,0.334886
Oryzopsis asperifolia,graminoid,graminoid,0.362959,0.350897,0.303925,0.425491,0.446332
Osmorhiza berteroi,forbHerb,forbHerb,0.321531,0.265532,0.303355,0.394225,0.348285
Osmorhiza claytonii,forbHerb,forbHerb,0.321413,0.302894,0.323466,0.426354,0.303037
Osmorhiza longistylis,forbHerb,forbHerb,0.305249,0.274178,0.285323,0.375744,0.285801
Osmunda claytoniana,forbHerb,forbHerb,0.357853,0.378023,0.329319,0.402575,0.342272
Osmunda regalis,forbHerb,tree,0.351608,0.344837,0.331942,0.311268,0.330733
Oxalis corniculata,forbHerb,forbHerb,0.403234,0.344271,0.395594,0.423162,0.412297
Oxalis debilis,forbHerb,forbHerb,0.41805,0.338914,0.400226,0.431455,0.40491
Oxalis dillenii,forbHerb,forbHerb,0.35419,0.264052,0.31166,0.429905,0.347991
Oxalis drummondii,forbHerb,forbHerb,0.338115,0.286457,0.355698,0.445387,0.348691
Oxalis incarnata,forbHerb,vine,0.379643,0.332141,0.389555,0.382933,0.324901
Oxalis latifolia,forbHerb,forbHerb,0.403482,0.362331,0.417668,0.424389,0.421379
Oxalis montana,forbHerb,forbHerb,0.326503,0.33183,0.337542,0.420596,0.295274
Oxalis oregana,forbHerb,forbHerb,0.339497,0.298439,0.337119,0.358738,0.305084
Oxalis pes-caprae,forbHerb,forbHerb,0.394032,0.331086,0.371571,0.397681,0.396965
Oxalis purpurea,forbHerb,vine,0.38406,0.351377,0.397496,0.377194,0.371466
Oxalis stricta,forbHerb,forbHerb,0.374215,0.309971,0.337705,0.405865,0.356569
Oxalis violacea,forbHerb,forbHerb,0.354007,0.293065,0.339311,0.449171,0.329086
Oxypolis rigidior,forbHerb,forbHerb,0.29213,0.291236,0.289607,0.437068,0.337916
Oxyria digyna,forbHerb,vine,0.298662,0.270384,0.349751,0.3284,0.331437
Oxytropis campestris,forbHerb,forbHerb,0.376637,0.320645,0.304866,0.409405,0.3841
Oxytropis lambertii,forbHerb,graminoid,0.347251,0.278381,0.238281,0.357516,0.417457
Pachira aquatica,tree,tree,0.423361,0.335344,0.376521,0.380036,0.298374
Packera anonyma,forbHerb,forbHerb,0.327996,0.284823,0.27556,0.43551,0.360376
Packera aurea,forbHerb,forbHerb,0.296807,0.271725,0.327898,0.39496,0.299102
Packera glabella,forbHerb,forbHerb,0.348381,0.264707,0.343683,0.391417,0.289163
Packera obovata,forbHerb,forbHerb,0.314891,0.269225,0.339742,0.406463,0.274523
Packera paupercula,forbHerb,forbHerb,0.300915,0.249841,0.275773,0.413179,0.328002
Packera tampicana,forbHerb,forbHerb,0.324193,0.271699,0.327161,0.43392,0.313802
Paeonia brownii,forbHerb,forbHerb,0.282478,0.257622,0.271587,0.309876,0.247023
Paeonia californica,forbHerb,forbHerb,0.289221,0.289771,0.261648,0.327655,0.285514
Palafoxia callosa,forbHerb,forbHerb,0.412093,0.380669,0.339425,0.479881,0.373601
Paliurus spina-christi,tree,vine,0.455286,0.435785,0.467436,0.308573,0.330776
Panax quinquefolius,forbHerb,forbHerb,0.348883,0.321925,0.422073,0.425416,0.259965
Panax trifolius,forbHerb,forbHerb,0.343422,0.374196,0.402931,0.46401,0.256042
Pancratium maritimum,forbHerb,forbHerb,0.360979,0.311434,0.320853,0.379112,0.333246
Pandanus tectorius,tree,tree,0.43592,0.345171,0.345662,0.376477,0.357621
Panicum capillare,graminoid,graminoid,0.372712,0.309782,0.306365,0.409453,0.500019
Panicum virgatum,graminoid,graminoid,0.347053,0.319026,0.286213,0.392039,0.508197
Papaver dubium,forbHerb,forbHerb,0.409049,0.344678,0.374771,0.440175,0.375655
Papaver rhoeas,forbHerb,forbHerb,0.406856,0.338427,0.371807,0.412416,0.36091
Papaver somniferum,forbHerb,tree,0.377331,0.35042,0.34361,0.348227,0.29289
Parietaria judaica,forbHerb,vine,0.386725,0.303346,0.389133,0.298805,0.329712
Parietaria pensylvanica,forbHerb,forbHerb,0.362699,0.254809,0.295702,0.3946,0.3247
Parnassia fimbriata,forbHerb,forbHerb,0.280501,0.267564,0.311189,0.392501,0.32397
Parnassia glauca,forbHerb,forbHerb,0.302705,0.299677,0.333251,0.459148,0.283544
Parnassia palustris,forbHerb,forbHerb,0.383997,0.345439,0.381125,0.462013,0.354363
Parthenium hysterophorus,forbHerb,forbHerb,0.375903,0.340394,0.332168,0.456035,0.417768
Parthenium incanum,shrub,forbHerb,0.327602,0.30601,0.314113,0.370519,0.337642
Parthenium integrifolium,forbHerb,forbHerb,0.336773,0.304356,0.309749,0.424367,0.288178
Parthenocissus quinquefolia,vine,vine,0.402026,0.326579,0.534234,0.418615,0.276683
Parthenocissus tricuspidata,vine,vine,0.384836,0.305452,0.533912,0.387409,0.309078
Paspalum dilatatum,graminoid,graminoid,0.360576,0.291062,0.324619,0.36565,0.486614
Paspalum notatum,graminoid,graminoid,0.423065,0.30587,0.308495,0.4236,0.508574
Paspalum urvillei,graminoid,graminoid,0.308029,0.264732,0.256733,0.344492,0.502095
Passiflora caerulea,vine,vine,0.401725,0.370604,0.473493,0.379436,0.343069
Passiflora edulis,vine,vine,0.428272,0.393506,0.490377,0.376324,0.320657
Passiflora vitifolia,vine,vine,0.389635,0.301662,0.428801,0.355985,0.331257
Pastinaca sativa,forbHerb,forbHerb,0.386598,0.342547,0.358392,0.394773,0.305559
Paulownia tomentosa,tree,tree,0.383005,0.289024,0.339077,0.330887,0.30039
Paxistima myrsinites,shrub,shrub,0.366423,0.403211,0.312844,0.306513,0.30627
Pectis papposa,forbHerb,forbHerb,0.418281,0.346059,0.329938,0.442284,0.431885
Pedicularis attollens,forbHerb,graminoid,0.298473,0.231986,0.216071,0.369991,0.382325
Pedicularis bracteosa,forbHerb,forbHerb,0.287747,0.267776,0.230937,0.370981,0.343898
Pedicularis densiflora,forbHerb,forbHerb,0.331666,0.315621,0.26497,0.343247,0.310215
Pedicularis groenlandica,forbHerb,graminoid,0.308207,0.270189,0.255771,0.351307,0.356311
Pedicularis labradorica,forbHerb,forbHerb,0.316621,0.323186,0.268686,0.423231,0.386237
Pedicularis lanceolata,forbHerb,forbHerb,0.295473,0.264244,0.262473,0.386685,0.328535
Pedicularis semibarbata,forbHerb,forbHerb,0.352568,0.31208,0.302035,0.395309,0.340906
Pedicularis verticillata,forbHerb,forbHerb,0.318992,0.264646,0.283138,0.368136,0.334367
Pediocactus simpsonii,shrub,forbHerb,0.297683,0.260307,0.286521,0.372678,0.371962
Pediomelum argophyllum,forbHerb,forbHerb,0.35221,0.34333,0.300597,0.427455,0.373715
Pellaea andromedifolia,forbHerb,graminoid,0.325737,0.339558,0.315598,0.332349,0.340578
Pellaea atropurpurea,forbHerb,forbHerb,0.35314,0.352274,0.342982,0.379333,0.312795
Pellaea glabella,forbHerb,tree,0.386561,0.323313,0.339679,0.386489,0.32367
Pellaea mucronata,forbHerb,shrub,0.354278,0.364466,0.303526,0.343387,0.339606
Peltandra virginica,forbHerb,forbHerb,0.355486,0.27888,0.324696,0.409288,0.265082
Peniocereus greggii,shrub,tree,0.372289,0.357542,0.348721,0.365177,0.331011
Pennisetum clandestinum,graminoid,graminoid,0.473023,0.397682,0.392248,0.437391,0.54554
Penstemon barbatus,forbHerb,forbHerb,0.321966,0.275541,0.298138,0.381151,0.369178
Penstemon cobaea,forbHerb,forbHerb,0.365534,0.322207,0.30998,0.410013,0.316373
Penstemon digitalis,forbHerb,forbHerb,0.312124,0.239693,0.263788,0.393202,0.334433
Penstemon eatonii,forbHerb,tree,0.332762,0.263358,0.301982,0.329307,0.306115
Penstemon grandiflorus,forbHerb,tree,0.338063,0.303262,0.290328,0.331163,0.292485
Penstemon hirsutus,forbHerb,forbHerb,0.314895,0.249399,0.271586,0.426521,0.349188
Pentaglottis sempervirens,forbHerb,forbHerb,0.354489,0.328383,0.346311,0.358746,0.284679
Pentagramma triangularis,forbHerb,forbHerb,0.352527,0.30698,0.272628,0.378636,0.329886
Penthorum sedoides,forbHerb,forbHerb,0.318385,0.308467,0.298684,0.381395,0.330295
Perilla frutescens,forbHerb,tree,0.376642,0.31948,0.328966,0.349563,0.361047
Perityle emoryi,forbHerb,forbHerb,0.353511,0.28397,0.34304,0.382158,0.324479
Persea americana,tree,tree,0.466193,0.406287,0.413329,0.40097,0.332859
Petasites frigidus,forbHerb,forbHerb,0.306286,0.285952,0.319211,0.40479,0.276366
Petasites hybridus,forbHerb,vine,0.326957,0.289585,0.347212,0.312391,0.269849
Petrorhagia dubia,forbHerb,forbHerb,0.383361,0.305117,0.325936,0.474879,0.403551
Phacelia bipinnatifida,forbHerb,forbHerb,0.319505,0.292033,0.30588,0.360259,0.262061
Phacelia californica,forbHerb,forbHerb,0.295569,0.263838,0.250633,0.313274,0.302611
Phacelia campanularia,forbHerb,tree,0.360585,0.293872,0.336707,0.31453,0.29872
Phacelia cicutaria,forbHerb,forbHerb,0.354472,0.318566,0.294998,0.356056,0.313179
Phacelia congesta,forbHerb,forbHerb,0.353999,0.330246,0.359633,0.437314,0.309508
Phacelia crenulata,forbHerb,tree,0.341217,0.282074,0.297191,0.329873,0.2943
Phacelia distans,forbHerb,forbHerb,0.354193,0.323521,0.3357,0.391215,0.343028
Phacelia fremontii,forbHerb,forbHerb,0.348272,0.304975,0.321436,0.396367,0.313223
Phacelia grandiflora,forbHerb,tree,0.370735,0.349405,0.36188,0.328087,0.237279
Phacelia hastata,forbHerb,graminoid,0.328469,0.29529,0.284186,0.347939,0.354445
Phacelia minor,forbHerb,tree,0.348282,0.25413,0.34036,0.344347,0.304052
Phacelia parryi,forbHerb,vine,0.332332,0.307064,0.367685,0.35964,0.299898
Phacelia purshii,forbHerb,forbHerb,0.403253,0.349942,0.336624,0.451703,0.311188
Phacelia tanacetifolia,forbHerb,tree,0.404151,0.347386,0.322612,0.37889,0.325041
Phalaris aquatica,graminoid,graminoid,0.370526,0.293163,0.327683,0.374385,0.434756
Phalaris arundinacea,graminoid,graminoid,0.347716,0.314393,0.306948,0.352402,0.470786
Phegopteris connectilis,forbHerb,forbHerb,0.310711,0.305088,0.278814,0.356456,0.314942
Phegopteris hexagonoptera,forbHerb,forbHerb,0.319639,0.279119,0.276512,0.422962,0.302913
Philadelphus lewisii,shrub,vine,0.367282,0.347354,0.378552,0.311144,0.267721
Phlebodium aureum,forbHerb,forbHerb,0.355399,0.298445,0.310157,0.369117,0.294647
Phleum alpinum,graminoid,graminoid,0.33202,0.281007,0.263103,0.37962,0.442573
Phleum pratense,graminoid,graminoid,0.348508,0.267809,0.290452,0.404356,0.456197
Phlox divaricata,forbHerb,forbHerb,0.355016,0.34496,0.337553,0.408653,0.308323
Phlox drummondii,forbHerb,forbHerb,0.344736,0.311703,0.335696,0.440679,0.378373
Phlox hoodii,forbHerb,forbHerb,0.351023,0.341965,0.276144,0.415657,0.379636
Phlox paniculata,forbHerb,tree,0.3366,0.325359,0.299188,0.334243,0.318305
Phlox pilosa,forbHerb,forbHerb,0.339978,0.307863,0.282181,0.415403,0.371805
Phlox roemeriana,forbHerb,forbHerb,0.356487,0.295431,0.302821,0.460632,0.364051
Phoenix canariensis,tree,tree,0.423888,0.40534,0.375706,0.32275,0.33366
Phoenix reclinata,tree,tree,0.424702,0.40142,0.365568,0.354781,0.420512
Pholistoma membranaceum,forbHerb,forbHerb,0.361331,0.311419,0.385156,0.432548,0.320998
Photinia serratifolia,tree,tree,0.424112,0.405372,0.349788,0.393035,0.294642
Phryma leptostachya,forbHerb,forbHerb,0.368056,0.300878,0.35219,0.419686,0.292871
Phyla lanceolata,forbHerb,forbHerb,0.349718,0.264416,0.330282,0.395954,0.327577
Phyla nodiflora,forbHerb,forbHerb,0.425575,0.323362,0.416354,0.463322,0.386084
Phyllanthus tenellus,forbHerb,shrub,0.407145,0.42261,0.405927,0.383952,0.392664
Phyllanthus urinaria,forbHerb,graminoid,0.419657,0.352281,0.378134,0.393409,0.434821
Phyllospadix torreyi,forbHerb,graminoid,0.361393,0.300325,0.27788,0.383638,0.426072
Physalis angulata,forbHerb,tree,0.426853,0.345212,0.420237,0.401898,0.364864
Physalis heterophylla,forbHerb,forbHerb,0.347924,0.306852,0.375693,0.39591,0.307316
Physalis peruviana,shrub,vine,0.399137,0.353734,0.417655,0.313124,0.361484
Physocarpus capitatus,shrub,vine,0.323313,0.307154,0.331188,0.28151,0.257015
Physocarpus opulifolius,shrub,tree,0.374385,0.374268,0.360684,0.330189,0.296507
Physostegia virginiana,forbHerb,forbHerb,0.389754,0.293711,0.331624,0.427058,0.3604
Phytolacca americana,forbHerb,vine,0.374831,0.354003,0.377276,0.362587,0.323212
Phytolacca icosandra,forbHerb,vine,0.388702,0.382991,0.421296,0.365761,0.36874
Phytolacca octandra,forbHerb,vine,0.354501,0.350307,0.423893,0.39277,0.354901
Picea abies,tree,tree,0.420098,0.350209,0.322995,0.320034,0.324902
Picea engelmannii,tree,tree,0.364615,0.310568,0.25235,0.319683,0.344515
Picea glauca,tree,tree,0.369776,0.31375,0.271869,0.349099,0.334194
Picea mariana,tree,tree,0.371251,0.363983,0.28207,0.365514,0.320809
Picea pungens,tree,tree,0.43923,0.348506,0.318568,0.343839,0.323232
Picea rubens,tree,tree,0.365717,0.322367,0.284599,0.317228,0.298854
Picea sitchensis,tree,tree,0.38572,0.315658,0.25692,0.321139,0.326055
Pickeringia montana,shrub,tree,0.423494,0.397837,0.358769,0.364521,0.331872
Picris hieracioides,forbHerb,forbHerb,0.355599,0.283019,0.335199,0.398395,0.37365
Pilea pumila,forbHerb,vine,0.35895,0.308305,0.370047,0.361116,0.295965
Pimpinella saxifraga,forbHerb,forbHerb,0.348526,0.328195,0.33979,0.416945,0.340504
Pinguicula vulgaris,forbHerb,forbHerb,0.332267,0.281616,0.328795,0.436333,0.297086
Pinus albicaulis,tree,tree,0.332185,0.298132,0.247845,0.329707,0.311065
Pinus banksiana,tree,forbHerb,0.354711,0.307021,0.254413,0.365588,0.317617
Pinus cembroides,tree,tree,0.388733,0.319887,0.327592,0.353285,0.320323
Pinus contorta,tree,tree,0.384657,0.329038,0.264587,0.367344,0.316554
Pinus coulteri,tree,tree,0.400872,0.304481,0.27376,0.326948,0.307195
Pinus echinata,tree,forbHerb,0.411868,0.320313,0.306243,0.432386,0.328224
Pinus edulis,tree,tree,0.38333,0.336517,0.293079,0.356987,0.331035
Pinus elliottii,tree,tree,0.426057,0.325596,0.319372,0.422643,0.338558
Pinus flexilis,tree,tree,0.404206,0.316806,0.311125,0.377418,0.31094
Pinus jeffreyi,tree,tree,0.369652,0.282613,0.262649,0.338354,0.303239
Pinus lambertiana,tree,tree,0.350786,0.285597,0.28656,0.348797,0.247655
Pinus longaeva,tree,tree,0.382736,0.312023,0.320236,0.363617,0.290268
Pinus monophylla,tree,tree,0.420468,0.382046,0.32248,0.355748,0.321032
Pinus monticola,tree,tree,0.404478,0.325478,0.267463,0.361198,0.325119
Pinus nigra,tree,tree,0.44158,0.345474,0.352798,0.35207,0.305177
Pinus palustris,tree,forbHerb,0.364657,0.257501,0.246245,0.423537,0.348387
Pinus pinaster,tree,tree,0.396288,0.344949,0.318561,0.329639,0.348456
Pinus pinea,tree,tree,0.403255,0.333583,0.318488,0.312094,0.292379
Pinus ponderosa,tree,tree,0.347037,0.271226,0.243046,0.314978,0.326494
Pinus radiata,tree,tree,0.441839,0.33502,0.330402,0.37278,0.35303
Pinus resinosa,tree,tree,0.365805,0.294773,0.259829,0.358527,0.287043
Pinus rigida,tree,forbHerb,0.356584,0.291598,0.255479,0.382515,0.315599
Pinus sabiniana,tree,tree,0.42982,0.349649,0.289206,0.365278,0.306052
Pinus strobus,tree,tree,0.428598,0.375278,0.308633,0.390842,0.302429
Pinus sylvestris,tree,tree,0.428733,0.341977,0.312284,0.356484,0.324979
Pinus taeda,tree,tree,0.392921,0.30545,0.277633,0.390686,0.319468
Pinus torreyana,tree,tree,0.38443,0.318846,0.249815,0.357786,0.35246
Pinus virginiana,tree,forbHerb,0.400693,0.352336,0.303188,0.44107,0.304497
Pistacia chinensis,tree,tree,0.446054,0.403548,0.387455,0.374829,0.295201
Pistia stratiotes,forbHerb,tree,0.395143,0.33656,0.369379,0.360932,0.316883
Pittosporum tenuifolium,tree,tree,0.459321,0.45821,0.379745,0.377558,0.263303
Pityopsis falcata,forbHerb,forbHerb,0.369261,0.376318,0.271162,0.462101,0.391761
Pityopsis graminifolia,forbHerb,forbHerb,0.379855,0.330657,0.273153,0.488702,0.441575
Plantago aristata,forbHerb,forbHerb,0.379493,0.271492,0.248221,0.486682,0.423368
Plantago coronopus,forbHerb,forbHerb,0.352298,0.259854,0.302758,0.404705,0.398752
Plantago erecta,forbHerb,forbHerb,0.346777,0.276631,0.276927,0.434117,0.392934
Plantago lanceolata,forbHerb,graminoid,0.364662,0.290018,0.301699,0.391342,0.413514
Plantago major,forbHerb,tree,0.406182,0.28946,0.356631,0.40068,0.385669
Plantago maritima,forbHerb,forbHerb,0.3499,0.297372,0.286075,0.426104,0.405764
Plantago media,forbHerb,forbHerb,0.367279,0.278546,0.306547,0.40075,0.380583
Plantago ovata,forbHerb,forbHerb,0.402327,0.33519,0.340359,0.444604,0.428863
Plantago patagonica,forbHerb,forbHerb,0.353553,0.274961,0.292597,0.464151,0.419556
Plantago rugelii,forbHerb,forbHerb,0.361003,0.252351,0.303883,0.428657,0.353326
Plantago virginica,forbHerb,forbHerb,0.35609,0.265951,0.324414,0.472365,0.413839
Platanthera aquilonis,forbHerb,forbHerb,0.312736,0.273086,0.29821,0.432849,0.313258
Platanthera blephariglottis,forbHerb,forbHerb,0.256178,0.297347,0.255976,0.420188,0.324362
Platanthera ciliaris,forbHerb,forbHerb,0.310863,0.298016,0.300907,0.439151,0.382009
Platanthera clavellata,forbHerb,forbHerb,0.321378,0.307064,0.313244,0.484637,0.343616
Platanthera dilatata,forbHerb,forbHerb,0.288977,0.25611,0.284306,0.397681,0.328989
Platanthera huronensis,forbHerb,forbHerb,0.261308,0.209767,0.243186,0.336956,0.287004
Platanthera lacera,forbHerb,forbHerb,0.312726,0.291452,0.295236,0.410484,0.344855
Platanthera orbiculata,forbHerb,forbHerb,0.322938,0.307919,0.338622,0.427737,0.249569
Platanthera psycodes,forbHerb,forbHerb,0.298994,0.276013,0.263373,0.380172,0.334133
Platanthera stricta,forbHerb,forbHerb,0.260053,0.251939,0.286735,0.349666,0.346561
Platanus occidentalis,tree,tree,0.469696,0.354393,0.413065,0.408985,0.249469
Platanus racemosa,tree,tree,0.443656,0.350367,0.370882,0.356392,0.255326
Platanus wrightii,tree,tree,0.431588,0.338772,0.363512,0.372958,0.305849
Platystemon californicus,forbHerb,forbHerb,0.32207,0.298106,0.332225,0.466387,0.358378
Plectritis congesta,forbHerb,forbHerb,0.328128,0.252297,0.283215,0.388148,0.349317
Pluchea camphorata,forbHerb,forbHerb,0.299327,0.311545,0.23299,0.388275,0.289104
Pluchea carolinensis,shrub,forbHerb,0.362424,0.373895,0.299012,0.376212,0.331565
Pluchea sericea,shrub,shrub,0.376524,0.389284,0.255603,0.370322,0.35726
Poa annua,graminoid,graminoid,0.436699,0.353238,0.372958,0.460051,0.50177
Poa bulbosa,graminoid,graminoid,0.410703,0.34914,0.32783,0.437337,0.503415
Poa pratensis,graminoid,graminoid,0.414417,0.332836,0.348345,0.405636,0.519162
Podophyllum peltatum,forbHerb,forbHerb,0.331595,0.305454,0.387711,0.427688,0.210935
Pogonia ophioglossoides,forbHerb,forbHerb,0.375137,0.316166,0.314128,0.496874,0.330402
Polanisia dodecandra,forbHerb,forbHerb,0.358557,0.339056,0.313506,0.392832,0.385632
Polemonium acutiflorum,forbHerb,forbHerb,0.327607,0.292173,0.265474,0.432107,0.328332
Polemonium caeruleum,forbHerb,forbHerb,0.329982,0.30862,0.322344,0.375939,0.322358
Polemonium californicum,forbHerb,forbHerb,0.29738,0.286934,0.261689,0.388382,0.337078
Polemonium pulcherrimum,forbHerb,forbHerb,0.339848,0.303235,0.302111,0.436893,0.355331
Polemonium viscosum,forbHerb,forbHerb,0.339158,0.25176,0.311855,0.412652,0.352778
Polycarpon tetraphyllum,forbHerb,tree,0.405055,0.291669,0.356841,0.399465,0.337276
Polygala alba,forbHerb,forbHerb,0.415196,0.396277,0.386261,0.527384,0.413357
Polygala lutea,forbHerb,forbHerb,0.380142,0.310378,0.366777,0.500595,0.382603
Polygala myrtifolia,shrub,shrub,0.489228,0.517131,0.4299,0.420274,0.349827
Polygala nana,forbHerb,forbHerb,0.403623,0.330931,0.36457,0.528162,0.362844
Polygala polygama,forbHerb,forbHerb,0.363006,0.330235,0.334921,0.481372,0.343682
Polygala rugelii,forbHerb,forbHerb,0.364872,0.303047,0.309469,0.477018,0.379505
Polygala sanguinea,forbHerb,forbHerb,0.358812,0.383314,0.355448,0.500058,0.340529
Polygala senega,forbHerb,forbHerb,0.407372,0.405206,0.396245,0.486914,0.351062
Polygonatum biflorum,forbHerb,forbHerb,0.336388,0.323464,0.341593,0.438732,0.325866
Polygonatum pubescens,forbHerb,forbHerb,0.316419,0.336962,0.326554,0.405918,0.322193
Polygonum aviculare,forbHerb,graminoid,0.408534,0.329384,0.362994,0.388464,0.436544
Polymnia canadensis,forbHerb,forbHerb,0.322475,0.295103,0.325798,0.392904,0.250322
Polypodium californicum,forbHerb,forbHerb,0.33263,0.344636,0.320396,0.370062,0.2968
Polypodium glycyrrhiza,forbHerb,forbHerb,0.327984,0.324334,0.2794,0.333636,0.287885
Polypodium scouleri,forbHerb,tree,0.36807,0.310703,0.291258,0.319798,0.273553
Polypodium virginianum,forbHerb,forbHerb,0.344708,0.386437,0.348041,0.418512,0.267132
Polypogon monspeliensis,graminoid,graminoid,0.35731,0.290636,0.288272,0.419982,0.44356
Polypremum procumbens,forbHerb,forbHerb,0.34266,0.275565,0.289188,0.480505,0.410314
Polystichum acrostichoides,forbHerb,forbHerb,0.332905,0.321561,0.29071,0.390677,0.316046
Polystichum lonchitis,forbHerb,forbHerb,0.300903,0.312829,0.2968,0.326253,0.311637
Polystichum munitum,forbHerb,graminoid,0.330714,0.27937,0.247566,0.32455,0.357844
Pontederia cordata,forbHerb,forbHerb,0.358998,0.261992,0.306455,0.40229,0.360797
Populus alba,tree,tree,0.487617,0.408896,0.434907,0.35097,0.279656
Populus balsamifera,tree,tree,0.461718,0.37056,0.378601,0.334823,0.287439
Populus deltoides,tree,tree,0.477067,0.318428,0.410672,0.389449,0.300363
Populus fremontii,tree,tree,0.441842,0.300444,0.388332,0.303244,0.300127
Populus grandidentata,tree,tree,0.394051,0.32542,0.336176,0.354559,0.283895
Populus nigra,tree,tree,0.498918,0.360273,0.452672,0.30913,0.286726
Populus tremula,tree,tree,0.453593,0.351645,0.405959,0.333609,0.300902
Populus tremuloides,tree,tree,0.402843,0.314416,0.343896,0.351574,0.319307
Portulaca oleracea,forbHerb,tree,0.412624,0.327736,0.403607,0.40246,0.370679
Portulaca pilosa,forbHerb,forbHerb,0.423359,0.35178,0.373177,0.486494,0.435688
Potamogeton crispus,forbHerb,tree,0.408674,0.3483,0.389251,0.363112,0.350977
Potamogeton natans,forbHerb,tree,0.38156,0.336953,0.362955,0.328302,0.316684
Potamogeton nodosus,forbHerb,tree,0.372401,0.26676,0.335154,0.332341,0.352643
Potamogeton perfoliatus,forbHerb,tree,0.404014,0.349373,0.389485,0.312072,0.29033
Potentilla argentea,forbHerb,forbHerb,0.305672,0.300241,0.290435,0.411109,0.33859
Potentilla canadensis,forbHerb,forbHerb,0.317888,0.277461,0.304633,0.439549,0.322286
Potentilla erecta,forbHerb,forbHerb,0.298666,0.275655,0.275914,0.392678,0.35773
Potentilla norvegica,forbHerb,forbHerb,0.323387,0.273317,0.285062,0.397361,0.326733
Potentilla recta,forbHerb,forbHerb,0.313479,0.28563,0.309715,0.404872,0.342331
Potentilla reptans,forbHerb,forbHerb,0.334299,0.26298,0.360647,0.371923,0.321005
Potentilla simplex,forbHerb,forbHerb,0.33704,0.299421,0.323371,0.469373,0.329051
Primula parryi,forbHerb,forbHerb,0.24955,0.239764,0.259405,0.367624,0.274223
Primula veris,forbHerb,forbHerb,0.329291,0.35206,0.333609,0.391449,0.323574
Proboscidea althaeifolia,forbHerb,vine,0.365926,0.269606,0.371089,0.341361,0.323239
Proboscidea louisianica,forbHerb,forbHerb,0.371167,0.25506,0.367105,0.392292,0.330618
Prosartes hookeri,forbHerb,tree,0.375089,0.349958,0.339224,0.327,0.27324
Prosartes smithii,forbHerb,tree,0.356411,0.334208,0.340336,0.346319,0.296297
Prosartes trachycarpa,forbHerb,forbHerb,0.33415,0.35555,0.361482,0.376115,0.2658
Prunella vulgaris,forbHerb,tree,0.400506,0.294903,0.310184,0.387441,0.377426
Prunus avium,tree,tree,0.411014,0.370591,0.362516,0.306116,0.273711
Prunus cerasifera,tree,tree,0.476954,0.444999,0.419148,0.343417,0.241416
Prunus dulcis,tree,tree,0.461558,0.428821,0.394311,0.364472,0.307998
Prunus fasciculata,shrub,shrub,0.373191,0.408587,0.344681,0.376584,0.276413
Prunus persica,tree,tree,0.43244,0.397905,0.313439,0.325522,0.275745
Prunus pumila,shrub,shrub,0.386461,0.427042,0.31889,0.39429,0.325203
Pseudocymopterus montanus,forbHerb,forbHerb,0.38073,0.302364,0.333386,0.448726,0.350617
Pseudofumaria lutea,forbHerb,tree,0.373905,0.294297,0.365886,0.366529,0.345395
Pseudognaphalium californicum,forbHerb,forbHerb,0.261483,0.243675,0.242279,0.368041,0.303884
Pseudognaphalium luteoalbum,forbHerb,forbHerb,0.318356,0.305963,0.310213,0.393047,0.350003
Pseudognaphalium obtusifolium,forbHerb,forbHerb,0.316011,0.323863,0.269377,0.476203,0.325681
Pseudotsuga menziesii,tree,tree,0.443594,0.355435,0.295414,0.34724,0.351773
Psilotum nudum,forbHerb,forbHerb,0.420943,0.393871,0.357971,0.441525,0.361894
Psorothamnus schottii,shrub,forbHerb,0.392523,0.411563,0.397273,0.424497,0.362251
Pteridium aquilinum,forbHerb,forbHerb,0.382099,0.332581,0.29682,0.385555,0.354626
Pteris cretica,forbHerb,forbHerb,0.338839,0.336379,0.346327,0.361925,0.3471
Pteris tremula,forbHerb,shrub,0.342663,0.346714,0.320289,0.328821,0.324309
Pteris vittata,forbHerb,forbHerb,0.363839,0.349701,0.355803,0.367958,0.358458
Pterospora andromedea,forbHerb,forbHerb,0.322706,0.271531,0.300985,0.347242,0.316905
Pterostegia drymarioides,forbHerb,forbHerb,0.287315,0.239162,0.33554,0.37637,0.320844
Pueraria montana,vine,vine,0.407562,0.35816,0.44845,0.378589,0.401732
Pulicaria dysenterica,forbHerb,graminoid,0.330778,0.266054,0.264312,0.331161,0.341878
Pulsatilla occidentalis,forbHerb,forbHerb,0.303976,0.292891,0.238069,0.375706,0.313044
Pulsatilla patens,forbHerb,forbHerb,0.332281,0.311913,0.260785,0.403535,0.305169
Purshia tridentata,shrub,tree,0.341111,0.323312,0.288909,0.336966,0.297308
Pycnanthemum tenuifolium,forbHerb,forbHerb,0.331033,0.319056,0.228413,0.409816,0.342604
Pycnanthemum virginianum,forbHerb,forbHerb,0.311942,0.282184,0.239684,0.346898,0.340004
Pyrrhopappus pauciflorus,forbHerb,forbHerb,0.363739,0.242617,0.308276,0.463828,0.363408
Pyrus calleryana,tree,tree,0.446031,0.37961,0.366994,0.411851,0.296242
Pyrus communis,tree,tree,0.456467,0.394174,0.398368,0.358639,0.278045
Quercus alba,tree,tree,0.466232,0.364333,0.343419,0.376667,0.275613
Quercus bicolor,tree,tree,0.44158,0.353318,0.352069,0.342546,0.248533
Quercus buckleyi,tree,tree,0.464345,0.383759,0.354899,0.389917,0.286123
Quercus coccinea,tree,tree,0.47605,0.370308,0.326015,0.366916,0.307634
Quercus cornelius-mulleri,tree,tree,0.453006,0.377394,0.339315,0.332643,0.275038
Quercus douglasii,tree,tree,0.448025,0.316412,0.343256,0.36102,0.337866
Quercus engelmannii,tree,tree,0.411984,0.352916,0.301605,0.303456,0.335698
Quercus falcata,tree,tree,0.414961,0.331222,0.274823,0.368039,0.29868
Quercus ilex,tree,tree,0.484232,0.446605,0.383082,0.316646,0.290944
Quercus imbricaria,tree,tree,0.432303,0.393217,0.315437,0.335439,0.305596
Quercus laevis,tree,tree,0.422264,0.319563,0.279065,0.391286,0.274969
Quercus lobata,tree,tree,0.46774,0.331351,0.360898,0.359632,0.282907
Quercus michauxii,tree,tree,0.420683,0.307046,0.332139,0.322604,0.222276
Quercus muehlenbergii,tree,tree,0.432068,0.346125,0.333625,0.33458,0.240176
Quercus nigra,tree,tree,0.451014,0.327679,0.353969,0.37446,0.281436
Quercus palustris,tree,tree,0.467938,0.338656,0.337898,0.361627,0.317611
Quercus phellos,tree,tree,0.428881,0.36242,0.305278,0.378649,0.326944
Quercus robur,tree,tree,0.514257,0.388868,0.386181,0.349763,0.324171
Quercus rubra,tree,tree,0.453259,0.368796,0.336355,0.337435,0.284988
Quercus stellata,tree,tree,0.426862,0.285923,0.307176,0.359413,0.2956
Quercus suber,tree,tree,0.473335,0.380577,0.388411,0.291201,0.31766
Quercus velutina,tree,tree,0.449446,0.320035,0.309293,0.37425,0.271051
Quercus virginiana,tree,tree,0.505312,0.398345,0.391087,0.426713,0.325191
Quincula lobata,forbHerb,tree,0.375691,0.276402,0.359836,0.355906,0.327839
Rafinesquia californica,forbHerb,forbHerb,0.31488,0.278941,0.302081,0.423606,0.32301
Rafinesquia neomexicana,forbHerb,forbHerb,0.342914,0.257447,0.315093,0.401022,0.293291
Ranunculus abortivus,forbHerb,forbHerb,0.27612,0.247124,0.356801,0.436076,0.30181
Ranunculus acris,forbHerb,forbHerb,0.330956,0.290027,0.334967,0.445242,0.389531
Ranunculus aquatilis,forbHerb,forbHerb,0.364171,0.31105,0.385693,0.440119,0.311351
Ranunculus auricomus,forbHerb,forbHerb,0.31854,0.296242,0.384187,0.401873,0.315744
Ranunculus bulbosus,forbHerb,forbHerb,0.33483,0.268087,0.305887,0.417838,0.339763
Ranunculus californicus,forbHerb,forbHerb,0.314898,0.28383,0.313066,0.433957,0.38177
Ranunculus fascicularis,forbHerb,forbHerb,0.333275,0.269254,0.294227,0.467538,0.288093
Ranunculus flammula,forbHerb,forbHerb,0.310161,0.26981,0.325341,0.422825,0.388594
Ranunculus glaberrimus,forbHerb,forbHerb,0.297675,0.265301,0.323581,0.392571,0.358442
Ranunculus hispidus,forbHerb,forbHerb,0.337089,0.261041,0.32391,0.449709,0.276717
Ranunculus muricatus,forbHerb,forbHerb,0.371079,0.309463,0.363553,0.429285,0.318537
Ranunculus occidentalis,forbHerb,forbHerb,0.336171,0.287706,0.301411,0.432789,0.372764
Ranunculus recurvatus,forbHerb,forbHerb,0.303943,0.255222,0.365252,0.455743,0.283342
Ranunculus repens,forbHerb,forbHerb,0.353768,0.277141,0.3558,0.402353,0.312819
Ranunculus sceleratus,forbHerb,forbHerb,0.320472,0.263248,0.358404,0.411455,0.312759
Raphanus raphanistrum,forbHerb,forbHerb,0.409505,0.370852,0.378922,0.429379,0.372886
Raphanus sativus,forbHerb,tree,0.391544,0.326367,0.345277,0.382589,0.370233
Rapistrum rugosum,forbHerb,forbHerb,0.395226,0.338226,0.387107,0.430938,0.4026
Ratibida columnifera,forbHerb,forbHerb,0.357189,0.286176,0.275237,0.455871,0.370806
Ratibida pinnata,forbHerb,forbHerb,0.340663,0.281156,0.258189,0.43111,0.334806
Reseda lutea,forbHerb,forbHerb,0.344848,0.344928,0.375287,0.383224,0.358393
Reseda luteola,forbHerb,graminoid,0.291812,0.283159,0.33474,0.360957,0.364494
Rhamnus alnifolia,shrub,tree,0.463704,0.425183,0.444604,0.369563,0.302105
Rhexia alifanus,forbHerb,forbHerb,0.330583,0.349873,0.293902,0.409195,0.320135
Rhexia mariana,forbHerb,forbHerb,0.360071,0.345812,0.297623,0.461469,0.350644
Rhexia virginica,forbHerb,forbHerb,0.326737,0.307962,0.283535,0.386532,0.324108
Rhinanthus minor,forbHerb,forbHerb,0.356494,0.313659,0.284876,0.382279,0.3238
Rhinanthus serotinus,forbHerb,tree,0.3665,0.307309,0.24178,0.316599,0.338945
Rhodiola integrifolia,forbHerb,forbHerb,0.305623,0.27499,0.284972,0.377045,0.289745
Rhodiola rosea,forbHerb,vine,0.307916,0.326016,0.329783,0.327863,0.292779
Rhododendron albiflorum,shrub,shrub,0.308081,0.350843,0.272972,0.333793,0.273995
Rhododendron calendulaceum,shrub,forbHerb,0.360008,0.347649,0.325645,0.40157,0.295046
Rhododendron canadense,shrub,forbHerb,0.33145,0.359564,0.251049,0.365062,0.306929
Rhododendron canescens,shrub,forbHerb,0.387488,0.375218,0.300064,0.406814,0.285948
Rhododendron lapponicum,shrub,shrub,0.339244,0.344832,0.272189,0.329628,0.288399
Rhododendron occidentale,shrub,tree,0.357161,0.349265,0.304908,0.336133,0.258815
Rhododendron periclymenoides,shrub,shrub,0.366503,0.372943,0.296498,0.344638,0.288803
Rhodotypos scandens,shrub,tree,0.378565,0.368699,0.359264,0.348231,0.235796
Rhus aromatica,shrub,vine,0.370472,0.36985,0.408864,0.393636,0.285828
Rhynchospora alba,graminoid,forbHerb,0.336268,0.302683,0.262595,0.424444,0.406268
Rhynchospora colorata,graminoid,forbHerb,0.414634,0.30125,0.306566,0.47003,0.398216
Ribes americanum,shrub,forbHerb,0.3204,0.336181,0.373689,0.375084,0.27778
Ribes aureum,shrub,vine,0.379878,0.365295,0.44709,0.378549,0.291091
Ribes bracteosum,shrub,forbHerb,0.308087,0.314725,0.323175,0.348393,0.264654
Ribes cereum,shrub,vine,0.317131,0.312433,0.365171,0.31977,0.263609
Ribes cynosbati,shrub,vine,0.34884,0.36211,0.401446,0.400573,0.241269
Ribes indecorum,shrub,vine,0.333853,0.366367,0.386035,0.354183,0.282248
Ribes lacustre,shrub,vine,0.311173,0.327758,0.358226,0.335657,0.247749
Ribes malvaceum,shrub,vine,0.305415,0.330789,0.344482,0.30398,0.266466
Ribes nevadense,shrub,vine,0.301457,0.3239,0.33283,0.321956,0.302441
Ribes nigrum,shrub,vine,0.342819,0.354443,0.397463,0.335959,0.279093
Ribes roezlii,shrub,vine,0.340434,0.336579,0.356476,0.302923,0.266231
Ribes rubrum,shrub,vine,0.321104,0.338186,0.422707,0.306079,0.284818
Ribes sanguineum,shrub,vine,0.34265,0.36299,0.37046,0.3298,0.297731
Ribes speciosum,shrub,vine,0.36474,0.335815,0.377582,0.323091,0.284443
Ribes triste,shrub,vine,0.312556,0.344976,0.403271,0.351542,0.314047
Ribes uva-crispa,shrub,vine,0.371196,0.353506,0.409545,0.322172,0.30386
Richardia grandiflora,forbHerb,forbHerb,0.422028,0.330757,0.329973,0.470383,0.411499
Robinia pseudoacacia,tree,tree,0.456982,0.411013,0.378132,0.32002,0.330863
Romulea rosea,forbHerb,forbHerb,0.382442,0.334634,0.319391,0.450598,0.406052
Rorippa palustris,forbHerb,forbHerb,0.351233,0.327983,0.331593,0.370995,0.360445
Rudbeckia hirta,forbHerb,forbHerb,0.366653,0.313163,0.291448,0.438954,0.361335
Rudbeckia triloba,forbHerb,forbHerb,0.349672,0.285748,0.289461,0.394692,0.325693
Ruellia caroliniensis,forbHerb,forbHerb,0.330345,0.250871,0.264284,0.410726,0.372915
Ruellia humilis,forbHerb,forbHerb,0.34555,0.279719,0.279341,0.405205,0.372228
Ruellia strepens,forbHerb,forbHerb,0.337249,0.259454,0.284624,0.365381,0.311186
Rumex acetosa,forbHerb,graminoid,0.329968,0.273107,0.328481,0.308339,0.433834
Rumex acetosella,forbHerb,graminoid,0.359895,0.31617,0.34343,0.389985,0.436264
Rumex crispus,forbHerb,tree,0.355707,0.327652,0.336936,0.334536,0.353897
Rumex hymenosepalus,forbHerb,vine,0.308803,0.302417,0.318836,0.280635,0.310816
Rumex maritimus,forbHerb,graminoid,0.305841,0.276455,0.268659,0.335813,0.354961
Rumex obtusifolius,forbHerb,tree,0.346581,0.326997,0.343194,0.303762,0.302933
Rumohra adiantiformis,forbHerb,tree,0.375605,0.363745,0.322767,0.359064,0.346389
Rupertia physodes,forbHerb,forbHerb,0.343883,0.309638,0.342167,0.351733,0.323585
Sabal palmetto,tree,tree,0.408139,0.344253,0.347457,0.407862,0.283455
Sabatia angularis,forbHerb,forbHerb,0.350663,0.25887,0.299721,0.46919,0.28936
Sabatia campestris,forbHerb,forbHerb,0.356792,0.272595,0.308313,0.491366,0.319083
Sabatia stellaris,forbHerb,forbHerb,0.385451,0.345658,0.337568,0.561148,0.330668
Sagina procumbens,forbHerb,forbHerb,0.387669,0.3292,0.376284,0.448254,0.339723
Sagittaria lancifolia,forbHerb,forbHerb,0.324646,0.314936,0.325619,0.434761,0.327857
Sagittaria latifolia,forbHerb,forbHerb,0.330981,0.304258,0.377363,0.409169,0.314483
Sairocarpus nuttallianus,forbHerb,forbHerb,0.328374,0.270623,0.326685,0.393116,0.347556
Salix alba,tree,tree,0.500131,0.465426,0.409642,0.335658,0.333916
Salix babylonica,tree,tree,0.490929,0.418843,0.431405,0.362532,0.364671
Salix caprea,shrub,tree,0.45664,0.415052,0.375749,0.352676,0.296201
Salix gooddingii,tree,tree,0.428327,0.380102,0.351114,0.365889,0.321587
Salix laevigata,shrub,tree,0.446939,0.43061,0.37994,0.346758,0.335116
Salix nigra,tree,tree,0.454847,0.418857,0.408419,0.390508,0.317485
Salix viminalis,tree,shrub,0.369287,0.377667,0.343853,0.313678,0.333357
Salsola kali,forbHerb,tree,0.423627,0.413313,0.358958,0.4012,0.408889
Salsola tragus,forbHerb,tree,0.402622,0.373471,0.313587,0.372471,0.395604
Salvia azurea,forbHerb,forbHerb,0.401131,0.333457,0.315259,0.464623,0.371181
Salvia columbariae,forbHerb,graminoid,0.368725,0.292566,0.287036,0.385507,0.393532
Salvia farinacea,forbHerb,forbHerb,0.363641,0.304412,0.31634,0.382562,0.325146
Salvia glutinosa,forbHerb,tree,0.313204,0.258885,0.302793,0.291718,0.267032
Salvia lyrata,forbHerb,forbHerb,0.365213,0.267983,0.302363,0.415806,0.311732
Salvia pratensis,forbHerb,forbHerb,0.375757,0.290251,0.326245,0.385311,0.355933
Salvia roemeriana,forbHerb,vine,0.31522,0.271652,0.372921,0.359359,0.278442
Salvia spathacea,forbHerb,tree,0.339895,0.281161,0.276915,0.326984,0.285307
Salvia texana,forbHerb,forbHerb,0.324474,0.255116,0.263495,0.411535,0.38443
Salvia verticillata,forbHerb,tree,0.366617,0.295727,0.345801,0.284544,0.305798
Salvinia minima,forbHerb,forbHerb,0.397663,0.328621,0.353944,0.423242,0.316897
Sambucus ebulus,forbHerb,shrub,0.261713,0.282668,0.27198,0.240845,0.234385
Sanguinaria canadensis,forbHerb,forbHerb,0.348724,0.341633,0.384178,0.440839,0.306344
Sanguisorba canadensis,forbHerb,forbHerb,0.300511,0.256643,0.29223,0.423002,0.316306
Sanguisorba minor,forbHerb,forbHerb,0.367526,0.311209,0.390234,0.43379,0.340985
Sanguisorba officinalis,forbHerb,forbHerb,0.339278,0.299537,0.316139,0.351743,0.319182
Sanicula arctopoides,forbHerb,forbHerb,0.353208,0.283436,0.298471,0.446336,0.325971
Sanicula bipinnatifida,forbHerb,forbHerb,0.292918,0.229045,0.253689,0.351689,0.297095
Sanicula canadensis,forbHerb,forbHerb,0.322452,0.252792,0.347596,0.464527,0.263498
Sanicula crassicaulis,forbHerb,forbHerb,0.332033,0.28544,0.319594,0.400191,0.317461
Sanicula odorata,forbHerb,forbHerb,0.356385,0.32844,0.379467,0.445503,0.279703
Sanvitalia procumbens,forbHerb,forbHerb,0.424132,0.350876,0.369149,0.439994,0.414512
Saponaria ocymoides,forbHerb,tree,0.356259,0.265621,0.337788,0.31107,0.333585
Saponaria officinalis,forbHerb,tree,0.365369,0.315264,0.327722,0.346226,0.321553
Sarcobatus vermiculatus,shrub,tree,0.388818,0.364823,0.345945,0.357288,0.350212
Sarcodes sanguinea,forbHerb,tree,0.386976,0.332463,0.337065,0.318367,0.276405
Saururus cernuus,forbHerb,forbHerb,0.406363,0.327284,0.402966,0.419038,0.336551
Saxifraga aizoides,forbHerb,forbHerb,0.31671,0.329137,0.327177,0.408899,0.304824
Saxifraga bronchialis,forbHerb,forbHerb,0.311625,0.318486,0.285454,0.370668,0.322551
Saxifraga oppositifolia,forbHerb,forbHerb,0.336633,0.317202,0.293239,0.340456,0.293115
Saxifraga paniculata,forbHerb,forbHerb,0.30071,0.288393,0.301082,0.35199,0.305044
Saxifraga tricuspidata,forbHerb,forbHerb,0.276974,0.290118,0.306246,0.392973,0.251307
Scabiosa columbaria,forbHerb,forbHerb,0.378563,0.359177,0.308462,0.423616,0.415653
Scabiosa ochroleuca,forbHerb,forbHerb,0.307986,0.271347,0.261933,0.401789,0.35622
Scandix pecten-veneris,forbHerb,forbHerb,0.372,0.36532,0.374124,0.454948,0.361122
Schefflera actinophylla,tree,tree,0.473073,0.419764,0.472584,0.447617,0.306318
Scheuchzeria palustris,forbHerb,forbHerb,0.333543,0.345262,0.312604,0.410159,0.380401
Schinus molle,tree,shrub,0.417296,0.433981,0.40534,0.352384,0.333863
Schizachyrium scoparium,graminoid,graminoid,0.338352,0.28304,0.226809,0.379136,0.520609
Schoenoplectus acutus,graminoid,graminoid,0.326431,0.258837,0.226452,0.3214,0.342996
Schoenoplectus californicus,graminoid,graminoid,0.324615,0.252347,0.282263,0.327242,0.365788
Schoenoplectus pungens,graminoid,tree,0.370741,0.297106,0.305353,0.370011,0.347977
Schoenoplectus tabernaemontani,graminoid,graminoid,0.342932,0.288235,0.289582,0.309636,0.407138
Scilla siberica,forbHerb,forbHerb,0.371152,0.375454,0.350321,0.425313,0.311808
Scirpus atrovirens,graminoid,graminoid,0.288792,0.239722,0.251905,0.329727,0.356605
Scirpus cyperinus,graminoid,graminoid,0.311464,0.257218,0.234811,0.326558,0.360042
Scirpus microcarpus,graminoid,graminoid,0.33089,0.245517,0.273119,0.332846,0.354547
Scirpus pendulus,graminoid,forbHerb,0.296587,0.197073,0.243845,0.377606,0.37292
Scleranthus annuus,forbHerb,forbHerb,0.35538,0.289618,0.318588,0.42767,0.352963
Scoliopus bigelovii,forbHerb,forbHerb,0.342587,0.315502,0.318085,0.377322,0.297438
Scolymus hispanicus,forbHerb,tree,0.381707,0.345257,0.330419,0.352167,0.344063
Scrophularia californica,forbHerb,forbHerb,0.299422,0.274685,0.321822,0.347274,0.30794
Scrophularia nodosa,forbHerb,vine,0.288124,0.237137,0.306969,0.294986,0.301185
Scutellaria drummondii,forbHerb,forbHerb,0.336568,0.262306,0.321172,0.409674,0.354534
Scutellaria galericulata,forbHerb,tree,0.351818,0.275433,0.288588,0.323502,0.315923
Scutellaria integrifolia,forbHerb,forbHerb,0.319297,0.242184,0.273311,0.416458,0.334915
Scutellaria lateriflora,forbHerb,forbHerb,0.35097,0.295106,0.359339,0.38509,0.303849
Scutellaria parvula,forbHerb,forbHerb,0.373224,0.309731,0.355909,0.470192,0.336875
Scutellaria tuberosa,forbHerb,forbHerb,0.343341,0.262128,0.314665,0.369813,0.297233
Sedum acre,forbHerb,forbHerb,0.375951,0.350403,0.361037,0.435508,0.347336
Sedum album,forbHerb,forbHerb,0.388873,0.374243,0.375317,0.404847,0.348225
Sedum dasyphyllum,forbHerb,forbHerb,0.358923,0.348029,0.371753,0.390716,0.303204
Sedum lanceolatum,forbHerb,forbHerb,0.322343,0.311929,0.28954,0.417951,0.382264
Sedum obtusatum,forbHerb,forbHerb,0.313919,0.292286,0.293523,0.348936,0.30159
Sedum sexangulare,forbHerb,forbHerb,0.310517,0.324515,0.302767,0.375541,0.359813
Sedum spathulifolium,forbHerb,forbHerb,0.332416,0.321618,0.317046,0.373569,0.301885
Sedum ternatum,forbHerb,forbHerb,0.365012,0.322189,0.380702,0.452225,0.261073
Selaginella bigelovii,forbHerb,graminoid,0.382301,0.346515,0.316415,0.405487,0.41615
Selaginella kraussiana,forbHerb,forbHerb,0.413141,0.368026,0.399034,0.424113,0.400637
Selaginella lepidophylla,forbHerb,graminoid,0.348506,0.315027,0.322999,0.391402,0.406084
Selaginella rupestris,forbHerb,graminoid,0.350885,0.272913,0.311835,0.400931,0.434001
Sempervivum tectorum,forbHerb,graminoid,0.299809,0.245831,0.263135,0.272444,0.348343
Senecio ampullaceus,forbHerb,forbHerb,0.348751,0.31987,0.335466,0.421305,0.279661
Senecio elegans,forbHerb,forbHerb,0.37611,0.32805,0.354726,0.415115,0.34601
Senecio integerrimus,forbHerb,forbHerb,0.291696,0.292304,0.292413,0.360683,0.316548
Senecio pseudoarnica,forbHerb,forbHerb,0.288096,0.260882,0.295182,0.330843,0.302827
Senecio viscosus,forbHerb,forbHerb,0.346631,0.277431,0.310789,0.396457,0.316884
Senecio vulgaris,forbHerb,forbHerb,0.372863,0.331726,0.353303,0.420136,0.331669
Senna armata,shrub,shrub,0.397138,0.412682,0.383873,0.400141,0.378311
Senna didymobotrya,shrub,tree,0.409294,0.377604,0.321563,0.296895,0.37127
Senna hebecarpa,forbHerb,shrub,0.344055,0.376002,0.337136,0.309107,0.326031
Senna roemeriana,forbHerb,graminoid,0.33619,0.352598,0.290491,0.393171,0.411331
Sequoia sempervirens,tree,tree,0.400923,0.362862,0.308542,0.330683,0.314302
Sequoiadendron giganteum,tree,tree,0.398078,0.302734,0.258402,0.319448,0.339384
Seseli libanotis,forbHerb,forbHerb,0.343355,0.305847,0.299966,0.360679,0.327938
Sesuvium portulacastrum,forbHerb,tree,0.404688,0.361915,0.403598,0.400227,0.396722
Setaria faberi,graminoid,graminoid,0.391345,0.331545,0.310274,0.402076,0.431086
Setaria palmifolia,graminoid,graminoid,0.452168,0.394856,0.375979,0.391999,0.519038
Setaria parviflora,graminoid,graminoid,0.452571,0.39053,0.376335,0.463871,0.566341
Setaria pumila,graminoid,graminoid,0.458292,0.399728,0.376902,0.450337,0.521853
Setaria viridis,graminoid,graminoid,0.42556,0.335588,0.335947,0.427331,0.513019
Shepherdia canadensis,shrub,shrub,0.324133,0.326197,0.302754,0.293925,0.302339
Sherardia arvensis,forbHerb,forbHerb,0.362529,0.305857,0.354885,0.440037,0.339276
Sida abutifolia,forbHerb,forbHerb,0.424976,0.380656,0.416955,0.481363,0.37397
Silene acaulis,forbHerb,forbHerb,0.379732,0.338246,0.313757,0.403807,0.344072
Silene antirrhina,forbHerb,forbHerb,0.325993,0.282769,0.260709,0.470203,0.363563
Silene dioica,forbHerb,tree,0.34509,0.249098,0.302449,0.332027,0.333585
Silene gallica,forbHerb,forbHerb,0.37797,0.305046,0.321728,0.450154,0.387917
Silene laciniata,forbHerb,forbHerb,0.350704,0.284371,0.322432,0.423907,0.338962
Silene latifolia,forbHerb,forbHerb,0.375924,0.285763,0.322697,0.409766,0.35309
Silene nutans,forbHerb,forbHerb,0.33643,0.267233,0.303431,0.396669,0.372085
Silene regia,forbHerb,forbHerb,0.300157,0.219933,0.295972,0.403133,0.271045
Silene stellata,forbHerb,forbHerb,0.300236,0.25129,0.303213,0.460634,0.290195
Silene virginica,forbHerb,forbHerb,0.337387,0.261705,0.338513,0.433574,0.298643
Silene vulgaris,forbHerb,forbHerb,0.369396,0.310335,0.345203,0.416443,0.35405
Silphium albiflorum,forbHerb,forbHerb,0.358589,0.331904,0.282982,0.435493,0.341074
Silphium integrifolium,forbHerb,forbHerb,0.347166,0.309429,0.285075,0.388507,0.278119
Silphium laciniatum,forbHerb,forbHerb,0.317406,0.246797,0.219419,0.388571,0.308738
Silphium perfoliatum,forbHerb,forbHerb,0.356469,0.298223,0.318266,0.392852,0.254949
Silphium terebinthinaceum,forbHerb,forbHerb,0.332754,0.296959,0.281612,0.407656,0.266289
Silybum marianum,forbHerb,tree,0.441524,0.371605,0.356953,0.385047,0.282046
Simmondsia chinensis,shrub,tree,0.419227,0.411481,0.38025,0.356004,0.323563
Sinapis arvensis,forbHerb,tree,0.444109,0.413929,0.399671,0.383643,0.355784
Sisymbrium altissimum,forbHerb,forbHerb,0.397258,0.404401,0.350822,0.434889,0.367643
Sisymbrium irio,forbHerb,graminoid,0.373712,0.375427,0.364213,0.390943,0.413221
Sisymbrium loeselii,forbHerb,graminoid,0.354807,0.310619,0.283278,0.350252,0.363848
Sisymbrium officinale,forbHerb,forbHerb,0.375661,0.327505,0.355651,0.394321,0.363595
Sisyrinchium angustifolium,forbHerb,forbHerb,0.339765,0.297102,0.322385,0.476182,0.358797
Sisyrinchium bellum,forbHerb,forbHerb,0.325989,0.280183,0.296441,0.406472,0.376351
Sisyrinchium montanum,forbHerb,forbHerb,0.328637,0.27289,0.295876,0.433504,0.36256
Sisyrinchium rosulatum,forbHerb,forbHerb,0.396208,0.365883,0.424221,0.517066,0.382654
Sium suave,forbHerb,forbHerb,0.342739,0.347881,0.339037,0.48048,0.374262
Solanum dimidiatum,forbHerb,forbHerb,0.355715,0.320012,0.33551,0.41542,0.28505
Solanum lycopersicum,forbHerb,tree,0.405226,0.350751,0.384859,0.361368,0.351793
Solanum rostratum,forbHerb,tree,0.575745,0.516102,0.563049,0.492088,0.343347
Solidago altissima,forbHerb,forbHerb,0.364516,0.331276,0.300584,0.389775,0.348806
Solidago bicolor,forbHerb,forbHerb,0.336149,0.324134,0.287173,0.418005,0.326211
Solidago caesia,forbHerb,forbHerb,0.312094,0.332346,0.291046,0.383347,0.332223
Solidago canadensis,forbHerb,forbHerb,0.355201,0.347513,0.291388,0.374889,0.350554
Solidago flexicaulis,forbHerb,forbHerb,0.344803,0.329208,0.33715,0.384783,0.297329
Solidago gigantea,forbHerb,forbHerb,0.320128,0.305975,0.257906,0.341309,0.336854
Solidago hispida,forbHerb,forbHerb,0.344168,0.334723,0.28407,0.433692,0.343697
Solidago juncea,forbHerb,forbHerb,0.324262,0.309214,0.247689,0.388279,0.359276
Solidago nemoralis,forbHerb,graminoid,0.325199,0.291059,0.245947,0.403518,0.406701
Solidago rugosa,forbHerb,forbHerb,0.344848,0.345108,0.288424,0.394067,0.341302
Solidago sempervirens,forbHerb,forbHerb,0.337465,0.341549,0.285649,0.427357,0.349901
Solidago speciosa,forbHerb,forbHerb,0.334029,0.324528,0.254924,0.380905,0.323776
Solidago uliginosa,forbHerb,forbHerb,0.306633,0.315653,0.259914,0.42341,0.383935
Soliva sessilis,forbHerb,forbHerb,0.408256,0.340381,0.33762,0.509427,0.390296
Sonchus arvensis,forbHerb,forbHerb,0.390975,0.312494,0.349986,0.415623,0.36462
Sonchus asper,forbHerb,tree,0.408235,0.32651,0.375663,0.406649,0.352539
Sonchus oleraceus,forbHerb,tree,0.406205,0.318772,0.400795,0.391623,0.346254
Sorbaria sorbifolia,shrub,shrub,0.365828,0.407664,0.322745,0.312076,0.257913
Sorghastrum nutans,graminoid,graminoid,0.30736,0.238028,0.255827,0.351322,0.512427
Sorghum halepense,graminoid,graminoid,0.334483,0.298044,0.277082,0.327484,0.506627
Sparaxis tricolor,forbHerb,forbHerb,0.329789,0.328538,0.333583,0.40599,0.388689
Sparganium emersum,forbHerb,forbHerb,0.333353,0.275038,0.310421,0.355219,0.306931
Sparganium erectum,forbHerb,tree,0.331798,0.261763,0.310449,0.315764,0.311302
Sparganium eurycarpum,forbHerb,forbHerb,0.320084,0.250926,0.314341,0.363799,0.284288
Spartium junceum,shrub,tree,0.40721,0.37312,0.355619,0.345765,0.380255
Spathodea campanulata,tree,tree,0.498185,0.407166,0.41551,0.394268,0.378449
Spathoglottis plicata,forbHerb,forbHerb,0.357507,0.350797,0.350371,0.394083,0.341337
Spergula arvensis,forbHerb,forbHerb,0.380083,0.314235,0.375472,0.452894,0.370613
Spergularia rubra,forbHerb,forbHerb,0.385809,0.333269,0.365822,0.418714,0.385924
Sphagneticola trilobata,forbHerb,tree,0.460627,0.366442,0.375528,0.422147,0.432283
Spigelia marilandica,forbHerb,forbHerb,0.344476,0.292271,0.333085,0.420367,0.302678
Spiraea alba,shrub,shrub,0.367306,0.411772,0.318055,0.39499,0.311204
Spiraea betulifolia,shrub,shrub,0.350275,0.380776,0.295687,0.340234,0.333447
Spiraea douglasii,shrub,tree,0.347062,0.337819,0.246821,0.312728,0.313587
Spiraea japonica,shrub,shrub,0.374472,0.385502,0.313322,0.30335,0.327962
Spiraea splendens,shrub,tree,0.339839,0.325258,0.266338,0.304719,0.283942
Spiraea tomentosa,shrub,graminoid,0.303993,0.333574,0.244684,0.323336,0.335848
Spiranthes cernua,forbHerb,forbHerb,0.340816,0.257078,0.267081,0.467344,0.394158
Spiranthes lacera,forbHerb,forbHerb,0.336178,0.268057,0.285002,0.457879,0.364688
Spiranthes magnicamporum,forbHerb,forbHerb,0.343358,0.311235,0.295035,0.45662,0.365698
Spiranthes romanzoffiana,forbHerb,forbHerb,0.323661,0.261668,0.275167,0.436915,0.369983
Spiranthes vernalis,forbHerb,forbHerb,0.32919,0.243367,0.281607,0.458999,0.365019
Stachys bullata,forbHerb,tree,0.328524,0.263995,0.297224,0.325281,0.272987
Stachys byzantina,forbHerb,tree,0.342301,0.296444,0.256102,0.310547,0.300662
Stachys chamissonis,forbHerb,tree,0.331595,0.255366,0.302017,0.293857,0.291745
Stachys coccinea,forbHerb,vine,0.311061,0.225324,0.324901,0.305589,0.305022
Stachys floridana,forbHerb,forbHerb,0.377828,0.281111,0.327496,0.418627,0.321801
Stachys palustris,forbHerb,graminoid,0.321654,0.256925,0.257242,0.30324,0.328267
Stachys recta,forbHerb,forbHerb,0.346542,0.324552,0.319722,0.371086,0.313544
Stachys sylvatica,forbHerb,tree,0.326634,0.254723,0.315857,0.282185,0.306292
Stachytarpheta jamaicensis,forbHerb,graminoid,0.384049,0.31791,0.34482,0.355406,0.403431
Stellaria graminea,forbHerb,forbHerb,0.406049,0.340708,0.359208,0.468474,0.425096
Stellaria media,forbHerb,tree,0.432136,0.303333,0.380299,0.417195,0.350958
Stellaria pubera,forbHerb,forbHerb,0.359371,0.321092,0.350324,0.454641,0.319428
Stenotaphrum secundatum,graminoid,graminoid,0.391135,0.287963,0.359901,0.39019,0.497532
Stillingia sylvatica,forbHerb,forbHerb,0.368224,0.348941,0.333822,0.42232,0.347547
Stillingia texana,forbHerb,forbHerb,0.342418,0.321294,0.322685,0.421063,0.360387
Streptanthus glandulosus,forbHerb,forbHerb,0.339861,0.373011,0.32472,0.414123,0.381847
Streptopus amplexifolius,forbHerb,forbHerb,0.345931,0.315931,0.342195,0.35448,0.29009
Streptopus lanceolatus,forbHerb,forbHerb,0.334224,0.34303,0.313123,0.366856,0.299786
Stylophorum diphyllum,forbHerb,forbHerb,0.349826,0.27107,0.347999,0.407408,0.259227
Stylosanthes biflora,forbHerb,forbHerb,0.376316,0.29425,0.310508,0.526922,0.440082
Succisa pratensis,forbHerb,forbHerb,0.320309,0.296808,0.240719,0.395393,0.369676
Symphoricarpos occidentalis,shrub,tree,0.351114,0.301919,0.331858,0.322273,0.330724
Symphoricarpos orbiculatus,shrub,tree,0.379346,0.324041,0.357201,0.364718,0.348816
Symphoricarpos rotundifolius,shrub,tree,0.337844,0.281775,0.326971,0.267987,0.296789
Symphyotrichum chilense,forbHerb,forbHerb,0.30318,0.297872,0.256205,0.378358,0.35481
Symphyotrichum ciliolatum,forbHerb,forbHerb,0.322207,0.270581,0.286269,0.410923,0.309207
Symphyotrichum cordifolium,forbHerb,forbHerb,0.337893,0.293704,0.334314,0.409139,0.323258
Symphyotrichum divaricatum,forbHerb,forbHerb,0.372724,0.297689,0.339502,0.489144,0.378509
Symphyotrichum drummondii,forbHerb,forbHerb,0.326774,0.272641,0.286158,0.385086,0.307811
Symphyotrichum ericoides,forbHerb,forbHerb,0.342934,0.322106,0.308679,0.460269,0.379205
Symphyotrichum laeve,forbHerb,forbHerb,0.328793,0.331605,0.274253,0.410185,0.376548
Symphyotrichum lanceolatum,forbHerb,forbHerb,0.340181,0.317014,0.288478,0.384921,0.349533
Symphyotrichum lateriflorum,forbHerb,forbHerb,0.349006,0.310408,0.300169,0.435068,0.352853
Symphyotrichum novae-angliae,forbHerb,forbHerb,0.306355,0.26952,0.268445,0.366187,0.324303
Symphyotrichum novi-belgii,forbHerb,forbHerb,0.344507,0.340974,0.288375,0.380517,0.336958
Symphyotrichum pilosum,forbHerb,forbHerb,0.354152,0.327974,0.289467,0.480661,0.399553
Symphyotrichum sericeum,forbHerb,forbHerb,0.395858,0.360741,0.318249,0.442264,0.379722
Symphyotrichum subulatum,forbHerb,forbHerb,0.370749,0.318405,0.325251,0.476019,0.455426
Symphytum officinale,forbHerb,forbHerb,0.349299,0.318742,0.314695,0.350232,0.29307
Symplocarpus foetidus,forbHerb,forbHerb,0.369462,0.321451,0.344462,0.422232,0.263391
Syngonium podophyllum,vine,vine,0.414338,0.340087,0.421071,0.378548,0.324058
Syringa vulgaris,shrub,tree,0.434851,0.409946,0.417897,0.35561,0.276132
Tabebuia rosea,tree,tree,0.452485,0.341089,0.353114,0.368643,0.380977
Taenidia integerrima,forbHerb,forbHerb,0.352211,0.314799,0.357317,0.43594,0.387042
Tamarindus indica,tree,tree,0.499186,0.468683,0.470028,0.388591,0.36486
Tanacetum bipinnatum,forbHerb,forbHerb,0.34416,0.325415,0.289084,0.420745,0.372672
Tanacetum parthenium,forbHerb,forbHerb,0.320779,0.292602,0.305913,0.394022,0.344037
Tanacetum vulgare,forbHerb,forbHerb,0.340287,0.339972,0.297801,0.390267,0.359683
Taraxacum officinale,forbHerb,tree,0.415646,0.262672,0.320337,0.377575,0.39665
Taxodium ascendens,tree,tree,0.4781,0.393924,0.359981,0.386949,0.311035
Taxodium distichum,tree,tree,0.460357,0.393434,0.342855,0.407756,0.330257
Taxodium mucronatum,tree,tree,0.405877,0.334573,0.337368,0.329875,0.354795
Taxus brevifolia,tree,shrub,0.367657,0.394857,0.330367,0.310567,0.259326
Taxus canadensis,shrub,shrub,0.370824,0.434379,0.353859,0.370868,0.255342
Tellima grandiflora,forbHerb,forbHerb,0.297207,0.287776,0.337025,0.347656,0.295895
Tetraneuris linearifolia,forbHerb,forbHerb,0.314203,0.265184,0.268414,0.444883,0.400793
Teucrium canadense,forbHerb,forbHerb,0.35682,0.303104,0.294544,0.388653,0.349276
Teucrium cubense,forbHerb,forbHerb,0.383818,0.30046,0.35327,0.426889,0.326801
Thalia geniculata,forbHerb,graminoid,0.385534,0.339285,0.301562,0.375681,0.453552
Thalictrum dasycarpum,forbHerb,forbHerb,0.298397,0.283651,0.336473,0.354149,0.283459
Thalictrum dioicum,forbHerb,forbHerb,0.303107,0.304537,0.366064,0.407785,0.265994
Thalictrum fendleri,forbHerb,forbHerb,0.2766,0.27725,0.313882,0.374657,0.337233
Thalictrum minus,forbHerb,forbHerb,0.356092,0.335091,0.390055,0.39908,0.362864
Thalictrum pubescens,forbHerb,forbHerb,0.312239,0.314144,0.357657,0.428129,0.302564
Thalictrum thalictroides,forbHerb,forbHerb,0.317928,0.36088,0.377039,0.469477,0.31526
Thelesperma filifolium,forbHerb,graminoid,0.352678,0.263641,0.258677,0.416494,0.423885
Thelesperma megapotamicum,forbHerb,forbHerb,0.351193,0.249898,0.259784,0.425666,0.420803
Thelypteris palustris,forbHerb,forbHerb,0.340821,0.318265,0.311505,0.366073,0.354483
Themeda triandra,graminoid,graminoid,0.423766,0.396381,0.294727,0.371405,0.545625
Theobroma cacao,tree,tree,0.392748,0.384287,0.362735,0.313613,0.331322
Thermopsis californica,forbHerb,forbHerb,0.307636,0.256659,0.262385,0.336054,0.312701
Thermopsis rhombifolia,forbHerb,tree,0.353096,0.274725,0.278055,0.339141,0.334718
Thlaspi arvense,forbHerb,forbHerb,0.395143,0.393915,0.384456,0.411946,0.355308
Thuja occidentalis,tree,tree,0.421047,0.39805,0.360892,0.380005,0.29625
Thuja plicata,tree,tree,0.398991,0.358012,0.310676,0.322807,0.309388
Thunbergia grandiflora,vine,vine,0.39567,0.315372,0.457003,0.31495,0.340012
Thysanocarpus curvipes,forbHerb,forbHerb,0.338644,0.324255,0.329929,0.422109,0.414119
Tiarella cordifolia,forbHerb,forbHerb,0.331581,0.319171,0.381243,0.42214,0.280046
Tiarella trifoliata,forbHerb,forbHerb,0.318134,0.272375,0.345617,0.405664,0.292764
Tilia americana,tree,vine,0.412744,0.349351,0.446122,0.416456,0.271472
Tilia cordata,tree,vine,0.45188,0.381396,0.479446,0.368662,0.304489
Tillandsia fasciculata,forbHerb,graminoid,0.381152,0.338227,0.294819,0.354502,0.385502
Tillandsia recurvata,forbHerb,tree,0.450247,0.347306,0.353982,0.425349,0.399554
Tillandsia utriculata,forbHerb,tree,0.408514,0.350247,0.310225,0.388483,0.312303
Tinantia anomala,forbHerb,forbHerb,0.398622,0.304796,0.385734,0.450106,0.407431
Tipularia discolor,forbHerb,forbHerb,0.350642,0.302974,0.331119,0.410376,0.333372
Tolmiea menziesii,forbHerb,vine,0.354805,0.286635,0.362339,0.338426,0.329891
Torilis arvensis,forbHerb,forbHerb,0.406319,0.346195,0.343828,0.4617,0.363381
Torilis japonica,forbHerb,forbHerb,0.367495,0.296357,0.281321,0.428615,0.397386
Torilis nodosa,forbHerb,forbHerb,0.393045,0.323594,0.351267,0.452882,0.360949
Torreya californica,tree,tree,0.392929,0.389659,0.35458,0.311695,0.26468
Trachelospermum jasminoides,vine,vine,0.424194,0.386482,0.452178,0.358437,0.355731
Tradescantia fluminensis,forbHerb,vine,0.451237,0.37712,0.466154,0.386625,0.3679
Tradescantia occidentalis,forbHerb,forbHerb,0.371039,0.299598,0.34516,0.371361,0.367754
Tradescantia ohiensis,forbHerb,forbHerb,0.36957,0.289595,0.327391,0.414177,0.339687
Tradescantia pallida,forbHerb,tree,0.44209,0.40484,0.408653,0.405254,0.433584
Tradescantia spathacea,forbHerb,vine,0.386286,0.326361,0.397096,0.355746,0.35148
Tradescantia virginiana,forbHerb,tree,0.392813,0.34373,0.383775,0.389109,0.32343
Tradescantia zebrina,forbHerb,tree,0.46042,0.38289,0.424548,0.347614,0.338785
Tragopogon dubius,forbHerb,forbHerb,0.368066,0.283458,0.315693,0.409132,0.387512
Tragopogon porrifolius,forbHerb,tree,0.376444,0.296574,0.314653,0.365787,0.353297
Trapa natans,forbHerb,tree,0.433899,0.349714,0.382596,0.343742,0.297766
Trema orientalis,tree,tree,0.483729,0.41746,0.43767,0.299311,0.36058
Triadica sebifera,tree,tree,0.450851,0.371076,0.421816,0.403283,0.328426
Triantha glutinosa,forbHerb,forbHerb,0.296066,0.318453,0.282516,0.474545,0.372936
Tribulus terrestris,forbHerb,tree,0.404816,0.38101,0.383629,0.380664,0.373527
Trichophorum cespitosum,graminoid,graminoid,0.281234,0.261321,0.240606,0.363071,0.375681
Trichoptilium incisum,forbHerb,forbHerb,0.348694,0.30324,0.33329,0.405595,0.401252
Trichostema dichotomum,forbHerb,forbHerb,0.321283,0.291442,0.240332,0.448676,0.350198
Trichostema lanceolatum,forbHerb,forbHerb,0.348369,0.3045,0.27654,0.382826,0.37259
Tridax procumbens,forbHerb,forbHerb,0.456921,0.394973,0.41106,0.473113,0.416212
Tridens albescens,graminoid,graminoid,0.33573,0.258349,0.290643,0.375781,0.487806
Tridens flavus,graminoid,graminoid,0.35037,0.284522,0.289252,0.401633,0.471357
Trifolium angustifolium,forbHerb,forbHerb,0.379751,0.348139,0.309385,0.459974,0.457564
Trifolium arvense,forbHerb,forbHerb,0.406871,0.359385,0.334994,0.497593,0.434327
Trifolium aureum,forbHerb,forbHerb,0.350415,0.309591,0.305639,0.426097,0.371118
Trifolium campestre,forbHerb,forbHerb,0.372419,0.33842,0.343718,0.449602,0.414365
Trifolium depauperatum,forbHerb,forbHerb,0.361452,0.33295,0.295668,0.442964,0.389705
Trifolium dubium,forbHerb,forbHerb,0.40897,0.369384,0.38036,0.472093,0.422156
Trifolium fragiferum,forbHerb,forbHerb,0.383316,0.306073,0.355337,0.405411,0.399576
Trifolium hirtum,forbHerb,forbHerb,0.396985,0.317768,0.318772,0.417984,0.395743
Trifolium hybridum,forbHerb,graminoid,0.331432,0.290056,0.293629,0.359116,0.381734
Trifolium incarnatum,forbHerb,forbHerb,0.360965,0.282957,0.327309,0.399786,0.387487
Trifolium lupinaster,forbHerb,forbHerb,0.318233,0.321744,0.288141,0.403354,0.372188
Trifolium medium,forbHerb,graminoid,0.343579,0.28688,0.25909,0.349922,0.416923
Trifolium pratense,forbHerb,graminoid,0.404826,0.310516,0.331629,0.413046,0.42446
Trifolium repens,forbHerb,forbHerb,0.399354,0.317118,0.373393,0.450018,0.392071
Trifolium resupinatum,forbHerb,forbHerb,0.374725,0.30467,0.341901,0.409101,0.370966
Trifolium subterraneum,forbHerb,forbHerb,0.358393,0.275299,0.359222,0.419856,0.346669
Trifolium willdenovii,forbHerb,graminoid,0.313145,0.274743,0.234386,0.395239,0.403293
Triglochin maritima,graminoid,forbHerb,0.338381,0.269296,0.27216,0.410739,0.406284
Trillium albidum,forbHerb,forbHerb,0.317086,0.327875,0.328567,0.403603,0.227225
Trillium catesbaei,forbHerb,forbHerb,0.296023,0.320666,0.294896,0.414017,0.271542
Trillium cernuum,forbHerb,forbHerb,0.293922,0.286553,0.337888,0.375213,0.263736
Trillium chloropetalum,forbHerb,forbHerb,0.32284,0.336737,0.357518,0.366047,0.235142
Trillium cuneatum,forbHerb,forbHerb,0.322656,0.325998,0.304821,0.380809,0.281233
Trillium erectum,forbHerb,forbHerb,0.316242,0.337642,0.333392,0.385331,0.24323
Trillium flexipes,forbHerb,forbHerb,0.312587,0.301152,0.347368,0.376271,0.203687
Trillium grandiflorum,forbHerb,forbHerb,0.318954,0.339599,0.3425,0.408607,0.230327
Trillium luteum,forbHerb,forbHerb,0.319607,0.311017,0.317273,0.419994,0.25779
Trillium nivale,forbHerb,forbHerb,0.358693,0.376373,0.345968,0.407483,0.268053
Trillium ovatum,forbHerb,forbHerb,0.325381,0.315196,0.312512,0.367058,0.288755
Trillium recurvatum,forbHerb,forbHerb,0.345248,0.321561,0.292779,0.378761,0.284148
Trillium sessile,forbHerb,forbHerb,0.327435,0.323483,0.334979,0.371205,0.241221
Trillium undulatum,forbHerb,forbHerb,0.330739,0.339243,0.29792,0.407097,0.282584
Triodanis biflora,forbHerb,forbHerb,0.389449,0.284477,0.342577,0.464983,0.329346
Triodanis perfoliata,forbHerb,forbHerb,0.351611,0.269132,0.337798,0.44449,0.317574
Triosteum aurantiacum,forbHerb,forbHerb,0.287372,0.264843,0.27459,0.349933,0.276571
Triphysaria eriantha,forbHerb,forbHerb,0.360082,0.300178,0.288643,0.421919,0.403379
Triphysaria pusilla,forbHerb,forbHerb,0.350939,0.28146,0.286786,0.428463,0.352235
Tripolium pannonicum,forbHerb,forbHerb,0.338277,0.315945,0.336433,0.399143,0.3574
Tripsacum dactyloides,graminoid,graminoid,0.35614,0.271314,0.28132,0.395741,0.475681
Triteleia grandiflora,forbHerb,forbHerb,0.319775,0.281803,0.258995,0.37918,0.282812
Triteleia hyacinthina,forbHerb,forbHerb,0.307896,0.269972,0.239189,0.430055,0.303349
Triteleia ixioides,forbHerb,forbHerb,0.366466,0.323074,0.306081,0.43554,0.324678
Triteleia laxa,forbHerb,forbHerb,0.339679,0.273946,0.278696,0.406932,0.300894
Triticum aestivum,graminoid,graminoid,0.411409,0.352206,0.325761,0.379694,0.484544
Trollius laxus,forbHerb,forbHerb,0.283334,0.280273,0.298985,0.437466,0.261706
Tsuga canadensis,tree,shrub,0.407951,0.408465,0.333551,0.360722,0.273536
Tsuga heterophylla,tree,tree,0.37351,0.368897,0.271052,0.299922,0.282627
Tsuga mertensiana,tree,tree,0.358756,0.330189,0.277688,0.324472,0.293654
Tulipa sylvestris,forbHerb,tree,0.411614,0.400417,0.360409,0.404409,0.348588
Tussilago farfara,forbHerb,forbHerb,0.372089,0.330459,0.386501,0.3982,0.312995
Typha angustifolia,forbHerb,tree,0.360592,0.311031,0.300244,0.351808,0.333132
Typha latifolia,forbHerb,tree,0.341842,0.298607,0.271315,0.332612,0.320039
Ulex europaeus,shrub,tree,0.436216,0.409652,0.377095,0.412018,0.361763
Ulmus alata,tree,tree,0.421071,0.369644,0.347669,0.344686,0.325327
Ulmus americana,tree,tree,0.499929,0.404306,0.417956,0.373889,0.278791
Ulmus crassifolia,tree,tree,0.489906,0.391717,0.432245,0.401055,0.314131
Ulmus glabra,tree,tree,0.478732,0.409362,0.434312,0.304137,0.297065
Ulmus parvifolia,tree,tree,0.518315,0.48105,0.436163,0.366464,0.335657
Ulmus rubra,tree,tree,0.471403,0.389601,0.418265,0.374189,0.280853
Ulmus thomasii,tree,tree,0.455062,0.379353,0.405107,0.372555,0.30396
Uniola paniculata,graminoid,graminoid,0.393649,0.350857,0.286759,0.394547,0.472349
Urospermum picroides,forbHerb,forbHerb,0.347852,0.22283,0.306755,0.359628,0.351699
Urtica chamaedryoides,forbHerb,vine,0.36565,0.291849,0.409497,0.362834,0.295472
Urtica dioica,forbHerb,tree,0.39124,0.32265,0.356234,0.30491,0.361133
Urtica urens,forbHerb,tree,0.408468,0.36428,0.390982,0.310232,0.289997
Utricularia cornuta,forbHerb,forbHerb,0.415863,0.362397,0.34107,0.504786,0.387104
Utricularia gibba,forbHerb,forbHerb,0.416533,0.333579,0.390888,0.467912,0.381325
Utricularia intermedia,forbHerb,forbHerb,0.380425,0.32639,0.335358,0.44985,0.339318
Utricularia macrorhiza,forbHerb,forbHerb,0.365744,0.286077,0.345445,0.410978,0.290291
Utricularia purpurea,forbHerb,forbHerb,0.371883,0.31261,0.389258,0.475359,0.320432
Utricularia subulata,forbHerb,forbHerb,0.385572,0.361871,0.32622,0.481874,0.424282
Uvularia grandiflora,forbHerb,forbHerb,0.370718,0.370527,0.346201,0.424886,0.284277
Uvularia perfoliata,forbHerb,forbHerb,0.382575,0.384747,0.383863,0.465357,0.309001
Uvularia sessilifolia,forbHerb,forbHerb,0.35918,0.38596,0.338887,0.438809,0.301744
Vaccinium corymbosum,shrub,tree,0.458275,0.448585,0.377624,0.4286,0.312795
Vaccinium membranaceum,shrub,shrub,0.340703,0.346476,0.312003,0.338338,0.285482
Vaccinium ovalifolium,shrub,tree,0.379873,0.373595,0.340505,0.34542,0.300033
Vaccinium parvifolium,shrub,tree,0.387597,0.377121,0.33953,0.36298,0.279868
Vaccinium stamineum,shrub,tree,0.406259,0.389967,0.341247,0.388058,0.303131
Valeriana officinalis,forbHerb,forbHerb,0.330537,0.305712,0.329541,0.34165,0.329354
Valeriana sitchensis,forbHerb,forbHerb,0.252506,0.222122,0.261048,0.32401,0.310765
Valerianella locusta,forbHerb,graminoid,0.311198,0.232895,0.306664,0.379919,0.385034
Valerianella radiata,forbHerb,forbHerb,0.326281,0.230999,0.340901,0.463195,0.370048
Vancouveria hexandra,forbHerb,forbHerb,0.326874,0.27722,0.356182,0.359371,0.333797
Veratrum californicum,forbHerb,forbHerb,0.31434,0.30691,0.30259,0.373219,0.296196
Veratrum viride,forbHerb,forbHerb,0.302197,0.318277,0.28688,0.394099,0.285721
Verbascum blattaria,forbHerb,forbHerb,0.338455,0.273824,0.320215,0.382535,0.31037
Verbascum lychnitis,forbHerb,forbHerb,0.316778,0.323922,0.312578,0.336535,0.266324
Verbascum nigrum,forbHerb,forbHerb,0.332539,0.30772,0.332822,0.36074,0.294284
Verbascum thapsus,forbHerb,forbHerb,0.369942,0.326329,0.336265,0.428977,0.294226
Verbascum virgatum,forbHerb,forbHerb,0.357961,0.320983,0.353464,0.393291,0.31082
Verbena bracteata,forbHerb,forbHerb,0.374812,0.240198,0.260278,0.385265,0.382704
Verbena hastata,forbHerb,forbHerb,0.322129,0.263907,0.258708,0.356345,0.331769
Verbena lasiostachys,forbHerb,forbHerb,0.314197,0.239477,0.25771,0.330169,0.310026
Verbena macdougalii,forbHerb,graminoid,0.31772,0.256784,0.23502,0.345862,0.354478
Verbena officinalis,forbHerb,forbHerb,0.373271,0.304217,0.351204,0.381401,0.372107
Verbena rigida,forbHerb,graminoid,0.381942,0.326687,0.327046,0.387164,0.394347
Verbena stricta,forbHerb,forbHerb,0.311039,0.263649,0.265532,0.364743,0.317291
Verbena urticifolia,forbHerb,forbHerb,0.333867,0.288096,0.312072,0.376156,0.326136
Verbesina alternifolia,forbHerb,forbHerb,0.351859,0.314767,0.310845,0.393014,0.311356
Verbesina encelioides,forbHerb,tree,0.393269,0.348322,0.329115,0.350443,0.373701
Verbesina virginica,forbHerb,forbHerb,0.37279,0.320183,0.327822,0.42838,0.3341
Vernonia baldwinii,forbHerb,forbHerb,0.349014,0.28644,0.272865,0.398265,0.321702
Vernonia fasciculata,forbHerb,forbHerb,0.302563,0.284994,0.241005,0.343471,0.318659
Vernonia gigantea,forbHerb,forbHerb,0.373885,0.284191,0.279809,0.386649,0.333177
Vernonia missurica,forbHerb,forbHerb,0.354807,0.301227,0.263833,0.396636,0.316317
Vernonia noveboracensis,forbHerb,forbHerb,0.338011,0.3303,0.274123,0.368262,0.330502
Veronica americana,forbHerb,forbHerb,0.344744,0.303052,0.353207,0.392418,0.336639
Veronica anagallis-aquatica,forbHerb,vine,0.348893,0.307519,0.361805,0.355866,0.305877
Veronica arvensis,forbHerb,forbHerb,0.383609,0.322249,0.355956,0.411937,0.314449
Veronica beccabunga,forbHerb,vine,0.340727,0.331125,0.366336,0.319434,0.285475
Veronica chamaedrys,forbHerb,tree,0.357728,0.315217,0.351224,0.353212,0.327596
Veronica filiformis,forbHerb,forbHerb,0.365417,0.323379,0.369428,0.391222,0.290585
Veronica officinalis,forbHerb,forbHerb,0.367341,0.354229,0.372508,0.406274,0.293662
Veronica peregrina,forbHerb,forbHerb,0.369273,0.342507,0.351417,0.419487,0.320127
Veronica persica,forbHerb,forbHerb,0.387033,0.356055,0.383522,0.393766,0.336302
Veronica polita,forbHerb,forbHerb,0.376559,0.334116,0.374689,0.397423,0.327394
Veronica scutellata,forbHerb,forbHerb,0.326992,0.352556,0.372603,0.40771,0.297414
Veronica serpyllifolia,forbHerb,forbHerb,0.395711,0.344724,0.373144,0.434314,0.299816
Veronica spicata,forbHerb,forbHerb,0.341725,0.310377,0.294017,0.382106,0.345535
Veronica wormskjoldii,forbHerb,forbHerb,0.32199,0.267107,0.273406,0.42924,0.34269
Veronicastrum virginicum,forbHerb,forbHerb,0.307134,0.294004,0.29601,0.387629,0.302674
Viburnum edule,shrub,vine,0.309902,0.333148,0.377252,0.335634,0.299074
Viburnum lantanoides,shrub,forbHerb,0.307815,0.339448,0.335043,0.372024,0.273523
Viburnum rhytidophyllum,shrub,shrub,0.314879,0.34472,0.287829,0.280413,0.285552
Viburnum tinus,shrub,shrub,0.380474,0.406732,0.391337,0.29036,0.27476
Viola adunca,forbHerb,forbHerb,0.323641,0.276657,0.330908,0.412747,0.32796
Viola arvensis,forbHerb,forbHerb,0.379074,0.33917,0.410643,0.452993,0.344725
Viola bicolor,forbHerb,forbHerb,0.370455,0.332108,0.406007,0.464539,0.358128
Viola biflora,forbHerb,forbHerb,0.330548,0.333505,0.400273,0.419221,0.318694
Viola blanda,forbHerb,forbHerb,0.309611,0.296966,0.379606,0.383878,0.264366
Viola canadensis,forbHerb,forbHerb,0.330696,0.321617,0.406105,0.424755,0.313547
Viola glabella,forbHerb,forbHerb,0.305347,0.255856,0.351111,0.351418,0.304635
Viola hastata,forbHerb,forbHerb,0.352691,0.360181,0.370426,0.42087,0.267951
Viola labradorica,forbHerb,forbHerb,0.366968,0.33145,0.354882,0.40478,0.30002
Viola lanceolata,forbHerb,forbHerb,0.316905,0.321211,0.303185,0.462818,0.364676
Viola lobata,forbHerb,forbHerb,0.34162,0.349921,0.399932,0.410597,0.299442
Viola macloskeyi,forbHerb,forbHerb,0.337326,0.27804,0.377408,0.440858,0.260892
Viola nuttallii,forbHerb,forbHerb,0.292151,0.253156,0.328097,0.375153,0.349546
Viola ocellata,forbHerb,forbHerb,0.362292,0.32062,0.382923,0.402759,0.300433
Viola odorata,forbHerb,vine,0.355368,0.332016,0.442639,0.353421,0.267537
Viola pedata,forbHerb,forbHerb,0.335447,0.300765,0.315818,0.469555,0.320524
Viola pedatifida,forbHerb,forbHerb,0.298225,0.253524,0.293956,0.416556,0.30553
Viola pedunculata,forbHerb,graminoid,0.309334,0.214879,0.30845,0.330689,0.332485
Viola pubescens,forbHerb,forbHerb,0.296167,0.266424,0.363738,0.396355,0.267556
Viola purpurea,forbHerb,graminoid,0.346535,0.260025,0.346943,0.353044,0.355107
Viola rostrata,forbHerb,forbHerb,0.36582,0.335335,0.39159,0.402286,0.279803
Viola rotundifolia,forbHerb,forbHerb,0.296539,0.285744,0.372606,0.388049,0.279591
Viola sagittata,forbHerb,forbHerb,0.317235,0.287688,0.297471,0.420977,0.348271
Viola sempervirens,forbHerb,vine,0.319022,0.319783,0.380113,0.367866,0.305119
Viola sororia,forbHerb,forbHerb,0.347614,0.290508,0.390786,0.407295,0.27996
Viola striata,forbHerb,vine,0.359855,0.273327,0.404091,0.403004,0.290521
Viola tricolor,forbHerb,forbHerb,0.382934,0.329714,0.373114,0.42682,0.349033
Vitex rotundifolia,shrub,tree,0.46048,0.415282,0.417732,0.407327,0.325659
Vitis aestivalis,vine,vine,0.362122,0.341893,0.491374,0.373876,0.29606
Vitis arizonica,vine,vine,0.329366,0.308201,0.514194,0.310525,0.284774
Vitis californica,vine,vine,0.342046,0.337732,0.536204,0.325965,0.250694
Vitis mustangensis,vine,vine,0.353351,0.324499,0.520517,0.371738,0.281032
Vitis riparia,vine,vine,0.356476,0.315326,0.532061,0.356707,0.243589
Vitis rotundifolia,vine,vine,0.379604,0.357956,0.554017,0.394521,0.26584
Wahlenbergia marginata,forbHerb,forbHerb,0.38075,0.267196,0.314889,0.520795,0.402856
Waldsteinia fragarioides,forbHerb,forbHerb,0.338474,0.339057,0.413885,0.42763,0.287699
Warnockia scutellarioides,forbHerb,forbHerb,0.37864,0.306194,0.341802,0.440454,0.403488
Washingtonia filifera,tree,tree,0.383924,0.290069,0.330552,0.358768,0.334809
Washingtonia robusta,tree,tree,0.412827,0.341375,0.371383,0.359314,0.347116
Wisteria sinensis,vine,tree,0.428655,0.407807,0.40428,0.342136,0.279756
Woodsia ilvensis,forbHerb,graminoid,0.269331,0.258557,0.218403,0.322051,0.329722
Woodsia obtusa,forbHerb,forbHerb,0.365488,0.35614,0.309119,0.426422,0.358857
Woodwardia areolata,forbHerb,tree,0.397243,0.316969,0.314972,0.345032,0.290732
Woodwardia fimbriata,forbHerb,tree,0.304469,0.266489,0.250741,0.2978,0.304121
Woodwardia virginica,forbHerb,forbHerb,0.29201,0.268873,0.264282,0.357886,0.263446
Wyethia angustifolia,forbHerb,forbHerb,0.324306,0.229952,0.204053,0.353988,0.32124
Wyethia glabra,forbHerb,tree,0.333471,0.281364,0.261321,0.316631,0.218985
Wyethia mollis,forbHerb,forbHerb,0.328873,0.30442,0.26585,0.345701,0.290572
Xanthium spinosum,forbHerb,tree,0.404414,0.336114,0.350125,0.370955,0.401888
Xanthium strumarium,forbHerb,forbHerb,0.393463,0.321433,0.366996,0.395346,0.376051
Xerophyllum tenax,forbHerb,forbHerb,0.367049,0.352601,0.318136,0.374464,0.359574
Xylococcus bicolor,shrub,tree,0.497312,0.489135,0.430173,0.447085,0.376179
Youngia japonica,forbHerb,forbHerb,0.383846,0.29181,0.342256,0.421145,0.407325
Zantedeschia aethiopica,forbHerb,forbHerb,0.361604,0.333315,0.376829,0.383368,0.306951
Zinnia peruviana,forbHerb,graminoid,0.385907,0.355132,0.331108,0.363525,0.418479
Zizia aptera,forbHerb,forbHerb,0.351917,0.356073,0.391587,0.476181,0.326528
Zizia aurea,forbHerb,forbHerb,0.340512,0.311308,0.322151,0.407458,0.306778
Zostera marina,forbHerb,tree,0.382884,0.380622,0.340112,0.358471,0.312235
