place,count,name,rank,common,share,in_table
west-georgia-us,363,Conoclinium coelestinum,species,blue mistflower,0.032723,True
west-georgia-us,231,Callicarpa americana,species,American beautyberry,0.020824,True
west-georgia-us,184,Liquidambar styraciflua,species,American sweetgum,0.016587,True
west-georgia-us,184,Persicaria longiseta,species,low smartweed,0.016587,True
west-georgia-us,159,Magnolia grandiflora,species,southern magnolia,0.014333,True
west-georgia-us,156,Phytolacca americana,species,American pokeweed,0.014063,True
west-georgia-us,154,Liriodendron tulipifera,species,American tuliptree,0.013883,True
west-georgia-us,151,Eupatorium capillifolium,species,dogfennel,0.013612,True
west-georgia-us,148,Polystichum acrostichoides,species,Christmas fern,0.013342,True
west-georgia-us,139,Euonymus americanus,species,strawberry bush,0.01253,True
west-georgia-us,125,Fagus grandifolia,species,American beech,0.011268,True
west-georgia-us,124,Lonicera maackii,species,Amur honeysuckle,0.011178,True
west-georgia-us,116,Erechtites hieraciifolius,species,American burnweed,0.010457,True
west-georgia-us,103,Ampelopsis glandulosa,species,Porcelain Berry,0.009285,True
west-georgia-us,97,Diospyros virginiana,species,American persimmon,0.008744,True
west-georgia-us,92,Eupatorium serotinum,species,late boneset,0.008294,True
west-georgia-us,90,Ligustrum sinense,species,Chinese privet,0.008113,True
west-georgia-us,84,Platanus occidentalis,species,American sycamore,0.007572,True
west-georgia-us,84,Asarum arifolium,species,Little Brown Jugs,0.007572,False
west-georgia-us,83,Hedera helix,species,common ivy,0.007482,True
west-georgia-us,82,Vitis rotundifolia,species,muscadine,0.007392,True
west-georgia-us,79,Pueraria montana,species,kudzu,0.007122,True
west-georgia-us,76,Cercis canadensis,species,eastern redbud,0.006851,True
west-georgia-us,72,Quercus nigra,species,water oak,0.006491,True
west-georgia-us,69,Parthenocissus quinquefolia,species,Virginia creeper,0.00622,True
west-georgia-us,65,Albizia julibrissin,species,Persian silk tree,0.00586,True
west-georgia-us,64,Acer negundo,species,box elder,0.005769,True
west-georgia-us,63,Cornus florida,species,flowering dogwood,0.005679,True
west-georgia-us,63,Chimaphila maculata,species,striped wintergreen,0.005679,True
west-georgia-us,63,Nandina domestica,species,Heavenly bamboo,0.005679,True
west-georgia-us,62,Toxicodendron radicans,species,eastern poison ivy,0.005589,True
west-georgia-us,61,Rhus copallinum,species,shining sumac,0.005499,True
west-georgia-us,60,Solidago altissima,species,tall goldenrod,0.005409,True
west-georgia-us,60,Ilex cornuta,species,Chinese holly,0.005409,True
west-georgia-us,57,Solanum carolinense,species,Carolina horsenettle,0.005138,True
west-georgia-us,57,Juglans nigra,species,eastern black walnut,0.005138,True
west-georgia-us,57,Sassafras albidum,species,sassafras,0.005138,True
west-georgia-us,57,Tipularia discolor,species,crane-fly orchid,0.005138,True
west-georgia-us,56,Acer rubrum,species,red maple,0.005048,True
west-georgia-us,56,Asimina triloba,species,common pawpaw,0.005048,True
west-georgia-us,56,Phyllanthus urinaria,species,Chamberbitter,0.005048,True
west-georgia-us,54,Ilex opaca,species,American holly,0.004868,True
west-georgia-us,54,Perilla frutescens,species,beefsteak plant,0.004868,True
west-georgia-us,54,Elaeagnus pungens,species,thorny olive,0.004868,True
west-georgia-us,53,Symphyotrichum pilosum,species,frost aster,0.004778,True
west-georgia-us,52,Impatiens capensis,species,common jewelweed,0.004688,True
west-georgia-us,52,Quercus alba,species,white oak,0.004688,True
west-georgia-us,50,Ipomoea purpurea,species,common morning-glory,0.004507,True
west-georgia-us,50,Berberis bealei,species,leatherleaf mahonia,0.004507,True
west-georgia-us,48,Epifagus virginiana,species,Beechdrops,0.004327,True
west-georgia-us,48,Chasmanthium latifolium,species,river oats,0.004327,True
west-georgia-us,47,Oxydendrum arboreum,species,sourwood,0.004237,True
west-georgia-us,47,Magnolia macrophylla,species,bigleaf magnolia,0.004237,True
west-georgia-us,46,Chrysopsis mariana,species,Maryland golden-aster,0.004147,False
west-georgia-us,45,Lonicera japonica,species,Japanese honeysuckle,0.004057,True
west-georgia-us,45,Dryopteris erythrosora,species,autumn fern,0.004057,False
west-georgia-us,44,Pinus taeda,species,loblolly pine,0.003966,True
west-georgia-us,44,Diphasiastrum digitatum,species,fan clubmoss,0.003966,True
west-georgia-us,42,Lobelia cardinalis,species,cardinal flower,0.003786,True
west-georgia-us,42,Passiflora incarnata,species,purple passionflower,0.003786,True
west-georgia-us,41,Physalis angulata,species,cutleaf groundcherry,0.003696,True
west-georgia-us,41,Microstegium vimineum,species,Japanese stiltgrass,0.003696,True
west-georgia-us,40,Bignonia capreolata,species,cross vine,0.003606,True
west-georgia-us,40,Chelone glabra,species,white turtlehead,0.003606,True
west-georgia-us,40,Nephroia carolina,species,Carolina snailseed,0.003606,False
west-georgia-us,39,Verbesina alternifolia,species,Wingstem,0.003516,True
west-georgia-us,38,Commelina communis,species,Asiatic dayflower,0.003426,True
west-georgia-us,38,Lycoris radiata,species,red spider lily,0.003426,True
west-georgia-us,36,Campsis radicans,species,American trumpet vine,0.003245,True
west-georgia-us,35,Nyssa sylvatica,species,Black Tupelo,0.003155,True
west-georgia-us,35,Pyrus calleryana,species,Callery pear,0.003155,True
west-georgia-us,35,Bigelowia nuttallii,species,Nuttall's Rayless Goldenrod,0.003155,False
west-georgia-us,34,Carya illinoinensis,species,pecan,0.003065,True
west-georgia-us,34,Heterotheca subaxillaris,species,Camphorweed,0.003065,True
west-georgia-us,33,Magnolia tripetala,species,umbrella magnolia,0.002975,True
west-georgia-us,33,Pluchea camphorata,species,Camphor-weed,0.002975,True
west-georgia-us,33,Symphyotrichum georgianum,species,Georgia aster,0.002975,False
west-georgia-us,32,Rhus glabra,species,smooth sumac,0.002885,True
west-georgia-us,32,Quercus phellos,species,willow oak,0.002885,True
west-georgia-us,32,Achyranthes japonica,species,Japanese Chaff Flower,0.002885,False
west-georgia-us,32,Citrus trifoliata,species,trifoliate orange,0.002885,True
west-georgia-us,31,Symphyotrichum dumosum,species,Bushy Aster,0.002795,False
west-georgia-us,31,Hydrangea quercifolia,species,oakleaf hydrangea,0.002795,True
west-georgia-us,31,Mikania scandens,species,climbing hempvine,0.002795,True
west-georgia-us,31,Asplenium platyneuron,species,ebony spleenwort,0.002795,True
west-georgia-us,31,Lespedeza cuneata,species,Chinese bushclover,0.002795,True
west-georgia-us,30,Glechoma hederacea,species,ground-ivy,0.002704,True
west-georgia-us,30,Symphyotrichum lateriflorum,species,calico aster,0.002704,True
west-georgia-us,30,Persicaria sagittata,species,arrow-leaved tearthumb,0.002704,True
west-georgia-us,29,Cosmos sulphureus,species,Yellow Cosmos,0.002614,True
west-georgia-us,29,Trifolium repens,species,white clover,0.002614,True
west-georgia-us,29,Ilex verticillata,species,winterberry holly,0.002614,True
west-georgia-us,29,Quercus falcata,species,southern red oak,0.002614,True
west-georgia-us,29,Mitchella repens,species,partridgeberry,0.002614,True
west-georgia-us,29,Campanula divaricata,species,Southern Harebell,0.002614,False
west-georgia-us,29,Solidago caesia,species,bluestem goldenrod,0.002614,True
west-georgia-us,29,Euonymus fortunei,species,fortune's spindle,0.002614,True
west-georgia-us,29,Melothria pendula,species,creeping cucumber,0.002614,True
west-georgia-us,29,Gentiana saponaria,species,Soapwort Gentian,0.002614,False
west-georgia-us,29,Jacquemontia tamnifolia,species,Hairy cluster-vine,0.002614,True
west-georgia-us,29,Athyrium asplenioides,species,southern lady fern,0.002614,False
west-georgia-us,28,Rudbeckia laciniata,species,cutleaf coneflower,0.002524,True
west-georgia-us,28,Paulownia tomentosa,species,princess tree,0.002524,True
west-georgia-us,28,Potentilla indica,species,mock strawberry,0.002524,True
west-georgia-us,27,Verbesina virginica,species,frostweed,0.002434,True
west-georgia-us,27,Ipomoea coccinea,species,red morning glory,0.002434,True
west-georgia-us,27,Macrothelypteris torresiana,species,Mariana Maiden Fern,0.002434,False
west-georgia-us,26,Vaccinium arboreum,species,sparkleberry,0.002344,True
west-georgia-us,26,Ruellia simplex,species,Mexican Ruellia,0.002344,True
west-georgia-us,26,Chamaecrista fasciculata,species,partridge pea,0.002344,True
west-georgia-us,25,Juniperus virginiana,species,eastern redcedar,0.002254,True
west-georgia-us,25,Alnus serrulata,species,smooth alder,0.002254,True
west-georgia-us,25,Verbascum thapsus,species,great mullein,0.002254,True
west-georgia-us,25,Onoclea sensibilis,species,sensitive fern,0.002254,True
west-georgia-us,25,Smilax bona-nox,species,saw greenbrier,0.002254,True
west-georgia-us,25,Helianthus angustifolius,species,narrowleaf sunflower,0.002254,True
west-georgia-us,25,Symphyotrichum patens,species,late purple aster,0.002254,False
west-georgia-us,24,Monotropa uniflora,species,Ghost Pipe,0.002164,True
west-georgia-us,24,Fatoua villosa,species,hairy crabweed,0.002164,True
west-georgia-us,24,Betula nigra,species,river birch,0.002164,True
west-georgia-us,24,Pseudognaphalium obtusifolium,species,sweet everlasting,0.002164,True
west-georgia-us,24,Lygodium japonicum,species,Japanese climbing fern,0.002164,True
west-georgia-us,24,Anatherum tenuispatheum,species,Maritime Bushy Bluestem,0.002164,False
west-georgia-us,23,Maclura pomifera,species,Osage-orange,0.002073,True
west-georgia-us,23,Aralia spinosa,species,devil's walkingstick,0.002073,True
west-georgia-us,23,Prunus caroliniana,species,Carolina laurelcherry,0.002073,True
west-georgia-us,22,Ambrosia trifida,species,giant ragweed,0.001983,True
west-georgia-us,22,Senna obtusifolia,species,American Sicklepod,0.001983,True
west-georgia-us,22,Baccharis halimifolia,species,groundsel tree,0.001983,True
west-georgia-us,22,Lobelia puberula,species,downy lobelia,0.001983,True
west-georgia-us,22,Hibiscus syriacus,species,common hibiscus,0.001983,True
west-georgia-us,22,Diodia virginiana,species,buttonweed,0.001983,True
west-georgia-us,22,Asimina parviflora,species,Small-Flower Pawpaw,0.001983,False
west-georgia-us,22,Symphyotrichum racemosum,species,Small White Aster,0.001983,False
west-georgia-us,21,Ageratina altissima,species,white snakeroot,0.001893,True
west-georgia-us,21,Ipomoea quamoclit,species,Cypress Vine,0.001893,True
west-georgia-us,21,Lactuca floridana,species,woodland lettuce,0.001893,True
west-georgia-us,21,Pleopeltis michauxiana,species,resurrection fern,0.001893,True
west-georgia-us,20,Cephalanthus occidentalis,species,buttonbush,0.001803,True
west-georgia-us,20,Carya tomentosa,species,mockernut,0.001803,True
west-georgia-us,20,Sicyos angulatus,species,Oneseed Bur Cucumber,0.001803,True
west-georgia-us,20,Dioscorea villosa,species,wild yam,0.001803,True
west-georgia-us,20,Ipomoea lacunosa,species,White Morning-glory,0.001803,True
west-georgia-us,19,Prunella vulgaris,species,common selfheal,0.001713,True
west-georgia-us,19,Ambrosia artemisiifolia,species,common ragweed,0.001713,True
west-georgia-us,19,Viburnum acerifolium,species,mapleleaf viburnum,0.001713,True
west-georgia-us,19,Buddleja davidii,species,Butterfly bush,0.001713,True
west-georgia-us,19,Ulmus alata,species,Winged Elm,0.001713,True
west-georgia-us,19,Elephantopus carolinianus,species,leafy elephant's-foot,0.001713,True
west-georgia-us,19,Tradescantia pallida,species,Purple Heart,0.001713,True
west-georgia-us,19,Gonolobus suberosus,species,Anglepod,0.001713,True
west-georgia-us,19,Smallanthus uvedalia,species,bear's foot,0.001713,True
west-georgia-us,19,Fallopia scandens,species,climbing false buckwheat,0.001713,True
west-georgia-us,19,Cleome houtteana,species,Spider flower,0.001713,False
west-georgia-us,18,Morus rubra,species,red mulberry,0.001623,True
west-georgia-us,18,Prunus serotina,species,black cherry,0.001623,True
west-georgia-us,18,Clematis virginiana,species,virgin's-bower,0.001623,True
west-georgia-us,18,Helenium amarum,species,Bitterweed,0.001623,True
west-georgia-us,18,Ipomoea hederacea,species,ivy-leaved morning-glory,0.001623,True
west-georgia-us,18,Trichostema dichotomum,species,Blue Curls,0.001623,True
west-georgia-us,18,Symphyotrichum concolor,species,Eastern Silver Aster,0.001623,False
west-georgia-us,18,Solanum emulans,species,eastern black nightshade,0.001623,True
west-georgia-us,17,Conocephalum salebrosum,species,Snakewort,0.001532,True
west-georgia-us,17,Symphyotrichum lanceolatum,species,panicled aster,0.001532,True
west-georgia-us,17,Yucca filamentosa,species,common yucca,0.001532,True
west-georgia-us,17,Woodwardia areolata,species,netted chain fern,0.001532,True
west-georgia-us,17,Monarda punctata,species,spotted horsemint,0.001532,True
west-georgia-us,17,Collinsonia canadensis,species,citronella horse balm,0.001532,True
west-georgia-us,17,Verbesina occidentalis,species,Yellow Crownbeard,0.001532,False
west-georgia-us,16,Sagittaria latifolia,species,broadleaf arrowhead,0.001442,True
west-georgia-us,16,Pinus virginiana,species,Virginia pine,0.001442,True
west-georgia-us,16,Acer saccharinum,species,silver maple,0.001442,True
west-georgia-us,16,Carpinus caroliniana,species,American hornbeam,0.001442,True
west-georgia-us,16,Goodyera pubescens,species,downy rattlesnake plantain,0.001442,True
west-georgia-us,16,Rosa multiflora,species,multiflora rose,0.001442,True
west-georgia-us,16,Ilex vomitoria,species,Yaupon Holly,0.001442,True
west-georgia-us,16,Agalinis tenuifolia,species,slender false foxglove,0.001442,True
west-georgia-us,16,Mazus pumilus,species,Asian mazus,0.001442,True
west-georgia-us,16,Persicaria virginiana,species,American jumpseed,0.001442,True
west-georgia-us,16,Helianthus longifolius,species,Longleaf Sunflower,0.001442,False
west-georgia-us,16,Nekemias arborea,species,peppervine,0.001442,False
west-georgia-us,16,Spiranthes cernua,species,nodding ladies' tresses,0.001442,True
west-georgia-us,15,Tsuga canadensis,species,eastern hemlock,0.001352,True
west-georgia-us,15,Taxodium distichum,species,baldcypress,0.001352,True
west-georgia-us,15,Ailanthus altissima,species,tree-of-heaven,0.001352,True
west-georgia-us,15,Symphyotrichum puniceum,species,swamp aster,0.001352,True
west-georgia-us,15,Itea virginica,species,Virginia sweetspire,0.001352,True
west-georgia-us,15,Sorghastrum nutans,species,Indiangrass,0.001352,True
west-georgia-us,15,Youngia japonica,species,Oriental false hawksbeard,0.001352,True
west-georgia-us,15,Helianthus porteri,species,Porter's sunflower,0.001352,False
west-georgia-us,15,Sesbania vesicaria,species,Bladder Pod,0.001352,True
west-georgia-us,14,Passiflora lutea,species,yellow passionflower,0.001262,True
west-georgia-us,14,Pontederia cordata,species,pickerelweed,0.001262,True
west-georgia-us,14,Melia azedarach,species,Chinaberry,0.001262,True
west-georgia-us,14,Euphorbia maculata,species,Spotted spurge,0.001262,True
west-georgia-us,14,Myriophyllum aquaticum,species,Parrot's feather,0.001262,True
west-georgia-us,14,Rudbeckia hirta,species,black-eyed Susan,0.001262,True
west-georgia-us,14,Silphium compositum,species,Kidney-leaf Rosinweed,0.001262,False
west-georgia-us,14,Quercus lyrata,species,overcup oak,0.001262,False
west-georgia-us,14,Verbena brasiliensis,species,Brazilian Vervain,0.001262,True
west-georgia-us,14,Agalinis purpurea,species,purple false foxglove,0.001262,True
west-georgia-us,14,Ageratina aromatica,species,smaller white snakeroot,0.001262,False
west-georgia-us,14,Osmundastrum cinnamomeum,species,cinnamon fern,0.001262,True
west-georgia-us,13,Lindera benzoin,species,northern spicebush,0.001172,True
west-georgia-us,13,Arum italicum,species,Italian arum,0.001172,True
west-georgia-us,13,Cosmos bipinnatus,species,garden cosmos,0.001172,True
west-georgia-us,13,Vernonia gigantea,species,Tall Ironweed,0.001172,True
west-georgia-us,13,Elephantopus tomentosus,species,common elephant's-foot,0.001172,True
west-georgia-us,13,Xanthorhiza simplicissima,species,Shrub Yellowroot,0.001172,True
west-georgia-us,13,Anatherum ternarium,species,splitbeard bluestem,0.001172,False
west-georgia-us,12,Trifolium pratense,species,Red Clover,0.001082,True
west-georgia-us,12,Sonchus asper,species,prickly sowthistle,0.001082,True
west-georgia-us,12,Smilax rotundifolia,species,roundleaf greenbrier,0.001082,True
west-georgia-us,12,Clematis terniflora,species,autumn clematis,0.001082,True
west-georgia-us,12,Ligustrum lucidum,species,tree privet,0.001082,True
west-georgia-us,12,Smilax glauca,species,sawbrier,0.001082,True
west-georgia-us,12,Apios americana,species,American groundnut,0.001082,True
west-georgia-us,12,Schizachyrium scoparium,species,little bluestem,0.001082,True
west-georgia-us,12,Quercus montana,species,chestnut oak,0.001082,True
west-georgia-us,12,Liriope muscari,species,Liriope,0.001082,True
west-georgia-us,12,Osmunda spectabilis,species,American Royal Fern,0.001082,False
west-georgia-us,11,Quercus rubra,species,northern red oak,0.000992,True
west-georgia-us,11,Bidens bipinnata,species,Spanish needles,0.000992,True
west-georgia-us,11,Bidens aristosa,species,Bearded Beggarticks,0.000992,True
west-georgia-us,11,Gaillardia pulchella,species,firewheel,0.000992,True
west-georgia-us,11,Quercus marilandica,species,blackjack oak,0.000992,True
west-georgia-us,11,Sambucus canadensis,species,American black elderberry,0.000992,True
west-georgia-us,11,Euonymus alatus,species,winged euonymus,0.000992,True
west-georgia-us,11,Quercus stellata,species,post oak,0.000992,True
west-georgia-us,11,Frangula caroliniana,species,Carolina buckthorn,0.000992,True
west-georgia-us,11,Eryngium yuccifolium,species,rattlesnake master,0.000992,True
west-georgia-us,11,Solidago erecta,species,slender goldenrod,0.000992,False
west-georgia-us,11,Hydrangea barbara,species,woodvamp,0.000992,False
west-georgia-us,11,Pelazoneuron kunthii,species,Widespread Maiden Fern,0.000992,False
west-georgia-us,11,Senega curtissii,species,button-rosy,0.000992,False
west-georgia-us,10,Mirabilis jalapa,species,marvel of Peru,0.000901,True
west-georgia-us,10,Bidens frondosa,species,Devil's Beggarticks,0.000901,True
west-georgia-us,10,Galax urceolata,species,galax,0.000901,True
west-georgia-us,10,Oenothera biennis,species,common evening-primrose,0.000901,True
west-georgia-us,10,Eclipta prostrata,species,False Daisy,0.000901,True
west-georgia-us,10,Helenium autumnale,species,common sneezeweed,0.000901,True
west-georgia-us,10,Scirpus cyperinus,species,woolgrass,0.000901,True
west-georgia-us,10,Tephrosia virginiana,species,goat's rue,0.000901,True
west-georgia-us,10,Physostegia virginiana,species,obedient plant,0.000901,True
west-georgia-us,10,Morella cerifera,species,wax myrtle,0.000901,True
west-georgia-us,10,Colocasia esculenta,species,Taro,0.000901,True
west-georgia-us,10,Spiranthes ovalis,species,Oval Ladies' Tresses,0.000901,False
west-georgia-us,10,Chamaecrista nictitans,species,sensitive pea,0.000901,True
west-georgia-us,10,Sceptridium biternatum,species,sparse-lobed grapefern,0.000901,False
west-georgia-us,10,Amauropelta noveboracensis,species,New York fern,0.000901,False
west-georgia-us,9,Castanea mollissima,species,Chinese chestnut,0.000811,False
west-georgia-us,9,Kalmia latifolia,species,mountain laurel,0.000811,True
west-georgia-us,9,Pteridium aquilinum,species,common bracken,0.000811,True
west-georgia-us,9,Plantago lanceolata,species,ribwort plantain,0.000811,True
west-georgia-us,9,Vinca major,species,greater periwinkle,0.000811,True
west-georgia-us,9,Salvia azurea,species,giant blue sage,0.000811,True
west-georgia-us,9,Persicaria lapathifolia,species,pale smartweed,0.000811,True
west-georgia-us,9,Salvia lyrata,species,lyreleaf sage,0.000811,True
west-georgia-us,9,Clerodendrum trichotomum,species,Harlequin glorybower,0.000811,False
west-georgia-us,9,Rubus trivialis,species,southern dewberry,0.000811,True
west-georgia-us,9,Boehmeria cylindrica,species,false nettle,0.000811,True
west-georgia-us,9,Euphorbia cyathophora,species,wild poinsettia,0.000811,True
west-georgia-us,9,Persicaria punctata,species,Dotted Smartweed,0.000811,True
west-georgia-us,9,Sida rhombifolia,species,Cuban jute,0.000811,True
west-georgia-us,9,Pinus palustris,species,longleaf pine,0.000811,True
west-georgia-us,9,Commelina virginica,species,Virginia Dayflower,0.000811,True
west-georgia-us,9,Eurybia divaricata,species,White Wood Aster,0.000811,True
west-georgia-us,9,Solidago nemoralis,species,field goldenrod,0.000811,True
west-georgia-us,9,Ludwigia alternifolia,species,Seedbox,0.000811,True
west-georgia-us,9,Arnoglossum atriplicifolium,species,pale Indian plantain,0.000811,True
west-georgia-us,9,Gentiana villosa,species,Striped Gentian,0.000811,False
west-georgia-us,9,Hibiscus mutabilis,species,Cotton Rosemallow,0.000811,False
west-georgia-us,9,Miscanthus sinensis,species,Chinese silver grass,0.000811,True
west-georgia-us,9,Solanum pseudocapsicum,species,Jerusalem cherry,0.000811,True
west-georgia-us,9,Torenia crustacea,species,Brittle False Pimpernel,0.000811,True
west-georgia-us,9,Anatherum virginicum,species,broomsedge bluestem,0.000811,False
west-georgia-us,8,Adiantum pedatum,species,northern maidenhair fern,0.000721,True
west-georgia-us,8,Setaria pumila,species,yellow foxtail,0.000721,True
west-georgia-us,8,Maianthemum racemosum,species,Solomon's plume,0.000721,True
west-georgia-us,8,Populus deltoides,species,Eastern Cottonwood,0.000721,True
west-georgia-us,8,Salix nigra,species,black willow,0.000721,True
west-georgia-us,8,Lamium amplexicaule,species,henbit deadnettle,0.000721,True
west-georgia-us,8,Lamium purpureum,species,red deadnettle,0.000721,True
west-georgia-us,8,Xanthium strumarium,species,rough cocklebur,0.000721,True
west-georgia-us,8,Sorghum halepense,species,Johnson grass,0.000721,True
west-georgia-us,8,Persicaria pensylvanica,species,pinkweed,0.000721,True
west-georgia-us,8,Symphyotrichum novae-angliae,species,New England aster,0.000721,True
west-georgia-us,8,Pilea pumila,species,Canada clearweed,0.000721,True
west-georgia-us,8,Panicum virgatum,species,switchgrass,0.000721,True
west-georgia-us,8,Polypremum procumbens,species,Rust Weed,0.000721,True
west-georgia-us,8,Acalypha rhomboidea,species,Common Three-seeded Mercury,0.000721,True
west-georgia-us,8,Clerodendrum bungei,species,rose glorybower,0.000721,False
west-georgia-us,8,Acmella repens,species,Oppositeleaf Spotflower,0.000721,True
west-georgia-us,8,Humulus scandens,species,Japanese Hops,0.000721,False
west-georgia-us,8,Liatris elegantula,species,shaggy blazing star,0.000721,False
west-georgia-us,8,Cenchrus alopecuroides,species,Chinese pennisetum,0.000721,False
west-georgia-us,8,Anacis pulchra,species,Lookout Mountain Coreopsis,0.000721,False
west-georgia-us,7,Acer floridanum,species,southern sugar maple,0.000631,True
west-georgia-us,7,Hamamelis virginiana,species,american witch-hazel,0.000631,True
west-georgia-us,7,Acer saccharum,species,sugar maple,0.000631,True
west-georgia-us,7,Oxalis corniculata,species,Creeping Woodsorrel,0.000631,True
west-georgia-us,7,Ostrya virginiana,species,American hophornbeam,0.000631,True
west-georgia-us,7,Carya glabra,species,pignut hickory,0.000631,True
west-georgia-us,7,Tilia americana,species,basswood,0.000631,True
west-georgia-us,7,Vinca minor,species,lesser periwinkle,0.000631,True
west-georgia-us,7,Datura stramonium,species,jimsonweed,0.000631,True
west-georgia-us,7,Portulaca oleracea,species,Common Purslane,0.000631,True
west-georgia-us,7,Saururus cernuus,species,lizard's tail,0.000631,True
west-georgia-us,7,Ipomoea triloba,species,Littlebell,0.000631,True
west-georgia-us,7,Celastrus orbiculatus,species,Asian bittersweet,0.000631,True
west-georgia-us,7,Allium vineale,species,wild garlic,0.000631,True
west-georgia-us,7,Modiola caroliniana,species,Bristly Mallow,0.000631,True
west-georgia-us,7,Peltandra virginica,species,Green Arrow Arum,0.000631,True
west-georgia-us,7,Polygonatum biflorum,species,smooth Solomon's seal,0.000631,True
west-georgia-us,7,Eupatorium perfoliatum,species,common boneset,0.000631,True
west-georgia-us,7,Quercus michauxii,species,swamp chestnut oak,0.000631,True
west-georgia-us,7,Arundinaria gigantea,species,river cane,0.000631,True
west-georgia-us,7,Nothoscordum bivalve,species,crowpoison,0.000631,True
west-georgia-us,7,Hydrocotyle sibthorpioides,species,Sibthorp's Pennywort,0.000631,False
west-georgia-us,7,Symphyotrichum laeve,species,smooth blue aster,0.000631,True
west-georgia-us,7,Hydrangea arborescens,species,wild hydrangea,0.000631,True
west-georgia-us,7,Vernonia noveboracensis,species,New York ironweed,0.000631,True
west-georgia-us,7,Phyllanthus tenellus,species,Mascarene Island leaf-flower,0.000631,True
west-georgia-us,7,Smilax smallii,species,Lanceleaf Greenbrier,0.000631,True
west-georgia-us,7,Bidens alba,species,White beggarticks,0.000631,False
west-georgia-us,6,Echinacea purpurea,species,purple coneflower,0.000541,True
west-georgia-us,6,Quercus coccinea,species,scarlet oak,0.000541,True
west-georgia-us,6,Robinia pseudoacacia,species,black locust,0.000541,True
west-georgia-us,6,Morus alba,species,white mulberry,0.000541,True
west-georgia-us,6,Cynodon dactylon,species,Bermuda grass,0.000541,True
west-georgia-us,6,Geranium carolinianum,species,Carolina crane's-bill,0.000541,True
west-georgia-us,6,Elaeagnus umbellata,species,autumn olive,0.000541,True
west-georgia-us,6,Daucus carota,species,wild carrot,0.000541,True
west-georgia-us,6,Erigeron canadensis,species,horseweed,0.000541,True
west-georgia-us,6,Gelsemium sempervirens,species,yellow jessamine,0.000541,True
west-georgia-us,6,Heliotropium indicum,species,Indian Heliotrope,0.000541,True
west-georgia-us,6,Oxalis dillenii,species,slender yellow woodsorrel,0.000541,True
west-georgia-us,6,Dioscorea polystachya,species,Chinese yam,0.000541,False
west-georgia-us,6,Tridens flavus,species,purpletop tridens,0.000541,True
west-georgia-us,6,Phegopteris hexagonoptera,species,broad beech fern,0.000541,True
west-georgia-us,6,Sceptridium dissectum,species,Cutleaf Grapefern,0.000541,True
west-georgia-us,6,Grimmia laevigata,species,Grimmia Dry Rock Moss,0.000541,False
west-georgia-us,6,Lespedeza capitata,species,round-headed bush clover,0.000541,True
west-georgia-us,6,Spiraea japonica,species,Japanese Spirea,0.000541,True
west-georgia-us,6,Symphyotrichum undulatum,species,wavy-leaf aster,0.000541,False
west-georgia-us,6,Broussonetia papyrifera,species,Paper mulberry,0.000541,True
west-georgia-us,6,Ruellia caroliniensis,species,Carolina ruellia,0.000541,True
west-georgia-us,6,Nabalus altissimus,species,tall rattlesnake root,0.000541,True
west-georgia-us,6,Rudbeckia triloba,species,brown-eyed Susan,0.000541,True
west-georgia-us,6,Eupatorium hyssopifolium,species,hyssopleaf thoroughwort,0.000541,True
west-georgia-us,6,Rudbeckia fulgida,species,orange coneflower,0.000541,False
west-georgia-us,6,Viburnum nudum,species,southern wild raisin,0.000541,True
west-georgia-us,6,Euphorbia heterophylla,species,painted spurge,0.000541,True
west-georgia-us,6,Liatris microcephala,species,smallhead blazing star,0.000541,False
west-georgia-us,6,Thuidium delicatulum,species,delicate fern moss,0.000541,True
west-georgia-us,6,Nabalus serpentaria,species,lion's foot rattlesnake root,0.000541,False
west-georgia-us,6,Viburnum alabamense,species,Alabama Arrowwood,0.000541,False
west-georgia-us,6,Collinsonia anisata,species,Anise Horsebalm,0.000541,False
west-georgia-us,6,Solidago zedia,species,Gulf Coast axillary goldenrod,0.000541,False
west-georgia-us,5,Asclepias syriaca,species,common milkweed,0.000451,True
west-georgia-us,5,Orontium aquaticum,species,Golden Club,0.000451,True
west-georgia-us,5,Hypochaeris radicata,species,Common Cat's-ear,0.000451,True
west-georgia-us,5,Ulmus americana,species,American elm,0.000451,True
west-georgia-us,5,Quercus shumardii,species,Shumard oak,0.000451,True
west-georgia-us,5,Gleditsia triacanthos,species,honey locust,0.000451,True
west-georgia-us,5,Celtis occidentalis,species,common hackberry,0.000451,True
west-georgia-us,5,Pallavicinia lyellii,species,Ribbonwort,0.000451,False
west-georgia-us,5,Cyperus erythrorhizos,species,redroot flatsedge,0.000451,False
west-georgia-us,5,Mimulus ringens,species,Allegheny monkeyflower,0.000451,True
west-georgia-us,5,Cardiospermum halicacabum,species,Lesser Balloon Vine,0.000451,True
west-georgia-us,5,Packera anonyma,species,Small's ragwort,0.000451,True
west-georgia-us,5,Botrypus virginianus,species,rattlesnake fern,0.000451,True
west-georgia-us,5,Cucurbita pepo,species,American pumpkin,0.000451,False
west-georgia-us,5,Ulmus parvifolia,species,Chinese elm,0.000451,True
west-georgia-us,5,Celtis laevigata,species,sugar hackberry,0.000451,True
west-georgia-us,5,Phlox paniculata,species,fall phlox,0.000451,True
west-georgia-us,5,Ipomoea pandurata,species,wild potato vine,0.000451,True
west-georgia-us,5,Lobelia siphilitica,species,great blue lobelia,0.000451,True
west-georgia-us,5,Ilex decidua,species,possumhaw,0.000451,True
west-georgia-us,5,Vaccinium darrowii,species,Darrow's Blueberry,0.000451,False
west-georgia-us,5,Calycanthus floridus,species,Carolina sweetshrub,0.000451,True
west-georgia-us,5,Wisteria sinensis,species,Chinese wisteria,0.000451,True
west-georgia-us,5,Magnolia virginiana,species,sweetbay magnolia,0.000451,True
west-georgia-us,5,Dichondra carolinensis,species,Carolina ponysfoot,0.000451,True
west-georgia-us,5,Liatris squarrulosa,species,Appalachian blazing star,0.000451,False
west-georgia-us,5,Kummerowia striata,species,Japanese Clover,0.000451,False
west-georgia-us,5,Hedychium coronarium,species,Butterfly ginger lily,0.000451,True
west-georgia-us,5,Hypericum gentianoides,species,pineweed,0.000451,True
west-georgia-us,5,Lespedeza violacea,species,violet bush clover,0.000451,False
west-georgia-us,5,Crotalaria spectabilis,species,Showy Rattlebox,0.000451,True
west-georgia-us,5,Cyrtomium fortunei,species,Fortune's Holly-fern,0.000451,False
west-georgia-us,5,Eupatorium rotundifolium,species,round-leaved boneset,0.000451,True
west-georgia-us,5,Illicium floridanum,species,Florida Anise,0.000451,False
west-georgia-us,5,Strophostyles helvola,species,trailing fuzzy-bean,0.000451,True
west-georgia-us,5,Lobelia amoena,species,Southern Lobelia,0.000451,False
west-georgia-us,5,Lobelia nuttallii,species,Nuttall's Lobelia,0.000451,False
west-georgia-us,5,Farfugium japonicum,species,leopard-plant,0.000451,False
west-georgia-us,5,Nabalus barbatus,species,barbed rattlesnake root,0.000451,False
west-georgia-us,5,Sedum smallii,species,Elf Orpine,0.000451,False
west-georgia-us,5,Paepalanthus anceps,species,common bogbuttons,0.000451,False
west-georgia-us,5,Sabdariffa gossypiifolia,species,Sorrel,0.000451,False
west-georgia-us,4,Ptelea trifoliata,species,common hoptree,0.000361,True
west-georgia-us,4,Solanum lycopersicum,species,tomato,0.000361,True
west-georgia-us,4,Equisetum hyemale,species,rough horsetail,0.000361,True
west-georgia-us,4,Diervilla rivularis,species,mountain bush honeysuckle,0.000361,False
west-georgia-us,4,Fraxinus americana,species,white ash,0.000361,True
west-georgia-us,4,Fraxinus pennsylvanica,species,green ash,0.000361,True
west-georgia-us,4,Aucuba japonica,species,Japanese aucuba,0.000361,False
west-georgia-us,4,Chenopodium album,species,Common Lambsquarters,0.000361,True
west-georgia-us,4,Solanum americanum,species,American black nightshade,0.000361,True
west-georgia-us,4,Lathyrus latifolius,species,broad-leaved sweet pea,0.000361,True
west-georgia-us,4,Catharanthus roseus,species,Madagascar Periwinkle,0.000361,True
west-georgia-us,4,Eleusine indica,species,Goose Grass,0.000361,True
west-georgia-us,4,Eriobotrya japonica,species,Loquat,0.000361,True
west-georgia-us,4,Paspalum urvillei,species,Vasey Grass,0.000361,True
west-georgia-us,4,Persicaria hydropiperoides,species,swamp smartweed,0.000361,True
west-georgia-us,4,Plumbago auriculata,species,blue plumbago,0.000361,True
west-georgia-us,4,Triadica sebifera,species,Chinese Tallow,0.000361,True
west-georgia-us,4,Hypoxis hirsuta,species,yellow star grass,0.000361,True
west-georgia-us,4,Carex lupulina,species,hop sedge,0.000361,True
west-georgia-us,4,Crataegus spathulata,species,Littlehip hawthorn,0.000361,False
west-georgia-us,4,Rhododendron maximum,species,great rhododendron,0.000361,True
west-georgia-us,4,Berchemia scandens,species,Supplejack,0.000361,True
west-georgia-us,4,Ludwigia decurrens,species,Wingleaf Primrose-Willow,0.000361,False
west-georgia-us,4,Hypericum hypericoides,species,St. Andrew's cross,0.000361,True
west-georgia-us,4,Silphium terebinthinaceum,species,prairie dock,0.000361,True
west-georgia-us,4,Andropogon gerardi,species,big bluestem,0.000361,True
west-georgia-us,4,Murdannia keisak,species,marsh dewflower,0.000361,False
west-georgia-us,4,Ipomoea hederifolia,species,scarlet creeper,0.000361,True
west-georgia-us,4,Cyclamen hederifolium,species,Ivy-leaved cyclamen,0.000361,True
west-georgia-us,4,Entodon seductrix,species,seductive entodon moss,0.000361,False
west-georgia-us,4,Hieracium gronovii,species,Beaked Hawkweed,0.000361,False
west-georgia-us,4,Solidago rugosa,species,common wrinkle-leaved goldenrod,0.000361,True
west-georgia-us,4,Salvia coccinea,species,Tropical sage,0.000361,True
west-georgia-us,4,Selaginella apoda,species,meadow spikemoss,0.000361,False
west-georgia-us,4,Cinna arundinacea,species,stout wood reed,0.000361,False
west-georgia-us,4,Desmodium paniculatum,species,panicled ticktrefoil,0.000361,True
west-georgia-us,4,Dichanthelium clandestinum,species,deertongue,0.000361,True
west-georgia-us,4,Lyonia ligustrina,species,He-huckleberry,0.000361,False
west-georgia-us,4,Ipomoea cordatotriloba,species,Tievine,0.000361,True
west-georgia-us,4,Cephalotaxus harringtonia,species,Japanese Plum-yew,0.000361,False
west-georgia-us,4,Cirsium altissimum,species,Tall Thistle,0.000361,True
west-georgia-us,4,Cunila origanoides,species,common dittany,0.000361,True
west-georgia-us,4,Solidago petiolaris,species,downy ragged goldenrod,0.000361,False
west-georgia-us,4,Agalinis fasciculata,species,Beach False Foxglove,0.000361,False
west-georgia-us,4,Chelone lyonii,species,pink turtlehead,0.000361,False
west-georgia-us,4,Clinopodium gracile,species,Slender Wild Basil,0.000361,False
west-georgia-us,4,Corallorhiza odontorhiza,species,autumn coralroot,0.000361,False
west-georgia-us,4,Cyperus granitophilus,species,Granite Flatsedge,0.000361,False
west-georgia-us,4,Firmiana simplex,species,Chinese parasol tree,0.000361,False
west-georgia-us,4,Helianthus atrorubens,species,Purpledisk Sunflower,0.000361,False
west-georgia-us,4,Malus angustifolia,species,southern crabapple,0.000361,False
west-georgia-us,4,Photinia serratifolia,species,Chinese Photinia,0.000361,True
west-georgia-us,4,Quercus georgiana,species,Georgia Oak,0.000361,False
west-georgia-us,4,Schisandra glabra,species,Bay Starvine,0.000361,False
west-georgia-us,4,Solidago curtisii,species,Mountain Decumbent Goldenrod,0.000361,False
west-georgia-us,4,Eupatorium torreyanum,species,Torrey's eupatorium,0.000361,False
west-georgia-us,4,Gomphocarpus physocarpus,species,balloonplant,0.000361,True
west-georgia-us,4,Trachelospermum asiaticum,species,Asiatic jasmine,0.000361,False
west-georgia-us,4,Deparia petersenii,species,Japanese lady fern,0.000361,False
west-georgia-us,4,Hepatica americana,species,round-lobed hepatica,0.000361,True
west-georgia-us,4,Morus indica,species,Korean mulberry,0.000361,True
west-georgia-us,4,Hypericum walteri,species,Greater Marsh St. John's-wort,0.000361,False
west-georgia-us,4,Asarum shuttleworthii,species,largeflower heartleaf,0.000361,False
west-georgia-us,3,Sherardia arvensis,species,Field madder,0.00027,True
west-georgia-us,3,Asclepias tuberosa,species,butterfly milkweed,0.00027,True
west-georgia-us,3,Pinus echinata,species,shortleaf pine,0.00027,True
west-georgia-us,3,Lysimachia nummularia,species,creeping Jenny,0.00027,True
west-georgia-us,3,Clethra alnifolia,species,Sweet Pepperbush,0.00027,True
west-georgia-us,3,Cichorium intybus,species,chicory,0.00027,True
west-georgia-us,3,Galium aparine,species,catchweed bedstraw,0.00027,True
west-georgia-us,3,Rumex crispus,species,curled dock,0.00027,True
west-georgia-us,3,Commelina erecta,species,whitemouth dayflower,0.00027,True
west-georgia-us,3,Dryopteris marginalis,species,marginal wood fern,0.00027,True
west-georgia-us,3,Chionanthus virginicus,species,white fringetree,0.00027,True
west-georgia-us,3,Quercus palustris,species,pin oak,0.00027,True
west-georgia-us,3,Carya cordiformis,species,bitternut hickory,0.00027,True
west-georgia-us,3,Ulmus rubra,species,slippery elm,0.00027,True
west-georgia-us,3,Packera glabella,species,Butterweed,0.00027,True
west-georgia-us,3,Veronica persica,species,bird's-eye speedwell,0.00027,True
west-georgia-us,3,Ajuga reptans,species,carpet bugle,0.00027,True
west-georgia-us,3,Oxalis articulata,species,pink-sorrel,0.00027,True
west-georgia-us,3,Koelreuteria paniculata,species,golden rain tree,0.00027,True
west-georgia-us,3,Cornus amomum,species,silky dogwood,0.00027,True
west-georgia-us,3,Monotropa hypopitys,species,pinesap,0.00027,True
west-georgia-us,3,Rubus armeniacus,species,Armenian Blackberry,0.00027,True
west-georgia-us,3,Carica papaya,species,Papaya,0.00027,True
west-georgia-us,3,Cyperus esculentus,species,yellow nutsedge,0.00027,True
west-georgia-us,3,Erigeron annuus,species,annual fleabane,0.00027,True
west-georgia-us,3,Sesbania herbacea,species,bigpod sesbania,0.00027,True
west-georgia-us,3,Verbena bonariensis,species,purpletop vervain,0.00027,True
west-georgia-us,3,Epigaea repens,species,trailing arbutus,0.00027,True
west-georgia-us,3,Chasmanthium sessiliflorum,species,Longleaf Woodoats,0.00027,False
west-georgia-us,3,Manfreda virginica,species,Eastern False Aloe,0.00027,True
west-georgia-us,3,Sabatia angularis,species,Rosepink,0.00027,True
west-georgia-us,3,Actaea racemosa,species,black cohosh,0.00027,True
west-georgia-us,3,Solanum sarrachoides,species,Hairy Nightshade,0.00027,False
west-georgia-us,3,Camellia sinensis,species,tea,0.00027,False
west-georgia-us,3,Dicranum scoparium,species,Broom Forkmoss,0.00027,True
west-georgia-us,3,Bryum argenteum,species,Silvery Bryum,0.00027,True
west-georgia-us,3,Staphylea trifolia,species,American bladdernut,0.00027,True
west-georgia-us,3,Anemone virginiana,species,tall thimbleweed,0.00027,True
west-georgia-us,3,Ranunculus abortivus,species,small-flowered buttercup,0.00027,True
west-georgia-us,3,Vaccinium elliottii,species,mayberry,0.00027,False
west-georgia-us,3,Vitis vulpina,species,frost grape,0.00027,False
west-georgia-us,3,Pycnanthemum tenuifolium,species,narrowleaf mountainmint,0.00027,True
west-georgia-us,3,Pyrrhopappus carolinianus,species,Carolina desert-chicory,0.00027,False
west-georgia-us,3,Solidago arguta,species,cut-leaf goldenrod,0.00027,False
west-georgia-us,3,Lespedeza procumbens,species,trailing lespedeza,0.00027,False
west-georgia-us,3,Lespedeza bicolor,species,shrub lespedeza,0.00027,False
west-georgia-us,3,Heliopsis helianthoides,species,false sunflower,0.00027,True
west-georgia-us,3,Carex aureolensis,species,golden cattail sedge,0.00027,False
west-georgia-us,3,Solidago odora,species,Sweet Goldenrod,0.00027,False
west-georgia-us,3,Koelreuteria bipinnata,species,Chinese flame tree,0.00027,False
west-georgia-us,3,Lespedeza hirta,species,hairy lespedeza,0.00027,False
west-georgia-us,3,Ionactis linariifolia,species,Flax-leaved Aster,0.00027,False
west-georgia-us,3,Lablab purpureus,species,Hyacinth bean,0.00027,False
west-georgia-us,3,Aronia arbutifolia,species,red chokeberry,0.00027,False
west-georgia-us,3,Hypericum crux-andreae,species,St. Peter's-wort,0.00027,False
west-georgia-us,3,Abelmoschus esculentus,species,Okra,0.00027,False
west-georgia-us,3,Arundinaria appalachiana,species,hill cane,0.00027,False
west-georgia-us,3,Bryoandersonia illecebra,species,spoon-leaved moss,0.00027,False
west-georgia-us,3,Croton michauxii,species,Michaux's croton,0.00027,False
west-georgia-us,3,Dahlia pinnata,species,Garden Dahlia,0.00027,False
west-georgia-us,3,Dicliptera brachiata,species,Branched Foldwing,0.00027,True
west-georgia-us,3,Euphorbia pubentissima,species,False Flowering Spurge,0.00027,False
west-georgia-us,3,Hibiscus laevis,species,Halberd-leaf Rosemallow,0.00027,True
west-georgia-us,3,Ipomoea alba,species,Moonflower,0.00027,True
west-georgia-us,3,Quercus acutissima,species,Sawtooth oak,0.00027,False
west-georgia-us,3,Viburnum obovatum,species,Walter's Viburnum,0.00027,False
west-georgia-us,3,Wahlenbergia marginata,species,southern rockbell,0.00027,True
west-georgia-us,3,Elymus glabriflorus,species,Southeastern Wildrye,0.00027,False
west-georgia-us,3,Iris domestica,species,Blackberry Lily,0.00027,True
west-georgia-us,3,Helianthus verticillatus,species,Whorled Sunflower,0.00027,False
west-georgia-us,3,Reynoutria japonica,species,Japanese knotweed,0.00027,True
west-georgia-us,3,Phyllostachys reticulata,species,Giant Timber Bamboo,0.00027,False
west-georgia-us,3,Erianthus giganteus,species,sugarcane plumegrass,0.00027,False
west-georgia-us,3,Senega nana,species,candyroot,0.00027,False
west-georgia-us,3,Anacis major,species,Woodland Coreopsis,0.00027,False
west-georgia-us,2,Geranium maculatum,species,wild geranium,0.00018,True
west-georgia-us,2,Nepeta cataria,species,Catnip,0.00018,True
west-georgia-us,2,Oenothera speciosa,species,Pinkladies,0.00018,True
west-georgia-us,2,Typha latifolia,species,broadleaf cattail,0.00018,True
west-georgia-us,2,Quercus velutina,species,black oak,0.00018,True
west-georgia-us,2,Arisaema triphyllum,species,Jack-in-the-Pulpit,0.00018,True
west-georgia-us,2,Pachysandra procumbens,species,Allegheny Spurge,0.00018,False
west-georgia-us,2,Pedicularis canadensis,species,Canadian lousewort,0.00018,True
west-georgia-us,2,Justicia americana,species,American water-willow,0.00018,True
west-georgia-us,2,Pinus strobus,species,eastern white pine,0.00018,True
west-georgia-us,2,Achillea millefolium,species,common yarrow,0.00018,True
west-georgia-us,2,Artemisia vulgaris,species,common mugwort,0.00018,True
west-georgia-us,2,Brickellia eupatorioides,species,False Boneset,0.00018,True
west-georgia-us,2,Cornus alternifolia,species,alternate-leaved dogwood,0.00018,True
west-georgia-us,2,Cornus foemina,species,Stiff Dogwood,0.00018,False
west-georgia-us,2,Quercus muehlenbergii,species,chinkapin oak,0.00018,True
west-georgia-us,2,Carya ovata,species,shagbark hickory,0.00018,True
west-georgia-us,2,Raphanus raphanistrum,species,Wild radish,0.00018,True
west-georgia-us,2,Veronica serpyllifolia,species,thyme-leaved speedwell,0.00018,True
west-georgia-us,2,Agrimonia parviflora,species,swamp agrimony,0.00018,True
west-georgia-us,2,Rhododendron canescens,species,Mountain Azalea,0.00018,True
west-georgia-us,2,Ricinus communis,species,castor bean,0.00018,True
west-georgia-us,2,Lobularia maritima,species,sweet alyssum,0.00018,True
west-georgia-us,2,Trifolium campestre,species,hop trefoil,0.00018,True
west-georgia-us,2,Helianthus annuus,species,Common Sunflower,0.00018,True
west-georgia-us,2,Apocynum cannabinum,species,hemp dogbane,0.00018,True
west-georgia-us,2,Plantago major,species,greater plantain,0.00018,True
west-georgia-us,2,Cyperus strigosus,species,straw-colored flatsedge,0.00018,True
west-georgia-us,2,Ipomoea tricolor,species,Garden Morning Glory,0.00018,False
west-georgia-us,2,Marsilea vestita,species,water clover,0.00018,False
west-georgia-us,2,Hydrocotyle verticillata,species,Whorled Pennywort,0.00018,False
west-georgia-us,2,Ludwigia palustris,species,Water Purslane,0.00018,True
west-georgia-us,2,Lobelia inflata,species,Indian tobacco,0.00018,True
west-georgia-us,2,Sparganium americanum,species,American bur-reed,0.00018,False
west-georgia-us,2,Cortaderia selloana,species,Pampas Grass,0.00018,True
west-georgia-us,2,Trachycarpus fortunei,species,Chusan Palm,0.00018,False
west-georgia-us,2,Alternanthera philoxeroides,species,Alligatorweed,0.00018,True
west-georgia-us,2,Bouteloua curtipendula,species,sideoats grama,0.00018,True
west-georgia-us,2,Coreopsis tinctoria,species,plains coreopsis,0.00018,True
west-georgia-us,2,Heliotropium amplexicaule,species,fragrant heliotrope,0.00018,False
west-georgia-us,2,Mollugo verticillata,species,green carpetweed,0.00018,True
west-georgia-us,2,Muhlenbergia schreberi,species,nimblewill,0.00018,False
west-georgia-us,2,Phyllostachys aurea,species,fishpole bamboo,0.00018,False
west-georgia-us,2,Tagetes erecta,species,Mexican Marigold,0.00018,False
west-georgia-us,2,Silphium perfoliatum,species,cup plant,0.00018,True
west-georgia-us,2,Aesculus pavia,species,Red Buckeye,0.00018,True
west-georgia-us,2,Pteris multifida,species,spider brake,0.00018,False
west-georgia-us,2,Carex lurida,species,sallow sedge,0.00018,True
west-georgia-us,2,Clitoria mariana,species,Pigeonwings,0.00018,True
west-georgia-us,2,Lysimachia quadrifolia,species,whorled loosestrife,0.00018,True
west-georgia-us,2,Parthenium integrifolium,species,wild quinine,0.00018,True
west-georgia-us,2,Mimosa microphylla,species,littleleaf sensitive-briar,0.00018,False
west-georgia-us,2,Amphicarpaea bracteata,species,American hog-peanut,0.00018,True
west-georgia-us,2,Panax quinquefolius,species,American ginseng,0.00018,True
west-georgia-us,2,Helianthus giganteus,species,giant sunflower,0.00018,False
west-georgia-us,2,Magnolia acuminata,species,Cucumber-tree,0.00018,True
west-georgia-us,2,Thalictrum thalictroides,species,rue anemone,0.00018,True
west-georgia-us,2,Helianthus microcephalus,species,Small Woodland Sunflower,0.00018,False
west-georgia-us,2,Lysimachia lanceolata,species,Lanceleaf Loosestrife,0.00018,False
west-georgia-us,2,Aconitum uncinatum,species,southern blue monkshood,0.00018,False
west-georgia-us,2,Malvaviscus arboreus,species,Turk's cap,0.00018,True
west-georgia-us,2,Cucurbita moschata,species,Squash,0.00018,False
west-georgia-us,2,Asclepias incarnata,species,swamp milkweed,0.00018,True
west-georgia-us,2,Helianthus mollis,species,ashy sunflower,0.00018,True
west-georgia-us,2,Elymus virginicus,species,Virginia wildrye,0.00018,True
west-georgia-us,2,Luzula echinata,species,Hedgehog Woodrush,0.00018,False
west-georgia-us,2,Centrosema virginianum,species,butterfly pea,0.00018,True
west-georgia-us,2,Cornus kousa,species,kousa dogwood,0.00018,False
west-georgia-us,2,Symphoricarpos orbiculatus,species,coralberry,0.00018,True
west-georgia-us,2,Smilax tamnoides,species,bristly greenbrier,0.00018,True
west-georgia-us,2,Euthamia caroliniana,species,slender goldentop,0.00018,False
west-georgia-us,2,Lespedeza repens,species,creeping lespedeza,0.00018,False
west-georgia-us,2,Menispermum canadense,species,moonseed,0.00018,True
west-georgia-us,2,Euphorbia hyssopifolia,species,hyssop spurge,0.00018,True
west-georgia-us,2,Eutrochium fistulosum,species,Hollow Joe-Pye Weed,0.00018,True
west-georgia-us,2,Penthorum sedoides,species,ditch stonecrop,0.00018,True
west-georgia-us,2,Selaginella rupestris,species,rock spikemoss,0.00018,True
west-georgia-us,2,Carex cherokeensis,species,Cherokee sedge,0.00018,True
west-georgia-us,2,Ampelopsis cordata,species,heart leaf peppervine,0.00018,True
west-georgia-us,2,Lagerstroemia indica,species,Crape-myrtle,0.00018,True
west-georgia-us,2,Symplocos tinctoria,species,Sweetleaf,0.00018,True
west-georgia-us,2,Athyrium niponicum,species,Japanese painted fern,0.00018,False
west-georgia-us,2,Pistacia chinensis,species,Chinese pistache,0.00018,True
west-georgia-us,2,Gamochaeta americana,species,American Everlasting,0.00018,False
west-georgia-us,2,Symphyotrichum cordifolium,species,Common Blue Wood Aster,0.00018,True
west-georgia-us,2,Malaxis unifolia,species,green adder's-mouth,0.00018,False
west-georgia-us,2,Phemeranthus mengesii,species,Menges' fameflower,0.00018,False
west-georgia-us,2,Acer leucoderme,species,chalk maple,0.00018,False
west-georgia-us,2,Aletris farinosa,species,White-tubed Colicroot,0.00018,False
west-georgia-us,2,Arthraxon hispidus,species,small carpetgrass,0.00018,False
west-georgia-us,2,Commelina diffusa,species,Scrambling Dayflower,0.00018,True
west-georgia-us,2,Dichanthelium laxiflorum,species,open-flower witchgrass,0.00018,False
west-georgia-us,2,Eurybia spectabilis,species,purple wood aster,0.00018,False
west-georgia-us,2,Eurybia surculosa,species,Creeping Aster,0.00018,False
west-georgia-us,2,Hibiscus coccineus,species,Scarlet Rosemallow,0.00018,False
west-georgia-us,2,Hydrocotyle bowlesioides,species,Bowlesia-leaf Pennywort,0.00018,False
west-georgia-us,2,Iris verna,species,Dwarf Iris,0.00018,True
west-georgia-us,2,Jasminum nudiflorum,species,Winter jasmine,0.00018,False
west-georgia-us,2,Lagenaria siceraria,species,Calabash,0.00018,False
west-georgia-us,2,Leucothoe fontanesiana,species,mountain doghobble,0.00018,True
west-georgia-us,2,Lycopus virginicus,species,sweet bugleweed,0.00018,False
west-georgia-us,2,Marshallia trinervia,species,Broadleaf Barbara's-buttons,0.00018,False
west-georgia-us,2,Oxypolis rigidior,species,stiff cowbane,0.00018,True
west-georgia-us,2,Phlox carolina,species,thickleaf phlox,0.00018,False
west-georgia-us,2,Plantago rugelii,species,American plantain,0.00018,True
west-georgia-us,2,Portulaca umbraticola,species,wingpod purslane,0.00018,False
west-georgia-us,2,Psilotum nudum,species,skeleton fork fern,0.00018,True
west-georgia-us,2,Pyrularia pubera,species,Buffalo-nut,0.00018,False
west-georgia-us,2,Rhododendron minus,species,gorge rhododendron,0.00018,False
west-georgia-us,2,Rudbeckia heliopsidis,species,Sunfacing Coneflower,0.00018,False
west-georgia-us,2,Sarracenia oreophila,species,green pitcher plant,0.00018,False
west-georgia-us,2,Senna occidentalis,species,Coffee Senna,0.00018,True
west-georgia-us,2,Smilax hugeri,species,Huger's Carrionflower,0.00018,False
west-georgia-us,2,Torenia fournieri,species,wishbone flower,0.00018,False
west-georgia-us,2,Tragia urticifolia,species,Nettleleaf Noseburn,0.00018,False
west-georgia-us,2,Trillium catesbaei,species,bashful wakerobin,0.00018,True
west-georgia-us,2,Viburnum plicatum,species,Japanese snowball,0.00018,False
west-georgia-us,2,Viola hirsutula,species,Southern wood violet,0.00018,False
west-georgia-us,2,Vitex agnus-castus,species,Lilac chaste tree,0.00018,True
west-georgia-us,2,Xyris laxifolia,species,Laxleaf Yellow-eyed Grass,0.00018,False
west-georgia-us,2,Xyris torta,species,twisted yellow-eyed grass,0.00018,False
west-georgia-us,2,Hepatica acutiloba,species,sharp-lobed hepatica,0.00018,True
west-georgia-us,2,Persicaria glabra,species,Dense-flowered smartweed,0.00018,False
west-georgia-us,2,Euphorbia prostrata,species,prostrate sandmat,0.00018,True
west-georgia-us,2,Hylodesmum nudiflorum,species,naked-flowered tick-trefoil,0.00018,True
west-georgia-us,2,Lamium galeobdolon,species,yellow archangel,0.00018,True
west-georgia-us,2,Euphorbia hypericifolia,species,graceful spurge,0.00018,True
west-georgia-us,2,Oxalis triangularis,species,false shamrock,0.00018,False
west-georgia-us,2,Acer buergerianum,species,Trident maple,0.00018,False
west-georgia-us,2,Scapania nemorea,species,Grove Earwort,0.00018,False
west-georgia-us,2,Euonymus japonicus,species,Japanese spindle tree,0.00018,True
west-georgia-us,2,Christella dentata,species,Soft Fern,0.00018,False
west-georgia-us,2,Lantana strigocamara,species,Lantana,0.00018,False
west-georgia-us,2,Lobelia georgiana,species,Southern Lobelia,0.00018,False
west-georgia-us,2,Mosla scabra,species,Mini-shiso,0.00018,False
west-georgia-us,2,Myriopteris tomentosa,species,Woolly Lipfern,0.00018,False
west-georgia-us,2,Phegopteris decursive-pinnata,species,Japanese beech fern,0.00018,False
west-georgia-us,2,Opuntia mesacantha,species,Southeastern Pricklypear,0.00018,False
west-georgia-us,2,Cardamine occulta,species,Nursery bittercress,0.00018,False
west-georgia-us,2,Abelia chinensis,species,Chinese Abelia,0.00018,False
west-georgia-us,2,Hypericum densiflorum,species,bushy St. John's Wort,0.00018,False
west-georgia-us,2,Mononeuria glabra,species,Appalachian sandwort,0.00018,False
west-georgia-us,2,Acalypha persimilis,species,hornbeam copperleaf,0.00018,False
west-georgia-us,2,Eriocapitella japonica,species,Japanese anemone,0.00018,False
west-georgia-us,2,Greeneochloa coarctata,species,Nuttall's Reedgrass,0.00018,False
west-georgia-us,2,Asarum reflexum,species,Reflexed Wild Ginger,0.00018,False
west-georgia-us,2,Erianthus alopecuroides,species,woolly beardgrass,0.00018,False
west-georgia-us,2,Anatherum glomeratum,species,Bushy Bluestem,0.00018,False
west-georgia-us,1,Populus alba,species,white poplar,9e-05,True
west-georgia-us,1,Asclepias amplexicaulis,species,clasping milkweed,9e-05,True
west-georgia-us,1,Tricyrtis hirta,species,Hairy Toad Lily,9e-05,False
west-georgia-us,1,Zea mays,species,Maize,9e-05,False
west-georgia-us,1,Prunus americana,species,American plum,9e-05,True
west-georgia-us,1,Spiraea tomentosa,species,Steeplebush,9e-05,True
west-georgia-us,1,Amelanchier arborea,species,common serviceberry,9e-05,True
west-georgia-us,1,Rhododendron catawbiense,species,Catawba Rhododendron,9e-05,False
west-georgia-us,1,Phoradendron leucarpum,species,American Mistletoe,9e-05,True
west-georgia-us,1,Lantana camara,species,common lantana,9e-05,True
west-georgia-us,1,Sanguinaria canadensis,species,bloodroot,9e-05,True
west-georgia-us,1,Nymphaea odorata,species,American white waterlily,9e-05,True
west-georgia-us,1,Wisteria frutescens,species,American wisteria,9e-05,False
west-georgia-us,1,Physalis philadelphica,species,Large-flowered Tomatillo,9e-05,False
west-georgia-us,1,Physalis peruviana,species,Cape gooseberry,9e-05,True
west-georgia-us,1,Amaranthus blitum,species,purple amaranth,9e-05,False
west-georgia-us,1,Cirsium vulgare,species,Bull Thistle,9e-05,True
west-georgia-us,1,Geranium molle,species,Dove's-foot crane's-bill,9e-05,True
west-georgia-us,1,Oxalis stricta,species,upright yellow woodsorrel,9e-05,True
west-georgia-us,1,Sonchus oleraceus,species,Common Sow-thistle,9e-05,True
west-georgia-us,1,Stellaria media,species,common chickweed,9e-05,True
west-georgia-us,1,Vicia sativa,species,Common Vetch,9e-05,True
west-georgia-us,1,Ilex aquifolium,species,European holly,9e-05,True
west-georgia-us,1,Styphnolobium japonicum,species,Japanese pagoda tree,9e-05,False
west-georgia-us,1,Tropaeolum majus,species,garden nasturtium,9e-05,True
west-georgia-us,1,Aristolochia serpentaria,species,Virginia snakeroot,9e-05,False
west-georgia-us,1,Corylus avellana,species,common hazel,9e-05,True
west-georgia-us,1,Tanacetum parthenium,species,feverfew,9e-05,True
west-georgia-us,1,Acer platanoides,species,Norway maple,9e-05,True
west-georgia-us,1,Celtis tenuifolia,species,Dwarf Hackberry,9e-05,False
west-georgia-us,1,Lunularia cruciata,species,Crescent-cup liverwort,9e-05,True
west-georgia-us,1,Veronica arvensis,species,corn speedwell,9e-05,True
west-georgia-us,1,Lunaria annua,species,Annual Honesty,9e-05,True
west-georgia-us,1,Leucanthemum vulgare,species,oxeye daisy,9e-05,True
west-georgia-us,1,Veronica hederifolia,species,Ivy-leaved Speedwell,9e-05,True
west-georgia-us,1,Juncus effusus,species,Soft Rush,9e-05,True
west-georgia-us,1,Galinsoga quadriradiata,species,shaggy soldier,9e-05,True
west-georgia-us,1,Asarum canadense,species,Canadian wild ginger,9e-05,True
west-georgia-us,1,Torilis arvensis,species,common hedge parsley,9e-05,True
west-georgia-us,1,Pyracantha coccinea,species,Firethorn,9e-05,True
west-georgia-us,1,Amorpha fruticosa,species,false indigo bush,9e-05,True
west-georgia-us,1,Salix babylonica,species,weeping willow,9e-05,True
west-georgia-us,1,Sorghum bicolor,species,Sorghum,9e-05,False
west-georgia-us,1,Berberis thunbergii,species,Japanese barberry,9e-05,True
west-georgia-us,1,Hydrocotyle umbellata,species,manyflower marshpennywort,9e-05,True
west-georgia-us,1,Erigeron pulchellus,species,robin's-plantain,9e-05,True
west-georgia-us,1,Abutilon theophrasti,species,velvetleaf,9e-05,True
west-georgia-us,1,Samolus parviflorus,species,seaside brookweed,9e-05,True
west-georgia-us,1,Asparagus officinalis,species,wild asparagus,9e-05,True
west-georgia-us,1,Paspalum dilatatum,species,Dallis grass,9e-05,True
west-georgia-us,1,Gamochaeta purpurea,species,Purple Cudweed,9e-05,False
west-georgia-us,1,Lepidium didymum,species,Lesser swine-cress,9e-05,True
west-georgia-us,1,Ceratophyllum demersum,species,coontail,9e-05,True
west-georgia-us,1,Medicago arabica,species,Spotted medick,9e-05,True
west-georgia-us,1,Cirsium discolor,species,field thistle,9e-05,True
west-georgia-us,1,Prunus laurocerasus,species,Cherry laurel,9e-05,True
west-georgia-us,1,Scleranthus annuus,species,Annual Knawel,9e-05,True
west-georgia-us,1,Oxalis debilis,species,Largeflower pink-sorrel,9e-05,True
west-georgia-us,1,Actaea pachypoda,species,white baneberry,9e-05,True
west-georgia-us,1,Rumex obtusifolius,species,broad-leaved dock,9e-05,True
west-georgia-us,1,Adiantum capillus-veneris,species,black maidenhair fern,9e-05,True
west-georgia-us,1,Agave americana,species,American century plant,9e-05,True
west-georgia-us,1,Leersia oryzoides,species,rice cutgrass,9e-05,True
west-georgia-us,1,Teucrium canadense,species,American germander,9e-05,True
west-georgia-us,1,Crataegus marshallii,species,parsley hawthorn,9e-05,True
west-georgia-us,1,Erigeron philadelphicus,species,Philadelphia fleabane,9e-05,True
west-georgia-us,1,Polytrichum commune,species,Common Haircap Moss,9e-05,True
west-georgia-us,1,Pentas lanceolata,species,Egyptian Star-cluster,9e-05,False
west-georgia-us,1,Platanthera flava,species,pale green orchid,9e-05,False
west-georgia-us,1,Phlox subulata,species,moss phlox,9e-05,True
west-georgia-us,1,Houstonia caerulea,species,azure bluet,9e-05,True
west-georgia-us,1,Houstonia longifolia,species,long-leaved bluets,9e-05,True
west-georgia-us,1,Juncus tenuis,species,Slender Path Rush,9e-05,True
west-georgia-us,1,Amaranthus viridis,species,green amaranth,9e-05,False
west-georgia-us,1,Aristida oligantha,species,Oldfield Three-awn,9e-05,False
west-georgia-us,1,Asclepias curassavica,species,tropical milkweed,9e-05,True
west-georgia-us,1,Bidens laevis,species,Smooth Beggarticks,9e-05,False
west-georgia-us,1,Brasenia schreberi,species,Watershield,9e-05,True
west-georgia-us,1,Cabomba caroliniana,species,Carolina Fanwort,9e-05,False
west-georgia-us,1,Cenchrus spinifex,species,coastal sandbur,9e-05,False
west-georgia-us,1,Cucumis melo,species,Muskmelon,9e-05,False
west-georgia-us,1,Cyperus flavescens,species,Yellow Flatsedge,9e-05,False
west-georgia-us,1,Dulichium arundinaceum,species,Three-way Sedge,9e-05,True
west-georgia-us,1,Echinochloa colona,species,Jungle Rice,9e-05,False
west-georgia-us,1,Erigeron bonariensis,species,Flax-leaved Horseweed,9e-05,True
west-georgia-us,1,Erigeron sumatrensis,species,tropical horseweed,9e-05,True
west-georgia-us,1,Euphorbia dentata,species,green poinsettia,9e-05,True
west-georgia-us,1,Fragaria virginiana,species,Virginia strawberry,9e-05,True
west-georgia-us,1,Gypsophila elegans,species,showy baby's-breath,9e-05,False
west-georgia-us,1,Lantana montevidensis,species,creeping lantana,9e-05,True
west-georgia-us,1,Lepidium virginicum,species,Virginia pepperweed,9e-05,True
west-georgia-us,1,Ligustrum japonicum,species,wax-leaf ligustrum,9e-05,False
west-georgia-us,1,Nicandra physalodes,species,apple-of-Peru,9e-05,True
west-georgia-us,1,Nicotiana sylvestris,species,Woodland Tobacco,9e-05,False
west-georgia-us,1,Oenothera laciniata,species,cutleaf evening primrose,9e-05,True
west-georgia-us,1,Panicum dichotomiflorum,species,Smooth Witchgrass,9e-05,False
west-georgia-us,1,Pistia stratiotes,species,Water Lettuce,9e-05,True
west-georgia-us,1,Rotala ramosior,species,Toothcup,9e-05,False
west-georgia-us,1,Salpichroa origanifolia,species,Cock's-eggs,9e-05,False
west-georgia-us,1,Senna marilandica,species,Maryland senna,9e-05,True
west-georgia-us,1,Setaria parviflora,species,knotroot bristlegrass,9e-05,True
west-georgia-us,1,Stenotaphrum secundatum,species,Saint Augustine grass,9e-05,True
west-georgia-us,1,Tradescantia ohiensis,species,Ohio spiderwort,9e-05,True
west-georgia-us,1,Tripleurospermum inodorum,species,scentless mayweed,9e-05,True
west-georgia-us,1,Utricularia gibba,species,humped bladderwort,9e-05,True
west-georgia-us,1,Potentilla canadensis,species,dwarf cinquefoil,9e-05,True
west-georgia-us,1,Sanicula canadensis,species,Black Snakeroot,9e-05,True
west-georgia-us,1,Oxalis violacea,species,violet woodsorrel,9e-05,True
west-georgia-us,1,Viburnum rufidulum,species,Rusty Blackhaw,9e-05,True
west-georgia-us,1,Sabal minor,species,Dwarf Palmetto,9e-05,True
west-georgia-us,1,Euphorbia corollata,species,flowering spurge,9e-05,True
west-georgia-us,1,Baptisia tinctoria,species,eastern wild indigo,9e-05,True
west-georgia-us,1,Viburnum dentatum,species,southern arrowwood,9e-05,True
west-georgia-us,1,Hibiscus moscheutos,species,swamp rose mallow,9e-05,True
west-georgia-us,1,Lygodium palmatum,species,Hartford fern,9e-05,False
west-georgia-us,1,Vitis palmata,species,catbird grape,9e-05,False
west-georgia-us,1,Iris cristata,species,dwarf crested iris,9e-05,True
west-georgia-us,1,Solidago gigantea,species,giant goldenrod,9e-05,True
west-georgia-us,1,Helenium flexuosum,species,Southern Sneezeweed,9e-05,True
west-georgia-us,1,Rubus phoenicolasius,species,wineberry,9e-05,True
west-georgia-us,1,Arisaema dracontium,species,green dragon,9e-05,True
west-georgia-us,1,Castanea pumila,species,Allegheny Chinquapin,9e-05,False
west-georgia-us,1,Calyptocarpus vialis,species,straggler daisy,9e-05,True
west-georgia-us,1,Sabatia campanulata,species,Slender Rose Gentian,9e-05,False
west-georgia-us,1,Monarda fistulosa,species,wild bergamot,9e-05,True
west-georgia-us,1,Geum canadense,species,white avens,9e-05,True
west-georgia-us,1,Polymnia canadensis,species,leafcup,9e-05,True
west-georgia-us,1,Phryma leptostachya,species,American lopseed,9e-05,True
west-georgia-us,1,Sedum sarmentosum,species,Stringy Stonecrop,9e-05,False
west-georgia-us,1,Stenanthium gramineum,species,featherbells,9e-05,False
west-georgia-us,1,Symphyotrichum oblongifolium,species,Aromatic Aster,9e-05,False
west-georgia-us,1,Liatris virgata,species,wand blazing star,9e-05,False
west-georgia-us,1,Lonicera sempervirens,species,coral honeysuckle,9e-05,True
west-georgia-us,1,Antennaria plantaginifolia,species,plantain-leaved pussytoes,9e-05,False
west-georgia-us,1,Doellingeria umbellata,species,flat-top white aster,9e-05,True
west-georgia-us,1,Spiranthes lacera,species,Slender Ladies' Tresses,9e-05,True
west-georgia-us,1,Woodsia obtusa,species,blunt woodsia,9e-05,True
west-georgia-us,1,Chamaelirium luteum,species,devil's bit,9e-05,False
west-georgia-us,1,Allium tuberosum,species,Garlic Chives,9e-05,False
west-georgia-us,1,Leucobryum glaucum,species,Pincushion Moss,9e-05,True
west-georgia-us,1,Pyrus pyrifolia,species,Asian Pear,9e-05,False
west-georgia-us,1,Helianthus tuberosus,species,Jerusalem artichoke,9e-05,True
west-georgia-us,1,Asclepias verticillata,species,whorled milkweed,9e-05,True
west-georgia-us,1,Aspidistra elatior,species,cast-iron plant,9e-05,False
west-georgia-us,1,Akebia quinata,species,Five-leaf akebia,9e-05,False
west-georgia-us,1,Rhexia mariana,species,Maryland meadowbeauty,9e-05,True
west-georgia-us,1,Stachys floridana,species,Florida Hedgenettle,9e-05,True
west-georgia-us,1,Camellia sasanqua,species,sasanqua camellia,9e-05,False
west-georgia-us,1,Helleborus orientalis,species,Lenten-rose,9e-05,False
west-georgia-us,1,Brugmansia arborea,species,Angel's Trumpet,9e-05,False
west-georgia-us,1,Scutellaria integrifolia,species,Helmet skullcap,9e-05,True
west-georgia-us,1,Pieris japonica,species,Japanese andromeda,9e-05,False
west-georgia-us,1,Rhodotypos scandens,species,jetbead,9e-05,True
west-georgia-us,1,Verbena rigida,species,Slender Vervain,9e-05,True
west-georgia-us,1,Carex grayi,species,Gray's sedge,9e-05,True
west-georgia-us,1,Gomphrena globosa,species,Globe amaranth,9e-05,False
west-georgia-us,1,Viburnum rhytidophyllum,species,Leatherleaf viburnum,9e-05,True
west-georgia-us,1,Prunus mexicana,species,Mexican Plum,9e-05,True
west-georgia-us,1,Parnassia asarifolia,species,Kidney-leaved Grass of Parnassus,9e-05,False
west-georgia-us,1,Aronia melanocarpa,species,black chokeberry,9e-05,True
west-georgia-us,1,Lobelia spicata,species,pale-spiked lobelia,9e-05,True
west-georgia-us,1,Croton glandulosus,species,Tropic Croton,9e-05,True
west-georgia-us,1,Silene stellata,species,starry campion,9e-05,True
west-georgia-us,1,Cryptotaenia canadensis,species,honewort,9e-05,True
west-georgia-us,1,Carex frankii,species,Frank's sedge,9e-05,False
west-georgia-us,1,Emilia fosbergii,species,Red Tasselflower,9e-05,True
west-georgia-us,1,Ceanothus americanus,species,New Jersey tea,9e-05,True
west-georgia-us,1,Ilex glabra,species,gallberry,9e-05,True
west-georgia-us,1,Brachyelytrum erectum,species,Long-awned Wood Grass,9e-05,False
west-georgia-us,1,Eryngium prostratum,species,creeping eryngo,9e-05,False
west-georgia-us,1,Viburnum prunifolium,species,Blackhaw,9e-05,True
west-georgia-us,1,Leersia virginica,species,white grass,9e-05,False
west-georgia-us,1,Danthonia spicata,species,Poverty oatgrass,9e-05,True
west-georgia-us,1,Osmorhiza longistylis,species,aniseroot,9e-05,True
west-georgia-us,1,Liatris aspera,species,rough blazing star,9e-05,True
west-georgia-us,1,Pycnanthemum albescens,species,Whiteleaf Mountain Mint,9e-05,False
west-georgia-us,1,Rhexia virginica,species,Virginia meadowbeauty,9e-05,True
west-georgia-us,1,Silphium asteriscus,species,Starry rosinweed,9e-05,False
west-georgia-us,1,Nephrolepis exaltata,species,southern sword fern,9e-05,False
west-georgia-us,1,Tradescantia virginiana,species,Virginia spiderwort,9e-05,True
west-georgia-us,1,Coreopsis leavenworthii,species,Leavenworth's Tickseed,9e-05,False
west-georgia-us,1,Euphorbia ophthalmica,species,Florida Hammock Sandmat,9e-05,True
west-georgia-us,1,Indigofera hirsuta,species,hairy indigo,9e-05,False
west-georgia-us,1,Hypericum punctatum,species,spotted St. John's wort,9e-05,True
west-georgia-us,1,Ilex crenata,species,Japanese holly,9e-05,False
west-georgia-us,1,Nyssa biflora,species,Swamp tupelo,9e-05,False
west-georgia-us,1,Portulaca pilosa,species,shaggy portulaca,9e-05,True
west-georgia-us,1,Yucca aloifolia,species,Aloe Yucca,9e-05,False
west-georgia-us,1,Scutellaria elliptica,species,Hairy Skullcap,9e-05,False
west-georgia-us,1,Galium tinctorium,species,Stiff Marsh Bedstraw,9e-05,False
west-georgia-us,1,Cynanchum laeve,species,honey-vine climbing milkweed,9e-05,True
west-georgia-us,1,Phaseolus polystachios,species,Thicket Bean,9e-05,False
west-georgia-us,1,Leonotis nepetifolia,species,lion's ear,9e-05,True
west-georgia-us,1,Crataegus phaenopyrum,species,Washington hawthorn,9e-05,False
west-georgia-us,1,Salvia splendens,species,Scarlet Sage,9e-05,False
west-georgia-us,1,Ageratum conyzoides,species,billygoat weed,9e-05,True
west-georgia-us,1,Magnolia kobus,species,Kobus magnolia,9e-05,False
west-georgia-us,1,Galium pilosum,species,Hairy bedstraw,9e-05,False
west-georgia-us,1,Spiranthes magnicamporum,species,Great Plains Ladies' Tresses,9e-05,True
west-georgia-us,1,Pycnanthemum virginianum,species,Virginia mountain mint,9e-05,True
west-georgia-us,1,Halesia carolina,species,Carolina Silverbell,9e-05,False
west-georgia-us,1,Houttuynia cordata,species,Chameleon Plant,9e-05,True
west-georgia-us,1,Acalypha gracilens,species,Slender Three-seeded Mercury,9e-05,False
west-georgia-us,1,Aesculus parviflora,species,bottlebrush buckeye,9e-05,False
west-georgia-us,1,Agalinis gattingeri,species,Round-stem False Foxglove,9e-05,False
west-georgia-us,1,Agalinis oligophylla,species,Ridgestem False Foxglove,9e-05,False
west-georgia-us,1,Allium speculae,species,Little River Canyon Onion,9e-05,False
west-georgia-us,1,Arachniodes simplicior,species,East Indian holly fern,9e-05,False
west-georgia-us,1,Ardisia japonica,species,Japanese ardisia,9e-05,False
west-georgia-us,1,Callicarpa dichotoma,species,Purple Beautyberry,9e-05,False
west-georgia-us,1,Campanulastrum americanum,species,tall bellflower,9e-05,True
west-georgia-us,1,Carex glaucescens,species,Southern Waxy Sedge,9e-05,False
west-georgia-us,1,Carex nigromarginata,species,Black-edge Sedge,9e-05,False
west-georgia-us,1,Carya carolinae-septentrionalis,species,Carolina shagbark hickory,9e-05,False
west-georgia-us,1,Celosia argentea,species,Quail Grass,9e-05,True
west-georgia-us,1,Centratherum punctatum,species,Brazilian bachelor's button,9e-05,False
west-georgia-us,1,Ceratostigma plumbaginoides,species,blue leadwort,9e-05,False
west-georgia-us,1,Cestrum aurantiacum,species,orange cestrum,9e-05,False
west-georgia-us,1,Chaenomeles speciosa,species,Chinese quince,9e-05,False
west-georgia-us,1,Chasmanthium laxum,species,Slender Spikegrass,9e-05,False
west-georgia-us,1,Clitoria ternatea,species,Blue Pea,9e-05,True
west-georgia-us,1,Crotalaria sagittalis,species,arrowhead rattlebox,9e-05,False
west-georgia-us,1,Cuphea carthagenensis,species,Colombian waxweed,9e-05,True
west-georgia-us,1,Cyperus compressus,species,Poorland Flatsedge,9e-05,False
west-georgia-us,1,Cyrilla racemiflora,species,Swamp titi,9e-05,True
west-georgia-us,1,Dichanthelium scoparium,species,Velvet Panicum,9e-05,False
west-georgia-us,1,Drosera brevifolia,species,dwarf sundew,9e-05,True
west-georgia-us,1,Dryopteris celsa,species,log fern,9e-05,False
west-georgia-us,1,Dumortiera hirsuta,species,Dumortier's Liverwort,9e-05,False
west-georgia-us,1,Eragrostis spectabilis,species,Purple Lovegrass,9e-05,False
west-georgia-us,1,Eriocaulon decangulare,species,ten-angled pipewort,9e-05,False
west-georgia-us,1,Euthamia leptocephala,species,Bushy Goldentop,9e-05,False
west-georgia-us,1,Facelis retusa,species,Annual Trampweed,9e-05,False
west-georgia-us,1,Forestiera ligustrina,species,Southern Glade Forestiera,9e-05,False
west-georgia-us,1,Gratiola virginiana,species,Virginia hedge-hyssop,9e-05,False
west-georgia-us,1,Halesia diptera,species,Two-wing Silverbell,9e-05,False
west-georgia-us,1,Halesia tetraptera,species,mountain silverbell,9e-05,False
west-georgia-us,1,Helianthus simulans,species,Muck Sunflower,9e-05,False
west-georgia-us,1,Hylotelephium erythrostictum,species,garden stonecrop,9e-05,False
west-georgia-us,1,Ilex longipes,species,Georgia Holly,9e-05,False
west-georgia-us,1,Ipomoea cristulata,species,trans-Pecos morning-glory,9e-05,False
west-georgia-us,1,Isoetes melanospora,species,Black-spored Quillwort,9e-05,False
west-georgia-us,1,Jamesianthus alabamensis,species,Alabama Warbonnet,9e-05,False
west-georgia-us,1,Jasminum mesnyi,species,Primrose jasmine,9e-05,False
west-georgia-us,1,Juncus repens,species,Creeping Rush,9e-05,False
west-georgia-us,1,Lespedeza stuevei,species,tall bush-clover,9e-05,False
west-georgia-us,1,Leucospora multifida,species,Obi-Wan conobea,9e-05,True
west-georgia-us,1,Liatris pilosa,species,shaggy blazing star,9e-05,False
west-georgia-us,1,Liatris squarrosa,species,scaly blazing star,9e-05,False
west-georgia-us,1,Ludwigia octovalvis,species,Mexican Primrose-willow,9e-05,True
west-georgia-us,1,Lycopus rubellus,species,taperleaf waterhorehound,9e-05,False
west-georgia-us,1,Malus baccata,species,Siberian crabapple,9e-05,False
west-georgia-us,1,Metzgeria furcata,species,Forked Veilwort,9e-05,False
west-georgia-us,1,Mitracarpus hirtus,species,Tropical Girdlepod,9e-05,False
west-georgia-us,1,Muhlenbergia capillaris,species,Hairawn Muhly,9e-05,False
west-georgia-us,1,Murdannia nudiflora,species,Nakedstem Dewflower,9e-05,False
west-georgia-us,1,Parthenocissus tricuspidata,species,Japanese creeper,9e-05,True
west-georgia-us,1,Paspalum notatum,species,Bahia grass,9e-05,True
west-georgia-us,1,Phyllostachys aureosulcata,species,Yellow groove bamboo,9e-05,False
west-georgia-us,1,Piptochaetium avenaceum,species,Blackseed Needlegrass,9e-05,False
west-georgia-us,1,Pogonatum pensilvanicum,species,Algal Haircap Moss,9e-05,False
west-georgia-us,1,Potamogeton pulcher,species,Spotted Pondweed,9e-05,False
west-georgia-us,1,Pseudosasa japonica,species,Arrow Bamboo,9e-05,False
west-georgia-us,1,Quercus hemisphaerica,species,Darlington Oak,9e-05,False
west-georgia-us,1,Rhodobryum ontariense,species,Ontario rhodobryum moss,9e-05,True
west-georgia-us,1,Rhynchospora corniculata,species,short-bristled horned beaksedge,9e-05,False
west-georgia-us,1,Rhynchospora debilis,species,Savannah Beakrush,9e-05,False
west-georgia-us,1,Rhynchospora glomerata,species,Clustered Beaksedge,9e-05,False
west-georgia-us,1,Rhynchospora recognita,species,Cymose Beaksedge,9e-05,False
west-georgia-us,1,Ribes curvatum,species,Granite Gooseberry,9e-05,False
west-georgia-us,1,Richardia brasiliensis,species,Tropical Mexican Clover,9e-05,False
west-georgia-us,1,Rubus probabilis,species,,9e-05,False
west-georgia-us,1,Sabatia capitata,species,Cumberland Rose Gentian,9e-05,False
west-georgia-us,1,Scirpus polyphyllus,species,leafy bulrush,9e-05,False
west-georgia-us,1,Seymeria cassioides,species,Yaupon Blacksenna,9e-05,False
west-georgia-us,1,Sideroxylon lycioides,species,Buckthorn Bully,9e-05,False
west-georgia-us,1,Solidago auriculata,species,eared goldenrod,9e-05,False
west-georgia-us,1,Solidago flaccidifolia,species,Mountain Goldenrod,9e-05,False
west-georgia-us,1,Sorghastrum elliottii,species,Slender Indiangrass,9e-05,False
west-georgia-us,1,Sphagnum recurvum,species,Recurved Peatmoss,9e-05,False
west-georgia-us,1,Symphyotrichum phlogifolium,species,Thinleaf Late Purple Aster,9e-05,False
west-georgia-us,1,Symphyotrichum shortii,species,Short's aster,9e-05,False
west-georgia-us,1,Symphyotrichum urophyllum,species,Arrow-leaved Aster,9e-05,False
west-georgia-us,1,Talinum paniculatum,species,Jewels of Opar,9e-05,True
west-georgia-us,1,Thalia dealbata,species,Powdery thalia,9e-05,False
west-georgia-us,1,Tithonia rotundifolia,species,Red Sunflower,9e-05,False
west-georgia-us,1,Viburnum recognitum,species,northern arrowwood,9e-05,False
west-georgia-us,1,Zephyranthes candida,species,White rain-lily,9e-05,False
west-georgia-us,1,Zinnia elegans,species,Elegant Zinnia,9e-05,True
west-georgia-us,1,Euphorbia nutans,species,nodding spurge,9e-05,True
west-georgia-us,1,Coleataenia anceps,species,beaked panicum,9e-05,False
west-georgia-us,1,Marsilea minuta,species,,9e-05,False
west-georgia-us,1,Eupatorium pubescens,species,roundleaf thoroughwort,9e-05,False
west-georgia-us,1,Dendrolycopodium obscurum,species,flat-branched tree-clubmoss,9e-05,True
west-georgia-us,1,Bidens polylepis,species,Tickseed Sunflower,9e-05,False
west-georgia-us,1,Ligusticum canadense,species,American lovage,9e-05,False
west-georgia-us,1,Sisyrinchium micranthum,species,Blue Pigroot,9e-05,False
west-georgia-us,1,Muhlenbergia expansa,species,Cutover Muhly,9e-05,False
west-georgia-us,1,Avenella flexuosa,species,wavy hair-grass,9e-05,False
west-georgia-us,1,Fraxinus biltmoreana,species,Biltmore Ash,9e-05,False
west-georgia-us,1,Aloysia citrodora,species,lemon verbena,9e-05,False
west-georgia-us,1,Hypochaeris chillensis,species,Brazilian Cat's-ear,9e-05,False
west-georgia-us,1,Dryopteris cycadina,species,Black wood fern,9e-05,False
west-georgia-us,1,Osmanthus fragrans,species,Sweet olive,9e-05,False
west-georgia-us,1,Sedum tetractinum,species,,9e-05,False
west-georgia-us,1,Ternstroemia gymnanthera,species,Japanese Ternstroemia,9e-05,False
west-georgia-us,1,Forsythia koreana,species,Korean goldenbell tree,9e-05,False
west-georgia-us,1,Coleataenia rigidula,species,redtop panicgrass,9e-05,False
west-georgia-us,1,Malus domestica,species,apple,9e-05,True
west-georgia-us,1,Myriopteris lanosa,species,Hairy Lip Fern,9e-05,False
west-georgia-us,1,Danae racemosa,species,Alexandrian Laurel,9e-05,False
west-georgia-us,1,Silene coronaria,species,Rose campion,9e-05,True
west-georgia-us,1,Xanthium orientale,species,common cocklebur,9e-05,True
west-georgia-us,1,Liatris hirsuta,species,hairy gayfeather,9e-05,False
west-georgia-us,1,Callianthe picta,species,Redvein Abutilon,9e-05,False
west-georgia-us,1,Opuntia drummondii,species,Creeping Cactus,9e-05,False
west-georgia-us,1,Silphium asperrimum,species,Gates' Rosinweed,9e-05,False
west-georgia-us,1,Acmella oleracea,species,toothache plant,9e-05,False
west-georgia-us,1,Arundinaria tecta,species,switch cane,9e-05,False
west-georgia-us,1,Andersonglossum virginianum,species,wild comfrey,9e-05,True
west-georgia-us,1,Cyperus sesquiflorus,species,Fragrant Spikesedge,9e-05,False
west-georgia-us,1,Cyperus hortensis,species,low spikesedge,9e-05,False
west-georgia-us,1,Hexasepalum teres,species,rough buttonweed,9e-05,True
west-georgia-us,1,Gratiola amphiantha,species,little amphianthus,9e-05,False
west-georgia-us,1,Colocasia fontanesii,species,Blackstem Taro,9e-05,False
west-georgia-us,1,Eupatorium linearifolium,species,Narrowleaf Bushy Thoroughwort,9e-05,False
west-georgia-us,1,Youngia thunbergiana,species,Tall false hawksbeard,9e-05,False
west-georgia-us,1,Berberis fortunei,species,Chinese mahonia,9e-05,False
west-georgia-us,1,Pontederia crassipes,species,common water hyacinth,9e-05,True
west-georgia-us,1,Solidago austrina,species,Southern Goldenrod,9e-05,False
west-georgia-us,1,Luffa aegyptiaca,species,Sponge Gourd,9e-05,False
west-georgia-us,1,Clinopodium talladeganum,species,Talladega Wild Basil,9e-05,False
west-georgia-us,1,Pseudanomodon attenuatus,species,tree-skirt moss,9e-05,False
west-georgia-us,1,Feijoa sellowiana,species,Feijoa,9e-05,False
west-georgia-us,1,Viola communis,species,dooryard violet,9e-05,False
west-georgia-us,1,Bothriochloa torreyana,species,silver bluestem,9e-05,False
west-georgia-us,1,Asarum heterophyllum,species,variable-leaf heartleaf,9e-05,False
west-georgia-us,1,Castanea alabamensis,species,Alabama chinquapin,9e-05,False
west-georgia-us,1,Harperella nodosa,species,harperella,9e-05,False
west-georgia-us,1,Senega incarnata,species,Pink Milkwort,9e-05,False
west-georgia-us,1,Polystichum polyblepharon,species,Japanese tassel fern,9e-05,False
west-georgia-us,1,Anacis verticillata,species,Threadleaf Coreopsis,9e-05,False
atlanta-us,500,Conoclinium coelestinum,species,blue mistflower,0.035046,True
atlanta-us,330,Callicarpa americana,species,American beautyberry,0.02313,True
atlanta-us,287,Liquidambar styraciflua,species,American sweetgum,0.020116,True
atlanta-us,238,Persicaria longiseta,species,low smartweed,0.016682,True
atlanta-us,216,Eupatorium capillifolium,species,dogfennel,0.01514,True
atlanta-us,207,Magnolia grandiflora,species,southern magnolia,0.014509,True
atlanta-us,193,Polystichum acrostichoides,species,Christmas fern,0.013528,True
atlanta-us,192,Liriodendron tulipifera,species,American tuliptree,0.013458,True
atlanta-us,164,Phytolacca americana,species,American pokeweed,0.011495,True
atlanta-us,162,Fagus grandifolia,species,American beech,0.011355,True
atlanta-us,153,Erechtites hieraciifolius,species,American burnweed,0.010724,True
atlanta-us,146,Euonymus americanus,species,strawberry bush,0.010233,True
atlanta-us,143,Vitis rotundifolia,species,muscadine,0.010023,True
atlanta-us,141,Ligustrum sinense,species,Chinese privet,0.009883,True
atlanta-us,138,Helianthus porteri,species,Porter's sunflower,0.009673,False
atlanta-us,125,Lonicera maackii,species,Amur honeysuckle,0.008761,True
atlanta-us,119,Eupatorium serotinum,species,late boneset,0.008341,True
atlanta-us,119,Diospyros virginiana,species,American persimmon,0.008341,True
atlanta-us,110,Nandina domestica,species,Heavenly bamboo,0.00771,True
atlanta-us,109,Ampelopsis glandulosa,species,Porcelain Berry,0.00764,True
atlanta-us,106,Parthenocissus quinquefolia,species,Virginia creeper,0.00743,True
atlanta-us,105,Tipularia discolor,species,crane-fly orchid,0.00736,True
atlanta-us,104,Hedera helix,species,common ivy,0.00729,True
atlanta-us,102,Asarum arifolium,species,Little Brown Jugs,0.007149,False
atlanta-us,100,Pueraria montana,species,kudzu,0.007009,True
atlanta-us,91,Perilla frutescens,species,beefsteak plant,0.006378,True
atlanta-us,90,Ilex cornuta,species,Chinese holly,0.006308,True
atlanta-us,89,Chimaphila maculata,species,striped wintergreen,0.006238,True
atlanta-us,88,Platanus occidentalis,species,American sycamore,0.006168,True
atlanta-us,88,Quercus nigra,species,water oak,0.006168,True
atlanta-us,87,Solanum carolinense,species,Carolina horsenettle,0.006098,True
atlanta-us,86,Phyllanthus urinaria,species,Chamberbitter,0.006028,True
atlanta-us,85,Toxicodendron radicans,species,eastern poison ivy,0.005958,True
atlanta-us,83,Cercis canadensis,species,eastern redbud,0.005818,True
atlanta-us,81,Elaeagnus pungens,species,thorny olive,0.005677,True
atlanta-us,80,Ilex opaca,species,American holly,0.005607,True
atlanta-us,80,Microstegium vimineum,species,Japanese stiltgrass,0.005607,True
atlanta-us,77,Cornus florida,species,flowering dogwood,0.005397,True
atlanta-us,77,Quercus alba,species,white oak,0.005397,True
atlanta-us,77,Chrysopsis mariana,species,Maryland golden-aster,0.005397,False
atlanta-us,76,Albizia julibrissin,species,Persian silk tree,0.005327,True
atlanta-us,76,Lonicera japonica,species,Japanese honeysuckle,0.005327,True
atlanta-us,76,Solidago altissima,species,tall goldenrod,0.005327,True
atlanta-us,74,Acer negundo,species,box elder,0.005187,True
atlanta-us,73,Heterotheca subaxillaris,species,Camphorweed,0.005117,True
atlanta-us,70,Pinus taeda,species,loblolly pine,0.004906,True
atlanta-us,69,Sassafras albidum,species,sassafras,0.004836,True
atlanta-us,67,Magnolia macrophylla,species,bigleaf magnolia,0.004696,True
atlanta-us,67,Berberis bealei,species,leatherleaf mahonia,0.004696,True
atlanta-us,66,Oxydendrum arboreum,species,sourwood,0.004626,True
atlanta-us,65,Rhus copallinum,species,shining sumac,0.004556,True
atlanta-us,65,Symphyotrichum pilosum,species,frost aster,0.004556,True
atlanta-us,64,Acer rubrum,species,red maple,0.004486,True
atlanta-us,64,Juglans nigra,species,eastern black walnut,0.004486,True
atlanta-us,63,Diphasiastrum digitatum,species,fan clubmoss,0.004416,True
atlanta-us,61,Ipomoea purpurea,species,common morning-glory,0.004276,True
atlanta-us,60,Glechoma hederacea,species,ground-ivy,0.004206,True
atlanta-us,57,Impatiens capensis,species,common jewelweed,0.003995,True
atlanta-us,55,Bignonia capreolata,species,cross vine,0.003855,True
atlanta-us,55,Asplenium platyneuron,species,ebony spleenwort,0.003855,True
atlanta-us,54,Asimina triloba,species,common pawpaw,0.003785,True
atlanta-us,53,Passiflora incarnata,species,purple passionflower,0.003715,True
atlanta-us,53,Chasmanthium latifolium,species,river oats,0.003715,True
atlanta-us,51,Dryopteris erythrosora,species,autumn fern,0.003575,False
atlanta-us,51,Potentilla indica,species,mock strawberry,0.003575,True
atlanta-us,50,Chelone glabra,species,white turtlehead,0.003505,True
atlanta-us,50,Jacquemontia tamnifolia,species,Hairy cluster-vine,0.003505,True
atlanta-us,48,Commelina communis,species,Asiatic dayflower,0.003364,True
atlanta-us,48,Epifagus virginiana,species,Beechdrops,0.003364,True
atlanta-us,48,Pyrus calleryana,species,Callery pear,0.003364,True
atlanta-us,48,Persicaria sagittata,species,arrow-leaved tearthumb,0.003364,True
atlanta-us,47,Symphyotrichum lateriflorum,species,calico aster,0.003294,True
atlanta-us,47,Asimina parviflora,species,Small-Flower Pawpaw,0.003294,False
atlanta-us,47,Nephroia carolina,species,Carolina snailseed,0.003294,False
atlanta-us,45,Campsis radicans,species,American trumpet vine,0.003154,True
atlanta-us,45,Lespedeza cuneata,species,Chinese bushclover,0.003154,True
atlanta-us,45,Lycoris radiata,species,red spider lily,0.003154,True
atlanta-us,45,Symphyotrichum racemosum,species,Small White Aster,0.003154,False
atlanta-us,43,Carya illinoinensis,species,pecan,0.003014,True
atlanta-us,43,Verbesina alternifolia,species,Wingstem,0.003014,True
atlanta-us,43,Quercus phellos,species,willow oak,0.003014,True
atlanta-us,43,Ipomoea coccinea,species,red morning glory,0.003014,True
atlanta-us,42,Juniperus virginiana,species,eastern redcedar,0.002944,True
atlanta-us,42,Vaccinium arboreum,species,sparkleberry,0.002944,True
atlanta-us,41,Macrothelypteris torresiana,species,Mariana Maiden Fern,0.002874,False
atlanta-us,40,Monotropa uniflora,species,Ghost Pipe,0.002804,True
atlanta-us,40,Athyrium asplenioides,species,southern lady fern,0.002804,False
atlanta-us,39,Trifolium repens,species,white clover,0.002734,True
atlanta-us,39,Alnus serrulata,species,smooth alder,0.002734,True
atlanta-us,38,Symphyotrichum dumosum,species,Bushy Aster,0.002663,False
atlanta-us,38,Chamaecrista fasciculata,species,partridge pea,0.002663,True
atlanta-us,38,Pluchea camphorata,species,Camphor-weed,0.002663,True
atlanta-us,38,Symphyotrichum georgianum,species,Georgia aster,0.002663,False
atlanta-us,37,Onoclea sensibilis,species,sensitive fern,0.002593,True
atlanta-us,37,Ruellia simplex,species,Mexican Ruellia,0.002593,True
atlanta-us,36,Lobelia cardinalis,species,cardinal flower,0.002523,True
atlanta-us,36,Mikania scandens,species,climbing hempvine,0.002523,True
atlanta-us,36,Lygodium japonicum,species,Japanese climbing fern,0.002523,True
atlanta-us,36,Senega curtissii,species,button-rosy,0.002523,False
atlanta-us,35,Quercus falcata,species,southern red oak,0.002453,True
atlanta-us,35,Senna obtusifolia,species,American Sicklepod,0.002453,True
atlanta-us,35,Baccharis halimifolia,species,groundsel tree,0.002453,True
atlanta-us,35,Rudbeckia laciniata,species,cutleaf coneflower,0.002453,True
atlanta-us,35,Melothria pendula,species,creeping cucumber,0.002453,True
atlanta-us,35,Citrus trifoliata,species,trifoliate orange,0.002453,True
atlanta-us,34,Paulownia tomentosa,species,princess tree,0.002383,True
atlanta-us,33,Yucca filamentosa,species,common yucca,0.002313,True
atlanta-us,33,Magnolia tripetala,species,umbrella magnolia,0.002313,True
atlanta-us,33,Solidago caesia,species,bluestem goldenrod,0.002313,True
atlanta-us,33,Verbesina occidentalis,species,Yellow Crownbeard,0.002313,False
atlanta-us,33,Pseudognaphalium obtusifolium,species,sweet everlasting,0.002313,True
atlanta-us,33,Clinopodium carolinianum,species,Georgia calamint,0.002313,False
atlanta-us,32,Cosmos sulphureus,species,Yellow Cosmos,0.002243,True
atlanta-us,32,Helenium amarum,species,Bitterweed,0.002243,True
atlanta-us,32,Achyranthes japonica,species,Japanese Chaff Flower,0.002243,False
atlanta-us,30,Fatoua villosa,species,hairy crabweed,0.002103,True
atlanta-us,30,Melia azedarach,species,Chinaberry,0.002103,True
atlanta-us,30,Nyssa sylvatica,species,Black Tupelo,0.002103,True
atlanta-us,30,Physalis angulata,species,cutleaf groundcherry,0.002103,True
atlanta-us,30,Diodia virginiana,species,buttonweed,0.002103,True
atlanta-us,29,Ilex verticillata,species,winterberry holly,0.002033,True
atlanta-us,29,Woodwardia areolata,species,netted chain fern,0.002033,True
atlanta-us,28,Rhus glabra,species,smooth sumac,0.001963,True
atlanta-us,28,Maclura pomifera,species,Osage-orange,0.001963,True
atlanta-us,28,Hydrangea quercifolia,species,oakleaf hydrangea,0.001963,True
atlanta-us,28,Betula nigra,species,river birch,0.001963,True
atlanta-us,28,Monarda punctata,species,spotted horsemint,0.001963,True
atlanta-us,28,Smilax bona-nox,species,saw greenbrier,0.001963,True
atlanta-us,28,Euonymus fortunei,species,fortune's spindle,0.001963,True
atlanta-us,28,Pleopeltis michauxiana,species,resurrection fern,0.001963,True
atlanta-us,28,Anatherum ternarium,species,splitbeard bluestem,0.001963,False
atlanta-us,27,Agalinis tenuifolia,species,slender false foxglove,0.001892,True
atlanta-us,27,Ipomoea lacunosa,species,White Morning-glory,0.001892,True
atlanta-us,27,Quercus georgiana,species,Georgia Oak,0.001892,False
atlanta-us,27,Tradescantia pallida,species,Purple Heart,0.001892,True
atlanta-us,26,Ageratina altissima,species,white snakeroot,0.001822,True
atlanta-us,26,Symphyotrichum patens,species,late purple aster,0.001822,False
atlanta-us,26,Anatherum tenuispatheum,species,Maritime Bushy Bluestem,0.001822,False
atlanta-us,25,Prunella vulgaris,species,common selfheal,0.001752,True
atlanta-us,25,Verbascum thapsus,species,great mullein,0.001752,True
atlanta-us,25,Ipomoea hederacea,species,ivy-leaved morning-glory,0.001752,True
atlanta-us,25,Carya tomentosa,species,mockernut,0.001752,True
atlanta-us,25,Campanula divaricata,species,Southern Harebell,0.001752,False
atlanta-us,25,Verbesina virginica,species,frostweed,0.001752,True
atlanta-us,25,Prunus caroliniana,species,Carolina laurelcherry,0.001752,True
atlanta-us,25,Helianthus angustifolius,species,narrowleaf sunflower,0.001752,True
atlanta-us,25,Youngia japonica,species,Oriental false hawksbeard,0.001752,True
atlanta-us,24,Morus rubra,species,red mulberry,0.001682,True
atlanta-us,24,Buddleja davidii,species,Butterfly bush,0.001682,True
atlanta-us,24,Hibiscus syriacus,species,common hibiscus,0.001682,True
atlanta-us,24,Quercus montana,species,chestnut oak,0.001682,True
atlanta-us,24,Lactuca floridana,species,woodland lettuce,0.001682,True
atlanta-us,23,Symphyotrichum puniceum,species,swamp aster,0.001612,True
atlanta-us,23,Mitchella repens,species,partridgeberry,0.001612,True
atlanta-us,23,Hypericum gentianoides,species,pineweed,0.001612,True
atlanta-us,23,Cleome houtteana,species,Spider flower,0.001612,False
atlanta-us,22,Cephalanthus occidentalis,species,buttonbush,0.001542,True
atlanta-us,22,Ambrosia artemisiifolia,species,common ragweed,0.001542,True
atlanta-us,22,Euphorbia maculata,species,Spotted spurge,0.001542,True
atlanta-us,22,Clematis virginiana,species,virgin's-bower,0.001542,True
atlanta-us,22,Peltandra virginica,species,Green Arrow Arum,0.001542,True
atlanta-us,22,Aralia spinosa,species,devil's walkingstick,0.001542,True
atlanta-us,22,Sicyos angulatus,species,Oneseed Bur Cucumber,0.001542,True
atlanta-us,22,Verbena brasiliensis,species,Brazilian Vervain,0.001542,True
atlanta-us,22,Dioscorea villosa,species,wild yam,0.001542,True
atlanta-us,22,Sesbania vesicaria,species,Bladder Pod,0.001542,True
atlanta-us,21,Tsuga canadensis,species,eastern hemlock,0.001472,True
atlanta-us,21,Passiflora lutea,species,yellow passionflower,0.001472,True
atlanta-us,21,Ambrosia trifida,species,giant ragweed,0.001472,True
atlanta-us,21,Euonymus alatus,species,winged euonymus,0.001472,True
atlanta-us,21,Lobelia puberula,species,downy lobelia,0.001472,True
atlanta-us,21,Elephantopus carolinianus,species,leafy elephant's-foot,0.001472,True
atlanta-us,21,Ilex vomitoria,species,Yaupon Holly,0.001472,True
atlanta-us,21,Mazus pumilus,species,Asian mazus,0.001472,True
atlanta-us,21,Elephantopus tomentosus,species,common elephant's-foot,0.001472,True
atlanta-us,20,Sagittaria latifolia,species,broadleaf arrowhead,0.001402,True
atlanta-us,20,Taxodium distichum,species,baldcypress,0.001402,True
atlanta-us,20,Goodyera pubescens,species,downy rattlesnake plantain,0.001402,True
atlanta-us,20,Cosmos bipinnatus,species,garden cosmos,0.001402,True
atlanta-us,20,Ipomoea quamoclit,species,Cypress Vine,0.001402,True
atlanta-us,19,Myriophyllum aquaticum,species,Parrot's feather,0.001332,True
atlanta-us,19,Rosa multiflora,species,multiflora rose,0.001332,True
atlanta-us,19,Symphyotrichum lanceolatum,species,panicled aster,0.001332,True
atlanta-us,19,Ulmus alata,species,Winged Elm,0.001332,True
atlanta-us,19,Trichostema dichotomum,species,Blue Curls,0.001332,True
atlanta-us,19,Gentiana saponaria,species,Soapwort Gentian,0.001332,False
atlanta-us,19,Solidago erecta,species,slender goldenrod,0.001332,False
atlanta-us,19,Smallanthus uvedalia,species,bear's foot,0.001332,True
atlanta-us,19,Fallopia scandens,species,climbing false buckwheat,0.001332,True
atlanta-us,19,Liatris elegantula,species,shaggy blazing star,0.001332,False
atlanta-us,19,Solanum emulans,species,eastern black nightshade,0.001332,True
atlanta-us,18,Acer saccharinum,species,silver maple,0.001262,True
atlanta-us,18,Rudbeckia hirta,species,black-eyed Susan,0.001262,True
atlanta-us,18,Quercus lyrata,species,overcup oak,0.001262,False
atlanta-us,18,Agalinis purpurea,species,purple false foxglove,0.001262,True
atlanta-us,18,Sceptridium biternatum,species,sparse-lobed grapefern,0.001262,False
atlanta-us,18,Opuntia mesacantha,species,Southeastern Pricklypear,0.001262,False
atlanta-us,17,Lindera benzoin,species,northern spicebush,0.001192,True
atlanta-us,17,Prunus serotina,species,black cherry,0.001192,True
atlanta-us,17,Smilax rotundifolia,species,roundleaf greenbrier,0.001192,True
atlanta-us,17,Smilax glauca,species,sawbrier,0.001192,True
atlanta-us,17,Sorghastrum nutans,species,Indiangrass,0.001192,True
atlanta-us,17,Colocasia esculenta,species,Taro,0.001192,True
atlanta-us,17,Collinsonia canadensis,species,citronella horse balm,0.001192,True
atlanta-us,17,Persicaria virginiana,species,American jumpseed,0.001192,True
atlanta-us,17,Ageratina aromatica,species,smaller white snakeroot,0.001192,False
atlanta-us,17,Hibiscus mutabilis,species,Cotton Rosemallow,0.001192,False
atlanta-us,17,Amauropelta noveboracensis,species,New York fern,0.001192,False
atlanta-us,16,Carpinus caroliniana,species,American hornbeam,0.001121,True
atlanta-us,16,Conocephalum salebrosum,species,Snakewort,0.001121,True
atlanta-us,16,Ipomoea triloba,species,Littlebell,0.001121,True
atlanta-us,16,Viburnum acerifolium,species,mapleleaf viburnum,0.001121,True
atlanta-us,16,Solidago nemoralis,species,field goldenrod,0.001121,True
atlanta-us,16,Phemeranthus teretifolius,species,round-leaved fameflower,0.001121,False
atlanta-us,16,Hydrangea barbara,species,woodvamp,0.001121,False
atlanta-us,15,Acer floridanum,species,southern sugar maple,0.001051,True
atlanta-us,15,Pontederia cordata,species,pickerelweed,0.001051,True
atlanta-us,15,Commelina erecta,species,whitemouth dayflower,0.001051,True
atlanta-us,15,Quercus stellata,species,post oak,0.001051,True
atlanta-us,15,Apios americana,species,American groundnut,0.001051,True
atlanta-us,15,Liriope muscari,species,Liriope,0.001051,True
atlanta-us,15,Spiranthes cernua,species,nodding ladies' tresses,0.001051,True
atlanta-us,14,Gaillardia pulchella,species,firewheel,0.000981,True
atlanta-us,14,Sonchus asper,species,prickly sowthistle,0.000981,True
atlanta-us,14,Lamium amplexicaule,species,henbit deadnettle,0.000981,True
atlanta-us,14,Ailanthus altissima,species,tree-of-heaven,0.000981,True
atlanta-us,14,Triadica sebifera,species,Chinese Tallow,0.000981,True
atlanta-us,14,Gelsemium sempervirens,species,yellow jessamine,0.000981,True
atlanta-us,14,Itea virginica,species,Virginia sweetspire,0.000981,True
atlanta-us,14,Morella cerifera,species,wax myrtle,0.000981,True
atlanta-us,14,Eupatorium hyssopifolium,species,hyssopleaf thoroughwort,0.000981,True
atlanta-us,14,Gonolobus suberosus,species,Anglepod,0.000981,True
atlanta-us,13,Quercus rubra,species,northern red oak,0.000911,True
atlanta-us,13,Castanea mollissima,species,Chinese chestnut,0.000911,False
atlanta-us,13,Pinus virginiana,species,Virginia pine,0.000911,True
atlanta-us,13,Bidens bipinnata,species,Spanish needles,0.000911,True
atlanta-us,13,Oxalis corniculata,species,Creeping Woodsorrel,0.000911,True
atlanta-us,13,Datura stramonium,species,jimsonweed,0.000911,True
atlanta-us,13,Arum italicum,species,Italian arum,0.000911,True
atlanta-us,13,Celastrus orbiculatus,species,Asian bittersweet,0.000911,True
atlanta-us,13,Ligustrum lucidum,species,tree privet,0.000911,True
atlanta-us,13,Schizachyrium scoparium,species,little bluestem,0.000911,True
atlanta-us,13,Grimmia laevigata,species,Grimmia Dry Rock Moss,0.000911,False
atlanta-us,13,Commelina virginica,species,Virginia Dayflower,0.000911,True
atlanta-us,13,Vernonia gigantea,species,Tall Ironweed,0.000911,True
atlanta-us,13,Thuidium delicatulum,species,delicate fern moss,0.000911,True
atlanta-us,13,Lobelia amoena,species,Southern Lobelia,0.000911,False
atlanta-us,13,Pelazoneuron kunthii,species,Widespread Maiden Fern,0.000911,False
atlanta-us,12,Bidens aristosa,species,Bearded Beggarticks,0.000841,True
atlanta-us,12,Plantago lanceolata,species,ribwort plantain,0.000841,True
atlanta-us,12,Vinca major,species,greater periwinkle,0.000841,True
atlanta-us,12,Salvia lyrata,species,lyreleaf sage,0.000841,True
atlanta-us,12,Elaeagnus umbellata,species,autumn olive,0.000841,True
atlanta-us,12,Quercus marilandica,species,blackjack oak,0.000841,True
atlanta-us,12,Sambucus canadensis,species,American black elderberry,0.000841,True
atlanta-us,12,Hypericum hypericoides,species,St. Andrew's cross,0.000841,True
atlanta-us,12,Sceptridium dissectum,species,Cutleaf Grapefern,0.000841,True
atlanta-us,12,Ruellia caroliniensis,species,Carolina ruellia,0.000841,True
atlanta-us,12,Eryngium yuccifolium,species,rattlesnake master,0.000841,True
atlanta-us,12,Spiranthes ovalis,species,Oval Ladies' Tresses,0.000841,False
atlanta-us,12,Agalinis fasciculata,species,Beach False Foxglove,0.000841,False
atlanta-us,12,Nekemias arborea,species,peppervine,0.000841,False
atlanta-us,12,Torenia crustacea,species,Brittle False Pimpernel,0.000841,True
atlanta-us,12,Anatherum virginicum,species,broomsedge bluestem,0.000841,False
atlanta-us,11,Mirabilis jalapa,species,marvel of Peru,0.000771,True
atlanta-us,11,Trifolium pratense,species,Red Clover,0.000771,True
atlanta-us,11,Salix nigra,species,black willow,0.000771,True
atlanta-us,11,Vinca minor,species,lesser periwinkle,0.000771,True
atlanta-us,11,Lamium purpureum,species,red deadnettle,0.000771,True
atlanta-us,11,Oenothera biennis,species,common evening-primrose,0.000771,True
atlanta-us,11,Persicaria lapathifolia,species,pale smartweed,0.000771,True
atlanta-us,11,Eclipta prostrata,species,False Daisy,0.000771,True
atlanta-us,11,Arundinaria gigantea,species,river cane,0.000771,True
atlanta-us,11,Chamaecrista nictitans,species,sensitive pea,0.000771,True
atlanta-us,11,Acalypha rhomboidea,species,Common Three-seeded Mercury,0.000771,True
atlanta-us,11,Collinsonia anisata,species,Anise Horsebalm,0.000771,False
atlanta-us,11,Bidens alba,species,White beggarticks,0.000771,False
atlanta-us,10,Setaria pumila,species,yellow foxtail,0.000701,True
atlanta-us,10,Kalmia latifolia,species,mountain laurel,0.000701,True
atlanta-us,10,Pteridium aquilinum,species,common bracken,0.000701,True
atlanta-us,10,Carya glabra,species,pignut hickory,0.000701,True
atlanta-us,10,Clematis terniflora,species,autumn clematis,0.000701,True
atlanta-us,10,Clerodendrum trichotomum,species,Harlequin glorybower,0.000701,False
atlanta-us,10,Rubus trivialis,species,southern dewberry,0.000701,True
atlanta-us,10,Persicaria punctata,species,Dotted Smartweed,0.000701,True
atlanta-us,10,Scirpus cyperinus,species,woolgrass,0.000701,True
atlanta-us,10,Sida rhombifolia,species,Cuban jute,0.000701,True
atlanta-us,10,Frangula caroliniana,species,Carolina buckthorn,0.000701,True
atlanta-us,10,Eurybia divaricata,species,White Wood Aster,0.000701,True
atlanta-us,10,Broussonetia papyrifera,species,Paper mulberry,0.000701,True
atlanta-us,10,Miscanthus sinensis,species,Chinese silver grass,0.000701,True
atlanta-us,10,Smilax smallii,species,Lanceleaf Greenbrier,0.000701,True
atlanta-us,10,Solanum pseudocapsicum,species,Jerusalem cherry,0.000701,True
atlanta-us,10,Xanthorhiza simplicissima,species,Shrub Yellowroot,0.000701,True
atlanta-us,10,Osmunda spectabilis,species,American Royal Fern,0.000701,False
atlanta-us,9,Maianthemum racemosum,species,Solomon's plume,0.000631,True
atlanta-us,9,Populus deltoides,species,Eastern Cottonwood,0.000631,True
atlanta-us,9,Acer saccharum,species,sugar maple,0.000631,True
atlanta-us,9,Ajuga reptans,species,carpet bugle,0.000631,True
atlanta-us,9,Aucuba japonica,species,Japanese aucuba,0.000631,False
atlanta-us,9,Cynodon dactylon,species,Bermuda grass,0.000631,True
atlanta-us,9,Boehmeria cylindrica,species,false nettle,0.000631,True
atlanta-us,9,Daucus carota,species,wild carrot,0.000631,True
atlanta-us,9,Euphorbia cyathophora,species,wild poinsettia,0.000631,True
atlanta-us,9,Modiola caroliniana,species,Bristly Mallow,0.000631,True
atlanta-us,9,Persicaria pensylvanica,species,pinkweed,0.000631,True
atlanta-us,9,Silphium compositum,species,Kidney-leaf Rosinweed,0.000631,False
atlanta-us,9,Physostegia virginiana,species,obedient plant,0.000631,True
atlanta-us,9,Salvia coccinea,species,Tropical sage,0.000631,True
atlanta-us,9,Hydrocotyle sibthorpioides,species,Sibthorp's Pennywort,0.000631,False
atlanta-us,9,Ludwigia alternifolia,species,Seedbox,0.000631,True
atlanta-us,9,Arnoglossum atriplicifolium,species,pale Indian plantain,0.000631,True
atlanta-us,9,Liatris microcephala,species,smallhead blazing star,0.000631,False
atlanta-us,9,Lindernia monticola,species,Flatrock Pimpernel,0.000631,False
atlanta-us,9,Sedum smallii,species,Elf Orpine,0.000631,False
atlanta-us,9,Packera dubia,species,woolly ragwort,0.000631,False
atlanta-us,8,Hypochaeris radicata,species,Common Cat's-ear,0.000561,True
atlanta-us,8,Dryopteris marginalis,species,marginal wood fern,0.000561,True
atlanta-us,8,Ostrya virginiana,species,American hophornbeam,0.000561,True
atlanta-us,8,Quercus coccinea,species,scarlet oak,0.000561,True
atlanta-us,8,Gleditsia triacanthos,species,honey locust,0.000561,True
atlanta-us,8,Robinia pseudoacacia,species,black locust,0.000561,True
atlanta-us,8,Sorghum halepense,species,Johnson grass,0.000561,True
atlanta-us,8,Geranium carolinianum,species,Carolina crane's-bill,0.000561,True
atlanta-us,8,Ulmus parvifolia,species,Chinese elm,0.000561,True
atlanta-us,8,Quercus michauxii,species,swamp chestnut oak,0.000561,True
atlanta-us,8,Phegopteris hexagonoptera,species,broad beech fern,0.000561,True
atlanta-us,8,Pilea pumila,species,Canada clearweed,0.000561,True
atlanta-us,8,Panicum virgatum,species,switchgrass,0.000561,True
atlanta-us,8,Nabalus altissimus,species,tall rattlesnake root,0.000561,True
atlanta-us,8,Polypremum procumbens,species,Rust Weed,0.000561,True
atlanta-us,8,Vernonia noveboracensis,species,New York ironweed,0.000561,True
atlanta-us,8,Clerodendrum bungei,species,rose glorybower,0.000561,False
atlanta-us,8,Croton michauxii,species,Michaux's croton,0.000561,False
atlanta-us,8,Phyllanthus tenellus,species,Mascarene Island leaf-flower,0.000561,True
atlanta-us,8,Portulaca smallii,species,Small's Purslane,0.000561,False
atlanta-us,8,Acmella repens,species,Oppositeleaf Spotflower,0.000561,True
atlanta-us,8,Osmundastrum cinnamomeum,species,cinnamon fern,0.000561,True
atlanta-us,8,Deparia petersenii,species,Japanese lady fern,0.000561,False
atlanta-us,8,Humulus scandens,species,Japanese Hops,0.000561,False
atlanta-us,8,Hepatica americana,species,round-lobed hepatica,0.000561,True
atlanta-us,8,Cenchrus alopecuroides,species,Chinese pennisetum,0.000561,False
atlanta-us,7,Adiantum pedatum,species,northern maidenhair fern,0.000491,True
atlanta-us,7,Quercus velutina,species,black oak,0.000491,True
atlanta-us,7,Pinus echinata,species,shortleaf pine,0.000491,True
atlanta-us,7,Tilia americana,species,basswood,0.000491,True
atlanta-us,7,Salvia azurea,species,giant blue sage,0.000491,True
atlanta-us,7,Xanthium strumarium,species,rough cocklebur,0.000491,True
atlanta-us,7,Cornus amomum,species,silky dogwood,0.000491,True
atlanta-us,7,Portulaca oleracea,species,Common Purslane,0.000491,True
atlanta-us,7,Packera anonyma,species,Small's ragwort,0.000491,True
atlanta-us,7,Botrypus virginianus,species,rattlesnake fern,0.000491,True
atlanta-us,7,Helenium autumnale,species,common sneezeweed,0.000491,True
atlanta-us,7,Polygonatum biflorum,species,smooth Solomon's seal,0.000491,True
atlanta-us,7,Dioscorea polystachya,species,Chinese yam,0.000491,False
atlanta-us,7,Vaccinium elliottii,species,mayberry,0.000491,False
atlanta-us,7,Magnolia virginiana,species,sweetbay magnolia,0.000491,True
atlanta-us,7,Entodon seductrix,species,seductive entodon moss,0.000491,False
atlanta-us,7,Dichondra carolinensis,species,Carolina ponysfoot,0.000491,True
atlanta-us,7,Solidago odora,species,Sweet Goldenrod,0.000491,False
atlanta-us,7,Rudbeckia triloba,species,brown-eyed Susan,0.000491,True
atlanta-us,7,Rudbeckia fulgida,species,orange coneflower,0.000491,False
atlanta-us,7,Kummerowia striata,species,Japanese Clover,0.000491,False
atlanta-us,7,Solidago petiolaris,species,downy ragged goldenrod,0.000491,False
atlanta-us,7,Gentiana villosa,species,Striped Gentian,0.000491,False
atlanta-us,7,Nabalus serpentaria,species,lion's foot rattlesnake root,0.000491,False
atlanta-us,6,Asclepias syriaca,species,common milkweed,0.000421,True
atlanta-us,6,Asclepias tuberosa,species,butterfly milkweed,0.000421,True
atlanta-us,6,Echinacea purpurea,species,purple coneflower,0.000421,True
atlanta-us,6,Typha latifolia,species,broadleaf cattail,0.000421,True
atlanta-us,6,Bidens frondosa,species,Devil's Beggarticks,0.000421,True
atlanta-us,6,Lysimachia nummularia,species,creeping Jenny,0.000421,True
atlanta-us,6,Chionanthus virginicus,species,white fringetree,0.000421,True
atlanta-us,6,Quercus shumardii,species,Shumard oak,0.000421,True
atlanta-us,6,Celtis occidentalis,species,common hackberry,0.000421,True
atlanta-us,6,Saururus cernuus,species,lizard's tail,0.000421,True
atlanta-us,6,Catharanthus roseus,species,Madagascar Periwinkle,0.000421,True
atlanta-us,6,Allium vineale,species,wild garlic,0.000421,True
atlanta-us,6,Celtis laevigata,species,sugar hackberry,0.000421,True
atlanta-us,6,Heliotropium indicum,species,Indian Heliotrope,0.000421,True
atlanta-us,6,Oxalis dillenii,species,slender yellow woodsorrel,0.000421,True
atlanta-us,6,Ilex decidua,species,possumhaw,0.000421,True
atlanta-us,6,Tridens flavus,species,purpletop tridens,0.000421,True
atlanta-us,6,Dicranum scoparium,species,Broom Forkmoss,0.000421,True
atlanta-us,6,Nothoscordum bivalve,species,crowpoison,0.000421,True
atlanta-us,6,Spiraea japonica,species,Japanese Spirea,0.000421,True
atlanta-us,6,Ipomoea hederifolia,species,scarlet creeper,0.000421,True
atlanta-us,6,Wisteria sinensis,species,Chinese wisteria,0.000421,True
atlanta-us,6,Smilax tamnoides,species,bristly greenbrier,0.000421,True
atlanta-us,6,Ipomoea cordatotriloba,species,Tievine,0.000421,True
atlanta-us,6,Hedychium coronarium,species,Butterfly ginger lily,0.000421,True
atlanta-us,6,Viburnum nudum,species,southern wild raisin,0.000421,True
atlanta-us,6,Crotalaria spectabilis,species,Showy Rattlebox,0.000421,True
atlanta-us,6,Hibiscus laevis,species,Halberd-leaf Rosemallow,0.000421,True
atlanta-us,6,Illicium floridanum,species,Florida Anise,0.000421,False
atlanta-us,6,Pityopsis aspera,species,Pineland Silkgrass,0.000421,False
atlanta-us,6,Eupatorium torreyanum,species,Torrey's eupatorium,0.000421,False
atlanta-us,6,Strophostyles helvola,species,trailing fuzzy-bean,0.000421,True
atlanta-us,6,Hypericum walteri,species,Greater Marsh St. John's-wort,0.000421,False
atlanta-us,6,Solidago zedia,species,Gulf Coast axillary goldenrod,0.000421,False
atlanta-us,6,Sabdariffa gossypiifolia,species,Sorrel,0.000421,False
atlanta-us,5,Ptelea trifoliata,species,common hoptree,0.00035,True
atlanta-us,5,Equisetum hyemale,species,rough horsetail,0.00035,True
atlanta-us,5,Ulmus americana,species,American elm,0.00035,True
atlanta-us,5,Quercus palustris,species,pin oak,0.00035,True
atlanta-us,5,Morus alba,species,white mulberry,0.00035,True
atlanta-us,5,Oxalis articulata,species,pink-sorrel,0.00035,True
atlanta-us,5,Mimulus ringens,species,Allegheny monkeyflower,0.00035,True
atlanta-us,5,Cucurbita pepo,species,American pumpkin,0.00035,False
atlanta-us,5,Erigeron canadensis,species,horseweed,0.00035,True
atlanta-us,5,Paspalum urvillei,species,Vasey Grass,0.00035,True
atlanta-us,5,Potentilla canadensis,species,dwarf cinquefoil,0.00035,True
atlanta-us,5,Pinus palustris,species,longleaf pine,0.00035,True
atlanta-us,5,Phlox paniculata,species,fall phlox,0.00035,True
atlanta-us,5,Symphyotrichum novae-angliae,species,New England aster,0.00035,True
atlanta-us,5,Ipomoea pandurata,species,wild potato vine,0.00035,True
atlanta-us,5,Lobelia siphilitica,species,great blue lobelia,0.00035,True
atlanta-us,5,Ludwigia decurrens,species,Wingleaf Primrose-Willow,0.00035,False
atlanta-us,5,Solanum sarrachoides,species,Hairy Nightshade,0.00035,False
atlanta-us,5,Malvaviscus arboreus,species,Turk's cap,0.00035,True
atlanta-us,5,Vaccinium darrowii,species,Darrow's Blueberry,0.00035,False
atlanta-us,5,Dichanthelium clandestinum,species,deertongue,0.00035,True
atlanta-us,5,Cephalotaxus harringtonia,species,Japanese Plum-yew,0.00035,False
atlanta-us,5,Lespedeza violacea,species,violet bush clover,0.00035,False
atlanta-us,5,Acalypha gracilens,species,Slender Three-seeded Mercury,0.00035,False
atlanta-us,5,Bryoandersonia illecebra,species,spoon-leaved moss,0.00035,False
atlanta-us,5,Cyrtomium fortunei,species,Fortune's Holly-fern,0.00035,False
atlanta-us,5,Euphorbia heterophylla,species,painted spurge,0.00035,True
atlanta-us,5,Sedum pusillum,species,Puck's Orpine,0.00035,False
atlanta-us,5,Farfugium japonicum,species,leopard-plant,0.00035,False
atlanta-us,5,Oxalis triangularis,species,false shamrock,0.00035,False
atlanta-us,5,Morus indica,species,Korean mulberry,0.00035,True
atlanta-us,4,Cypripedium acaule,species,pink lady's slipper,0.00028,True
atlanta-us,4,Pachysandra procumbens,species,Allegheny Spurge,0.00028,False
atlanta-us,4,Solanum lycopersicum,species,tomato,0.00028,True
atlanta-us,4,Galax urceolata,species,galax,0.00028,True
atlanta-us,4,Carya ovata,species,shagbark hickory,0.00028,True
atlanta-us,4,Fraxinus americana,species,white ash,0.00028,True
atlanta-us,4,Chenopodium album,species,Common Lambsquarters,0.00028,True
atlanta-us,4,Solanum americanum,species,American black nightshade,0.00028,True
atlanta-us,4,Cyperus erythrorhizos,species,redroot flatsedge,0.00028,False
atlanta-us,4,Monotropa hypopitys,species,pinesap,0.00028,True
atlanta-us,4,Rubus armeniacus,species,Armenian Blackberry,0.00028,True
atlanta-us,4,Cardiospermum halicacabum,species,Lesser Balloon Vine,0.00028,True
atlanta-us,4,Polytrichum commune,species,Common Haircap Moss,0.00028,True
atlanta-us,4,Bulbostylis capillaris,species,Densetuft Hairsedge,0.00028,False
atlanta-us,4,Erigeron annuus,species,annual fleabane,0.00028,True
atlanta-us,4,Eriobotrya japonica,species,Loquat,0.00028,True
atlanta-us,4,Landoltia punctata,species,dotted duckweed,0.00028,False
atlanta-us,4,Plumbago auriculata,species,blue plumbago,0.00028,True
atlanta-us,4,Sesbania herbacea,species,bigpod sesbania,0.00028,True
atlanta-us,4,Clitoria mariana,species,Pigeonwings,0.00028,True
atlanta-us,4,Rhododendron maximum,species,great rhododendron,0.00028,True
atlanta-us,4,Castanea pumila,species,Allegheny Chinquapin,0.00028,False
atlanta-us,4,Eupatorium perfoliatum,species,common boneset,0.00028,True
atlanta-us,4,Murdannia keisak,species,marsh dewflower,0.00028,False
atlanta-us,4,Staphylea trifolia,species,American bladdernut,0.00028,True
atlanta-us,4,Calycanthus floridus,species,Carolina sweetshrub,0.00028,True
atlanta-us,4,Vitis vulpina,species,frost grape,0.00028,False
atlanta-us,4,Cyclamen hederifolium,species,Ivy-leaved cyclamen,0.00028,True
atlanta-us,4,Symphoricarpos orbiculatus,species,coralberry,0.00028,True
atlanta-us,4,Lespedeza procumbens,species,trailing lespedeza,0.00028,False
atlanta-us,4,Hydrangea arborescens,species,wild hydrangea,0.00028,True
atlanta-us,4,Selaginella apoda,species,meadow spikemoss,0.00028,False
atlanta-us,4,Desmodium paniculatum,species,panicled ticktrefoil,0.00028,True
atlanta-us,4,Eutrochium fistulosum,species,Hollow Joe-Pye Weed,0.00028,True
atlanta-us,4,Gamochaeta americana,species,American Everlasting,0.00028,False
atlanta-us,4,Callicarpa dichotoma,species,Purple Beautyberry,0.00028,False
atlanta-us,4,Chelone lyonii,species,pink turtlehead,0.00028,False
atlanta-us,4,Clinopodium gracile,species,Slender Wild Basil,0.00028,False
atlanta-us,4,Firmiana simplex,species,Chinese parasol tree,0.00028,False
atlanta-us,4,Liatris pilosa,species,shaggy blazing star,0.00028,False
atlanta-us,4,Photinia serratifolia,species,Chinese Photinia,0.00028,True
atlanta-us,4,Portulaca umbraticola,species,wingpod purslane,0.00028,False
atlanta-us,4,Quercus acutissima,species,Sawtooth oak,0.00028,False
atlanta-us,4,Schisandra glabra,species,Bay Starvine,0.00028,False
atlanta-us,4,Solidago curtisii,species,Mountain Decumbent Goldenrod,0.00028,False
atlanta-us,4,Symphyotrichum concolor,species,Eastern Silver Aster,0.00028,False
atlanta-us,4,Symphyotrichum shortii,species,Short's aster,0.00028,False
atlanta-us,4,Hylodesmum nudiflorum,species,naked-flowered tick-trefoil,0.00028,True
atlanta-us,4,Gomphocarpus physocarpus,species,balloonplant,0.00028,True
atlanta-us,4,Trachelospermum asiaticum,species,Asiatic jasmine,0.00028,False
atlanta-us,4,Berberis julianae,species,wintergreen barberry,0.00028,False
atlanta-us,3,Sherardia arvensis,species,Field madder,0.00021,True
atlanta-us,3,Phoradendron leucarpum,species,American Mistletoe,0.00021,True
atlanta-us,3,Arisaema triphyllum,species,Jack-in-the-Pulpit,0.00021,True
atlanta-us,3,Hamamelis virginiana,species,american witch-hazel,0.00021,True
atlanta-us,3,Pinus strobus,species,eastern white pine,0.00021,True
atlanta-us,3,Clethra alnifolia,species,Sweet Pepperbush,0.00021,True
atlanta-us,3,Cirsium vulgare,species,Bull Thistle,0.00021,True
atlanta-us,3,Galium aparine,species,catchweed bedstraw,0.00021,True
atlanta-us,3,Rumex crispus,species,curled dock,0.00021,True
atlanta-us,3,Aristolochia serpentaria,species,Virginia snakeroot,0.00021,False
atlanta-us,3,Quercus muehlenbergii,species,chinkapin oak,0.00021,True
atlanta-us,3,Fraxinus pennsylvanica,species,green ash,0.00021,True
atlanta-us,3,Packera glabella,species,Butterweed,0.00021,True
atlanta-us,3,Pallavicinia lyellii,species,Ribbonwort,0.00021,False
atlanta-us,3,Pyracantha coccinea,species,Firethorn,0.00021,True
atlanta-us,3,Helianthus annuus,species,Common Sunflower,0.00021,True
atlanta-us,3,Koelreuteria paniculata,species,golden rain tree,0.00021,True
atlanta-us,3,Ludwigia palustris,species,Water Purslane,0.00021,True
atlanta-us,3,Lathyrus latifolius,species,broad-leaved sweet pea,0.00021,True
atlanta-us,3,Oxalis debilis,species,Largeflower pink-sorrel,0.00021,True
atlanta-us,3,Carica papaya,species,Papaya,0.00021,True
atlanta-us,3,Cortaderia selloana,species,Pampas Grass,0.00021,True
atlanta-us,3,Cyperus esculentus,species,yellow nutsedge,0.00021,True
atlanta-us,3,Mollugo verticillata,species,green carpetweed,0.00021,True
atlanta-us,3,Muhlenbergia schreberi,species,nimblewill,0.00021,False
atlanta-us,3,Persicaria hydropiperoides,species,swamp smartweed,0.00021,True
atlanta-us,3,Tagetes erecta,species,Mexican Marigold,0.00021,False
atlanta-us,3,Verbena bonariensis,species,purpletop vervain,0.00021,True
atlanta-us,3,Euphorbia corollata,species,flowering spurge,0.00021,True
atlanta-us,3,Carex lurida,species,sallow sedge,0.00021,True
atlanta-us,3,Carex lupulina,species,hop sedge,0.00021,True
atlanta-us,3,Chasmanthium sessiliflorum,species,Longleaf Woodoats,0.00021,False
atlanta-us,3,Sabatia angularis,species,Rosepink,0.00021,True
atlanta-us,3,Amphicarpaea bracteata,species,American hog-peanut,0.00021,True
atlanta-us,3,Actaea racemosa,species,black cohosh,0.00021,True
atlanta-us,3,Camellia sinensis,species,tea,0.00021,False
atlanta-us,3,Bryum argenteum,species,Silvery Bryum,0.00021,True
atlanta-us,3,Ranunculus abortivus,species,small-flowered buttercup,0.00021,True
atlanta-us,3,Centrosema virginianum,species,butterfly pea,0.00021,True
atlanta-us,3,Portulaca amilis,species,Paraguayan Purslane,0.00021,False
atlanta-us,3,Verbena rigida,species,Slender Vervain,0.00021,True
atlanta-us,3,Coreopsis grandiflora,species,large-flowered tickseed,0.00021,False
atlanta-us,3,Euthamia caroliniana,species,slender goldentop,0.00021,False
atlanta-us,3,Symphyotrichum laeve,species,smooth blue aster,0.00021,True
atlanta-us,3,Heliopsis helianthoides,species,false sunflower,0.00021,True
atlanta-us,3,Koelreuteria bipinnata,species,Chinese flame tree,0.00021,False
atlanta-us,3,Symplocos tinctoria,species,Sweetleaf,0.00021,True
atlanta-us,3,Lablab purpureus,species,Hyacinth bean,0.00021,False
atlanta-us,3,Aronia arbutifolia,species,red chokeberry,0.00021,False
atlanta-us,3,Houttuynia cordata,species,Chameleon Plant,0.00021,True
atlanta-us,3,Abelmoschus esculentus,species,Okra,0.00021,False
atlanta-us,3,Acer leucoderme,species,chalk maple,0.00021,False
atlanta-us,3,Corallorhiza odontorhiza,species,autumn coralroot,0.00021,False
atlanta-us,3,Dahlia pinnata,species,Garden Dahlia,0.00021,False
atlanta-us,3,Dichanthelium laxiflorum,species,open-flower witchgrass,0.00021,False
atlanta-us,3,Dicliptera brachiata,species,Branched Foldwing,0.00021,True
atlanta-us,3,Eupatorium rotundifolium,species,round-leaved boneset,0.00021,True
atlanta-us,3,Euphorbia pubentissima,species,False Flowering Spurge,0.00021,False
atlanta-us,3,Hydrocotyle bowlesioides,species,Bowlesia-leaf Pennywort,0.00021,False
atlanta-us,3,Iva annua,species,Sumpweed,0.00021,True
atlanta-us,3,Jasminum nudiflorum,species,Winter jasmine,0.00021,False
atlanta-us,3,Juncus georgianus,species,Flatrock Rush,0.00021,False
atlanta-us,3,Lagenaria siceraria,species,Calabash,0.00021,False
atlanta-us,3,Leucobryum albidum,species,white moss,0.00021,False
atlanta-us,3,Lycopus virginicus,species,sweet bugleweed,0.00021,False
atlanta-us,3,Sorghastrum elliottii,species,Slender Indiangrass,0.00021,False
atlanta-us,3,Talinum paniculatum,species,Jewels of Opar,0.00021,True
atlanta-us,3,Trillium catesbaei,species,bashful wakerobin,0.00021,True
atlanta-us,3,Viburnum obovatum,species,Walter's Viburnum,0.00021,False
atlanta-us,3,Wahlenbergia marginata,species,southern rockbell,0.00021,True
atlanta-us,3,Persicaria glabra,species,Dense-flowered smartweed,0.00021,False
atlanta-us,3,Elymus glabriflorus,species,Southeastern Wildrye,0.00021,False
atlanta-us,3,Iris domestica,species,Blackberry Lily,0.00021,True
atlanta-us,3,Euonymus japonicus,species,Japanese spindle tree,0.00021,True
atlanta-us,3,Christella dentata,species,Soft Fern,0.00021,False
atlanta-us,3,Lantana strigocamara,species,Lantana,0.00021,False
atlanta-us,3,Phegopteris decursive-pinnata,species,Japanese beech fern,0.00021,False
atlanta-us,3,Abelia chinensis,species,Chinese Abelia,0.00021,False
atlanta-us,3,Opuntia drummondii,species,Creeping Cactus,0.00021,False
atlanta-us,3,Reynoutria japonica,species,Japanese knotweed,0.00021,True
atlanta-us,3,Phyllostachys reticulata,species,Giant Timber Bamboo,0.00021,False
atlanta-us,3,Erianthus giganteus,species,sugarcane plumegrass,0.00021,False
atlanta-us,3,Anacis major,species,Woodland Coreopsis,0.00021,False
atlanta-us,2,Geranium maculatum,species,wild geranium,0.00014,True
atlanta-us,2,Opuntia humifusa,species,low pricklypear,0.00014,True
atlanta-us,2,Zea mays,species,Maize,0.00014,False
atlanta-us,2,Nepeta cataria,species,Catnip,0.00014,True
atlanta-us,2,Oenothera speciosa,species,Pinkladies,0.00014,True
atlanta-us,2,Amelanchier arborea,species,common serviceberry,0.00014,True
atlanta-us,2,Physalis philadelphica,species,Large-flowered Tomatillo,0.00014,False
atlanta-us,2,Achillea millefolium,species,common yarrow,0.00014,True
atlanta-us,2,Artemisia vulgaris,species,common mugwort,0.00014,True
atlanta-us,2,Cichorium intybus,species,chicory,0.00014,True
atlanta-us,2,Pinus rigida,species,pitch pine,0.00014,True
atlanta-us,2,Corylus americana,species,American hazelnut,0.00014,True
atlanta-us,2,Cornus alternifolia,species,alternate-leaved dogwood,0.00014,True
atlanta-us,2,Celtis tenuifolia,species,Dwarf Hackberry,0.00014,False
atlanta-us,2,Ulmus rubra,species,slippery elm,0.00014,True
atlanta-us,2,Raphanus raphanistrum,species,Wild radish,0.00014,True
atlanta-us,2,Veronica persica,species,bird's-eye speedwell,0.00014,True
atlanta-us,2,Veronica serpyllifolia,species,thyme-leaved speedwell,0.00014,True
atlanta-us,2,Agrimonia parviflora,species,swamp agrimony,0.00014,True
atlanta-us,2,Leucanthemum vulgare,species,oxeye daisy,0.00014,True
atlanta-us,2,Rhododendron canescens,species,Mountain Azalea,0.00014,True
atlanta-us,2,Marchantia polymorpha,species,Common Liverwort,0.00014,True
atlanta-us,2,Ricinus communis,species,castor bean,0.00014,True
atlanta-us,2,Lobularia maritima,species,sweet alyssum,0.00014,True
atlanta-us,2,Plantago major,species,greater plantain,0.00014,True
atlanta-us,2,Cyperus strigosus,species,straw-colored flatsedge,0.00014,True
atlanta-us,2,Ipomoea tricolor,species,Garden Morning Glory,0.00014,False
atlanta-us,2,Marsilea vestita,species,water clover,0.00014,False
atlanta-us,2,Hydrocotyle verticillata,species,Whorled Pennywort,0.00014,False
atlanta-us,2,Abutilon theophrasti,species,velvetleaf,0.00014,True
atlanta-us,2,Samolus parviflorus,species,seaside brookweed,0.00014,True
atlanta-us,2,Hydrocotyle ranunculoides,species,floating marsh pennywort,0.00014,True
atlanta-us,2,Rumex obtusifolius,species,broad-leaved dock,0.00014,True
atlanta-us,2,Trachycarpus fortunei,species,Chusan Palm,0.00014,False
atlanta-us,2,Teucrium canadense,species,American germander,0.00014,True
atlanta-us,2,Crataegus marshallii,species,parsley hawthorn,0.00014,True
atlanta-us,2,Phlox subulata,species,moss phlox,0.00014,True
atlanta-us,2,Houstonia longifolia,species,long-leaved bluets,0.00014,True
atlanta-us,2,Amaranthus viridis,species,green amaranth,0.00014,False
atlanta-us,2,Coreopsis tinctoria,species,plains coreopsis,0.00014,True
atlanta-us,2,Dulichium arundinaceum,species,Three-way Sedge,0.00014,True
atlanta-us,2,Eleusine indica,species,Goose Grass,0.00014,True
atlanta-us,2,Heliotropium amplexicaule,species,fragrant heliotrope,0.00014,False
atlanta-us,2,Lantana montevidensis,species,creeping lantana,0.00014,True
atlanta-us,2,Ligustrum japonicum,species,wax-leaf ligustrum,0.00014,False
atlanta-us,2,Tradescantia ohiensis,species,Ohio spiderwort,0.00014,True
atlanta-us,2,Utricularia gibba,species,humped bladderwort,0.00014,True
atlanta-us,2,Silphium perfoliatum,species,cup plant,0.00014,True
atlanta-us,2,Sanicula canadensis,species,Black Snakeroot,0.00014,True
atlanta-us,2,Tephrosia virginiana,species,goat's rue,0.00014,True
atlanta-us,2,Pteris multifida,species,spider brake,0.00014,False
atlanta-us,2,Crataegus spathulata,species,Littlehip hawthorn,0.00014,False
atlanta-us,2,Eutrochium purpureum,species,sweet Joe-Pye-weed,0.00014,True
atlanta-us,2,Magnolia acuminata,species,Cucumber-tree,0.00014,True
atlanta-us,2,Thalictrum thalictroides,species,rue anemone,0.00014,True
atlanta-us,2,Symphyotrichum oblongifolium,species,Aromatic Aster,0.00014,False
atlanta-us,2,Berchemia scandens,species,Supplejack,0.00014,True
atlanta-us,2,Leucobryum glaucum,species,Pincushion Moss,0.00014,True
atlanta-us,2,Cucurbita moschata,species,Squash,0.00014,False
atlanta-us,2,Helianthus tuberosus,species,Jerusalem artichoke,0.00014,True
atlanta-us,2,Asclepias incarnata,species,swamp milkweed,0.00014,True
atlanta-us,2,Aspidistra elatior,species,cast-iron plant,0.00014,False
atlanta-us,2,Anemone virginiana,species,tall thimbleweed,0.00014,True
atlanta-us,2,Symphyotrichum undulatum,species,wavy-leaf aster,0.00014,False
atlanta-us,2,Scutellaria integrifolia,species,Helmet skullcap,0.00014,True
atlanta-us,2,Cirsium horridulum,species,bristle thistle,0.00014,True
atlanta-us,2,Luzula echinata,species,Hedgehog Woodrush,0.00014,False
atlanta-us,2,Hieracium gronovii,species,Beaked Hawkweed,0.00014,False
atlanta-us,2,Solidago rugosa,species,common wrinkle-leaved goldenrod,0.00014,True
atlanta-us,2,Pyrrhopappus carolinianus,species,Carolina desert-chicory,0.00014,False
atlanta-us,2,Liatris squarrulosa,species,Appalachian blazing star,0.00014,False
atlanta-us,2,Solidago arguta,species,cut-leaf goldenrod,0.00014,False
atlanta-us,2,Lespedeza bicolor,species,shrub lespedeza,0.00014,False
atlanta-us,2,Eryngium prostratum,species,creeping eryngo,0.00014,False
atlanta-us,2,Viburnum prunifolium,species,Blackhaw,0.00014,True
atlanta-us,2,Silphium asteriscus,species,Starry rosinweed,0.00014,False
atlanta-us,2,Menispermum canadense,species,moonseed,0.00014,True
atlanta-us,2,Cinna arundinacea,species,stout wood reed,0.00014,False
atlanta-us,2,Euphorbia hyssopifolia,species,hyssop spurge,0.00014,True
atlanta-us,2,Indigofera hirsuta,species,hairy indigo,0.00014,False
atlanta-us,2,Thunbergia alata,species,Black-eyed Susan vine,0.00014,True
atlanta-us,2,Hypericum punctatum,species,spotted St. John's wort,0.00014,True
atlanta-us,2,Penthorum sedoides,species,ditch stonecrop,0.00014,True
atlanta-us,2,Selaginella rupestris,species,rock spikemoss,0.00014,True
atlanta-us,2,Ampelopsis cordata,species,heart leaf peppervine,0.00014,True
atlanta-us,2,Lagerstroemia indica,species,Crape-myrtle,0.00014,True
atlanta-us,2,Pistacia chinensis,species,Chinese pistache,0.00014,True
atlanta-us,2,Ionactis linariifolia,species,Flax-leaved Aster,0.00014,False
atlanta-us,2,Cirsium altissimum,species,Tall Thistle,0.00014,True
atlanta-us,2,Malaxis unifolia,species,green adder's-mouth,0.00014,False
atlanta-us,2,Commelina diffusa,species,Scrambling Dayflower,0.00014,True
atlanta-us,2,Cyrilla racemiflora,species,Swamp titi,0.00014,True
atlanta-us,2,Eragrostis spectabilis,species,Purple Lovegrass,0.00014,False
atlanta-us,2,Halesia tetraptera,species,mountain silverbell,0.00014,False
atlanta-us,2,Helianthus longifolius,species,Longleaf Sunflower,0.00014,False
atlanta-us,2,Hibiscus coccineus,species,Scarlet Rosemallow,0.00014,False
atlanta-us,2,Leucothoe fontanesiana,species,mountain doghobble,0.00014,True
atlanta-us,2,Oxypolis rigidior,species,stiff cowbane,0.00014,True
atlanta-us,2,Plantago rugelii,species,American plantain,0.00014,True
atlanta-us,2,Pseudosasa japonica,species,Arrow Bamboo,0.00014,False
atlanta-us,2,Quercus hemisphaerica,species,Darlington Oak,0.00014,False
atlanta-us,2,Rhododendron minus,species,gorge rhododendron,0.00014,False
atlanta-us,2,Ribes curvatum,species,Granite Gooseberry,0.00014,False
atlanta-us,2,Senna occidentalis,species,Coffee Senna,0.00014,True
atlanta-us,2,Smilax hugeri,species,Huger's Carrionflower,0.00014,False
atlanta-us,2,Torenia fournieri,species,wishbone flower,0.00014,False
atlanta-us,2,Viburnum plicatum,species,Japanese snowball,0.00014,False
atlanta-us,2,Viola hirsutula,species,Southern wood violet,0.00014,False
atlanta-us,2,Zephyranthes candida,species,White rain-lily,0.00014,False
atlanta-us,2,Zinnia elegans,species,Elegant Zinnia,0.00014,True
atlanta-us,2,Euphorbia prostrata,species,prostrate sandmat,0.00014,True
atlanta-us,2,Lamium galeobdolon,species,yellow archangel,0.00014,True
atlanta-us,2,Euphorbia hypericifolia,species,graceful spurge,0.00014,True
atlanta-us,2,Osmanthus fragrans,species,Sweet olive,0.00014,False
atlanta-us,2,Mosla scabra,species,Mini-shiso,0.00014,False
atlanta-us,2,Ternstroemia gymnanthera,species,Japanese Ternstroemia,0.00014,False
atlanta-us,2,Coleataenia rigidula,species,redtop panicgrass,0.00014,False
atlanta-us,2,Cardamine occulta,species,Nursery bittercress,0.00014,False
atlanta-us,2,Hypericum frondosum,species,cedarglade St. John's Wort,0.00014,False
atlanta-us,2,Cyperus sesquiflorus,species,Fragrant Spikesedge,0.00014,False
atlanta-us,2,Hexasepalum teres,species,rough buttonweed,0.00014,True
atlanta-us,2,Acalypha persimilis,species,hornbeam copperleaf,0.00014,False
atlanta-us,2,Chevreulia acuminata,species,Chevreul's sharp lawn-weed,0.00014,False
atlanta-us,2,Eriocapitella japonica,species,Japanese anemone,0.00014,False
atlanta-us,2,Pontederia crassipes,species,common water hyacinth,0.00014,True
atlanta-us,2,Luffa aegyptiaca,species,Sponge Gourd,0.00014,False
atlanta-us,2,Asarum reflexum,species,Reflexed Wild Ginger,0.00014,False
atlanta-us,2,Erianthus alopecuroides,species,woolly beardgrass,0.00014,False
atlanta-us,1,Populus alba,species,white poplar,7e-05,True
atlanta-us,1,Asclepias amplexicaulis,species,clasping milkweed,7e-05,True
atlanta-us,1,Tricyrtis hirta,species,Hairy Toad Lily,7e-05,False
atlanta-us,1,Prunus americana,species,American plum,7e-05,True
atlanta-us,1,Spiraea tomentosa,species,Steeplebush,7e-05,True
atlanta-us,1,Lantana camara,species,common lantana,7e-05,True
atlanta-us,1,Sanguinaria canadensis,species,bloodroot,7e-05,True
atlanta-us,1,Nymphaea odorata,species,American white waterlily,7e-05,True
atlanta-us,1,Wisteria frutescens,species,American wisteria,7e-05,False
atlanta-us,1,Digitaria sanguinalis,species,Hairy Crabgrass,7e-05,True
atlanta-us,1,Physalis peruviana,species,Cape gooseberry,7e-05,True
atlanta-us,1,Toxicodendron pubescens,species,Atlantic poison oak,7e-05,False
atlanta-us,1,Borago officinalis,species,Borage,7e-05,True
atlanta-us,1,Amaranthus blitum,species,purple amaranth,7e-05,False
atlanta-us,1,Platanthera clavellata,species,small green wood orchid,7e-05,True
atlanta-us,1,Cerastium glomeratum,species,Sticky mouse-ear chickweed,7e-05,True
atlanta-us,1,Geranium molle,species,Dove's-foot crane's-bill,7e-05,True
atlanta-us,1,Lactuca serriola,species,prickly lettuce,7e-05,True
atlanta-us,1,Sonchus oleraceus,species,Common Sow-thistle,7e-05,True
atlanta-us,1,Stellaria media,species,common chickweed,7e-05,True
atlanta-us,1,Vicia sativa,species,Common Vetch,7e-05,True
atlanta-us,1,Brickellia eupatorioides,species,False Boneset,7e-05,True
atlanta-us,1,Ilex aquifolium,species,European holly,7e-05,True
atlanta-us,1,Solanum tuberosum,species,potato,7e-05,True
atlanta-us,1,Styphnolobium japonicum,species,Japanese pagoda tree,7e-05,False
atlanta-us,1,Tropaeolum majus,species,garden nasturtium,7e-05,True
atlanta-us,1,Corylus avellana,species,common hazel,7e-05,True
atlanta-us,1,Tanacetum parthenium,species,feverfew,7e-05,True
atlanta-us,1,Acer platanoides,species,Norway maple,7e-05,True
atlanta-us,1,Toxicodendron vernix,species,poison sumac,7e-05,True
atlanta-us,1,Cornus foemina,species,Stiff Dogwood,7e-05,False
atlanta-us,1,Carya cordiformis,species,bitternut hickory,7e-05,True
atlanta-us,1,Lunularia cruciata,species,Crescent-cup liverwort,7e-05,True
atlanta-us,1,Veronica arvensis,species,corn speedwell,7e-05,True
atlanta-us,1,Helleborus foetidus,species,Stinking hellebore,7e-05,True
atlanta-us,1,Lunaria annua,species,Annual Honesty,7e-05,True
atlanta-us,1,Veronica hederifolia,species,Ivy-leaved Speedwell,7e-05,True
atlanta-us,1,Galinsoga quadriradiata,species,shaggy soldier,7e-05,True
atlanta-us,1,Asarum canadense,species,Canadian wild ginger,7e-05,True
atlanta-us,1,Torilis arvensis,species,common hedge parsley,7e-05,True
atlanta-us,1,Vicia faba,species,fava bean,7e-05,False
atlanta-us,1,Amorpha fruticosa,species,false indigo bush,7e-05,True
atlanta-us,1,Salix babylonica,species,weeping willow,7e-05,True
atlanta-us,1,Datura wrightii,species,Sacred Datura,7e-05,True
atlanta-us,1,Sorghum bicolor,species,Sorghum,7e-05,False
atlanta-us,1,Berberis thunbergii,species,Japanese barberry,7e-05,True
atlanta-us,1,Hydrocotyle umbellata,species,manyflower marshpennywort,7e-05,True
atlanta-us,1,Apocynum cannabinum,species,hemp dogbane,7e-05,True
atlanta-us,1,Erigeron pulchellus,species,robin's-plantain,7e-05,True
atlanta-us,1,Axonopus fissifolius,species,narrow-leaved carpetgrass,7e-05,False
atlanta-us,1,Oenanthe sarmentosa,species,water parsley,7e-05,True
atlanta-us,1,Ludwigia peploides,species,floating primrose-willow,7e-05,True
atlanta-us,1,Asparagus officinalis,species,wild asparagus,7e-05,True
atlanta-us,1,Paspalum dilatatum,species,Dallis grass,7e-05,True
atlanta-us,1,Gamochaeta purpurea,species,Purple Cudweed,7e-05,False
atlanta-us,1,Lepidium didymum,species,Lesser swine-cress,7e-05,True
atlanta-us,1,Cirsium discolor,species,field thistle,7e-05,True
atlanta-us,1,Prunus laurocerasus,species,Cherry laurel,7e-05,True
atlanta-us,1,Lobelia inflata,species,Indian tobacco,7e-05,True
atlanta-us,1,Mentha spicata,species,spearmint,7e-05,True
atlanta-us,1,Actaea pachypoda,species,white baneberry,7e-05,True
atlanta-us,1,Adiantum capillus-veneris,species,black maidenhair fern,7e-05,True
atlanta-us,1,Arundo donax,species,giant reed,7e-05,True
atlanta-us,1,Agave americana,species,American century plant,7e-05,True
atlanta-us,1,Leersia oryzoides,species,rice cutgrass,7e-05,True
atlanta-us,1,Pentas lanceolata,species,Egyptian Star-cluster,7e-05,False
atlanta-us,1,Platanthera flava,species,pale green orchid,7e-05,False
atlanta-us,1,Metasequoia glyptostroboides,species,dawn redwood,7e-05,False
atlanta-us,1,Houstonia caerulea,species,azure bluet,7e-05,True
atlanta-us,1,Quercus laurifolia,species,swamp laurel oak,7e-05,False
atlanta-us,1,Alternanthera philoxeroides,species,Alligatorweed,7e-05,True
atlanta-us,1,Asclepias curassavica,species,tropical milkweed,7e-05,True
atlanta-us,1,Bidens laevis,species,Smooth Beggarticks,7e-05,False
atlanta-us,1,Bouteloua curtipendula,species,sideoats grama,7e-05,True
atlanta-us,1,Brasenia schreberi,species,Watershield,7e-05,True
atlanta-us,1,Cabomba caroliniana,species,Carolina Fanwort,7e-05,False
atlanta-us,1,Carduus nutans,species,musk thistle,7e-05,True
atlanta-us,1,Coreopsis lanceolata,species,Lance-leaved Coreopsis,7e-05,True
atlanta-us,1,Cucumis melo,species,Muskmelon,7e-05,False
atlanta-us,1,Cyperus iria,species,Rice flat-sedge,7e-05,False
atlanta-us,1,Echinochloa colona,species,Jungle Rice,7e-05,False
atlanta-us,1,Erigeron bonariensis,species,Flax-leaved Horseweed,7e-05,True
atlanta-us,1,Erigeron sumatrensis,species,tropical horseweed,7e-05,True
atlanta-us,1,Euphorbia dentata,species,green poinsettia,7e-05,True
atlanta-us,1,Fragaria virginiana,species,Virginia strawberry,7e-05,True
atlanta-us,1,Gossypium hirsutum,species,Upland Cotton,7e-05,True
atlanta-us,1,Hydrilla verticillata,species,Hydrilla,7e-05,False
atlanta-us,1,Lepidium virginicum,species,Virginia pepperweed,7e-05,True
atlanta-us,1,Ligustrum ovalifolium,species,garden privet,7e-05,False
atlanta-us,1,Nicandra physalodes,species,apple-of-Peru,7e-05,True
atlanta-us,1,Nicotiana sylvestris,species,Woodland Tobacco,7e-05,False
atlanta-us,1,Oenothera laciniata,species,cutleaf evening primrose,7e-05,True
atlanta-us,1,Panicum dichotomiflorum,species,Smooth Witchgrass,7e-05,False
atlanta-us,1,Phyllostachys aurea,species,fishpole bamboo,7e-05,False
atlanta-us,1,Physalis pubescens,species,hairy groundcherry,7e-05,False
atlanta-us,1,Pistia stratiotes,species,Water Lettuce,7e-05,True
atlanta-us,1,Rotala ramosior,species,Toothcup,7e-05,False
atlanta-us,1,Salpichroa origanifolia,species,Cock's-eggs,7e-05,False
atlanta-us,1,Senna marilandica,species,Maryland senna,7e-05,True
atlanta-us,1,Setaria parviflora,species,knotroot bristlegrass,7e-05,True
atlanta-us,1,Setaria viridis,species,Green Bristle Grass,7e-05,True
atlanta-us,1,Stenotaphrum secundatum,species,Saint Augustine grass,7e-05,True
atlanta-us,1,Tripleurospermum inodorum,species,scentless mayweed,7e-05,True
atlanta-us,1,Wolffia globosa,species,Asian watermeal,7e-05,False
atlanta-us,1,Aesculus pavia,species,Red Buckeye,7e-05,True
atlanta-us,1,Oxalis violacea,species,violet woodsorrel,7e-05,True
atlanta-us,1,Hypoxis hirsuta,species,yellow star grass,7e-05,True
atlanta-us,1,Viburnum rufidulum,species,Rusty Blackhaw,7e-05,True
atlanta-us,1,Baptisia tinctoria,species,eastern wild indigo,7e-05,True
atlanta-us,1,Viburnum dentatum,species,southern arrowwood,7e-05,True
atlanta-us,1,Hibiscus moscheutos,species,swamp rose mallow,7e-05,True
atlanta-us,1,Galium circaezans,species,licorice bedstraw,7e-05,True
atlanta-us,1,Viola pedata,species,bird's foot violet,7e-05,True
atlanta-us,1,Vitis palmata,species,catbird grape,7e-05,False
atlanta-us,1,Iris cristata,species,dwarf crested iris,7e-05,True
atlanta-us,1,Camellia japonica,species,Japanese camellia,7e-05,False
atlanta-us,1,Rosa laevigata,species,Three-leaved Rose,7e-05,False
atlanta-us,1,Solidago gigantea,species,giant goldenrod,7e-05,True
atlanta-us,1,Epigaea repens,species,trailing arbutus,7e-05,True
atlanta-us,1,Parthenium integrifolium,species,wild quinine,7e-05,True
atlanta-us,1,Helianthus divaricatus,species,woodland sunflower,7e-05,True
atlanta-us,1,Helenium flexuosum,species,Southern Sneezeweed,7e-05,True
atlanta-us,1,Rubus phoenicolasius,species,wineberry,7e-05,True
atlanta-us,1,Arisaema dracontium,species,green dragon,7e-05,True
atlanta-us,1,Manfreda virginica,species,Eastern False Aloe,7e-05,True
atlanta-us,1,Calyptocarpus vialis,species,straggler daisy,7e-05,True
atlanta-us,1,Monarda fistulosa,species,wild bergamot,7e-05,True
atlanta-us,1,Geum canadense,species,white avens,7e-05,True
atlanta-us,1,Polymnia canadensis,species,leafcup,7e-05,True
atlanta-us,1,Phryma leptostachya,species,American lopseed,7e-05,True
atlanta-us,1,Panax quinquefolius,species,American ginseng,7e-05,True
atlanta-us,1,Liatris spicata,species,dense blazing star,7e-05,True
atlanta-us,1,Sedum sarmentosum,species,Stringy Stonecrop,7e-05,False
atlanta-us,1,Stenanthium gramineum,species,featherbells,7e-05,False
atlanta-us,1,Helianthus microcephalus,species,Small Woodland Sunflower,7e-05,False
atlanta-us,1,Lonicera sempervirens,species,coral honeysuckle,7e-05,True
atlanta-us,1,Antennaria plantaginifolia,species,plantain-leaved pussytoes,7e-05,False
atlanta-us,1,Gentianella quinquefolia,species,agueweed,7e-05,False
atlanta-us,1,Spiranthes lacera,species,Slender Ladies' Tresses,7e-05,True
atlanta-us,1,Andropogon gerardi,species,big bluestem,7e-05,True
atlanta-us,1,Woodsia obtusa,species,blunt woodsia,7e-05,True
atlanta-us,1,Allium tuberosum,species,Garlic Chives,7e-05,False
atlanta-us,1,Pyrus pyrifolia,species,Asian Pear,7e-05,False
atlanta-us,1,Phlox drummondii,species,Drummond's phlox,7e-05,True
atlanta-us,1,Akebia quinata,species,Five-leaf akebia,7e-05,False
atlanta-us,1,Rhexia mariana,species,Maryland meadowbeauty,7e-05,True
atlanta-us,1,Stachys floridana,species,Florida Hedgenettle,7e-05,True
atlanta-us,1,Camellia sasanqua,species,sasanqua camellia,7e-05,False
atlanta-us,1,Helleborus orientalis,species,Lenten-rose,7e-05,False
atlanta-us,1,Pycnanthemum muticum,species,Clustered Mountainmint,7e-05,False
atlanta-us,1,Elymus virginicus,species,Virginia wildrye,7e-05,True
atlanta-us,1,Pycnanthemum tenuifolium,species,narrowleaf mountainmint,7e-05,True
atlanta-us,1,Brugmansia arborea,species,Angel's Trumpet,7e-05,False
atlanta-us,1,Pieris japonica,species,Japanese andromeda,7e-05,False
atlanta-us,1,Rhodotypos scandens,species,jetbead,7e-05,True
atlanta-us,1,Carex grayi,species,Gray's sedge,7e-05,True
atlanta-us,1,Gomphrena globosa,species,Globe amaranth,7e-05,False
atlanta-us,1,Cornus kousa,species,kousa dogwood,7e-05,False
atlanta-us,1,Viburnum rhytidophyllum,species,Leatherleaf viburnum,7e-05,True
atlanta-us,1,Prunus mexicana,species,Mexican Plum,7e-05,True
atlanta-us,1,Parnassia asarifolia,species,Kidney-leaved Grass of Parnassus,7e-05,False
atlanta-us,1,Croton glandulosus,species,Tropic Croton,7e-05,True
atlanta-us,1,Silene stellata,species,starry campion,7e-05,True
atlanta-us,1,Cryptotaenia canadensis,species,honewort,7e-05,True
atlanta-us,1,Ceanothus americanus,species,New Jersey tea,7e-05,True
atlanta-us,1,Vernonia acaulis,species,Stemless Ironweed,7e-05,False
atlanta-us,1,Ilex glabra,species,gallberry,7e-05,True
atlanta-us,1,Leersia virginica,species,white grass,7e-05,False
atlanta-us,1,Hyptis mutabilis,species,Tropical Bushmint,7e-05,False
atlanta-us,1,Osmorhiza longistylis,species,aniseroot,7e-05,True
atlanta-us,1,Pycnanthemum albescens,species,Whiteleaf Mountain Mint,7e-05,False
atlanta-us,1,Rhexia virginica,species,Virginia meadowbeauty,7e-05,True
atlanta-us,1,Lespedeza repens,species,creeping lespedeza,7e-05,False
atlanta-us,1,Nephrolepis exaltata,species,southern sword fern,7e-05,False
atlanta-us,1,Carex aureolensis,species,golden cattail sedge,7e-05,False
atlanta-us,1,Tradescantia virginiana,species,Virginia spiderwort,7e-05,True
atlanta-us,1,Coreopsis leavenworthii,species,Leavenworth's Tickseed,7e-05,False
atlanta-us,1,Ilex crenata,species,Japanese holly,7e-05,False
atlanta-us,1,Nyssa biflora,species,Swamp tupelo,7e-05,False
atlanta-us,1,Portulaca pilosa,species,shaggy portulaca,7e-05,True
atlanta-us,1,Yucca aloifolia,species,Aloe Yucca,7e-05,False
atlanta-us,1,Scutellaria elliptica,species,Hairy Skullcap,7e-05,False
atlanta-us,1,Carex cherokeensis,species,Cherokee sedge,7e-05,True
atlanta-us,1,Galium tinctorium,species,Stiff Marsh Bedstraw,7e-05,False
atlanta-us,1,Cynanchum laeve,species,honey-vine climbing milkweed,7e-05,True
atlanta-us,1,Lespedeza hirta,species,hairy lespedeza,7e-05,False
atlanta-us,1,Leonotis nepetifolia,species,lion's ear,7e-05,True
atlanta-us,1,Crataegus phaenopyrum,species,Washington hawthorn,7e-05,False
atlanta-us,1,Viburnum rafinesqueanum,species,downy arrowwood,7e-05,False
atlanta-us,1,Salvia splendens,species,Scarlet Sage,7e-05,False
atlanta-us,1,Ageratum conyzoides,species,billygoat weed,7e-05,True
atlanta-us,1,Kummerowia stipulacea,species,Korean bushclover,7e-05,False
atlanta-us,1,Magnolia kobus,species,Kobus magnolia,7e-05,False
atlanta-us,1,Galium pilosum,species,Hairy bedstraw,7e-05,False
atlanta-us,1,Ruta graveolens,species,Rue,7e-05,False
atlanta-us,1,Aureolaria pectinata,species,Combleaf Yellow False Foxglove,7e-05,False
atlanta-us,1,Salvia elegans,species,Pineapple Sage,7e-05,False
atlanta-us,1,Symphyotrichum cordifolium,species,Common Blue Wood Aster,7e-05,True
atlanta-us,1,Pycnanthemum virginianum,species,Virginia mountain mint,7e-05,True
atlanta-us,1,Smilax herbacea,species,smooth carrionflower,7e-05,True
atlanta-us,1,Cunila origanoides,species,common dittany,7e-05,True
atlanta-us,1,Xanthosoma sagittifolium,species,Arrowleaf Elephant's Ear,7e-05,False
atlanta-us,1,Aesculus parviflora,species,bottlebrush buckeye,7e-05,False
atlanta-us,1,Agalinis gattingeri,species,Round-stem False Foxglove,7e-05,False
atlanta-us,1,Agarista populifolia,species,Florida hobblebush,7e-05,False
atlanta-us,1,Arachniodes simplicior,species,East Indian holly fern,7e-05,False
atlanta-us,1,Ardisia japonica,species,Japanese ardisia,7e-05,False
atlanta-us,1,Arundinaria appalachiana,species,hill cane,7e-05,False
atlanta-us,1,Campanulastrum americanum,species,tall bellflower,7e-05,True
atlanta-us,1,Carex nigromarginata,species,Black-edge Sedge,7e-05,False
atlanta-us,1,Celosia argentea,species,Quail Grass,7e-05,True
atlanta-us,1,Centratherum punctatum,species,Brazilian bachelor's button,7e-05,False
atlanta-us,1,Ceratostigma plumbaginoides,species,blue leadwort,7e-05,False
atlanta-us,1,Cestrum aurantiacum,species,orange cestrum,7e-05,False
atlanta-us,1,Chaenomeles speciosa,species,Chinese quince,7e-05,False
atlanta-us,1,Clitoria ternatea,species,Blue Pea,7e-05,True
atlanta-us,1,Coreopsis pubescens,species,Star Tickseed,7e-05,False
atlanta-us,1,Cuphea carthagenensis,species,Colombian waxweed,7e-05,True
atlanta-us,1,Cyperus compressus,species,Poorland Flatsedge,7e-05,False
atlanta-us,1,Desmodium laevigatum,species,Smooth Ticktrefoil,7e-05,False
atlanta-us,1,Dryopteris celsa,species,log fern,7e-05,False
atlanta-us,1,Dryopteris ludoviciana,species,southern wood fern,7e-05,False
atlanta-us,1,Dumortiera hirsuta,species,Dumortier's Liverwort,7e-05,False
atlanta-us,1,Eurybia avita,species,Alexander's rock aster,7e-05,False
atlanta-us,1,Eurybia jonesiae,species,Jones' aster,7e-05,False
atlanta-us,1,Facelis retusa,species,Annual Trampweed,7e-05,False
atlanta-us,1,Forestiera ligustrina,species,Southern Glade Forestiera,7e-05,False
atlanta-us,1,Forsstroemia trichomitria,species,fan moss,7e-05,False
atlanta-us,1,Gratiola virginiana,species,Virginia hedge-hyssop,7e-05,False
atlanta-us,1,Halesia diptera,species,Two-wing Silverbell,7e-05,False
atlanta-us,1,Helianthus atrorubens,species,Purpledisk Sunflower,7e-05,False
atlanta-us,1,Helianthus occidentalis,species,fewleaf sunflower,7e-05,True
atlanta-us,1,Helianthus simulans,species,Muck Sunflower,7e-05,False
atlanta-us,1,Hylotelephium erythrostictum,species,garden stonecrop,7e-05,False
atlanta-us,1,Illicium parviflorum,species,Yellow Anise,7e-05,False
atlanta-us,1,Ipomoea alba,species,Moonflower,7e-05,True
atlanta-us,1,Iris verna,species,Dwarf Iris,7e-05,True
atlanta-us,1,Jasminum mesnyi,species,Primrose jasmine,7e-05,False
atlanta-us,1,Juncus repens,species,Creeping Rush,7e-05,False
atlanta-us,1,Lespedeza stuevei,species,tall bush-clover,7e-05,False
atlanta-us,1,Leucodon julaceus,species,smooth hook moss,7e-05,False
atlanta-us,1,Leucospora multifida,species,Obi-Wan conobea,7e-05,True
atlanta-us,1,Ludwigia octovalvis,species,Mexican Primrose-willow,7e-05,True
atlanta-us,1,Lycopus rubellus,species,taperleaf waterhorehound,7e-05,False
atlanta-us,1,Malus angustifolia,species,southern crabapple,7e-05,False
atlanta-us,1,Malus baccata,species,Siberian crabapple,7e-05,False
atlanta-us,1,Metzgeria furcata,species,Forked Veilwort,7e-05,False
atlanta-us,1,Mitracarpus hirtus,species,Tropical Girdlepod,7e-05,False
atlanta-us,1,Muhlenbergia capillaris,species,Hairawn Muhly,7e-05,False
atlanta-us,1,Murdannia nudiflora,species,Nakedstem Dewflower,7e-05,False
atlanta-us,1,Nyssa ogeche,species,White Tupelo,7e-05,False
atlanta-us,1,Parthenocissus tricuspidata,species,Japanese creeper,7e-05,True
atlanta-us,1,Paspalum notatum,species,Bahia grass,7e-05,True
atlanta-us,1,Phlox carolina,species,thickleaf phlox,7e-05,False
atlanta-us,1,Phyllostachys aureosulcata,species,Yellow groove bamboo,7e-05,False
atlanta-us,1,Piptochaetium avenaceum,species,Blackseed Needlegrass,7e-05,False
atlanta-us,1,Psilotum nudum,species,skeleton fork fern,7e-05,True
atlanta-us,1,Pyrularia pubera,species,Buffalo-nut,7e-05,False
atlanta-us,1,Quercus oglethorpensis,species,Oglethorpe Oak,7e-05,False
atlanta-us,1,Rhodobryum ontariense,species,Ontario rhodobryum moss,7e-05,True
atlanta-us,1,Rhynchospora glomerata,species,Clustered Beaksedge,7e-05,False
atlanta-us,1,Richardia brasiliensis,species,Tropical Mexican Clover,7e-05,False
atlanta-us,1,Rubus probabilis,species,,7e-05,False
atlanta-us,1,Salvia microphylla,species,Baby Sage,7e-05,True
atlanta-us,1,Scirpus polyphyllus,species,leafy bulrush,7e-05,False
atlanta-us,1,Sideroxylon lycioides,species,Buckthorn Bully,7e-05,False
atlanta-us,1,Smilax laurifolia,species,laurel-leaf greenbrier,7e-05,True
atlanta-us,1,Smilax walteri,species,Coral Greenbrier,7e-05,False
atlanta-us,1,Solidago flaccidifolia,species,Mountain Goldenrod,7e-05,False
atlanta-us,1,Sporobolus junceus,species,Pineywoods Dropseed,7e-05,False
atlanta-us,1,Symphyotrichum retroflexum,species,Rigid Whitetop Aster,7e-05,False
atlanta-us,1,Thalia dealbata,species,Powdery thalia,7e-05,False
atlanta-us,1,Tithonia rotundifolia,species,Red Sunflower,7e-05,False
atlanta-us,1,Tragia urticifolia,species,Nettleleaf Noseburn,7e-05,False
atlanta-us,1,Trichostema setaceum,species,narrow-leaf blue curls,7e-05,False
atlanta-us,1,Viburnum dilatatum,species,linden viburnum,7e-05,False
atlanta-us,1,Viburnum recognitum,species,northern arrowwood,7e-05,False
atlanta-us,1,Vitex agnus-castus,species,Lilac chaste tree,7e-05,True
atlanta-us,1,Rhaphiolepis indica,species,Indian Hawthorn,7e-05,True
atlanta-us,1,Hepatica acutiloba,species,sharp-lobed hepatica,7e-05,True
atlanta-us,1,Euphorbia nutans,species,nodding spurge,7e-05,True
atlanta-us,1,Ophiopogon japonicus,species,Dwarf Lily-turf,7e-05,False
atlanta-us,1,Coleataenia anceps,species,beaked panicum,7e-05,False
atlanta-us,1,Marsilea minuta,species,,7e-05,False
atlanta-us,1,Micranthes virginiensis,species,Virginia saxifrage,7e-05,True
atlanta-us,1,Eupatorium pubescens,species,roundleaf thoroughwort,7e-05,False
atlanta-us,1,Dendrolycopodium obscurum,species,flat-branched tree-clubmoss,7e-05,True
atlanta-us,1,Bidens polylepis,species,Tickseed Sunflower,7e-05,False
atlanta-us,1,Ligusticum canadense,species,American lovage,7e-05,False
atlanta-us,1,Sisyrinchium micranthum,species,Blue Pigroot,7e-05,False
atlanta-us,1,Fraxinus biltmoreana,species,Biltmore Ash,7e-05,False
atlanta-us,1,Hypochaeris chillensis,species,Brazilian Cat's-ear,7e-05,False
atlanta-us,1,Acer buergerianum,species,Trident maple,7e-05,False
atlanta-us,1,Dryopteris cycadina,species,Black wood fern,7e-05,False
atlanta-us,1,Maranta leuconeura,species,Prayer plant,7e-05,False
atlanta-us,1,Marsilea mutica,species,Nardoo,7e-05,False
atlanta-us,1,Lobelia georgiana,species,Southern Lobelia,7e-05,False
atlanta-us,1,Sedum tetractinum,species,,7e-05,False
atlanta-us,1,Forsythia koreana,species,Korean goldenbell tree,7e-05,False
atlanta-us,1,Potentilla hebiichigo,species,Lesser Mock-strawberry,7e-05,False
atlanta-us,1,Malus domestica,species,apple,7e-05,True
atlanta-us,1,Myriopteris lanosa,species,Hairy Lip Fern,7e-05,False
atlanta-us,1,Danae racemosa,species,Alexandrian Laurel,7e-05,False
atlanta-us,1,Xanthium orientale,species,common cocklebur,7e-05,True
atlanta-us,1,Agastache rugosa,species,Korean Mint,7e-05,False
atlanta-us,1,Callianthe picta,species,Redvein Abutilon,7e-05,False
atlanta-us,1,Acmella oleracea,species,toothache plant,7e-05,False
atlanta-us,1,Arundinaria tecta,species,switch cane,7e-05,False
atlanta-us,1,Andersonglossum virginianum,species,wild comfrey,7e-05,True
atlanta-us,1,Cyperus hortensis,species,low spikesedge,7e-05,False
atlanta-us,1,Gratiola amphiantha,species,little amphianthus,7e-05,False
atlanta-us,1,Colocasia fontanesii,species,Blackstem Taro,7e-05,False
atlanta-us,1,Eupatorium linearifolium,species,Narrowleaf Bushy Thoroughwort,7e-05,False
atlanta-us,1,Youngia thunbergiana,species,Tall false hawksbeard,7e-05,False
atlanta-us,1,Berberis fortunei,species,Chinese mahonia,7e-05,False
atlanta-us,1,Pseudanomodon attenuatus,species,tree-skirt moss,7e-05,False
atlanta-us,1,Phedimus ellacombeanus,species,yellow stonecrop,7e-05,False
atlanta-us,1,Feijoa sellowiana,species,Feijoa,7e-05,False
atlanta-us,1,Viola communis,species,dooryard violet,7e-05,False
atlanta-us,1,Polystichum polyblepharon,species,Japanese tassel fern,7e-05,False
atlanta-us,1,Anatherum glomeratum,species,Bushy Bluestem,7e-05,False
atlanta-us,1,Anatherum gyrans,species,Elliott's Bluestem,7e-05,False
atlanta-us,1,Anacis verticillata,species,Threadleaf Coreopsis,7e-05,False
tbilisi-georgia,87,Crocus speciosus,species,Bieberstein's Crocus,0.091004,False
tbilisi-georgia,45,Paliurus spina-christi,species,Jerusalem Thorn,0.047071,True
tbilisi-georgia,32,Acer campestre,species,field maple,0.033473,True
tbilisi-georgia,32,Cotinus coggygria,species,Smokebush,0.033473,True
tbilisi-georgia,25,Ligustrum lucidum,species,tree privet,0.026151,True
tbilisi-georgia,25,Chrysojasminum fruticans,species,Wild Jasmine,0.026151,False
tbilisi-georgia,22,Laurus nobilis,species,Bay laurel,0.023013,True
tbilisi-georgia,14,Koelreuteria paniculata,species,golden rain tree,0.014644,True
tbilisi-georgia,14,Juniperus excelsa,species,Greek juniper,0.014644,False
tbilisi-georgia,12,Maclura pomifera,species,Osage-orange,0.012552,True
tbilisi-georgia,12,Hyssopus officinalis,species,Hyssop,0.012552,False
tbilisi-georgia,11,Ailanthus altissima,species,tree-of-heaven,0.011506,True
tbilisi-georgia,11,Juniperus communis,species,common juniper,0.011506,True
tbilisi-georgia,10,Asplenium trichomanes,species,maidenhair spleenwort,0.01046,True
tbilisi-georgia,10,Carpinus orientalis,species,Eastern Hornbeam,0.01046,False
tbilisi-georgia,10,Hylotelephium caucasicum,species,,0.01046,False
tbilisi-georgia,9,Zygophyllum fabago,species,Syrian bean-caper,0.009414,False
tbilisi-georgia,9,Campanula alliariifolia,species,Cornish Bellflower,0.009414,False
tbilisi-georgia,8,Cyclamen coum,species,Eastern Sowbread,0.008368,False
tbilisi-georgia,8,Hedera helix,species,common ivy,0.008368,True
tbilisi-georgia,8,Pyracantha coccinea,species,Firethorn,0.008368,True
tbilisi-georgia,7,Punica granatum,species,pomegranate,0.007322,True
tbilisi-georgia,7,Ecballium elaterium,species,squirting cucumber,0.007322,True
tbilisi-georgia,7,Fagus orientalis,species,Oriental Beech,0.007322,False
tbilisi-georgia,7,Colchicum speciosum,species,Giant Meadow Saffron,0.007322,False
tbilisi-georgia,6,Ficus carica,species,common fig,0.006276,True
tbilisi-georgia,6,Cercis siliquastrum,species,Judas-tree,0.006276,False
tbilisi-georgia,6,Galatella linosyris,species,Goldilocks Aster,0.006276,False
tbilisi-georgia,6,Crataegus germanica,species,Medlar,0.006276,False
tbilisi-georgia,5,Silybum marianum,species,milk thistle,0.00523,True
tbilisi-georgia,5,Carpinus betulus,species,European Hornbeam,0.00523,True
tbilisi-georgia,5,Euonymus europaeus,species,Spindle,0.00523,True
tbilisi-georgia,5,Datura stramonium,species,jimsonweed,0.00523,True
tbilisi-georgia,5,Echium vulgare,species,viper's-bugloss,0.00523,True
tbilisi-georgia,5,Sorghum halepense,species,Johnson grass,0.00523,True
tbilisi-georgia,5,Ajuga chamaepitys,species,Ground-pine,0.00523,True
tbilisi-georgia,5,Bothriochloa ischaemum,species,King Ranch bluestem,0.00523,True
tbilisi-georgia,5,Salvia verticillata,species,Whorled Clary,0.00523,True
tbilisi-georgia,5,Buxus colchica,species,,0.00523,False
tbilisi-georgia,5,Acer cappadocicum,species,Cappadocian Maple,0.00523,False
tbilisi-georgia,5,Ilex colchica,species,Black Sea Holly,0.00523,False
tbilisi-georgia,5,Alcea rugosa,species,Russian Hollyhock,0.00523,False
tbilisi-georgia,5,Alkekengi officinarum,species,Japanese-lantern,0.00523,True
tbilisi-georgia,4,Spartium junceum,species,Spanish Broom,0.004184,True
tbilisi-georgia,4,Populus alba,species,white poplar,0.004184,True
tbilisi-georgia,4,Trifolium pratense,species,Red Clover,0.004184,True
tbilisi-georgia,4,Cichorium intybus,species,chicory,0.004184,True
tbilisi-georgia,4,Styphnolobium japonicum,species,Japanese pagoda tree,0.004184,False
tbilisi-georgia,4,Gleditsia triacanthos,species,honey locust,0.004184,True
tbilisi-georgia,4,Lamium album,species,White deadnettle,0.004184,True
tbilisi-georgia,4,Viscum album,species,European mistletoe,0.004184,True
tbilisi-georgia,4,Xanthium spinosum,species,spiny cocklebur,0.004184,True
tbilisi-georgia,4,Adiantum capillus-veneris,species,black maidenhair fern,0.004184,True
tbilisi-georgia,4,Berberis vulgaris,species,European barberry,0.004184,True
tbilisi-georgia,4,Solanum nigrum,species,black nightshade,0.004184,True
tbilisi-georgia,4,Ruscus aculeatus,species,butcher's-broom,0.004184,True
tbilisi-georgia,4,Helianthemum nummularium,species,Common Rock-rose,0.004184,True
tbilisi-georgia,4,Ligustrum vulgare,species,Common Privet,0.004184,True
tbilisi-georgia,4,Scabiosa ochroleuca,species,Cream Scabious,0.004184,True
tbilisi-georgia,4,Euonymus latifolius,species,Large-leaved Spindle,0.004184,False
tbilisi-georgia,4,Limonium meyeri,species,,0.004184,False
tbilisi-georgia,4,Galatella villosa,species,,0.004184,False
tbilisi-georgia,4,Opuntia cymochila,species,Grassland Pricklypear,0.004184,False
tbilisi-georgia,4,Torminalis glaberrima,species,Wild Service-tree,0.004184,False
tbilisi-georgia,4,Rubus creticus,species,Holy Bramble,0.004184,False
tbilisi-georgia,3,Ipomoea purpurea,species,common morning-glory,0.003138,True
tbilisi-georgia,3,Geranium robertianum,species,Herb Robert,0.003138,True
tbilisi-georgia,3,Cynodon dactylon,species,Bermuda grass,0.003138,True
tbilisi-georgia,3,Helminthotheca echioides,species,bristly oxtongue,0.003138,True
tbilisi-georgia,3,Phragmites australis,species,common reed,0.003138,True
tbilisi-georgia,3,Elaeagnus umbellata,species,autumn olive,0.003138,True
tbilisi-georgia,3,Heliotropium europaeum,species,European heliotrope,0.003138,True
tbilisi-georgia,3,Acer monspessulanum,species,Montpellier Maple,0.003138,False
tbilisi-georgia,3,Scabiosa columbaria,species,Small Scabious,0.003138,True
tbilisi-georgia,3,Salvia glutinosa,species,Sticky Sage,0.003138,True
tbilisi-georgia,3,Linum austriacum,species,Austrian Flax,0.003138,False
tbilisi-georgia,3,Plumbago europaea,species,common leadwort,0.003138,False
tbilisi-georgia,3,Leucodon sciuroides,species,squirrel-tail moss,0.003138,False
tbilisi-georgia,3,Viola alba,species,White Violet,0.003138,False
tbilisi-georgia,3,Acer hyrcanum,species,Balkan Maple,0.003138,False
tbilisi-georgia,3,Dianthus orientalis,species,,0.003138,False
tbilisi-georgia,3,Salvia rosmarinus,species,Rosemary,0.003138,True
tbilisi-georgia,3,Astragalus microcephalus,species,,0.003138,False
tbilisi-georgia,3,Rhamnus erythroxyloides,species,Pallas' Buckthorn,0.003138,False
tbilisi-georgia,3,Delphinium consolida,species,Forking Larkspur,0.003138,False
tbilisi-georgia,2,Taxus baccata,species,common yew,0.002092,True
tbilisi-georgia,2,Acer negundo,species,box elder,0.002092,True
tbilisi-georgia,2,Mirabilis jalapa,species,marvel of Peru,0.002092,True
tbilisi-georgia,2,Prunella vulgaris,species,common selfheal,0.002092,True
tbilisi-georgia,2,Oxalis corniculata,species,Creeping Woodsorrel,0.002092,True
tbilisi-georgia,2,Rhamnus cathartica,species,common buckthorn,0.002092,True
tbilisi-georgia,2,Teucrium chamaedrys,species,Wall germander,0.002092,True
tbilisi-georgia,2,Agrimonia eupatoria,species,common agrimony,0.002092,True
tbilisi-georgia,2,Viburnum opulus,species,guelder-rose,0.002092,True
tbilisi-georgia,2,Malva sylvestris,species,Common Mallow,0.002092,True
tbilisi-georgia,2,Verbena officinalis,species,Common vervain,0.002092,True
tbilisi-georgia,2,Parietaria judaica,species,pellitory-of-the-wall,0.002092,True
tbilisi-georgia,2,Centranthus ruber,species,Red Valerian,0.002092,True
tbilisi-georgia,2,Datura wrightii,species,Sacred Datura,0.002092,True
tbilisi-georgia,2,Amaranthus retroflexus,species,Redroot Amaranth,0.002092,True
tbilisi-georgia,2,Asparagus officinalis,species,wild asparagus,0.002092,True
tbilisi-georgia,2,Elaeagnus angustifolia,species,Russian olive,0.002092,True
tbilisi-georgia,2,Agropyron cristatum,species,Crested Wheatgrass,0.002092,True
tbilisi-georgia,2,Asplenium septentrionale,species,northern spleenwort,0.002092,False
tbilisi-georgia,2,Centaurea diffusa,species,diffuse knapweed,0.002092,False
tbilisi-georgia,2,Echinops sphaerocephalus,species,Glandular Globe-thistle,0.002092,True
tbilisi-georgia,2,Euphorbia virgata,species,slender leafy spurge,0.002092,True
tbilisi-georgia,2,Geranium lucidum,species,Shining Crane's-bill,0.002092,True
tbilisi-georgia,2,Hypericum calycinum,species,Rose-of-sharon,0.002092,True
tbilisi-georgia,2,Setaria viridis,species,Green Bristle Grass,0.002092,True
tbilisi-georgia,2,Sisymbrium loeselii,species,False London-rocket,0.002092,True
tbilisi-georgia,2,Dioscorea communis,species,Black Bryony,0.002092,True
tbilisi-georgia,2,Syringa vulgaris,species,common lilac,0.002092,True
tbilisi-georgia,2,Diospyros lotus,species,Date plum,0.002092,False
tbilisi-georgia,2,Saxifraga rotundifolia,species,Round-leaved Saxifrage,0.002092,False
tbilisi-georgia,2,Helleborus orientalis,species,Lenten-rose,0.002092,False
tbilisi-georgia,2,Cornus sanguinea,species,common dogwood,0.002092,True
tbilisi-georgia,2,Abietinella abietina,species,Fir Tamarisk-moss,0.002092,False
tbilisi-georgia,2,Clematis vitalba,species,Old man's beard,0.002092,True
tbilisi-georgia,2,Eryngium campestre,species,Field Eryngo,0.002092,True
tbilisi-georgia,2,Hippophae rhamnoides,species,Sea-buckthorn,0.002092,True
tbilisi-georgia,2,Hyoscyamus niger,species,black henbane,0.002092,True
tbilisi-georgia,2,Nepeta racemosa,species,Eastern Cat-mint,0.002092,False
tbilisi-georgia,2,Opuntia macrorhiza,species,prairie pricklypear,0.002092,True
tbilisi-georgia,2,Portulaca grandiflora,species,moss rose,0.002092,False
tbilisi-georgia,2,Linaria genistifolia,species,Broomleaf Toadflax,0.002092,False
tbilisi-georgia,2,Crataegus pontica,species,,0.002092,False
tbilisi-georgia,2,Lithospermum officinale,species,Common Gromwell,0.002092,True
tbilisi-georgia,2,Convolvulus cantabrica,species,Cantabrican morning glory,0.002092,False
tbilisi-georgia,2,Galatella sedifolia,species,Rhone Aster,0.002092,False
tbilisi-georgia,2,Rubia tinctorum,species,Madder,0.002092,False
tbilisi-georgia,2,Pyrus salicifolia,species,Willow-leaved Pear,0.002092,False
tbilisi-georgia,2,Teucrium polium,species,Felty Germander,0.002092,False
tbilisi-georgia,2,Juniperus deltoides,species,eastern prickly juniper,0.002092,False
tbilisi-georgia,2,Lonicera iberica,species,,0.002092,False
tbilisi-georgia,2,Asparagus verticillatus,species,vining asparagus,0.002092,False
tbilisi-georgia,2,Pulsatilla georgica,species,,0.002092,False
tbilisi-georgia,2,Euphorbia iberica,species,,0.002092,False
tbilisi-georgia,2,Colutea orientalis,species,Blood-spotted Bladder Senna,0.002092,False
tbilisi-georgia,2,Allium rupestre,species,,0.002092,False
tbilisi-georgia,2,Eryngium caeruleum,species,Blue sea holly,0.002092,False
tbilisi-georgia,2,Dryopteris caucasica,species,,0.002092,False
tbilisi-georgia,1,Albizia julibrissin,species,Persian silk tree,0.001046,True
tbilisi-georgia,1,Populus nigra,species,Black Poplar,0.001046,True
tbilisi-georgia,1,Populus tremula,species,European aspen,0.001046,True
tbilisi-georgia,1,Taraxacum officinale,species,common dandelion,0.001046,True
tbilisi-georgia,1,Symphoricarpos albus,species,Common Snowberry,0.001046,True
tbilisi-georgia,1,Phytolacca americana,species,American pokeweed,0.001046,True
tbilisi-georgia,1,Bidens bipinnata,species,Spanish needles,0.001046,True
tbilisi-georgia,1,Crataegus monogyna,species,common hawthorn,0.001046,True
tbilisi-georgia,1,Laburnum anagyroides,species,Common Laburnum,0.001046,True
tbilisi-georgia,1,Urtica dioica,species,great stinging nettle,0.001046,True
tbilisi-georgia,1,Centaurea solstitialis,species,Yellow Star-Thistle,0.001046,True
tbilisi-georgia,1,Hordeum murinum,species,wall barley,0.001046,True
tbilisi-georgia,1,Foeniculum vulgare,species,fennel,0.001046,True
tbilisi-georgia,1,Plantago lanceolata,species,ribwort plantain,0.001046,True
tbilisi-georgia,1,Stellaria media,species,common chickweed,0.001046,True
tbilisi-georgia,1,Cotoneaster pannosus,species,silverleaf cotoneaster,0.001046,False
tbilisi-georgia,1,Melia azedarach,species,Chinaberry,0.001046,True
tbilisi-georgia,1,Cotoneaster horizontalis,species,Wall cotoneaster,0.001046,False
tbilisi-georgia,1,Pyracantha angustifolia,species,Narrowleaf Firethorn,0.001046,False
tbilisi-georgia,1,Lemna minor,species,Common Duckweed,0.001046,True
tbilisi-georgia,1,Silene vulgaris,species,bladder campion,0.001046,True
tbilisi-georgia,1,Cymbalaria muralis,species,Ivy-leaved toadflax,0.001046,True
tbilisi-georgia,1,Sanguisorba minor,species,Salad Burnet,0.001046,True
tbilisi-georgia,1,Prunus spinosa,species,Blackthorn,0.001046,True
tbilisi-georgia,1,Primula veris,species,Cowslip,0.001046,True
tbilisi-georgia,1,Viola odorata,species,Sweet violet,0.001046,True
tbilisi-georgia,1,Cornus mas,species,Cornelian cherry,0.001046,True
tbilisi-georgia,1,Rosa canina,species,Dog-rose,0.001046,True
tbilisi-georgia,1,Lapsana communis,species,nipplewort,0.001046,True
tbilisi-georgia,1,Tamarix ramosissima,species,saltcedar,0.001046,True
tbilisi-georgia,1,Robinia pseudoacacia,species,black locust,0.001046,True
tbilisi-georgia,1,Morus alba,species,white mulberry,0.001046,True
tbilisi-georgia,1,Primula vulgaris,species,Primrose,0.001046,True
tbilisi-georgia,1,Juncus effusus,species,Soft Rush,0.001046,True
tbilisi-georgia,1,Galinsoga quadriradiata,species,shaggy soldier,0.001046,True
tbilisi-georgia,1,Medicago sativa,species,Alfalfa,0.001046,True
tbilisi-georgia,1,Melilotus officinalis,species,Yellow Sweetclover,0.001046,True
tbilisi-georgia,1,Xanthium strumarium,species,rough cocklebur,0.001046,True
tbilisi-georgia,1,Pinus sylvestris,species,Scots pine,0.001046,True
tbilisi-georgia,1,Euphorbia maculata,species,Spotted spurge,0.001046,True
tbilisi-georgia,1,Plantago major,species,greater plantain,0.001046,True
tbilisi-georgia,1,Portulaca oleracea,species,Common Purslane,0.001046,True
tbilisi-georgia,1,Galium humifusum,species,Spreading Bedstraw,0.001046,False
tbilisi-georgia,1,Verbascum blattaria,species,moth mullein,0.001046,True
tbilisi-georgia,1,Sambucus ebulus,species,Dwarf Elder,0.001046,True
tbilisi-georgia,1,Petrorhagia saxifraga,species,Tunicflower,0.001046,False
tbilisi-georgia,1,Cirsium arvense,species,creeping thistle,0.001046,True
tbilisi-georgia,1,Echinochloa crus-galli,species,barnyardgrass,0.001046,True
tbilisi-georgia,1,Artemisia absinthium,species,absinthe wormwood,0.001046,True
tbilisi-georgia,1,Conocephalum salebrosum,species,Snakewort,0.001046,True
tbilisi-georgia,1,Origanum vulgare,species,Oregano,0.001046,True
tbilisi-georgia,1,Filipendula vulgaris,species,Dropwort,0.001046,True
tbilisi-georgia,1,Lepidium draba,species,Heart-podded Hoary Cress,0.001046,True
tbilisi-georgia,1,Lemna gibba,species,Fat Duckweed,0.001046,False
tbilisi-georgia,1,Juglans regia,species,Persian walnut,0.001046,True
tbilisi-georgia,1,Pyrus communis,species,Common Pear,0.001046,True
tbilisi-georgia,1,Cortaderia selloana,species,Pampas Grass,0.001046,True
tbilisi-georgia,1,Cupressus sempervirens,species,Mediterranean cypress,0.001046,False
tbilisi-georgia,1,Trachycarpus fortunei,species,Chusan Palm,0.001046,False
tbilisi-georgia,1,Cosmos bipinnatus,species,garden cosmos,0.001046,True
tbilisi-georgia,1,Prunus amygdalus,species,Almond,0.001046,False
tbilisi-georgia,1,Anchusa azurea,species,Italian Bugloss,0.001046,False
tbilisi-georgia,1,Astragalus cicer,species,Chickpea Milkvetch,0.001046,True
tbilisi-georgia,1,Carduus acanthoides,species,Broad-winged Thistle,0.001046,True
tbilisi-georgia,1,Chondrilla juncea,species,Rush Skeletonweed,0.001046,True
tbilisi-georgia,1,Cucumis melo,species,Muskmelon,0.001046,False
tbilisi-georgia,1,Daucus carota,species,wild carrot,0.001046,True
tbilisi-georgia,1,Diplotaxis muralis,species,annual wall-rocket,0.001046,False
tbilisi-georgia,1,Diplotaxis tenuifolia,species,Perennial Wall-rocket,0.001046,True
tbilisi-georgia,1,Geranium pyrenaicum,species,Hedgerow Crane's-bill,0.001046,True
tbilisi-georgia,1,Glycyrrhiza glabra,species,cultivated licorice,0.001046,False
tbilisi-georgia,1,Hypericum androsaemum,species,Tutsan,0.001046,True
tbilisi-georgia,1,Papaver somniferum,species,opium poppy,0.001046,True
tbilisi-georgia,1,Pistacia atlantica,species,Mount Atlas mastic tree,0.001046,False
tbilisi-georgia,1,Quercus ilex,species,Holm oak,0.001046,True
tbilisi-georgia,1,Reseda lutea,species,Wild Mignonette,0.001046,True
tbilisi-georgia,1,Silene latifolia,species,white campion,0.001046,True
tbilisi-georgia,1,Silene noctiflora,species,Night-flowering Catchfly,0.001046,False
tbilisi-georgia,1,Tagetes minuta,species,wild marigold,0.001046,False
tbilisi-georgia,1,Ulmus minor,species,Field Elm,0.001046,True
tbilisi-georgia,1,Glaucium corniculatum,species,Red Horned Poppy,0.001046,False
tbilisi-georgia,1,Viburnum tinus,species,Laurustinus viburnum,0.001046,True
tbilisi-georgia,1,Cydonia oblonga,species,Quince,0.001046,False
tbilisi-georgia,1,Solanum villosum,species,red nightshade,0.001046,False
tbilisi-georgia,1,Betula pendula,species,silver birch,0.001046,True
tbilisi-georgia,1,Asplenium ruta-muraria,species,wall-rue,0.001046,True
tbilisi-georgia,1,Dipsacus laciniatus,species,cutleaf teasel,0.001046,True
tbilisi-georgia,1,Carlina vulgaris,species,Carline Thistle,0.001046,True
tbilisi-georgia,1,Solidago virgaurea,species,European goldenrod,0.001046,True
tbilisi-georgia,1,Acer pseudoplatanus,species,sycamore maple,0.001046,True
tbilisi-georgia,1,Paulownia tomentosa,species,princess tree,0.001046,True
tbilisi-georgia,1,Hylocomium splendens,species,stairstep moss,0.001046,True
tbilisi-georgia,1,Helianthus tuberosus,species,Jerusalem artichoke,0.001046,True
tbilisi-georgia,1,Rhus coriaria,species,Tanner's sumac,0.001046,False
tbilisi-georgia,1,Dicranum scoparium,species,Broom Forkmoss,0.001046,True
tbilisi-georgia,1,Bryum argenteum,species,Silvery Bryum,0.001046,True
tbilisi-georgia,1,Prunus mahaleb,species,St Lucie Cherry,0.001046,False
tbilisi-georgia,1,Broussonetia papyrifera,species,Paper mulberry,0.001046,True
tbilisi-georgia,1,Rhododendron luteum,species,Yellow Azalea,0.001046,False
tbilisi-georgia,1,Geranium sanguineum,species,Bloody Crane's-bill,0.001046,True
tbilisi-georgia,1,Saxifraga paniculata,species,Livelong Saxifrage,0.001046,True
tbilisi-georgia,1,Buxus sempervirens,species,common box,0.001046,False
tbilisi-georgia,1,Prunus armeniaca,species,apricot,0.001046,False
tbilisi-georgia,1,Picea orientalis,species,Oriental spruce,0.001046,False
tbilisi-georgia,1,Abies nordmanniana,species,Caucasian fir,0.001046,False
tbilisi-georgia,1,Astragalus buschiorum,species,,0.001046,False
tbilisi-georgia,1,Asplenium adiantum-nigrum,species,black spleenwort,0.001046,False
tbilisi-georgia,1,Astragalus glycyphyllos,species,Wild Liquorice,0.001046,True
tbilisi-georgia,1,Calliergonella cuspidata,species,Pointed Spear-moss,0.001046,False
tbilisi-georgia,1,Centaurea phrygia,species,Wig Knapweed,0.001046,True
tbilisi-georgia,1,Clematis orientalis,species,Oriental Virgin's-bower,0.001046,False
tbilisi-georgia,1,Crepis foetida,species,Stinking Hawk's-beard,0.001046,False
tbilisi-georgia,1,Echium italicum,species,Pale Bugloss,0.001046,False
tbilisi-georgia,1,Hedera colchica,species,Persian Ivy,0.001046,False
tbilisi-georgia,1,Hylotelephium spectabile,species,Butterfly Stonecrop,0.001046,False
tbilisi-georgia,1,Jasminum nudiflorum,species,Winter jasmine,0.001046,False
tbilisi-georgia,1,Malus baccata,species,Siberian crabapple,0.001046,False
tbilisi-georgia,1,Schoenoplectus lacustris,species,Common Club-rush,0.001046,False
tbilisi-georgia,1,Sigesbeckia orientalis,species,Eastern St Paul's-wort,0.001046,False
tbilisi-georgia,1,Stachys annua,species,Annual Yellow-woundwort,0.001046,False
tbilisi-georgia,1,Teucrium orientale,species,,0.001046,False
tbilisi-georgia,1,Vinca herbacea,species,Herbaceous Periwinkle,0.001046,False
tbilisi-georgia,1,Zephyranthes candida,species,White rain-lily,0.001046,False
tbilisi-georgia,1,Zinnia elegans,species,Elegant Zinnia,0.001046,True
tbilisi-georgia,1,Celtis caucasica,species,Caucasian hackberry,0.001046,False
tbilisi-georgia,1,Euphorbia prostrata,species,prostrate sandmat,0.001046,True
tbilisi-georgia,1,Citrus trifoliata,species,trifoliate orange,0.001046,True
tbilisi-georgia,1,Typha laxmannii,species,Graceful Cattail,0.001046,False
tbilisi-georgia,1,Phedimus spurius,species,Caucasian Stonecrop,0.001046,False
tbilisi-georgia,1,Smyrnium perfoliatum,species,Perfoliate Alexanders,0.001046,False
tbilisi-georgia,1,Linum tenuifolium,species,Narrow-leaved Flax,0.001046,False
tbilisi-georgia,1,Daphne pontica,species,,0.001046,False
tbilisi-georgia,1,Sternbergia colchiciflora,species,Turkish starflower,0.001046,False
tbilisi-georgia,1,Sempervivum transcaucasicum,species,,0.001046,False
tbilisi-georgia,1,Colchicum umbrosum,species,,0.001046,False
tbilisi-georgia,1,Pilosella officinarum,species,mouse-eared hawkweed,0.001046,True
tbilisi-georgia,1,Tilia dasystyla,species,Crimean Lime,0.001046,False
tbilisi-georgia,1,Fumana procumbens,species,Heath-rose,0.001046,False
tbilisi-georgia,1,Selaginella helvetica,species,Swiss Spikemoss,0.001046,False
tbilisi-georgia,1,Xeranthemum annuum,species,Immortelle,0.001046,False
tbilisi-georgia,1,Danae racemosa,species,Alexandrian Laurel,0.001046,False
tbilisi-georgia,1,Paragymnopteris marantae,species,,0.001046,False
tbilisi-georgia,1,Euphorbia seguieriana,species,steppe spurge,0.001046,False
tbilisi-georgia,1,Xanthium orientale,species,common cocklebur,0.001046,True
tbilisi-georgia,1,Chenopodiastrum murale,species,nettle-leaved goosefoot,0.001046,True
tbilisi-georgia,1,Datisca cannabina,species,False Hemp,0.001046,False
tbilisi-georgia,1,Acer velutinum,species,Velvet Maple,0.001046,False
tbilisi-georgia,1,Ephedra procera,species,,0.001046,False
tbilisi-georgia,1,Sempervivum caucasicum,species,,0.001046,False
tbilisi-georgia,1,Cephalaria media,species,,0.001046,False
tbilisi-georgia,1,Klasea quinquefolia,species,,0.001046,False
tbilisi-georgia,1,Paris incompleta,species,,0.001046,False
tbilisi-georgia,1,Astragalus fragrans,species,,0.001046,False
tbilisi-georgia,1,Centaurea reflexa,species,,0.001046,False
tbilisi-georgia,1,Salvia garedjii,species,Mount Gareja Sage,0.001046,False
tbilisi-georgia,1,Oxybasis glauca,species,oak-leaved goosefoot,0.001046,True
tbilisi-georgia,1,Eriocapitella hupehensis,species,Hubei Anemone,0.001046,False
tbilisi-georgia,1,Feijoa sellowiana,species,Feijoa,0.001046,False
borjomi-georgia,7,Cyclamen coum,species,Eastern Sowbread,0.026022,False
borjomi-georgia,7,Asplenium trichomanes,species,maidenhair spleenwort,0.026022,True
borjomi-georgia,5,Crocus speciosus,species,Bieberstein's Crocus,0.018587,False
borjomi-georgia,5,Picea orientalis,species,Oriental spruce,0.018587,False
borjomi-georgia,5,Campanula alliariifolia,species,Cornish Bellflower,0.018587,False
borjomi-georgia,5,Sedum pallidum,species,Turkish stonecrop,0.018587,False
borjomi-georgia,5,Crataegus germanica,species,Medlar,0.018587,False
borjomi-georgia,4,Taxus baccata,species,common yew,0.01487,True
borjomi-georgia,4,Sambucus ebulus,species,Dwarf Elder,0.01487,True
borjomi-georgia,4,Colchicum speciosum,species,Giant Meadow Saffron,0.01487,False
borjomi-georgia,4,Hylotelephium caucasicum,species,,0.01487,False
borjomi-georgia,3,Lamium album,species,White deadnettle,0.011152,True
borjomi-georgia,3,Acer campestre,species,field maple,0.011152,True
borjomi-georgia,3,Xanthium spinosum,species,spiny cocklebur,0.011152,True
borjomi-georgia,3,Juniperus communis,species,common juniper,0.011152,True
borjomi-georgia,3,Ruscus aculeatus,species,butcher's-broom,0.011152,True
borjomi-georgia,3,Saxifraga rotundifolia,species,Round-leaved Saxifrage,0.011152,False
borjomi-georgia,3,Ligustrum vulgare,species,Common Privet,0.011152,True
borjomi-georgia,3,Helleborus orientalis,species,Lenten-rose,0.011152,False
borjomi-georgia,3,Asplenium scolopendrium,species,Hart's-tongue fern,0.011152,True
borjomi-georgia,3,Paliurus spina-christi,species,Jerusalem Thorn,0.011152,True
borjomi-georgia,3,Saxifraga paniculata,species,Livelong Saxifrage,0.011152,True
borjomi-georgia,3,Salvia glutinosa,species,Sticky Sage,0.011152,True
borjomi-georgia,3,Hippophae rhamnoides,species,Sea-buckthorn,0.011152,True
borjomi-georgia,3,Geranium gracile,species,,0.011152,False
borjomi-georgia,3,Gentiana cruciata,species,Cross Gentian,0.011152,True
borjomi-georgia,3,Zelkova carpinifolia,species,Caucasian zelkova,0.011152,False
borjomi-georgia,3,Crocus vallicola,species,,0.011152,False
borjomi-georgia,3,Fagus orientalis,species,Oriental Beech,0.011152,False
borjomi-georgia,3,Viburnum orientale,species,,0.011152,False
borjomi-georgia,3,Chrysojasminum fruticans,species,Wild Jasmine,0.011152,False
borjomi-georgia,2,Phytolacca americana,species,American pokeweed,0.007435,True
borjomi-georgia,2,Cichorium intybus,species,chicory,0.007435,True
borjomi-georgia,2,Carpinus betulus,species,European Hornbeam,0.007435,True
borjomi-georgia,2,Hypericum perforatum,species,Common St. John's Wort,0.007435,True
borjomi-georgia,2,Echium vulgare,species,viper's-bugloss,0.007435,True
borjomi-georgia,2,Prunus avium,species,wild cherry,0.007435,True
borjomi-georgia,2,Asplenium septentrionale,species,northern spleenwort,0.007435,False
borjomi-georgia,2,Berberis vulgaris,species,European barberry,0.007435,True
borjomi-georgia,2,Solanum nigrum,species,black nightshade,0.007435,True
borjomi-georgia,2,Helianthemum nummularium,species,Common Rock-rose,0.007435,True
borjomi-georgia,2,Asplenium ruta-muraria,species,wall-rue,0.007435,True
borjomi-georgia,2,Spiranthes spiralis,species,Autumn Ladies' Tresses,0.007435,False
borjomi-georgia,2,Rhododendron luteum,species,Yellow Azalea,0.007435,False
borjomi-georgia,2,Gentiana asclepiadea,species,willow gentian,0.007435,True
borjomi-georgia,2,Cotinus coggygria,species,Smokebush,0.007435,True
borjomi-georgia,2,Abies nordmanniana,species,Caucasian fir,0.007435,False
borjomi-georgia,2,Gentiana septemfida,species,crested gentian,0.007435,False
borjomi-georgia,2,Asplenium adiantum-nigrum,species,black spleenwort,0.007435,False
borjomi-georgia,2,Clerodendrum bungei,species,rose glorybower,0.007435,False
borjomi-georgia,2,Ribes alpinum,species,Mountain Currant,0.007435,False
borjomi-georgia,2,Lithospermum officinale,species,Common Gromwell,0.007435,True
borjomi-georgia,2,Phedimus spurius,species,Caucasian Stonecrop,0.007435,False
borjomi-georgia,2,Satureja spicigera,species,Creeping Savory,0.007435,False
borjomi-georgia,2,Euonymus latifolius,species,Large-leaved Spindle,0.007435,False
borjomi-georgia,2,Leucodon sciuroides,species,squirrel-tail moss,0.007435,False
borjomi-georgia,2,Carpinus orientalis,species,Eastern Hornbeam,0.007435,False
borjomi-georgia,2,Smilax excelsa,species,Larger Smilax,0.007435,False
borjomi-georgia,2,Ilex colchica,species,Black Sea Holly,0.007435,False
borjomi-georgia,2,Alkekengi officinarum,species,Japanese-lantern,0.007435,True
borjomi-georgia,2,Astragalus microcephalus,species,,0.007435,False
borjomi-georgia,2,Eryngium caeruleum,species,Blue sea holly,0.007435,False
borjomi-georgia,2,Dryopteris caucasica,species,,0.007435,False
borjomi-georgia,2,Blitum virgatum,species,Strawberry Goosefoot,0.007435,False
borjomi-georgia,1,Lotus corniculatus,species,bird's-foot trefoil,0.003717,True
borjomi-georgia,1,Mirabilis jalapa,species,marvel of Peru,0.003717,True
borjomi-georgia,1,Athyrium filix-femina,species,Common Lady Fern,0.003717,True
borjomi-georgia,1,Prunella vulgaris,species,common selfheal,0.003717,True
borjomi-georgia,1,Poa annua,species,Annual Meadow-grass,0.003717,True
borjomi-georgia,1,Ambrosia artemisiifolia,species,common ragweed,0.003717,True
borjomi-georgia,1,Chelidonium majus,species,Greater celandine,0.003717,True
borjomi-georgia,1,Primula veris,species,Cowslip,0.003717,True
borjomi-georgia,1,Euonymus europaeus,species,Spindle,0.003717,True
borjomi-georgia,1,Cornus mas,species,Cornelian cherry,0.003717,True
borjomi-georgia,1,Hedera helix,species,common ivy,0.003717,True
borjomi-georgia,1,Geranium robertianum,species,Herb Robert,0.003717,True
borjomi-georgia,1,Viburnum opulus,species,guelder-rose,0.003717,True
borjomi-georgia,1,Primula vulgaris,species,Primrose,0.003717,True
borjomi-georgia,1,Equisetum telmateia,species,great horsetail,0.003717,True
borjomi-georgia,1,Parietaria judaica,species,pellitory-of-the-wall,0.003717,True
borjomi-georgia,1,Punica granatum,species,pomegranate,0.003717,True
borjomi-georgia,1,Pinus sylvestris,species,Scots pine,0.003717,True
borjomi-georgia,1,Cystopteris fragilis,species,brittle bladderfern,0.003717,True
borjomi-georgia,1,Petrorhagia saxifraga,species,Tunicflower,0.003717,False
borjomi-georgia,1,Ficus carica,species,common fig,0.003717,True
borjomi-georgia,1,Paspalum dilatatum,species,Dallis grass,0.003717,True
borjomi-georgia,1,Prunus laurocerasus,species,Cherry laurel,0.003717,True
borjomi-georgia,1,Pyrus communis,species,Common Pear,0.003717,True
borjomi-georgia,1,Citrullus lanatus,species,Watermelon,0.003717,False
borjomi-georgia,1,Astragalus cicer,species,Chickpea Milkvetch,0.003717,True
borjomi-georgia,1,Echinops sphaerocephalus,species,Glandular Globe-thistle,0.003717,True
borjomi-georgia,1,Erigeron annuus,species,annual fleabane,0.003717,True
borjomi-georgia,1,Mentha longifolia,species,Horse Mint,0.003717,True
borjomi-georgia,1,Peganum harmala,species,harmel,0.003717,False
borjomi-georgia,1,Potamogeton natans,species,floating-leaved pondweed,0.003717,True
borjomi-georgia,1,Silene noctiflora,species,Night-flowering Catchfly,0.003717,False
borjomi-georgia,1,Sisymbrium loeselii,species,False London-rocket,0.003717,True
borjomi-georgia,1,Ulmus minor,species,Field Elm,0.003717,True
borjomi-georgia,1,Dioscorea communis,species,Black Bryony,0.003717,True
borjomi-georgia,1,Dipsacus laciniatus,species,cutleaf teasel,0.003717,True
borjomi-georgia,1,Acer pseudoplatanus,species,sycamore maple,0.003717,True
borjomi-georgia,1,Castanea sativa,species,Sweet Chestnut,0.003717,True
borjomi-georgia,1,Viburnum lantana,species,Wayfaring-tree,0.003717,True
borjomi-georgia,1,Polypodium vulgare,species,common polypody,0.003717,True
borjomi-georgia,1,Gentianopsis ciliata,species,Fringe-flowered Gentian,0.003717,True
borjomi-georgia,1,Anomodon viticulosus,species,Rambling Tail-moss,0.003717,False
borjomi-georgia,1,Clematis vitalba,species,Old man's beard,0.003717,True
borjomi-georgia,1,Hedera colchica,species,Persian Ivy,0.003717,False
borjomi-georgia,1,Hyoscyamus niger,species,black henbane,0.003717,True
borjomi-georgia,1,Hyssopus officinalis,species,Hyssop,0.003717,False
borjomi-georgia,1,Nepeta racemosa,species,Eastern Cat-mint,0.003717,False
borjomi-georgia,1,Stachys annua,species,Annual Yellow-woundwort,0.003717,False
borjomi-georgia,1,Symphytum asperum,species,Rough Comfrey,0.003717,False
borjomi-georgia,1,Platanus orientalis,species,Oriental Plane,0.003717,False
borjomi-georgia,1,Citrus trifoliata,species,trifoliate orange,0.003717,True
borjomi-georgia,1,Quercus petraea,species,sessile oak,0.003717,False
borjomi-georgia,1,Typha laxmannii,species,Graceful Cattail,0.003717,False
borjomi-georgia,1,Juncus conglomeratus,species,Compact Rush,0.003717,False
borjomi-georgia,1,Plagiomnium undulatum,species,Palm-tree Moss,0.003717,False
borjomi-georgia,1,Polystichum aculeatum,species,hard shield fern,0.003717,False
borjomi-georgia,1,Polystichum setiferum,species,soft shield fern,0.003717,False
borjomi-georgia,1,Aster amellus,species,Italian Aster,0.003717,False
borjomi-georgia,1,Digitalis ferruginea,species,Rusty Foxglove,0.003717,False
borjomi-georgia,1,Saxifraga cymbalaria,species,Ivy-leaved Saxifrage,0.003717,False
borjomi-georgia,1,Solanum chenopodioides,species,tall nightshade,0.003717,True
borjomi-georgia,1,Daphne pontica,species,,0.003717,False
borjomi-georgia,1,Sempervivum transcaucasicum,species,,0.003717,False
borjomi-georgia,1,Euonymus japonicus,species,Japanese spindle tree,0.003717,True
borjomi-georgia,1,Colchicum umbrosum,species,,0.003717,False
borjomi-georgia,1,Acer cappadocicum,species,Cappadocian Maple,0.003717,False
borjomi-georgia,1,Tilia dasystyla,species,Crimean Lime,0.003717,False
borjomi-georgia,1,Selaginella helvetica,species,Swiss Spikemoss,0.003717,False
borjomi-georgia,1,Teucrium polium,species,Felty Germander,0.003717,False
borjomi-georgia,1,Galatella linosyris,species,Goldilocks Aster,0.003717,False
borjomi-georgia,1,Prospero autumnale,species,Autumn Squill,0.003717,True
borjomi-georgia,1,Paragymnopteris marantae,species,,0.003717,False
borjomi-georgia,1,Acer hyrcanum,species,Balkan Maple,0.003717,False
borjomi-georgia,1,Atocion compactum,species,,0.003717,False
borjomi-georgia,1,Paeonia caucasica,species,Caucasus Peony,0.003717,False
borjomi-georgia,1,Alcea rugosa,species,Russian Hollyhock,0.003717,False
borjomi-georgia,1,Asparagus verticillatus,species,vining asparagus,0.003717,False
borjomi-georgia,1,Ruscus colchicus,species,,0.003717,False
borjomi-georgia,1,Sempervivum caucasicum,species,,0.003717,False
borjomi-georgia,1,Crataegus pentagyna,species,Five-seeded Hawthorn,0.003717,False
borjomi-georgia,1,Daphne glomerata,species,,0.003717,False
borjomi-georgia,1,Klasea quinquefolia,species,,0.003717,False
borjomi-georgia,1,Huynhia pulchra,species,Prophet-flower,0.003717,False
borjomi-georgia,1,Veronica armena,species,,0.003717,False
borjomi-georgia,1,Polygala transcaucasica,species,,0.003717,False
borjomi-georgia,1,Verbascum gracilescens,species,,0.003717,False
borjomi-georgia,1,Crataegus stevenii,species,,0.003717,False
borjomi-georgia,1,Torminalis glaberrima,species,Wild Service-tree,0.003717,False
country-georgia,101,Crocus speciosus,species,Bieberstein's Crocus,0.039453,False
country-georgia,47,Paliurus spina-christi,species,Jerusalem Thorn,0.018359,True
country-georgia,45,Phytolacca americana,species,American pokeweed,0.017578,True
country-georgia,44,Acer campestre,species,field maple,0.017188,True
country-georgia,37,Cotinus coggygria,species,Smokebush,0.014453,True
country-georgia,36,Asplenium trichomanes,species,maidenhair spleenwort,0.014063,True
country-georgia,26,Ligustrum lucidum,species,tree privet,0.010156,True
country-georgia,26,Asplenium scolopendrium,species,Hart's-tongue fern,0.010156,True
country-georgia,25,Cyclamen coum,species,Eastern Sowbread,0.009766,False
country-georgia,25,Campanula alliariifolia,species,Cornish Bellflower,0.009766,False
country-georgia,25,Chrysojasminum fruticans,species,Wild Jasmine,0.009766,False
country-georgia,23,Laurus nobilis,species,Bay laurel,0.008984,True
country-georgia,22,Ilex colchica,species,Black Sea Holly,0.008594,False
country-georgia,21,Commelina communis,species,Asiatic dayflower,0.008203,True
country-georgia,21,Crataegus germanica,species,Medlar,0.008203,False
country-georgia,20,Salvia glutinosa,species,Sticky Sage,0.007812,True
country-georgia,20,Fagus orientalis,species,Oriental Beech,0.007812,False
country-georgia,19,Ficus carica,species,common fig,0.007422,True
country-georgia,19,Colchicum speciosum,species,Giant Meadow Saffron,0.007422,False
country-georgia,16,Ruscus aculeatus,species,butcher's-broom,0.00625,True
country-georgia,16,Hedera colchica,species,Persian Ivy,0.00625,False
country-georgia,16,Smilax excelsa,species,Larger Smilax,0.00625,False
country-georgia,15,Ailanthus altissima,species,tree-of-heaven,0.005859,True
country-georgia,15,Juniperus communis,species,common juniper,0.005859,True
country-georgia,15,Pteris cretica,species,Cretan brake,0.005859,True
country-georgia,15,Citrus trifoliata,species,trifoliate orange,0.005859,True
country-georgia,15,Hylotelephium caucasicum,species,,0.005859,False
country-georgia,14,Cichorium intybus,species,chicory,0.005469,True
country-georgia,14,Geranium robertianum,species,Herb Robert,0.005469,True
country-georgia,14,Echium vulgare,species,viper's-bugloss,0.005469,True
country-georgia,14,Koelreuteria paniculata,species,golden rain tree,0.005469,True
country-georgia,14,Solanum nigrum,species,black nightshade,0.005469,True
country-georgia,14,Castanea sativa,species,Sweet Chestnut,0.005469,True
country-georgia,14,Persicaria perfoliata,species,mile-a-minute weed,0.005469,True
country-georgia,14,Juniperus excelsa,species,Greek juniper,0.005469,False
country-georgia,13,Taxus baccata,species,common yew,0.005078,True
country-georgia,13,Hedera helix,species,common ivy,0.005078,True
country-georgia,13,Punica granatum,species,pomegranate,0.005078,True
country-georgia,13,Sambucus ebulus,species,Dwarf Elder,0.005078,True
country-georgia,13,Hyssopus officinalis,species,Hyssop,0.005078,False
country-georgia,13,Carpinus orientalis,species,Eastern Hornbeam,0.005078,False
country-georgia,12,Maclura pomifera,species,Osage-orange,0.004687,True
country-georgia,12,Hippophae rhamnoides,species,Sea-buckthorn,0.004687,True
country-georgia,12,Polypodium cambricum,species,southern polypody,0.004687,False
country-georgia,11,Pyracantha coccinea,species,Firethorn,0.004297,True
country-georgia,11,Helleborus orientalis,species,Lenten-rose,0.004297,False
country-georgia,11,Picea orientalis,species,Oriental spruce,0.004297,False
country-georgia,11,Buxus colchica,species,,0.004297,False
country-georgia,11,Daphne pontica,species,,0.004297,False
country-georgia,11,Acer cappadocicum,species,Cappadocian Maple,0.004297,False
country-georgia,11,Crocus vallicola,species,,0.004297,False
country-georgia,11,Alkekengi officinarum,species,Japanese-lantern,0.004297,True
country-georgia,11,Ruscus colchicus,species,,0.004297,False
country-georgia,10,Prunella vulgaris,species,common selfheal,0.003906,True
country-georgia,10,Carpinus betulus,species,European Hornbeam,0.003906,True
country-georgia,10,Lamium album,species,White deadnettle,0.003906,True
country-georgia,10,Spiranthes spiralis,species,Autumn Ladies' Tresses,0.003906,False
country-georgia,10,Ligustrum vulgare,species,Common Privet,0.003906,True
country-georgia,10,Persicaria thunbergii,species,Thunberg’s smartweed,0.003906,False
country-georgia,10,Colchicum umbrosum,species,,0.003906,False
country-georgia,9,Euonymus europaeus,species,Spindle,0.003516,True
country-georgia,9,Zygophyllum fabago,species,Syrian bean-caper,0.003516,False
country-georgia,9,Dioscorea communis,species,Black Bryony,0.003516,True
country-georgia,9,Diospyros lotus,species,Date plum,0.003516,False
country-georgia,9,Oplismenus undulatifolius,species,wavyleaf basketgrass,0.003516,False
country-georgia,9,Sedum pallidum,species,Turkish stonecrop,0.003516,False
country-georgia,9,Spiranthes australis,species,austral ladies'-tresses,0.003516,False
country-georgia,8,Datura stramonium,species,jimsonweed,0.003125,True
country-georgia,8,Xanthium spinosum,species,spiny cocklebur,0.003125,True
country-georgia,8,Rhododendron ponticum,species,Pontic Rhododendron,0.003125,False
country-georgia,8,Prunus laurocerasus,species,Cherry laurel,0.003125,True
country-georgia,8,Adiantum capillus-veneris,species,black maidenhair fern,0.003125,True
country-georgia,8,Rhododendron luteum,species,Yellow Azalea,0.003125,False
country-georgia,8,Asplenium adiantum-nigrum,species,black spleenwort,0.003125,False
country-georgia,8,Euonymus latifolius,species,Large-leaved Spindle,0.003125,False
country-georgia,8,Leucodon sciuroides,species,squirrel-tail moss,0.003125,False
country-georgia,8,Vaccinium arctostaphylos,species,Caucasian Whortleberry,0.003125,False
country-georgia,8,Rhododendron caucasicum,species,Georgian Snow Rose,0.003125,False
country-georgia,8,Elodea densa,species,Brazilian elodea,0.003125,False
country-georgia,7,Gleditsia triacanthos,species,honey locust,0.002734,True
country-georgia,7,Verbena officinalis,species,Common vervain,0.002734,True
country-georgia,7,Plantago major,species,greater plantain,0.002734,True
country-georgia,7,Cyperus eragrostis,species,tall flatsedge,0.002734,True
country-georgia,7,Elaeagnus umbellata,species,autumn olive,0.002734,True
country-georgia,7,Vitex rotundifolia,species,Beach Vitex,0.002734,True
country-georgia,7,Abies nordmanniana,species,Caucasian fir,0.002734,False
country-georgia,7,Ecballium elaterium,species,squirting cucumber,0.002734,True
country-georgia,7,Polystichum setiferum,species,soft shield fern,0.002734,False
country-georgia,7,Galatella linosyris,species,Goldilocks Aster,0.002734,False
country-georgia,7,Viburnum orientale,species,,0.002734,False
country-georgia,7,Struthiopteris spicant,species,deer fern,0.002734,True
country-georgia,7,Daphne glomerata,species,,0.002734,False
country-georgia,7,Klasea quinquefolia,species,,0.002734,False
country-georgia,7,Rubus creticus,species,Holy Bramble,0.002734,False
country-georgia,6,Trifolium pratense,species,Red Clover,0.002344,True
country-georgia,6,Teucrium chamaedrys,species,Wall germander,0.002344,True
country-georgia,6,Chelidonium majus,species,Greater celandine,0.002344,True
country-georgia,6,Viburnum opulus,species,guelder-rose,0.002344,True
country-georgia,6,Lapsana communis,species,nipplewort,0.002344,True
country-georgia,6,Sorghum halepense,species,Johnson grass,0.002344,True
country-georgia,6,Euphorbia maculata,species,Spotted spurge,0.002344,True
country-georgia,6,Paspalum dilatatum,species,Dallis grass,0.002344,True
country-georgia,6,Phragmites australis,species,common reed,0.002344,True
country-georgia,6,Bothriochloa ischaemum,species,King Ranch bluestem,0.002344,True
country-georgia,6,Buddleja davidii,species,Butterfly bush,0.002344,True
country-georgia,6,Pancratium maritimum,species,Sea Daffodil,0.002344,True
country-georgia,6,Tagetes minuta,species,wild marigold,0.002344,False
country-georgia,6,Paulownia tomentosa,species,princess tree,0.002344,True
country-georgia,6,Cercis siliquastrum,species,Judas-tree,0.002344,False
country-georgia,6,Gentiana septemfida,species,crested gentian,0.002344,False
country-georgia,6,Cornus sanguinea,species,common dogwood,0.002344,True
country-georgia,6,Clerodendrum bungei,species,rose glorybower,0.002344,False
country-georgia,6,Crassocephalum crepidioides,species,redflower ragleaf,0.002344,True
country-georgia,6,Miscanthus sinensis,species,Chinese silver grass,0.002344,True
country-georgia,6,Phedimus spurius,species,Caucasian Stonecrop,0.002344,False
country-georgia,6,Plagiomnium undulatum,species,Palm-tree Moss,0.002344,False
country-georgia,6,Carpesium abrotanoides,species,,0.002344,False
country-georgia,6,Crocus scharojanii,species,,0.002344,False
country-georgia,5,Bidens bipinnata,species,Spanish needles,0.001953,True
country-georgia,5,Bidens frondosa,species,Devil's Beggarticks,0.001953,True
country-georgia,5,Silybum marianum,species,milk thistle,0.001953,True
country-georgia,5,Cornus mas,species,Cornelian cherry,0.001953,True
country-georgia,5,Sorbus aucuparia,species,European mountain ash,0.001953,True
country-georgia,5,Parietaria judaica,species,pellitory-of-the-wall,0.001953,True
country-georgia,5,Cynodon dactylon,species,Bermuda grass,0.001953,True
country-georgia,5,Pinus sylvestris,species,Scots pine,0.001953,True
country-georgia,5,Ajuga chamaepitys,species,Ground-pine,0.001953,True
country-georgia,5,Origanum vulgare,species,Oregano,0.001953,True
country-georgia,5,Setaria viridis,species,Green Bristle Grass,0.001953,True
country-georgia,5,Silene latifolia,species,white campion,0.001953,True
country-georgia,5,Asplenium ceterach,species,Rustyback,0.001953,True
country-georgia,5,Helianthemum nummularium,species,Common Rock-rose,0.001953,True
country-georgia,5,Saxifraga rotundifolia,species,Round-leaved Saxifrage,0.001953,False
country-georgia,5,Acer pseudoplatanus,species,sycamore maple,0.001953,True
country-georgia,5,Salvia verticillata,species,Whorled Clary,0.001953,True
country-georgia,5,Gentiana asclepiadea,species,willow gentian,0.001953,True
country-georgia,5,Acalypha australis,species,Asian Copperleaf,0.001953,False
country-georgia,5,Clematis vitalba,species,Old man's beard,0.001953,True
country-georgia,5,Elsholtzia ciliata,species,Crested Elsholtzia,0.001953,False
country-georgia,5,Equisetum ramosissimum,species,Branched Horsetail,0.001953,True
country-georgia,5,Eryngium maritimum,species,Sea Holly,0.001953,True
country-georgia,5,Scabiosa ochroleuca,species,Cream Scabious,0.001953,True
country-georgia,5,Sigesbeckia orientalis,species,Eastern St Paul's-wort,0.001953,False
country-georgia,5,Potentilla indica,species,mock strawberry,0.001953,True
country-georgia,5,Polystichum aculeatum,species,hard shield fern,0.001953,False
country-georgia,5,Geranium gracile,species,,0.001953,False
country-georgia,5,Saxifraga cymbalaria,species,Ivy-leaved Saxifrage,0.001953,False
country-georgia,5,Satureja spicigera,species,Creeping Savory,0.001953,False
country-georgia,5,Conocephalum conicum,species,Great Scented Liverwort,0.001953,True
country-georgia,5,Alcea rugosa,species,Russian Hollyhock,0.001953,False
country-georgia,5,Blitum virgatum,species,Strawberry Goosefoot,0.001953,False
country-georgia,5,Alnus glutinosa,species,common alder,0.001953,True
country-georgia,5,Torminalis glaberrima,species,Wild Service-tree,0.001953,False
country-georgia,4,Spartium junceum,species,Spanish Broom,0.001563,True
country-georgia,4,Populus alba,species,white poplar,0.001563,True
country-georgia,4,Urtica dioica,species,great stinging nettle,0.001563,True
country-georgia,4,Ipomoea purpurea,species,common morning-glory,0.001563,True
country-georgia,4,Oxalis corniculata,species,Creeping Woodsorrel,0.001563,True
country-georgia,4,Ambrosia artemisiifolia,species,common ragweed,0.001563,True
country-georgia,4,Styphnolobium japonicum,species,Japanese pagoda tree,0.001563,False
country-georgia,4,Equisetum telmateia,species,great horsetail,0.001563,True
country-georgia,4,Viscum album,species,European mistletoe,0.001563,True
country-georgia,4,Trachystemon orientalis,species,"Abraham, Isaac & Jacob",0.001563,False
country-georgia,4,Petrorhagia saxifraga,species,Tunicflower,0.001563,False
country-georgia,4,Oxalis latifolia,species,Garden pink-sorrel,0.001563,True
country-georgia,4,Pueraria montana,species,kudzu,0.001563,True
country-georgia,4,Pyrus communis,species,Common Pear,0.001563,True
country-georgia,4,Trachycarpus fortunei,species,Chusan Palm,0.001563,False
country-georgia,4,Berberis vulgaris,species,European barberry,0.001563,True
country-georgia,4,Eragrostis minor,species,Little Lovegrass,0.001563,False
country-georgia,4,Hypericum androsaemum,species,Tutsan,0.001563,True
country-georgia,4,Mentha longifolia,species,Horse Mint,0.001563,True
country-georgia,4,Solanum sisymbriifolium,species,Red Buffalo-bur,0.001563,False
country-georgia,4,Cydonia oblonga,species,Quince,0.001563,False
country-georgia,4,Scabiosa columbaria,species,Small Scabious,0.001563,True
country-georgia,4,Dipsacus laciniatus,species,cutleaf teasel,0.001563,True
country-georgia,4,Perilla frutescens,species,beefsteak plant,0.001563,True
country-georgia,4,Rhus coriaria,species,Tanner's sumac,0.001563,False
country-georgia,4,Saxifraga paniculata,species,Livelong Saxifrage,0.001563,True
country-georgia,4,Hyoscyamus niger,species,black henbane,0.001563,True
country-georgia,4,Gentiana cruciata,species,Cross Gentian,0.001563,True
country-georgia,4,Dipsacus pilosus,species,small teasel,0.001563,False
country-georgia,4,Zelkova carpinifolia,species,Caucasian zelkova,0.001563,False
country-georgia,4,Limonium meyeri,species,,0.001563,False
country-georgia,4,Galatella villosa,species,,0.001563,False
country-georgia,4,Opuntia cymochila,species,Grassland Pricklypear,0.001563,False
country-georgia,4,Allium rupestre,species,,0.001563,False
country-georgia,4,Eryngium caeruleum,species,Blue sea holly,0.001563,False
country-georgia,4,Dryopteris caucasica,species,,0.001563,False
country-georgia,3,Nerium oleander,species,oleander,0.001172,True
country-georgia,3,Lantana camara,species,common lantana,0.001172,True
country-georgia,3,Mirabilis jalapa,species,marvel of Peru,0.001172,True
country-georgia,3,Athyrium filix-femina,species,Common Lady Fern,0.001172,True
country-georgia,3,Rhamnus cathartica,species,common buckthorn,0.001172,True
country-georgia,3,Agrimonia eupatoria,species,common agrimony,0.001172,True
country-georgia,3,Robinia pseudoacacia,species,black locust,0.001172,True
country-georgia,3,Primula vulgaris,species,Primrose,0.001172,True
country-georgia,3,Persicaria maculosa,species,spotted lady's thumb,0.001172,True
country-georgia,3,Galinsoga quadriradiata,species,shaggy soldier,0.001172,True
country-georgia,3,Centranthus ruber,species,Red Valerian,0.001172,True
country-georgia,3,Amaranthus retroflexus,species,Redroot Amaranth,0.001172,True
country-georgia,3,Verbascum blattaria,species,moth mullein,0.001172,True
country-georgia,3,Potamogeton nodosus,species,Longleaf Pondweed,0.001172,True
country-georgia,3,Alisma plantago-aquatica,species,European Water-plantain,0.001172,True
country-georgia,3,Ceratophyllum demersum,species,coontail,0.001172,True
country-georgia,3,Lythrum salicaria,species,purple loosestrife,0.001172,True
country-georgia,3,Helminthotheca echioides,species,bristly oxtongue,0.001172,True
country-georgia,3,Juglans regia,species,Persian walnut,0.001172,True
country-georgia,3,Citrullus lanatus,species,Watermelon,0.001172,False
country-georgia,3,Cryptomeria japonica,species,sugi,0.001172,False
country-georgia,3,Echinops sphaerocephalus,species,Glandular Globe-thistle,0.001172,True
country-georgia,3,Eriobotrya japonica,species,Loquat,0.001172,True
country-georgia,3,Heliotropium europaeum,species,European heliotrope,0.001172,True
country-georgia,3,Pistacia atlantica,species,Mount Atlas mastic tree,0.001172,False
country-georgia,3,Matteuccia struthiopteris,species,ostrich fern,0.001172,True
country-georgia,3,Acer monspessulanum,species,Montpellier Maple,0.001172,False
country-georgia,3,Baccharis halimifolia,species,groundsel tree,0.001172,True
country-georgia,3,Asplenium ruta-muraria,species,wall-rue,0.001172,True
country-georgia,3,Camellia sinensis,species,tea,0.001172,False
country-georgia,3,Vaccinium myrtillus,species,common bilberry,0.001172,True
country-georgia,3,Polypodium vulgare,species,common polypody,0.001172,True
country-georgia,3,Geranium sanguineum,species,Bloody Crane's-bill,0.001172,True
country-georgia,3,Crataegus microphylla,species,Small-leaved hawthorn,0.001172,False
country-georgia,3,Anomodon viticulosus,species,Rambling Tail-moss,0.001172,False
country-georgia,3,Cyperus serotinus,species,Umbrella Sedge,0.001172,False
country-georgia,3,Najas minor,species,Brittle Naiad,0.001172,False
country-georgia,3,Solanum viarum,species,tropical soda-apple,0.001172,False
country-georgia,3,Zephyranthes candida,species,White rain-lily,0.001172,False
country-georgia,3,Linaria genistifolia,species,Broomleaf Toadflax,0.001172,False
country-georgia,3,Typha laxmannii,species,Graceful Cattail,0.001172,False
country-georgia,3,Lithospermum officinale,species,Common Gromwell,0.001172,True
country-georgia,3,Linum austriacum,species,Austrian Flax,0.001172,False
country-georgia,3,Plumbago europaea,species,common leadwort,0.001172,False
country-georgia,3,Rhamphicarpa medwedewii,species,,0.001172,False
country-georgia,3,Viola alba,species,White Violet,0.001172,False
country-georgia,3,Xanthium orientale,species,common cocklebur,0.001172,True
country-georgia,3,Verbascum gnaphalodes,species,,0.001172,False
country-georgia,3,Asarum caucasicum,species,Caucasian Asarum,0.001172,False
country-georgia,3,Acer hyrcanum,species,Balkan Maple,0.001172,False
country-georgia,3,Atocion compactum,species,,0.001172,False
country-georgia,3,Salvia rosmarinus,species,Rosemary,0.001172,True
country-georgia,3,Pteridium tauricum,species,,0.001172,False
country-georgia,3,Euphorbia macroceras,species,,0.001172,False
country-georgia,3,Astragalus microcephalus,species,,0.001172,False
country-georgia,3,Euphorbia squamosa,species,,0.001172,False
country-georgia,3,Delphinium consolida,species,Forking Larkspur,0.001172,False
country-georgia,2,Lotus corniculatus,species,bird's-foot trefoil,0.000781,True
country-georgia,2,Populus nigra,species,Black Poplar,0.000781,True
country-georgia,2,Juniperus sabina,species,savin juniper,0.000781,False
country-georgia,2,Acer negundo,species,box elder,0.000781,True
country-georgia,2,Symphoricarpos albus,species,Common Snowberry,0.000781,True
country-georgia,2,Cosmos sulphureus,species,Yellow Cosmos,0.000781,True
country-georgia,2,Catalpa bignonioides,species,southern catalpa,0.000781,False
country-georgia,2,Silene gallica,species,Small-flowered Catchfly,0.000781,True
country-georgia,2,Sonchus oleraceus,species,Common Sow-thistle,0.000781,True
country-georgia,2,Acacia dealbata,species,Silver wattle,0.000781,True
country-georgia,2,Melia azedarach,species,Chinaberry,0.000781,True
country-georgia,2,Humulus lupulus,species,common hops,0.000781,True
country-georgia,2,Bellis perennis,species,Lawn daisy,0.000781,True
country-georgia,2,Trifolium repens,species,white clover,0.000781,True
country-georgia,2,Prunus cerasifera,species,Cherry-plum,0.000781,True
country-georgia,2,Rosa canina,species,Dog-rose,0.000781,True
country-georgia,2,Frangula alnus,species,alder buckthorn,0.000781,True
country-georgia,2,Hypericum perforatum,species,Common St. John's Wort,0.000781,True
country-georgia,2,Malva sylvestris,species,Common Mallow,0.000781,True
country-georgia,2,Ricinus communis,species,castor bean,0.000781,True
country-georgia,2,Euphorbia peplus,species,Petty Spurge,0.000781,True
country-georgia,2,Melilotus officinalis,species,Yellow Sweetclover,0.000781,True
country-georgia,2,Xanthium strumarium,species,rough cocklebur,0.000781,True
country-georgia,2,Datura wrightii,species,Sacred Datura,0.000781,True
country-georgia,2,Portulaca oleracea,species,Common Purslane,0.000781,True
country-georgia,2,Cyperus difformis,species,Variable Flatsedge,0.000781,False
country-georgia,2,Abutilon theophrasti,species,velvetleaf,0.000781,True
country-georgia,2,Ludwigia palustris,species,Water Purslane,0.000781,True
country-georgia,2,Asparagus officinalis,species,wild asparagus,0.000781,True
country-georgia,2,Calystegia soldanella,species,Sea Bindweed,0.000781,True
country-georgia,2,Conocephalum salebrosum,species,Snakewort,0.000781,True
country-georgia,2,Prunus avium,species,wild cherry,0.000781,True
country-georgia,2,Tribulus terrestris,species,puncture vine,0.000781,True
country-georgia,2,Elaeagnus angustifolia,species,Russian olive,0.000781,True
country-georgia,2,Oxalis acetosella,species,European wood-sorrel,0.000781,True
country-georgia,2,Agropyron cristatum,species,Crested Wheatgrass,0.000781,True
country-georgia,2,Artemisia annua,species,sweet annie,0.000781,True
country-georgia,2,Asplenium septentrionale,species,northern spleenwort,0.000781,False
country-georgia,2,Centaurea diffusa,species,diffuse knapweed,0.000781,False
country-georgia,2,Centaurea iberica,species,Iberian star-thistle,0.000781,False
country-georgia,2,Cucumis melo,species,Muskmelon,0.000781,False
country-georgia,2,Cyclospermum leptophyllum,species,Marsh parsley,0.000781,True
country-georgia,2,Daucus carota,species,wild carrot,0.000781,True
country-georgia,2,Eclipta prostrata,species,False Daisy,0.000781,True
country-georgia,2,Erigeron annuus,species,annual fleabane,0.000781,True
country-georgia,2,Erigeron sumatrensis,species,tropical horseweed,0.000781,True
country-georgia,2,Euphorbia virgata,species,slender leafy spurge,0.000781,True
country-georgia,2,Geranium lucidum,species,Shining Crane's-bill,0.000781,True
country-georgia,2,Glaucium flavum,species,Yellow Horned Poppy,0.000781,True
country-georgia,2,Hypericum calycinum,species,Rose-of-sharon,0.000781,True
country-georgia,2,Lonicera japonica,species,Japanese honeysuckle,0.000781,True
country-georgia,2,Potamogeton natans,species,floating-leaved pondweed,0.000781,True
country-georgia,2,Sisymbrium loeselii,species,False London-rocket,0.000781,True
country-georgia,2,Tradescantia fluminensis,species,Rio Spiderwort,0.000781,True
country-georgia,2,Hydrocharis morsus-ranae,species,European Frog-bit,0.000781,True
country-georgia,2,Osmunda regalis,species,European royal fern,0.000781,True
country-georgia,2,Syringa vulgaris,species,common lilac,0.000781,True
country-georgia,2,Microstegium vimineum,species,Japanese stiltgrass,0.000781,True
country-georgia,2,Sicyos angulatus,species,Oneseed Bur Cucumber,0.000781,True
country-georgia,2,Solidago virgaurea,species,European goldenrod,0.000781,True
country-georgia,2,Colocasia esculenta,species,Taro,0.000781,True
country-georgia,2,Gentianopsis ciliata,species,Fringe-flowered Gentian,0.000781,True
country-georgia,2,Gentiana verna,species,spring gentian,0.000781,True
country-georgia,2,Rudbeckia triloba,species,brown-eyed Susan,0.000781,True
country-georgia,2,Kummerowia striata,species,Japanese Clover,0.000781,False
country-georgia,2,Abietinella abietina,species,Fir Tamarisk-moss,0.000781,False
country-georgia,2,Astragalus glycyphyllos,species,Wild Liquorice,0.000781,True
country-georgia,2,Centella asiatica,species,Indian pennywort,0.000781,True
country-georgia,2,Eryngium campestre,species,Field Eryngo,0.000781,True
country-georgia,2,Geranium thunbergii,species,Thunberg's Geranium,0.000781,False
country-georgia,2,Hypnum cupressiforme,species,Cypress-leaved Plait-moss,0.000781,True
country-georgia,2,Lysimachia japonica,species,miniature moneywort,0.000781,False
country-georgia,2,Nepeta racemosa,species,Eastern Cat-mint,0.000781,False
country-georgia,2,Opuntia macrorhiza,species,prairie pricklypear,0.000781,True
country-georgia,2,Pimpinella saxifraga,species,Burnet-saxifrage,0.000781,True
country-georgia,2,Portulaca grandiflora,species,moss rose,0.000781,False
country-georgia,2,Potentilla reptans,species,Creeping cinquefoil,0.000781,True
country-georgia,2,Ribes alpinum,species,Mountain Currant,0.000781,False
country-georgia,2,Sanicula europaea,species,wood sanicle,0.000781,True
country-georgia,2,Solanum pseudocapsicum,species,Jerusalem cherry,0.000781,True
country-georgia,2,Stachys annua,species,Annual Yellow-woundwort,0.000781,False
country-georgia,2,Crataegus pontica,species,,0.000781,False
country-georgia,2,Euphorbia nutans,species,nodding spurge,0.000781,True
country-georgia,2,Quercus petraea,species,sessile oak,0.000781,False
country-georgia,2,Persicaria nepalensis,species,Nepal Persicaria,0.000781,False
country-georgia,2,Sisyrinchium micranthum,species,Blue Pigroot,0.000781,False
country-georgia,2,Convolvulus cantabrica,species,Cantabrican morning glory,0.000781,False
country-georgia,2,Tanacetum macrophyllum,species,Rayed Tansy,0.000781,False
country-georgia,2,Staphylea pinnata,species,European bladdernut,0.000781,False
country-georgia,2,Solanum chenopodioides,species,tall nightshade,0.000781,True
country-georgia,2,Cerinthe glabra,species,Smooth Honeywort,0.000781,False
country-georgia,2,Galatella sedifolia,species,Rhone Aster,0.000781,False
country-georgia,2,Rubia tinctorum,species,Madder,0.000781,False
country-georgia,2,Pterocarya fraxinifolia,species,Caucasian Wingnut,0.000781,False
country-georgia,2,Tetrapanax papyrifer,species,Rice paper plant,0.000781,False
country-georgia,2,Euphorbia stricta,species,Upright Spurge,0.000781,False
country-georgia,2,Osmanthus heterophyllus,species,holly olive,0.000781,False
country-georgia,2,Pyrus salicifolia,species,Willow-leaved Pear,0.000781,False
country-georgia,2,Ziziphus jujuba,species,Jujube,0.000781,False
country-georgia,2,Stellaria aquatica,species,Water Chickweed,0.000781,True
country-georgia,2,Carlina biebersteinii,species,Bieberstein's thistle,0.000781,True
country-georgia,2,Teucrium polium,species,Felty Germander,0.000781,False
country-georgia,2,Cardamine occulta,species,Nursery bittercress,0.000781,False
country-georgia,2,Juniperus deltoides,species,eastern prickly juniper,0.000781,False
country-georgia,2,Hydrocotyle ramiflora,species,,0.000781,False
country-georgia,2,Dianthus orientalis,species,,0.000781,False
country-georgia,2,Lonicera iberica,species,,0.000781,False
country-georgia,2,Asparagus verticillatus,species,vining asparagus,0.000781,False
country-georgia,2,Chamaenerion colchicum,species,,0.000781,False
country-georgia,2,Pulsatilla georgica,species,,0.000781,False
country-georgia,2,Euphorbia iberica,species,,0.000781,False
country-georgia,2,Sempervivum caucasicum,species,,0.000781,False
country-georgia,2,Sambucus nigra,species,European black elderberry,0.000781,True
country-georgia,2,Staphylea colchica,species,Caucasian Bladdernut,0.000781,False
country-georgia,2,Crataegus pentagyna,species,Five-seeded Hawthorn,0.000781,False
country-georgia,2,Lysimachia arvensis,species,scarlet pimpernel,0.000781,True
country-georgia,2,Paris incompleta,species,,0.000781,False
country-georgia,2,Colutea orientalis,species,Blood-spotted Bladder Senna,0.000781,False
country-georgia,2,Huynhia pulchra,species,Prophet-flower,0.000781,False
country-georgia,2,Argyrolobium biebersteinii,species,,0.000781,False
country-georgia,2,Rhamnus erythroxyloides,species,Pallas' Buckthorn,0.000781,False
country-georgia,2,Cyperus brevifolioides,species,Asiatic Greenhead Sedge,0.000781,False
country-georgia,2,Phedimus stolonifer,species,Lesser Caucasian-stonecrop,0.000781,False
country-georgia,1,Sequoia sempervirens,species,coast redwood,0.000391,True
country-georgia,1,Albizia julibrissin,species,Persian silk tree,0.000391,True
country-georgia,1,Populus tremula,species,European aspen,0.000391,True
country-georgia,1,Taraxacum officinale,species,common dandelion,0.000391,True
country-georgia,1,Sherardia arvensis,species,Field madder,0.000391,True
country-georgia,1,Nephrolepis cordifolia,species,Fishbone Fern,0.000391,True
country-georgia,1,Mycelis muralis,species,Wall Lettuce,0.000391,True
country-georgia,1,Datura metel,species,metel devil's trumpet,0.000391,False
country-georgia,1,Liquidambar styraciflua,species,American sweetgum,0.000391,True
country-georgia,1,Taxodium distichum,species,baldcypress,0.000391,True
country-georgia,1,Fragaria vesca,species,woodland strawberry,0.000391,True
country-georgia,1,Crataegus monogyna,species,common hawthorn,0.000391,True
country-georgia,1,Laburnum anagyroides,species,Common Laburnum,0.000391,True
country-georgia,1,Circaea lutetiana,species,enchanter's-nightshade,0.000391,True
country-georgia,1,Philadelphus coronarius,species,Sweet Mock Orange,0.000391,False
country-georgia,1,Centaurea solstitialis,species,Yellow Star-Thistle,0.000391,True
country-georgia,1,Drosera rotundifolia,species,round-leaved sundew,0.000391,True
country-georgia,1,Pteridium aquilinum,species,common bracken,0.000391,True
country-georgia,1,Hordeum murinum,species,wall barley,0.000391,True
country-georgia,1,Poa annua,species,Annual Meadow-grass,0.000391,True
country-georgia,1,Cirsium vulgare,species,Bull Thistle,0.000391,True
country-georgia,1,Ambrosia trifida,species,giant ragweed,0.000391,True
country-georgia,1,Foeniculum vulgare,species,fennel,0.000391,True
country-georgia,1,Plantago lanceolata,species,ribwort plantain,0.000391,True
country-georgia,1,Stellaria media,species,common chickweed,0.000391,True
country-georgia,1,Cotoneaster pannosus,species,silverleaf cotoneaster,0.000391,False
country-georgia,1,Liriodendron tulipifera,species,American tuliptree,0.000391,True
country-georgia,1,Cotoneaster horizontalis,species,Wall cotoneaster,0.000391,False
country-georgia,1,Ilex aquifolium,species,European holly,0.000391,True
country-georgia,1,Pyracantha angustifolia,species,Narrowleaf Firethorn,0.000391,False
country-georgia,1,Corylus avellana,species,common hazel,0.000391,True
country-georgia,1,Lemna minor,species,Common Duckweed,0.000391,True
country-georgia,1,Acer platanoides,species,Norway maple,0.000391,True
country-georgia,1,Actinidia chinensis,species,Chinese gooseberry,0.000391,False
country-georgia,1,Crambe maritima,species,sea kale,0.000391,True
country-georgia,1,Solanum dulcamara,species,bittersweet nightshade,0.000391,True
country-georgia,1,Veronica persica,species,bird's-eye speedwell,0.000391,True
country-georgia,1,Lunularia cruciata,species,Crescent-cup liverwort,0.000391,True
country-georgia,1,Silene vulgaris,species,bladder campion,0.000391,True
country-georgia,1,Cymbalaria muralis,species,Ivy-leaved toadflax,0.000391,True
country-georgia,1,Sanguisorba minor,species,Salad Burnet,0.000391,True
country-georgia,1,Prunus spinosa,species,Blackthorn,0.000391,True
country-georgia,1,Primula veris,species,Cowslip,0.000391,True
country-georgia,1,Rumex acetosa,species,Common Sorrel,0.000391,True
country-georgia,1,Glechoma hederacea,species,ground-ivy,0.000391,True
country-georgia,1,Viola odorata,species,Sweet violet,0.000391,True
country-georgia,1,Brunnera macrophylla,species,Siberian bugloss,0.000391,False
country-georgia,1,Hieracium umbellatum,species,Canada hawkweed,0.000391,True
country-georgia,1,Eupatorium cannabinum,species,hemp agrimony,0.000391,True
country-georgia,1,Tamarix ramosissima,species,saltcedar,0.000391,True
country-georgia,1,Leucanthemum vulgare,species,oxeye daisy,0.000391,True
country-georgia,1,Galium odoratum,species,Sweet Woodruff,0.000391,True
country-georgia,1,Morus alba,species,white mulberry,0.000391,True
country-georgia,1,Ajuga reptans,species,carpet bugle,0.000391,True
country-georgia,1,Juncus effusus,species,Soft Rush,0.000391,True
country-georgia,1,Saponaria officinalis,species,common soapwort,0.000391,True
country-georgia,1,Leonurus cardiaca,species,common motherwort,0.000391,True
country-georgia,1,Marchantia polymorpha,species,Common Liverwort,0.000391,True
country-georgia,1,Medicago sativa,species,Alfalfa,0.000391,True
country-georgia,1,Mentha pulegium,species,Pennyroyal,0.000391,True
country-georgia,1,Euphorbia amygdaloides,species,wood spurge,0.000391,True
country-georgia,1,Rhynchospora alba,species,white beak-sedge,0.000391,True
country-georgia,1,Spirodela polyrhiza,species,greater duckweed,0.000391,True
country-georgia,1,Toxicodendron radicans,species,eastern poison ivy,0.000391,True
country-georgia,1,Cystopteris fragilis,species,brittle bladderfern,0.000391,True
country-georgia,1,Berula erecta,species,cutleaf water parsnip,0.000391,False
country-georgia,1,Galium humifusum,species,Spreading Bedstraw,0.000391,False
country-georgia,1,Verbascum thapsus,species,great mullein,0.000391,True
country-georgia,1,Potentilla micrantha,species,Pink Barren-strawberry,0.000391,False
country-georgia,1,Hydrocotyle verticillata,species,Whorled Pennywort,0.000391,False
country-georgia,1,Cirsium arvense,species,creeping thistle,0.000391,True
country-georgia,1,Echinochloa crus-galli,species,barnyardgrass,0.000391,True
country-georgia,1,Artemisia absinthium,species,absinthe wormwood,0.000391,True
country-georgia,1,Saururus cernuus,species,lizard's tail,0.000391,True
country-georgia,1,Cakile maritima,species,European Searocket,0.000391,True
country-georgia,1,Lathyrus hirsutus,species,Hairy Vetchling,0.000391,True
country-georgia,1,Physalis angulata,species,cutleaf groundcherry,0.000391,True
country-georgia,1,Filipendula vulgaris,species,Dropwort,0.000391,True
country-georgia,1,Goodyera repens,species,lesser rattlesnake plantain,0.000391,True
country-georgia,1,Amaranthus spinosus,species,spiny amaranth,0.000391,False
country-georgia,1,Lepidium draba,species,Heart-podded Hoary Cress,0.000391,True
country-georgia,1,Cortaderia selloana,species,Pampas Grass,0.000391,True
country-georgia,1,Cupressus sempervirens,species,Mediterranean cypress,0.000391,False
country-georgia,1,Solidago canadensis,species,Canada goldenrod,0.000391,True
country-georgia,1,Cosmos bipinnatus,species,garden cosmos,0.000391,True
country-georgia,1,Juncus tenuis,species,Slender Path Rush,0.000391,True
country-georgia,1,Prunus amygdalus,species,Almond,0.000391,False
country-georgia,1,Anchusa azurea,species,Italian Bugloss,0.000391,False
country-georgia,1,Astragalus cicer,species,Chickpea Milkvetch,0.000391,True
country-georgia,1,Brachypodium sylvaticum,species,Slender False Brome,0.000391,False
country-georgia,1,Callitriche palustris,species,Narrow-fruited Water-starwort,0.000391,False
country-georgia,1,Carduus acanthoides,species,Broad-winged Thistle,0.000391,True
country-georgia,1,Celtis australis,species,Nettle tree,0.000391,False
country-georgia,1,Cenchrus longispinus,species,mat sandbur,0.000391,False
country-georgia,1,Centaurium pulchellum,species,Lesser Centaury,0.000391,True
country-georgia,1,Chondrilla juncea,species,Rush Skeletonweed,0.000391,True
country-georgia,1,Cuscuta campestris,species,Field Dodder,0.000391,False
country-georgia,1,Cyperus esculentus,species,yellow nutsedge,0.000391,True
country-georgia,1,Cyperus iria,species,Rice flat-sedge,0.000391,False
country-georgia,1,Cyperus rotundus,species,Purple nutsedge,0.000391,True
country-georgia,1,Diplotaxis muralis,species,annual wall-rocket,0.000391,False
country-georgia,1,Diplotaxis tenuifolia,species,Perennial Wall-rocket,0.000391,True
country-georgia,1,Dysphania ambrosioides,species,Mexican tea,0.000391,True
country-georgia,1,Dysphania botrys,species,Jerusalem oak,0.000391,False
country-georgia,1,Eleusine indica,species,Goose Grass,0.000391,True
country-georgia,1,Erigeron bonariensis,species,Flax-leaved Horseweed,0.000391,True
country-georgia,1,Geranium pyrenaicum,species,Hedgerow Crane's-bill,0.000391,True
country-georgia,1,Glycyrrhiza glabra,species,cultivated licorice,0.000391,False
country-georgia,1,Juncus acutus,species,spiny rush,0.000391,True
country-georgia,1,Nasturtium officinale,species,watercress,0.000391,True
country-georgia,1,Orthilia secunda,species,one-sided wintergreen,0.000391,True
country-georgia,1,Papaver somniferum,species,opium poppy,0.000391,True
country-georgia,1,Peganum harmala,species,harmel,0.000391,False
country-georgia,1,Potamogeton crispus,species,Curly-leaf Pondweed,0.000391,True
country-georgia,1,Quercus ilex,species,Holm oak,0.000391,True
country-georgia,1,Reseda lutea,species,Wild Mignonette,0.000391,True
country-georgia,1,Silene noctiflora,species,Night-flowering Catchfly,0.000391,False
country-georgia,1,Trifolium aureum,species,large hop clover,0.000391,True
country-georgia,1,Ulmus minor,species,Field Elm,0.000391,True
country-georgia,1,Glaucium corniculatum,species,Red Horned Poppy,0.000391,False
country-georgia,1,Euphorbia myrsinites,species,Donkey Tail,0.000391,True
country-georgia,1,Crithmum maritimum,species,rock samphire,0.000391,True
country-georgia,1,Viburnum tinus,species,Laurustinus viburnum,0.000391,True
country-georgia,1,Prosopis farcta,species,Syrian Mesquite,0.000391,False
country-georgia,1,Diospyros kaki,species,Japanese Persimmon,0.000391,False
country-georgia,1,Solanum villosum,species,red nightshade,0.000391,False
country-georgia,1,Betula pendula,species,silver birch,0.000391,True
country-georgia,1,Campanula glomerata,species,clustered bellflower,0.000391,True
country-georgia,1,Epilobium hirsutum,species,Great Willowherb,0.000391,True
country-georgia,1,Impatiens noli-tangere,species,Touch-me-not Balsam,0.000391,True
country-georgia,1,Carlina vulgaris,species,Carline Thistle,0.000391,True
country-georgia,1,Funaria hygrometrica,species,Bonfire moss,0.000391,True
country-georgia,1,Solanum sarrachoides,species,Hairy Nightshade,0.000391,False
country-georgia,1,Hylocomium splendens,species,stairstep moss,0.000391,True
country-georgia,1,Leucobryum glaucum,species,Pincushion Moss,0.000391,True
country-georgia,1,Helianthus tuberosus,species,Jerusalem artichoke,0.000391,True
country-georgia,1,Dicranum scoparium,species,Broom Forkmoss,0.000391,True
country-georgia,1,Bryum argenteum,species,Silvery Bryum,0.000391,True
country-georgia,1,Ctenidium molluscum,species,Comb-moss,0.000391,False
country-georgia,1,Viburnum lantana,species,Wayfaring-tree,0.000391,True
country-georgia,1,Mazus pumilus,species,Asian mazus,0.000391,True
country-georgia,1,Hibiscus syriacus,species,common hibiscus,0.000391,True
country-georgia,1,Lathyrus vernus,species,spring vetch,0.000391,True
country-georgia,1,Prunus mahaleb,species,St Lucie Cherry,0.000391,False
country-georgia,1,Rhizomnium punctatum,species,Dotted Thyme-moss,0.000391,False
country-georgia,1,Securigera varia,species,purple crownvetch,0.000391,True
country-georgia,1,Verbena rigida,species,Slender Vervain,0.000391,True
country-georgia,1,Broussonetia papyrifera,species,Paper mulberry,0.000391,True
country-georgia,1,Verbena brasiliensis,species,Brazilian Vervain,0.000391,True
country-georgia,1,Stachys sylvatica,species,hedge woundwort,0.000391,True
country-georgia,1,Tilia cordata,species,Little-leaf Linden,0.000391,True
country-georgia,1,Neckera pennata,species,shingle moss,0.000391,True
country-georgia,1,Lycopus europaeus,species,European water-horehound,0.000391,True
country-georgia,1,Buxus sempervirens,species,common box,0.000391,False
country-georgia,1,Podocarpus macrophyllus,species,kusamaki,0.000391,False
country-georgia,1,Prunus armeniaca,species,apricot,0.000391,False
country-georgia,1,Lagerstroemia indica,species,Crape-myrtle,0.000391,True
country-georgia,1,Camptotheca acuminata,species,Happy tree,0.000391,False
country-georgia,1,Ophioglossum lusitanicum,species,least adder's-tongue,0.000391,False
country-georgia,1,Astragalus buschiorum,species,,0.000391,False
country-georgia,1,Saxifraga sibirica,species,Siberian Saxifrage,0.000391,False
country-georgia,1,Canna indica,species,Indian shot,0.000391,True
country-georgia,1,Euphorbia paralias,species,Sea Spurge,0.000391,True
country-georgia,1,Atropa bella-donna,species,Deadly Nightshade,0.000391,False
country-georgia,1,Calliergonella cuspidata,species,Pointed Spear-moss,0.000391,False
country-georgia,1,Centaurea phrygia,species,Wig Knapweed,0.000391,True
country-georgia,1,Clematis orientalis,species,Oriental Virgin's-bower,0.000391,False
country-georgia,1,Crepis foetida,species,Stinking Hawk's-beard,0.000391,False
country-georgia,1,Cynoglossum zeylanicum,species,Ceylon Forget Me Not,0.000391,False
country-georgia,1,Cyrtomium fortunei,species,Fortune's Holly-fern,0.000391,False
country-georgia,1,Echium italicum,species,Pale Bugloss,0.000391,False
country-georgia,1,Eucalyptus cinerea,species,Argyle apple,0.000391,False
country-georgia,1,Hylotelephium spectabile,species,Butterfly Stonecrop,0.000391,False
country-georgia,1,Jasminum nudiflorum,species,Winter jasmine,0.000391,False
country-georgia,1,Juncus inflexus,species,Hard Rush,0.000391,False
country-georgia,1,Malus baccata,species,Siberian crabapple,0.000391,False
country-georgia,1,Phaeoceros carolinianus,species,Carolina hornwort,0.000391,False
country-georgia,1,Poa alpina,species,Alpine Bluegrass,0.000391,False
country-georgia,1,Polystichum braunii,species,Braun's holly fern,0.000391,False
country-georgia,1,Psilotum nudum,species,skeleton fork fern,0.000391,True
country-georgia,1,Pulicaria dysenterica,species,Common Fleabane,0.000391,True
country-georgia,1,Rhus typhina,species,staghorn sumac,0.000391,True
country-georgia,1,Salvinia natans,species,floating fern,0.000391,False
country-georgia,1,Schoenoplectus lacustris,species,Common Club-rush,0.000391,False
country-georgia,1,Sedum sexangulare,species,Tasteless Stonecrop,0.000391,True
country-georgia,1,Suaeda maritima,species,Herbaceous Seepweed,0.000391,False
country-georgia,1,Symphytum asperum,species,Rough Comfrey,0.000391,False
country-georgia,1,Teucrium orientale,species,,0.000391,False
country-georgia,1,Trapa natans,species,Water caltrop,0.000391,True
country-georgia,1,Verbascum phlomoides,species,Orange Mullein,0.000391,False
country-georgia,1,Vernicia fordii,species,tung oil tree,0.000391,False
country-georgia,1,Vinca herbacea,species,Herbaceous Periwinkle,0.000391,False
country-georgia,1,Platanus orientalis,species,Oriental Plane,0.000391,False
country-georgia,1,Zinnia elegans,species,Elegant Zinnia,0.000391,True
country-georgia,1,Parthenocissus inserta,species,thicket creeper,0.000391,True
country-georgia,1,Celtis caucasica,species,Caucasian hackberry,0.000391,False
country-georgia,1,Euphorbia prostrata,species,prostrate sandmat,0.000391,True
country-georgia,1,Cyperus microiria,species,Asian Flatsedge,0.000391,False
country-georgia,1,Ficaria verna,species,lesser celandine,0.000391,True
country-georgia,1,Juncus conglomeratus,species,Compact Rush,0.000391,False
country-georgia,1,Lamium galeobdolon,species,yellow archangel,0.000391,True
country-georgia,1,Medicago marina,species,Coastal medick,0.000391,False
country-georgia,1,Gomphocarpus physocarpus,species,balloonplant,0.000391,True
country-georgia,1,Smyrnium perfoliatum,species,Perfoliate Alexanders,0.000391,False
country-georgia,1,Schoenoplectiella mucronata,species,Bog Bulrush,0.000391,False
country-georgia,1,Oxalis triangularis,species,false shamrock,0.000391,False
country-georgia,1,Aster amellus,species,Italian Aster,0.000391,False
country-georgia,1,Lomelosia caucasica,species,Perennial Scabious,0.000391,False
country-georgia,1,Linum tenuifolium,species,Narrow-leaved Flax,0.000391,False
country-georgia,1,Digitalis ferruginea,species,Rusty Foxglove,0.000391,False
country-georgia,1,Cicerbita alpina,species,Alpine Blue-sow-thistle,0.000391,False
country-georgia,1,Acer buergerianum,species,Trident maple,0.000391,False
country-georgia,1,Sternbergia colchiciflora,species,Turkish starflower,0.000391,False
country-georgia,1,Cladophora glomerata,species,,0.000391,False
country-georgia,1,Sempervivum transcaucasicum,species,,0.000391,False
country-georgia,1,Euonymus japonicus,species,Japanese spindle tree,0.000391,True
country-georgia,1,Lathyrus laxiflorus,species,loose-flowered vetchling,0.000391,False
country-georgia,1,Clinopodium grandiflorum,species,Greater Calamint,0.000391,False
country-georgia,1,Verbascum pyramidatum,species,Caucasian Mullein,0.000391,False
country-georgia,1,Fallopia aubertii,species,Silver Lace Vine,0.000391,False
country-georgia,1,Pilosella officinarum,species,mouse-eared hawkweed,0.000391,True
country-georgia,1,Epimedium pinnatum,species,Caucasian Barrenwort,0.000391,False
country-georgia,1,Berberis julianae,species,wintergreen barberry,0.000391,False
country-georgia,1,Oreopteris limbosperma,species,Lemon-scented Fern,0.000391,False
country-georgia,1,Ranunculus rionii,species,Water Crowfoot,0.000391,False
country-georgia,1,Tilia dasystyla,species,Crimean Lime,0.000391,False
country-georgia,1,Galega orientalis,species,Eastern Goat's-rue,0.000391,False
country-georgia,1,Selaginella helvetica,species,Swiss Spikemoss,0.000391,False
country-georgia,1,Crataegus rhipidophylla,species,Large-sepalled Hawthorn,0.000391,False
country-georgia,1,Xeranthemum annuum,species,Immortelle,0.000391,False
country-georgia,1,Parrotia persica,species,Persian ironwood,0.000391,False
country-georgia,1,Veratrum lobelianum,species,White Hellebore,0.000391,True
country-georgia,1,Danae racemosa,species,Alexandrian Laurel,0.000391,False
country-georgia,1,Laser trilobum,species,Horse Caraway,0.000391,False
country-georgia,1,Prospero autumnale,species,Autumn Squill,0.000391,True
country-georgia,1,Paragymnopteris marantae,species,,0.000391,False
country-georgia,1,Cyperus brevifolius,species,Shortleaf Spikesedge,0.000391,True
country-georgia,1,Clinopodium nepeta,species,Lesser Calamint,0.000391,False
country-georgia,1,Melica transsilvanica,species,eastern melick,0.000391,False
country-georgia,1,Euphorbia seguieriana,species,steppe spurge,0.000391,False
country-georgia,1,Musa basjoo,species,Japanese banana,0.000391,False
country-georgia,1,Gentianella caucasea,species,,0.000391,False
country-georgia,1,Traunsteinera sphaerica,species,,0.000391,False
country-georgia,1,Rhynchocorys elephas,species,,0.000391,False
country-georgia,1,Crocus autranii,species,,0.000391,False
country-georgia,1,Nonea versicolor,species,,0.000391,False
country-georgia,1,Chenopodiastrum murale,species,nettle-leaved goosefoot,0.000391,True
country-georgia,1,Datisca cannabina,species,False Hemp,0.000391,False
country-georgia,1,Paeonia caucasica,species,Caucasus Peony,0.000391,False
country-georgia,1,Aegonychon purpurocaeruleum,species,Purple Gromwell,0.000391,True
country-georgia,1,Acer velutinum,species,Velvet Maple,0.000391,False
country-georgia,1,Geranium albanum,species,,0.000391,False
country-georgia,1,Ephedra procera,species,,0.000391,False
country-georgia,1,Chamaenerion dodonaei,species,Rosemary-leaved Willowherb,0.000391,False
country-georgia,1,Chamaenerion angustifolium,species,fireweed,0.000391,True
country-georgia,1,Pojarkovia pojarkovae,species,,0.000391,False
country-georgia,1,Valeriana alliariifolia,species,,0.000391,False
country-georgia,1,Veronica magna,species,,0.000391,False
country-georgia,1,Coronilla coronata,species,Crowned Scorpion-Vetch,0.000391,False
country-georgia,1,Papaver armeniacum,species,Armenian Poppy,0.000391,False
country-georgia,1,Maclura tricuspidata,species,silkworm thorn,0.000391,False
country-georgia,1,Cephalaria media,species,,0.000391,False
country-georgia,1,Quercus hartwissiana,species,strandzha oak,0.000391,False
country-georgia,1,Cherleria circassica,species,,0.000391,False
country-georgia,1,Ribes biebersteinii,species,,0.000391,False
country-georgia,1,Chiastophyllum oppositifolium,species,Lamb's-tail,0.000391,False
country-georgia,1,Silene saxatilis,species,,0.000391,False
country-georgia,1,Astragalus fragrans,species,,0.000391,False
country-georgia,1,Geranium gymnocaulon,species,,0.000391,False
country-georgia,1,Antennaria caucasica,species,caucasian catsfoot,0.000391,False
country-georgia,1,Viola somchetica,species,,0.000391,False
country-georgia,1,Centaurea reflexa,species,,0.000391,False
country-georgia,1,Euonymus leiophloeus,species,,0.000391,False
country-georgia,1,Veronica armena,species,,0.000391,False
country-georgia,1,Polygala transcaucasica,species,,0.000391,False
country-georgia,1,Salvia garedjii,species,Mount Gareja Sage,0.000391,False
country-georgia,1,Cirsium echinus,species,,0.000391,False
country-georgia,1,Berberis iberica,species,,0.000391,False
country-georgia,1,Oxybasis glauca,species,oak-leaved goosefoot,0.000391,True
country-georgia,1,Eriocapitella hupehensis,species,Hubei Anemone,0.000391,False
country-georgia,1,Centaurea cheiranthifolia,species,,0.000391,False
country-georgia,1,Exsertotheca crispa,species,Crisped Neckera,0.000391,False
country-georgia,1,Clinopodium caucasicum,species,,0.000391,False
country-georgia,1,Prenanthes petiolata,species,,0.000391,False
country-georgia,1,Dryopteris shorapanensis,species,,0.000391,False
country-georgia,1,Euphorbia glaberrima,species,,0.000391,False
country-georgia,1,Verbascum gracilescens,species,,0.000391,False
country-georgia,1,Crataegus stevenii,species,,0.000391,False
country-georgia,1,Senecio propinquus,species,,0.000391,False
country-georgia,1,Cirsium osseticum,species,,0.000391,False
country-georgia,1,Pentanema squarrosum,species,Ploughman's-spikenard,0.000391,False
country-georgia,1,Carex agastachys,species,,0.000391,False
country-georgia,1,Feijoa sellowiana,species,Feijoa,0.000391,False
country-georgia,1,Najas major,species,,0.000391,False
country-georgia,1,Satureja bzybica,species,,0.000391,False
country-georgia,1,Anatherum virginicum,species,broomsedge bluestem,0.000391,False
