photo,species,toxic,variant,margin,top1,top1_toxic,best_blocker,gap,hazard_warn,pass_any_target,passing_targets,pass_own_target
Conoclinium_coelestinum_0.jpg,Conoclinium coelestinum,False,A,0.000000,Conoclinium coelestinum,False,,inf,False,True,Conoclinium coelestinum,True
Conoclinium_coelestinum_0.jpg,Conoclinium coelestinum,False,B,0.000000,Conoclinium coelestinum,False,Eupatorium serotinum,0.194421,False,True,Conoclinium coelestinum,True
Conoclinium_coelestinum_0.jpg,Conoclinium coelestinum,False,C,0.000000,Conoclinium coelestinum,False,Ageratina altissima,0.178098,False,True,Conoclinium coelestinum,True
Conoclinium_coelestinum_0.jpg,Conoclinium coelestinum,False,C-veto2,0.000000,Conoclinium coelestinum,False,Ageratina altissima,0.178098,False,False,,False
Conoclinium_coelestinum_0.jpg,Conoclinium coelestinum,False,C-veto3,0.000000,Conoclinium coelestinum,False,Ageratina altissima,0.178098,False,False,,False
Conoclinium_coelestinum_0.jpg,Conoclinium coelestinum,False,C-veto5,0.000000,Conoclinium coelestinum,False,Ageratina altissima,0.178098,False,False,,False
Conoclinium_coelestinum_0.jpg,Conoclinium coelestinum,False,C-m0.01,0.010000,Conoclinium coelestinum,False,Ageratina altissima,0.178098,False,True,Conoclinium coelestinum,True
Conoclinium_coelestinum_0.jpg,Conoclinium coelestinum,False,C-m0.02,0.020000,Conoclinium coelestinum,False,Ageratina altissima,0.178098,False,True,Conoclinium coelestinum,True
Conoclinium_coelestinum_0.jpg,Conoclinium coelestinum,False,C-m0.03,0.030000,Conoclinium coelestinum,False,Ageratina altissima,0.178098,False,True,Conoclinium coelestinum,True
Conoclinium_coelestinum_0.jpg,Conoclinium coelestinum,False,C-m0.04,0.040000,Conoclinium coelestinum,False,Ageratina altissima,0.178098,False,True,Conoclinium coelestinum,True
Conoclinium_coelestinum_0.jpg,Conoclinium coelestinum,False,C-m0.05,0.050000,Conoclinium coelestinum,False,Ageratina altissima,0.178098,False,True,Conoclinium coelestinum,True
Conoclinium_coelestinum_0.jpg,Conoclinium coelestinum,False,C-m0.06,0.060000,Conoclinium coelestinum,False,Ageratina altissima,0.178098,False,True,Conoclinium coelestinum,True
Conoclinium_coelestinum_0.jpg,Conoclinium coelestinum,False,C-m0.08,0.080000,Conoclinium coelestinum,False,Ageratina altissima,0.178098,False,True,Conoclinium coelestinum,True
Conoclinium_coelestinum_0.jpg,Conoclinium coelestinum,False,C-m0.10,0.100000,Conoclinium coelestinum,False,Ageratina altissima,0.178098,False,True,Conoclinium coelestinum,True
Conoclinium_coelestinum_0.jpg,Conoclinium coelestinum,False,T,0.000000,Conoclinium coelestinum,False,Ageratum houstonianum,0.158354,False,True,Conoclinium coelestinum,True
Conoclinium_coelestinum_0.jpg,Conoclinium coelestinum,False,T-veto2,0.000000,Conoclinium coelestinum,False,Ageratum houstonianum,0.158354,False,False,,False
Conoclinium_coelestinum_0.jpg,Conoclinium coelestinum,False,T-veto3,0.000000,Conoclinium coelestinum,False,Ageratum houstonianum,0.158354,False,False,,False
Conoclinium_coelestinum_0.jpg,Conoclinium coelestinum,False,T-veto5,0.000000,Conoclinium coelestinum,False,Ageratum houstonianum,0.158354,False,False,,False
Conoclinium_coelestinum_0.jpg,Conoclinium coelestinum,False,W,0.000000,Conoclinium coelestinum,False,Ageratum houstonianum,0.158354,False,True,Conoclinium coelestinum,True
Conoclinium_coelestinum_0.jpg,Conoclinium coelestinum,False,C-m*raw,0.047722,Conoclinium coelestinum,False,Ageratina altissima,0.178098,False,True,Conoclinium coelestinum,True
Conoclinium_coelestinum_0.jpg,Conoclinium coelestinum,False,C-m*hazard,0.047722,Conoclinium coelestinum,False,Ageratina altissima,0.178098,False,True,Conoclinium coelestinum,True
Conoclinium_coelestinum_1.jpg,Conoclinium coelestinum,False,A,0.000000,Conoclinium coelestinum,False,,inf,False,True,Conoclinium coelestinum,True
Conoclinium_coelestinum_1.jpg,Conoclinium coelestinum,False,B,0.000000,Conoclinium coelestinum,False,Eupatorium serotinum,0.068588,False,True,Conoclinium coelestinum,True
Conoclinium_coelestinum_1.jpg,Conoclinium coelestinum,False,C,0.000000,Conoclinium coelestinum,False,Ageratina altissima,0.014458,False,True,Conoclinium coelestinum,True
Conoclinium_coelestinum_1.jpg,Conoclinium coelestinum,False,C-veto2,0.000000,Conoclinium coelestinum,False,Ageratina altissima,0.014458,False,False,,False
Conoclinium_coelestinum_1.jpg,Conoclinium coelestinum,False,C-veto3,0.000000,Conoclinium coelestinum,False,Ageratina altissima,0.014458,False,False,,False
Conoclinium_coelestinum_1.jpg,Conoclinium coelestinum,False,C-veto5,0.000000,Conoclinium coelestinum,False,Ageratina altissima,0.014458,False,False,,False
Conoclinium_coelestinum_1.jpg,Conoclinium coelestinum,False,C-m0.01,0.010000,Conoclinium coelestinum,False,Ageratina altissima,0.014458,False,True,Conoclinium coelestinum,True
Conoclinium_coelestinum_1.jpg,Conoclinium coelestinum,False,C-m0.02,0.020000,Conoclinium coelestinum,False,Ageratina altissima,0.014458,False,False,,False
Conoclinium_coelestinum_1.jpg,Conoclinium coelestinum,False,C-m0.03,0.030000,Conoclinium coelestinum,False,Ageratina altissima,0.014458,False,False,,False
Conoclinium_coelestinum_1.jpg,Conoclinium coelestinum,False,C-m0.04,0.040000,Conoclinium coelestinum,False,Ageratina altissima,0.014458,False,False,,False
Conoclinium_coelestinum_1.jpg,Conoclinium coelestinum,False,C-m0.05,0.050000,Conoclinium coelestinum,False,Ageratina altissima,0.014458,False,False,,False
Conoclinium_coelestinum_1.jpg,Conoclinium coelestinum,False,C-m0.06,0.060000,Conoclinium coelestinum,False,Ageratina altissima,0.014458,False,False,,False
Conoclinium_coelestinum_1.jpg,Conoclinium coelestinum,False,C-m0.08,0.080000,Conoclinium coelestinum,False,Ageratina altissima,0.014458,False,False,,False
Conoclinium_coelestinum_1.jpg,Conoclinium coelestinum,False,C-m0.10,0.100000,Conoclinium coelestinum,False,Ageratina altissima,0.014458,False,False,,False
Conoclinium_coelestinum_1.jpg,Conoclinium coelestinum,False,T,0.000000,Conoclinium coelestinum,False,Melanthera nivea,0.004184,False,True,Conoclinium coelestinum,True
Conoclinium_coelestinum_1.jpg,Conoclinium coelestinum,False,T-veto2,0.000000,Conoclinium coelestinum,False,Melanthera nivea,0.004184,False,False,,False
Conoclinium_coelestinum_1.jpg,Conoclinium coelestinum,False,T-veto3,0.000000,Conoclinium coelestinum,False,Melanthera nivea,0.004184,False,False,,False
Conoclinium_coelestinum_1.jpg,Conoclinium coelestinum,False,T-veto5,0.000000,Conoclinium coelestinum,False,Melanthera nivea,0.004184,False,False,,False
Conoclinium_coelestinum_1.jpg,Conoclinium coelestinum,False,W,0.000000,Conoclinium coelestinum,False,Melanthera nivea,0.004184,False,True,Conoclinium coelestinum,True
Conoclinium_coelestinum_1.jpg,Conoclinium coelestinum,False,C-m*raw,0.047722,Conoclinium coelestinum,False,Ageratina altissima,0.014458,False,False,,False
Conoclinium_coelestinum_1.jpg,Conoclinium coelestinum,False,C-m*hazard,0.047722,Conoclinium coelestinum,False,Ageratina altissima,0.014458,False,False,,False
Conoclinium_coelestinum_2.jpg,Conoclinium coelestinum,False,A,0.000000,Conoclinium coelestinum,False,,inf,False,True,Conoclinium coelestinum,True
Conoclinium_coelestinum_2.jpg,Conoclinium coelestinum,False,B,0.000000,Conoclinium coelestinum,False,Eupatorium capillifolium,0.077774,False,True,Conoclinium coelestinum,True
Conoclinium_coelestinum_2.jpg,Conoclinium coelestinum,False,C,0.000000,Verbena rigida,True,Verbena rigida,0.000000,False,False,,False
Conoclinium_coelestinum_2.jpg,Conoclinium coelestinum,False,C-veto2,0.000000,Verbena rigida,True,Verbena rigida,0.000000,False,False,,False
Conoclinium_coelestinum_2.jpg,Conoclinium coelestinum,False,C-veto3,0.000000,Verbena rigida,True,Verbena rigida,0.000000,False,False,,False
Conoclinium_coelestinum_2.jpg,Conoclinium coelestinum,False,C-veto5,0.000000,Verbena rigida,True,Verbena rigida,0.000000,False,False,,False
Conoclinium_coelestinum_2.jpg,Conoclinium coelestinum,False,C-m0.01,0.010000,Verbena rigida,True,Verbena rigida,0.000000,False,False,,False
Conoclinium_coelestinum_2.jpg,Conoclinium coelestinum,False,C-m0.02,0.020000,Verbena rigida,True,Verbena rigida,0.000000,False,False,,False
Conoclinium_coelestinum_2.jpg,Conoclinium coelestinum,False,C-m0.03,0.030000,Verbena rigida,True,Verbena rigida,0.000000,False,False,,False
Conoclinium_coelestinum_2.jpg,Conoclinium coelestinum,False,C-m0.04,0.040000,Verbena rigida,True,Verbena rigida,0.000000,False,False,,False
Conoclinium_coelestinum_2.jpg,Conoclinium coelestinum,False,C-m0.05,0.050000,Verbena rigida,True,Verbena rigida,0.000000,False,False,,False
Conoclinium_coelestinum_2.jpg,Conoclinium coelestinum,False,C-m0.06,0.060000,Verbena rigida,True,Verbena rigida,0.000000,False,False,,False
Conoclinium_coelestinum_2.jpg,Conoclinium coelestinum,False,C-m0.08,0.080000,Verbena rigida,True,Verbena rigida,0.000000,False,False,,False
Conoclinium_coelestinum_2.jpg,Conoclinium coelestinum,False,C-m0.10,0.100000,Verbena rigida,True,Verbena rigida,0.000000,False,False,,False
Conoclinium_coelestinum_2.jpg,Conoclinium coelestinum,False,T,0.000000,Verbena bracteata,True,Verbena bracteata,0.000000,False,False,,False
Conoclinium_coelestinum_2.jpg,Conoclinium coelestinum,False,T-veto2,0.000000,Verbena bracteata,True,Verbena bracteata,0.000000,False,False,,False
Conoclinium_coelestinum_2.jpg,Conoclinium coelestinum,False,T-veto3,0.000000,Verbena bracteata,True,Verbena bracteata,0.000000,False,False,,False
Conoclinium_coelestinum_2.jpg,Conoclinium coelestinum,False,T-veto5,0.000000,Verbena bracteata,True,Verbena bracteata,0.000000,False,False,,False
Conoclinium_coelestinum_2.jpg,Conoclinium coelestinum,False,W,0.000000,Verbena bracteata,True,Verbena bracteata,0.000000,False,False,,False
Conoclinium_coelestinum_2.jpg,Conoclinium coelestinum,False,C-m*raw,0.047722,Verbena rigida,True,Verbena rigida,0.000000,False,False,,False
Conoclinium_coelestinum_2.jpg,Conoclinium coelestinum,False,C-m*hazard,0.047722,Verbena rigida,True,Verbena rigida,0.000000,False,False,,False
Callicarpa_americana_0.jpg,Callicarpa americana,False,A,0.000000,Callicarpa americana,False,,inf,False,True,Callicarpa americana,True
Callicarpa_americana_0.jpg,Callicarpa americana,False,B,0.000000,Callicarpa americana,False,Cornus florida,0.246609,False,True,Callicarpa americana,True
Callicarpa_americana_0.jpg,Callicarpa americana,False,C,0.000000,Callicarpa americana,False,Viburnum rhytidophyllum,0.154388,False,True,Callicarpa americana,True
Callicarpa_americana_0.jpg,Callicarpa americana,False,C-veto2,0.000000,Callicarpa americana,False,Viburnum rhytidophyllum,0.154388,False,False,,False
Callicarpa_americana_0.jpg,Callicarpa americana,False,C-veto3,0.000000,Callicarpa americana,False,Viburnum rhytidophyllum,0.154388,False,False,,False
Callicarpa_americana_0.jpg,Callicarpa americana,False,C-veto5,0.000000,Callicarpa americana,False,Viburnum rhytidophyllum,0.154388,False,False,,False
Callicarpa_americana_0.jpg,Callicarpa americana,False,C-m0.01,0.010000,Callicarpa americana,False,Viburnum rhytidophyllum,0.154388,False,True,Callicarpa americana,True
Callicarpa_americana_0.jpg,Callicarpa americana,False,C-m0.02,0.020000,Callicarpa americana,False,Viburnum rhytidophyllum,0.154388,False,True,Callicarpa americana,True
Callicarpa_americana_0.jpg,Callicarpa americana,False,C-m0.03,0.030000,Callicarpa americana,False,Viburnum rhytidophyllum,0.154388,False,True,Callicarpa americana,True
Callicarpa_americana_0.jpg,Callicarpa americana,False,C-m0.04,0.040000,Callicarpa americana,False,Viburnum rhytidophyllum,0.154388,False,True,Callicarpa americana,True
Callicarpa_americana_0.jpg,Callicarpa americana,False,C-m0.05,0.050000,Callicarpa americana,False,Viburnum rhytidophyllum,0.154388,False,True,Callicarpa americana,True
Callicarpa_americana_0.jpg,Callicarpa americana,False,C-m0.06,0.060000,Callicarpa americana,False,Viburnum rhytidophyllum,0.154388,False,True,Callicarpa americana,True
Callicarpa_americana_0.jpg,Callicarpa americana,False,C-m0.08,0.080000,Callicarpa americana,False,Viburnum rhytidophyllum,0.154388,False,True,Callicarpa americana,True
Callicarpa_americana_0.jpg,Callicarpa americana,False,C-m0.10,0.100000,Callicarpa americana,False,Viburnum rhytidophyllum,0.154388,False,True,Callicarpa americana,True
Callicarpa_americana_0.jpg,Callicarpa americana,False,T,0.000000,Callicarpa americana,False,Viburnum lantana,0.138719,False,True,Callicarpa americana,True
Callicarpa_americana_0.jpg,Callicarpa americana,False,T-veto2,0.000000,Callicarpa americana,False,Viburnum lantana,0.138719,False,False,,False
Callicarpa_americana_0.jpg,Callicarpa americana,False,T-veto3,0.000000,Callicarpa americana,False,Viburnum lantana,0.138719,False,False,,False
Callicarpa_americana_0.jpg,Callicarpa americana,False,T-veto5,0.000000,Callicarpa americana,False,Viburnum lantana,0.138719,False,False,,False
Callicarpa_americana_0.jpg,Callicarpa americana,False,W,0.000000,Callicarpa americana,False,Viburnum lantana,0.138719,False,True,Callicarpa americana,True
Callicarpa_americana_0.jpg,Callicarpa americana,False,C-m*raw,0.047722,Callicarpa americana,False,Viburnum rhytidophyllum,0.154388,False,True,Callicarpa americana,True
Callicarpa_americana_0.jpg,Callicarpa americana,False,C-m*hazard,0.047722,Callicarpa americana,False,Viburnum rhytidophyllum,0.154388,False,True,Callicarpa americana,True
Callicarpa_americana_1.jpg,Callicarpa americana,False,A,0.000000,Callicarpa americana,False,,inf,False,True,Callicarpa americana,True
Callicarpa_americana_1.jpg,Callicarpa americana,False,B,0.000000,Callicarpa americana,False,Euonymus americanus,0.269242,False,True,Callicarpa americana,True
Callicarpa_americana_1.jpg,Callicarpa americana,False,C,0.000000,Callicarpa americana,False,Ilex glabra,0.201502,False,True,Callicarpa americana,True
Callicarpa_americana_1.jpg,Callicarpa americana,False,C-veto2,0.000000,Callicarpa americana,False,Ilex glabra,0.201502,False,False,,False
Callicarpa_americana_1.jpg,Callicarpa americana,False,C-veto3,0.000000,Callicarpa americana,False,Ilex glabra,0.201502,False,False,,False
Callicarpa_americana_1.jpg,Callicarpa americana,False,C-veto5,0.000000,Callicarpa americana,False,Ilex glabra,0.201502,False,False,,False
Callicarpa_americana_1.jpg,Callicarpa americana,False,C-m0.01,0.010000,Callicarpa americana,False,Ilex glabra,0.201502,False,True,Callicarpa americana,True
Callicarpa_americana_1.jpg,Callicarpa americana,False,C-m0.02,0.020000,Callicarpa americana,False,Ilex glabra,0.201502,False,True,Callicarpa americana,True
Callicarpa_americana_1.jpg,Callicarpa americana,False,C-m0.03,0.030000,Callicarpa americana,False,Ilex glabra,0.201502,False,True,Callicarpa americana,True
Callicarpa_americana_1.jpg,Callicarpa americana,False,C-m0.04,0.040000,Callicarpa americana,False,Ilex glabra,0.201502,False,True,Callicarpa americana,True
Callicarpa_americana_1.jpg,Callicarpa americana,False,C-m0.05,0.050000,Callicarpa americana,False,Ilex glabra,0.201502,False,True,Callicarpa americana,True
Callicarpa_americana_1.jpg,Callicarpa americana,False,C-m0.06,0.060000,Callicarpa americana,False,Ilex glabra,0.201502,False,True,Callicarpa americana,True
Callicarpa_americana_1.jpg,Callicarpa americana,False,C-m0.08,0.080000,Callicarpa americana,False,Ilex glabra,0.201502,False,True,Callicarpa americana,True
Callicarpa_americana_1.jpg,Callicarpa americana,False,C-m0.10,0.100000,Callicarpa americana,False,Ilex glabra,0.201502,False,True,Callicarpa americana,True
Callicarpa_americana_1.jpg,Callicarpa americana,False,T,0.000000,Callicarpa americana,False,Psychotria nervosa,0.184177,False,True,Callicarpa americana,True
Callicarpa_americana_1.jpg,Callicarpa americana,False,T-veto2,0.000000,Callicarpa americana,False,Psychotria nervosa,0.184177,False,False,,False
Callicarpa_americana_1.jpg,Callicarpa americana,False,T-veto3,0.000000,Callicarpa americana,False,Psychotria nervosa,0.184177,False,False,,False
Callicarpa_americana_1.jpg,Callicarpa americana,False,T-veto5,0.000000,Callicarpa americana,False,Psychotria nervosa,0.184177,False,False,,False
Callicarpa_americana_1.jpg,Callicarpa americana,False,W,0.000000,Callicarpa americana,False,Psychotria nervosa,0.184177,False,True,Callicarpa americana,True
Callicarpa_americana_1.jpg,Callicarpa americana,False,C-m*raw,0.047722,Callicarpa americana,False,Ilex glabra,0.201502,False,True,Callicarpa americana,True
Callicarpa_americana_1.jpg,Callicarpa americana,False,C-m*hazard,0.047722,Callicarpa americana,False,Ilex glabra,0.201502,False,True,Callicarpa americana,True
Callicarpa_americana_2.jpg,Callicarpa americana,False,A,0.000000,Callicarpa americana,False,,inf,False,True,Callicarpa americana,True
Callicarpa_americana_2.jpg,Callicarpa americana,False,B,0.000000,Callicarpa americana,False,Phytolacca americana,0.180664,False,True,Callicarpa americana,True
Callicarpa_americana_2.jpg,Callicarpa americana,False,C,0.000000,Callicarpa americana,False,Lantana camara,0.103729,False,True,Callicarpa americana,True
Callicarpa_americana_2.jpg,Callicarpa americana,False,C-veto2,0.000000,Callicarpa americana,False,Lantana camara,0.103729,False,False,,False
Callicarpa_americana_2.jpg,Callicarpa americana,False,C-veto3,0.000000,Callicarpa americana,False,Lantana camara,0.103729,False,False,,False
Callicarpa_americana_2.jpg,Callicarpa americana,False,C-veto5,0.000000,Callicarpa americana,False,Lantana camara,0.103729,False,False,,False
Callicarpa_americana_2.jpg,Callicarpa americana,False,C-m0.01,0.010000,Callicarpa americana,False,Lantana camara,0.103729,False,True,Callicarpa americana,True
Callicarpa_americana_2.jpg,Callicarpa americana,False,C-m0.02,0.020000,Callicarpa americana,False,Lantana camara,0.103729,False,True,Callicarpa americana,True
Callicarpa_americana_2.jpg,Callicarpa americana,False,C-m0.03,0.030000,Callicarpa americana,False,Lantana camara,0.103729,False,True,Callicarpa americana,True
Callicarpa_americana_2.jpg,Callicarpa americana,False,C-m0.04,0.040000,Callicarpa americana,False,Lantana camara,0.103729,False,True,Callicarpa americana,True
Callicarpa_americana_2.jpg,Callicarpa americana,False,C-m0.05,0.050000,Callicarpa americana,False,Lantana camara,0.103729,False,True,Callicarpa americana,True
Callicarpa_americana_2.jpg,Callicarpa americana,False,C-m0.06,0.060000,Callicarpa americana,False,Lantana camara,0.103729,False,True,Callicarpa americana,True
Callicarpa_americana_2.jpg,Callicarpa americana,False,C-m0.08,0.080000,Callicarpa americana,False,Lantana camara,0.103729,False,True,Callicarpa americana,True
Callicarpa_americana_2.jpg,Callicarpa americana,False,C-m0.10,0.100000,Callicarpa americana,False,Lantana camara,0.103729,False,True,Callicarpa americana,True
Callicarpa_americana_2.jpg,Callicarpa americana,False,T,0.000000,Callicarpa americana,False,Lantana involucrata,0.099795,False,True,Callicarpa americana,True
Callicarpa_americana_2.jpg,Callicarpa americana,False,T-veto2,0.000000,Callicarpa americana,False,Lantana involucrata,0.099795,False,False,,False
Callicarpa_americana_2.jpg,Callicarpa americana,False,T-veto3,0.000000,Callicarpa americana,False,Lantana involucrata,0.099795,False,False,,False
Callicarpa_americana_2.jpg,Callicarpa americana,False,T-veto5,0.000000,Callicarpa americana,False,Lantana involucrata,0.099795,False,False,,False
Callicarpa_americana_2.jpg,Callicarpa americana,False,W,0.000000,Callicarpa americana,False,Lantana involucrata,0.099795,False,True,Callicarpa americana,True
Callicarpa_americana_2.jpg,Callicarpa americana,False,C-m*raw,0.047722,Callicarpa americana,False,Lantana camara,0.103729,False,True,Callicarpa americana,True
Callicarpa_americana_2.jpg,Callicarpa americana,False,C-m*hazard,0.047722,Callicarpa americana,False,Lantana camara,0.103729,False,True,Callicarpa americana,True
Liquidambar_styraciflua_0.jpg,Liquidambar styraciflua,False,A,0.000000,Liquidambar styraciflua,False,,inf,False,True,Liquidambar styraciflua,True
Liquidambar_styraciflua_0.jpg,Liquidambar styraciflua,False,B,0.000000,Liquidambar styraciflua,False,Acer rubrum,0.121881,False,True,Liquidambar styraciflua,True
Liquidambar_styraciflua_0.jpg,Liquidambar styraciflua,False,C,0.000000,Liquidambar styraciflua,False,Ricinus communis,0.102300,False,True,Liquidambar styraciflua,True
Liquidambar_styraciflua_0.jpg,Liquidambar styraciflua,False,C-veto2,0.000000,Liquidambar styraciflua,False,Ricinus communis,0.102300,False,True,Liquidambar styraciflua,True
Liquidambar_styraciflua_0.jpg,Liquidambar styraciflua,False,C-veto3,0.000000,Liquidambar styraciflua,False,Ricinus communis,0.102300,False,False,,False
Liquidambar_styraciflua_0.jpg,Liquidambar styraciflua,False,C-veto5,0.000000,Liquidambar styraciflua,False,Ricinus communis,0.102300,False,False,,False
Liquidambar_styraciflua_0.jpg,Liquidambar styraciflua,False,C-m0.01,0.010000,Liquidambar styraciflua,False,Ricinus communis,0.102300,False,True,Liquidambar styraciflua,True
Liquidambar_styraciflua_0.jpg,Liquidambar styraciflua,False,C-m0.02,0.020000,Liquidambar styraciflua,False,Ricinus communis,0.102300,False,True,Liquidambar styraciflua,True
Liquidambar_styraciflua_0.jpg,Liquidambar styraciflua,False,C-m0.03,0.030000,Liquidambar styraciflua,False,Ricinus communis,0.102300,False,True,Liquidambar styraciflua,True
Liquidambar_styraciflua_0.jpg,Liquidambar styraciflua,False,C-m0.04,0.040000,Liquidambar styraciflua,False,Ricinus communis,0.102300,False,True,Liquidambar styraciflua,True
Liquidambar_styraciflua_0.jpg,Liquidambar styraciflua,False,C-m0.05,0.050000,Liquidambar styraciflua,False,Ricinus communis,0.102300,False,True,Liquidambar styraciflua,True
Liquidambar_styraciflua_0.jpg,Liquidambar styraciflua,False,C-m0.06,0.060000,Liquidambar styraciflua,False,Ricinus communis,0.102300,False,True,Liquidambar styraciflua,True
Liquidambar_styraciflua_0.jpg,Liquidambar styraciflua,False,C-m0.08,0.080000,Liquidambar styraciflua,False,Ricinus communis,0.102300,False,True,Liquidambar styraciflua,True
Liquidambar_styraciflua_0.jpg,Liquidambar styraciflua,False,C-m0.10,0.100000,Liquidambar styraciflua,False,Ricinus communis,0.102300,False,True,Liquidambar styraciflua,True
Liquidambar_styraciflua_0.jpg,Liquidambar styraciflua,False,T,0.000000,Liquidambar styraciflua,False,Platanus wrightii,0.029066,False,True,Liquidambar styraciflua,True
Liquidambar_styraciflua_0.jpg,Liquidambar styraciflua,False,T-veto2,0.000000,Liquidambar styraciflua,False,Platanus wrightii,0.029066,False,False,,False
Liquidambar_styraciflua_0.jpg,Liquidambar styraciflua,False,T-veto3,0.000000,Liquidambar styraciflua,False,Platanus wrightii,0.029066,False,False,,False
Liquidambar_styraciflua_0.jpg,Liquidambar styraciflua,False,T-veto5,0.000000,Liquidambar styraciflua,False,Platanus wrightii,0.029066,False,False,,False
Liquidambar_styraciflua_0.jpg,Liquidambar styraciflua,False,W,0.000000,Liquidambar styraciflua,False,Platanus wrightii,0.029066,False,True,Liquidambar styraciflua,True
Liquidambar_styraciflua_0.jpg,Liquidambar styraciflua,False,C-m*raw,0.047722,Liquidambar styraciflua,False,Ricinus communis,0.102300,False,True,Liquidambar styraciflua,True
Liquidambar_styraciflua_0.jpg,Liquidambar styraciflua,False,C-m*hazard,0.047722,Liquidambar styraciflua,False,Ricinus communis,0.102300,False,True,Liquidambar styraciflua,True
Liquidambar_styraciflua_1.jpg,Liquidambar styraciflua,False,A,0.000000,Liquidambar styraciflua,False,,inf,False,True,Liquidambar styraciflua,True
Liquidambar_styraciflua_1.jpg,Liquidambar styraciflua,False,B,0.000000,Liquidambar styraciflua,False,Juglans nigra,0.034775,False,True,Liquidambar styraciflua,True
Liquidambar_styraciflua_1.jpg,Liquidambar styraciflua,False,C,0.000000,Liquidambar styraciflua,False,Aesculus pavia,0.018293,False,True,Liquidambar styraciflua,True
Liquidambar_styraciflua_1.jpg,Liquidambar styraciflua,False,C-veto2,0.000000,Liquidambar styraciflua,False,Aesculus pavia,0.018293,False,False,,False
Liquidambar_styraciflua_1.jpg,Liquidambar styraciflua,False,C-veto3,0.000000,Liquidambar styraciflua,False,Aesculus pavia,0.018293,False,False,,False
Liquidambar_styraciflua_1.jpg,Liquidambar styraciflua,False,C-veto5,0.000000,Liquidambar styraciflua,False,Aesculus pavia,0.018293,False,False,,False
Liquidambar_styraciflua_1.jpg,Liquidambar styraciflua,False,C-m0.01,0.010000,Liquidambar styraciflua,False,Aesculus pavia,0.018293,False,True,Liquidambar styraciflua,True
Liquidambar_styraciflua_1.jpg,Liquidambar styraciflua,False,C-m0.02,0.020000,Liquidambar styraciflua,False,Aesculus pavia,0.018293,False,False,,False
Liquidambar_styraciflua_1.jpg,Liquidambar styraciflua,False,C-m0.03,0.030000,Liquidambar styraciflua,False,Aesculus pavia,0.018293,False,False,,False
Liquidambar_styraciflua_1.jpg,Liquidambar styraciflua,False,C-m0.04,0.040000,Liquidambar styraciflua,False,Aesculus pavia,0.018293,False,False,,False
Liquidambar_styraciflua_1.jpg,Liquidambar styraciflua,False,C-m0.05,0.050000,Liquidambar styraciflua,False,Aesculus pavia,0.018293,False,False,,False
Liquidambar_styraciflua_1.jpg,Liquidambar styraciflua,False,C-m0.06,0.060000,Liquidambar styraciflua,False,Aesculus pavia,0.018293,False,False,,False
Liquidambar_styraciflua_1.jpg,Liquidambar styraciflua,False,C-m0.08,0.080000,Liquidambar styraciflua,False,Aesculus pavia,0.018293,False,False,,False
Liquidambar_styraciflua_1.jpg,Liquidambar styraciflua,False,C-m0.10,0.100000,Liquidambar styraciflua,False,Aesculus pavia,0.018293,False,False,,False
Liquidambar_styraciflua_1.jpg,Liquidambar styraciflua,False,T,0.000000,Liquidambar styraciflua,False,Aesculus pavia,0.018293,False,True,Liquidambar styraciflua,True
Liquidambar_styraciflua_1.jpg,Liquidambar styraciflua,False,T-veto2,0.000000,Liquidambar styraciflua,False,Aesculus pavia,0.018293,False,False,,False
Liquidambar_styraciflua_1.jpg,Liquidambar styraciflua,False,T-veto3,0.000000,Liquidambar styraciflua,False,Aesculus pavia,0.018293,False,False,,False
Liquidambar_styraciflua_1.jpg,Liquidambar styraciflua,False,T-veto5,0.000000,Liquidambar styraciflua,False,Aesculus pavia,0.018293,False,False,,False
Liquidambar_styraciflua_1.jpg,Liquidambar styraciflua,False,W,0.000000,Carya glabra,False,Aesculus pavia,0.061361,False,False,,False
Liquidambar_styraciflua_1.jpg,Liquidambar styraciflua,False,C-m*raw,0.047722,Liquidambar styraciflua,False,Aesculus pavia,0.018293,False,False,,False
Liquidambar_styraciflua_1.jpg,Liquidambar styraciflua,False,C-m*hazard,0.047722,Liquidambar styraciflua,False,Aesculus pavia,0.018293,False,False,,False
Liquidambar_styraciflua_2.jpg,Liquidambar styraciflua,False,A,0.000000,Liquidambar styraciflua,False,,inf,False,True,Liquidambar styraciflua,True
Liquidambar_styraciflua_2.jpg,Liquidambar styraciflua,False,B,0.000000,Liquidambar styraciflua,False,Acer negundo,0.123447,False,True,Liquidambar styraciflua,True
Liquidambar_styraciflua_2.jpg,Liquidambar styraciflua,False,C,0.000000,Liquidambar styraciflua,False,Ricinus communis,0.028168,False,True,Liquidambar styraciflua,True
Liquidambar_styraciflua_2.jpg,Liquidambar styraciflua,False,C-veto2,0.000000,Liquidambar styraciflua,False,Ricinus communis,0.028168,False,False,,False
Liquidambar_styraciflua_2.jpg,Liquidambar styraciflua,False,C-veto3,0.000000,Liquidambar styraciflua,False,Ricinus communis,0.028168,False,False,,False
Liquidambar_styraciflua_2.jpg,Liquidambar styraciflua,False,C-veto5,0.000000,Liquidambar styraciflua,False,Ricinus communis,0.028168,False,False,,False
Liquidambar_styraciflua_2.jpg,Liquidambar styraciflua,False,C-m0.01,0.010000,Liquidambar styraciflua,False,Ricinus communis,0.028168,False,True,Liquidambar styraciflua,True
Liquidambar_styraciflua_2.jpg,Liquidambar styraciflua,False,C-m0.02,0.020000,Liquidambar styraciflua,False,Ricinus communis,0.028168,False,True,Liquidambar styraciflua,True
Liquidambar_styraciflua_2.jpg,Liquidambar styraciflua,False,C-m0.03,0.030000,Liquidambar styraciflua,False,Ricinus communis,0.028168,False,False,,False
Liquidambar_styraciflua_2.jpg,Liquidambar styraciflua,False,C-m0.04,0.040000,Liquidambar styraciflua,False,Ricinus communis,0.028168,False,False,,False
Liquidambar_styraciflua_2.jpg,Liquidambar styraciflua,False,C-m0.05,0.050000,Liquidambar styraciflua,False,Ricinus communis,0.028168,False,False,,False
Liquidambar_styraciflua_2.jpg,Liquidambar styraciflua,False,C-m0.06,0.060000,Liquidambar styraciflua,False,Ricinus communis,0.028168,False,False,,False
Liquidambar_styraciflua_2.jpg,Liquidambar styraciflua,False,C-m0.08,0.080000,Liquidambar styraciflua,False,Ricinus communis,0.028168,False,False,,False
Liquidambar_styraciflua_2.jpg,Liquidambar styraciflua,False,C-m0.10,0.100000,Liquidambar styraciflua,False,Ricinus communis,0.028168,False,False,,False
Liquidambar_styraciflua_2.jpg,Liquidambar styraciflua,False,T,0.000000,Liquidambar styraciflua,False,Ricinus communis,0.028168,False,True,Liquidambar styraciflua,True
Liquidambar_styraciflua_2.jpg,Liquidambar styraciflua,False,T-veto2,0.000000,Liquidambar styraciflua,False,Ricinus communis,0.028168,False,False,,False
Liquidambar_styraciflua_2.jpg,Liquidambar styraciflua,False,T-veto3,0.000000,Liquidambar styraciflua,False,Ricinus communis,0.028168,False,False,,False
Liquidambar_styraciflua_2.jpg,Liquidambar styraciflua,False,T-veto5,0.000000,Liquidambar styraciflua,False,Ricinus communis,0.028168,False,False,,False
Liquidambar_styraciflua_2.jpg,Liquidambar styraciflua,False,W,0.000000,Liquidambar styraciflua,False,Ricinus communis,0.028168,False,True,Liquidambar styraciflua,True
Liquidambar_styraciflua_2.jpg,Liquidambar styraciflua,False,C-m*raw,0.047722,Liquidambar styraciflua,False,Ricinus communis,0.028168,False,False,,False
Liquidambar_styraciflua_2.jpg,Liquidambar styraciflua,False,C-m*hazard,0.047722,Liquidambar styraciflua,False,Ricinus communis,0.028168,False,False,,False
Magnolia_grandiflora_0.jpg,Magnolia grandiflora,False,A,0.000000,Magnolia grandiflora,False,,inf,False,True,Magnolia grandiflora,True
Magnolia_grandiflora_0.jpg,Magnolia grandiflora,False,B,0.000000,Magnolia grandiflora,False,Hedera helix,0.077280,False,True,Magnolia grandiflora,True
Magnolia_grandiflora_0.jpg,Magnolia grandiflora,False,C,0.000000,Gomphocarpus physocarpus,True,Gomphocarpus physocarpus,0.000000,False,False,,False
Magnolia_grandiflora_0.jpg,Magnolia grandiflora,False,C-veto2,0.000000,Gomphocarpus physocarpus,True,Gomphocarpus physocarpus,0.000000,False,False,,False
Magnolia_grandiflora_0.jpg,Magnolia grandiflora,False,C-veto3,0.000000,Gomphocarpus physocarpus,True,Gomphocarpus physocarpus,0.000000,False,False,,False
Magnolia_grandiflora_0.jpg,Magnolia grandiflora,False,C-veto5,0.000000,Gomphocarpus physocarpus,True,Gomphocarpus physocarpus,0.000000,False,False,,False
Magnolia_grandiflora_0.jpg,Magnolia grandiflora,False,C-m0.01,0.010000,Gomphocarpus physocarpus,True,Gomphocarpus physocarpus,0.000000,False,False,,False
Magnolia_grandiflora_0.jpg,Magnolia grandiflora,False,C-m0.02,0.020000,Gomphocarpus physocarpus,True,Gomphocarpus physocarpus,0.000000,False,False,,False
Magnolia_grandiflora_0.jpg,Magnolia grandiflora,False,C-m0.03,0.030000,Gomphocarpus physocarpus,True,Gomphocarpus physocarpus,0.000000,False,False,,False
Magnolia_grandiflora_0.jpg,Magnolia grandiflora,False,C-m0.04,0.040000,Gomphocarpus physocarpus,True,Gomphocarpus physocarpus,0.000000,False,False,,False
Magnolia_grandiflora_0.jpg,Magnolia grandiflora,False,C-m0.05,0.050000,Gomphocarpus physocarpus,True,Gomphocarpus physocarpus,0.000000,False,False,,False
Magnolia_grandiflora_0.jpg,Magnolia grandiflora,False,C-m0.06,0.060000,Gomphocarpus physocarpus,True,Gomphocarpus physocarpus,0.000000,False,False,,False
Magnolia_grandiflora_0.jpg,Magnolia grandiflora,False,C-m0.08,0.080000,Gomphocarpus physocarpus,True,Gomphocarpus physocarpus,0.000000,False,False,,False
Magnolia_grandiflora_0.jpg,Magnolia grandiflora,False,C-m0.10,0.100000,Gomphocarpus physocarpus,True,Gomphocarpus physocarpus,0.000000,False,False,,False
Magnolia_grandiflora_0.jpg,Magnolia grandiflora,False,T,0.000000,Zamia integrifolia,True,Zamia integrifolia,0.000000,False,False,,False
Magnolia_grandiflora_0.jpg,Magnolia grandiflora,False,T-veto2,0.000000,Zamia integrifolia,True,Zamia integrifolia,0.000000,False,False,,False
Magnolia_grandiflora_0.jpg,Magnolia grandiflora,False,T-veto3,0.000000,Zamia integrifolia,True,Zamia integrifolia,0.000000,False,False,,False
Magnolia_grandiflora_0.jpg,Magnolia grandiflora,False,T-veto5,0.000000,Zamia integrifolia,True,Zamia integrifolia,0.000000,False,False,,False
Magnolia_grandiflora_0.jpg,Magnolia grandiflora,False,W,0.000000,Banksia marginata,False,Zamia integrifolia,0.052495,False,False,,False
Magnolia_grandiflora_0.jpg,Magnolia grandiflora,False,C-m*raw,0.047722,Gomphocarpus physocarpus,True,Gomphocarpus physocarpus,0.000000,False,False,,False
Magnolia_grandiflora_0.jpg,Magnolia grandiflora,False,C-m*hazard,0.047722,Gomphocarpus physocarpus,True,Gomphocarpus physocarpus,0.000000,False,False,,False
Magnolia_grandiflora_1.jpg,Magnolia grandiflora,False,A,0.000000,Magnolia grandiflora,False,,inf,False,True,Magnolia grandiflora,True
Magnolia_grandiflora_1.jpg,Magnolia grandiflora,False,B,0.000000,Magnolia grandiflora,False,Cornus florida,0.124421,False,True,Magnolia grandiflora,True
Magnolia_grandiflora_1.jpg,Magnolia grandiflora,False,C,0.000000,Magnolia grandiflora,False,Cornus florida,0.124421,False,True,Magnolia grandiflora,True
Magnolia_grandiflora_1.jpg,Magnolia grandiflora,False,C-veto2,0.000000,Magnolia grandiflora,False,Cornus florida,0.124421,False,False,,False
Magnolia_grandiflora_1.jpg,Magnolia grandiflora,False,C-veto3,0.000000,Magnolia grandiflora,False,Cornus florida,0.124421,False,False,,False
Magnolia_grandiflora_1.jpg,Magnolia grandiflora,False,C-veto5,0.000000,Magnolia grandiflora,False,Cornus florida,0.124421,False,False,,False
Magnolia_grandiflora_1.jpg,Magnolia grandiflora,False,C-m0.01,0.010000,Magnolia grandiflora,False,Cornus florida,0.124421,False,True,Magnolia grandiflora,True
Magnolia_grandiflora_1.jpg,Magnolia grandiflora,False,C-m0.02,0.020000,Magnolia grandiflora,False,Cornus florida,0.124421,False,True,Magnolia grandiflora,True
Magnolia_grandiflora_1.jpg,Magnolia grandiflora,False,C-m0.03,0.030000,Magnolia grandiflora,False,Cornus florida,0.124421,False,True,Magnolia grandiflora,True
Magnolia_grandiflora_1.jpg,Magnolia grandiflora,False,C-m0.04,0.040000,Magnolia grandiflora,False,Cornus florida,0.124421,False,True,Magnolia grandiflora,True
Magnolia_grandiflora_1.jpg,Magnolia grandiflora,False,C-m0.05,0.050000,Magnolia grandiflora,False,Cornus florida,0.124421,False,True,Magnolia grandiflora,True
Magnolia_grandiflora_1.jpg,Magnolia grandiflora,False,C-m0.06,0.060000,Magnolia grandiflora,False,Cornus florida,0.124421,False,True,Magnolia grandiflora,True
Magnolia_grandiflora_1.jpg,Magnolia grandiflora,False,C-m0.08,0.080000,Magnolia grandiflora,False,Cornus florida,0.124421,False,True,Magnolia grandiflora,True
Magnolia_grandiflora_1.jpg,Magnolia grandiflora,False,C-m0.10,0.100000,Magnolia grandiflora,False,Cornus florida,0.124421,False,True,Magnolia grandiflora,True
Magnolia_grandiflora_1.jpg,Magnolia grandiflora,False,T,0.000000,Magnolia grandiflora,False,Persea americana,0.103037,False,True,Magnolia grandiflora,True
Magnolia_grandiflora_1.jpg,Magnolia grandiflora,False,T-veto2,0.000000,Magnolia grandiflora,False,Persea americana,0.103037,False,False,,False
Magnolia_grandiflora_1.jpg,Magnolia grandiflora,False,T-veto3,0.000000,Magnolia grandiflora,False,Persea americana,0.103037,False,False,,False
Magnolia_grandiflora_1.jpg,Magnolia grandiflora,False,T-veto5,0.000000,Magnolia grandiflora,False,Persea americana,0.103037,False,False,,False
Magnolia_grandiflora_1.jpg,Magnolia grandiflora,False,W,0.000000,Magnolia virginiana,False,Persea americana,0.128572,False,True,Magnolia grandiflora,True
Magnolia_grandiflora_1.jpg,Magnolia grandiflora,False,C-m*raw,0.047722,Magnolia grandiflora,False,Cornus florida,0.124421,False,True,Magnolia grandiflora,True
Magnolia_grandiflora_1.jpg,Magnolia grandiflora,False,C-m*hazard,0.047722,Magnolia grandiflora,False,Cornus florida,0.124421,False,True,Magnolia grandiflora,True
Magnolia_grandiflora_2.jpg,Magnolia grandiflora,False,A,0.000000,Magnolia grandiflora,False,,inf,False,True,Magnolia grandiflora,True
Magnolia_grandiflora_2.jpg,Magnolia grandiflora,False,B,0.000000,Magnolia grandiflora,False,Cornus florida,0.172644,False,True,Magnolia grandiflora,True
Magnolia_grandiflora_2.jpg,Magnolia grandiflora,False,C,0.000000,Magnolia grandiflora,False,Photinia serratifolia,0.094479,False,True,Magnolia grandiflora,True
Magnolia_grandiflora_2.jpg,Magnolia grandiflora,False,C-veto2,0.000000,Magnolia grandiflora,False,Photinia serratifolia,0.094479,False,False,,False
Magnolia_grandiflora_2.jpg,Magnolia grandiflora,False,C-veto3,0.000000,Magnolia grandiflora,False,Photinia serratifolia,0.094479,False,False,,False
Magnolia_grandiflora_2.jpg,Magnolia grandiflora,False,C-veto5,0.000000,Magnolia grandiflora,False,Photinia serratifolia,0.094479,False,False,,False
Magnolia_grandiflora_2.jpg,Magnolia grandiflora,False,C-m0.01,0.010000,Magnolia grandiflora,False,Photinia serratifolia,0.094479,False,True,Magnolia grandiflora,True
Magnolia_grandiflora_2.jpg,Magnolia grandiflora,False,C-m0.02,0.020000,Magnolia grandiflora,False,Photinia serratifolia,0.094479,False,True,Magnolia grandiflora,True
Magnolia_grandiflora_2.jpg,Magnolia grandiflora,False,C-m0.03,0.030000,Magnolia grandiflora,False,Photinia serratifolia,0.094479,False,True,Magnolia grandiflora,True
Magnolia_grandiflora_2.jpg,Magnolia grandiflora,False,C-m0.04,0.040000,Magnolia grandiflora,False,Photinia serratifolia,0.094479,False,True,Magnolia grandiflora,True
Magnolia_grandiflora_2.jpg,Magnolia grandiflora,False,C-m0.05,0.050000,Magnolia grandiflora,False,Photinia serratifolia,0.094479,False,True,Magnolia grandiflora,True
Magnolia_grandiflora_2.jpg,Magnolia grandiflora,False,C-m0.06,0.060000,Magnolia grandiflora,False,Photinia serratifolia,0.094479,False,True,Magnolia grandiflora,True
Magnolia_grandiflora_2.jpg,Magnolia grandiflora,False,C-m0.08,0.080000,Magnolia grandiflora,False,Photinia serratifolia,0.094479,False,True,Magnolia grandiflora,True
Magnolia_grandiflora_2.jpg,Magnolia grandiflora,False,C-m0.10,0.100000,Magnolia grandiflora,False,Photinia serratifolia,0.094479,False,False,,False
Magnolia_grandiflora_2.jpg,Magnolia grandiflora,False,T,0.000000,Magnolia grandiflora,False,Persea americana,0.049468,False,True,Magnolia grandiflora,True
Magnolia_grandiflora_2.jpg,Magnolia grandiflora,False,T-veto2,0.000000,Magnolia grandiflora,False,Persea americana,0.049468,False,False,,False
Magnolia_grandiflora_2.jpg,Magnolia grandiflora,False,T-veto3,0.000000,Magnolia grandiflora,False,Persea americana,0.049468,False,False,,False
Magnolia_grandiflora_2.jpg,Magnolia grandiflora,False,T-veto5,0.000000,Magnolia grandiflora,False,Persea americana,0.049468,False,False,,False
Magnolia_grandiflora_2.jpg,Magnolia grandiflora,False,W,0.000000,Magnolia grandiflora,False,Persea americana,0.049468,False,True,Magnolia grandiflora,True
Magnolia_grandiflora_2.jpg,Magnolia grandiflora,False,C-m*raw,0.047722,Magnolia grandiflora,False,Photinia serratifolia,0.094479,False,True,Magnolia grandiflora,True
Magnolia_grandiflora_2.jpg,Magnolia grandiflora,False,C-m*hazard,0.047722,Magnolia grandiflora,False,Photinia serratifolia,0.094479,False,True,Magnolia grandiflora,True
Liriodendron_tulipifera_0.jpg,Liriodendron tulipifera,False,A,0.000000,Liriodendron tulipifera,False,,inf,False,True,Liriodendron tulipifera,True
Liriodendron_tulipifera_0.jpg,Liriodendron tulipifera,False,B,0.000000,Liriodendron tulipifera,False,Acer negundo,0.076435,False,True,Liriodendron tulipifera,True
Liriodendron_tulipifera_0.jpg,Liriodendron tulipifera,False,C,0.000000,Liriodendron tulipifera,False,Acer negundo,0.076435,False,True,Liriodendron tulipifera,True
Liriodendron_tulipifera_0.jpg,Liriodendron tulipifera,False,C-veto2,0.000000,Liriodendron tulipifera,False,Acer negundo,0.076435,False,True,Liriodendron tulipifera,True
Liriodendron_tulipifera_0.jpg,Liriodendron tulipifera,False,C-veto3,0.000000,Liriodendron tulipifera,False,Acer negundo,0.076435,False,False,,False
Liriodendron_tulipifera_0.jpg,Liriodendron tulipifera,False,C-veto5,0.000000,Liriodendron tulipifera,False,Acer negundo,0.076435,False,False,,False
Liriodendron_tulipifera_0.jpg,Liriodendron tulipifera,False,C-m0.01,0.010000,Liriodendron tulipifera,False,Acer negundo,0.076435,False,True,Liriodendron tulipifera,True
Liriodendron_tulipifera_0.jpg,Liriodendron tulipifera,False,C-m0.02,0.020000,Liriodendron tulipifera,False,Acer negundo,0.076435,False,True,Liriodendron tulipifera,True
Liriodendron_tulipifera_0.jpg,Liriodendron tulipifera,False,C-m0.03,0.030000,Liriodendron tulipifera,False,Acer negundo,0.076435,False,True,Liriodendron tulipifera,True
Liriodendron_tulipifera_0.jpg,Liriodendron tulipifera,False,C-m0.04,0.040000,Liriodendron tulipifera,False,Acer negundo,0.076435,False,True,Liriodendron tulipifera,True
Liriodendron_tulipifera_0.jpg,Liriodendron tulipifera,False,C-m0.05,0.050000,Liriodendron tulipifera,False,Acer negundo,0.076435,False,True,Liriodendron tulipifera,True
Liriodendron_tulipifera_0.jpg,Liriodendron tulipifera,False,C-m0.06,0.060000,Liriodendron tulipifera,False,Acer negundo,0.076435,False,True,Liriodendron tulipifera,True
Liriodendron_tulipifera_0.jpg,Liriodendron tulipifera,False,C-m0.08,0.080000,Liriodendron tulipifera,False,Acer negundo,0.076435,False,False,,False
Liriodendron_tulipifera_0.jpg,Liriodendron tulipifera,False,C-m0.10,0.100000,Liriodendron tulipifera,False,Acer negundo,0.076435,False,False,,False
Liriodendron_tulipifera_0.jpg,Liriodendron tulipifera,False,T,0.000000,Liriodendron tulipifera,False,Acer negundo,0.076435,False,True,Liriodendron tulipifera,True
Liriodendron_tulipifera_0.jpg,Liriodendron tulipifera,False,T-veto2,0.000000,Liriodendron tulipifera,False,Acer negundo,0.076435,False,True,Liriodendron tulipifera,True
Liriodendron_tulipifera_0.jpg,Liriodendron tulipifera,False,T-veto3,0.000000,Liriodendron tulipifera,False,Acer negundo,0.076435,False,False,,False
Liriodendron_tulipifera_0.jpg,Liriodendron tulipifera,False,T-veto5,0.000000,Liriodendron tulipifera,False,Acer negundo,0.076435,False,False,,False
Liriodendron_tulipifera_0.jpg,Liriodendron tulipifera,False,W,0.000000,Liriodendron tulipifera,False,Acer negundo,0.076435,False,True,Liriodendron tulipifera,True
Liriodendron_tulipifera_0.jpg,Liriodendron tulipifera,False,C-m*raw,0.047722,Liriodendron tulipifera,False,Acer negundo,0.076435,False,True,Liriodendron tulipifera,True
Liriodendron_tulipifera_0.jpg,Liriodendron tulipifera,False,C-m*hazard,0.047722,Liriodendron tulipifera,False,Acer negundo,0.076435,False,True,Liriodendron tulipifera,True
Liriodendron_tulipifera_1.jpg,Liriodendron tulipifera,False,A,0.000000,Quercus nigra,False,,inf,False,True,Quercus nigra,False
Liriodendron_tulipifera_1.jpg,Liriodendron tulipifera,False,B,0.000000,Quercus nigra,False,Acer rubrum,0.062595,False,True,Quercus nigra,False
Liriodendron_tulipifera_1.jpg,Liriodendron tulipifera,False,C,0.000000,Triadica sebifera,True,Triadica sebifera,0.000000,False,False,,False
Liriodendron_tulipifera_1.jpg,Liriodendron tulipifera,False,C-veto2,0.000000,Triadica sebifera,True,Triadica sebifera,0.000000,False,False,,False
Liriodendron_tulipifera_1.jpg,Liriodendron tulipifera,False,C-veto3,0.000000,Triadica sebifera,True,Triadica sebifera,0.000000,False,False,,False
Liriodendron_tulipifera_1.jpg,Liriodendron tulipifera,False,C-veto5,0.000000,Triadica sebifera,True,Triadica sebifera,0.000000,False,False,,False
Liriodendron_tulipifera_1.jpg,Liriodendron tulipifera,False,C-m0.01,0.010000,Triadica sebifera,True,Triadica sebifera,0.000000,False,False,,False
Liriodendron_tulipifera_1.jpg,Liriodendron tulipifera,False,C-m0.02,0.020000,Triadica sebifera,True,Triadica sebifera,0.000000,False,False,,False
Liriodendron_tulipifera_1.jpg,Liriodendron tulipifera,False,C-m0.03,0.030000,Triadica sebifera,True,Triadica sebifera,0.000000,False,False,,False
Liriodendron_tulipifera_1.jpg,Liriodendron tulipifera,False,C-m0.04,0.040000,Triadica sebifera,True,Triadica sebifera,0.000000,False,False,,False
Liriodendron_tulipifera_1.jpg,Liriodendron tulipifera,False,C-m0.05,0.050000,Triadica sebifera,True,Triadica sebifera,0.000000,False,False,,False
Liriodendron_tulipifera_1.jpg,Liriodendron tulipifera,False,C-m0.06,0.060000,Triadica sebifera,True,Triadica sebifera,0.000000,False,False,,False
Liriodendron_tulipifera_1.jpg,Liriodendron tulipifera,False,C-m0.08,0.080000,Triadica sebifera,True,Triadica sebifera,0.000000,False,False,,False
Liriodendron_tulipifera_1.jpg,Liriodendron tulipifera,False,C-m0.10,0.100000,Triadica sebifera,True,Triadica sebifera,0.000000,False,False,,False
Liriodendron_tulipifera_1.jpg,Liriodendron tulipifera,False,T,0.000000,Plagianthus regius,True,Plagianthus regius,0.000000,False,False,,False
Liriodendron_tulipifera_1.jpg,Liriodendron tulipifera,False,T-veto2,0.000000,Plagianthus regius,True,Plagianthus regius,0.000000,False,False,,False
Liriodendron_tulipifera_1.jpg,Liriodendron tulipifera,False,T-veto3,0.000000,Plagianthus regius,True,Plagianthus regius,0.000000,False,False,,False
Liriodendron_tulipifera_1.jpg,Liriodendron tulipifera,False,T-veto5,0.000000,Plagianthus regius,True,Plagianthus regius,0.000000,False,False,,False
Liriodendron_tulipifera_1.jpg,Liriodendron tulipifera,False,W,0.000000,Ulmus minor,False,Plagianthus regius,0.013422,False,False,,False
Liriodendron_tulipifera_1.jpg,Liriodendron tulipifera,False,C-m*raw,0.047722,Triadica sebifera,True,Triadica sebifera,0.000000,False,False,,False
Liriodendron_tulipifera_1.jpg,Liriodendron tulipifera,False,C-m*hazard,0.047722,Triadica sebifera,True,Triadica sebifera,0.000000,False,False,,False
Liriodendron_tulipifera_2.jpg,Liriodendron tulipifera,False,A,0.000000,Cercis canadensis,False,,inf,False,True,Cercis canadensis,False
Liriodendron_tulipifera_2.jpg,Liriodendron tulipifera,False,B,0.000000,Juglans nigra,True,Juglans nigra,0.000000,False,False,,False
Liriodendron_tulipifera_2.jpg,Liriodendron tulipifera,False,C,0.000000,Juglans nigra,True,Juglans nigra,0.000000,False,False,,False
Liriodendron_tulipifera_2.jpg,Liriodendron tulipifera,False,C-veto2,0.000000,Juglans nigra,True,Juglans nigra,0.000000,False,False,,False
Liriodendron_tulipifera_2.jpg,Liriodendron tulipifera,False,C-veto3,0.000000,Juglans nigra,True,Juglans nigra,0.000000,False,False,,False
Liriodendron_tulipifera_2.jpg,Liriodendron tulipifera,False,C-veto5,0.000000,Juglans nigra,True,Juglans nigra,0.000000,False,False,,False
Liriodendron_tulipifera_2.jpg,Liriodendron tulipifera,False,C-m0.01,0.010000,Juglans nigra,True,Juglans nigra,0.000000,False,False,,False
Liriodendron_tulipifera_2.jpg,Liriodendron tulipifera,False,C-m0.02,0.020000,Juglans nigra,True,Juglans nigra,0.000000,False,False,,False
Liriodendron_tulipifera_2.jpg,Liriodendron tulipifera,False,C-m0.03,0.030000,Juglans nigra,True,Juglans nigra,0.000000,False,False,,False
Liriodendron_tulipifera_2.jpg,Liriodendron tulipifera,False,C-m0.04,0.040000,Juglans nigra,True,Juglans nigra,0.000000,False,False,,False
Liriodendron_tulipifera_2.jpg,Liriodendron tulipifera,False,C-m0.05,0.050000,Juglans nigra,True,Juglans nigra,0.000000,False,False,,False
Liriodendron_tulipifera_2.jpg,Liriodendron tulipifera,False,C-m0.06,0.060000,Juglans nigra,True,Juglans nigra,0.000000,False,False,,False
Liriodendron_tulipifera_2.jpg,Liriodendron tulipifera,False,C-m0.08,0.080000,Juglans nigra,True,Juglans nigra,0.000000,False,False,,False
Liriodendron_tulipifera_2.jpg,Liriodendron tulipifera,False,C-m0.10,0.100000,Juglans nigra,True,Juglans nigra,0.000000,False,False,,False
Liriodendron_tulipifera_2.jpg,Liriodendron tulipifera,False,T,0.000000,Gymnocladus dioicus,True,Gymnocladus dioicus,0.000000,False,False,,False
Liriodendron_tulipifera_2.jpg,Liriodendron tulipifera,False,T-veto2,0.000000,Gymnocladus dioicus,True,Gymnocladus dioicus,0.000000,False,False,,False
Liriodendron_tulipifera_2.jpg,Liriodendron tulipifera,False,T-veto3,0.000000,Gymnocladus dioicus,True,Gymnocladus dioicus,0.000000,False,False,,False
Liriodendron_tulipifera_2.jpg,Liriodendron tulipifera,False,T-veto5,0.000000,Gymnocladus dioicus,True,Gymnocladus dioicus,0.000000,False,False,,False
Liriodendron_tulipifera_2.jpg,Liriodendron tulipifera,False,W,0.000000,Pyrus calleryana,False,Gymnocladus dioicus,0.002423,False,False,,False
Liriodendron_tulipifera_2.jpg,Liriodendron tulipifera,False,C-m*raw,0.047722,Juglans nigra,True,Juglans nigra,0.000000,False,False,,False
Liriodendron_tulipifera_2.jpg,Liriodendron tulipifera,False,C-m*hazard,0.047722,Juglans nigra,True,Juglans nigra,0.000000,False,False,,False
Polystichum_acrostichoides_0.jpg,Polystichum acrostichoides,False,A,0.000000,Polystichum acrostichoides,False,,inf,False,True,Polystichum acrostichoides,True
Polystichum_acrostichoides_0.jpg,Polystichum acrostichoides,False,B,0.000000,Polystichum acrostichoides,False,Ligustrum sinense,0.183765,False,True,Polystichum acrostichoides,True
Polystichum_acrostichoides_0.jpg,Polystichum acrostichoides,False,C,0.000000,Polystichum acrostichoides,False,Osmundastrum cinnamomeum,0.020531,False,True,Polystichum acrostichoides,True
Polystichum_acrostichoides_0.jpg,Polystichum acrostichoides,False,C-veto2,0.000000,Polystichum acrostichoides,False,Osmundastrum cinnamomeum,0.020531,False,False,,False
Polystichum_acrostichoides_0.jpg,Polystichum acrostichoides,False,C-veto3,0.000000,Polystichum acrostichoides,False,Osmundastrum cinnamomeum,0.020531,False,False,,False
Polystichum_acrostichoides_0.jpg,Polystichum acrostichoides,False,C-veto5,0.000000,Polystichum acrostichoides,False,Osmundastrum cinnamomeum,0.020531,False,False,,False
Polystichum_acrostichoides_0.jpg,Polystichum acrostichoides,False,C-m0.01,0.010000,Polystichum acrostichoides,False,Osmundastrum cinnamomeum,0.020531,False,True,Polystichum acrostichoides,True
Polystichum_acrostichoides_0.jpg,Polystichum acrostichoides,False,C-m0.02,0.020000,Polystichum acrostichoides,False,Osmundastrum cinnamomeum,0.020531,False,True,Polystichum acrostichoides,True
Polystichum_acrostichoides_0.jpg,Polystichum acrostichoides,False,C-m0.03,0.030000,Polystichum acrostichoides,False,Osmundastrum cinnamomeum,0.020531,False,False,,False
Polystichum_acrostichoides_0.jpg,Polystichum acrostichoides,False,C-m0.04,0.040000,Polystichum acrostichoides,False,Osmundastrum cinnamomeum,0.020531,False,False,,False
Polystichum_acrostichoides_0.jpg,Polystichum acrostichoides,False,C-m0.05,0.050000,Polystichum acrostichoides,False,Osmundastrum cinnamomeum,0.020531,False,False,,False
Polystichum_acrostichoides_0.jpg,Polystichum acrostichoides,False,C-m0.06,0.060000,Polystichum acrostichoides,False,Osmundastrum cinnamomeum,0.020531,False,False,,False
Polystichum_acrostichoides_0.jpg,Polystichum acrostichoides,False,C-m0.08,0.080000,Polystichum acrostichoides,False,Osmundastrum cinnamomeum,0.020531,False,False,,False
Polystichum_acrostichoides_0.jpg,Polystichum acrostichoides,False,C-m0.10,0.100000,Polystichum acrostichoides,False,Osmundastrum cinnamomeum,0.020531,False,False,,False
Polystichum_acrostichoides_0.jpg,Polystichum acrostichoides,False,T,0.000000,Polystichum acrostichoides,False,Osmundastrum cinnamomeum,0.020531,False,True,Polystichum acrostichoides,True
Polystichum_acrostichoides_0.jpg,Polystichum acrostichoides,False,T-veto2,0.000000,Polystichum acrostichoides,False,Osmundastrum cinnamomeum,0.020531,False,False,,False
Polystichum_acrostichoides_0.jpg,Polystichum acrostichoides,False,T-veto3,0.000000,Polystichum acrostichoides,False,Osmundastrum cinnamomeum,0.020531,False,False,,False
Polystichum_acrostichoides_0.jpg,Polystichum acrostichoides,False,T-veto5,0.000000,Polystichum acrostichoides,False,Osmundastrum cinnamomeum,0.020531,False,False,,False
Polystichum_acrostichoides_0.jpg,Polystichum acrostichoides,False,W,0.000000,Polystichum acrostichoides,False,Osmundastrum cinnamomeum,0.020531,False,True,Polystichum acrostichoides,True
Polystichum_acrostichoides_0.jpg,Polystichum acrostichoides,False,C-m*raw,0.047722,Polystichum acrostichoides,False,Osmundastrum cinnamomeum,0.020531,False,False,,False
Polystichum_acrostichoides_0.jpg,Polystichum acrostichoides,False,C-m*hazard,0.047722,Polystichum acrostichoides,False,Osmundastrum cinnamomeum,0.020531,False,False,,False
Polystichum_acrostichoides_1.jpg,Polystichum acrostichoides,False,A,0.000000,Polystichum acrostichoides,False,,inf,False,True,Polystichum acrostichoides,True
Polystichum_acrostichoides_1.jpg,Polystichum acrostichoides,False,B,0.000000,Polystichum acrostichoides,False,Euonymus americanus,0.300613,False,True,Polystichum acrostichoides,True
Polystichum_acrostichoides_1.jpg,Polystichum acrostichoides,False,C,0.000000,Polystichum acrostichoides,False,Pleopeltis michauxiana,0.172291,False,True,Polystichum acrostichoides,True
Polystichum_acrostichoides_1.jpg,Polystichum acrostichoides,False,C-veto2,0.000000,Polystichum acrostichoides,False,Pleopeltis michauxiana,0.172291,False,False,,False
Polystichum_acrostichoides_1.jpg,Polystichum acrostichoides,False,C-veto3,0.000000,Polystichum acrostichoides,False,Pleopeltis michauxiana,0.172291,False,False,,False
Polystichum_acrostichoides_1.jpg,Polystichum acrostichoides,False,C-veto5,0.000000,Polystichum acrostichoides,False,Pleopeltis michauxiana,0.172291,False,False,,False
Polystichum_acrostichoides_1.jpg,Polystichum acrostichoides,False,C-m0.01,0.010000,Polystichum acrostichoides,False,Pleopeltis michauxiana,0.172291,False,True,Polystichum acrostichoides,True
Polystichum_acrostichoides_1.jpg,Polystichum acrostichoides,False,C-m0.02,0.020000,Polystichum acrostichoides,False,Pleopeltis michauxiana,0.172291,False,True,Polystichum acrostichoides,True
Polystichum_acrostichoides_1.jpg,Polystichum acrostichoides,False,C-m0.03,0.030000,Polystichum acrostichoides,False,Pleopeltis michauxiana,0.172291,False,True,Polystichum acrostichoides,True
Polystichum_acrostichoides_1.jpg,Polystichum acrostichoides,False,C-m0.04,0.040000,Polystichum acrostichoides,False,Pleopeltis michauxiana,0.172291,False,True,Polystichum acrostichoides,True
Polystichum_acrostichoides_1.jpg,Polystichum acrostichoides,False,C-m0.05,0.050000,Polystichum acrostichoides,False,Pleopeltis michauxiana,0.172291,False,True,Polystichum acrostichoides,True
Polystichum_acrostichoides_1.jpg,Polystichum acrostichoides,False,C-m0.06,0.060000,Polystichum acrostichoides,False,Pleopeltis michauxiana,0.172291,False,True,Polystichum acrostichoides,True
Polystichum_acrostichoides_1.jpg,Polystichum acrostichoides,False,C-m0.08,0.080000,Polystichum acrostichoides,False,Pleopeltis michauxiana,0.172291,False,True,Polystichum acrostichoides,True
Polystichum_acrostichoides_1.jpg,Polystichum acrostichoides,False,C-m0.10,0.100000,Polystichum acrostichoides,False,Pleopeltis michauxiana,0.172291,False,True,Polystichum acrostichoides,True
Polystichum_acrostichoides_1.jpg,Polystichum acrostichoides,False,T,0.000000,Polystichum acrostichoides,False,Polypodium virginianum,0.159920,False,True,Polystichum acrostichoides,True
Polystichum_acrostichoides_1.jpg,Polystichum acrostichoides,False,T-veto2,0.000000,Polystichum acrostichoides,False,Polypodium virginianum,0.159920,False,False,,False
Polystichum_acrostichoides_1.jpg,Polystichum acrostichoides,False,T-veto3,0.000000,Polystichum acrostichoides,False,Polypodium virginianum,0.159920,False,False,,False
Polystichum_acrostichoides_1.jpg,Polystichum acrostichoides,False,T-veto5,0.000000,Polystichum acrostichoides,False,Polypodium virginianum,0.159920,False,False,,False
Polystichum_acrostichoides_1.jpg,Polystichum acrostichoides,False,W,0.000000,Polystichum acrostichoides,False,Polypodium virginianum,0.159920,False,True,Polystichum acrostichoides,True
Polystichum_acrostichoides_1.jpg,Polystichum acrostichoides,False,C-m*raw,0.047722,Polystichum acrostichoides,False,Pleopeltis michauxiana,0.172291,False,True,Polystichum acrostichoides,True
Polystichum_acrostichoides_1.jpg,Polystichum acrostichoides,False,C-m*hazard,0.047722,Polystichum acrostichoides,False,Pleopeltis michauxiana,0.172291,False,True,Polystichum acrostichoides,True
Polystichum_acrostichoides_2.jpg,Polystichum acrostichoides,False,A,0.000000,Polystichum acrostichoides,False,,inf,False,True,Polystichum acrostichoides,True
Polystichum_acrostichoides_2.jpg,Polystichum acrostichoides,False,B,0.000000,Polystichum acrostichoides,False,Solanum carolinense,0.296471,False,True,Polystichum acrostichoides,True
Polystichum_acrostichoides_2.jpg,Polystichum acrostichoides,False,C,0.000000,Polystichum acrostichoides,False,Pleopeltis michauxiana,0.145838,False,True,Polystichum acrostichoides,True
Polystichum_acrostichoides_2.jpg,Polystichum acrostichoides,False,C-veto2,0.000000,Polystichum acrostichoides,False,Pleopeltis michauxiana,0.145838,False,False,,False
Polystichum_acrostichoides_2.jpg,Polystichum acrostichoides,False,C-veto3,0.000000,Polystichum acrostichoides,False,Pleopeltis michauxiana,0.145838,False,False,,False
Polystichum_acrostichoides_2.jpg,Polystichum acrostichoides,False,C-veto5,0.000000,Polystichum acrostichoides,False,Pleopeltis michauxiana,0.145838,False,False,,False
Polystichum_acrostichoides_2.jpg,Polystichum acrostichoides,False,C-m0.01,0.010000,Polystichum acrostichoides,False,Pleopeltis michauxiana,0.145838,False,True,Polystichum acrostichoides,True
Polystichum_acrostichoides_2.jpg,Polystichum acrostichoides,False,C-m0.02,0.020000,Polystichum acrostichoides,False,Pleopeltis michauxiana,0.145838,False,True,Polystichum acrostichoides,True
Polystichum_acrostichoides_2.jpg,Polystichum acrostichoides,False,C-m0.03,0.030000,Polystichum acrostichoides,False,Pleopeltis michauxiana,0.145838,False,True,Polystichum acrostichoides,True
Polystichum_acrostichoides_2.jpg,Polystichum acrostichoides,False,C-m0.04,0.040000,Polystichum acrostichoides,False,Pleopeltis michauxiana,0.145838,False,True,Polystichum acrostichoides,True
Polystichum_acrostichoides_2.jpg,Polystichum acrostichoides,False,C-m0.05,0.050000,Polystichum acrostichoides,False,Pleopeltis michauxiana,0.145838,False,True,Polystichum acrostichoides,True
Polystichum_acrostichoides_2.jpg,Polystichum acrostichoides,False,C-m0.06,0.060000,Polystichum acrostichoides,False,Pleopeltis michauxiana,0.145838,False,True,Polystichum acrostichoides,True
Polystichum_acrostichoides_2.jpg,Polystichum acrostichoides,False,C-m0.08,0.080000,Polystichum acrostichoides,False,Pleopeltis michauxiana,0.145838,False,True,Polystichum acrostichoides,True
Polystichum_acrostichoides_2.jpg,Polystichum acrostichoides,False,C-m0.10,0.100000,Polystichum acrostichoides,False,Pleopeltis michauxiana,0.145838,False,True,Polystichum acrostichoides,True
Polystichum_acrostichoides_2.jpg,Polystichum acrostichoides,False,T,0.000000,Polystichum acrostichoides,False,Polypodium virginianum,0.085160,False,True,Polystichum acrostichoides,True
Polystichum_acrostichoides_2.jpg,Polystichum acrostichoides,False,T-veto2,0.000000,Polystichum acrostichoides,False,Polypodium virginianum,0.085160,False,False,,False
Polystichum_acrostichoides_2.jpg,Polystichum acrostichoides,False,T-veto3,0.000000,Polystichum acrostichoides,False,Polypodium virginianum,0.085160,False,False,,False
Polystichum_acrostichoides_2.jpg,Polystichum acrostichoides,False,T-veto5,0.000000,Polystichum acrostichoides,False,Polypodium virginianum,0.085160,False,False,,False
Polystichum_acrostichoides_2.jpg,Polystichum acrostichoides,False,W,0.000000,Polystichum acrostichoides,False,Polypodium virginianum,0.085160,False,True,Polystichum acrostichoides,True
Polystichum_acrostichoides_2.jpg,Polystichum acrostichoides,False,C-m*raw,0.047722,Polystichum acrostichoides,False,Pleopeltis michauxiana,0.145838,False,True,Polystichum acrostichoides,True
Polystichum_acrostichoides_2.jpg,Polystichum acrostichoides,False,C-m*hazard,0.047722,Polystichum acrostichoides,False,Pleopeltis michauxiana,0.145838,False,True,Polystichum acrostichoides,True
Fagus_grandifolia_0.jpg,Fagus grandifolia,False,A,0.000000,Fagus grandifolia,False,,inf,False,True,Fagus grandifolia,True
Fagus_grandifolia_0.jpg,Fagus grandifolia,False,B,0.000000,Fagus grandifolia,False,Asimina triloba,0.160726,False,True,Fagus grandifolia,True
Fagus_grandifolia_0.jpg,Fagus grandifolia,False,C,0.000000,Fagus grandifolia,False,Asimina triloba,0.160726,False,True,Fagus grandifolia,True
Fagus_grandifolia_0.jpg,Fagus grandifolia,False,C-veto2,0.000000,Fagus grandifolia,False,Asimina triloba,0.160726,False,False,,False
Fagus_grandifolia_0.jpg,Fagus grandifolia,False,C-veto3,0.000000,Fagus grandifolia,False,Asimina triloba,0.160726,False,False,,False
Fagus_grandifolia_0.jpg,Fagus grandifolia,False,C-veto5,0.000000,Fagus grandifolia,False,Asimina triloba,0.160726,False,False,,False
Fagus_grandifolia_0.jpg,Fagus grandifolia,False,C-m0.01,0.010000,Fagus grandifolia,False,Asimina triloba,0.160726,False,True,Fagus grandifolia,True
Fagus_grandifolia_0.jpg,Fagus grandifolia,False,C-m0.02,0.020000,Fagus grandifolia,False,Asimina triloba,0.160726,False,True,Fagus grandifolia,True
Fagus_grandifolia_0.jpg,Fagus grandifolia,False,C-m0.03,0.030000,Fagus grandifolia,False,Asimina triloba,0.160726,False,True,Fagus grandifolia,True
Fagus_grandifolia_0.jpg,Fagus grandifolia,False,C-m0.04,0.040000,Fagus grandifolia,False,Asimina triloba,0.160726,False,True,Fagus grandifolia,True
Fagus_grandifolia_0.jpg,Fagus grandifolia,False,C-m0.05,0.050000,Fagus grandifolia,False,Asimina triloba,0.160726,False,True,Fagus grandifolia,True
Fagus_grandifolia_0.jpg,Fagus grandifolia,False,C-m0.06,0.060000,Fagus grandifolia,False,Asimina triloba,0.160726,False,True,Fagus grandifolia,True
Fagus_grandifolia_0.jpg,Fagus grandifolia,False,C-m0.08,0.080000,Fagus grandifolia,False,Asimina triloba,0.160726,False,True,Fagus grandifolia,True
Fagus_grandifolia_0.jpg,Fagus grandifolia,False,C-m0.10,0.100000,Fagus grandifolia,False,Asimina triloba,0.160726,False,True,Fagus grandifolia,True
Fagus_grandifolia_0.jpg,Fagus grandifolia,False,T,0.000000,Fagus grandifolia,False,Fagus sylvatica,0.102905,False,True,Fagus grandifolia,True
Fagus_grandifolia_0.jpg,Fagus grandifolia,False,T-veto2,0.000000,Fagus grandifolia,False,Fagus sylvatica,0.102905,False,False,,False
Fagus_grandifolia_0.jpg,Fagus grandifolia,False,T-veto3,0.000000,Fagus grandifolia,False,Fagus sylvatica,0.102905,False,False,,False
Fagus_grandifolia_0.jpg,Fagus grandifolia,False,T-veto5,0.000000,Fagus grandifolia,False,Fagus sylvatica,0.102905,False,False,,False
Fagus_grandifolia_0.jpg,Fagus grandifolia,False,W,0.000000,Castanea dentata,False,Fagus sylvatica,0.117273,False,False,,False
Fagus_grandifolia_0.jpg,Fagus grandifolia,False,C-m*raw,0.047722,Fagus grandifolia,False,Asimina triloba,0.160726,False,True,Fagus grandifolia,True
Fagus_grandifolia_0.jpg,Fagus grandifolia,False,C-m*hazard,0.047722,Fagus grandifolia,False,Asimina triloba,0.160726,False,True,Fagus grandifolia,True
Fagus_grandifolia_1.jpg,Fagus grandifolia,False,A,0.000000,Fagus grandifolia,False,,inf,False,True,Fagus grandifolia,True
Fagus_grandifolia_1.jpg,Fagus grandifolia,False,B,0.000000,Fagus grandifolia,False,Asimina triloba,0.086884,False,True,Fagus grandifolia,True
Fagus_grandifolia_1.jpg,Fagus grandifolia,False,C,0.000000,Fagus grandifolia,False,Frangula caroliniana,0.010232,False,True,Fagus grandifolia,True
Fagus_grandifolia_1.jpg,Fagus grandifolia,False,C-veto2,0.000000,Fagus grandifolia,False,Frangula caroliniana,0.010232,False,False,,False
Fagus_grandifolia_1.jpg,Fagus grandifolia,False,C-veto3,0.000000,Fagus grandifolia,False,Frangula caroliniana,0.010232,False,False,,False
Fagus_grandifolia_1.jpg,Fagus grandifolia,False,C-veto5,0.000000,Fagus grandifolia,False,Frangula caroliniana,0.010232,False,False,,False
Fagus_grandifolia_1.jpg,Fagus grandifolia,False,C-m0.01,0.010000,Fagus grandifolia,False,Frangula caroliniana,0.010232,False,True,Fagus grandifolia,True
Fagus_grandifolia_1.jpg,Fagus grandifolia,False,C-m0.02,0.020000,Fagus grandifolia,False,Frangula caroliniana,0.010232,False,False,,False
Fagus_grandifolia_1.jpg,Fagus grandifolia,False,C-m0.03,0.030000,Fagus grandifolia,False,Frangula caroliniana,0.010232,False,False,,False
Fagus_grandifolia_1.jpg,Fagus grandifolia,False,C-m0.04,0.040000,Fagus grandifolia,False,Frangula caroliniana,0.010232,False,False,,False
Fagus_grandifolia_1.jpg,Fagus grandifolia,False,C-m0.05,0.050000,Fagus grandifolia,False,Frangula caroliniana,0.010232,False,False,,False
Fagus_grandifolia_1.jpg,Fagus grandifolia,False,C-m0.06,0.060000,Fagus grandifolia,False,Frangula caroliniana,0.010232,False,False,,False
Fagus_grandifolia_1.jpg,Fagus grandifolia,False,C-m0.08,0.080000,Fagus grandifolia,False,Frangula caroliniana,0.010232,False,False,,False
Fagus_grandifolia_1.jpg,Fagus grandifolia,False,C-m0.10,0.100000,Fagus grandifolia,False,Frangula caroliniana,0.010232,False,False,,False
Fagus_grandifolia_1.jpg,Fagus grandifolia,False,T,0.000000,Alnus glutinosa,True,Alnus glutinosa,0.000000,False,False,,False
Fagus_grandifolia_1.jpg,Fagus grandifolia,False,T-veto2,0.000000,Alnus glutinosa,True,Alnus glutinosa,0.000000,False,False,,False
Fagus_grandifolia_1.jpg,Fagus grandifolia,False,T-veto3,0.000000,Alnus glutinosa,True,Alnus glutinosa,0.000000,False,False,,False
Fagus_grandifolia_1.jpg,Fagus grandifolia,False,T-veto5,0.000000,Alnus glutinosa,True,Alnus glutinosa,0.000000,False,False,,False
Fagus_grandifolia_1.jpg,Fagus grandifolia,False,W,0.000000,Alnus serrulata,False,Alnus glutinosa,0.084282,False,False,,False
Fagus_grandifolia_1.jpg,Fagus grandifolia,False,C-m*raw,0.047722,Fagus grandifolia,False,Frangula caroliniana,0.010232,False,False,,False
Fagus_grandifolia_1.jpg,Fagus grandifolia,False,C-m*hazard,0.047722,Fagus grandifolia,False,Frangula caroliniana,0.010232,False,False,,False
Fagus_grandifolia_2.jpg,Fagus grandifolia,False,A,0.000000,Fagus grandifolia,False,,inf,False,True,Fagus grandifolia,True
Fagus_grandifolia_2.jpg,Fagus grandifolia,False,B,0.000000,Fagus grandifolia,False,Asimina triloba,0.201121,False,True,Fagus grandifolia,True
Fagus_grandifolia_2.jpg,Fagus grandifolia,False,C,0.000000,Fagus grandifolia,False,Quercus alba,0.196577,False,True,Fagus grandifolia,True
Fagus_grandifolia_2.jpg,Fagus grandifolia,False,C-veto2,0.000000,Fagus grandifolia,False,Quercus alba,0.196577,False,True,Fagus grandifolia,True
Fagus_grandifolia_2.jpg,Fagus grandifolia,False,C-veto3,0.000000,Fagus grandifolia,False,Quercus alba,0.196577,False,False,,False
Fagus_grandifolia_2.jpg,Fagus grandifolia,False,C-veto5,0.000000,Fagus grandifolia,False,Quercus alba,0.196577,False,False,,False
Fagus_grandifolia_2.jpg,Fagus grandifolia,False,C-m0.01,0.010000,Fagus grandifolia,False,Quercus alba,0.196577,False,True,Fagus grandifolia,True
Fagus_grandifolia_2.jpg,Fagus grandifolia,False,C-m0.02,0.020000,Fagus grandifolia,False,Quercus alba,0.196577,False,True,Fagus grandifolia,True
Fagus_grandifolia_2.jpg,Fagus grandifolia,False,C-m0.03,0.030000,Fagus grandifolia,False,Quercus alba,0.196577,False,True,Fagus grandifolia,True
Fagus_grandifolia_2.jpg,Fagus grandifolia,False,C-m0.04,0.040000,Fagus grandifolia,False,Quercus alba,0.196577,False,True,Fagus grandifolia,True
Fagus_grandifolia_2.jpg,Fagus grandifolia,False,C-m0.05,0.050000,Fagus grandifolia,False,Quercus alba,0.196577,False,True,Fagus grandifolia,True
Fagus_grandifolia_2.jpg,Fagus grandifolia,False,C-m0.06,0.060000,Fagus grandifolia,False,Quercus alba,0.196577,False,True,Fagus grandifolia,True
Fagus_grandifolia_2.jpg,Fagus grandifolia,False,C-m0.08,0.080000,Fagus grandifolia,False,Quercus alba,0.196577,False,True,Fagus grandifolia,True
Fagus_grandifolia_2.jpg,Fagus grandifolia,False,C-m0.10,0.100000,Fagus grandifolia,False,Quercus alba,0.196577,False,True,Fagus grandifolia,True
Fagus_grandifolia_2.jpg,Fagus grandifolia,False,T,0.000000,Fagus grandifolia,False,Fagus sylvatica,0.136877,False,True,Fagus grandifolia,True
Fagus_grandifolia_2.jpg,Fagus grandifolia,False,T-veto2,0.000000,Fagus grandifolia,False,Fagus sylvatica,0.136877,False,False,,False
Fagus_grandifolia_2.jpg,Fagus grandifolia,False,T-veto3,0.000000,Fagus grandifolia,False,Fagus sylvatica,0.136877,False,False,,False
Fagus_grandifolia_2.jpg,Fagus grandifolia,False,T-veto5,0.000000,Fagus grandifolia,False,Fagus sylvatica,0.136877,False,False,,False
Fagus_grandifolia_2.jpg,Fagus grandifolia,False,W,0.000000,Fagus grandifolia,False,Fagus sylvatica,0.136877,False,True,Fagus grandifolia,True
Fagus_grandifolia_2.jpg,Fagus grandifolia,False,C-m*raw,0.047722,Fagus grandifolia,False,Quercus alba,0.196577,False,True,Fagus grandifolia,True
Fagus_grandifolia_2.jpg,Fagus grandifolia,False,C-m*hazard,0.047722,Fagus grandifolia,False,Quercus alba,0.196577,False,True,Fagus grandifolia,True
Erechtites_hieraciifolius_0.jpg,Erechtites hieraciifolius,False,A,0.000000,Erechtites hieraciifolius,False,,inf,False,True,Erechtites hieraciifolius,True
Erechtites_hieraciifolius_0.jpg,Erechtites hieraciifolius,False,B,0.000000,Erechtites hieraciifolius,False,Eupatorium capillifolium,0.087889,False,True,Erechtites hieraciifolius,True
Erechtites_hieraciifolius_0.jpg,Erechtites hieraciifolius,False,C,0.000000,Erechtites hieraciifolius,False,Nabalus altissimus,0.007696,False,True,Erechtites hieraciifolius,True
Erechtites_hieraciifolius_0.jpg,Erechtites hieraciifolius,False,C-veto2,0.000000,Erechtites hieraciifolius,False,Nabalus altissimus,0.007696,False,False,,False
Erechtites_hieraciifolius_0.jpg,Erechtites hieraciifolius,False,C-veto3,0.000000,Erechtites hieraciifolius,False,Nabalus altissimus,0.007696,False,False,,False
Erechtites_hieraciifolius_0.jpg,Erechtites hieraciifolius,False,C-veto5,0.000000,Erechtites hieraciifolius,False,Nabalus altissimus,0.007696,False,False,,False
Erechtites_hieraciifolius_0.jpg,Erechtites hieraciifolius,False,C-m0.01,0.010000,Erechtites hieraciifolius,False,Nabalus altissimus,0.007696,False,False,,False
Erechtites_hieraciifolius_0.jpg,Erechtites hieraciifolius,False,C-m0.02,0.020000,Erechtites hieraciifolius,False,Nabalus altissimus,0.007696,False,False,,False
Erechtites_hieraciifolius_0.jpg,Erechtites hieraciifolius,False,C-m0.03,0.030000,Erechtites hieraciifolius,False,Nabalus altissimus,0.007696,False,False,,False
Erechtites_hieraciifolius_0.jpg,Erechtites hieraciifolius,False,C-m0.04,0.040000,Erechtites hieraciifolius,False,Nabalus altissimus,0.007696,False,False,,False
Erechtites_hieraciifolius_0.jpg,Erechtites hieraciifolius,False,C-m0.05,0.050000,Erechtites hieraciifolius,False,Nabalus altissimus,0.007696,False,False,,False
Erechtites_hieraciifolius_0.jpg,Erechtites hieraciifolius,False,C-m0.06,0.060000,Erechtites hieraciifolius,False,Nabalus altissimus,0.007696,False,False,,False
Erechtites_hieraciifolius_0.jpg,Erechtites hieraciifolius,False,C-m0.08,0.080000,Erechtites hieraciifolius,False,Nabalus altissimus,0.007696,False,False,,False
Erechtites_hieraciifolius_0.jpg,Erechtites hieraciifolius,False,C-m0.10,0.100000,Erechtites hieraciifolius,False,Nabalus altissimus,0.007696,False,False,,False
Erechtites_hieraciifolius_0.jpg,Erechtites hieraciifolius,False,T,0.000000,Chlorogalum pomeridianum,True,Chlorogalum pomeridianum,0.000000,False,False,,False
Erechtites_hieraciifolius_0.jpg,Erechtites hieraciifolius,False,T-veto2,0.000000,Chlorogalum pomeridianum,True,Chlorogalum pomeridianum,0.000000,False,False,,False
Erechtites_hieraciifolius_0.jpg,Erechtites hieraciifolius,False,T-veto3,0.000000,Chlorogalum pomeridianum,True,Chlorogalum pomeridianum,0.000000,False,False,,False
Erechtites_hieraciifolius_0.jpg,Erechtites hieraciifolius,False,T-veto5,0.000000,Chlorogalum pomeridianum,True,Chlorogalum pomeridianum,0.000000,False,False,,False
Erechtites_hieraciifolius_0.jpg,Erechtites hieraciifolius,False,W,0.000000,Chlorogalum pomeridianum,True,Chlorogalum pomeridianum,0.000000,False,False,,False
Erechtites_hieraciifolius_0.jpg,Erechtites hieraciifolius,False,C-m*raw,0.047722,Erechtites hieraciifolius,False,Nabalus altissimus,0.007696,False,False,,False
Erechtites_hieraciifolius_0.jpg,Erechtites hieraciifolius,False,C-m*hazard,0.047722,Erechtites hieraciifolius,False,Nabalus altissimus,0.007696,False,False,,False
Erechtites_hieraciifolius_1.jpg,Erechtites hieraciifolius,False,A,0.000000,Erechtites hieraciifolius,False,,inf,False,True,Erechtites hieraciifolius,True
Erechtites_hieraciifolius_1.jpg,Erechtites hieraciifolius,False,B,0.000000,Erechtites hieraciifolius,False,Eupatorium serotinum,0.242755,False,True,Erechtites hieraciifolius,True
Erechtites_hieraciifolius_1.jpg,Erechtites hieraciifolius,False,C,0.000000,Erechtites hieraciifolius,False,Sonchus asper,0.144552,False,True,Erechtites hieraciifolius,True
Erechtites_hieraciifolius_1.jpg,Erechtites hieraciifolius,False,C-veto2,0.000000,Erechtites hieraciifolius,False,Sonchus asper,0.144552,False,False,,False
Erechtites_hieraciifolius_1.jpg,Erechtites hieraciifolius,False,C-veto3,0.000000,Erechtites hieraciifolius,False,Sonchus asper,0.144552,False,False,,False
Erechtites_hieraciifolius_1.jpg,Erechtites hieraciifolius,False,C-veto5,0.000000,Erechtites hieraciifolius,False,Sonchus asper,0.144552,False,False,,False
Erechtites_hieraciifolius_1.jpg,Erechtites hieraciifolius,False,C-m0.01,0.010000,Erechtites hieraciifolius,False,Sonchus asper,0.144552,False,True,Erechtites hieraciifolius,True
Erechtites_hieraciifolius_1.jpg,Erechtites hieraciifolius,False,C-m0.02,0.020000,Erechtites hieraciifolius,False,Sonchus asper,0.144552,False,True,Erechtites hieraciifolius,True
Erechtites_hieraciifolius_1.jpg,Erechtites hieraciifolius,False,C-m0.03,0.030000,Erechtites hieraciifolius,False,Sonchus asper,0.144552,False,True,Erechtites hieraciifolius,True
Erechtites_hieraciifolius_1.jpg,Erechtites hieraciifolius,False,C-m0.04,0.040000,Erechtites hieraciifolius,False,Sonchus asper,0.144552,False,True,Erechtites hieraciifolius,True
Erechtites_hieraciifolius_1.jpg,Erechtites hieraciifolius,False,C-m0.05,0.050000,Erechtites hieraciifolius,False,Sonchus asper,0.144552,False,True,Erechtites hieraciifolius,True
Erechtites_hieraciifolius_1.jpg,Erechtites hieraciifolius,False,C-m0.06,0.060000,Erechtites hieraciifolius,False,Sonchus asper,0.144552,False,True,Erechtites hieraciifolius,True
Erechtites_hieraciifolius_1.jpg,Erechtites hieraciifolius,False,C-m0.08,0.080000,Erechtites hieraciifolius,False,Sonchus asper,0.144552,False,True,Erechtites hieraciifolius,True
Erechtites_hieraciifolius_1.jpg,Erechtites hieraciifolius,False,C-m0.10,0.100000,Erechtites hieraciifolius,False,Sonchus asper,0.144552,False,True,Erechtites hieraciifolius,True
Erechtites_hieraciifolius_1.jpg,Erechtites hieraciifolius,False,T,0.000000,Senecio vulgaris,True,Senecio vulgaris,0.000000,False,False,,False
Erechtites_hieraciifolius_1.jpg,Erechtites hieraciifolius,False,T-veto2,0.000000,Senecio vulgaris,True,Senecio vulgaris,0.000000,False,False,,False
Erechtites_hieraciifolius_1.jpg,Erechtites hieraciifolius,False,T-veto3,0.000000,Senecio vulgaris,True,Senecio vulgaris,0.000000,False,False,,False
Erechtites_hieraciifolius_1.jpg,Erechtites hieraciifolius,False,T-veto5,0.000000,Senecio vulgaris,True,Senecio vulgaris,0.000000,False,False,,False
Erechtites_hieraciifolius_1.jpg,Erechtites hieraciifolius,False,W,0.000000,Senecio vulgaris,True,Senecio vulgaris,0.000000,False,False,,False
Erechtites_hieraciifolius_1.jpg,Erechtites hieraciifolius,False,C-m*raw,0.047722,Erechtites hieraciifolius,False,Sonchus asper,0.144552,False,True,Erechtites hieraciifolius,True
Erechtites_hieraciifolius_1.jpg,Erechtites hieraciifolius,False,C-m*hazard,0.047722,Erechtites hieraciifolius,False,Sonchus asper,0.144552,False,True,Erechtites hieraciifolius,True
Erechtites_hieraciifolius_2.jpg,Erechtites hieraciifolius,False,A,0.000000,Erechtites hieraciifolius,False,,inf,False,True,Erechtites hieraciifolius,True
Erechtites_hieraciifolius_2.jpg,Erechtites hieraciifolius,False,B,0.000000,Eupatorium serotinum,True,Eupatorium serotinum,0.000000,False,False,,False
Erechtites_hieraciifolius_2.jpg,Erechtites hieraciifolius,False,C,0.000000,Achillea millefolium,True,Achillea millefolium,0.000000,False,False,,False
Erechtites_hieraciifolius_2.jpg,Erechtites hieraciifolius,False,C-veto2,0.000000,Achillea millefolium,True,Achillea millefolium,0.000000,False,False,,False
Erechtites_hieraciifolius_2.jpg,Erechtites hieraciifolius,False,C-veto3,0.000000,Achillea millefolium,True,Achillea millefolium,0.000000,False,False,,False
Erechtites_hieraciifolius_2.jpg,Erechtites hieraciifolius,False,C-veto5,0.000000,Achillea millefolium,True,Achillea millefolium,0.000000,False,False,,False
Erechtites_hieraciifolius_2.jpg,Erechtites hieraciifolius,False,C-m0.01,0.010000,Achillea millefolium,True,Achillea millefolium,0.000000,False,False,,False
Erechtites_hieraciifolius_2.jpg,Erechtites hieraciifolius,False,C-m0.02,0.020000,Achillea millefolium,True,Achillea millefolium,0.000000,False,False,,False
Erechtites_hieraciifolius_2.jpg,Erechtites hieraciifolius,False,C-m0.03,0.030000,Achillea millefolium,True,Achillea millefolium,0.000000,False,False,,False
Erechtites_hieraciifolius_2.jpg,Erechtites hieraciifolius,False,C-m0.04,0.040000,Achillea millefolium,True,Achillea millefolium,0.000000,False,False,,False
Erechtites_hieraciifolius_2.jpg,Erechtites hieraciifolius,False,C-m0.05,0.050000,Achillea millefolium,True,Achillea millefolium,0.000000,False,False,,False
Erechtites_hieraciifolius_2.jpg,Erechtites hieraciifolius,False,C-m0.06,0.060000,Achillea millefolium,True,Achillea millefolium,0.000000,False,False,,False
Erechtites_hieraciifolius_2.jpg,Erechtites hieraciifolius,False,C-m0.08,0.080000,Achillea millefolium,True,Achillea millefolium,0.000000,False,False,,False
Erechtites_hieraciifolius_2.jpg,Erechtites hieraciifolius,False,C-m0.10,0.100000,Achillea millefolium,True,Achillea millefolium,0.000000,False,False,,False
Erechtites_hieraciifolius_2.jpg,Erechtites hieraciifolius,False,T,0.000000,Achillea ptarmica,True,Achillea ptarmica,0.000000,False,False,,False
Erechtites_hieraciifolius_2.jpg,Erechtites hieraciifolius,False,T-veto2,0.000000,Achillea ptarmica,True,Achillea ptarmica,0.000000,False,False,,False
Erechtites_hieraciifolius_2.jpg,Erechtites hieraciifolius,False,T-veto3,0.000000,Achillea ptarmica,True,Achillea ptarmica,0.000000,False,False,,False
Erechtites_hieraciifolius_2.jpg,Erechtites hieraciifolius,False,T-veto5,0.000000,Achillea ptarmica,True,Achillea ptarmica,0.000000,False,False,,False
Erechtites_hieraciifolius_2.jpg,Erechtites hieraciifolius,False,W,0.000000,Achillea ptarmica,True,Achillea ptarmica,0.000000,False,False,,False
Erechtites_hieraciifolius_2.jpg,Erechtites hieraciifolius,False,C-m*raw,0.047722,Achillea millefolium,True,Achillea millefolium,0.000000,False,False,,False
Erechtites_hieraciifolius_2.jpg,Erechtites hieraciifolius,False,C-m*hazard,0.047722,Achillea millefolium,True,Achillea millefolium,0.000000,False,False,,False
Ampelopsis_glandulosa_0.jpg,Ampelopsis glandulosa,False,A,0.000000,Ampelopsis glandulosa,False,,inf,False,True,Ampelopsis glandulosa,True
Ampelopsis_glandulosa_0.jpg,Ampelopsis glandulosa,False,B,0.000000,Ampelopsis glandulosa,False,Parthenocissus quinquefolia,0.206414,False,True,Ampelopsis glandulosa,True
Ampelopsis_glandulosa_0.jpg,Ampelopsis glandulosa,False,C,0.000000,Ampelopsis glandulosa,False,Ampelopsis cordata,0.130979,False,True,Ampelopsis glandulosa,True
Ampelopsis_glandulosa_0.jpg,Ampelopsis glandulosa,False,C-veto2,0.000000,Ampelopsis glandulosa,False,Ampelopsis cordata,0.130979,False,False,,False
Ampelopsis_glandulosa_0.jpg,Ampelopsis glandulosa,False,C-veto3,0.000000,Ampelopsis glandulosa,False,Ampelopsis cordata,0.130979,False,False,,False
Ampelopsis_glandulosa_0.jpg,Ampelopsis glandulosa,False,C-veto5,0.000000,Ampelopsis glandulosa,False,Ampelopsis cordata,0.130979,False,False,,False
Ampelopsis_glandulosa_0.jpg,Ampelopsis glandulosa,False,C-m0.01,0.010000,Ampelopsis glandulosa,False,Ampelopsis cordata,0.130979,False,True,Ampelopsis glandulosa,True
Ampelopsis_glandulosa_0.jpg,Ampelopsis glandulosa,False,C-m0.02,0.020000,Ampelopsis glandulosa,False,Ampelopsis cordata,0.130979,False,True,Ampelopsis glandulosa,True
Ampelopsis_glandulosa_0.jpg,Ampelopsis glandulosa,False,C-m0.03,0.030000,Ampelopsis glandulosa,False,Ampelopsis cordata,0.130979,False,True,Ampelopsis glandulosa,True
Ampelopsis_glandulosa_0.jpg,Ampelopsis glandulosa,False,C-m0.04,0.040000,Ampelopsis glandulosa,False,Ampelopsis cordata,0.130979,False,True,Ampelopsis glandulosa,True
Ampelopsis_glandulosa_0.jpg,Ampelopsis glandulosa,False,C-m0.05,0.050000,Ampelopsis glandulosa,False,Ampelopsis cordata,0.130979,False,True,Ampelopsis glandulosa,True
Ampelopsis_glandulosa_0.jpg,Ampelopsis glandulosa,False,C-m0.06,0.060000,Ampelopsis glandulosa,False,Ampelopsis cordata,0.130979,False,True,Ampelopsis glandulosa,True
Ampelopsis_glandulosa_0.jpg,Ampelopsis glandulosa,False,C-m0.08,0.080000,Ampelopsis glandulosa,False,Ampelopsis cordata,0.130979,False,True,Ampelopsis glandulosa,True
Ampelopsis_glandulosa_0.jpg,Ampelopsis glandulosa,False,C-m0.10,0.100000,Ampelopsis glandulosa,False,Ampelopsis cordata,0.130979,False,True,Ampelopsis glandulosa,True
Ampelopsis_glandulosa_0.jpg,Ampelopsis glandulosa,False,T,0.000000,Ampelopsis glandulosa,False,Ampelopsis cordata,0.130979,False,True,Ampelopsis glandulosa,True
Ampelopsis_glandulosa_0.jpg,Ampelopsis glandulosa,False,T-veto2,0.000000,Ampelopsis glandulosa,False,Ampelopsis cordata,0.130979,False,False,,False
Ampelopsis_glandulosa_0.jpg,Ampelopsis glandulosa,False,T-veto3,0.000000,Ampelopsis glandulosa,False,Ampelopsis cordata,0.130979,False,False,,False
Ampelopsis_glandulosa_0.jpg,Ampelopsis glandulosa,False,T-veto5,0.000000,Ampelopsis glandulosa,False,Ampelopsis cordata,0.130979,False,False,,False
Ampelopsis_glandulosa_0.jpg,Ampelopsis glandulosa,False,W,0.000000,Ampelopsis glandulosa,False,Ampelopsis cordata,0.130979,False,True,Ampelopsis glandulosa,True
Ampelopsis_glandulosa_0.jpg,Ampelopsis glandulosa,False,C-m*raw,0.047722,Ampelopsis glandulosa,False,Ampelopsis cordata,0.130979,False,True,Ampelopsis glandulosa,True
Ampelopsis_glandulosa_0.jpg,Ampelopsis glandulosa,False,C-m*hazard,0.047722,Ampelopsis glandulosa,False,Ampelopsis cordata,0.130979,False,True,Ampelopsis glandulosa,True
Ampelopsis_glandulosa_1.jpg,Ampelopsis glandulosa,False,A,0.000000,Ampelopsis glandulosa,False,,inf,False,True,Ampelopsis glandulosa,True
Ampelopsis_glandulosa_1.jpg,Ampelopsis glandulosa,False,B,0.000000,Ampelopsis glandulosa,False,Parthenocissus quinquefolia,0.257850,False,True,Ampelopsis glandulosa,True
Ampelopsis_glandulosa_1.jpg,Ampelopsis glandulosa,False,C,0.000000,Ampelopsis glandulosa,False,Ampelopsis cordata,0.124379,False,True,Ampelopsis glandulosa,True
Ampelopsis_glandulosa_1.jpg,Ampelopsis glandulosa,False,C-veto2,0.000000,Ampelopsis glandulosa,False,Ampelopsis cordata,0.124379,False,False,,False
Ampelopsis_glandulosa_1.jpg,Ampelopsis glandulosa,False,C-veto3,0.000000,Ampelopsis glandulosa,False,Ampelopsis cordata,0.124379,False,False,,False
Ampelopsis_glandulosa_1.jpg,Ampelopsis glandulosa,False,C-veto5,0.000000,Ampelopsis glandulosa,False,Ampelopsis cordata,0.124379,False,False,,False
Ampelopsis_glandulosa_1.jpg,Ampelopsis glandulosa,False,C-m0.01,0.010000,Ampelopsis glandulosa,False,Ampelopsis cordata,0.124379,False,True,Ampelopsis glandulosa,True
Ampelopsis_glandulosa_1.jpg,Ampelopsis glandulosa,False,C-m0.02,0.020000,Ampelopsis glandulosa,False,Ampelopsis cordata,0.124379,False,True,Ampelopsis glandulosa,True
Ampelopsis_glandulosa_1.jpg,Ampelopsis glandulosa,False,C-m0.03,0.030000,Ampelopsis glandulosa,False,Ampelopsis cordata,0.124379,False,True,Ampelopsis glandulosa,True
Ampelopsis_glandulosa_1.jpg,Ampelopsis glandulosa,False,C-m0.04,0.040000,Ampelopsis glandulosa,False,Ampelopsis cordata,0.124379,False,True,Ampelopsis glandulosa,True
Ampelopsis_glandulosa_1.jpg,Ampelopsis glandulosa,False,C-m0.05,0.050000,Ampelopsis glandulosa,False,Ampelopsis cordata,0.124379,False,True,Ampelopsis glandulosa,True
Ampelopsis_glandulosa_1.jpg,Ampelopsis glandulosa,False,C-m0.06,0.060000,Ampelopsis glandulosa,False,Ampelopsis cordata,0.124379,False,True,Ampelopsis glandulosa,True
Ampelopsis_glandulosa_1.jpg,Ampelopsis glandulosa,False,C-m0.08,0.080000,Ampelopsis glandulosa,False,Ampelopsis cordata,0.124379,False,True,Ampelopsis glandulosa,True
Ampelopsis_glandulosa_1.jpg,Ampelopsis glandulosa,False,C-m0.10,0.100000,Ampelopsis glandulosa,False,Ampelopsis cordata,0.124379,False,True,Ampelopsis glandulosa,True
Ampelopsis_glandulosa_1.jpg,Ampelopsis glandulosa,False,T,0.000000,Ampelopsis glandulosa,False,Ampelopsis cordata,0.124379,False,True,Ampelopsis glandulosa,True
Ampelopsis_glandulosa_1.jpg,Ampelopsis glandulosa,False,T-veto2,0.000000,Ampelopsis glandulosa,False,Ampelopsis cordata,0.124379,False,False,,False
Ampelopsis_glandulosa_1.jpg,Ampelopsis glandulosa,False,T-veto3,0.000000,Ampelopsis glandulosa,False,Ampelopsis cordata,0.124379,False,False,,False
Ampelopsis_glandulosa_1.jpg,Ampelopsis glandulosa,False,T-veto5,0.000000,Ampelopsis glandulosa,False,Ampelopsis cordata,0.124379,False,False,,False
Ampelopsis_glandulosa_1.jpg,Ampelopsis glandulosa,False,W,0.000000,Ampelopsis glandulosa,False,Ampelopsis cordata,0.124379,False,True,Ampelopsis glandulosa,True
Ampelopsis_glandulosa_1.jpg,Ampelopsis glandulosa,False,C-m*raw,0.047722,Ampelopsis glandulosa,False,Ampelopsis cordata,0.124379,False,True,Ampelopsis glandulosa,True
Ampelopsis_glandulosa_1.jpg,Ampelopsis glandulosa,False,C-m*hazard,0.047722,Ampelopsis glandulosa,False,Ampelopsis cordata,0.124379,False,True,Ampelopsis glandulosa,True
Ampelopsis_glandulosa_2.jpg,Ampelopsis glandulosa,False,A,0.000000,Ampelopsis glandulosa,False,,inf,False,True,Ampelopsis glandulosa,True
Ampelopsis_glandulosa_2.jpg,Ampelopsis glandulosa,False,B,0.000000,Ampelopsis glandulosa,False,Parthenocissus quinquefolia,0.235108,False,True,Ampelopsis glandulosa,True
Ampelopsis_glandulosa_2.jpg,Ampelopsis glandulosa,False,C,0.000000,Ampelopsis glandulosa,False,Ampelopsis cordata,0.116861,False,True,Ampelopsis glandulosa,True
Ampelopsis_glandulosa_2.jpg,Ampelopsis glandulosa,False,C-veto2,0.000000,Ampelopsis glandulosa,False,Ampelopsis cordata,0.116861,False,False,,False
Ampelopsis_glandulosa_2.jpg,Ampelopsis glandulosa,False,C-veto3,0.000000,Ampelopsis glandulosa,False,Ampelopsis cordata,0.116861,False,False,,False
Ampelopsis_glandulosa_2.jpg,Ampelopsis glandulosa,False,C-veto5,0.000000,Ampelopsis glandulosa,False,Ampelopsis cordata,0.116861,False,False,,False
Ampelopsis_glandulosa_2.jpg,Ampelopsis glandulosa,False,C-m0.01,0.010000,Ampelopsis glandulosa,False,Ampelopsis cordata,0.116861,False,True,Ampelopsis glandulosa,True
Ampelopsis_glandulosa_2.jpg,Ampelopsis glandulosa,False,C-m0.02,0.020000,Ampelopsis glandulosa,False,Ampelopsis cordata,0.116861,False,True,Ampelopsis glandulosa,True
Ampelopsis_glandulosa_2.jpg,Ampelopsis glandulosa,False,C-m0.03,0.030000,Ampelopsis glandulosa,False,Ampelopsis cordata,0.116861,False,True,Ampelopsis glandulosa,True
Ampelopsis_glandulosa_2.jpg,Ampelopsis glandulosa,False,C-m0.04,0.040000,Ampelopsis glandulosa,False,Ampelopsis cordata,0.116861,False,True,Ampelopsis glandulosa,True
Ampelopsis_glandulosa_2.jpg,Ampelopsis glandulosa,False,C-m0.05,0.050000,Ampelopsis glandulosa,False,Ampelopsis cordata,0.116861,False,True,Ampelopsis glandulosa,True
Ampelopsis_glandulosa_2.jpg,Ampelopsis glandulosa,False,C-m0.06,0.060000,Ampelopsis glandulosa,False,Ampelopsis cordata,0.116861,False,True,Ampelopsis glandulosa,True
Ampelopsis_glandulosa_2.jpg,Ampelopsis glandulosa,False,C-m0.08,0.080000,Ampelopsis glandulosa,False,Ampelopsis cordata,0.116861,False,True,Ampelopsis glandulosa,True
Ampelopsis_glandulosa_2.jpg,Ampelopsis glandulosa,False,C-m0.10,0.100000,Ampelopsis glandulosa,False,Ampelopsis cordata,0.116861,False,True,Ampelopsis glandulosa,True
Ampelopsis_glandulosa_2.jpg,Ampelopsis glandulosa,False,T,0.000000,Ampelopsis glandulosa,False,Ampelopsis cordata,0.116861,False,True,Ampelopsis glandulosa,True
Ampelopsis_glandulosa_2.jpg,Ampelopsis glandulosa,False,T-veto2,0.000000,Ampelopsis glandulosa,False,Ampelopsis cordata,0.116861,False,False,,False
Ampelopsis_glandulosa_2.jpg,Ampelopsis glandulosa,False,T-veto3,0.000000,Ampelopsis glandulosa,False,Ampelopsis cordata,0.116861,False,False,,False
Ampelopsis_glandulosa_2.jpg,Ampelopsis glandulosa,False,T-veto5,0.000000,Ampelopsis glandulosa,False,Ampelopsis cordata,0.116861,False,False,,False
Ampelopsis_glandulosa_2.jpg,Ampelopsis glandulosa,False,W,0.000000,Ampelopsis glandulosa,False,Ampelopsis cordata,0.116861,False,True,Ampelopsis glandulosa,True
Ampelopsis_glandulosa_2.jpg,Ampelopsis glandulosa,False,C-m*raw,0.047722,Ampelopsis glandulosa,False,Ampelopsis cordata,0.116861,False,True,Ampelopsis glandulosa,True
Ampelopsis_glandulosa_2.jpg,Ampelopsis glandulosa,False,C-m*hazard,0.047722,Ampelopsis glandulosa,False,Ampelopsis cordata,0.116861,False,True,Ampelopsis glandulosa,True
Diospyros_virginiana_0.jpg,Diospyros virginiana,False,A,0.000000,Diospyros virginiana,False,,inf,False,True,Diospyros virginiana,True
Diospyros_virginiana_0.jpg,Diospyros virginiana,False,B,0.000000,Asimina triloba,True,Asimina triloba,0.000000,False,False,,False
Diospyros_virginiana_0.jpg,Diospyros virginiana,False,C,0.000000,Asimina triloba,True,Asimina triloba,0.000000,False,False,,False
Diospyros_virginiana_0.jpg,Diospyros virginiana,False,C-veto2,0.000000,Asimina triloba,True,Asimina triloba,0.000000,False,False,,False
Diospyros_virginiana_0.jpg,Diospyros virginiana,False,C-veto3,0.000000,Asimina triloba,True,Asimina triloba,0.000000,False,False,,False
Diospyros_virginiana_0.jpg,Diospyros virginiana,False,C-veto5,0.000000,Asimina triloba,True,Asimina triloba,0.000000,False,False,,False
Diospyros_virginiana_0.jpg,Diospyros virginiana,False,C-m0.01,0.010000,Asimina triloba,True,Asimina triloba,0.000000,False,False,,False
Diospyros_virginiana_0.jpg,Diospyros virginiana,False,C-m0.02,0.020000,Asimina triloba,True,Asimina triloba,0.000000,False,False,,False
Diospyros_virginiana_0.jpg,Diospyros virginiana,False,C-m0.03,0.030000,Asimina triloba,True,Asimina triloba,0.000000,False,False,,False
Diospyros_virginiana_0.jpg,Diospyros virginiana,False,C-m0.04,0.040000,Asimina triloba,True,Asimina triloba,0.000000,False,False,,False
Diospyros_virginiana_0.jpg,Diospyros virginiana,False,C-m0.05,0.050000,Asimina triloba,True,Asimina triloba,0.000000,False,False,,False
Diospyros_virginiana_0.jpg,Diospyros virginiana,False,C-m0.06,0.060000,Asimina triloba,True,Asimina triloba,0.000000,False,False,,False
Diospyros_virginiana_0.jpg,Diospyros virginiana,False,C-m0.08,0.080000,Asimina triloba,True,Asimina triloba,0.000000,False,False,,False
Diospyros_virginiana_0.jpg,Diospyros virginiana,False,C-m0.10,0.100000,Asimina triloba,True,Asimina triloba,0.000000,False,False,,False
Diospyros_virginiana_0.jpg,Diospyros virginiana,False,T,0.000000,Asimina triloba,True,Asimina triloba,0.000000,False,False,,False
Diospyros_virginiana_0.jpg,Diospyros virginiana,False,T-veto2,0.000000,Asimina triloba,True,Asimina triloba,0.000000,False,False,,False
Diospyros_virginiana_0.jpg,Diospyros virginiana,False,T-veto3,0.000000,Asimina triloba,True,Asimina triloba,0.000000,False,False,,False
Diospyros_virginiana_0.jpg,Diospyros virginiana,False,T-veto5,0.000000,Asimina triloba,True,Asimina triloba,0.000000,False,False,,False
Diospyros_virginiana_0.jpg,Diospyros virginiana,False,W,0.000000,Nyssa sylvatica,False,Asimina triloba,0.014865,False,False,,False
Diospyros_virginiana_0.jpg,Diospyros virginiana,False,C-m*raw,0.047722,Asimina triloba,True,Asimina triloba,0.000000,False,False,,False
Diospyros_virginiana_0.jpg,Diospyros virginiana,False,C-m*hazard,0.047722,Asimina triloba,True,Asimina triloba,0.000000,False,False,,False
Diospyros_virginiana_1.jpg,Diospyros virginiana,False,A,0.000000,Diospyros virginiana,False,,inf,False,True,Diospyros virginiana,True
Diospyros_virginiana_1.jpg,Diospyros virginiana,False,B,0.000000,Diospyros virginiana,False,Cornus florida,0.034283,False,True,Diospyros virginiana,True
Diospyros_virginiana_1.jpg,Diospyros virginiana,False,C,0.000000,Quercus marilandica,True,Quercus marilandica,0.000000,False,False,,False
Diospyros_virginiana_1.jpg,Diospyros virginiana,False,C-veto2,0.000000,Quercus marilandica,True,Quercus marilandica,0.000000,False,False,,False
Diospyros_virginiana_1.jpg,Diospyros virginiana,False,C-veto3,0.000000,Quercus marilandica,True,Quercus marilandica,0.000000,False,False,,False
Diospyros_virginiana_1.jpg,Diospyros virginiana,False,C-veto5,0.000000,Quercus marilandica,True,Quercus marilandica,0.000000,False,False,,False
Diospyros_virginiana_1.jpg,Diospyros virginiana,False,C-m0.01,0.010000,Quercus marilandica,True,Quercus marilandica,0.000000,False,False,,False
Diospyros_virginiana_1.jpg,Diospyros virginiana,False,C-m0.02,0.020000,Quercus marilandica,True,Quercus marilandica,0.000000,False,False,,False
Diospyros_virginiana_1.jpg,Diospyros virginiana,False,C-m0.03,0.030000,Quercus marilandica,True,Quercus marilandica,0.000000,False,False,,False
Diospyros_virginiana_1.jpg,Diospyros virginiana,False,C-m0.04,0.040000,Quercus marilandica,True,Quercus marilandica,0.000000,False,False,,False
Diospyros_virginiana_1.jpg,Diospyros virginiana,False,C-m0.05,0.050000,Quercus marilandica,True,Quercus marilandica,0.000000,False,False,,False
Diospyros_virginiana_1.jpg,Diospyros virginiana,False,C-m0.06,0.060000,Quercus marilandica,True,Quercus marilandica,0.000000,False,False,,False
Diospyros_virginiana_1.jpg,Diospyros virginiana,False,C-m0.08,0.080000,Quercus marilandica,True,Quercus marilandica,0.000000,False,False,,False
Diospyros_virginiana_1.jpg,Diospyros virginiana,False,C-m0.10,0.100000,Quercus marilandica,True,Quercus marilandica,0.000000,False,False,,False
Diospyros_virginiana_1.jpg,Diospyros virginiana,False,T,0.000000,Sideroxylon lanuginosum,True,Sideroxylon lanuginosum,0.000000,False,False,,False
Diospyros_virginiana_1.jpg,Diospyros virginiana,False,T-veto2,0.000000,Sideroxylon lanuginosum,True,Sideroxylon lanuginosum,0.000000,False,False,,False
Diospyros_virginiana_1.jpg,Diospyros virginiana,False,T-veto3,0.000000,Sideroxylon lanuginosum,True,Sideroxylon lanuginosum,0.000000,False,False,,False
Diospyros_virginiana_1.jpg,Diospyros virginiana,False,T-veto5,0.000000,Sideroxylon lanuginosum,True,Sideroxylon lanuginosum,0.000000,False,False,,False
Diospyros_virginiana_1.jpg,Diospyros virginiana,False,W,0.000000,Quercus fusiformis,False,Sideroxylon lanuginosum,0.018730,False,True,Quercus nigra,False
Diospyros_virginiana_1.jpg,Diospyros virginiana,False,C-m*raw,0.047722,Quercus marilandica,True,Quercus marilandica,0.000000,False,False,,False
Diospyros_virginiana_1.jpg,Diospyros virginiana,False,C-m*hazard,0.047722,Quercus marilandica,True,Quercus marilandica,0.000000,False,False,,False
Diospyros_virginiana_2.jpg,Diospyros virginiana,False,A,0.000000,Quercus nigra,False,,inf,False,True,Quercus nigra,False
Diospyros_virginiana_2.jpg,Diospyros virginiana,False,B,0.000000,Quercus nigra,False,Cornus florida,0.040159,False,True,Quercus nigra,False
Diospyros_virginiana_2.jpg,Diospyros virginiana,False,C,0.000000,Quercus nigra,False,Quercus marilandica,0.014878,False,True,Quercus nigra,False
Diospyros_virginiana_2.jpg,Diospyros virginiana,False,C-veto2,0.000000,Quercus nigra,False,Quercus marilandica,0.014878,False,False,,False
Diospyros_virginiana_2.jpg,Diospyros virginiana,False,C-veto3,0.000000,Quercus nigra,False,Quercus marilandica,0.014878,False,False,,False
Diospyros_virginiana_2.jpg,Diospyros virginiana,False,C-veto5,0.000000,Quercus nigra,False,Quercus marilandica,0.014878,False,False,,False
Diospyros_virginiana_2.jpg,Diospyros virginiana,False,C-m0.01,0.010000,Quercus nigra,False,Quercus marilandica,0.014878,False,True,Quercus nigra,False
Diospyros_virginiana_2.jpg,Diospyros virginiana,False,C-m0.02,0.020000,Quercus nigra,False,Quercus marilandica,0.014878,False,False,,False
Diospyros_virginiana_2.jpg,Diospyros virginiana,False,C-m0.03,0.030000,Quercus nigra,False,Quercus marilandica,0.014878,False,False,,False
Diospyros_virginiana_2.jpg,Diospyros virginiana,False,C-m0.04,0.040000,Quercus nigra,False,Quercus marilandica,0.014878,False,False,,False
Diospyros_virginiana_2.jpg,Diospyros virginiana,False,C-m0.05,0.050000,Quercus nigra,False,Quercus marilandica,0.014878,False,False,,False
Diospyros_virginiana_2.jpg,Diospyros virginiana,False,C-m0.06,0.060000,Quercus nigra,False,Quercus marilandica,0.014878,False,False,,False
Diospyros_virginiana_2.jpg,Diospyros virginiana,False,C-m0.08,0.080000,Quercus nigra,False,Quercus marilandica,0.014878,False,False,,False
Diospyros_virginiana_2.jpg,Diospyros virginiana,False,C-m0.10,0.100000,Quercus nigra,False,Quercus marilandica,0.014878,False,False,,False
Diospyros_virginiana_2.jpg,Diospyros virginiana,False,T,0.000000,Quercus nigra,False,Quercus marilandica,0.014878,False,True,Quercus nigra,False
Diospyros_virginiana_2.jpg,Diospyros virginiana,False,T-veto2,0.000000,Quercus nigra,False,Quercus marilandica,0.014878,False,False,,False
Diospyros_virginiana_2.jpg,Diospyros virginiana,False,T-veto3,0.000000,Quercus nigra,False,Quercus marilandica,0.014878,False,False,,False
Diospyros_virginiana_2.jpg,Diospyros virginiana,False,T-veto5,0.000000,Quercus nigra,False,Quercus marilandica,0.014878,False,False,,False
Diospyros_virginiana_2.jpg,Diospyros virginiana,False,W,0.000000,Quercus nigra,False,Quercus marilandica,0.014878,False,True,Quercus nigra,False
Diospyros_virginiana_2.jpg,Diospyros virginiana,False,C-m*raw,0.047722,Quercus nigra,False,Quercus marilandica,0.014878,False,False,,False
Diospyros_virginiana_2.jpg,Diospyros virginiana,False,C-m*hazard,0.047722,Quercus nigra,False,Quercus marilandica,0.014878,False,False,,False
Platanus_occidentalis_0.jpg,Platanus occidentalis,False,A,0.000000,Platanus occidentalis,False,,inf,True,True,Platanus occidentalis,True
Platanus_occidentalis_0.jpg,Platanus occidentalis,False,B,0.000000,Acer negundo,True,Acer negundo,0.000000,True,False,,False
Platanus_occidentalis_0.jpg,Platanus occidentalis,False,C,0.000000,Acer negundo,True,Acer negundo,0.000000,True,False,,False
Platanus_occidentalis_0.jpg,Platanus occidentalis,False,C-veto2,0.000000,Acer negundo,True,Acer negundo,0.000000,True,False,,False
Platanus_occidentalis_0.jpg,Platanus occidentalis,False,C-veto3,0.000000,Acer negundo,True,Acer negundo,0.000000,True,False,,False
Platanus_occidentalis_0.jpg,Platanus occidentalis,False,C-veto5,0.000000,Acer negundo,True,Acer negundo,0.000000,True,False,,False
Platanus_occidentalis_0.jpg,Platanus occidentalis,False,C-m0.01,0.010000,Acer negundo,True,Acer negundo,0.000000,True,False,,False
Platanus_occidentalis_0.jpg,Platanus occidentalis,False,C-m0.02,0.020000,Acer negundo,True,Acer negundo,0.000000,True,False,,False
Platanus_occidentalis_0.jpg,Platanus occidentalis,False,C-m0.03,0.030000,Acer negundo,True,Acer negundo,0.000000,True,False,,False
Platanus_occidentalis_0.jpg,Platanus occidentalis,False,C-m0.04,0.040000,Acer negundo,True,Acer negundo,0.000000,True,False,,False
Platanus_occidentalis_0.jpg,Platanus occidentalis,False,C-m0.05,0.050000,Acer negundo,True,Acer negundo,0.000000,True,False,,False
Platanus_occidentalis_0.jpg,Platanus occidentalis,False,C-m0.06,0.060000,Acer negundo,True,Acer negundo,0.000000,True,False,,False
Platanus_occidentalis_0.jpg,Platanus occidentalis,False,C-m0.08,0.080000,Acer negundo,True,Acer negundo,0.000000,True,False,,False
Platanus_occidentalis_0.jpg,Platanus occidentalis,False,C-m0.10,0.100000,Acer negundo,True,Acer negundo,0.000000,True,False,,False
Platanus_occidentalis_0.jpg,Platanus occidentalis,False,T,0.000000,Toxicodendron diversilobum,True,Toxicodendron diversilobum,0.000000,True,False,,False
Platanus_occidentalis_0.jpg,Platanus occidentalis,False,T-veto2,0.000000,Toxicodendron diversilobum,True,Toxicodendron diversilobum,0.000000,True,False,,False
Platanus_occidentalis_0.jpg,Platanus occidentalis,False,T-veto3,0.000000,Toxicodendron diversilobum,True,Toxicodendron diversilobum,0.000000,True,False,,False
Platanus_occidentalis_0.jpg,Platanus occidentalis,False,T-veto5,0.000000,Toxicodendron diversilobum,True,Toxicodendron diversilobum,0.000000,True,False,,False
Platanus_occidentalis_0.jpg,Platanus occidentalis,False,W,0.000000,Acer macrophyllum,False,Toxicodendron diversilobum,0.085685,True,False,,False
Platanus_occidentalis_0.jpg,Platanus occidentalis,False,C-m*raw,0.047722,Acer negundo,True,Acer negundo,0.000000,True,False,,False
Platanus_occidentalis_0.jpg,Platanus occidentalis,False,C-m*hazard,0.047722,Acer negundo,True,Acer negundo,0.000000,True,False,,False
Platanus_occidentalis_1.jpg,Platanus occidentalis,False,A,0.000000,Platanus occidentalis,False,,inf,False,True,Platanus occidentalis,True
Platanus_occidentalis_1.jpg,Platanus occidentalis,False,B,0.000000,Platanus occidentalis,False,Toxicodendron radicans,0.112115,False,True,Platanus occidentalis,True
Platanus_occidentalis_1.jpg,Platanus occidentalis,False,C,0.000000,Platanus occidentalis,False,Morus alba,0.062471,False,True,Platanus occidentalis,True
Platanus_occidentalis_1.jpg,Platanus occidentalis,False,C-veto2,0.000000,Platanus occidentalis,False,Morus alba,0.062471,False,False,,False
Platanus_occidentalis_1.jpg,Platanus occidentalis,False,C-veto3,0.000000,Platanus occidentalis,False,Morus alba,0.062471,False,False,,False
Platanus_occidentalis_1.jpg,Platanus occidentalis,False,C-veto5,0.000000,Platanus occidentalis,False,Morus alba,0.062471,False,False,,False
Platanus_occidentalis_1.jpg,Platanus occidentalis,False,C-m0.01,0.010000,Platanus occidentalis,False,Morus alba,0.062471,False,True,Platanus occidentalis,True
Platanus_occidentalis_1.jpg,Platanus occidentalis,False,C-m0.02,0.020000,Platanus occidentalis,False,Morus alba,0.062471,False,True,Platanus occidentalis,True
Platanus_occidentalis_1.jpg,Platanus occidentalis,False,C-m0.03,0.030000,Platanus occidentalis,False,Morus alba,0.062471,False,True,Platanus occidentalis,True
Platanus_occidentalis_1.jpg,Platanus occidentalis,False,C-m0.04,0.040000,Platanus occidentalis,False,Morus alba,0.062471,False,True,Platanus occidentalis,True
Platanus_occidentalis_1.jpg,Platanus occidentalis,False,C-m0.05,0.050000,Platanus occidentalis,False,Morus alba,0.062471,False,True,Platanus occidentalis,True
Platanus_occidentalis_1.jpg,Platanus occidentalis,False,C-m0.06,0.060000,Platanus occidentalis,False,Morus alba,0.062471,False,True,Platanus occidentalis,True
Platanus_occidentalis_1.jpg,Platanus occidentalis,False,C-m0.08,0.080000,Platanus occidentalis,False,Morus alba,0.062471,False,False,,False
Platanus_occidentalis_1.jpg,Platanus occidentalis,False,C-m0.10,0.100000,Platanus occidentalis,False,Morus alba,0.062471,False,False,,False
Platanus_occidentalis_1.jpg,Platanus occidentalis,False,T,0.000000,Platanus occidentalis,False,Vitis mustangensis,0.036885,False,True,Platanus occidentalis,True
Platanus_occidentalis_1.jpg,Platanus occidentalis,False,T-veto2,0.000000,Platanus occidentalis,False,Vitis mustangensis,0.036885,False,False,,False
Platanus_occidentalis_1.jpg,Platanus occidentalis,False,T-veto3,0.000000,Platanus occidentalis,False,Vitis mustangensis,0.036885,False,False,,False
Platanus_occidentalis_1.jpg,Platanus occidentalis,False,T-veto5,0.000000,Platanus occidentalis,False,Vitis mustangensis,0.036885,False,False,,False
Platanus_occidentalis_1.jpg,Platanus occidentalis,False,W,0.000000,Platanus occidentalis,False,Vitis mustangensis,0.036885,False,True,Platanus occidentalis,True
Platanus_occidentalis_1.jpg,Platanus occidentalis,False,C-m*raw,0.047722,Platanus occidentalis,False,Morus alba,0.062471,False,True,Platanus occidentalis,True
Platanus_occidentalis_1.jpg,Platanus occidentalis,False,C-m*hazard,0.047722,Platanus occidentalis,False,Morus alba,0.062471,False,True,Platanus occidentalis,True
Platanus_occidentalis_2.jpg,Platanus occidentalis,False,A,0.000000,Platanus occidentalis,False,,inf,False,True,Platanus occidentalis,True
Platanus_occidentalis_2.jpg,Platanus occidentalis,False,B,0.000000,Platanus occidentalis,False,Acer rubrum,0.083544,False,True,Platanus occidentalis,True
Platanus_occidentalis_2.jpg,Platanus occidentalis,False,C,0.000000,Platanus occidentalis,False,Acer rubrum,0.083544,False,True,Platanus occidentalis,True
Platanus_occidentalis_2.jpg,Platanus occidentalis,False,C-veto2,0.000000,Platanus occidentalis,False,Acer rubrum,0.083544,False,True,Platanus occidentalis,True
Platanus_occidentalis_2.jpg,Platanus occidentalis,False,C-veto3,0.000000,Platanus occidentalis,False,Acer rubrum,0.083544,False,False,,False
Platanus_occidentalis_2.jpg,Platanus occidentalis,False,C-veto5,0.000000,Platanus occidentalis,False,Acer rubrum,0.083544,False,False,,False
Platanus_occidentalis_2.jpg,Platanus occidentalis,False,C-m0.01,0.010000,Platanus occidentalis,False,Acer rubrum,0.083544,False,True,Platanus occidentalis,True
Platanus_occidentalis_2.jpg,Platanus occidentalis,False,C-m0.02,0.020000,Platanus occidentalis,False,Acer rubrum,0.083544,False,True,Platanus occidentalis,True
Platanus_occidentalis_2.jpg,Platanus occidentalis,False,C-m0.03,0.030000,Platanus occidentalis,False,Acer rubrum,0.083544,False,True,Platanus occidentalis,True
Platanus_occidentalis_2.jpg,Platanus occidentalis,False,C-m0.04,0.040000,Platanus occidentalis,False,Acer rubrum,0.083544,False,True,Platanus occidentalis,True
Platanus_occidentalis_2.jpg,Platanus occidentalis,False,C-m0.05,0.050000,Platanus occidentalis,False,Acer rubrum,0.083544,False,True,Platanus occidentalis,True
Platanus_occidentalis_2.jpg,Platanus occidentalis,False,C-m0.06,0.060000,Platanus occidentalis,False,Acer rubrum,0.083544,False,True,Platanus occidentalis,True
Platanus_occidentalis_2.jpg,Platanus occidentalis,False,C-m0.08,0.080000,Platanus occidentalis,False,Acer rubrum,0.083544,False,True,Platanus occidentalis,True
Platanus_occidentalis_2.jpg,Platanus occidentalis,False,C-m0.10,0.100000,Platanus occidentalis,False,Acer rubrum,0.083544,False,False,,False
Platanus_occidentalis_2.jpg,Platanus occidentalis,False,T,0.000000,Platanus occidentalis,False,Acer rubrum,0.083544,False,True,Platanus occidentalis,True
Platanus_occidentalis_2.jpg,Platanus occidentalis,False,T-veto2,0.000000,Platanus occidentalis,False,Acer rubrum,0.083544,False,True,Platanus occidentalis,True
Platanus_occidentalis_2.jpg,Platanus occidentalis,False,T-veto3,0.000000,Platanus occidentalis,False,Acer rubrum,0.083544,False,False,,False
Platanus_occidentalis_2.jpg,Platanus occidentalis,False,T-veto5,0.000000,Platanus occidentalis,False,Acer rubrum,0.083544,False,False,,False
Platanus_occidentalis_2.jpg,Platanus occidentalis,False,W,0.000000,Platanus occidentalis,False,Acer rubrum,0.083544,False,True,Platanus occidentalis,True
Platanus_occidentalis_2.jpg,Platanus occidentalis,False,C-m*raw,0.047722,Platanus occidentalis,False,Acer rubrum,0.083544,False,True,Platanus occidentalis,True
Platanus_occidentalis_2.jpg,Platanus occidentalis,False,C-m*hazard,0.047722,Platanus occidentalis,False,Acer rubrum,0.083544,False,True,Platanus occidentalis,True
Vitis_rotundifolia_0.jpg,Vitis rotundifolia,False,A,0.000000,Vitis rotundifolia,False,,inf,False,True,Vitis rotundifolia,True
Vitis_rotundifolia_0.jpg,Vitis rotundifolia,False,B,0.000000,Vitis rotundifolia,False,Parthenocissus quinquefolia,0.087284,False,True,Vitis rotundifolia,True
Vitis_rotundifolia_0.jpg,Vitis rotundifolia,False,C,0.000000,Ampelopsis cordata,True,Ampelopsis cordata,0.000000,False,False,,False
Vitis_rotundifolia_0.jpg,Vitis rotundifolia,False,C-veto2,0.000000,Ampelopsis cordata,True,Ampelopsis cordata,0.000000,False,False,,False
Vitis_rotundifolia_0.jpg,Vitis rotundifolia,False,C-veto3,0.000000,Ampelopsis cordata,True,Ampelopsis cordata,0.000000,False,False,,False
Vitis_rotundifolia_0.jpg,Vitis rotundifolia,False,C-veto5,0.000000,Ampelopsis cordata,True,Ampelopsis cordata,0.000000,False,False,,False
Vitis_rotundifolia_0.jpg,Vitis rotundifolia,False,C-m0.01,0.010000,Ampelopsis cordata,True,Ampelopsis cordata,0.000000,False,False,,False
Vitis_rotundifolia_0.jpg,Vitis rotundifolia,False,C-m0.02,0.020000,Ampelopsis cordata,True,Ampelopsis cordata,0.000000,False,False,,False
Vitis_rotundifolia_0.jpg,Vitis rotundifolia,False,C-m0.03,0.030000,Ampelopsis cordata,True,Ampelopsis cordata,0.000000,False,False,,False
Vitis_rotundifolia_0.jpg,Vitis rotundifolia,False,C-m0.04,0.040000,Ampelopsis cordata,True,Ampelopsis cordata,0.000000,False,False,,False
Vitis_rotundifolia_0.jpg,Vitis rotundifolia,False,C-m0.05,0.050000,Ampelopsis cordata,True,Ampelopsis cordata,0.000000,False,False,,False
Vitis_rotundifolia_0.jpg,Vitis rotundifolia,False,C-m0.06,0.060000,Ampelopsis cordata,True,Ampelopsis cordata,0.000000,False,False,,False
Vitis_rotundifolia_0.jpg,Vitis rotundifolia,False,C-m0.08,0.080000,Ampelopsis cordata,True,Ampelopsis cordata,0.000000,False,False,,False
Vitis_rotundifolia_0.jpg,Vitis rotundifolia,False,C-m0.10,0.100000,Ampelopsis cordata,True,Ampelopsis cordata,0.000000,False,False,,False
Vitis_rotundifolia_0.jpg,Vitis rotundifolia,False,T,0.000000,Ampelopsis cordata,True,Ampelopsis cordata,0.000000,False,False,,False
Vitis_rotundifolia_0.jpg,Vitis rotundifolia,False,T-veto2,0.000000,Ampelopsis cordata,True,Ampelopsis cordata,0.000000,False,False,,False
Vitis_rotundifolia_0.jpg,Vitis rotundifolia,False,T-veto3,0.000000,Ampelopsis cordata,True,Ampelopsis cordata,0.000000,False,False,,False
Vitis_rotundifolia_0.jpg,Vitis rotundifolia,False,T-veto5,0.000000,Ampelopsis cordata,True,Ampelopsis cordata,0.000000,False,False,,False
Vitis_rotundifolia_0.jpg,Vitis rotundifolia,False,W,0.000000,Vitis riparia,False,Ampelopsis cordata,0.009205,False,True,Vitis rotundifolia,True
Vitis_rotundifolia_0.jpg,Vitis rotundifolia,False,C-m*raw,0.047722,Ampelopsis cordata,True,Ampelopsis cordata,0.000000,False,False,,False
Vitis_rotundifolia_0.jpg,Vitis rotundifolia,False,C-m*hazard,0.047722,Ampelopsis cordata,True,Ampelopsis cordata,0.000000,False,False,,False
Vitis_rotundifolia_1.jpg,Vitis rotundifolia,False,A,0.000000,Vitis rotundifolia,False,,inf,False,True,Vitis rotundifolia,True
Vitis_rotundifolia_1.jpg,Vitis rotundifolia,False,B,0.000000,Vitis rotundifolia,False,Parthenocissus quinquefolia,0.114446,False,True,Vitis rotundifolia,True
Vitis_rotundifolia_1.jpg,Vitis rotundifolia,False,C,0.000000,Melothria pendula,True,Melothria pendula,0.000000,False,False,,False
Vitis_rotundifolia_1.jpg,Vitis rotundifolia,False,C-veto2,0.000000,Melothria pendula,True,Melothria pendula,0.000000,False,False,,False
Vitis_rotundifolia_1.jpg,Vitis rotundifolia,False,C-veto3,0.000000,Melothria pendula,True,Melothria pendula,0.000000,False,False,,False
Vitis_rotundifolia_1.jpg,Vitis rotundifolia,False,C-veto5,0.000000,Melothria pendula,True,Melothria pendula,0.000000,False,False,,False
Vitis_rotundifolia_1.jpg,Vitis rotundifolia,False,C-m0.01,0.010000,Melothria pendula,True,Melothria pendula,0.000000,False,False,,False
Vitis_rotundifolia_1.jpg,Vitis rotundifolia,False,C-m0.02,0.020000,Melothria pendula,True,Melothria pendula,0.000000,False,False,,False
Vitis_rotundifolia_1.jpg,Vitis rotundifolia,False,C-m0.03,0.030000,Melothria pendula,True,Melothria pendula,0.000000,False,False,,False
Vitis_rotundifolia_1.jpg,Vitis rotundifolia,False,C-m0.04,0.040000,Melothria pendula,True,Melothria pendula,0.000000,False,False,,False
Vitis_rotundifolia_1.jpg,Vitis rotundifolia,False,C-m0.05,0.050000,Melothria pendula,True,Melothria pendula,0.000000,False,False,,False
Vitis_rotundifolia_1.jpg,Vitis rotundifolia,False,C-m0.06,0.060000,Melothria pendula,True,Melothria pendula,0.000000,False,False,,False
Vitis_rotundifolia_1.jpg,Vitis rotundifolia,False,C-m0.08,0.080000,Melothria pendula,True,Melothria pendula,0.000000,False,False,,False
Vitis_rotundifolia_1.jpg,Vitis rotundifolia,False,C-m0.10,0.100000,Melothria pendula,True,Melothria pendula,0.000000,False,False,,False
Vitis_rotundifolia_1.jpg,Vitis rotundifolia,False,T,0.000000,Melothria pendula,True,Melothria pendula,0.000000,False,False,,False
Vitis_rotundifolia_1.jpg,Vitis rotundifolia,False,T-veto2,0.000000,Melothria pendula,True,Melothria pendula,0.000000,False,False,,False
Vitis_rotundifolia_1.jpg,Vitis rotundifolia,False,T-veto3,0.000000,Melothria pendula,True,Melothria pendula,0.000000,False,False,,False
Vitis_rotundifolia_1.jpg,Vitis rotundifolia,False,T-veto5,0.000000,Melothria pendula,True,Melothria pendula,0.000000,False,False,,False
Vitis_rotundifolia_1.jpg,Vitis rotundifolia,False,W,0.000000,Mikania micrantha,False,Melothria pendula,0.005425,False,False,,False
Vitis_rotundifolia_1.jpg,Vitis rotundifolia,False,C-m*raw,0.047722,Melothria pendula,True,Melothria pendula,0.000000,False,False,,False
Vitis_rotundifolia_1.jpg,Vitis rotundifolia,False,C-m*hazard,0.047722,Melothria pendula,True,Melothria pendula,0.000000,False,False,,False
Vitis_rotundifolia_2.jpg,Vitis rotundifolia,False,A,0.000000,Ampelopsis glandulosa,False,,inf,False,True,Ampelopsis glandulosa,False
Vitis_rotundifolia_2.jpg,Vitis rotundifolia,False,B,0.000000,Phytolacca americana,True,Phytolacca americana,0.000000,False,False,,False
Vitis_rotundifolia_2.jpg,Vitis rotundifolia,False,C,0.000000,Actaea pachypoda,True,Actaea pachypoda,0.000000,False,False,,False
Vitis_rotundifolia_2.jpg,Vitis rotundifolia,False,C-veto2,0.000000,Actaea pachypoda,True,Actaea pachypoda,0.000000,False,False,,False
Vitis_rotundifolia_2.jpg,Vitis rotundifolia,False,C-veto3,0.000000,Actaea pachypoda,True,Actaea pachypoda,0.000000,False,False,,False
Vitis_rotundifolia_2.jpg,Vitis rotundifolia,False,C-veto5,0.000000,Actaea pachypoda,True,Actaea pachypoda,0.000000,False,False,,False
Vitis_rotundifolia_2.jpg,Vitis rotundifolia,False,C-m0.01,0.010000,Actaea pachypoda,True,Actaea pachypoda,0.000000,False,False,,False
Vitis_rotundifolia_2.jpg,Vitis rotundifolia,False,C-m0.02,0.020000,Actaea pachypoda,True,Actaea pachypoda,0.000000,False,False,,False
Vitis_rotundifolia_2.jpg,Vitis rotundifolia,False,C-m0.03,0.030000,Actaea pachypoda,True,Actaea pachypoda,0.000000,False,False,,False
Vitis_rotundifolia_2.jpg,Vitis rotundifolia,False,C-m0.04,0.040000,Actaea pachypoda,True,Actaea pachypoda,0.000000,False,False,,False
Vitis_rotundifolia_2.jpg,Vitis rotundifolia,False,C-m0.05,0.050000,Actaea pachypoda,True,Actaea pachypoda,0.000000,False,False,,False
Vitis_rotundifolia_2.jpg,Vitis rotundifolia,False,C-m0.06,0.060000,Actaea pachypoda,True,Actaea pachypoda,0.000000,False,False,,False
Vitis_rotundifolia_2.jpg,Vitis rotundifolia,False,C-m0.08,0.080000,Actaea pachypoda,True,Actaea pachypoda,0.000000,False,False,,False
Vitis_rotundifolia_2.jpg,Vitis rotundifolia,False,C-m0.10,0.100000,Actaea pachypoda,True,Actaea pachypoda,0.000000,False,False,,False
Vitis_rotundifolia_2.jpg,Vitis rotundifolia,False,T,0.000000,Actaea spicata,True,Actaea spicata,0.000000,False,False,,False
Vitis_rotundifolia_2.jpg,Vitis rotundifolia,False,T-veto2,0.000000,Actaea spicata,True,Actaea spicata,0.000000,False,False,,False
Vitis_rotundifolia_2.jpg,Vitis rotundifolia,False,T-veto3,0.000000,Actaea spicata,True,Actaea spicata,0.000000,False,False,,False
Vitis_rotundifolia_2.jpg,Vitis rotundifolia,False,T-veto5,0.000000,Actaea spicata,True,Actaea spicata,0.000000,False,False,,False
Vitis_rotundifolia_2.jpg,Vitis rotundifolia,False,W,0.000000,Actaea spicata,True,Actaea spicata,0.000000,False,False,,False
Vitis_rotundifolia_2.jpg,Vitis rotundifolia,False,C-m*raw,0.047722,Actaea pachypoda,True,Actaea pachypoda,0.000000,False,False,,False
Vitis_rotundifolia_2.jpg,Vitis rotundifolia,False,C-m*hazard,0.047722,Actaea pachypoda,True,Actaea pachypoda,0.000000,False,False,,False
Pueraria_montana_0.jpg,Pueraria montana,False,A,0.000000,Pueraria montana,False,,inf,False,True,Pueraria montana,True
Pueraria_montana_0.jpg,Pueraria montana,False,B,0.000000,Pueraria montana,False,Asimina triloba,0.225500,False,True,Pueraria montana,True
Pueraria_montana_0.jpg,Pueraria montana,False,C,0.000000,Pueraria montana,False,Clitoria ternatea,0.132598,False,True,Pueraria montana,True
Pueraria_montana_0.jpg,Pueraria montana,False,C-veto2,0.000000,Pueraria montana,False,Clitoria ternatea,0.132598,False,False,,False
Pueraria_montana_0.jpg,Pueraria montana,False,C-veto3,0.000000,Pueraria montana,False,Clitoria ternatea,0.132598,False,False,,False
Pueraria_montana_0.jpg,Pueraria montana,False,C-veto5,0.000000,Pueraria montana,False,Clitoria ternatea,0.132598,False,False,,False
Pueraria_montana_0.jpg,Pueraria montana,False,C-m0.01,0.010000,Pueraria montana,False,Clitoria ternatea,0.132598,False,True,Pueraria montana,True
Pueraria_montana_0.jpg,Pueraria montana,False,C-m0.02,0.020000,Pueraria montana,False,Clitoria ternatea,0.132598,False,True,Pueraria montana,True
Pueraria_montana_0.jpg,Pueraria montana,False,C-m0.03,0.030000,Pueraria montana,False,Clitoria ternatea,0.132598,False,True,Pueraria montana,True
Pueraria_montana_0.jpg,Pueraria montana,False,C-m0.04,0.040000,Pueraria montana,False,Clitoria ternatea,0.132598,False,True,Pueraria montana,True
Pueraria_montana_0.jpg,Pueraria montana,False,C-m0.05,0.050000,Pueraria montana,False,Clitoria ternatea,0.132598,False,True,Pueraria montana,True
Pueraria_montana_0.jpg,Pueraria montana,False,C-m0.06,0.060000,Pueraria montana,False,Clitoria ternatea,0.132598,False,True,Pueraria montana,True
Pueraria_montana_0.jpg,Pueraria montana,False,C-m0.08,0.080000,Pueraria montana,False,Clitoria ternatea,0.132598,False,True,Pueraria montana,True
Pueraria_montana_0.jpg,Pueraria montana,False,C-m0.10,0.100000,Pueraria montana,False,Clitoria ternatea,0.132598,False,True,Pueraria montana,True
Pueraria_montana_0.jpg,Pueraria montana,False,T,0.000000,Pueraria montana,False,Vicia benghalensis,0.110046,False,True,Pueraria montana,True
Pueraria_montana_0.jpg,Pueraria montana,False,T-veto2,0.000000,Pueraria montana,False,Vicia benghalensis,0.110046,False,False,,False
Pueraria_montana_0.jpg,Pueraria montana,False,T-veto3,0.000000,Pueraria montana,False,Vicia benghalensis,0.110046,False,False,,False
Pueraria_montana_0.jpg,Pueraria montana,False,T-veto5,0.000000,Pueraria montana,False,Vicia benghalensis,0.110046,False,False,,False
Pueraria_montana_0.jpg,Pueraria montana,False,W,0.000000,Pueraria montana,False,Vicia benghalensis,0.110046,False,True,Pueraria montana,True
Pueraria_montana_0.jpg,Pueraria montana,False,C-m*raw,0.047722,Pueraria montana,False,Clitoria ternatea,0.132598,False,True,Pueraria montana,True
Pueraria_montana_0.jpg,Pueraria montana,False,C-m*hazard,0.047722,Pueraria montana,False,Clitoria ternatea,0.132598,False,True,Pueraria montana,True
Pueraria_montana_1.jpg,Pueraria montana,False,A,0.000000,Pueraria montana,False,,inf,False,True,Pueraria montana,True
Pueraria_montana_1.jpg,Pueraria montana,False,B,0.000000,Pueraria montana,False,Phytolacca americana,0.059265,False,True,Pueraria montana,True
Pueraria_montana_1.jpg,Pueraria montana,False,C,0.000000,Pontederia crassipes,True,Pontederia crassipes,0.000000,False,False,,False
Pueraria_montana_1.jpg,Pueraria montana,False,C-veto2,0.000000,Pontederia crassipes,True,Pontederia crassipes,0.000000,False,False,,False
Pueraria_montana_1.jpg,Pueraria montana,False,C-veto3,0.000000,Pontederia crassipes,True,Pontederia crassipes,0.000000,False,False,,False
Pueraria_montana_1.jpg,Pueraria montana,False,C-veto5,0.000000,Pontederia crassipes,True,Pontederia crassipes,0.000000,False,False,,False
Pueraria_montana_1.jpg,Pueraria montana,False,C-m0.01,0.010000,Pontederia crassipes,True,Pontederia crassipes,0.000000,False,False,,False
Pueraria_montana_1.jpg,Pueraria montana,False,C-m0.02,0.020000,Pontederia crassipes,True,Pontederia crassipes,0.000000,False,False,,False
Pueraria_montana_1.jpg,Pueraria montana,False,C-m0.03,0.030000,Pontederia crassipes,True,Pontederia crassipes,0.000000,False,False,,False
Pueraria_montana_1.jpg,Pueraria montana,False,C-m0.04,0.040000,Pontederia crassipes,True,Pontederia crassipes,0.000000,False,False,,False
Pueraria_montana_1.jpg,Pueraria montana,False,C-m0.05,0.050000,Pontederia crassipes,True,Pontederia crassipes,0.000000,False,False,,False
Pueraria_montana_1.jpg,Pueraria montana,False,C-m0.06,0.060000,Pontederia crassipes,True,Pontederia crassipes,0.000000,False,False,,False
Pueraria_montana_1.jpg,Pueraria montana,False,C-m0.08,0.080000,Pontederia crassipes,True,Pontederia crassipes,0.000000,False,False,,False
Pueraria_montana_1.jpg,Pueraria montana,False,C-m0.10,0.100000,Pontederia crassipes,True,Pontederia crassipes,0.000000,False,False,,False
Pueraria_montana_1.jpg,Pueraria montana,False,T,0.000000,Pontederia crassipes,True,Pontederia crassipes,0.000000,False,False,,False
Pueraria_montana_1.jpg,Pueraria montana,False,T-veto2,0.000000,Pontederia crassipes,True,Pontederia crassipes,0.000000,False,False,,False
Pueraria_montana_1.jpg,Pueraria montana,False,T-veto3,0.000000,Pontederia crassipes,True,Pontederia crassipes,0.000000,False,False,,False
Pueraria_montana_1.jpg,Pueraria montana,False,T-veto5,0.000000,Pontederia crassipes,True,Pontederia crassipes,0.000000,False,False,,False
Pueraria_montana_1.jpg,Pueraria montana,False,W,0.000000,Pontederia crassipes,True,Pontederia crassipes,0.000000,False,False,,False
Pueraria_montana_1.jpg,Pueraria montana,False,C-m*raw,0.047722,Pontederia crassipes,True,Pontederia crassipes,0.000000,False,False,,False
Pueraria_montana_1.jpg,Pueraria montana,False,C-m*hazard,0.047722,Pontederia crassipes,True,Pontederia crassipes,0.000000,False,False,,False
Pueraria_montana_2.jpg,Pueraria montana,False,A,0.000000,Pueraria montana,False,,inf,False,True,Pueraria montana,True
Pueraria_montana_2.jpg,Pueraria montana,False,B,0.000000,Pueraria montana,False,Phytolacca americana,0.134575,False,True,Pueraria montana,True
Pueraria_montana_2.jpg,Pueraria montana,False,C,0.000000,Pueraria montana,False,Apios americana,0.063900,False,True,Pueraria montana,True
Pueraria_montana_2.jpg,Pueraria montana,False,C-veto2,0.000000,Pueraria montana,False,Apios americana,0.063900,False,False,,False
Pueraria_montana_2.jpg,Pueraria montana,False,C-veto3,0.000000,Pueraria montana,False,Apios americana,0.063900,False,False,,False
Pueraria_montana_2.jpg,Pueraria montana,False,C-veto5,0.000000,Pueraria montana,False,Apios americana,0.063900,False,False,,False
Pueraria_montana_2.jpg,Pueraria montana,False,C-m0.01,0.010000,Pueraria montana,False,Apios americana,0.063900,False,True,Pueraria montana,True
Pueraria_montana_2.jpg,Pueraria montana,False,C-m0.02,0.020000,Pueraria montana,False,Apios americana,0.063900,False,True,Pueraria montana,True
Pueraria_montana_2.jpg,Pueraria montana,False,C-m0.03,0.030000,Pueraria montana,False,Apios americana,0.063900,False,True,Pueraria montana,True
Pueraria_montana_2.jpg,Pueraria montana,False,C-m0.04,0.040000,Pueraria montana,False,Apios americana,0.063900,False,True,Pueraria montana,True
Pueraria_montana_2.jpg,Pueraria montana,False,C-m0.05,0.050000,Pueraria montana,False,Apios americana,0.063900,False,True,Pueraria montana,True
Pueraria_montana_2.jpg,Pueraria montana,False,C-m0.06,0.060000,Pueraria montana,False,Apios americana,0.063900,False,True,Pueraria montana,True
Pueraria_montana_2.jpg,Pueraria montana,False,C-m0.08,0.080000,Pueraria montana,False,Apios americana,0.063900,False,False,,False
Pueraria_montana_2.jpg,Pueraria montana,False,C-m0.10,0.100000,Pueraria montana,False,Apios americana,0.063900,False,False,,False
Pueraria_montana_2.jpg,Pueraria montana,False,T,0.000000,Pueraria montana,False,Calotropis gigantea,0.028920,False,True,Pueraria montana,True
Pueraria_montana_2.jpg,Pueraria montana,False,T-veto2,0.000000,Pueraria montana,False,Calotropis gigantea,0.028920,False,False,,False
Pueraria_montana_2.jpg,Pueraria montana,False,T-veto3,0.000000,Pueraria montana,False,Calotropis gigantea,0.028920,False,False,,False
Pueraria_montana_2.jpg,Pueraria montana,False,T-veto5,0.000000,Pueraria montana,False,Calotropis gigantea,0.028920,False,False,,False
Pueraria_montana_2.jpg,Pueraria montana,False,W,0.000000,Pueraria montana,False,Calotropis gigantea,0.028920,False,True,Pueraria montana,True
Pueraria_montana_2.jpg,Pueraria montana,False,C-m*raw,0.047722,Pueraria montana,False,Apios americana,0.063900,False,True,Pueraria montana,True
Pueraria_montana_2.jpg,Pueraria montana,False,C-m*hazard,0.047722,Pueraria montana,False,Apios americana,0.063900,False,True,Pueraria montana,True
Cercis_canadensis_0.jpg,Cercis canadensis,False,A,0.000000,Cercis canadensis,False,,inf,False,True,Cercis canadensis,True
Cercis_canadensis_0.jpg,Cercis canadensis,False,B,0.000000,Cercis canadensis,False,Parthenocissus quinquefolia,0.083451,False,True,Cercis canadensis,True
Cercis_canadensis_0.jpg,Cercis canadensis,False,C,0.000000,Dichondra carolinensis,True,Dichondra carolinensis,0.000000,False,False,,False
Cercis_canadensis_0.jpg,Cercis canadensis,False,C-veto2,0.000000,Dichondra carolinensis,True,Dichondra carolinensis,0.000000,False,False,,False
Cercis_canadensis_0.jpg,Cercis canadensis,False,C-veto3,0.000000,Dichondra carolinensis,True,Dichondra carolinensis,0.000000,False,False,,False
Cercis_canadensis_0.jpg,Cercis canadensis,False,C-veto5,0.000000,Dichondra carolinensis,True,Dichondra carolinensis,0.000000,False,False,,False
Cercis_canadensis_0.jpg,Cercis canadensis,False,C-m0.01,0.010000,Dichondra carolinensis,True,Dichondra carolinensis,0.000000,False,False,,False
Cercis_canadensis_0.jpg,Cercis canadensis,False,C-m0.02,0.020000,Dichondra carolinensis,True,Dichondra carolinensis,0.000000,False,False,,False
Cercis_canadensis_0.jpg,Cercis canadensis,False,C-m0.03,0.030000,Dichondra carolinensis,True,Dichondra carolinensis,0.000000,False,False,,False
Cercis_canadensis_0.jpg,Cercis canadensis,False,C-m0.04,0.040000,Dichondra carolinensis,True,Dichondra carolinensis,0.000000,False,False,,False
Cercis_canadensis_0.jpg,Cercis canadensis,False,C-m0.05,0.050000,Dichondra carolinensis,True,Dichondra carolinensis,0.000000,False,False,,False
Cercis_canadensis_0.jpg,Cercis canadensis,False,C-m0.06,0.060000,Dichondra carolinensis,True,Dichondra carolinensis,0.000000,False,False,,False
Cercis_canadensis_0.jpg,Cercis canadensis,False,C-m0.08,0.080000,Dichondra carolinensis,True,Dichondra carolinensis,0.000000,False,False,,False
Cercis_canadensis_0.jpg,Cercis canadensis,False,C-m0.10,0.100000,Dichondra carolinensis,True,Dichondra carolinensis,0.000000,False,False,,False
Cercis_canadensis_0.jpg,Cercis canadensis,False,T,0.000000,Dichondra carolinensis,True,Dichondra carolinensis,0.000000,False,False,,False
Cercis_canadensis_0.jpg,Cercis canadensis,False,T-veto2,0.000000,Dichondra carolinensis,True,Dichondra carolinensis,0.000000,False,False,,False
Cercis_canadensis_0.jpg,Cercis canadensis,False,T-veto3,0.000000,Dichondra carolinensis,True,Dichondra carolinensis,0.000000,False,False,,False
Cercis_canadensis_0.jpg,Cercis canadensis,False,T-veto5,0.000000,Dichondra carolinensis,True,Dichondra carolinensis,0.000000,False,False,,False
Cercis_canadensis_0.jpg,Cercis canadensis,False,W,0.000000,Dichondra carolinensis,True,Dichondra carolinensis,0.000000,False,False,,False
Cercis_canadensis_0.jpg,Cercis canadensis,False,C-m*raw,0.047722,Dichondra carolinensis,True,Dichondra carolinensis,0.000000,False,False,,False
Cercis_canadensis_0.jpg,Cercis canadensis,False,C-m*hazard,0.047722,Dichondra carolinensis,True,Dichondra carolinensis,0.000000,False,False,,False
Cercis_canadensis_1.jpg,Cercis canadensis,False,A,0.000000,Cercis canadensis,False,,inf,False,True,Cercis canadensis,True
Cercis_canadensis_1.jpg,Cercis canadensis,False,B,0.000000,Cercis canadensis,False,Asimina triloba,0.109118,False,True,Cercis canadensis,True
Cercis_canadensis_1.jpg,Cercis canadensis,False,C,0.000000,Cercis canadensis,False,Menispermum canadense,0.080107,False,True,Cercis canadensis,True
Cercis_canadensis_1.jpg,Cercis canadensis,False,C-veto2,0.000000,Cercis canadensis,False,Menispermum canadense,0.080107,False,False,,False
Cercis_canadensis_1.jpg,Cercis canadensis,False,C-veto3,0.000000,Cercis canadensis,False,Menispermum canadense,0.080107,False,False,,False
Cercis_canadensis_1.jpg,Cercis canadensis,False,C-veto5,0.000000,Cercis canadensis,False,Menispermum canadense,0.080107,False,False,,False
Cercis_canadensis_1.jpg,Cercis canadensis,False,C-m0.01,0.010000,Cercis canadensis,False,Menispermum canadense,0.080107,False,True,Cercis canadensis,True
Cercis_canadensis_1.jpg,Cercis canadensis,False,C-m0.02,0.020000,Cercis canadensis,False,Menispermum canadense,0.080107,False,True,Cercis canadensis,True
Cercis_canadensis_1.jpg,Cercis canadensis,False,C-m0.03,0.030000,Cercis canadensis,False,Menispermum canadense,0.080107,False,True,Cercis canadensis,True
Cercis_canadensis_1.jpg,Cercis canadensis,False,C-m0.04,0.040000,Cercis canadensis,False,Menispermum canadense,0.080107,False,True,Cercis canadensis,True
Cercis_canadensis_1.jpg,Cercis canadensis,False,C-m0.05,0.050000,Cercis canadensis,False,Menispermum canadense,0.080107,False,True,Cercis canadensis,True
Cercis_canadensis_1.jpg,Cercis canadensis,False,C-m0.06,0.060000,Cercis canadensis,False,Menispermum canadense,0.080107,False,True,Cercis canadensis,True
Cercis_canadensis_1.jpg,Cercis canadensis,False,C-m0.08,0.080000,Cercis canadensis,False,Menispermum canadense,0.080107,False,True,Cercis canadensis,True
Cercis_canadensis_1.jpg,Cercis canadensis,False,C-m0.10,0.100000,Cercis canadensis,False,Menispermum canadense,0.080107,False,False,,False
Cercis_canadensis_1.jpg,Cercis canadensis,False,T,0.000000,Cercis canadensis,False,Menispermum canadense,0.080107,False,True,Cercis canadensis,True
Cercis_canadensis_1.jpg,Cercis canadensis,False,T-veto2,0.000000,Cercis canadensis,False,Menispermum canadense,0.080107,False,False,,False
Cercis_canadensis_1.jpg,Cercis canadensis,False,T-veto3,0.000000,Cercis canadensis,False,Menispermum canadense,0.080107,False,False,,False
Cercis_canadensis_1.jpg,Cercis canadensis,False,T-veto5,0.000000,Cercis canadensis,False,Menispermum canadense,0.080107,False,False,,False
Cercis_canadensis_1.jpg,Cercis canadensis,False,W,0.000000,Tilia americana,False,Menispermum canadense,0.086668,False,False,,False
Cercis_canadensis_1.jpg,Cercis canadensis,False,C-m*raw,0.047722,Cercis canadensis,False,Menispermum canadense,0.080107,False,True,Cercis canadensis,True
Cercis_canadensis_1.jpg,Cercis canadensis,False,C-m*hazard,0.047722,Cercis canadensis,False,Menispermum canadense,0.080107,False,True,Cercis canadensis,True
Cercis_canadensis_2.jpg,Cercis canadensis,False,A,0.000000,Cercis canadensis,False,,inf,False,True,Cercis canadensis,True
Cercis_canadensis_2.jpg,Cercis canadensis,False,B,0.000000,Cercis canadensis,False,Asimina triloba,0.008188,False,True,Cercis canadensis,True
Cercis_canadensis_2.jpg,Cercis canadensis,False,C,0.000000,Menispermum canadense,True,Menispermum canadense,0.000000,False,False,,False
Cercis_canadensis_2.jpg,Cercis canadensis,False,C-veto2,0.000000,Menispermum canadense,True,Menispermum canadense,0.000000,False,False,,False
Cercis_canadensis_2.jpg,Cercis canadensis,False,C-veto3,0.000000,Menispermum canadense,True,Menispermum canadense,0.000000,False,False,,False
Cercis_canadensis_2.jpg,Cercis canadensis,False,C-veto5,0.000000,Menispermum canadense,True,Menispermum canadense,0.000000,False,False,,False
Cercis_canadensis_2.jpg,Cercis canadensis,False,C-m0.01,0.010000,Menispermum canadense,True,Menispermum canadense,0.000000,False,False,,False
Cercis_canadensis_2.jpg,Cercis canadensis,False,C-m0.02,0.020000,Menispermum canadense,True,Menispermum canadense,0.000000,False,False,,False
Cercis_canadensis_2.jpg,Cercis canadensis,False,C-m0.03,0.030000,Menispermum canadense,True,Menispermum canadense,0.000000,False,False,,False
Cercis_canadensis_2.jpg,Cercis canadensis,False,C-m0.04,0.040000,Menispermum canadense,True,Menispermum canadense,0.000000,False,False,,False
Cercis_canadensis_2.jpg,Cercis canadensis,False,C-m0.05,0.050000,Menispermum canadense,True,Menispermum canadense,0.000000,False,False,,False
Cercis_canadensis_2.jpg,Cercis canadensis,False,C-m0.06,0.060000,Menispermum canadense,True,Menispermum canadense,0.000000,False,False,,False
Cercis_canadensis_2.jpg,Cercis canadensis,False,C-m0.08,0.080000,Menispermum canadense,True,Menispermum canadense,0.000000,False,False,,False
Cercis_canadensis_2.jpg,Cercis canadensis,False,C-m0.10,0.100000,Menispermum canadense,True,Menispermum canadense,0.000000,False,False,,False
Cercis_canadensis_2.jpg,Cercis canadensis,False,T,0.000000,Jeffersonia diphylla,True,Jeffersonia diphylla,0.000000,False,False,,False
Cercis_canadensis_2.jpg,Cercis canadensis,False,T-veto2,0.000000,Jeffersonia diphylla,True,Jeffersonia diphylla,0.000000,False,False,,False
Cercis_canadensis_2.jpg,Cercis canadensis,False,T-veto3,0.000000,Jeffersonia diphylla,True,Jeffersonia diphylla,0.000000,False,False,,False
Cercis_canadensis_2.jpg,Cercis canadensis,False,T-veto5,0.000000,Jeffersonia diphylla,True,Jeffersonia diphylla,0.000000,False,False,,False
Cercis_canadensis_2.jpg,Cercis canadensis,False,W,0.000000,Jeffersonia diphylla,True,Jeffersonia diphylla,0.000000,False,False,,False
Cercis_canadensis_2.jpg,Cercis canadensis,False,C-m*raw,0.047722,Menispermum canadense,True,Menispermum canadense,0.000000,False,False,,False
Cercis_canadensis_2.jpg,Cercis canadensis,False,C-m*hazard,0.047722,Menispermum canadense,True,Menispermum canadense,0.000000,False,False,,False
Quercus_nigra_0.jpg,Quercus nigra,False,A,0.000000,Quercus nigra,False,,inf,False,True,Quercus nigra,True
Quercus_nigra_0.jpg,Quercus nigra,False,B,0.000000,Quercus nigra,False,Asimina triloba,0.215206,False,True,Quercus nigra,True
Quercus_nigra_0.jpg,Quercus nigra,False,C,0.000000,Quercus marilandica,True,Quercus marilandica,0.000000,False,False,,False
Quercus_nigra_0.jpg,Quercus nigra,False,C-veto2,0.000000,Quercus marilandica,True,Quercus marilandica,0.000000,False,False,,False
Quercus_nigra_0.jpg,Quercus nigra,False,C-veto3,0.000000,Quercus marilandica,True,Quercus marilandica,0.000000,False,False,,False
Quercus_nigra_0.jpg,Quercus nigra,False,C-veto5,0.000000,Quercus marilandica,True,Quercus marilandica,0.000000,False,False,,False
Quercus_nigra_0.jpg,Quercus nigra,False,C-m0.01,0.010000,Quercus marilandica,True,Quercus marilandica,0.000000,False,False,,False
Quercus_nigra_0.jpg,Quercus nigra,False,C-m0.02,0.020000,Quercus marilandica,True,Quercus marilandica,0.000000,False,False,,False
Quercus_nigra_0.jpg,Quercus nigra,False,C-m0.03,0.030000,Quercus marilandica,True,Quercus marilandica,0.000000,False,False,,False
Quercus_nigra_0.jpg,Quercus nigra,False,C-m0.04,0.040000,Quercus marilandica,True,Quercus marilandica,0.000000,False,False,,False
Quercus_nigra_0.jpg,Quercus nigra,False,C-m0.05,0.050000,Quercus marilandica,True,Quercus marilandica,0.000000,False,False,,False
Quercus_nigra_0.jpg,Quercus nigra,False,C-m0.06,0.060000,Quercus marilandica,True,Quercus marilandica,0.000000,False,False,,False
Quercus_nigra_0.jpg,Quercus nigra,False,C-m0.08,0.080000,Quercus marilandica,True,Quercus marilandica,0.000000,False,False,,False
Quercus_nigra_0.jpg,Quercus nigra,False,C-m0.10,0.100000,Quercus marilandica,True,Quercus marilandica,0.000000,False,False,,False
Quercus_nigra_0.jpg,Quercus nigra,False,T,0.000000,Quercus marilandica,True,Quercus marilandica,0.000000,False,False,,False
Quercus_nigra_0.jpg,Quercus nigra,False,T-veto2,0.000000,Quercus marilandica,True,Quercus marilandica,0.000000,False,False,,False
Quercus_nigra_0.jpg,Quercus nigra,False,T-veto3,0.000000,Quercus marilandica,True,Quercus marilandica,0.000000,False,False,,False
Quercus_nigra_0.jpg,Quercus nigra,False,T-veto5,0.000000,Quercus marilandica,True,Quercus marilandica,0.000000,False,False,,False
Quercus_nigra_0.jpg,Quercus nigra,False,W,0.000000,Quercus marilandica,True,Quercus marilandica,0.000000,False,False,,False
Quercus_nigra_0.jpg,Quercus nigra,False,C-m*raw,0.047722,Quercus marilandica,True,Quercus marilandica,0.000000,False,False,,False
Quercus_nigra_0.jpg,Quercus nigra,False,C-m*hazard,0.047722,Quercus marilandica,True,Quercus marilandica,0.000000,False,False,,False
Quercus_nigra_1.jpg,Quercus nigra,False,A,0.000000,Magnolia grandiflora,False,,inf,False,True,Magnolia grandiflora,False
Quercus_nigra_1.jpg,Quercus nigra,False,B,0.000000,Magnolia grandiflora,False,Juglans nigra,0.052838,False,True,Magnolia grandiflora,False
Quercus_nigra_1.jpg,Quercus nigra,False,C,0.000000,Gomphocarpus physocarpus,True,Gomphocarpus physocarpus,0.000000,False,False,,False
Quercus_nigra_1.jpg,Quercus nigra,False,C-veto2,0.000000,Gomphocarpus physocarpus,True,Gomphocarpus physocarpus,0.000000,False,False,,False
Quercus_nigra_1.jpg,Quercus nigra,False,C-veto3,0.000000,Gomphocarpus physocarpus,True,Gomphocarpus physocarpus,0.000000,False,False,,False
Quercus_nigra_1.jpg,Quercus nigra,False,C-veto5,0.000000,Gomphocarpus physocarpus,True,Gomphocarpus physocarpus,0.000000,False,False,,False
Quercus_nigra_1.jpg,Quercus nigra,False,C-m0.01,0.010000,Gomphocarpus physocarpus,True,Gomphocarpus physocarpus,0.000000,False,False,,False
Quercus_nigra_1.jpg,Quercus nigra,False,C-m0.02,0.020000,Gomphocarpus physocarpus,True,Gomphocarpus physocarpus,0.000000,False,False,,False
Quercus_nigra_1.jpg,Quercus nigra,False,C-m0.03,0.030000,Gomphocarpus physocarpus,True,Gomphocarpus physocarpus,0.000000,False,False,,False
Quercus_nigra_1.jpg,Quercus nigra,False,C-m0.04,0.040000,Gomphocarpus physocarpus,True,Gomphocarpus physocarpus,0.000000,False,False,,False
Quercus_nigra_1.jpg,Quercus nigra,False,C-m0.05,0.050000,Gomphocarpus physocarpus,True,Gomphocarpus physocarpus,0.000000,False,False,,False
Quercus_nigra_1.jpg,Quercus nigra,False,C-m0.06,0.060000,Gomphocarpus physocarpus,True,Gomphocarpus physocarpus,0.000000,False,False,,False
Quercus_nigra_1.jpg,Quercus nigra,False,C-m0.08,0.080000,Gomphocarpus physocarpus,True,Gomphocarpus physocarpus,0.000000,False,False,,False
Quercus_nigra_1.jpg,Quercus nigra,False,C-m0.10,0.100000,Gomphocarpus physocarpus,True,Gomphocarpus physocarpus,0.000000,False,False,,False
Quercus_nigra_1.jpg,Quercus nigra,False,T,0.000000,Olearia avicenniifolia,True,Olearia avicenniifolia,0.000000,False,False,,False
Quercus_nigra_1.jpg,Quercus nigra,False,T-veto2,0.000000,Olearia avicenniifolia,True,Olearia avicenniifolia,0.000000,False,False,,False
Quercus_nigra_1.jpg,Quercus nigra,False,T-veto3,0.000000,Olearia avicenniifolia,True,Olearia avicenniifolia,0.000000,False,False,,False
Quercus_nigra_1.jpg,Quercus nigra,False,T-veto5,0.000000,Olearia avicenniifolia,True,Olearia avicenniifolia,0.000000,False,False,,False
Quercus_nigra_1.jpg,Quercus nigra,False,W,0.000000,Banksia integrifolia,False,Olearia avicenniifolia,0.040556,False,False,,False
Quercus_nigra_1.jpg,Quercus nigra,False,C-m*raw,0.047722,Gomphocarpus physocarpus,True,Gomphocarpus physocarpus,0.000000,False,False,,False
Quercus_nigra_1.jpg,Quercus nigra,False,C-m*hazard,0.047722,Gomphocarpus physocarpus,True,Gomphocarpus physocarpus,0.000000,False,False,,False
Quercus_nigra_2.jpg,Quercus nigra,False,A,0.000000,Quercus nigra,False,,inf,False,True,Quercus nigra,True
Quercus_nigra_2.jpg,Quercus nigra,False,B,0.000000,Quercus nigra,False,Asimina triloba,0.134330,False,True,Quercus nigra,True
Quercus_nigra_2.jpg,Quercus nigra,False,C,0.000000,Quercus nigra,False,Quercus marilandica,0.123210,False,True,Quercus nigra,True
Quercus_nigra_2.jpg,Quercus nigra,False,C-veto2,0.000000,Quercus nigra,False,Quercus marilandica,0.123210,False,False,,False
Quercus_nigra_2.jpg,Quercus nigra,False,C-veto3,0.000000,Quercus nigra,False,Quercus marilandica,0.123210,False,False,,False
Quercus_nigra_2.jpg,Quercus nigra,False,C-veto5,0.000000,Quercus nigra,False,Quercus marilandica,0.123210,False,False,,False
Quercus_nigra_2.jpg,Quercus nigra,False,C-m0.01,0.010000,Quercus nigra,False,Quercus marilandica,0.123210,False,True,Quercus nigra,True
Quercus_nigra_2.jpg,Quercus nigra,False,C-m0.02,0.020000,Quercus nigra,False,Quercus marilandica,0.123210,False,True,Quercus nigra,True
Quercus_nigra_2.jpg,Quercus nigra,False,C-m0.03,0.030000,Quercus nigra,False,Quercus marilandica,0.123210,False,True,Quercus nigra,True
Quercus_nigra_2.jpg,Quercus nigra,False,C-m0.04,0.040000,Quercus nigra,False,Quercus marilandica,0.123210,False,True,Quercus nigra,True
Quercus_nigra_2.jpg,Quercus nigra,False,C-m0.05,0.050000,Quercus nigra,False,Quercus marilandica,0.123210,False,True,Quercus nigra,True
Quercus_nigra_2.jpg,Quercus nigra,False,C-m0.06,0.060000,Quercus nigra,False,Quercus marilandica,0.123210,False,True,Quercus nigra,True
Quercus_nigra_2.jpg,Quercus nigra,False,C-m0.08,0.080000,Quercus nigra,False,Quercus marilandica,0.123210,False,True,Quercus nigra,True
Quercus_nigra_2.jpg,Quercus nigra,False,C-m0.10,0.100000,Quercus nigra,False,Quercus marilandica,0.123210,False,True,Quercus nigra,True
Quercus_nigra_2.jpg,Quercus nigra,False,T,0.000000,Quercus nigra,False,Sideroxylon lanuginosum,0.101691,False,True,Quercus nigra,True
Quercus_nigra_2.jpg,Quercus nigra,False,T-veto2,0.000000,Quercus nigra,False,Sideroxylon lanuginosum,0.101691,False,False,,False
Quercus_nigra_2.jpg,Quercus nigra,False,T-veto3,0.000000,Quercus nigra,False,Sideroxylon lanuginosum,0.101691,False,False,,False
Quercus_nigra_2.jpg,Quercus nigra,False,T-veto5,0.000000,Quercus nigra,False,Sideroxylon lanuginosum,0.101691,False,False,,False
Quercus_nigra_2.jpg,Quercus nigra,False,W,0.000000,Quercus nigra,False,Sideroxylon lanuginosum,0.101691,False,True,Quercus nigra,True
Quercus_nigra_2.jpg,Quercus nigra,False,C-m*raw,0.047722,Quercus nigra,False,Quercus marilandica,0.123210,False,True,Quercus nigra,True
Quercus_nigra_2.jpg,Quercus nigra,False,C-m*hazard,0.047722,Quercus nigra,False,Quercus marilandica,0.123210,False,True,Quercus nigra,True
Albizia_julibrissin_0.jpg,Albizia julibrissin,False,A,0.000000,Albizia julibrissin,False,,inf,False,True,Albizia julibrissin,True
Albizia_julibrissin_0.jpg,Albizia julibrissin,False,B,0.000000,Albizia julibrissin,False,Juglans nigra,0.255327,False,True,Albizia julibrissin,True
Albizia_julibrissin_0.jpg,Albizia julibrissin,False,C,0.000000,Albizia julibrissin,False,Gleditsia triacanthos,0.155187,False,True,Albizia julibrissin,True
Albizia_julibrissin_0.jpg,Albizia julibrissin,False,C-veto2,0.000000,Albizia julibrissin,False,Gleditsia triacanthos,0.155187,False,False,,False
Albizia_julibrissin_0.jpg,Albizia julibrissin,False,C-veto3,0.000000,Albizia julibrissin,False,Gleditsia triacanthos,0.155187,False,False,,False
Albizia_julibrissin_0.jpg,Albizia julibrissin,False,C-veto5,0.000000,Albizia julibrissin,False,Gleditsia triacanthos,0.155187,False,False,,False
Albizia_julibrissin_0.jpg,Albizia julibrissin,False,C-m0.01,0.010000,Albizia julibrissin,False,Gleditsia triacanthos,0.155187,False,True,Albizia julibrissin,True
Albizia_julibrissin_0.jpg,Albizia julibrissin,False,C-m0.02,0.020000,Albizia julibrissin,False,Gleditsia triacanthos,0.155187,False,True,Albizia julibrissin,True
Albizia_julibrissin_0.jpg,Albizia julibrissin,False,C-m0.03,0.030000,Albizia julibrissin,False,Gleditsia triacanthos,0.155187,False,True,Albizia julibrissin,True
Albizia_julibrissin_0.jpg,Albizia julibrissin,False,C-m0.04,0.040000,Albizia julibrissin,False,Gleditsia triacanthos,0.155187,False,True,Albizia julibrissin,True
Albizia_julibrissin_0.jpg,Albizia julibrissin,False,C-m0.05,0.050000,Albizia julibrissin,False,Gleditsia triacanthos,0.155187,False,True,Albizia julibrissin,True
Albizia_julibrissin_0.jpg,Albizia julibrissin,False,C-m0.06,0.060000,Albizia julibrissin,False,Gleditsia triacanthos,0.155187,False,True,Albizia julibrissin,True
Albizia_julibrissin_0.jpg,Albizia julibrissin,False,C-m0.08,0.080000,Albizia julibrissin,False,Gleditsia triacanthos,0.155187,False,True,Albizia julibrissin,True
Albizia_julibrissin_0.jpg,Albizia julibrissin,False,C-m0.10,0.100000,Albizia julibrissin,False,Gleditsia triacanthos,0.155187,False,True,Albizia julibrissin,True
Albizia_julibrissin_0.jpg,Albizia julibrissin,False,T,0.000000,Albizia julibrissin,False,Leucaena leucocephala,0.071160,False,True,Albizia julibrissin,True
Albizia_julibrissin_0.jpg,Albizia julibrissin,False,T-veto2,0.000000,Albizia julibrissin,False,Leucaena leucocephala,0.071160,False,False,,False
Albizia_julibrissin_0.jpg,Albizia julibrissin,False,T-veto3,0.000000,Albizia julibrissin,False,Leucaena leucocephala,0.071160,False,False,,False
Albizia_julibrissin_0.jpg,Albizia julibrissin,False,T-veto5,0.000000,Albizia julibrissin,False,Leucaena leucocephala,0.071160,False,False,,False
Albizia_julibrissin_0.jpg,Albizia julibrissin,False,W,0.000000,Albizia julibrissin,False,Leucaena leucocephala,0.071160,False,True,Albizia julibrissin,True
Albizia_julibrissin_0.jpg,Albizia julibrissin,False,C-m*raw,0.047722,Albizia julibrissin,False,Gleditsia triacanthos,0.155187,False,True,Albizia julibrissin,True
Albizia_julibrissin_0.jpg,Albizia julibrissin,False,C-m*hazard,0.047722,Albizia julibrissin,False,Gleditsia triacanthos,0.155187,False,True,Albizia julibrissin,True
Albizia_julibrissin_1.jpg,Albizia julibrissin,False,A,0.000000,Pueraria montana,False,,inf,False,True,Pueraria montana,False
Albizia_julibrissin_1.jpg,Albizia julibrissin,False,B,0.000000,Pueraria montana,False,Eupatorium capillifolium,0.037911,False,True,Pueraria montana,False
Albizia_julibrissin_1.jpg,Albizia julibrissin,False,C,0.000000,Paspalum urvillei,True,Paspalum urvillei,0.000000,False,False,,False
Albizia_julibrissin_1.jpg,Albizia julibrissin,False,C-veto2,0.000000,Paspalum urvillei,True,Paspalum urvillei,0.000000,False,False,,False
Albizia_julibrissin_1.jpg,Albizia julibrissin,False,C-veto3,0.000000,Paspalum urvillei,True,Paspalum urvillei,0.000000,False,False,,False
Albizia_julibrissin_1.jpg,Albizia julibrissin,False,C-veto5,0.000000,Paspalum urvillei,True,Paspalum urvillei,0.000000,False,False,,False
Albizia_julibrissin_1.jpg,Albizia julibrissin,False,C-m0.01,0.010000,Paspalum urvillei,True,Paspalum urvillei,0.000000,False,False,,False
Albizia_julibrissin_1.jpg,Albizia julibrissin,False,C-m0.02,0.020000,Paspalum urvillei,True,Paspalum urvillei,0.000000,False,False,,False
Albizia_julibrissin_1.jpg,Albizia julibrissin,False,C-m0.03,0.030000,Paspalum urvillei,True,Paspalum urvillei,0.000000,False,False,,False
Albizia_julibrissin_1.jpg,Albizia julibrissin,False,C-m0.04,0.040000,Paspalum urvillei,True,Paspalum urvillei,0.000000,False,False,,False
Albizia_julibrissin_1.jpg,Albizia julibrissin,False,C-m0.05,0.050000,Paspalum urvillei,True,Paspalum urvillei,0.000000,False,False,,False
Albizia_julibrissin_1.jpg,Albizia julibrissin,False,C-m0.06,0.060000,Paspalum urvillei,True,Paspalum urvillei,0.000000,False,False,,False
Albizia_julibrissin_1.jpg,Albizia julibrissin,False,C-m0.08,0.080000,Paspalum urvillei,True,Paspalum urvillei,0.000000,False,False,,False
Albizia_julibrissin_1.jpg,Albizia julibrissin,False,C-m0.10,0.100000,Paspalum urvillei,True,Paspalum urvillei,0.000000,False,False,,False
Albizia_julibrissin_1.jpg,Albizia julibrissin,False,T,0.000000,Panicum maximum,True,Panicum maximum,0.000000,False,False,,False
Albizia_julibrissin_1.jpg,Albizia julibrissin,False,T-veto2,0.000000,Panicum maximum,True,Panicum maximum,0.000000,False,False,,False
Albizia_julibrissin_1.jpg,Albizia julibrissin,False,T-veto3,0.000000,Panicum maximum,True,Panicum maximum,0.000000,False,False,,False
Albizia_julibrissin_1.jpg,Albizia julibrissin,False,T-veto5,0.000000,Panicum maximum,True,Panicum maximum,0.000000,False,False,,False
Albizia_julibrissin_1.jpg,Albizia julibrissin,False,W,0.000000,Setaria palmifolia,False,Panicum maximum,0.028710,False,False,,False
Albizia_julibrissin_1.jpg,Albizia julibrissin,False,C-m*raw,0.047722,Paspalum urvillei,True,Paspalum urvillei,0.000000,False,False,,False
Albizia_julibrissin_1.jpg,Albizia julibrissin,False,C-m*hazard,0.047722,Paspalum urvillei,True,Paspalum urvillei,0.000000,False,False,,False
Albizia_julibrissin_2.jpg,Albizia julibrissin,False,A,0.000000,Albizia julibrissin,False,,inf,False,True,Albizia julibrissin,True
Albizia_julibrissin_2.jpg,Albizia julibrissin,False,B,0.000000,Albizia julibrissin,False,Juglans nigra,0.158651,False,True,Albizia julibrissin,True
Albizia_julibrissin_2.jpg,Albizia julibrissin,False,C,0.000000,Albizia julibrissin,False,Gleditsia triacanthos,0.040022,False,True,Albizia julibrissin,True
Albizia_julibrissin_2.jpg,Albizia julibrissin,False,C-veto2,0.000000,Albizia julibrissin,False,Gleditsia triacanthos,0.040022,False,False,,False
Albizia_julibrissin_2.jpg,Albizia julibrissin,False,C-veto3,0.000000,Albizia julibrissin,False,Gleditsia triacanthos,0.040022,False,False,,False
Albizia_julibrissin_2.jpg,Albizia julibrissin,False,C-veto5,0.000000,Albizia julibrissin,False,Gleditsia triacanthos,0.040022,False,False,,False
Albizia_julibrissin_2.jpg,Albizia julibrissin,False,C-m0.01,0.010000,Albizia julibrissin,False,Gleditsia triacanthos,0.040022,False,True,Albizia julibrissin,True
Albizia_julibrissin_2.jpg,Albizia julibrissin,False,C-m0.02,0.020000,Albizia julibrissin,False,Gleditsia triacanthos,0.040022,False,True,Albizia julibrissin,True
Albizia_julibrissin_2.jpg,Albizia julibrissin,False,C-m0.03,0.030000,Albizia julibrissin,False,Gleditsia triacanthos,0.040022,False,True,Albizia julibrissin,True
Albizia_julibrissin_2.jpg,Albizia julibrissin,False,C-m0.04,0.040000,Albizia julibrissin,False,Gleditsia triacanthos,0.040022,False,True,Albizia julibrissin,True
Albizia_julibrissin_2.jpg,Albizia julibrissin,False,C-m0.05,0.050000,Albizia julibrissin,False,Gleditsia triacanthos,0.040022,False,False,,False
Albizia_julibrissin_2.jpg,Albizia julibrissin,False,C-m0.06,0.060000,Albizia julibrissin,False,Gleditsia triacanthos,0.040022,False,False,,False
Albizia_julibrissin_2.jpg,Albizia julibrissin,False,C-m0.08,0.080000,Albizia julibrissin,False,Gleditsia triacanthos,0.040022,False,False,,False
Albizia_julibrissin_2.jpg,Albizia julibrissin,False,C-m0.10,0.100000,Albizia julibrissin,False,Gleditsia triacanthos,0.040022,False,False,,False
Albizia_julibrissin_2.jpg,Albizia julibrissin,False,T,0.000000,Leucaena leucocephala,True,Leucaena leucocephala,0.000000,False,False,,False
Albizia_julibrissin_2.jpg,Albizia julibrissin,False,T-veto2,0.000000,Leucaena leucocephala,True,Leucaena leucocephala,0.000000,False,False,,False
Albizia_julibrissin_2.jpg,Albizia julibrissin,False,T-veto3,0.000000,Leucaena leucocephala,True,Leucaena leucocephala,0.000000,False,False,,False
Albizia_julibrissin_2.jpg,Albizia julibrissin,False,T-veto5,0.000000,Leucaena leucocephala,True,Leucaena leucocephala,0.000000,False,False,,False
Albizia_julibrissin_2.jpg,Albizia julibrissin,False,W,0.000000,Leucaena leucocephala,True,Leucaena leucocephala,0.000000,False,False,,False
Albizia_julibrissin_2.jpg,Albizia julibrissin,False,C-m*raw,0.047722,Albizia julibrissin,False,Gleditsia triacanthos,0.040022,False,False,,False
Albizia_julibrissin_2.jpg,Albizia julibrissin,False,C-m*hazard,0.047722,Albizia julibrissin,False,Gleditsia triacanthos,0.040022,False,False,,False
Chimaphila_maculata_0.jpg,Chimaphila maculata,False,A,0.000000,Chimaphila maculata,False,,inf,False,True,Chimaphila maculata,True
Chimaphila_maculata_0.jpg,Chimaphila maculata,False,B,0.000000,Chimaphila maculata,False,Euonymus americanus,0.216269,False,True,Chimaphila maculata,True
Chimaphila_maculata_0.jpg,Chimaphila maculata,False,C,0.000000,Chimaphila maculata,False,Monotropa uniflora,0.151424,False,True,Chimaphila maculata,True
Chimaphila_maculata_0.jpg,Chimaphila maculata,False,C-veto2,0.000000,Chimaphila maculata,False,Monotropa uniflora,0.151424,False,False,,False
Chimaphila_maculata_0.jpg,Chimaphila maculata,False,C-veto3,0.000000,Chimaphila maculata,False,Monotropa uniflora,0.151424,False,False,,False
Chimaphila_maculata_0.jpg,Chimaphila maculata,False,C-veto5,0.000000,Chimaphila maculata,False,Monotropa uniflora,0.151424,False,False,,False
Chimaphila_maculata_0.jpg,Chimaphila maculata,False,C-m0.01,0.010000,Chimaphila maculata,False,Monotropa uniflora,0.151424,False,True,Chimaphila maculata,True
Chimaphila_maculata_0.jpg,Chimaphila maculata,False,C-m0.02,0.020000,Chimaphila maculata,False,Monotropa uniflora,0.151424,False,True,Chimaphila maculata,True
Chimaphila_maculata_0.jpg,Chimaphila maculata,False,C-m0.03,0.030000,Chimaphila maculata,False,Monotropa uniflora,0.151424,False,True,Chimaphila maculata,True
Chimaphila_maculata_0.jpg,Chimaphila maculata,False,C-m0.04,0.040000,Chimaphila maculata,False,Monotropa uniflora,0.151424,False,True,Chimaphila maculata,True
Chimaphila_maculata_0.jpg,Chimaphila maculata,False,C-m0.05,0.050000,Chimaphila maculata,False,Monotropa uniflora,0.151424,False,True,Chimaphila maculata,True
Chimaphila_maculata_0.jpg,Chimaphila maculata,False,C-m0.06,0.060000,Chimaphila maculata,False,Monotropa uniflora,0.151424,False,True,Chimaphila maculata,True
Chimaphila_maculata_0.jpg,Chimaphila maculata,False,C-m0.08,0.080000,Chimaphila maculata,False,Monotropa uniflora,0.151424,False,True,Chimaphila maculata,True
Chimaphila_maculata_0.jpg,Chimaphila maculata,False,C-m0.10,0.100000,Chimaphila maculata,False,Monotropa uniflora,0.151424,False,True,Chimaphila maculata,True
Chimaphila_maculata_0.jpg,Chimaphila maculata,False,T,0.000000,Chimaphila maculata,False,Chimaphila menziesii,0.030283,False,True,Chimaphila maculata,True
Chimaphila_maculata_0.jpg,Chimaphila maculata,False,T-veto2,0.000000,Chimaphila maculata,False,Chimaphila menziesii,0.030283,False,False,,False
Chimaphila_maculata_0.jpg,Chimaphila maculata,False,T-veto3,0.000000,Chimaphila maculata,False,Chimaphila menziesii,0.030283,False,False,,False
Chimaphila_maculata_0.jpg,Chimaphila maculata,False,T-veto5,0.000000,Chimaphila maculata,False,Chimaphila menziesii,0.030283,False,False,,False
Chimaphila_maculata_0.jpg,Chimaphila maculata,False,W,0.000000,Chimaphila maculata,False,Chimaphila menziesii,0.030283,False,True,Chimaphila maculata,True
Chimaphila_maculata_0.jpg,Chimaphila maculata,False,C-m*raw,0.047722,Chimaphila maculata,False,Monotropa uniflora,0.151424,False,True,Chimaphila maculata,True
Chimaphila_maculata_0.jpg,Chimaphila maculata,False,C-m*hazard,0.047722,Chimaphila maculata,False,Monotropa uniflora,0.151424,False,True,Chimaphila maculata,True
Chimaphila_maculata_1.jpg,Chimaphila maculata,False,A,0.000000,Chimaphila maculata,False,,inf,False,True,Chimaphila maculata,True
Chimaphila_maculata_1.jpg,Chimaphila maculata,False,B,0.000000,Chimaphila maculata,False,Euonymus americanus,0.196394,False,True,Chimaphila maculata,True
Chimaphila_maculata_1.jpg,Chimaphila maculata,False,C,0.000000,Chimaphila maculata,False,Euonymus americanus,0.196394,False,True,Chimaphila maculata,True
Chimaphila_maculata_1.jpg,Chimaphila maculata,False,C-veto2,0.000000,Chimaphila maculata,False,Euonymus americanus,0.196394,False,False,,False
Chimaphila_maculata_1.jpg,Chimaphila maculata,False,C-veto3,0.000000,Chimaphila maculata,False,Euonymus americanus,0.196394,False,False,,False
Chimaphila_maculata_1.jpg,Chimaphila maculata,False,C-veto5,0.000000,Chimaphila maculata,False,Euonymus americanus,0.196394,False,False,,False
Chimaphila_maculata_1.jpg,Chimaphila maculata,False,C-m0.01,0.010000,Chimaphila maculata,False,Euonymus americanus,0.196394,False,True,Chimaphila maculata,True
Chimaphila_maculata_1.jpg,Chimaphila maculata,False,C-m0.02,0.020000,Chimaphila maculata,False,Euonymus americanus,0.196394,False,True,Chimaphila maculata,True
Chimaphila_maculata_1.jpg,Chimaphila maculata,False,C-m0.03,0.030000,Chimaphila maculata,False,Euonymus americanus,0.196394,False,True,Chimaphila maculata,True
Chimaphila_maculata_1.jpg,Chimaphila maculata,False,C-m0.04,0.040000,Chimaphila maculata,False,Euonymus americanus,0.196394,False,True,Chimaphila maculata,True
Chimaphila_maculata_1.jpg,Chimaphila maculata,False,C-m0.05,0.050000,Chimaphila maculata,False,Euonymus americanus,0.196394,False,True,Chimaphila maculata,True
Chimaphila_maculata_1.jpg,Chimaphila maculata,False,C-m0.06,0.060000,Chimaphila maculata,False,Euonymus americanus,0.196394,False,True,Chimaphila maculata,True
Chimaphila_maculata_1.jpg,Chimaphila maculata,False,C-m0.08,0.080000,Chimaphila maculata,False,Euonymus americanus,0.196394,False,True,Chimaphila maculata,True
Chimaphila_maculata_1.jpg,Chimaphila maculata,False,C-m0.10,0.100000,Chimaphila maculata,False,Euonymus americanus,0.196394,False,True,Chimaphila maculata,True
Chimaphila_maculata_1.jpg,Chimaphila maculata,False,T,0.000000,Chimaphila maculata,False,Chimaphila menziesii,0.169717,False,True,Chimaphila maculata,True
Chimaphila_maculata_1.jpg,Chimaphila maculata,False,T-veto2,0.000000,Chimaphila maculata,False,Chimaphila menziesii,0.169717,False,False,,False
Chimaphila_maculata_1.jpg,Chimaphila maculata,False,T-veto3,0.000000,Chimaphila maculata,False,Chimaphila menziesii,0.169717,False,False,,False
Chimaphila_maculata_1.jpg,Chimaphila maculata,False,T-veto5,0.000000,Chimaphila maculata,False,Chimaphila menziesii,0.169717,False,False,,False
Chimaphila_maculata_1.jpg,Chimaphila maculata,False,W,0.000000,Chimaphila maculata,False,Chimaphila menziesii,0.169717,False,True,Chimaphila maculata,True
Chimaphila_maculata_1.jpg,Chimaphila maculata,False,C-m*raw,0.047722,Chimaphila maculata,False,Euonymus americanus,0.196394,False,True,Chimaphila maculata,True
Chimaphila_maculata_1.jpg,Chimaphila maculata,False,C-m*hazard,0.047722,Chimaphila maculata,False,Euonymus americanus,0.196394,False,True,Chimaphila maculata,True
Chimaphila_maculata_2.jpg,Chimaphila maculata,False,A,0.000000,Chimaphila maculata,False,,inf,False,True,Chimaphila maculata,True
Chimaphila_maculata_2.jpg,Chimaphila maculata,False,B,0.000000,Chimaphila maculata,False,Euonymus americanus,0.202940,False,True,Chimaphila maculata,True
Chimaphila_maculata_2.jpg,Chimaphila maculata,False,C,0.000000,Chimaphila maculata,False,Monotropa uniflora,0.163996,False,True,Chimaphila maculata,True
Chimaphila_maculata_2.jpg,Chimaphila maculata,False,C-veto2,0.000000,Chimaphila maculata,False,Monotropa uniflora,0.163996,False,False,,False
Chimaphila_maculata_2.jpg,Chimaphila maculata,False,C-veto3,0.000000,Chimaphila maculata,False,Monotropa uniflora,0.163996,False,False,,False
Chimaphila_maculata_2.jpg,Chimaphila maculata,False,C-veto5,0.000000,Chimaphila maculata,False,Monotropa uniflora,0.163996,False,False,,False
Chimaphila_maculata_2.jpg,Chimaphila maculata,False,C-m0.01,0.010000,Chimaphila maculata,False,Monotropa uniflora,0.163996,False,True,Chimaphila maculata,True
Chimaphila_maculata_2.jpg,Chimaphila maculata,False,C-m0.02,0.020000,Chimaphila maculata,False,Monotropa uniflora,0.163996,False,True,Chimaphila maculata,True
Chimaphila_maculata_2.jpg,Chimaphila maculata,False,C-m0.03,0.030000,Chimaphila maculata,False,Monotropa uniflora,0.163996,False,True,Chimaphila maculata,True
Chimaphila_maculata_2.jpg,Chimaphila maculata,False,C-m0.04,0.040000,Chimaphila maculata,False,Monotropa uniflora,0.163996,False,True,Chimaphila maculata,True
Chimaphila_maculata_2.jpg,Chimaphila maculata,False,C-m0.05,0.050000,Chimaphila maculata,False,Monotropa uniflora,0.163996,False,True,Chimaphila maculata,True
Chimaphila_maculata_2.jpg,Chimaphila maculata,False,C-m0.06,0.060000,Chimaphila maculata,False,Monotropa uniflora,0.163996,False,True,Chimaphila maculata,True
Chimaphila_maculata_2.jpg,Chimaphila maculata,False,C-m0.08,0.080000,Chimaphila maculata,False,Monotropa uniflora,0.163996,False,True,Chimaphila maculata,True
Chimaphila_maculata_2.jpg,Chimaphila maculata,False,C-m0.10,0.100000,Chimaphila maculata,False,Monotropa uniflora,0.163996,False,True,Chimaphila maculata,True
Chimaphila_maculata_2.jpg,Chimaphila maculata,False,T,0.000000,Chimaphila maculata,False,Chimaphila menziesii,0.093163,False,True,Chimaphila maculata,True
Chimaphila_maculata_2.jpg,Chimaphila maculata,False,T-veto2,0.000000,Chimaphila maculata,False,Chimaphila menziesii,0.093163,False,False,,False
Chimaphila_maculata_2.jpg,Chimaphila maculata,False,T-veto3,0.000000,Chimaphila maculata,False,Chimaphila menziesii,0.093163,False,False,,False
Chimaphila_maculata_2.jpg,Chimaphila maculata,False,T-veto5,0.000000,Chimaphila maculata,False,Chimaphila menziesii,0.093163,False,False,,False
Chimaphila_maculata_2.jpg,Chimaphila maculata,False,W,0.000000,Chimaphila maculata,False,Chimaphila menziesii,0.093163,False,True,Chimaphila maculata,True
Chimaphila_maculata_2.jpg,Chimaphila maculata,False,C-m*raw,0.047722,Chimaphila maculata,False,Monotropa uniflora,0.163996,False,True,Chimaphila maculata,True
Chimaphila_maculata_2.jpg,Chimaphila maculata,False,C-m*hazard,0.047722,Chimaphila maculata,False,Monotropa uniflora,0.163996,False,True,Chimaphila maculata,True
Rhus_copallinum_0.jpg,Rhus copallinum,False,A,0.000000,Albizia julibrissin,False,,inf,True,True,Albizia julibrissin,False
Rhus_copallinum_0.jpg,Rhus copallinum,False,B,0.000000,Juglans nigra,True,Juglans nigra,0.000000,True,False,,False
Rhus_copallinum_0.jpg,Rhus copallinum,False,C,0.000000,Juglans nigra,True,Juglans nigra,0.000000,True,False,,False
Rhus_copallinum_0.jpg,Rhus copallinum,False,C-veto2,0.000000,Juglans nigra,True,Juglans nigra,0.000000,True,False,,False
Rhus_copallinum_0.jpg,Rhus copallinum,False,C-veto3,0.000000,Juglans nigra,True,Juglans nigra,0.000000,True,False,,False
Rhus_copallinum_0.jpg,Rhus copallinum,False,C-veto5,0.000000,Juglans nigra,True,Juglans nigra,0.000000,True,False,,False
Rhus_copallinum_0.jpg,Rhus copallinum,False,C-m0.01,0.010000,Juglans nigra,True,Juglans nigra,0.000000,True,False,,False
Rhus_copallinum_0.jpg,Rhus copallinum,False,C-m0.02,0.020000,Juglans nigra,True,Juglans nigra,0.000000,True,False,,False
Rhus_copallinum_0.jpg,Rhus copallinum,False,C-m0.03,0.030000,Juglans nigra,True,Juglans nigra,0.000000,True,False,,False
Rhus_copallinum_0.jpg,Rhus copallinum,False,C-m0.04,0.040000,Juglans nigra,True,Juglans nigra,0.000000,True,False,,False
Rhus_copallinum_0.jpg,Rhus copallinum,False,C-m0.05,0.050000,Juglans nigra,True,Juglans nigra,0.000000,True,False,,False
Rhus_copallinum_0.jpg,Rhus copallinum,False,C-m0.06,0.060000,Juglans nigra,True,Juglans nigra,0.000000,True,False,,False
Rhus_copallinum_0.jpg,Rhus copallinum,False,C-m0.08,0.080000,Juglans nigra,True,Juglans nigra,0.000000,True,False,,False
Rhus_copallinum_0.jpg,Rhus copallinum,False,C-m0.10,0.100000,Juglans nigra,True,Juglans nigra,0.000000,True,False,,False
Rhus_copallinum_0.jpg,Rhus copallinum,False,T,0.000000,Toxicodendron vernix,True,Toxicodendron vernix,0.000000,True,False,,False
Rhus_copallinum_0.jpg,Rhus copallinum,False,T-veto2,0.000000,Toxicodendron vernix,True,Toxicodendron vernix,0.000000,True,False,,False
Rhus_copallinum_0.jpg,Rhus copallinum,False,T-veto3,0.000000,Toxicodendron vernix,True,Toxicodendron vernix,0.000000,True,False,,False
Rhus_copallinum_0.jpg,Rhus copallinum,False,T-veto5,0.000000,Toxicodendron vernix,True,Toxicodendron vernix,0.000000,True,False,,False
Rhus_copallinum_0.jpg,Rhus copallinum,False,W,0.000000,Fraxinus americana,False,Toxicodendron vernix,0.071331,True,False,,False
Rhus_copallinum_0.jpg,Rhus copallinum,False,C-m*raw,0.047722,Juglans nigra,True,Juglans nigra,0.000000,True,False,,False
Rhus_copallinum_0.jpg,Rhus copallinum,False,C-m*hazard,0.047722,Juglans nigra,True,Juglans nigra,0.000000,True,False,,False
Rhus_copallinum_1.jpg,Rhus copallinum,False,A,0.000000,Albizia julibrissin,False,,inf,False,True,Albizia julibrissin,False
Rhus_copallinum_1.jpg,Rhus copallinum,False,B,0.000000,Juglans nigra,True,Juglans nigra,0.000000,False,False,,False
Rhus_copallinum_1.jpg,Rhus copallinum,False,C,0.000000,Juglans nigra,True,Juglans nigra,0.000000,False,False,,False
Rhus_copallinum_1.jpg,Rhus copallinum,False,C-veto2,0.000000,Juglans nigra,True,Juglans nigra,0.000000,False,False,,False
Rhus_copallinum_1.jpg,Rhus copallinum,False,C-veto3,0.000000,Juglans nigra,True,Juglans nigra,0.000000,False,False,,False
Rhus_copallinum_1.jpg,Rhus copallinum,False,C-veto5,0.000000,Juglans nigra,True,Juglans nigra,0.000000,False,False,,False
Rhus_copallinum_1.jpg,Rhus copallinum,False,C-m0.01,0.010000,Juglans nigra,True,Juglans nigra,0.000000,False,False,,False
Rhus_copallinum_1.jpg,Rhus copallinum,False,C-m0.02,0.020000,Juglans nigra,True,Juglans nigra,0.000000,False,False,,False
Rhus_copallinum_1.jpg,Rhus copallinum,False,C-m0.03,0.030000,Juglans nigra,True,Juglans nigra,0.000000,False,False,,False
Rhus_copallinum_1.jpg,Rhus copallinum,False,C-m0.04,0.040000,Juglans nigra,True,Juglans nigra,0.000000,False,False,,False
Rhus_copallinum_1.jpg,Rhus copallinum,False,C-m0.05,0.050000,Juglans nigra,True,Juglans nigra,0.000000,False,False,,False
Rhus_copallinum_1.jpg,Rhus copallinum,False,C-m0.06,0.060000,Juglans nigra,True,Juglans nigra,0.000000,False,False,,False
Rhus_copallinum_1.jpg,Rhus copallinum,False,C-m0.08,0.080000,Juglans nigra,True,Juglans nigra,0.000000,False,False,,False
Rhus_copallinum_1.jpg,Rhus copallinum,False,C-m0.10,0.100000,Juglans nigra,True,Juglans nigra,0.000000,False,False,,False
Rhus_copallinum_1.jpg,Rhus copallinum,False,T,0.000000,Juglans regia,True,Juglans regia,0.000000,False,False,,False
Rhus_copallinum_1.jpg,Rhus copallinum,False,T-veto2,0.000000,Juglans regia,True,Juglans regia,0.000000,False,False,,False
Rhus_copallinum_1.jpg,Rhus copallinum,False,T-veto3,0.000000,Juglans regia,True,Juglans regia,0.000000,False,False,,False
Rhus_copallinum_1.jpg,Rhus copallinum,False,T-veto5,0.000000,Juglans regia,True,Juglans regia,0.000000,False,False,,False
Rhus_copallinum_1.jpg,Rhus copallinum,False,W,0.000000,Fraxinus pennsylvanica,False,Juglans regia,0.022930,False,False,,False
Rhus_copallinum_1.jpg,Rhus copallinum,False,C-m*raw,0.047722,Juglans nigra,True,Juglans nigra,0.000000,False,False,,False
Rhus_copallinum_1.jpg,Rhus copallinum,False,C-m*hazard,0.047722,Juglans nigra,True,Juglans nigra,0.000000,False,False,,False
Rhus_copallinum_2.jpg,Rhus copallinum,False,A,0.000000,Rhus copallinum,False,,inf,False,True,Rhus copallinum,True
Rhus_copallinum_2.jpg,Rhus copallinum,False,B,0.000000,Rhus copallinum,False,Toxicodendron radicans,0.044296,False,True,Rhus copallinum,True
Rhus_copallinum_2.jpg,Rhus copallinum,False,C,0.000000,Rhus copallinum,False,Tephrosia virginiana,0.015176,False,True,Rhus copallinum,True
Rhus_copallinum_2.jpg,Rhus copallinum,False,C-veto2,0.000000,Rhus copallinum,False,Tephrosia virginiana,0.015176,False,False,,False
Rhus_copallinum_2.jpg,Rhus copallinum,False,C-veto3,0.000000,Rhus copallinum,False,Tephrosia virginiana,0.015176,False,False,,False
Rhus_copallinum_2.jpg,Rhus copallinum,False,C-veto5,0.000000,Rhus copallinum,False,Tephrosia virginiana,0.015176,False,False,,False
Rhus_copallinum_2.jpg,Rhus copallinum,False,C-m0.01,0.010000,Rhus copallinum,False,Tephrosia virginiana,0.015176,False,True,Rhus copallinum,True
Rhus_copallinum_2.jpg,Rhus copallinum,False,C-m0.02,0.020000,Rhus copallinum,False,Tephrosia virginiana,0.015176,False,False,,False
Rhus_copallinum_2.jpg,Rhus copallinum,False,C-m0.03,0.030000,Rhus copallinum,False,Tephrosia virginiana,0.015176,False,False,,False
Rhus_copallinum_2.jpg,Rhus copallinum,False,C-m0.04,0.040000,Rhus copallinum,False,Tephrosia virginiana,0.015176,False,False,,False
Rhus_copallinum_2.jpg,Rhus copallinum,False,C-m0.05,0.050000,Rhus copallinum,False,Tephrosia virginiana,0.015176,False,False,,False
Rhus_copallinum_2.jpg,Rhus copallinum,False,C-m0.06,0.060000,Rhus copallinum,False,Tephrosia virginiana,0.015176,False,False,,False
Rhus_copallinum_2.jpg,Rhus copallinum,False,C-m0.08,0.080000,Rhus copallinum,False,Tephrosia virginiana,0.015176,False,False,,False
Rhus_copallinum_2.jpg,Rhus copallinum,False,C-m0.10,0.100000,Rhus copallinum,False,Tephrosia virginiana,0.015176,False,False,,False
Rhus_copallinum_2.jpg,Rhus copallinum,False,T,0.000000,Rhus lanceolata,True,Rhus lanceolata,0.000000,False,False,,False
Rhus_copallinum_2.jpg,Rhus copallinum,False,T-veto2,0.000000,Rhus lanceolata,True,Rhus lanceolata,0.000000,False,False,,False
Rhus_copallinum_2.jpg,Rhus copallinum,False,T-veto3,0.000000,Rhus lanceolata,True,Rhus lanceolata,0.000000,False,False,,False
Rhus_copallinum_2.jpg,Rhus copallinum,False,T-veto5,0.000000,Rhus lanceolata,True,Rhus lanceolata,0.000000,False,False,,False
Rhus_copallinum_2.jpg,Rhus copallinum,False,W,0.000000,Rhus lanceolata,True,Rhus lanceolata,0.000000,False,False,,False
Rhus_copallinum_2.jpg,Rhus copallinum,False,C-m*raw,0.047722,Rhus copallinum,False,Tephrosia virginiana,0.015176,False,False,,False
Rhus_copallinum_2.jpg,Rhus copallinum,False,C-m*hazard,0.047722,Rhus copallinum,False,Tephrosia virginiana,0.015176,False,False,,False
Solidago_altissima_0.jpg,Solidago altissima,False,A,0.000000,Solidago altissima,False,,inf,False,True,Solidago altissima,True
Solidago_altissima_0.jpg,Solidago altissima,False,B,0.000000,Solidago altissima,False,Eupatorium serotinum,0.223731,False,True,Solidago altissima,True
Solidago_altissima_0.jpg,Solidago altissima,False,C,0.000000,Solidago altissima,False,Solidago caesia,0.194423,False,True,Solidago altissima,True
Solidago_altissima_0.jpg,Solidago altissima,False,C-veto2,0.000000,Solidago altissima,False,Solidago caesia,0.194423,False,False,,False
Solidago_altissima_0.jpg,Solidago altissima,False,C-veto3,0.000000,Solidago altissima,False,Solidago caesia,0.194423,False,False,,False
Solidago_altissima_0.jpg,Solidago altissima,False,C-veto5,0.000000,Solidago altissima,False,Solidago caesia,0.194423,False,False,,False
Solidago_altissima_0.jpg,Solidago altissima,False,C-m0.01,0.010000,Solidago altissima,False,Solidago caesia,0.194423,False,True,Solidago altissima,True
Solidago_altissima_0.jpg,Solidago altissima,False,C-m0.02,0.020000,Solidago altissima,False,Solidago caesia,0.194423,False,True,Solidago altissima,True
Solidago_altissima_0.jpg,Solidago altissima,False,C-m0.03,0.030000,Solidago altissima,False,Solidago caesia,0.194423,False,True,Solidago altissima,True
Solidago_altissima_0.jpg,Solidago altissima,False,C-m0.04,0.040000,Solidago altissima,False,Solidago caesia,0.194423,False,True,Solidago altissima,True
Solidago_altissima_0.jpg,Solidago altissima,False,C-m0.05,0.050000,Solidago altissima,False,Solidago caesia,0.194423,False,True,Solidago altissima,True
Solidago_altissima_0.jpg,Solidago altissima,False,C-m0.06,0.060000,Solidago altissima,False,Solidago caesia,0.194423,False,True,Solidago altissima,True
Solidago_altissima_0.jpg,Solidago altissima,False,C-m0.08,0.080000,Solidago altissima,False,Solidago caesia,0.194423,False,True,Solidago altissima,True
Solidago_altissima_0.jpg,Solidago altissima,False,C-m0.10,0.100000,Solidago altissima,False,Solidago caesia,0.194423,False,True,Solidago altissima,True
Solidago_altissima_0.jpg,Solidago altissima,False,T,0.000000,Solidago altissima,False,Solidago juncea,0.065628,False,True,Solidago altissima,True
Solidago_altissima_0.jpg,Solidago altissima,False,T-veto2,0.000000,Solidago altissima,False,Solidago juncea,0.065628,False,False,,False
Solidago_altissima_0.jpg,Solidago altissima,False,T-veto3,0.000000,Solidago altissima,False,Solidago juncea,0.065628,False,False,,False
Solidago_altissima_0.jpg,Solidago altissima,False,T-veto5,0.000000,Solidago altissima,False,Solidago juncea,0.065628,False,False,,False
Solidago_altissima_0.jpg,Solidago altissima,False,W,0.000000,Solidago altissima,False,Solidago juncea,0.065628,False,True,Solidago altissima,True
Solidago_altissima_0.jpg,Solidago altissima,False,C-m*raw,0.047722,Solidago altissima,False,Solidago caesia,0.194423,False,True,Solidago altissima,True
Solidago_altissima_0.jpg,Solidago altissima,False,C-m*hazard,0.047722,Solidago altissima,False,Solidago caesia,0.194423,False,True,Solidago altissima,True
Solidago_altissima_1.jpg,Solidago altissima,False,A,0.000000,Solidago altissima,False,,inf,False,True,Solidago altissima,True
Solidago_altissima_1.jpg,Solidago altissima,False,B,0.000000,Solidago altissima,False,Eupatorium serotinum,0.166438,False,True,Solidago altissima,True
Solidago_altissima_1.jpg,Solidago altissima,False,C,0.000000,Solidago altissima,False,Solidago caesia,0.155419,False,True,Solidago altissima,True
Solidago_altissima_1.jpg,Solidago altissima,False,C-veto2,0.000000,Solidago altissima,False,Solidago caesia,0.155419,False,False,,False
Solidago_altissima_1.jpg,Solidago altissima,False,C-veto3,0.000000,Solidago altissima,False,Solidago caesia,0.155419,False,False,,False
Solidago_altissima_1.jpg,Solidago altissima,False,C-veto5,0.000000,Solidago altissima,False,Solidago caesia,0.155419,False,False,,False
Solidago_altissima_1.jpg,Solidago altissima,False,C-m0.01,0.010000,Solidago altissima,False,Solidago caesia,0.155419,False,True,Solidago altissima,True
Solidago_altissima_1.jpg,Solidago altissima,False,C-m0.02,0.020000,Solidago altissima,False,Solidago caesia,0.155419,False,True,Solidago altissima,True
Solidago_altissima_1.jpg,Solidago altissima,False,C-m0.03,0.030000,Solidago altissima,False,Solidago caesia,0.155419,False,True,Solidago altissima,True
Solidago_altissima_1.jpg,Solidago altissima,False,C-m0.04,0.040000,Solidago altissima,False,Solidago caesia,0.155419,False,True,Solidago altissima,True
Solidago_altissima_1.jpg,Solidago altissima,False,C-m0.05,0.050000,Solidago altissima,False,Solidago caesia,0.155419,False,True,Solidago altissima,True
Solidago_altissima_1.jpg,Solidago altissima,False,C-m0.06,0.060000,Solidago altissima,False,Solidago caesia,0.155419,False,True,Solidago altissima,True
Solidago_altissima_1.jpg,Solidago altissima,False,C-m0.08,0.080000,Solidago altissima,False,Solidago caesia,0.155419,False,True,Solidago altissima,True
Solidago_altissima_1.jpg,Solidago altissima,False,C-m0.10,0.100000,Solidago altissima,False,Solidago caesia,0.155419,False,True,Solidago altissima,True
Solidago_altissima_1.jpg,Solidago altissima,False,T,0.000000,Solidago altissima,False,Solidago velutina,0.053362,False,True,Solidago altissima,True
Solidago_altissima_1.jpg,Solidago altissima,False,T-veto2,0.000000,Solidago altissima,False,Solidago velutina,0.053362,False,False,,False
Solidago_altissima_1.jpg,Solidago altissima,False,T-veto3,0.000000,Solidago altissima,False,Solidago velutina,0.053362,False,False,,False
Solidago_altissima_1.jpg,Solidago altissima,False,T-veto5,0.000000,Solidago altissima,False,Solidago velutina,0.053362,False,False,,False
Solidago_altissima_1.jpg,Solidago altissima,False,W,0.000000,Solidago altissima,False,Solidago velutina,0.053362,False,True,Solidago altissima,True
Solidago_altissima_1.jpg,Solidago altissima,False,C-m*raw,0.047722,Solidago altissima,False,Solidago caesia,0.155419,False,True,Solidago altissima,True
Solidago_altissima_1.jpg,Solidago altissima,False,C-m*hazard,0.047722,Solidago altissima,False,Solidago caesia,0.155419,False,True,Solidago altissima,True
Solidago_altissima_2.jpg,Solidago altissima,False,A,0.000000,Solidago altissima,False,,inf,False,True,Solidago altissima,True
Solidago_altissima_2.jpg,Solidago altissima,False,B,0.000000,Solidago altissima,False,Hedera helix,0.049384,False,True,Solidago altissima,True
Solidago_altissima_2.jpg,Solidago altissima,False,C,0.000000,Rhodobryum ontariense,True,Rhodobryum ontariense,0.000000,False,False,,False
Solidago_altissima_2.jpg,Solidago altissima,False,C-veto2,0.000000,Rhodobryum ontariense,True,Rhodobryum ontariense,0.000000,False,False,,False
Solidago_altissima_2.jpg,Solidago altissima,False,C-veto3,0.000000,Rhodobryum ontariense,True,Rhodobryum ontariense,0.000000,False,False,,False
Solidago_altissima_2.jpg,Solidago altissima,False,C-veto5,0.000000,Rhodobryum ontariense,True,Rhodobryum ontariense,0.000000,False,False,,False
Solidago_altissima_2.jpg,Solidago altissima,False,C-m0.01,0.010000,Rhodobryum ontariense,True,Rhodobryum ontariense,0.000000,False,False,,False
Solidago_altissima_2.jpg,Solidago altissima,False,C-m0.02,0.020000,Rhodobryum ontariense,True,Rhodobryum ontariense,0.000000,False,False,,False
Solidago_altissima_2.jpg,Solidago altissima,False,C-m0.03,0.030000,Rhodobryum ontariense,True,Rhodobryum ontariense,0.000000,False,False,,False
Solidago_altissima_2.jpg,Solidago altissima,False,C-m0.04,0.040000,Rhodobryum ontariense,True,Rhodobryum ontariense,0.000000,False,False,,False
Solidago_altissima_2.jpg,Solidago altissima,False,C-m0.05,0.050000,Rhodobryum ontariense,True,Rhodobryum ontariense,0.000000,False,False,,False
Solidago_altissima_2.jpg,Solidago altissima,False,C-m0.06,0.060000,Rhodobryum ontariense,True,Rhodobryum ontariense,0.000000,False,False,,False
Solidago_altissima_2.jpg,Solidago altissima,False,C-m0.08,0.080000,Rhodobryum ontariense,True,Rhodobryum ontariense,0.000000,False,False,,False
Solidago_altissima_2.jpg,Solidago altissima,False,C-m0.10,0.100000,Rhodobryum ontariense,True,Rhodobryum ontariense,0.000000,False,False,,False
Solidago_altissima_2.jpg,Solidago altissima,False,T,0.000000,Ptilium crista-castrensis,True,Ptilium crista-castrensis,0.000000,False,False,,False
Solidago_altissima_2.jpg,Solidago altissima,False,T-veto2,0.000000,Ptilium crista-castrensis,True,Ptilium crista-castrensis,0.000000,False,False,,False
Solidago_altissima_2.jpg,Solidago altissima,False,T-veto3,0.000000,Ptilium crista-castrensis,True,Ptilium crista-castrensis,0.000000,False,False,,False
Solidago_altissima_2.jpg,Solidago altissima,False,T-veto5,0.000000,Ptilium crista-castrensis,True,Ptilium crista-castrensis,0.000000,False,False,,False
Solidago_altissima_2.jpg,Solidago altissima,False,W,0.000000,Ptilium crista-castrensis,True,Ptilium crista-castrensis,0.000000,False,False,,False
Solidago_altissima_2.jpg,Solidago altissima,False,C-m*raw,0.047722,Rhodobryum ontariense,True,Rhodobryum ontariense,0.000000,False,False,,False
Solidago_altissima_2.jpg,Solidago altissima,False,C-m*hazard,0.047722,Rhodobryum ontariense,True,Rhodobryum ontariense,0.000000,False,False,,False
Ilex_cornuta_0.jpg,Ilex cornuta,False,A,0.000000,Ilex cornuta,False,,inf,True,True,Ilex cornuta,True
Ilex_cornuta_0.jpg,Ilex cornuta,False,B,0.000000,Ilex cornuta,False,Solanum carolinense,0.010715,True,True,Ilex cornuta,True
Ilex_cornuta_0.jpg,Ilex cornuta,False,C,0.000000,Ilex cornuta,False,Solanum carolinense,0.010715,True,True,Ilex cornuta,True
Ilex_cornuta_0.jpg,Ilex cornuta,False,C-veto2,0.000000,Ilex cornuta,False,Solanum carolinense,0.010715,True,False,,False
Ilex_cornuta_0.jpg,Ilex cornuta,False,C-veto3,0.000000,Ilex cornuta,False,Solanum carolinense,0.010715,True,False,,False
Ilex_cornuta_0.jpg,Ilex cornuta,False,C-veto5,0.000000,Ilex cornuta,False,Solanum carolinense,0.010715,True,False,,False
Ilex_cornuta_0.jpg,Ilex cornuta,False,C-m0.01,0.010000,Ilex cornuta,False,Solanum carolinense,0.010715,True,True,Ilex cornuta,True
Ilex_cornuta_0.jpg,Ilex cornuta,False,C-m0.02,0.020000,Ilex cornuta,False,Solanum carolinense,0.010715,True,False,,False
Ilex_cornuta_0.jpg,Ilex cornuta,False,C-m0.03,0.030000,Ilex cornuta,False,Solanum carolinense,0.010715,True,False,,False
Ilex_cornuta_0.jpg,Ilex cornuta,False,C-m0.04,0.040000,Ilex cornuta,False,Solanum carolinense,0.010715,True,False,,False
Ilex_cornuta_0.jpg,Ilex cornuta,False,C-m0.05,0.050000,Ilex cornuta,False,Solanum carolinense,0.010715,True,False,,False
Ilex_cornuta_0.jpg,Ilex cornuta,False,C-m0.06,0.060000,Ilex cornuta,False,Solanum carolinense,0.010715,True,False,,False
Ilex_cornuta_0.jpg,Ilex cornuta,False,C-m0.08,0.080000,Ilex cornuta,False,Solanum carolinense,0.010715,True,False,,False
Ilex_cornuta_0.jpg,Ilex cornuta,False,C-m0.10,0.100000,Ilex cornuta,False,Solanum carolinense,0.010715,True,False,,False
Ilex_cornuta_0.jpg,Ilex cornuta,False,T,0.000000,Ilex cornuta,False,Solanum carolinense,0.010715,True,True,Ilex cornuta,True
Ilex_cornuta_0.jpg,Ilex cornuta,False,T-veto2,0.000000,Ilex cornuta,False,Solanum carolinense,0.010715,True,False,,False
Ilex_cornuta_0.jpg,Ilex cornuta,False,T-veto3,0.000000,Ilex cornuta,False,Solanum carolinense,0.010715,True,False,,False
Ilex_cornuta_0.jpg,Ilex cornuta,False,T-veto5,0.000000,Ilex cornuta,False,Solanum carolinense,0.010715,True,False,,False
Ilex_cornuta_0.jpg,Ilex cornuta,False,W,0.000000,Ilex cornuta,False,Solanum carolinense,0.010715,True,True,Ilex cornuta,True
Ilex_cornuta_0.jpg,Ilex cornuta,False,C-m*raw,0.047722,Ilex cornuta,False,Solanum carolinense,0.010715,True,False,,False
Ilex_cornuta_0.jpg,Ilex cornuta,False,C-m*hazard,0.047722,Ilex cornuta,False,Solanum carolinense,0.010715,True,False,,False
Ilex_cornuta_1.jpg,Ilex cornuta,False,A,0.000000,Ilex cornuta,False,,inf,False,True,Ilex cornuta,True
Ilex_cornuta_1.jpg,Ilex cornuta,False,B,0.000000,Ilex cornuta,False,Ligustrum sinense,0.281743,False,True,Ilex cornuta,True
Ilex_cornuta_1.jpg,Ilex cornuta,False,C,0.000000,Ilex cornuta,False,Ilex opaca,0.127587,False,True,Ilex cornuta,True
Ilex_cornuta_1.jpg,Ilex cornuta,False,C-veto2,0.000000,Ilex cornuta,False,Ilex opaca,0.127587,False,False,,False
Ilex_cornuta_1.jpg,Ilex cornuta,False,C-veto3,0.000000,Ilex cornuta,False,Ilex opaca,0.127587,False,False,,False
Ilex_cornuta_1.jpg,Ilex cornuta,False,C-veto5,0.000000,Ilex cornuta,False,Ilex opaca,0.127587,False,False,,False
Ilex_cornuta_1.jpg,Ilex cornuta,False,C-m0.01,0.010000,Ilex cornuta,False,Ilex opaca,0.127587,False,True,Ilex cornuta,True
Ilex_cornuta_1.jpg,Ilex cornuta,False,C-m0.02,0.020000,Ilex cornuta,False,Ilex opaca,0.127587,False,True,Ilex cornuta,True
Ilex_cornuta_1.jpg,Ilex cornuta,False,C-m0.03,0.030000,Ilex cornuta,False,Ilex opaca,0.127587,False,True,Ilex cornuta,True
Ilex_cornuta_1.jpg,Ilex cornuta,False,C-m0.04,0.040000,Ilex cornuta,False,Ilex opaca,0.127587,False,True,Ilex cornuta,True
Ilex_cornuta_1.jpg,Ilex cornuta,False,C-m0.05,0.050000,Ilex cornuta,False,Ilex opaca,0.127587,False,True,Ilex cornuta,True
Ilex_cornuta_1.jpg,Ilex cornuta,False,C-m0.06,0.060000,Ilex cornuta,False,Ilex opaca,0.127587,False,True,Ilex cornuta,True
Ilex_cornuta_1.jpg,Ilex cornuta,False,C-m0.08,0.080000,Ilex cornuta,False,Ilex opaca,0.127587,False,True,Ilex cornuta,True
Ilex_cornuta_1.jpg,Ilex cornuta,False,C-m0.10,0.100000,Ilex cornuta,False,Ilex opaca,0.127587,False,True,Ilex cornuta,True
Ilex_cornuta_1.jpg,Ilex cornuta,False,T,0.000000,Ilex cornuta,False,Ilex opaca,0.127587,False,True,Ilex cornuta,True
Ilex_cornuta_1.jpg,Ilex cornuta,False,T-veto2,0.000000,Ilex cornuta,False,Ilex opaca,0.127587,False,False,,False
Ilex_cornuta_1.jpg,Ilex cornuta,False,T-veto3,0.000000,Ilex cornuta,False,Ilex opaca,0.127587,False,False,,False
Ilex_cornuta_1.jpg,Ilex cornuta,False,T-veto5,0.000000,Ilex cornuta,False,Ilex opaca,0.127587,False,False,,False
Ilex_cornuta_1.jpg,Ilex cornuta,False,W,0.000000,Ilex cornuta,False,Ilex opaca,0.127587,False,True,Ilex cornuta,True
Ilex_cornuta_1.jpg,Ilex cornuta,False,C-m*raw,0.047722,Ilex cornuta,False,Ilex opaca,0.127587,False,True,Ilex cornuta,True
Ilex_cornuta_1.jpg,Ilex cornuta,False,C-m*hazard,0.047722,Ilex cornuta,False,Ilex opaca,0.127587,False,True,Ilex cornuta,True
Ilex_cornuta_2.jpg,Ilex cornuta,False,A,0.000000,Ilex cornuta,False,,inf,False,True,Ilex cornuta,True
Ilex_cornuta_2.jpg,Ilex cornuta,False,B,0.000000,Ilex cornuta,False,Ligustrum sinense,0.267262,False,True,Ilex cornuta,True
Ilex_cornuta_2.jpg,Ilex cornuta,False,C,0.000000,Ilex cornuta,False,Ilex opaca,0.124445,False,True,Ilex cornuta,True
Ilex_cornuta_2.jpg,Ilex cornuta,False,C-veto2,0.000000,Ilex cornuta,False,Ilex opaca,0.124445,False,False,,False
Ilex_cornuta_2.jpg,Ilex cornuta,False,C-veto3,0.000000,Ilex cornuta,False,Ilex opaca,0.124445,False,False,,False
Ilex_cornuta_2.jpg,Ilex cornuta,False,C-veto5,0.000000,Ilex cornuta,False,Ilex opaca,0.124445,False,False,,False
Ilex_cornuta_2.jpg,Ilex cornuta,False,C-m0.01,0.010000,Ilex cornuta,False,Ilex opaca,0.124445,False,True,Ilex cornuta,True
Ilex_cornuta_2.jpg,Ilex cornuta,False,C-m0.02,0.020000,Ilex cornuta,False,Ilex opaca,0.124445,False,True,Ilex cornuta,True
Ilex_cornuta_2.jpg,Ilex cornuta,False,C-m0.03,0.030000,Ilex cornuta,False,Ilex opaca,0.124445,False,True,Ilex cornuta,True
Ilex_cornuta_2.jpg,Ilex cornuta,False,C-m0.04,0.040000,Ilex cornuta,False,Ilex opaca,0.124445,False,True,Ilex cornuta,True
Ilex_cornuta_2.jpg,Ilex cornuta,False,C-m0.05,0.050000,Ilex cornuta,False,Ilex opaca,0.124445,False,True,Ilex cornuta,True
Ilex_cornuta_2.jpg,Ilex cornuta,False,C-m0.06,0.060000,Ilex cornuta,False,Ilex opaca,0.124445,False,True,Ilex cornuta,True
Ilex_cornuta_2.jpg,Ilex cornuta,False,C-m0.08,0.080000,Ilex cornuta,False,Ilex opaca,0.124445,False,True,Ilex cornuta,True
Ilex_cornuta_2.jpg,Ilex cornuta,False,C-m0.10,0.100000,Ilex cornuta,False,Ilex opaca,0.124445,False,True,Ilex cornuta,True
Ilex_cornuta_2.jpg,Ilex cornuta,False,T,0.000000,Ilex cornuta,False,Ilex opaca,0.124445,False,True,Ilex cornuta,True
Ilex_cornuta_2.jpg,Ilex cornuta,False,T-veto2,0.000000,Ilex cornuta,False,Ilex opaca,0.124445,False,False,,False
Ilex_cornuta_2.jpg,Ilex cornuta,False,T-veto3,0.000000,Ilex cornuta,False,Ilex opaca,0.124445,False,False,,False
Ilex_cornuta_2.jpg,Ilex cornuta,False,T-veto5,0.000000,Ilex cornuta,False,Ilex opaca,0.124445,False,False,,False
Ilex_cornuta_2.jpg,Ilex cornuta,False,W,0.000000,Ilex cornuta,False,Ilex opaca,0.124445,False,True,Ilex cornuta,True
Ilex_cornuta_2.jpg,Ilex cornuta,False,C-m*raw,0.047722,Ilex cornuta,False,Ilex opaca,0.124445,False,True,Ilex cornuta,True
Ilex_cornuta_2.jpg,Ilex cornuta,False,C-m*hazard,0.047722,Ilex cornuta,False,Ilex opaca,0.124445,False,True,Ilex cornuta,True
Sassafras_albidum_0.jpg,Sassafras albidum,False,A,0.000000,Sassafras albidum,False,,inf,False,True,Sassafras albidum,True
Sassafras_albidum_0.jpg,Sassafras albidum,False,B,0.000000,Sassafras albidum,False,Asimina triloba,0.071019,False,True,Sassafras albidum,True
Sassafras_albidum_0.jpg,Sassafras albidum,False,C,0.000000,Sassafras albidum,False,Asimina triloba,0.071019,False,True,Sassafras albidum,True
Sassafras_albidum_0.jpg,Sassafras albidum,False,C-veto2,0.000000,Sassafras albidum,False,Asimina triloba,0.071019,False,False,,False
Sassafras_albidum_0.jpg,Sassafras albidum,False,C-veto3,0.000000,Sassafras albidum,False,Asimina triloba,0.071019,False,False,,False
Sassafras_albidum_0.jpg,Sassafras albidum,False,C-veto5,0.000000,Sassafras albidum,False,Asimina triloba,0.071019,False,False,,False
Sassafras_albidum_0.jpg,Sassafras albidum,False,C-m0.01,0.010000,Sassafras albidum,False,Asimina triloba,0.071019,False,True,Sassafras albidum,True
Sassafras_albidum_0.jpg,Sassafras albidum,False,C-m0.02,0.020000,Sassafras albidum,False,Asimina triloba,0.071019,False,True,Sassafras albidum,True
Sassafras_albidum_0.jpg,Sassafras albidum,False,C-m0.03,0.030000,Sassafras albidum,False,Asimina triloba,0.071019,False,True,Sassafras albidum,True
Sassafras_albidum_0.jpg,Sassafras albidum,False,C-m0.04,0.040000,Sassafras albidum,False,Asimina triloba,0.071019,False,True,Sassafras albidum,True
Sassafras_albidum_0.jpg,Sassafras albidum,False,C-m0.05,0.050000,Sassafras albidum,False,Asimina triloba,0.071019,False,True,Sassafras albidum,True
Sassafras_albidum_0.jpg,Sassafras albidum,False,C-m0.06,0.060000,Sassafras albidum,False,Asimina triloba,0.071019,False,True,Sassafras albidum,True
Sassafras_albidum_0.jpg,Sassafras albidum,False,C-m0.08,0.080000,Sassafras albidum,False,Asimina triloba,0.071019,False,False,,False
Sassafras_albidum_0.jpg,Sassafras albidum,False,C-m0.10,0.100000,Sassafras albidum,False,Asimina triloba,0.071019,False,False,,False
Sassafras_albidum_0.jpg,Sassafras albidum,False,T,0.000000,Sassafras albidum,False,Asimina triloba,0.071019,False,True,Sassafras albidum,True
Sassafras_albidum_0.jpg,Sassafras albidum,False,T-veto2,0.000000,Sassafras albidum,False,Asimina triloba,0.071019,False,False,,False
Sassafras_albidum_0.jpg,Sassafras albidum,False,T-veto3,0.000000,Sassafras albidum,False,Asimina triloba,0.071019,False,False,,False
Sassafras_albidum_0.jpg,Sassafras albidum,False,T-veto5,0.000000,Sassafras albidum,False,Asimina triloba,0.071019,False,False,,False
Sassafras_albidum_0.jpg,Sassafras albidum,False,W,0.000000,Sassafras albidum,False,Asimina triloba,0.071019,False,True,Sassafras albidum,True
Sassafras_albidum_0.jpg,Sassafras albidum,False,C-m*raw,0.047722,Sassafras albidum,False,Asimina triloba,0.071019,False,True,Sassafras albidum,True
Sassafras_albidum_0.jpg,Sassafras albidum,False,C-m*hazard,0.047722,Sassafras albidum,False,Asimina triloba,0.071019,False,True,Sassafras albidum,True
Sassafras_albidum_1.jpg,Sassafras albidum,False,A,0.000000,Quercus nigra,False,,inf,False,True,Quercus nigra,False
Sassafras_albidum_1.jpg,Sassafras albidum,False,B,0.000000,Quercus nigra,False,Asimina triloba,0.089154,False,True,Quercus nigra,False
Sassafras_albidum_1.jpg,Sassafras albidum,False,C,0.000000,Quercus marilandica,True,Quercus marilandica,0.000000,False,False,,False
Sassafras_albidum_1.jpg,Sassafras albidum,False,C-veto2,0.000000,Quercus marilandica,True,Quercus marilandica,0.000000,False,False,,False
Sassafras_albidum_1.jpg,Sassafras albidum,False,C-veto3,0.000000,Quercus marilandica,True,Quercus marilandica,0.000000,False,False,,False
Sassafras_albidum_1.jpg,Sassafras albidum,False,C-veto5,0.000000,Quercus marilandica,True,Quercus marilandica,0.000000,False,False,,False
Sassafras_albidum_1.jpg,Sassafras albidum,False,C-m0.01,0.010000,Quercus marilandica,True,Quercus marilandica,0.000000,False,False,,False
Sassafras_albidum_1.jpg,Sassafras albidum,False,C-m0.02,0.020000,Quercus marilandica,True,Quercus marilandica,0.000000,False,False,,False
Sassafras_albidum_1.jpg,Sassafras albidum,False,C-m0.03,0.030000,Quercus marilandica,True,Quercus marilandica,0.000000,False,False,,False
Sassafras_albidum_1.jpg,Sassafras albidum,False,C-m0.04,0.040000,Quercus marilandica,True,Quercus marilandica,0.000000,False,False,,False
Sassafras_albidum_1.jpg,Sassafras albidum,False,C-m0.05,0.050000,Quercus marilandica,True,Quercus marilandica,0.000000,False,False,,False
Sassafras_albidum_1.jpg,Sassafras albidum,False,C-m0.06,0.060000,Quercus marilandica,True,Quercus marilandica,0.000000,False,False,,False
Sassafras_albidum_1.jpg,Sassafras albidum,False,C-m0.08,0.080000,Quercus marilandica,True,Quercus marilandica,0.000000,False,False,,False
Sassafras_albidum_1.jpg,Sassafras albidum,False,C-m0.10,0.100000,Quercus marilandica,True,Quercus marilandica,0.000000,False,False,,False
Sassafras_albidum_1.jpg,Sassafras albidum,False,T,0.000000,Quercus marilandica,True,Quercus marilandica,0.000000,False,False,,False
Sassafras_albidum_1.jpg,Sassafras albidum,False,T-veto2,0.000000,Quercus marilandica,True,Quercus marilandica,0.000000,False,False,,False
Sassafras_albidum_1.jpg,Sassafras albidum,False,T-veto3,0.000000,Quercus marilandica,True,Quercus marilandica,0.000000,False,False,,False
Sassafras_albidum_1.jpg,Sassafras albidum,False,T-veto5,0.000000,Quercus marilandica,True,Quercus marilandica,0.000000,False,False,,False
Sassafras_albidum_1.jpg,Sassafras albidum,False,W,0.000000,Quercus marilandica,True,Quercus marilandica,0.000000,False,False,,False
Sassafras_albidum_1.jpg,Sassafras albidum,False,C-m*raw,0.047722,Quercus marilandica,True,Quercus marilandica,0.000000,False,False,,False
Sassafras_albidum_1.jpg,Sassafras albidum,False,C-m*hazard,0.047722,Quercus marilandica,True,Quercus marilandica,0.000000,False,False,,False
Sassafras_albidum_2.jpg,Sassafras albidum,False,A,0.000000,Sassafras albidum,False,,inf,False,True,Sassafras albidum,True
Sassafras_albidum_2.jpg,Sassafras albidum,False,B,0.000000,Sassafras albidum,False,Asimina triloba,0.143497,False,True,Sassafras albidum,True
Sassafras_albidum_2.jpg,Sassafras albidum,False,C,0.000000,Sassafras albidum,False,Asimina triloba,0.143497,False,True,Sassafras albidum,True
Sassafras_albidum_2.jpg,Sassafras albidum,False,C-veto2,0.000000,Sassafras albidum,False,Asimina triloba,0.143497,False,True,Sassafras albidum,True
Sassafras_albidum_2.jpg,Sassafras albidum,False,C-veto3,0.000000,Sassafras albidum,False,Asimina triloba,0.143497,False,False,,False
Sassafras_albidum_2.jpg,Sassafras albidum,False,C-veto5,0.000000,Sassafras albidum,False,Asimina triloba,0.143497,False,False,,False
Sassafras_albidum_2.jpg,Sassafras albidum,False,C-m0.01,0.010000,Sassafras albidum,False,Asimina triloba,0.143497,False,True,Sassafras albidum,True
Sassafras_albidum_2.jpg,Sassafras albidum,False,C-m0.02,0.020000,Sassafras albidum,False,Asimina triloba,0.143497,False,True,Sassafras albidum,True
Sassafras_albidum_2.jpg,Sassafras albidum,False,C-m0.03,0.030000,Sassafras albidum,False,Asimina triloba,0.143497,False,True,Sassafras albidum,True
Sassafras_albidum_2.jpg,Sassafras albidum,False,C-m0.04,0.040000,Sassafras albidum,False,Asimina triloba,0.143497,False,True,Sassafras albidum,True
Sassafras_albidum_2.jpg,Sassafras albidum,False,C-m0.05,0.050000,Sassafras albidum,False,Asimina triloba,0.143497,False,True,Sassafras albidum,True
Sassafras_albidum_2.jpg,Sassafras albidum,False,C-m0.06,0.060000,Sassafras albidum,False,Asimina triloba,0.143497,False,True,Sassafras albidum,True
Sassafras_albidum_2.jpg,Sassafras albidum,False,C-m0.08,0.080000,Sassafras albidum,False,Asimina triloba,0.143497,False,True,Sassafras albidum,True
Sassafras_albidum_2.jpg,Sassafras albidum,False,C-m0.10,0.100000,Sassafras albidum,False,Asimina triloba,0.143497,False,True,Sassafras albidum,True
Sassafras_albidum_2.jpg,Sassafras albidum,False,T,0.000000,Sassafras albidum,False,Asimina triloba,0.143497,False,True,Sassafras albidum,True
Sassafras_albidum_2.jpg,Sassafras albidum,False,T-veto2,0.000000,Sassafras albidum,False,Asimina triloba,0.143497,False,True,Sassafras albidum,True
Sassafras_albidum_2.jpg,Sassafras albidum,False,T-veto3,0.000000,Sassafras albidum,False,Asimina triloba,0.143497,False,False,,False
Sassafras_albidum_2.jpg,Sassafras albidum,False,T-veto5,0.000000,Sassafras albidum,False,Asimina triloba,0.143497,False,False,,False
Sassafras_albidum_2.jpg,Sassafras albidum,False,W,0.000000,Sassafras albidum,False,Asimina triloba,0.143497,False,True,Sassafras albidum,True
Sassafras_albidum_2.jpg,Sassafras albidum,False,C-m*raw,0.047722,Sassafras albidum,False,Asimina triloba,0.143497,False,True,Sassafras albidum,True
Sassafras_albidum_2.jpg,Sassafras albidum,False,C-m*hazard,0.047722,Sassafras albidum,False,Asimina triloba,0.143497,False,True,Sassafras albidum,True
Tipularia_discolor_0.jpg,Tipularia discolor,False,A,0.000000,Magnolia grandiflora,False,,inf,False,True,Magnolia grandiflora,False
Tipularia_discolor_0.jpg,Tipularia discolor,False,B,0.000000,Magnolia grandiflora,False,Nandina domestica,0.047507,False,True,Magnolia grandiflora,False
Tipularia_discolor_0.jpg,Tipularia discolor,False,C,0.000000,Pontederia crassipes,True,Pontederia crassipes,0.000000,False,False,,False
Tipularia_discolor_0.jpg,Tipularia discolor,False,C-veto2,0.000000,Pontederia crassipes,True,Pontederia crassipes,0.000000,False,False,,False
Tipularia_discolor_0.jpg,Tipularia discolor,False,C-veto3,0.000000,Pontederia crassipes,True,Pontederia crassipes,0.000000,False,False,,False
Tipularia_discolor_0.jpg,Tipularia discolor,False,C-veto5,0.000000,Pontederia crassipes,True,Pontederia crassipes,0.000000,False,False,,False
Tipularia_discolor_0.jpg,Tipularia discolor,False,C-m0.01,0.010000,Pontederia crassipes,True,Pontederia crassipes,0.000000,False,False,,False
Tipularia_discolor_0.jpg,Tipularia discolor,False,C-m0.02,0.020000,Pontederia crassipes,True,Pontederia crassipes,0.000000,False,False,,False
Tipularia_discolor_0.jpg,Tipularia discolor,False,C-m0.03,0.030000,Pontederia crassipes,True,Pontederia crassipes,0.000000,False,False,,False
Tipularia_discolor_0.jpg,Tipularia discolor,False,C-m0.04,0.040000,Pontederia crassipes,True,Pontederia crassipes,0.000000,False,False,,False
Tipularia_discolor_0.jpg,Tipularia discolor,False,C-m0.05,0.050000,Pontederia crassipes,True,Pontederia crassipes,0.000000,False,False,,False
Tipularia_discolor_0.jpg,Tipularia discolor,False,C-m0.06,0.060000,Pontederia crassipes,True,Pontederia crassipes,0.000000,False,False,,False
Tipularia_discolor_0.jpg,Tipularia discolor,False,C-m0.08,0.080000,Pontederia crassipes,True,Pontederia crassipes,0.000000,False,False,,False
Tipularia_discolor_0.jpg,Tipularia discolor,False,C-m0.10,0.100000,Pontederia crassipes,True,Pontederia crassipes,0.000000,False,False,,False
Tipularia_discolor_0.jpg,Tipularia discolor,False,T,0.000000,Tillandsia utriculata,True,Tillandsia utriculata,0.000000,False,False,,False
Tipularia_discolor_0.jpg,Tipularia discolor,False,T-veto2,0.000000,Tillandsia utriculata,True,Tillandsia utriculata,0.000000,False,False,,False
Tipularia_discolor_0.jpg,Tipularia discolor,False,T-veto3,0.000000,Tillandsia utriculata,True,Tillandsia utriculata,0.000000,False,False,,False
Tipularia_discolor_0.jpg,Tipularia discolor,False,T-veto5,0.000000,Tillandsia utriculata,True,Tillandsia utriculata,0.000000,False,False,,False
Tipularia_discolor_0.jpg,Tipularia discolor,False,W,0.000000,Tradescantia spathacea,False,Tillandsia utriculata,0.084189,False,False,,False
Tipularia_discolor_0.jpg,Tipularia discolor,False,C-m*raw,0.047722,Pontederia crassipes,True,Pontederia crassipes,0.000000,False,False,,False
Tipularia_discolor_0.jpg,Tipularia discolor,False,C-m*hazard,0.047722,Pontederia crassipes,True,Pontederia crassipes,0.000000,False,False,,False
Tipularia_discolor_1.jpg,Tipularia discolor,False,A,0.000000,Magnolia grandiflora,False,,inf,False,True,Magnolia grandiflora,False
Tipularia_discolor_1.jpg,Tipularia discolor,False,B,0.000000,Magnolia grandiflora,False,Asimina triloba,0.074565,False,True,Magnolia grandiflora,False
Tipularia_discolor_1.jpg,Tipularia discolor,False,C,0.000000,Magnolia grandiflora,False,Photinia serratifolia,0.039973,False,True,Magnolia grandiflora,False
Tipularia_discolor_1.jpg,Tipularia discolor,False,C-veto2,0.000000,Magnolia grandiflora,False,Photinia serratifolia,0.039973,False,True,Magnolia grandiflora,False
Tipularia_discolor_1.jpg,Tipularia discolor,False,C-veto3,0.000000,Magnolia grandiflora,False,Photinia serratifolia,0.039973,False,False,,False
Tipularia_discolor_1.jpg,Tipularia discolor,False,C-veto5,0.000000,Magnolia grandiflora,False,Photinia serratifolia,0.039973,False,False,,False
Tipularia_discolor_1.jpg,Tipularia discolor,False,C-m0.01,0.010000,Magnolia grandiflora,False,Photinia serratifolia,0.039973,False,True,Magnolia grandiflora,False
Tipularia_discolor_1.jpg,Tipularia discolor,False,C-m0.02,0.020000,Magnolia grandiflora,False,Photinia serratifolia,0.039973,False,True,Magnolia grandiflora,False
Tipularia_discolor_1.jpg,Tipularia discolor,False,C-m0.03,0.030000,Magnolia grandiflora,False,Photinia serratifolia,0.039973,False,True,Magnolia grandiflora,False
Tipularia_discolor_1.jpg,Tipularia discolor,False,C-m0.04,0.040000,Magnolia grandiflora,False,Photinia serratifolia,0.039973,False,False,,False
Tipularia_discolor_1.jpg,Tipularia discolor,False,C-m0.05,0.050000,Magnolia grandiflora,False,Photinia serratifolia,0.039973,False,False,,False
Tipularia_discolor_1.jpg,Tipularia discolor,False,C-m0.06,0.060000,Magnolia grandiflora,False,Photinia serratifolia,0.039973,False,False,,False
Tipularia_discolor_1.jpg,Tipularia discolor,False,C-m0.08,0.080000,Magnolia grandiflora,False,Photinia serratifolia,0.039973,False,False,,False
Tipularia_discolor_1.jpg,Tipularia discolor,False,C-m0.10,0.100000,Magnolia grandiflora,False,Photinia serratifolia,0.039973,False,False,,False
Tipularia_discolor_1.jpg,Tipularia discolor,False,T,0.000000,Magnolia grandiflora,False,Photinia serratifolia,0.039973,False,True,Magnolia grandiflora,False
Tipularia_discolor_1.jpg,Tipularia discolor,False,T-veto2,0.000000,Magnolia grandiflora,False,Photinia serratifolia,0.039973,False,True,Magnolia grandiflora,False
Tipularia_discolor_1.jpg,Tipularia discolor,False,T-veto3,0.000000,Magnolia grandiflora,False,Photinia serratifolia,0.039973,False,False,,False
Tipularia_discolor_1.jpg,Tipularia discolor,False,T-veto5,0.000000,Magnolia grandiflora,False,Photinia serratifolia,0.039973,False,False,,False
Tipularia_discolor_1.jpg,Tipularia discolor,False,W,0.000000,Magnolia grandiflora,False,Photinia serratifolia,0.039973,False,True,Magnolia grandiflora,False
Tipularia_discolor_1.jpg,Tipularia discolor,False,C-m*raw,0.047722,Magnolia grandiflora,False,Photinia serratifolia,0.039973,False,False,,False
Tipularia_discolor_1.jpg,Tipularia discolor,False,C-m*hazard,0.047722,Magnolia grandiflora,False,Photinia serratifolia,0.039973,False,False,,False
Tipularia_discolor_2.jpg,Tipularia discolor,False,A,0.000000,Tipularia discolor,False,,inf,False,True,Tipularia discolor,True
Tipularia_discolor_2.jpg,Tipularia discolor,False,B,0.000000,Tipularia discolor,False,Asimina triloba,0.143785,False,True,Tipularia discolor,True
Tipularia_discolor_2.jpg,Tipularia discolor,False,C,0.000000,Tipularia discolor,False,Trillium catesbaei,0.080865,False,True,Tipularia discolor,True
Tipularia_discolor_2.jpg,Tipularia discolor,False,C-veto2,0.000000,Tipularia discolor,False,Trillium catesbaei,0.080865,False,False,,False
Tipularia_discolor_2.jpg,Tipularia discolor,False,C-veto3,0.000000,Tipularia discolor,False,Trillium catesbaei,0.080865,False,False,,False
Tipularia_discolor_2.jpg,Tipularia discolor,False,C-veto5,0.000000,Tipularia discolor,False,Trillium catesbaei,0.080865,False,False,,False
Tipularia_discolor_2.jpg,Tipularia discolor,False,C-m0.01,0.010000,Tipularia discolor,False,Trillium catesbaei,0.080865,False,True,Tipularia discolor,True
Tipularia_discolor_2.jpg,Tipularia discolor,False,C-m0.02,0.020000,Tipularia discolor,False,Trillium catesbaei,0.080865,False,True,Tipularia discolor,True
Tipularia_discolor_2.jpg,Tipularia discolor,False,C-m0.03,0.030000,Tipularia discolor,False,Trillium catesbaei,0.080865,False,True,Tipularia discolor,True
Tipularia_discolor_2.jpg,Tipularia discolor,False,C-m0.04,0.040000,Tipularia discolor,False,Trillium catesbaei,0.080865,False,True,Tipularia discolor,True
Tipularia_discolor_2.jpg,Tipularia discolor,False,C-m0.05,0.050000,Tipularia discolor,False,Trillium catesbaei,0.080865,False,True,Tipularia discolor,True
Tipularia_discolor_2.jpg,Tipularia discolor,False,C-m0.06,0.060000,Tipularia discolor,False,Trillium catesbaei,0.080865,False,True,Tipularia discolor,True
Tipularia_discolor_2.jpg,Tipularia discolor,False,C-m0.08,0.080000,Tipularia discolor,False,Trillium catesbaei,0.080865,False,True,Tipularia discolor,True
Tipularia_discolor_2.jpg,Tipularia discolor,False,C-m0.10,0.100000,Tipularia discolor,False,Trillium catesbaei,0.080865,False,False,,False
Tipularia_discolor_2.jpg,Tipularia discolor,False,T,0.000000,Erythronium umbilicatum,True,Erythronium umbilicatum,0.000000,False,False,,False
Tipularia_discolor_2.jpg,Tipularia discolor,False,T-veto2,0.000000,Erythronium umbilicatum,True,Erythronium umbilicatum,0.000000,False,False,,False
Tipularia_discolor_2.jpg,Tipularia discolor,False,T-veto3,0.000000,Erythronium umbilicatum,True,Erythronium umbilicatum,0.000000,False,False,,False
Tipularia_discolor_2.jpg,Tipularia discolor,False,T-veto5,0.000000,Erythronium umbilicatum,True,Erythronium umbilicatum,0.000000,False,False,,False
Tipularia_discolor_2.jpg,Tipularia discolor,False,W,0.000000,Erythronium umbilicatum,True,Erythronium umbilicatum,0.000000,False,False,,False
Tipularia_discolor_2.jpg,Tipularia discolor,False,C-m*raw,0.047722,Tipularia discolor,False,Trillium catesbaei,0.080865,False,True,Tipularia discolor,True
Tipularia_discolor_2.jpg,Tipularia discolor,False,C-m*hazard,0.047722,Tipularia discolor,False,Trillium catesbaei,0.080865,False,True,Tipularia discolor,True
Phyllanthus_urinaria_0.jpg,Phyllanthus urinaria,False,A,0.000000,Phyllanthus urinaria,False,,inf,False,True,Phyllanthus urinaria,True
Phyllanthus_urinaria_0.jpg,Phyllanthus urinaria,False,B,0.000000,Phyllanthus urinaria,False,Solanum carolinense,0.175705,False,True,Phyllanthus urinaria,True
Phyllanthus_urinaria_0.jpg,Phyllanthus urinaria,False,C,0.000000,Phyllanthus urinaria,False,Tephrosia virginiana,0.080647,False,True,Phyllanthus urinaria,True
Phyllanthus_urinaria_0.jpg,Phyllanthus urinaria,False,C-veto2,0.000000,Phyllanthus urinaria,False,Tephrosia virginiana,0.080647,False,True,Phyllanthus urinaria,True
Phyllanthus_urinaria_0.jpg,Phyllanthus urinaria,False,C-veto3,0.000000,Phyllanthus urinaria,False,Tephrosia virginiana,0.080647,False,False,,False
Phyllanthus_urinaria_0.jpg,Phyllanthus urinaria,False,C-veto5,0.000000,Phyllanthus urinaria,False,Tephrosia virginiana,0.080647,False,False,,False
Phyllanthus_urinaria_0.jpg,Phyllanthus urinaria,False,C-m0.01,0.010000,Phyllanthus urinaria,False,Tephrosia virginiana,0.080647,False,True,Phyllanthus urinaria,True
Phyllanthus_urinaria_0.jpg,Phyllanthus urinaria,False,C-m0.02,0.020000,Phyllanthus urinaria,False,Tephrosia virginiana,0.080647,False,True,Phyllanthus urinaria,True
Phyllanthus_urinaria_0.jpg,Phyllanthus urinaria,False,C-m0.03,0.030000,Phyllanthus urinaria,False,Tephrosia virginiana,0.080647,False,True,Phyllanthus urinaria,True
Phyllanthus_urinaria_0.jpg,Phyllanthus urinaria,False,C-m0.04,0.040000,Phyllanthus urinaria,False,Tephrosia virginiana,0.080647,False,True,Phyllanthus urinaria,True
Phyllanthus_urinaria_0.jpg,Phyllanthus urinaria,False,C-m0.05,0.050000,Phyllanthus urinaria,False,Tephrosia virginiana,0.080647,False,True,Phyllanthus urinaria,True
Phyllanthus_urinaria_0.jpg,Phyllanthus urinaria,False,C-m0.06,0.060000,Phyllanthus urinaria,False,Tephrosia virginiana,0.080647,False,True,Phyllanthus urinaria,True
Phyllanthus_urinaria_0.jpg,Phyllanthus urinaria,False,C-m0.08,0.080000,Phyllanthus urinaria,False,Tephrosia virginiana,0.080647,False,True,Phyllanthus urinaria,True
Phyllanthus_urinaria_0.jpg,Phyllanthus urinaria,False,C-m0.10,0.100000,Phyllanthus urinaria,False,Tephrosia virginiana,0.080647,False,False,,False
Phyllanthus_urinaria_0.jpg,Phyllanthus urinaria,False,T,0.000000,Chamaebatia foliolosa,True,Chamaebatia foliolosa,0.000000,False,False,,False
Phyllanthus_urinaria_0.jpg,Phyllanthus urinaria,False,T-veto2,0.000000,Chamaebatia foliolosa,True,Chamaebatia foliolosa,0.000000,False,False,,False
Phyllanthus_urinaria_0.jpg,Phyllanthus urinaria,False,T-veto3,0.000000,Chamaebatia foliolosa,True,Chamaebatia foliolosa,0.000000,False,False,,False
Phyllanthus_urinaria_0.jpg,Phyllanthus urinaria,False,T-veto5,0.000000,Chamaebatia foliolosa,True,Chamaebatia foliolosa,0.000000,False,False,,False
Phyllanthus_urinaria_0.jpg,Phyllanthus urinaria,False,W,0.000000,Mimosa quadrivalvis,False,Chamaebatia foliolosa,0.013682,False,False,,False
Phyllanthus_urinaria_0.jpg,Phyllanthus urinaria,False,C-m*raw,0.047722,Phyllanthus urinaria,False,Tephrosia virginiana,0.080647,False,True,Phyllanthus urinaria,True
Phyllanthus_urinaria_0.jpg,Phyllanthus urinaria,False,C-m*hazard,0.047722,Phyllanthus urinaria,False,Tephrosia virginiana,0.080647,False,True,Phyllanthus urinaria,True
Phyllanthus_urinaria_1.jpg,Phyllanthus urinaria,False,A,0.000000,Phyllanthus urinaria,False,,inf,False,True,Phyllanthus urinaria,True
Phyllanthus_urinaria_1.jpg,Phyllanthus urinaria,False,B,0.000000,Phyllanthus urinaria,False,Ligustrum sinense,0.078017,False,True,Phyllanthus urinaria,True
Phyllanthus_urinaria_1.jpg,Phyllanthus urinaria,False,C,0.000000,Phyllanthus urinaria,False,Phyllanthus tenellus,0.033394,False,True,Phyllanthus urinaria,True
Phyllanthus_urinaria_1.jpg,Phyllanthus urinaria,False,C-veto2,0.000000,Phyllanthus urinaria,False,Phyllanthus tenellus,0.033394,False,False,,False
Phyllanthus_urinaria_1.jpg,Phyllanthus urinaria,False,C-veto3,0.000000,Phyllanthus urinaria,False,Phyllanthus tenellus,0.033394,False,False,,False
Phyllanthus_urinaria_1.jpg,Phyllanthus urinaria,False,C-veto5,0.000000,Phyllanthus urinaria,False,Phyllanthus tenellus,0.033394,False,False,,False
Phyllanthus_urinaria_1.jpg,Phyllanthus urinaria,False,C-m0.01,0.010000,Phyllanthus urinaria,False,Phyllanthus tenellus,0.033394,False,True,Phyllanthus urinaria,True
Phyllanthus_urinaria_1.jpg,Phyllanthus urinaria,False,C-m0.02,0.020000,Phyllanthus urinaria,False,Phyllanthus tenellus,0.033394,False,True,Phyllanthus urinaria,True
Phyllanthus_urinaria_1.jpg,Phyllanthus urinaria,False,C-m0.03,0.030000,Phyllanthus urinaria,False,Phyllanthus tenellus,0.033394,False,True,Phyllanthus urinaria,True
Phyllanthus_urinaria_1.jpg,Phyllanthus urinaria,False,C-m0.04,0.040000,Phyllanthus urinaria,False,Phyllanthus tenellus,0.033394,False,False,,False
Phyllanthus_urinaria_1.jpg,Phyllanthus urinaria,False,C-m0.05,0.050000,Phyllanthus urinaria,False,Phyllanthus tenellus,0.033394,False,False,,False
Phyllanthus_urinaria_1.jpg,Phyllanthus urinaria,False,C-m0.06,0.060000,Phyllanthus urinaria,False,Phyllanthus tenellus,0.033394,False,False,,False
Phyllanthus_urinaria_1.jpg,Phyllanthus urinaria,False,C-m0.08,0.080000,Phyllanthus urinaria,False,Phyllanthus tenellus,0.033394,False,False,,False
Phyllanthus_urinaria_1.jpg,Phyllanthus urinaria,False,C-m0.10,0.100000,Phyllanthus urinaria,False,Phyllanthus tenellus,0.033394,False,False,,False
Phyllanthus_urinaria_1.jpg,Phyllanthus urinaria,False,T,0.000000,Phyllanthus urinaria,False,Phyllanthus tenellus,0.033394,False,True,Phyllanthus urinaria,True
Phyllanthus_urinaria_1.jpg,Phyllanthus urinaria,False,T-veto2,0.000000,Phyllanthus urinaria,False,Phyllanthus tenellus,0.033394,False,False,,False
Phyllanthus_urinaria_1.jpg,Phyllanthus urinaria,False,T-veto3,0.000000,Phyllanthus urinaria,False,Phyllanthus tenellus,0.033394,False,False,,False
Phyllanthus_urinaria_1.jpg,Phyllanthus urinaria,False,T-veto5,0.000000,Phyllanthus urinaria,False,Phyllanthus tenellus,0.033394,False,False,,False
Phyllanthus_urinaria_1.jpg,Phyllanthus urinaria,False,W,0.000000,Acacia myrtifolia,False,Phyllanthus tenellus,0.035736,False,False,,False
Phyllanthus_urinaria_1.jpg,Phyllanthus urinaria,False,C-m*raw,0.047722,Phyllanthus urinaria,False,Phyllanthus tenellus,0.033394,False,False,,False
Phyllanthus_urinaria_1.jpg,Phyllanthus urinaria,False,C-m*hazard,0.047722,Phyllanthus urinaria,False,Phyllanthus tenellus,0.033394,False,False,,False
Phyllanthus_urinaria_2.jpg,Phyllanthus urinaria,False,A,0.000000,Phyllanthus urinaria,False,,inf,False,True,Phyllanthus urinaria,True
Phyllanthus_urinaria_2.jpg,Phyllanthus urinaria,False,B,0.000000,Phyllanthus urinaria,False,Parthenocissus quinquefolia,0.007858,False,True,Phyllanthus urinaria,True
Phyllanthus_urinaria_2.jpg,Phyllanthus urinaria,False,C,0.000000,Melothria pendula,True,Melothria pendula,0.000000,False,False,,False
Phyllanthus_urinaria_2.jpg,Phyllanthus urinaria,False,C-veto2,0.000000,Melothria pendula,True,Melothria pendula,0.000000,False,False,,False
Phyllanthus_urinaria_2.jpg,Phyllanthus urinaria,False,C-veto3,0.000000,Melothria pendula,True,Melothria pendula,0.000000,False,False,,False
Phyllanthus_urinaria_2.jpg,Phyllanthus urinaria,False,C-veto5,0.000000,Melothria pendula,True,Melothria pendula,0.000000,False,False,,False
Phyllanthus_urinaria_2.jpg,Phyllanthus urinaria,False,C-m0.01,0.010000,Melothria pendula,True,Melothria pendula,0.000000,False,False,,False
Phyllanthus_urinaria_2.jpg,Phyllanthus urinaria,False,C-m0.02,0.020000,Melothria pendula,True,Melothria pendula,0.000000,False,False,,False
Phyllanthus_urinaria_2.jpg,Phyllanthus urinaria,False,C-m0.03,0.030000,Melothria pendula,True,Melothria pendula,0.000000,False,False,,False
Phyllanthus_urinaria_2.jpg,Phyllanthus urinaria,False,C-m0.04,0.040000,Melothria pendula,True,Melothria pendula,0.000000,False,False,,False
Phyllanthus_urinaria_2.jpg,Phyllanthus urinaria,False,C-m0.05,0.050000,Melothria pendula,True,Melothria pendula,0.000000,False,False,,False
Phyllanthus_urinaria_2.jpg,Phyllanthus urinaria,False,C-m0.06,0.060000,Melothria pendula,True,Melothria pendula,0.000000,False,False,,False
Phyllanthus_urinaria_2.jpg,Phyllanthus urinaria,False,C-m0.08,0.080000,Melothria pendula,True,Melothria pendula,0.000000,False,False,,False
Phyllanthus_urinaria_2.jpg,Phyllanthus urinaria,False,C-m0.10,0.100000,Melothria pendula,True,Melothria pendula,0.000000,False,False,,False
Phyllanthus_urinaria_2.jpg,Phyllanthus urinaria,False,T,0.000000,Horsfordia newberryi,True,Horsfordia newberryi,0.000000,False,False,,False
Phyllanthus_urinaria_2.jpg,Phyllanthus urinaria,False,T-veto2,0.000000,Horsfordia newberryi,True,Horsfordia newberryi,0.000000,False,False,,False
Phyllanthus_urinaria_2.jpg,Phyllanthus urinaria,False,T-veto3,0.000000,Horsfordia newberryi,True,Horsfordia newberryi,0.000000,False,False,,False
Phyllanthus_urinaria_2.jpg,Phyllanthus urinaria,False,T-veto5,0.000000,Horsfordia newberryi,True,Horsfordia newberryi,0.000000,False,False,,False
Phyllanthus_urinaria_2.jpg,Phyllanthus urinaria,False,W,0.000000,Vachellia farnesiana,False,Horsfordia newberryi,0.026883,False,False,,False
Phyllanthus_urinaria_2.jpg,Phyllanthus urinaria,False,C-m*raw,0.047722,Melothria pendula,True,Melothria pendula,0.000000,False,False,,False
Phyllanthus_urinaria_2.jpg,Phyllanthus urinaria,False,C-m*hazard,0.047722,Melothria pendula,True,Melothria pendula,0.000000,False,False,,False
Persicaria_longiseta_0.jpg,Persicaria longiseta,True,A,0.000000,Conoclinium coelestinum,False,,inf,False,True,Conoclinium coelestinum,False
Persicaria_longiseta_0.jpg,Persicaria longiseta,True,B,0.000000,Persicaria longiseta,True,Persicaria longiseta,0.000000,False,False,,False
Persicaria_longiseta_0.jpg,Persicaria longiseta,True,C,0.000000,Persicaria longiseta,True,Persicaria longiseta,0.000000,False,False,,False
Persicaria_longiseta_0.jpg,Persicaria longiseta,True,C-veto2,0.000000,Persicaria longiseta,True,Persicaria longiseta,0.000000,False,False,,False
Persicaria_longiseta_0.jpg,Persicaria longiseta,True,C-veto3,0.000000,Persicaria longiseta,True,Persicaria longiseta,0.000000,False,False,,False
Persicaria_longiseta_0.jpg,Persicaria longiseta,True,C-veto5,0.000000,Persicaria longiseta,True,Persicaria longiseta,0.000000,False,False,,False
Persicaria_longiseta_0.jpg,Persicaria longiseta,True,C-m0.01,0.010000,Persicaria longiseta,True,Persicaria longiseta,0.000000,False,False,,False
Persicaria_longiseta_0.jpg,Persicaria longiseta,True,C-m0.02,0.020000,Persicaria longiseta,True,Persicaria longiseta,0.000000,False,False,,False
Persicaria_longiseta_0.jpg,Persicaria longiseta,True,C-m0.03,0.030000,Persicaria longiseta,True,Persicaria longiseta,0.000000,False,False,,False
Persicaria_longiseta_0.jpg,Persicaria longiseta,True,C-m0.04,0.040000,Persicaria longiseta,True,Persicaria longiseta,0.000000,False,False,,False
Persicaria_longiseta_0.jpg,Persicaria longiseta,True,C-m0.05,0.050000,Persicaria longiseta,True,Persicaria longiseta,0.000000,False,False,,False
Persicaria_longiseta_0.jpg,Persicaria longiseta,True,C-m0.06,0.060000,Persicaria longiseta,True,Persicaria longiseta,0.000000,False,False,,False
Persicaria_longiseta_0.jpg,Persicaria longiseta,True,C-m0.08,0.080000,Persicaria longiseta,True,Persicaria longiseta,0.000000,False,False,,False
Persicaria_longiseta_0.jpg,Persicaria longiseta,True,C-m0.10,0.100000,Persicaria longiseta,True,Persicaria longiseta,0.000000,False,False,,False
Persicaria_longiseta_0.jpg,Persicaria longiseta,True,T,0.000000,Persicaria longiseta,True,Persicaria longiseta,0.000000,False,False,,False
Persicaria_longiseta_0.jpg,Persicaria longiseta,True,T-veto2,0.000000,Persicaria longiseta,True,Persicaria longiseta,0.000000,False,False,,False
Persicaria_longiseta_0.jpg,Persicaria longiseta,True,T-veto3,0.000000,Persicaria longiseta,True,Persicaria longiseta,0.000000,False,False,,False
Persicaria_longiseta_0.jpg,Persicaria longiseta,True,T-veto5,0.000000,Persicaria longiseta,True,Persicaria longiseta,0.000000,False,False,,False
Persicaria_longiseta_0.jpg,Persicaria longiseta,True,W,0.000000,Persicaria longiseta,True,Persicaria longiseta,0.000000,False,False,,False
Persicaria_longiseta_0.jpg,Persicaria longiseta,True,C-m*raw,0.047722,Persicaria longiseta,True,Persicaria longiseta,0.000000,False,False,,False
Persicaria_longiseta_0.jpg,Persicaria longiseta,True,C-m*hazard,0.047722,Persicaria longiseta,True,Persicaria longiseta,0.000000,False,False,,False
Persicaria_longiseta_1.jpg,Persicaria longiseta,True,A,0.000000,Conoclinium coelestinum,False,,inf,False,True,Conoclinium coelestinum,False
Persicaria_longiseta_1.jpg,Persicaria longiseta,True,B,0.000000,Persicaria longiseta,True,Persicaria longiseta,0.000000,False,False,,False
Persicaria_longiseta_1.jpg,Persicaria longiseta,True,C,0.000000,Persicaria longiseta,True,Persicaria longiseta,0.000000,False,False,,False
Persicaria_longiseta_1.jpg,Persicaria longiseta,True,C-veto2,0.000000,Persicaria longiseta,True,Persicaria longiseta,0.000000,False,False,,False
Persicaria_longiseta_1.jpg,Persicaria longiseta,True,C-veto3,0.000000,Persicaria longiseta,True,Persicaria longiseta,0.000000,False,False,,False
Persicaria_longiseta_1.jpg,Persicaria longiseta,True,C-veto5,0.000000,Persicaria longiseta,True,Persicaria longiseta,0.000000,False,False,,False
Persicaria_longiseta_1.jpg,Persicaria longiseta,True,C-m0.01,0.010000,Persicaria longiseta,True,Persicaria longiseta,0.000000,False,False,,False
Persicaria_longiseta_1.jpg,Persicaria longiseta,True,C-m0.02,0.020000,Persicaria longiseta,True,Persicaria longiseta,0.000000,False,False,,False
Persicaria_longiseta_1.jpg,Persicaria longiseta,True,C-m0.03,0.030000,Persicaria longiseta,True,Persicaria longiseta,0.000000,False,False,,False
Persicaria_longiseta_1.jpg,Persicaria longiseta,True,C-m0.04,0.040000,Persicaria longiseta,True,Persicaria longiseta,0.000000,False,False,,False
Persicaria_longiseta_1.jpg,Persicaria longiseta,True,C-m0.05,0.050000,Persicaria longiseta,True,Persicaria longiseta,0.000000,False,False,,False
Persicaria_longiseta_1.jpg,Persicaria longiseta,True,C-m0.06,0.060000,Persicaria longiseta,True,Persicaria longiseta,0.000000,False,False,,False
Persicaria_longiseta_1.jpg,Persicaria longiseta,True,C-m0.08,0.080000,Persicaria longiseta,True,Persicaria longiseta,0.000000,False,False,,False
Persicaria_longiseta_1.jpg,Persicaria longiseta,True,C-m0.10,0.100000,Persicaria longiseta,True,Persicaria longiseta,0.000000,False,False,,False
Persicaria_longiseta_1.jpg,Persicaria longiseta,True,T,0.000000,Persicaria longiseta,True,Persicaria longiseta,0.000000,False,False,,False
Persicaria_longiseta_1.jpg,Persicaria longiseta,True,T-veto2,0.000000,Persicaria longiseta,True,Persicaria longiseta,0.000000,False,False,,False
Persicaria_longiseta_1.jpg,Persicaria longiseta,True,T-veto3,0.000000,Persicaria longiseta,True,Persicaria longiseta,0.000000,False,False,,False
Persicaria_longiseta_1.jpg,Persicaria longiseta,True,T-veto5,0.000000,Persicaria longiseta,True,Persicaria longiseta,0.000000,False,False,,False
Persicaria_longiseta_1.jpg,Persicaria longiseta,True,W,0.000000,Persicaria maculosa,False,Persicaria longiseta,0.001008,False,False,,False
Persicaria_longiseta_1.jpg,Persicaria longiseta,True,C-m*raw,0.047722,Persicaria longiseta,True,Persicaria longiseta,0.000000,False,False,,False
Persicaria_longiseta_1.jpg,Persicaria longiseta,True,C-m*hazard,0.047722,Persicaria longiseta,True,Persicaria longiseta,0.000000,False,False,,False
Persicaria_longiseta_2.jpg,Persicaria longiseta,True,A,0.000000,Phyllanthus urinaria,False,,inf,False,True,Phyllanthus urinaria,False
Persicaria_longiseta_2.jpg,Persicaria longiseta,True,B,0.000000,Persicaria longiseta,True,Persicaria longiseta,0.000000,False,False,,False
Persicaria_longiseta_2.jpg,Persicaria longiseta,True,C,0.000000,Setaria parviflora,True,Setaria parviflora,0.000000,False,False,,False
Persicaria_longiseta_2.jpg,Persicaria longiseta,True,C-veto2,0.000000,Setaria parviflora,True,Setaria parviflora,0.000000,False,False,,False
Persicaria_longiseta_2.jpg,Persicaria longiseta,True,C-veto3,0.000000,Setaria parviflora,True,Setaria parviflora,0.000000,False,False,,False
Persicaria_longiseta_2.jpg,Persicaria longiseta,True,C-veto5,0.000000,Setaria parviflora,True,Setaria parviflora,0.000000,False,False,,False
Persicaria_longiseta_2.jpg,Persicaria longiseta,True,C-m0.01,0.010000,Setaria parviflora,True,Setaria parviflora,0.000000,False,False,,False
Persicaria_longiseta_2.jpg,Persicaria longiseta,True,C-m0.02,0.020000,Setaria parviflora,True,Setaria parviflora,0.000000,False,False,,False
Persicaria_longiseta_2.jpg,Persicaria longiseta,True,C-m0.03,0.030000,Setaria parviflora,True,Setaria parviflora,0.000000,False,False,,False
Persicaria_longiseta_2.jpg,Persicaria longiseta,True,C-m0.04,0.040000,Setaria parviflora,True,Setaria parviflora,0.000000,False,False,,False
Persicaria_longiseta_2.jpg,Persicaria longiseta,True,C-m0.05,0.050000,Setaria parviflora,True,Setaria parviflora,0.000000,False,False,,False
Persicaria_longiseta_2.jpg,Persicaria longiseta,True,C-m0.06,0.060000,Setaria parviflora,True,Setaria parviflora,0.000000,False,False,,False
Persicaria_longiseta_2.jpg,Persicaria longiseta,True,C-m0.08,0.080000,Setaria parviflora,True,Setaria parviflora,0.000000,False,False,,False
Persicaria_longiseta_2.jpg,Persicaria longiseta,True,C-m0.10,0.100000,Setaria parviflora,True,Setaria parviflora,0.000000,False,False,,False
Persicaria_longiseta_2.jpg,Persicaria longiseta,True,T,0.000000,Setaria parviflora,True,Setaria parviflora,0.000000,False,False,,False
Persicaria_longiseta_2.jpg,Persicaria longiseta,True,T-veto2,0.000000,Setaria parviflora,True,Setaria parviflora,0.000000,False,False,,False
Persicaria_longiseta_2.jpg,Persicaria longiseta,True,T-veto3,0.000000,Setaria parviflora,True,Setaria parviflora,0.000000,False,False,,False
Persicaria_longiseta_2.jpg,Persicaria longiseta,True,T-veto5,0.000000,Setaria parviflora,True,Setaria parviflora,0.000000,False,False,,False
Persicaria_longiseta_2.jpg,Persicaria longiseta,True,W,0.000000,Setaria parviflora,True,Setaria parviflora,0.000000,False,False,,False
Persicaria_longiseta_2.jpg,Persicaria longiseta,True,C-m*raw,0.047722,Setaria parviflora,True,Setaria parviflora,0.000000,False,False,,False
Persicaria_longiseta_2.jpg,Persicaria longiseta,True,C-m*hazard,0.047722,Setaria parviflora,True,Setaria parviflora,0.000000,False,False,,False
Phytolacca_americana_0.jpg,Phytolacca americana,True,A,0.000000,Callicarpa americana,False,,inf,True,True,Callicarpa americana,False
Phytolacca_americana_0.jpg,Phytolacca americana,True,B,0.000000,Phytolacca americana,True,Phytolacca americana,0.000000,True,False,,False
Phytolacca_americana_0.jpg,Phytolacca americana,True,C,0.000000,Phytolacca americana,True,Phytolacca americana,0.000000,True,False,,False
Phytolacca_americana_0.jpg,Phytolacca americana,True,C-veto2,0.000000,Phytolacca americana,True,Phytolacca americana,0.000000,True,False,,False
Phytolacca_americana_0.jpg,Phytolacca americana,True,C-veto3,0.000000,Phytolacca americana,True,Phytolacca americana,0.000000,True,False,,False
Phytolacca_americana_0.jpg,Phytolacca americana,True,C-veto5,0.000000,Phytolacca americana,True,Phytolacca americana,0.000000,True,False,,False
Phytolacca_americana_0.jpg,Phytolacca americana,True,C-m0.01,0.010000,Phytolacca americana,True,Phytolacca americana,0.000000,True,False,,False
Phytolacca_americana_0.jpg,Phytolacca americana,True,C-m0.02,0.020000,Phytolacca americana,True,Phytolacca americana,0.000000,True,False,,False
Phytolacca_americana_0.jpg,Phytolacca americana,True,C-m0.03,0.030000,Phytolacca americana,True,Phytolacca americana,0.000000,True,False,,False
Phytolacca_americana_0.jpg,Phytolacca americana,True,C-m0.04,0.040000,Phytolacca americana,True,Phytolacca americana,0.000000,True,False,,False
Phytolacca_americana_0.jpg,Phytolacca americana,True,C-m0.05,0.050000,Phytolacca americana,True,Phytolacca americana,0.000000,True,False,,False
Phytolacca_americana_0.jpg,Phytolacca americana,True,C-m0.06,0.060000,Phytolacca americana,True,Phytolacca americana,0.000000,True,False,,False
Phytolacca_americana_0.jpg,Phytolacca americana,True,C-m0.08,0.080000,Phytolacca americana,True,Phytolacca americana,0.000000,True,False,,False
Phytolacca_americana_0.jpg,Phytolacca americana,True,C-m0.10,0.100000,Phytolacca americana,True,Phytolacca americana,0.000000,True,False,,False
Phytolacca_americana_0.jpg,Phytolacca americana,True,T,0.000000,Phytolacca americana,True,Phytolacca americana,0.000000,True,False,,False
Phytolacca_americana_0.jpg,Phytolacca americana,True,T-veto2,0.000000,Phytolacca americana,True,Phytolacca americana,0.000000,True,False,,False
Phytolacca_americana_0.jpg,Phytolacca americana,True,T-veto3,0.000000,Phytolacca americana,True,Phytolacca americana,0.000000,True,False,,False
Phytolacca_americana_0.jpg,Phytolacca americana,True,T-veto5,0.000000,Phytolacca americana,True,Phytolacca americana,0.000000,True,False,,False
Phytolacca_americana_0.jpg,Phytolacca americana,True,W,0.000000,Phytolacca americana,True,Phytolacca americana,0.000000,True,False,,False
Phytolacca_americana_0.jpg,Phytolacca americana,True,C-m*raw,0.047722,Phytolacca americana,True,Phytolacca americana,0.000000,True,False,,False
Phytolacca_americana_0.jpg,Phytolacca americana,True,C-m*hazard,0.047722,Phytolacca americana,True,Phytolacca americana,0.000000,True,False,,False
Phytolacca_americana_1.jpg,Phytolacca americana,True,A,0.000000,Callicarpa americana,False,,inf,True,True,Callicarpa americana,False
Phytolacca_americana_1.jpg,Phytolacca americana,True,B,0.000000,Phytolacca americana,True,Phytolacca americana,0.000000,True,False,,False
Phytolacca_americana_1.jpg,Phytolacca americana,True,C,0.000000,Phytolacca americana,True,Phytolacca americana,0.000000,True,False,,False
Phytolacca_americana_1.jpg,Phytolacca americana,True,C-veto2,0.000000,Phytolacca americana,True,Phytolacca americana,0.000000,True,False,,False
Phytolacca_americana_1.jpg,Phytolacca americana,True,C-veto3,0.000000,Phytolacca americana,True,Phytolacca americana,0.000000,True,False,,False
Phytolacca_americana_1.jpg,Phytolacca americana,True,C-veto5,0.000000,Phytolacca americana,True,Phytolacca americana,0.000000,True,False,,False
Phytolacca_americana_1.jpg,Phytolacca americana,True,C-m0.01,0.010000,Phytolacca americana,True,Phytolacca americana,0.000000,True,False,,False
Phytolacca_americana_1.jpg,Phytolacca americana,True,C-m0.02,0.020000,Phytolacca americana,True,Phytolacca americana,0.000000,True,False,,False
Phytolacca_americana_1.jpg,Phytolacca americana,True,C-m0.03,0.030000,Phytolacca americana,True,Phytolacca americana,0.000000,True,False,,False
Phytolacca_americana_1.jpg,Phytolacca americana,True,C-m0.04,0.040000,Phytolacca americana,True,Phytolacca americana,0.000000,True,False,,False
Phytolacca_americana_1.jpg,Phytolacca americana,True,C-m0.05,0.050000,Phytolacca americana,True,Phytolacca americana,0.000000,True,False,,False
Phytolacca_americana_1.jpg,Phytolacca americana,True,C-m0.06,0.060000,Phytolacca americana,True,Phytolacca americana,0.000000,True,False,,False
Phytolacca_americana_1.jpg,Phytolacca americana,True,C-m0.08,0.080000,Phytolacca americana,True,Phytolacca americana,0.000000,True,False,,False
Phytolacca_americana_1.jpg,Phytolacca americana,True,C-m0.10,0.100000,Phytolacca americana,True,Phytolacca americana,0.000000,True,False,,False
Phytolacca_americana_1.jpg,Phytolacca americana,True,T,0.000000,Phytolacca americana,True,Phytolacca americana,0.000000,True,False,,False
Phytolacca_americana_1.jpg,Phytolacca americana,True,T-veto2,0.000000,Phytolacca americana,True,Phytolacca americana,0.000000,True,False,,False
Phytolacca_americana_1.jpg,Phytolacca americana,True,T-veto3,0.000000,Phytolacca americana,True,Phytolacca americana,0.000000,True,False,,False
Phytolacca_americana_1.jpg,Phytolacca americana,True,T-veto5,0.000000,Phytolacca americana,True,Phytolacca americana,0.000000,True,False,,False
Phytolacca_americana_1.jpg,Phytolacca americana,True,W,0.000000,Phytolacca americana,True,Phytolacca americana,0.000000,True,False,,False
Phytolacca_americana_1.jpg,Phytolacca americana,True,C-m*raw,0.047722,Phytolacca americana,True,Phytolacca americana,0.000000,True,False,,False
Phytolacca_americana_1.jpg,Phytolacca americana,True,C-m*hazard,0.047722,Phytolacca americana,True,Phytolacca americana,0.000000,True,False,,False
Phytolacca_americana_2.jpg,Phytolacca americana,True,A,0.000000,Callicarpa americana,False,,inf,False,True,Callicarpa americana,False
Phytolacca_americana_2.jpg,Phytolacca americana,True,B,0.000000,Phytolacca americana,True,Phytolacca americana,0.000000,False,False,,False
Phytolacca_americana_2.jpg,Phytolacca americana,True,C,0.000000,Phytolacca americana,True,Phytolacca americana,0.000000,False,False,,False
Phytolacca_americana_2.jpg,Phytolacca americana,True,C-veto2,0.000000,Phytolacca americana,True,Phytolacca americana,0.000000,False,False,,False
Phytolacca_americana_2.jpg,Phytolacca americana,True,C-veto3,0.000000,Phytolacca americana,True,Phytolacca americana,0.000000,False,False,,False
Phytolacca_americana_2.jpg,Phytolacca americana,True,C-veto5,0.000000,Phytolacca americana,True,Phytolacca americana,0.000000,False,False,,False
Phytolacca_americana_2.jpg,Phytolacca americana,True,C-m0.01,0.010000,Phytolacca americana,True,Phytolacca americana,0.000000,False,False,,False
Phytolacca_americana_2.jpg,Phytolacca americana,True,C-m0.02,0.020000,Phytolacca americana,True,Phytolacca americana,0.000000,False,False,,False
Phytolacca_americana_2.jpg,Phytolacca americana,True,C-m0.03,0.030000,Phytolacca americana,True,Phytolacca americana,0.000000,False,False,,False
Phytolacca_americana_2.jpg,Phytolacca americana,True,C-m0.04,0.040000,Phytolacca americana,True,Phytolacca americana,0.000000,False,False,,False
Phytolacca_americana_2.jpg,Phytolacca americana,True,C-m0.05,0.050000,Phytolacca americana,True,Phytolacca americana,0.000000,False,False,,False
Phytolacca_americana_2.jpg,Phytolacca americana,True,C-m0.06,0.060000,Phytolacca americana,True,Phytolacca americana,0.000000,False,False,,False
Phytolacca_americana_2.jpg,Phytolacca americana,True,C-m0.08,0.080000,Phytolacca americana,True,Phytolacca americana,0.000000,False,False,,False
Phytolacca_americana_2.jpg,Phytolacca americana,True,C-m0.10,0.100000,Phytolacca americana,True,Phytolacca americana,0.000000,False,False,,False
Phytolacca_americana_2.jpg,Phytolacca americana,True,T,0.000000,Phytolacca icosandra,True,Phytolacca icosandra,0.000000,False,False,,False
Phytolacca_americana_2.jpg,Phytolacca americana,True,T-veto2,0.000000,Phytolacca icosandra,True,Phytolacca icosandra,0.000000,False,False,,False
Phytolacca_americana_2.jpg,Phytolacca americana,True,T-veto3,0.000000,Phytolacca icosandra,True,Phytolacca icosandra,0.000000,False,False,,False
Phytolacca_americana_2.jpg,Phytolacca americana,True,T-veto5,0.000000,Phytolacca icosandra,True,Phytolacca icosandra,0.000000,False,False,,False
Phytolacca_americana_2.jpg,Phytolacca americana,True,W,0.000000,Fuchsia excorticata,False,Phytolacca icosandra,0.041770,False,False,,False
Phytolacca_americana_2.jpg,Phytolacca americana,True,C-m*raw,0.047722,Phytolacca americana,True,Phytolacca americana,0.000000,False,False,,False
Phytolacca_americana_2.jpg,Phytolacca americana,True,C-m*hazard,0.047722,Phytolacca americana,True,Phytolacca americana,0.000000,False,False,,False
Eupatorium_capillifolium_0.jpg,Eupatorium capillifolium,True,A,0.000000,Phyllanthus urinaria,False,,inf,False,True,Phyllanthus urinaria,False
Eupatorium_capillifolium_0.jpg,Eupatorium capillifolium,True,B,0.000000,Eupatorium capillifolium,True,Eupatorium capillifolium,0.000000,False,False,,False
Eupatorium_capillifolium_0.jpg,Eupatorium capillifolium,True,C,0.000000,Eupatorium capillifolium,True,Eupatorium capillifolium,0.000000,False,False,,False
Eupatorium_capillifolium_0.jpg,Eupatorium capillifolium,True,C-veto2,0.000000,Eupatorium capillifolium,True,Eupatorium capillifolium,0.000000,False,False,,False
Eupatorium_capillifolium_0.jpg,Eupatorium capillifolium,True,C-veto3,0.000000,Eupatorium capillifolium,True,Eupatorium capillifolium,0.000000,False,False,,False
Eupatorium_capillifolium_0.jpg,Eupatorium capillifolium,True,C-veto5,0.000000,Eupatorium capillifolium,True,Eupatorium capillifolium,0.000000,False,False,,False
Eupatorium_capillifolium_0.jpg,Eupatorium capillifolium,True,C-m0.01,0.010000,Eupatorium capillifolium,True,Eupatorium capillifolium,0.000000,False,False,,False
Eupatorium_capillifolium_0.jpg,Eupatorium capillifolium,True,C-m0.02,0.020000,Eupatorium capillifolium,True,Eupatorium capillifolium,0.000000,False,False,,False
Eupatorium_capillifolium_0.jpg,Eupatorium capillifolium,True,C-m0.03,0.030000,Eupatorium capillifolium,True,Eupatorium capillifolium,0.000000,False,False,,False
Eupatorium_capillifolium_0.jpg,Eupatorium capillifolium,True,C-m0.04,0.040000,Eupatorium capillifolium,True,Eupatorium capillifolium,0.000000,False,False,,False
Eupatorium_capillifolium_0.jpg,Eupatorium capillifolium,True,C-m0.05,0.050000,Eupatorium capillifolium,True,Eupatorium capillifolium,0.000000,False,False,,False
Eupatorium_capillifolium_0.jpg,Eupatorium capillifolium,True,C-m0.06,0.060000,Eupatorium capillifolium,True,Eupatorium capillifolium,0.000000,False,False,,False
Eupatorium_capillifolium_0.jpg,Eupatorium capillifolium,True,C-m0.08,0.080000,Eupatorium capillifolium,True,Eupatorium capillifolium,0.000000,False,False,,False
Eupatorium_capillifolium_0.jpg,Eupatorium capillifolium,True,C-m0.10,0.100000,Eupatorium capillifolium,True,Eupatorium capillifolium,0.000000,False,False,,False
Eupatorium_capillifolium_0.jpg,Eupatorium capillifolium,True,T,0.000000,Eupatorium capillifolium,True,Eupatorium capillifolium,0.000000,False,False,,False
Eupatorium_capillifolium_0.jpg,Eupatorium capillifolium,True,T-veto2,0.000000,Eupatorium capillifolium,True,Eupatorium capillifolium,0.000000,False,False,,False
Eupatorium_capillifolium_0.jpg,Eupatorium capillifolium,True,T-veto3,0.000000,Eupatorium capillifolium,True,Eupatorium capillifolium,0.000000,False,False,,False
Eupatorium_capillifolium_0.jpg,Eupatorium capillifolium,True,T-veto5,0.000000,Eupatorium capillifolium,True,Eupatorium capillifolium,0.000000,False,False,,False
Eupatorium_capillifolium_0.jpg,Eupatorium capillifolium,True,W,0.000000,Eupatorium capillifolium,True,Eupatorium capillifolium,0.000000,False,False,,False
Eupatorium_capillifolium_0.jpg,Eupatorium capillifolium,True,C-m*raw,0.047722,Eupatorium capillifolium,True,Eupatorium capillifolium,0.000000,False,False,,False
Eupatorium_capillifolium_0.jpg,Eupatorium capillifolium,True,C-m*hazard,0.047722,Eupatorium capillifolium,True,Eupatorium capillifolium,0.000000,False,False,,False
Eupatorium_capillifolium_1.jpg,Eupatorium capillifolium,True,A,0.000000,Erechtites hieraciifolius,False,,inf,False,True,Erechtites hieraciifolius,False
Eupatorium_capillifolium_1.jpg,Eupatorium capillifolium,True,B,0.000000,Eupatorium capillifolium,True,Eupatorium capillifolium,0.000000,False,False,,False
Eupatorium_capillifolium_1.jpg,Eupatorium capillifolium,True,C,0.000000,Eupatorium capillifolium,True,Eupatorium capillifolium,0.000000,False,False,,False
Eupatorium_capillifolium_1.jpg,Eupatorium capillifolium,True,C-veto2,0.000000,Eupatorium capillifolium,True,Eupatorium capillifolium,0.000000,False,False,,False
Eupatorium_capillifolium_1.jpg,Eupatorium capillifolium,True,C-veto3,0.000000,Eupatorium capillifolium,True,Eupatorium capillifolium,0.000000,False,False,,False
Eupatorium_capillifolium_1.jpg,Eupatorium capillifolium,True,C-veto5,0.000000,Eupatorium capillifolium,True,Eupatorium capillifolium,0.000000,False,False,,False
Eupatorium_capillifolium_1.jpg,Eupatorium capillifolium,True,C-m0.01,0.010000,Eupatorium capillifolium,True,Eupatorium capillifolium,0.000000,False,False,,False
Eupatorium_capillifolium_1.jpg,Eupatorium capillifolium,True,C-m0.02,0.020000,Eupatorium capillifolium,True,Eupatorium capillifolium,0.000000,False,False,,False
Eupatorium_capillifolium_1.jpg,Eupatorium capillifolium,True,C-m0.03,0.030000,Eupatorium capillifolium,True,Eupatorium capillifolium,0.000000,False,False,,False
Eupatorium_capillifolium_1.jpg,Eupatorium capillifolium,True,C-m0.04,0.040000,Eupatorium capillifolium,True,Eupatorium capillifolium,0.000000,False,False,,False
Eupatorium_capillifolium_1.jpg,Eupatorium capillifolium,True,C-m0.05,0.050000,Eupatorium capillifolium,True,Eupatorium capillifolium,0.000000,False,False,,False
Eupatorium_capillifolium_1.jpg,Eupatorium capillifolium,True,C-m0.06,0.060000,Eupatorium capillifolium,True,Eupatorium capillifolium,0.000000,False,False,,False
Eupatorium_capillifolium_1.jpg,Eupatorium capillifolium,True,C-m0.08,0.080000,Eupatorium capillifolium,True,Eupatorium capillifolium,0.000000,False,False,,False
Eupatorium_capillifolium_1.jpg,Eupatorium capillifolium,True,C-m0.10,0.100000,Eupatorium capillifolium,True,Eupatorium capillifolium,0.000000,False,False,,False
Eupatorium_capillifolium_1.jpg,Eupatorium capillifolium,True,T,0.000000,Eupatorium capillifolium,True,Eupatorium capillifolium,0.000000,False,False,,False
Eupatorium_capillifolium_1.jpg,Eupatorium capillifolium,True,T-veto2,0.000000,Eupatorium capillifolium,True,Eupatorium capillifolium,0.000000,False,False,,False
Eupatorium_capillifolium_1.jpg,Eupatorium capillifolium,True,T-veto3,0.000000,Eupatorium capillifolium,True,Eupatorium capillifolium,0.000000,False,False,,False
Eupatorium_capillifolium_1.jpg,Eupatorium capillifolium,True,T-veto5,0.000000,Eupatorium capillifolium,True,Eupatorium capillifolium,0.000000,False,False,,False
Eupatorium_capillifolium_1.jpg,Eupatorium capillifolium,True,W,0.000000,Lycopodium deuterodensum,False,Eupatorium capillifolium,0.023363,False,False,,False
Eupatorium_capillifolium_1.jpg,Eupatorium capillifolium,True,C-m*raw,0.047722,Eupatorium capillifolium,True,Eupatorium capillifolium,0.000000,False,False,,False
Eupatorium_capillifolium_1.jpg,Eupatorium capillifolium,True,C-m*hazard,0.047722,Eupatorium capillifolium,True,Eupatorium capillifolium,0.000000,False,False,,False
Eupatorium_capillifolium_2.jpg,Eupatorium capillifolium,True,A,0.000000,Conoclinium coelestinum,False,,inf,False,True,Conoclinium coelestinum,False
Eupatorium_capillifolium_2.jpg,Eupatorium capillifolium,True,B,0.000000,Eupatorium capillifolium,True,Eupatorium capillifolium,0.000000,False,False,,False
Eupatorium_capillifolium_2.jpg,Eupatorium capillifolium,True,C,0.000000,Eupatorium capillifolium,True,Eupatorium capillifolium,0.000000,False,False,,False
Eupatorium_capillifolium_2.jpg,Eupatorium capillifolium,True,C-veto2,0.000000,Eupatorium capillifolium,True,Eupatorium capillifolium,0.000000,False,False,,False
Eupatorium_capillifolium_2.jpg,Eupatorium capillifolium,True,C-veto3,0.000000,Eupatorium capillifolium,True,Eupatorium capillifolium,0.000000,False,False,,False
Eupatorium_capillifolium_2.jpg,Eupatorium capillifolium,True,C-veto5,0.000000,Eupatorium capillifolium,True,Eupatorium capillifolium,0.000000,False,False,,False
Eupatorium_capillifolium_2.jpg,Eupatorium capillifolium,True,C-m0.01,0.010000,Eupatorium capillifolium,True,Eupatorium capillifolium,0.000000,False,False,,False
Eupatorium_capillifolium_2.jpg,Eupatorium capillifolium,True,C-m0.02,0.020000,Eupatorium capillifolium,True,Eupatorium capillifolium,0.000000,False,False,,False
Eupatorium_capillifolium_2.jpg,Eupatorium capillifolium,True,C-m0.03,0.030000,Eupatorium capillifolium,True,Eupatorium capillifolium,0.000000,False,False,,False
Eupatorium_capillifolium_2.jpg,Eupatorium capillifolium,True,C-m0.04,0.040000,Eupatorium capillifolium,True,Eupatorium capillifolium,0.000000,False,False,,False
Eupatorium_capillifolium_2.jpg,Eupatorium capillifolium,True,C-m0.05,0.050000,Eupatorium capillifolium,True,Eupatorium capillifolium,0.000000,False,False,,False
Eupatorium_capillifolium_2.jpg,Eupatorium capillifolium,True,C-m0.06,0.060000,Eupatorium capillifolium,True,Eupatorium capillifolium,0.000000,False,False,,False
Eupatorium_capillifolium_2.jpg,Eupatorium capillifolium,True,C-m0.08,0.080000,Eupatorium capillifolium,True,Eupatorium capillifolium,0.000000,False,False,,False
Eupatorium_capillifolium_2.jpg,Eupatorium capillifolium,True,C-m0.10,0.100000,Eupatorium capillifolium,True,Eupatorium capillifolium,0.000000,False,False,,False
Eupatorium_capillifolium_2.jpg,Eupatorium capillifolium,True,T,0.000000,Eupatorium capillifolium,True,Eupatorium capillifolium,0.000000,False,False,,False
Eupatorium_capillifolium_2.jpg,Eupatorium capillifolium,True,T-veto2,0.000000,Eupatorium capillifolium,True,Eupatorium capillifolium,0.000000,False,False,,False
Eupatorium_capillifolium_2.jpg,Eupatorium capillifolium,True,T-veto3,0.000000,Eupatorium capillifolium,True,Eupatorium capillifolium,0.000000,False,False,,False
Eupatorium_capillifolium_2.jpg,Eupatorium capillifolium,True,T-veto5,0.000000,Eupatorium capillifolium,True,Eupatorium capillifolium,0.000000,False,False,,False
Eupatorium_capillifolium_2.jpg,Eupatorium capillifolium,True,W,0.000000,Eupatorium capillifolium,True,Eupatorium capillifolium,0.000000,False,False,,False
Eupatorium_capillifolium_2.jpg,Eupatorium capillifolium,True,C-m*raw,0.047722,Eupatorium capillifolium,True,Eupatorium capillifolium,0.000000,False,False,,False
Eupatorium_capillifolium_2.jpg,Eupatorium capillifolium,True,C-m*hazard,0.047722,Eupatorium capillifolium,True,Eupatorium capillifolium,0.000000,False,False,,False
Euonymus_americanus_0.jpg,Euonymus americanus,True,A,0.000000,Callicarpa americana,False,,inf,False,True,Callicarpa americana,False
Euonymus_americanus_0.jpg,Euonymus americanus,True,B,0.000000,Nandina domestica,True,Nandina domestica,0.000000,False,False,,False
Euonymus_americanus_0.jpg,Euonymus americanus,True,C,0.000000,Solanum pseudocapsicum,True,Solanum pseudocapsicum,0.000000,False,False,,False
Euonymus_americanus_0.jpg,Euonymus americanus,True,C-veto2,0.000000,Solanum pseudocapsicum,True,Solanum pseudocapsicum,0.000000,False,False,,False
Euonymus_americanus_0.jpg,Euonymus americanus,True,C-veto3,0.000000,Solanum pseudocapsicum,True,Solanum pseudocapsicum,0.000000,False,False,,False
Euonymus_americanus_0.jpg,Euonymus americanus,True,C-veto5,0.000000,Solanum pseudocapsicum,True,Solanum pseudocapsicum,0.000000,False,False,,False
Euonymus_americanus_0.jpg,Euonymus americanus,True,C-m0.01,0.010000,Solanum pseudocapsicum,True,Solanum pseudocapsicum,0.000000,False,False,,False
Euonymus_americanus_0.jpg,Euonymus americanus,True,C-m0.02,0.020000,Solanum pseudocapsicum,True,Solanum pseudocapsicum,0.000000,False,False,,False
Euonymus_americanus_0.jpg,Euonymus americanus,True,C-m0.03,0.030000,Solanum pseudocapsicum,True,Solanum pseudocapsicum,0.000000,False,False,,False
Euonymus_americanus_0.jpg,Euonymus americanus,True,C-m0.04,0.040000,Solanum pseudocapsicum,True,Solanum pseudocapsicum,0.000000,False,False,,False
Euonymus_americanus_0.jpg,Euonymus americanus,True,C-m0.05,0.050000,Solanum pseudocapsicum,True,Solanum pseudocapsicum,0.000000,False,False,,False
Euonymus_americanus_0.jpg,Euonymus americanus,True,C-m0.06,0.060000,Solanum pseudocapsicum,True,Solanum pseudocapsicum,0.000000,False,False,,False
Euonymus_americanus_0.jpg,Euonymus americanus,True,C-m0.08,0.080000,Solanum pseudocapsicum,True,Solanum pseudocapsicum,0.000000,False,False,,False
Euonymus_americanus_0.jpg,Euonymus americanus,True,C-m0.10,0.100000,Solanum pseudocapsicum,True,Solanum pseudocapsicum,0.000000,False,False,,False
Euonymus_americanus_0.jpg,Euonymus americanus,True,T,0.000000,Solanum pseudocapsicum,True,Solanum pseudocapsicum,0.000000,False,False,,False
Euonymus_americanus_0.jpg,Euonymus americanus,True,T-veto2,0.000000,Solanum pseudocapsicum,True,Solanum pseudocapsicum,0.000000,False,False,,False
Euonymus_americanus_0.jpg,Euonymus americanus,True,T-veto3,0.000000,Solanum pseudocapsicum,True,Solanum pseudocapsicum,0.000000,False,False,,False
Euonymus_americanus_0.jpg,Euonymus americanus,True,T-veto5,0.000000,Solanum pseudocapsicum,True,Solanum pseudocapsicum,0.000000,False,False,,False
Euonymus_americanus_0.jpg,Euonymus americanus,True,W,0.000000,Solanum pseudocapsicum,True,Solanum pseudocapsicum,0.000000,False,False,,False
Euonymus_americanus_0.jpg,Euonymus americanus,True,C-m*raw,0.047722,Solanum pseudocapsicum,True,Solanum pseudocapsicum,0.000000,False,False,,False
Euonymus_americanus_0.jpg,Euonymus americanus,True,C-m*hazard,0.047722,Solanum pseudocapsicum,True,Solanum pseudocapsicum,0.000000,False,False,,False
Euonymus_americanus_1.jpg,Euonymus americanus,True,A,0.000000,Callicarpa americana,False,,inf,False,True,Callicarpa americana,False
Euonymus_americanus_1.jpg,Euonymus americanus,True,B,0.000000,Euonymus americanus,True,Euonymus americanus,0.000000,False,False,,False
Euonymus_americanus_1.jpg,Euonymus americanus,True,C,0.000000,Euonymus americanus,True,Euonymus americanus,0.000000,False,False,,False
Euonymus_americanus_1.jpg,Euonymus americanus,True,C-veto2,0.000000,Euonymus americanus,True,Euonymus americanus,0.000000,False,False,,False
Euonymus_americanus_1.jpg,Euonymus americanus,True,C-veto3,0.000000,Euonymus americanus,True,Euonymus americanus,0.000000,False,False,,False
Euonymus_americanus_1.jpg,Euonymus americanus,True,C-veto5,0.000000,Euonymus americanus,True,Euonymus americanus,0.000000,False,False,,False
Euonymus_americanus_1.jpg,Euonymus americanus,True,C-m0.01,0.010000,Euonymus americanus,True,Euonymus americanus,0.000000,False,False,,False
Euonymus_americanus_1.jpg,Euonymus americanus,True,C-m0.02,0.020000,Euonymus americanus,True,Euonymus americanus,0.000000,False,False,,False
Euonymus_americanus_1.jpg,Euonymus americanus,True,C-m0.03,0.030000,Euonymus americanus,True,Euonymus americanus,0.000000,False,False,,False
Euonymus_americanus_1.jpg,Euonymus americanus,True,C-m0.04,0.040000,Euonymus americanus,True,Euonymus americanus,0.000000,False,False,,False
Euonymus_americanus_1.jpg,Euonymus americanus,True,C-m0.05,0.050000,Euonymus americanus,True,Euonymus americanus,0.000000,False,False,,False
Euonymus_americanus_1.jpg,Euonymus americanus,True,C-m0.06,0.060000,Euonymus americanus,True,Euonymus americanus,0.000000,False,False,,False
Euonymus_americanus_1.jpg,Euonymus americanus,True,C-m0.08,0.080000,Euonymus americanus,True,Euonymus americanus,0.000000,False,False,,False
Euonymus_americanus_1.jpg,Euonymus americanus,True,C-m0.10,0.100000,Euonymus americanus,True,Euonymus americanus,0.000000,False,False,,False
Euonymus_americanus_1.jpg,Euonymus americanus,True,T,0.000000,Euonymus americanus,True,Euonymus americanus,0.000000,False,False,,False
Euonymus_americanus_1.jpg,Euonymus americanus,True,T-veto2,0.000000,Euonymus americanus,True,Euonymus americanus,0.000000,False,False,,False
Euonymus_americanus_1.jpg,Euonymus americanus,True,T-veto3,0.000000,Euonymus americanus,True,Euonymus americanus,0.000000,False,False,,False
Euonymus_americanus_1.jpg,Euonymus americanus,True,T-veto5,0.000000,Euonymus americanus,True,Euonymus americanus,0.000000,False,False,,False
Euonymus_americanus_1.jpg,Euonymus americanus,True,W,0.000000,Euonymus americanus,True,Euonymus americanus,0.000000,False,False,,False
Euonymus_americanus_1.jpg,Euonymus americanus,True,C-m*raw,0.047722,Euonymus americanus,True,Euonymus americanus,0.000000,False,False,,False
Euonymus_americanus_1.jpg,Euonymus americanus,True,C-m*hazard,0.047722,Euonymus americanus,True,Euonymus americanus,0.000000,False,False,,False
Euonymus_americanus_2.jpg,Euonymus americanus,True,A,0.000000,Chimaphila maculata,False,,inf,False,True,Chimaphila maculata,False
Euonymus_americanus_2.jpg,Euonymus americanus,True,B,0.000000,Euonymus americanus,True,Euonymus americanus,0.000000,False,False,,False
Euonymus_americanus_2.jpg,Euonymus americanus,True,C,0.000000,Euonymus americanus,True,Euonymus americanus,0.000000,False,False,,False
Euonymus_americanus_2.jpg,Euonymus americanus,True,C-veto2,0.000000,Euonymus americanus,True,Euonymus americanus,0.000000,False,False,,False
Euonymus_americanus_2.jpg,Euonymus americanus,True,C-veto3,0.000000,Euonymus americanus,True,Euonymus americanus,0.000000,False,False,,False
Euonymus_americanus_2.jpg,Euonymus americanus,True,C-veto5,0.000000,Euonymus americanus,True,Euonymus americanus,0.000000,False,False,,False
Euonymus_americanus_2.jpg,Euonymus americanus,True,C-m0.01,0.010000,Euonymus americanus,True,Euonymus americanus,0.000000,False,False,,False
Euonymus_americanus_2.jpg,Euonymus americanus,True,C-m0.02,0.020000,Euonymus americanus,True,Euonymus americanus,0.000000,False,False,,False
Euonymus_americanus_2.jpg,Euonymus americanus,True,C-m0.03,0.030000,Euonymus americanus,True,Euonymus americanus,0.000000,False,False,,False
Euonymus_americanus_2.jpg,Euonymus americanus,True,C-m0.04,0.040000,Euonymus americanus,True,Euonymus americanus,0.000000,False,False,,False
Euonymus_americanus_2.jpg,Euonymus americanus,True,C-m0.05,0.050000,Euonymus americanus,True,Euonymus americanus,0.000000,False,False,,False
Euonymus_americanus_2.jpg,Euonymus americanus,True,C-m0.06,0.060000,Euonymus americanus,True,Euonymus americanus,0.000000,False,False,,False
Euonymus_americanus_2.jpg,Euonymus americanus,True,C-m0.08,0.080000,Euonymus americanus,True,Euonymus americanus,0.000000,False,False,,False
Euonymus_americanus_2.jpg,Euonymus americanus,True,C-m0.10,0.100000,Euonymus americanus,True,Euonymus americanus,0.000000,False,False,,False
Euonymus_americanus_2.jpg,Euonymus americanus,True,T,0.000000,Euonymus americanus,True,Euonymus americanus,0.000000,False,False,,False
Euonymus_americanus_2.jpg,Euonymus americanus,True,T-veto2,0.000000,Euonymus americanus,True,Euonymus americanus,0.000000,False,False,,False
Euonymus_americanus_2.jpg,Euonymus americanus,True,T-veto3,0.000000,Euonymus americanus,True,Euonymus americanus,0.000000,False,False,,False
Euonymus_americanus_2.jpg,Euonymus americanus,True,T-veto5,0.000000,Euonymus americanus,True,Euonymus americanus,0.000000,False,False,,False
Euonymus_americanus_2.jpg,Euonymus americanus,True,W,0.000000,Euonymus americanus,True,Euonymus americanus,0.000000,False,False,,False
Euonymus_americanus_2.jpg,Euonymus americanus,True,C-m*raw,0.047722,Euonymus americanus,True,Euonymus americanus,0.000000,False,False,,False
Euonymus_americanus_2.jpg,Euonymus americanus,True,C-m*hazard,0.047722,Euonymus americanus,True,Euonymus americanus,0.000000,False,False,,False
Lonicera_maackii_0.jpg,Lonicera maackii,True,A,0.000000,Callicarpa americana,False,,inf,False,True,Callicarpa americana,False
Lonicera_maackii_0.jpg,Lonicera maackii,True,B,0.000000,Lonicera maackii,True,Lonicera maackii,0.000000,False,False,,False
Lonicera_maackii_0.jpg,Lonicera maackii,True,C,0.000000,Lonicera maackii,True,Lonicera maackii,0.000000,False,False,,False
Lonicera_maackii_0.jpg,Lonicera maackii,True,C-veto2,0.000000,Lonicera maackii,True,Lonicera maackii,0.000000,False,False,,False
Lonicera_maackii_0.jpg,Lonicera maackii,True,C-veto3,0.000000,Lonicera maackii,True,Lonicera maackii,0.000000,False,False,,False
Lonicera_maackii_0.jpg,Lonicera maackii,True,C-veto5,0.000000,Lonicera maackii,True,Lonicera maackii,0.000000,False,False,,False
Lonicera_maackii_0.jpg,Lonicera maackii,True,C-m0.01,0.010000,Lonicera maackii,True,Lonicera maackii,0.000000,False,False,,False
Lonicera_maackii_0.jpg,Lonicera maackii,True,C-m0.02,0.020000,Lonicera maackii,True,Lonicera maackii,0.000000,False,False,,False
Lonicera_maackii_0.jpg,Lonicera maackii,True,C-m0.03,0.030000,Lonicera maackii,True,Lonicera maackii,0.000000,False,False,,False
Lonicera_maackii_0.jpg,Lonicera maackii,True,C-m0.04,0.040000,Lonicera maackii,True,Lonicera maackii,0.000000,False,False,,False
Lonicera_maackii_0.jpg,Lonicera maackii,True,C-m0.05,0.050000,Lonicera maackii,True,Lonicera maackii,0.000000,False,False,,False
Lonicera_maackii_0.jpg,Lonicera maackii,True,C-m0.06,0.060000,Lonicera maackii,True,Lonicera maackii,0.000000,False,False,,False
Lonicera_maackii_0.jpg,Lonicera maackii,True,C-m0.08,0.080000,Lonicera maackii,True,Lonicera maackii,0.000000,False,False,,False
Lonicera_maackii_0.jpg,Lonicera maackii,True,C-m0.10,0.100000,Lonicera maackii,True,Lonicera maackii,0.000000,False,False,,False
Lonicera_maackii_0.jpg,Lonicera maackii,True,T,0.000000,Lonicera maackii,True,Lonicera maackii,0.000000,False,False,,False
Lonicera_maackii_0.jpg,Lonicera maackii,True,T-veto2,0.000000,Lonicera maackii,True,Lonicera maackii,0.000000,False,False,,False
Lonicera_maackii_0.jpg,Lonicera maackii,True,T-veto3,0.000000,Lonicera maackii,True,Lonicera maackii,0.000000,False,False,,False
Lonicera_maackii_0.jpg,Lonicera maackii,True,T-veto5,0.000000,Lonicera maackii,True,Lonicera maackii,0.000000,False,False,,False
Lonicera_maackii_0.jpg,Lonicera maackii,True,W,0.000000,Lonicera maackii,True,Lonicera maackii,0.000000,False,False,,False
Lonicera_maackii_0.jpg,Lonicera maackii,True,C-m*raw,0.047722,Lonicera maackii,True,Lonicera maackii,0.000000,False,False,,False
Lonicera_maackii_0.jpg,Lonicera maackii,True,C-m*hazard,0.047722,Lonicera maackii,True,Lonicera maackii,0.000000,False,False,,False
Lonicera_maackii_1.jpg,Lonicera maackii,True,A,0.000000,Callicarpa americana,False,,inf,False,True,Callicarpa americana,False
Lonicera_maackii_1.jpg,Lonicera maackii,True,B,0.000000,Lonicera maackii,True,Lonicera maackii,0.000000,False,False,,False
Lonicera_maackii_1.jpg,Lonicera maackii,True,C,0.000000,Lonicera maackii,True,Lonicera maackii,0.000000,False,False,,False
Lonicera_maackii_1.jpg,Lonicera maackii,True,C-veto2,0.000000,Lonicera maackii,True,Lonicera maackii,0.000000,False,False,,False
Lonicera_maackii_1.jpg,Lonicera maackii,True,C-veto3,0.000000,Lonicera maackii,True,Lonicera maackii,0.000000,False,False,,False
Lonicera_maackii_1.jpg,Lonicera maackii,True,C-veto5,0.000000,Lonicera maackii,True,Lonicera maackii,0.000000,False,False,,False
Lonicera_maackii_1.jpg,Lonicera maackii,True,C-m0.01,0.010000,Lonicera maackii,True,Lonicera maackii,0.000000,False,False,,False
Lonicera_maackii_1.jpg,Lonicera maackii,True,C-m0.02,0.020000,Lonicera maackii,True,Lonicera maackii,0.000000,False,False,,False
Lonicera_maackii_1.jpg,Lonicera maackii,True,C-m0.03,0.030000,Lonicera maackii,True,Lonicera maackii,0.000000,False,False,,False
Lonicera_maackii_1.jpg,Lonicera maackii,True,C-m0.04,0.040000,Lonicera maackii,True,Lonicera maackii,0.000000,False,False,,False
Lonicera_maackii_1.jpg,Lonicera maackii,True,C-m0.05,0.050000,Lonicera maackii,True,Lonicera maackii,0.000000,False,False,,False
Lonicera_maackii_1.jpg,Lonicera maackii,True,C-m0.06,0.060000,Lonicera maackii,True,Lonicera maackii,0.000000,False,False,,False
Lonicera_maackii_1.jpg,Lonicera maackii,True,C-m0.08,0.080000,Lonicera maackii,True,Lonicera maackii,0.000000,False,False,,False
Lonicera_maackii_1.jpg,Lonicera maackii,True,C-m0.10,0.100000,Lonicera maackii,True,Lonicera maackii,0.000000,False,False,,False
Lonicera_maackii_1.jpg,Lonicera maackii,True,T,0.000000,Lonicera maackii,True,Lonicera maackii,0.000000,False,False,,False
Lonicera_maackii_1.jpg,Lonicera maackii,True,T-veto2,0.000000,Lonicera maackii,True,Lonicera maackii,0.000000,False,False,,False
Lonicera_maackii_1.jpg,Lonicera maackii,True,T-veto3,0.000000,Lonicera maackii,True,Lonicera maackii,0.000000,False,False,,False
Lonicera_maackii_1.jpg,Lonicera maackii,True,T-veto5,0.000000,Lonicera maackii,True,Lonicera maackii,0.000000,False,False,,False
Lonicera_maackii_1.jpg,Lonicera maackii,True,W,0.000000,Lonicera maackii,True,Lonicera maackii,0.000000,False,False,,False
Lonicera_maackii_1.jpg,Lonicera maackii,True,C-m*raw,0.047722,Lonicera maackii,True,Lonicera maackii,0.000000,False,False,,False
Lonicera_maackii_1.jpg,Lonicera maackii,True,C-m*hazard,0.047722,Lonicera maackii,True,Lonicera maackii,0.000000,False,False,,False
Lonicera_maackii_2.jpg,Lonicera maackii,True,A,0.000000,Callicarpa americana,False,,inf,False,True,Callicarpa americana,False
Lonicera_maackii_2.jpg,Lonicera maackii,True,B,0.000000,Lonicera maackii,True,Lonicera maackii,0.000000,False,False,,False
Lonicera_maackii_2.jpg,Lonicera maackii,True,C,0.000000,Lonicera maackii,True,Lonicera maackii,0.000000,False,False,,False
Lonicera_maackii_2.jpg,Lonicera maackii,True,C-veto2,0.000000,Lonicera maackii,True,Lonicera maackii,0.000000,False,False,,False
Lonicera_maackii_2.jpg,Lonicera maackii,True,C-veto3,0.000000,Lonicera maackii,True,Lonicera maackii,0.000000,False,False,,False
Lonicera_maackii_2.jpg,Lonicera maackii,True,C-veto5,0.000000,Lonicera maackii,True,Lonicera maackii,0.000000,False,False,,False
Lonicera_maackii_2.jpg,Lonicera maackii,True,C-m0.01,0.010000,Lonicera maackii,True,Lonicera maackii,0.000000,False,False,,False
Lonicera_maackii_2.jpg,Lonicera maackii,True,C-m0.02,0.020000,Lonicera maackii,True,Lonicera maackii,0.000000,False,False,,False
Lonicera_maackii_2.jpg,Lonicera maackii,True,C-m0.03,0.030000,Lonicera maackii,True,Lonicera maackii,0.000000,False,False,,False
Lonicera_maackii_2.jpg,Lonicera maackii,True,C-m0.04,0.040000,Lonicera maackii,True,Lonicera maackii,0.000000,False,False,,False
Lonicera_maackii_2.jpg,Lonicera maackii,True,C-m0.05,0.050000,Lonicera maackii,True,Lonicera maackii,0.000000,False,False,,False
Lonicera_maackii_2.jpg,Lonicera maackii,True,C-m0.06,0.060000,Lonicera maackii,True,Lonicera maackii,0.000000,False,False,,False
Lonicera_maackii_2.jpg,Lonicera maackii,True,C-m0.08,0.080000,Lonicera maackii,True,Lonicera maackii,0.000000,False,False,,False
Lonicera_maackii_2.jpg,Lonicera maackii,True,C-m0.10,0.100000,Lonicera maackii,True,Lonicera maackii,0.000000,False,False,,False
Lonicera_maackii_2.jpg,Lonicera maackii,True,T,0.000000,Lonicera maackii,True,Lonicera maackii,0.000000,False,False,,False
Lonicera_maackii_2.jpg,Lonicera maackii,True,T-veto2,0.000000,Lonicera maackii,True,Lonicera maackii,0.000000,False,False,,False
Lonicera_maackii_2.jpg,Lonicera maackii,True,T-veto3,0.000000,Lonicera maackii,True,Lonicera maackii,0.000000,False,False,,False
Lonicera_maackii_2.jpg,Lonicera maackii,True,T-veto5,0.000000,Lonicera maackii,True,Lonicera maackii,0.000000,False,False,,False
Lonicera_maackii_2.jpg,Lonicera maackii,True,W,0.000000,Lonicera maackii,True,Lonicera maackii,0.000000,False,False,,False
Lonicera_maackii_2.jpg,Lonicera maackii,True,C-m*raw,0.047722,Lonicera maackii,True,Lonicera maackii,0.000000,False,False,,False
Lonicera_maackii_2.jpg,Lonicera maackii,True,C-m*hazard,0.047722,Lonicera maackii,True,Lonicera maackii,0.000000,False,False,,False
Eupatorium_serotinum_0.jpg,Eupatorium serotinum,True,A,0.000000,Conoclinium coelestinum,False,,inf,False,True,Conoclinium coelestinum,False
Eupatorium_serotinum_0.jpg,Eupatorium serotinum,True,B,0.000000,Eupatorium serotinum,True,Eupatorium serotinum,0.000000,False,False,,False
Eupatorium_serotinum_0.jpg,Eupatorium serotinum,True,C,0.000000,Daucus carota,True,Daucus carota,0.000000,False,False,,False
Eupatorium_serotinum_0.jpg,Eupatorium serotinum,True,C-veto2,0.000000,Daucus carota,True,Daucus carota,0.000000,False,False,,False
Eupatorium_serotinum_0.jpg,Eupatorium serotinum,True,C-veto3,0.000000,Daucus carota,True,Daucus carota,0.000000,False,False,,False
Eupatorium_serotinum_0.jpg,Eupatorium serotinum,True,C-veto5,0.000000,Daucus carota,True,Daucus carota,0.000000,False,False,,False
Eupatorium_serotinum_0.jpg,Eupatorium serotinum,True,C-m0.01,0.010000,Daucus carota,True,Daucus carota,0.000000,False,False,,False
Eupatorium_serotinum_0.jpg,Eupatorium serotinum,True,C-m0.02,0.020000,Daucus carota,True,Daucus carota,0.000000,False,False,,False
Eupatorium_serotinum_0.jpg,Eupatorium serotinum,True,C-m0.03,0.030000,Daucus carota,True,Daucus carota,0.000000,False,False,,False
Eupatorium_serotinum_0.jpg,Eupatorium serotinum,True,C-m0.04,0.040000,Daucus carota,True,Daucus carota,0.000000,False,False,,False
Eupatorium_serotinum_0.jpg,Eupatorium serotinum,True,C-m0.05,0.050000,Daucus carota,True,Daucus carota,0.000000,False,False,,False
Eupatorium_serotinum_0.jpg,Eupatorium serotinum,True,C-m0.06,0.060000,Daucus carota,True,Daucus carota,0.000000,False,False,,False
Eupatorium_serotinum_0.jpg,Eupatorium serotinum,True,C-m0.08,0.080000,Daucus carota,True,Daucus carota,0.000000,False,False,,False
Eupatorium_serotinum_0.jpg,Eupatorium serotinum,True,C-m0.10,0.100000,Daucus carota,True,Daucus carota,0.000000,False,False,,False
Eupatorium_serotinum_0.jpg,Eupatorium serotinum,True,T,0.000000,Valeriana officinalis,True,Valeriana officinalis,0.000000,False,False,,False
Eupatorium_serotinum_0.jpg,Eupatorium serotinum,True,T-veto2,0.000000,Valeriana officinalis,True,Valeriana officinalis,0.000000,False,False,,False
Eupatorium_serotinum_0.jpg,Eupatorium serotinum,True,T-veto3,0.000000,Valeriana officinalis,True,Valeriana officinalis,0.000000,False,False,,False
Eupatorium_serotinum_0.jpg,Eupatorium serotinum,True,T-veto5,0.000000,Valeriana officinalis,True,Valeriana officinalis,0.000000,False,False,,False
Eupatorium_serotinum_0.jpg,Eupatorium serotinum,True,W,0.000000,Valeriana officinalis,True,Valeriana officinalis,0.000000,False,False,,False
Eupatorium_serotinum_0.jpg,Eupatorium serotinum,True,C-m*raw,0.047722,Daucus carota,True,Daucus carota,0.000000,False,False,,False
Eupatorium_serotinum_0.jpg,Eupatorium serotinum,True,C-m*hazard,0.047722,Daucus carota,True,Daucus carota,0.000000,False,False,,False
Eupatorium_serotinum_1.jpg,Eupatorium serotinum,True,A,0.000000,Erechtites hieraciifolius,False,,inf,False,True,Erechtites hieraciifolius,False
Eupatorium_serotinum_1.jpg,Eupatorium serotinum,True,B,0.000000,Eupatorium serotinum,True,Eupatorium serotinum,0.000000,False,False,,False
Eupatorium_serotinum_1.jpg,Eupatorium serotinum,True,C,0.000000,Eupatorium serotinum,True,Eupatorium serotinum,0.000000,False,False,,False
Eupatorium_serotinum_1.jpg,Eupatorium serotinum,True,C-veto2,0.000000,Eupatorium serotinum,True,Eupatorium serotinum,0.000000,False,False,,False
Eupatorium_serotinum_1.jpg,Eupatorium serotinum,True,C-veto3,0.000000,Eupatorium serotinum,True,Eupatorium serotinum,0.000000,False,False,,False
Eupatorium_serotinum_1.jpg,Eupatorium serotinum,True,C-veto5,0.000000,Eupatorium serotinum,True,Eupatorium serotinum,0.000000,False,False,,False
Eupatorium_serotinum_1.jpg,Eupatorium serotinum,True,C-m0.01,0.010000,Eupatorium serotinum,True,Eupatorium serotinum,0.000000,False,False,,False
Eupatorium_serotinum_1.jpg,Eupatorium serotinum,True,C-m0.02,0.020000,Eupatorium serotinum,True,Eupatorium serotinum,0.000000,False,False,,False
Eupatorium_serotinum_1.jpg,Eupatorium serotinum,True,C-m0.03,0.030000,Eupatorium serotinum,True,Eupatorium serotinum,0.000000,False,False,,False
Eupatorium_serotinum_1.jpg,Eupatorium serotinum,True,C-m0.04,0.040000,Eupatorium serotinum,True,Eupatorium serotinum,0.000000,False,False,,False
Eupatorium_serotinum_1.jpg,Eupatorium serotinum,True,C-m0.05,0.050000,Eupatorium serotinum,True,Eupatorium serotinum,0.000000,False,False,,False
Eupatorium_serotinum_1.jpg,Eupatorium serotinum,True,C-m0.06,0.060000,Eupatorium serotinum,True,Eupatorium serotinum,0.000000,False,False,,False
Eupatorium_serotinum_1.jpg,Eupatorium serotinum,True,C-m0.08,0.080000,Eupatorium serotinum,True,Eupatorium serotinum,0.000000,False,False,,False
Eupatorium_serotinum_1.jpg,Eupatorium serotinum,True,C-m0.10,0.100000,Eupatorium serotinum,True,Eupatorium serotinum,0.000000,False,False,,False
Eupatorium_serotinum_1.jpg,Eupatorium serotinum,True,T,0.000000,Eupatorium serotinum,True,Eupatorium serotinum,0.000000,False,False,,False
Eupatorium_serotinum_1.jpg,Eupatorium serotinum,True,T-veto2,0.000000,Eupatorium serotinum,True,Eupatorium serotinum,0.000000,False,False,,False
Eupatorium_serotinum_1.jpg,Eupatorium serotinum,True,T-veto3,0.000000,Eupatorium serotinum,True,Eupatorium serotinum,0.000000,False,False,,False
Eupatorium_serotinum_1.jpg,Eupatorium serotinum,True,T-veto5,0.000000,Eupatorium serotinum,True,Eupatorium serotinum,0.000000,False,False,,False
Eupatorium_serotinum_1.jpg,Eupatorium serotinum,True,W,0.000000,Eupatorium serotinum,True,Eupatorium serotinum,0.000000,False,False,,False
Eupatorium_serotinum_1.jpg,Eupatorium serotinum,True,C-m*raw,0.047722,Eupatorium serotinum,True,Eupatorium serotinum,0.000000,False,False,,False
Eupatorium_serotinum_1.jpg,Eupatorium serotinum,True,C-m*hazard,0.047722,Eupatorium serotinum,True,Eupatorium serotinum,0.000000,False,False,,False
Eupatorium_serotinum_2.jpg,Eupatorium serotinum,True,A,0.000000,Solidago altissima,False,,inf,False,True,Solidago altissima,False
Eupatorium_serotinum_2.jpg,Eupatorium serotinum,True,B,0.000000,Eupatorium serotinum,True,Eupatorium serotinum,0.000000,False,False,,False
Eupatorium_serotinum_2.jpg,Eupatorium serotinum,True,C,0.000000,Brickellia eupatorioides,True,Brickellia eupatorioides,0.000000,False,False,,False
Eupatorium_serotinum_2.jpg,Eupatorium serotinum,True,C-veto2,0.000000,Brickellia eupatorioides,True,Brickellia eupatorioides,0.000000,False,False,,False
Eupatorium_serotinum_2.jpg,Eupatorium serotinum,True,C-veto3,0.000000,Brickellia eupatorioides,True,Brickellia eupatorioides,0.000000,False,False,,False
Eupatorium_serotinum_2.jpg,Eupatorium serotinum,True,C-veto5,0.000000,Brickellia eupatorioides,True,Brickellia eupatorioides,0.000000,False,False,,False
Eupatorium_serotinum_2.jpg,Eupatorium serotinum,True,C-m0.01,0.010000,Brickellia eupatorioides,True,Brickellia eupatorioides,0.000000,False,False,,False
Eupatorium_serotinum_2.jpg,Eupatorium serotinum,True,C-m0.02,0.020000,Brickellia eupatorioides,True,Brickellia eupatorioides,0.000000,False,False,,False
Eupatorium_serotinum_2.jpg,Eupatorium serotinum,True,C-m0.03,0.030000,Brickellia eupatorioides,True,Brickellia eupatorioides,0.000000,False,False,,False
Eupatorium_serotinum_2.jpg,Eupatorium serotinum,True,C-m0.04,0.040000,Brickellia eupatorioides,True,Brickellia eupatorioides,0.000000,False,False,,False
Eupatorium_serotinum_2.jpg,Eupatorium serotinum,True,C-m0.05,0.050000,Brickellia eupatorioides,True,Brickellia eupatorioides,0.000000,False,False,,False
Eupatorium_serotinum_2.jpg,Eupatorium serotinum,True,C-m0.06,0.060000,Brickellia eupatorioides,True,Brickellia eupatorioides,0.000000,False,False,,False
Eupatorium_serotinum_2.jpg,Eupatorium serotinum,True,C-m0.08,0.080000,Brickellia eupatorioides,True,Brickellia eupatorioides,0.000000,False,False,,False
Eupatorium_serotinum_2.jpg,Eupatorium serotinum,True,C-m0.10,0.100000,Brickellia eupatorioides,True,Brickellia eupatorioides,0.000000,False,False,,False
Eupatorium_serotinum_2.jpg,Eupatorium serotinum,True,T,0.000000,Brickellia eupatorioides,True,Brickellia eupatorioides,0.000000,False,False,,False
Eupatorium_serotinum_2.jpg,Eupatorium serotinum,True,T-veto2,0.000000,Brickellia eupatorioides,True,Brickellia eupatorioides,0.000000,False,False,,False
Eupatorium_serotinum_2.jpg,Eupatorium serotinum,True,T-veto3,0.000000,Brickellia eupatorioides,True,Brickellia eupatorioides,0.000000,False,False,,False
Eupatorium_serotinum_2.jpg,Eupatorium serotinum,True,T-veto5,0.000000,Brickellia eupatorioides,True,Brickellia eupatorioides,0.000000,False,False,,False
Eupatorium_serotinum_2.jpg,Eupatorium serotinum,True,W,0.000000,Eupatorium altissimum,False,Brickellia eupatorioides,0.030093,False,False,,False
Eupatorium_serotinum_2.jpg,Eupatorium serotinum,True,C-m*raw,0.047722,Brickellia eupatorioides,True,Brickellia eupatorioides,0.000000,False,False,,False
Eupatorium_serotinum_2.jpg,Eupatorium serotinum,True,C-m*hazard,0.047722,Brickellia eupatorioides,True,Brickellia eupatorioides,0.000000,False,False,,False
Ligustrum_sinense_0.jpg,Ligustrum sinense,True,A,0.000000,Diospyros virginiana,False,,inf,False,True,Diospyros virginiana,False
Ligustrum_sinense_0.jpg,Ligustrum sinense,True,B,0.000000,Ligustrum sinense,True,Ligustrum sinense,0.000000,False,False,,False
Ligustrum_sinense_0.jpg,Ligustrum sinense,True,C,0.000000,Ligustrum sinense,True,Ligustrum sinense,0.000000,False,False,,False
Ligustrum_sinense_0.jpg,Ligustrum sinense,True,C-veto2,0.000000,Ligustrum sinense,True,Ligustrum sinense,0.000000,False,False,,False
Ligustrum_sinense_0.jpg,Ligustrum sinense,True,C-veto3,0.000000,Ligustrum sinense,True,Ligustrum sinense,0.000000,False,False,,False
Ligustrum_sinense_0.jpg,Ligustrum sinense,True,C-veto5,0.000000,Ligustrum sinense,True,Ligustrum sinense,0.000000,False,False,,False
Ligustrum_sinense_0.jpg,Ligustrum sinense,True,C-m0.01,0.010000,Ligustrum sinense,True,Ligustrum sinense,0.000000,False,False,,False
Ligustrum_sinense_0.jpg,Ligustrum sinense,True,C-m0.02,0.020000,Ligustrum sinense,True,Ligustrum sinense,0.000000,False,False,,False
Ligustrum_sinense_0.jpg,Ligustrum sinense,True,C-m0.03,0.030000,Ligustrum sinense,True,Ligustrum sinense,0.000000,False,False,,False
Ligustrum_sinense_0.jpg,Ligustrum sinense,True,C-m0.04,0.040000,Ligustrum sinense,True,Ligustrum sinense,0.000000,False,False,,False
Ligustrum_sinense_0.jpg,Ligustrum sinense,True,C-m0.05,0.050000,Ligustrum sinense,True,Ligustrum sinense,0.000000,False,False,,False
Ligustrum_sinense_0.jpg,Ligustrum sinense,True,C-m0.06,0.060000,Ligustrum sinense,True,Ligustrum sinense,0.000000,False,False,,False
Ligustrum_sinense_0.jpg,Ligustrum sinense,True,C-m0.08,0.080000,Ligustrum sinense,True,Ligustrum sinense,0.000000,False,False,,False
Ligustrum_sinense_0.jpg,Ligustrum sinense,True,C-m0.10,0.100000,Ligustrum sinense,True,Ligustrum sinense,0.000000,False,False,,False
Ligustrum_sinense_0.jpg,Ligustrum sinense,True,T,0.000000,Forestiera pubescens,True,Forestiera pubescens,0.000000,False,False,,False
Ligustrum_sinense_0.jpg,Ligustrum sinense,True,T-veto2,0.000000,Forestiera pubescens,True,Forestiera pubescens,0.000000,False,False,,False
Ligustrum_sinense_0.jpg,Ligustrum sinense,True,T-veto3,0.000000,Forestiera pubescens,True,Forestiera pubescens,0.000000,False,False,,False
Ligustrum_sinense_0.jpg,Ligustrum sinense,True,T-veto5,0.000000,Forestiera pubescens,True,Forestiera pubescens,0.000000,False,False,,False
Ligustrum_sinense_0.jpg,Ligustrum sinense,True,W,0.000000,Forestiera pubescens,True,Forestiera pubescens,0.000000,False,False,,False
Ligustrum_sinense_0.jpg,Ligustrum sinense,True,C-m*raw,0.047722,Ligustrum sinense,True,Ligustrum sinense,0.000000,False,False,,False
Ligustrum_sinense_0.jpg,Ligustrum sinense,True,C-m*hazard,0.047722,Ligustrum sinense,True,Ligustrum sinense,0.000000,False,False,,False
Ligustrum_sinense_1.jpg,Ligustrum sinense,True,A,0.000000,Ilex cornuta,False,,inf,False,True,Ilex cornuta,False
Ligustrum_sinense_1.jpg,Ligustrum sinense,True,B,0.000000,Ligustrum sinense,True,Ligustrum sinense,0.000000,False,False,,False
Ligustrum_sinense_1.jpg,Ligustrum sinense,True,C,0.000000,Ligustrum sinense,True,Ligustrum sinense,0.000000,False,False,,False
Ligustrum_sinense_1.jpg,Ligustrum sinense,True,C-veto2,0.000000,Ligustrum sinense,True,Ligustrum sinense,0.000000,False,False,,False
Ligustrum_sinense_1.jpg,Ligustrum sinense,True,C-veto3,0.000000,Ligustrum sinense,True,Ligustrum sinense,0.000000,False,False,,False
Ligustrum_sinense_1.jpg,Ligustrum sinense,True,C-veto5,0.000000,Ligustrum sinense,True,Ligustrum sinense,0.000000,False,False,,False
Ligustrum_sinense_1.jpg,Ligustrum sinense,True,C-m0.01,0.010000,Ligustrum sinense,True,Ligustrum sinense,0.000000,False,False,,False
Ligustrum_sinense_1.jpg,Ligustrum sinense,True,C-m0.02,0.020000,Ligustrum sinense,True,Ligustrum sinense,0.000000,False,False,,False
Ligustrum_sinense_1.jpg,Ligustrum sinense,True,C-m0.03,0.030000,Ligustrum sinense,True,Ligustrum sinense,0.000000,False,False,,False
Ligustrum_sinense_1.jpg,Ligustrum sinense,True,C-m0.04,0.040000,Ligustrum sinense,True,Ligustrum sinense,0.000000,False,False,,False
Ligustrum_sinense_1.jpg,Ligustrum sinense,True,C-m0.05,0.050000,Ligustrum sinense,True,Ligustrum sinense,0.000000,False,False,,False
Ligustrum_sinense_1.jpg,Ligustrum sinense,True,C-m0.06,0.060000,Ligustrum sinense,True,Ligustrum sinense,0.000000,False,False,,False
Ligustrum_sinense_1.jpg,Ligustrum sinense,True,C-m0.08,0.080000,Ligustrum sinense,True,Ligustrum sinense,0.000000,False,False,,False
Ligustrum_sinense_1.jpg,Ligustrum sinense,True,C-m0.10,0.100000,Ligustrum sinense,True,Ligustrum sinense,0.000000,False,False,,False
Ligustrum_sinense_1.jpg,Ligustrum sinense,True,T,0.000000,Ligustrum sinense,True,Ligustrum sinense,0.000000,False,False,,False
Ligustrum_sinense_1.jpg,Ligustrum sinense,True,T-veto2,0.000000,Ligustrum sinense,True,Ligustrum sinense,0.000000,False,False,,False
Ligustrum_sinense_1.jpg,Ligustrum sinense,True,T-veto3,0.000000,Ligustrum sinense,True,Ligustrum sinense,0.000000,False,False,,False
Ligustrum_sinense_1.jpg,Ligustrum sinense,True,T-veto5,0.000000,Ligustrum sinense,True,Ligustrum sinense,0.000000,False,False,,False
Ligustrum_sinense_1.jpg,Ligustrum sinense,True,W,0.000000,Ligustrum sinense,True,Ligustrum sinense,0.000000,False,False,,False
Ligustrum_sinense_1.jpg,Ligustrum sinense,True,C-m*raw,0.047722,Ligustrum sinense,True,Ligustrum sinense,0.000000,False,False,,False
Ligustrum_sinense_1.jpg,Ligustrum sinense,True,C-m*hazard,0.047722,Ligustrum sinense,True,Ligustrum sinense,0.000000,False,False,,False
Ligustrum_sinense_2.jpg,Ligustrum sinense,True,A,0.000000,Callicarpa americana,False,,inf,False,True,Callicarpa americana,False
Ligustrum_sinense_2.jpg,Ligustrum sinense,True,B,0.000000,Ligustrum sinense,True,Ligustrum sinense,0.000000,False,False,,False
Ligustrum_sinense_2.jpg,Ligustrum sinense,True,C,0.000000,Ligustrum sinense,True,Ligustrum sinense,0.000000,False,False,,False
Ligustrum_sinense_2.jpg,Ligustrum sinense,True,C-veto2,0.000000,Ligustrum sinense,True,Ligustrum sinense,0.000000,False,False,,False
Ligustrum_sinense_2.jpg,Ligustrum sinense,True,C-veto3,0.000000,Ligustrum sinense,True,Ligustrum sinense,0.000000,False,False,,False
Ligustrum_sinense_2.jpg,Ligustrum sinense,True,C-veto5,0.000000,Ligustrum sinense,True,Ligustrum sinense,0.000000,False,False,,False
Ligustrum_sinense_2.jpg,Ligustrum sinense,True,C-m0.01,0.010000,Ligustrum sinense,True,Ligustrum sinense,0.000000,False,False,,False
Ligustrum_sinense_2.jpg,Ligustrum sinense,True,C-m0.02,0.020000,Ligustrum sinense,True,Ligustrum sinense,0.000000,False,False,,False
Ligustrum_sinense_2.jpg,Ligustrum sinense,True,C-m0.03,0.030000,Ligustrum sinense,True,Ligustrum sinense,0.000000,False,False,,False
Ligustrum_sinense_2.jpg,Ligustrum sinense,True,C-m0.04,0.040000,Ligustrum sinense,True,Ligustrum sinense,0.000000,False,False,,False
Ligustrum_sinense_2.jpg,Ligustrum sinense,True,C-m0.05,0.050000,Ligustrum sinense,True,Ligustrum sinense,0.000000,False,False,,False
Ligustrum_sinense_2.jpg,Ligustrum sinense,True,C-m0.06,0.060000,Ligustrum sinense,True,Ligustrum sinense,0.000000,False,False,,False
Ligustrum_sinense_2.jpg,Ligustrum sinense,True,C-m0.08,0.080000,Ligustrum sinense,True,Ligustrum sinense,0.000000,False,False,,False
Ligustrum_sinense_2.jpg,Ligustrum sinense,True,C-m0.10,0.100000,Ligustrum sinense,True,Ligustrum sinense,0.000000,False,False,,False
Ligustrum_sinense_2.jpg,Ligustrum sinense,True,T,0.000000,Ligustrum sinense,True,Ligustrum sinense,0.000000,False,False,,False
Ligustrum_sinense_2.jpg,Ligustrum sinense,True,T-veto2,0.000000,Ligustrum sinense,True,Ligustrum sinense,0.000000,False,False,,False
Ligustrum_sinense_2.jpg,Ligustrum sinense,True,T-veto3,0.000000,Ligustrum sinense,True,Ligustrum sinense,0.000000,False,False,,False
Ligustrum_sinense_2.jpg,Ligustrum sinense,True,T-veto5,0.000000,Ligustrum sinense,True,Ligustrum sinense,0.000000,False,False,,False
Ligustrum_sinense_2.jpg,Ligustrum sinense,True,W,0.000000,Ligustrum sinense,True,Ligustrum sinense,0.000000,False,False,,False
Ligustrum_sinense_2.jpg,Ligustrum sinense,True,C-m*raw,0.047722,Ligustrum sinense,True,Ligustrum sinense,0.000000,False,False,,False
Ligustrum_sinense_2.jpg,Ligustrum sinense,True,C-m*hazard,0.047722,Ligustrum sinense,True,Ligustrum sinense,0.000000,False,False,,False
Hedera_helix_0.jpg,Hedera helix,True,A,0.000000,Vitis rotundifolia,False,,inf,True,True,Vitis rotundifolia,False
Hedera_helix_0.jpg,Hedera helix,True,B,0.000000,Hedera helix,True,Hedera helix,0.000000,True,False,,False
Hedera_helix_0.jpg,Hedera helix,True,C,0.000000,Hedera helix,True,Hedera helix,0.000000,True,False,,False
Hedera_helix_0.jpg,Hedera helix,True,C-veto2,0.000000,Hedera helix,True,Hedera helix,0.000000,True,False,,False
Hedera_helix_0.jpg,Hedera helix,True,C-veto3,0.000000,Hedera helix,True,Hedera helix,0.000000,True,False,,False
Hedera_helix_0.jpg,Hedera helix,True,C-veto5,0.000000,Hedera helix,True,Hedera helix,0.000000,True,False,,False
Hedera_helix_0.jpg,Hedera helix,True,C-m0.01,0.010000,Hedera helix,True,Hedera helix,0.000000,True,False,,False
Hedera_helix_0.jpg,Hedera helix,True,C-m0.02,0.020000,Hedera helix,True,Hedera helix,0.000000,True,False,,False
Hedera_helix_0.jpg,Hedera helix,True,C-m0.03,0.030000,Hedera helix,True,Hedera helix,0.000000,True,False,,False
Hedera_helix_0.jpg,Hedera helix,True,C-m0.04,0.040000,Hedera helix,True,Hedera helix,0.000000,True,False,,False
Hedera_helix_0.jpg,Hedera helix,True,C-m0.05,0.050000,Hedera helix,True,Hedera helix,0.000000,True,False,,False
Hedera_helix_0.jpg,Hedera helix,True,C-m0.06,0.060000,Hedera helix,True,Hedera helix,0.000000,True,False,,False
Hedera_helix_0.jpg,Hedera helix,True,C-m0.08,0.080000,Hedera helix,True,Hedera helix,0.000000,True,False,,False
Hedera_helix_0.jpg,Hedera helix,True,C-m0.10,0.100000,Hedera helix,True,Hedera helix,0.000000,True,False,,False
Hedera_helix_0.jpg,Hedera helix,True,T,0.000000,Hedera helix,True,Hedera helix,0.000000,True,False,,False
Hedera_helix_0.jpg,Hedera helix,True,T-veto2,0.000000,Hedera helix,True,Hedera helix,0.000000,True,False,,False
Hedera_helix_0.jpg,Hedera helix,True,T-veto3,0.000000,Hedera helix,True,Hedera helix,0.000000,True,False,,False
Hedera_helix_0.jpg,Hedera helix,True,T-veto5,0.000000,Hedera helix,True,Hedera helix,0.000000,True,False,,False
Hedera_helix_0.jpg,Hedera helix,True,W,0.000000,Parthenocissus tricuspidata,False,Hedera helix,0.000421,True,False,,False
Hedera_helix_0.jpg,Hedera helix,True,C-m*raw,0.047722,Hedera helix,True,Hedera helix,0.000000,True,False,,False
Hedera_helix_0.jpg,Hedera helix,True,C-m*hazard,0.047722,Hedera helix,True,Hedera helix,0.000000,True,False,,False
Hedera_helix_1.jpg,Hedera helix,True,A,0.000000,Ilex cornuta,False,,inf,False,True,Ilex cornuta,False
Hedera_helix_1.jpg,Hedera helix,True,B,0.000000,Hedera helix,True,Hedera helix,0.000000,False,False,,False
Hedera_helix_1.jpg,Hedera helix,True,C,0.000000,Hedera helix,True,Hedera helix,0.000000,False,False,,False
Hedera_helix_1.jpg,Hedera helix,True,C-veto2,0.000000,Hedera helix,True,Hedera helix,0.000000,False,False,,False
Hedera_helix_1.jpg,Hedera helix,True,C-veto3,0.000000,Hedera helix,True,Hedera helix,0.000000,False,False,,False
Hedera_helix_1.jpg,Hedera helix,True,C-veto5,0.000000,Hedera helix,True,Hedera helix,0.000000,False,False,,False
Hedera_helix_1.jpg,Hedera helix,True,C-m0.01,0.010000,Hedera helix,True,Hedera helix,0.000000,False,False,,False
Hedera_helix_1.jpg,Hedera helix,True,C-m0.02,0.020000,Hedera helix,True,Hedera helix,0.000000,False,False,,False
Hedera_helix_1.jpg,Hedera helix,True,C-m0.03,0.030000,Hedera helix,True,Hedera helix,0.000000,False,False,,False
Hedera_helix_1.jpg,Hedera helix,True,C-m0.04,0.040000,Hedera helix,True,Hedera helix,0.000000,False,False,,False
Hedera_helix_1.jpg,Hedera helix,True,C-m0.05,0.050000,Hedera helix,True,Hedera helix,0.000000,False,False,,False
Hedera_helix_1.jpg,Hedera helix,True,C-m0.06,0.060000,Hedera helix,True,Hedera helix,0.000000,False,False,,False
Hedera_helix_1.jpg,Hedera helix,True,C-m0.08,0.080000,Hedera helix,True,Hedera helix,0.000000,False,False,,False
Hedera_helix_1.jpg,Hedera helix,True,C-m0.10,0.100000,Hedera helix,True,Hedera helix,0.000000,False,False,,False
Hedera_helix_1.jpg,Hedera helix,True,T,0.000000,Hedera helix,True,Hedera helix,0.000000,False,False,,False
Hedera_helix_1.jpg,Hedera helix,True,T-veto2,0.000000,Hedera helix,True,Hedera helix,0.000000,False,False,,False
Hedera_helix_1.jpg,Hedera helix,True,T-veto3,0.000000,Hedera helix,True,Hedera helix,0.000000,False,False,,False
Hedera_helix_1.jpg,Hedera helix,True,T-veto5,0.000000,Hedera helix,True,Hedera helix,0.000000,False,False,,False
Hedera_helix_1.jpg,Hedera helix,True,W,0.000000,Hedera helix,True,Hedera helix,0.000000,False,False,,False
Hedera_helix_1.jpg,Hedera helix,True,C-m*raw,0.047722,Hedera helix,True,Hedera helix,0.000000,False,False,,False
Hedera_helix_1.jpg,Hedera helix,True,C-m*hazard,0.047722,Hedera helix,True,Hedera helix,0.000000,False,False,,False
Hedera_helix_2.jpg,Hedera helix,True,A,0.000000,Ampelopsis glandulosa,False,,inf,False,True,Ampelopsis glandulosa,False
Hedera_helix_2.jpg,Hedera helix,True,B,0.000000,Hedera helix,True,Hedera helix,0.000000,False,False,,False
Hedera_helix_2.jpg,Hedera helix,True,C,0.000000,Hedera helix,True,Hedera helix,0.000000,False,False,,False
Hedera_helix_2.jpg,Hedera helix,True,C-veto2,0.000000,Hedera helix,True,Hedera helix,0.000000,False,False,,False
Hedera_helix_2.jpg,Hedera helix,True,C-veto3,0.000000,Hedera helix,True,Hedera helix,0.000000,False,False,,False
Hedera_helix_2.jpg,Hedera helix,True,C-veto5,0.000000,Hedera helix,True,Hedera helix,0.000000,False,False,,False
Hedera_helix_2.jpg,Hedera helix,True,C-m0.01,0.010000,Hedera helix,True,Hedera helix,0.000000,False,False,,False
Hedera_helix_2.jpg,Hedera helix,True,C-m0.02,0.020000,Hedera helix,True,Hedera helix,0.000000,False,False,,False
Hedera_helix_2.jpg,Hedera helix,True,C-m0.03,0.030000,Hedera helix,True,Hedera helix,0.000000,False,False,,False
Hedera_helix_2.jpg,Hedera helix,True,C-m0.04,0.040000,Hedera helix,True,Hedera helix,0.000000,False,False,,False
Hedera_helix_2.jpg,Hedera helix,True,C-m0.05,0.050000,Hedera helix,True,Hedera helix,0.000000,False,False,,False
Hedera_helix_2.jpg,Hedera helix,True,C-m0.06,0.060000,Hedera helix,True,Hedera helix,0.000000,False,False,,False
Hedera_helix_2.jpg,Hedera helix,True,C-m0.08,0.080000,Hedera helix,True,Hedera helix,0.000000,False,False,,False
Hedera_helix_2.jpg,Hedera helix,True,C-m0.10,0.100000,Hedera helix,True,Hedera helix,0.000000,False,False,,False
Hedera_helix_2.jpg,Hedera helix,True,T,0.000000,Hedera helix,True,Hedera helix,0.000000,False,False,,False
Hedera_helix_2.jpg,Hedera helix,True,T-veto2,0.000000,Hedera helix,True,Hedera helix,0.000000,False,False,,False
Hedera_helix_2.jpg,Hedera helix,True,T-veto3,0.000000,Hedera helix,True,Hedera helix,0.000000,False,False,,False
Hedera_helix_2.jpg,Hedera helix,True,T-veto5,0.000000,Hedera helix,True,Hedera helix,0.000000,False,False,,False
Hedera_helix_2.jpg,Hedera helix,True,W,0.000000,Hedera helix,True,Hedera helix,0.000000,False,False,,False
Hedera_helix_2.jpg,Hedera helix,True,C-m*raw,0.047722,Hedera helix,True,Hedera helix,0.000000,False,False,,False
Hedera_helix_2.jpg,Hedera helix,True,C-m*hazard,0.047722,Hedera helix,True,Hedera helix,0.000000,False,False,,False
Parthenocissus_quinquefolia_0.jpg,Parthenocissus quinquefolia,True,A,0.000000,Ampelopsis glandulosa,False,,inf,False,True,Ampelopsis glandulosa,False
Parthenocissus_quinquefolia_0.jpg,Parthenocissus quinquefolia,True,B,0.000000,Parthenocissus quinquefolia,True,Parthenocissus quinquefolia,0.000000,False,False,,False
Parthenocissus_quinquefolia_0.jpg,Parthenocissus quinquefolia,True,C,0.000000,Berchemia scandens,True,Berchemia scandens,0.000000,False,False,,False
Parthenocissus_quinquefolia_0.jpg,Parthenocissus quinquefolia,True,C-veto2,0.000000,Berchemia scandens,True,Berchemia scandens,0.000000,False,False,,False
Parthenocissus_quinquefolia_0.jpg,Parthenocissus quinquefolia,True,C-veto3,0.000000,Berchemia scandens,True,Berchemia scandens,0.000000,False,False,,False
Parthenocissus_quinquefolia_0.jpg,Parthenocissus quinquefolia,True,C-veto5,0.000000,Berchemia scandens,True,Berchemia scandens,0.000000,False,False,,False
Parthenocissus_quinquefolia_0.jpg,Parthenocissus quinquefolia,True,C-m0.01,0.010000,Berchemia scandens,True,Berchemia scandens,0.000000,False,False,,False
Parthenocissus_quinquefolia_0.jpg,Parthenocissus quinquefolia,True,C-m0.02,0.020000,Berchemia scandens,True,Berchemia scandens,0.000000,False,False,,False
Parthenocissus_quinquefolia_0.jpg,Parthenocissus quinquefolia,True,C-m0.03,0.030000,Berchemia scandens,True,Berchemia scandens,0.000000,False,False,,False
Parthenocissus_quinquefolia_0.jpg,Parthenocissus quinquefolia,True,C-m0.04,0.040000,Berchemia scandens,True,Berchemia scandens,0.000000,False,False,,False
Parthenocissus_quinquefolia_0.jpg,Parthenocissus quinquefolia,True,C-m0.05,0.050000,Berchemia scandens,True,Berchemia scandens,0.000000,False,False,,False
Parthenocissus_quinquefolia_0.jpg,Parthenocissus quinquefolia,True,C-m0.06,0.060000,Berchemia scandens,True,Berchemia scandens,0.000000,False,False,,False
Parthenocissus_quinquefolia_0.jpg,Parthenocissus quinquefolia,True,C-m0.08,0.080000,Berchemia scandens,True,Berchemia scandens,0.000000,False,False,,False
Parthenocissus_quinquefolia_0.jpg,Parthenocissus quinquefolia,True,C-m0.10,0.100000,Berchemia scandens,True,Berchemia scandens,0.000000,False,False,,False
Parthenocissus_quinquefolia_0.jpg,Parthenocissus quinquefolia,True,T,0.000000,Garrya lindheimeri,True,Garrya lindheimeri,0.000000,False,False,,False
Parthenocissus_quinquefolia_0.jpg,Parthenocissus quinquefolia,True,T-veto2,0.000000,Garrya lindheimeri,True,Garrya lindheimeri,0.000000,False,False,,False
Parthenocissus_quinquefolia_0.jpg,Parthenocissus quinquefolia,True,T-veto3,0.000000,Garrya lindheimeri,True,Garrya lindheimeri,0.000000,False,False,,False
Parthenocissus_quinquefolia_0.jpg,Parthenocissus quinquefolia,True,T-veto5,0.000000,Garrya lindheimeri,True,Garrya lindheimeri,0.000000,False,False,,False
Parthenocissus_quinquefolia_0.jpg,Parthenocissus quinquefolia,True,W,0.000000,Viburnum rufidulum,False,Garrya lindheimeri,0.007332,False,False,,False
Parthenocissus_quinquefolia_0.jpg,Parthenocissus quinquefolia,True,C-m*raw,0.047722,Berchemia scandens,True,Berchemia scandens,0.000000,False,False,,False
Parthenocissus_quinquefolia_0.jpg,Parthenocissus quinquefolia,True,C-m*hazard,0.047722,Berchemia scandens,True,Berchemia scandens,0.000000,False,False,,False
Parthenocissus_quinquefolia_1.jpg,Parthenocissus quinquefolia,True,A,0.000000,Ampelopsis glandulosa,False,,inf,False,True,Ampelopsis glandulosa,False
Parthenocissus_quinquefolia_1.jpg,Parthenocissus quinquefolia,True,B,0.000000,Parthenocissus quinquefolia,True,Parthenocissus quinquefolia,0.000000,False,False,,False
Parthenocissus_quinquefolia_1.jpg,Parthenocissus quinquefolia,True,C,0.000000,Parthenocissus quinquefolia,True,Parthenocissus quinquefolia,0.000000,False,False,,False
Parthenocissus_quinquefolia_1.jpg,Parthenocissus quinquefolia,True,C-veto2,0.000000,Parthenocissus quinquefolia,True,Parthenocissus quinquefolia,0.000000,False,False,,False
Parthenocissus_quinquefolia_1.jpg,Parthenocissus quinquefolia,True,C-veto3,0.000000,Parthenocissus quinquefolia,True,Parthenocissus quinquefolia,0.000000,False,False,,False
Parthenocissus_quinquefolia_1.jpg,Parthenocissus quinquefolia,True,C-veto5,0.000000,Parthenocissus quinquefolia,True,Parthenocissus quinquefolia,0.000000,False,False,,False
Parthenocissus_quinquefolia_1.jpg,Parthenocissus quinquefolia,True,C-m0.01,0.010000,Parthenocissus quinquefolia,True,Parthenocissus quinquefolia,0.000000,False,False,,False
Parthenocissus_quinquefolia_1.jpg,Parthenocissus quinquefolia,True,C-m0.02,0.020000,Parthenocissus quinquefolia,True,Parthenocissus quinquefolia,0.000000,False,False,,False
Parthenocissus_quinquefolia_1.jpg,Parthenocissus quinquefolia,True,C-m0.03,0.030000,Parthenocissus quinquefolia,True,Parthenocissus quinquefolia,0.000000,False,False,,False
Parthenocissus_quinquefolia_1.jpg,Parthenocissus quinquefolia,True,C-m0.04,0.040000,Parthenocissus quinquefolia,True,Parthenocissus quinquefolia,0.000000,False,False,,False
Parthenocissus_quinquefolia_1.jpg,Parthenocissus quinquefolia,True,C-m0.05,0.050000,Parthenocissus quinquefolia,True,Parthenocissus quinquefolia,0.000000,False,False,,False
Parthenocissus_quinquefolia_1.jpg,Parthenocissus quinquefolia,True,C-m0.06,0.060000,Parthenocissus quinquefolia,True,Parthenocissus quinquefolia,0.000000,False,False,,False
Parthenocissus_quinquefolia_1.jpg,Parthenocissus quinquefolia,True,C-m0.08,0.080000,Parthenocissus quinquefolia,True,Parthenocissus quinquefolia,0.000000,False,False,,False
Parthenocissus_quinquefolia_1.jpg,Parthenocissus quinquefolia,True,C-m0.10,0.100000,Parthenocissus quinquefolia,True,Parthenocissus quinquefolia,0.000000,False,False,,False
Parthenocissus_quinquefolia_1.jpg,Parthenocissus quinquefolia,True,T,0.000000,Parthenocissus quinquefolia,True,Parthenocissus quinquefolia,0.000000,False,False,,False
Parthenocissus_quinquefolia_1.jpg,Parthenocissus quinquefolia,True,T-veto2,0.000000,Parthenocissus quinquefolia,True,Parthenocissus quinquefolia,0.000000,False,False,,False
Parthenocissus_quinquefolia_1.jpg,Parthenocissus quinquefolia,True,T-veto3,0.000000,Parthenocissus quinquefolia,True,Parthenocissus quinquefolia,0.000000,False,False,,False
Parthenocissus_quinquefolia_1.jpg,Parthenocissus quinquefolia,True,T-veto5,0.000000,Parthenocissus quinquefolia,True,Parthenocissus quinquefolia,0.000000,False,False,,False
Parthenocissus_quinquefolia_1.jpg,Parthenocissus quinquefolia,True,W,0.000000,Parthenocissus quinquefolia,True,Parthenocissus quinquefolia,0.000000,False,False,,False
Parthenocissus_quinquefolia_1.jpg,Parthenocissus quinquefolia,True,C-m*raw,0.047722,Parthenocissus quinquefolia,True,Parthenocissus quinquefolia,0.000000,False,False,,False
Parthenocissus_quinquefolia_1.jpg,Parthenocissus quinquefolia,True,C-m*hazard,0.047722,Parthenocissus quinquefolia,True,Parthenocissus quinquefolia,0.000000,False,False,,False
Parthenocissus_quinquefolia_2.jpg,Parthenocissus quinquefolia,True,A,0.000000,Vitis rotundifolia,False,,inf,False,True,Vitis rotundifolia,False
Parthenocissus_quinquefolia_2.jpg,Parthenocissus quinquefolia,True,B,0.000000,Parthenocissus quinquefolia,True,Parthenocissus quinquefolia,0.000000,False,False,,False
Parthenocissus_quinquefolia_2.jpg,Parthenocissus quinquefolia,True,C,0.000000,Parthenocissus quinquefolia,True,Parthenocissus quinquefolia,0.000000,False,False,,False
Parthenocissus_quinquefolia_2.jpg,Parthenocissus quinquefolia,True,C-veto2,0.000000,Parthenocissus quinquefolia,True,Parthenocissus quinquefolia,0.000000,False,False,,False
Parthenocissus_quinquefolia_2.jpg,Parthenocissus quinquefolia,True,C-veto3,0.000000,Parthenocissus quinquefolia,True,Parthenocissus quinquefolia,0.000000,False,False,,False
Parthenocissus_quinquefolia_2.jpg,Parthenocissus quinquefolia,True,C-veto5,0.000000,Parthenocissus quinquefolia,True,Parthenocissus quinquefolia,0.000000,False,False,,False
Parthenocissus_quinquefolia_2.jpg,Parthenocissus quinquefolia,True,C-m0.01,0.010000,Parthenocissus quinquefolia,True,Parthenocissus quinquefolia,0.000000,False,False,,False
Parthenocissus_quinquefolia_2.jpg,Parthenocissus quinquefolia,True,C-m0.02,0.020000,Parthenocissus quinquefolia,True,Parthenocissus quinquefolia,0.000000,False,False,,False
Parthenocissus_quinquefolia_2.jpg,Parthenocissus quinquefolia,True,C-m0.03,0.030000,Parthenocissus quinquefolia,True,Parthenocissus quinquefolia,0.000000,False,False,,False
Parthenocissus_quinquefolia_2.jpg,Parthenocissus quinquefolia,True,C-m0.04,0.040000,Parthenocissus quinquefolia,True,Parthenocissus quinquefolia,0.000000,False,False,,False
Parthenocissus_quinquefolia_2.jpg,Parthenocissus quinquefolia,True,C-m0.05,0.050000,Parthenocissus quinquefolia,True,Parthenocissus quinquefolia,0.000000,False,False,,False
Parthenocissus_quinquefolia_2.jpg,Parthenocissus quinquefolia,True,C-m0.06,0.060000,Parthenocissus quinquefolia,True,Parthenocissus quinquefolia,0.000000,False,False,,False
Parthenocissus_quinquefolia_2.jpg,Parthenocissus quinquefolia,True,C-m0.08,0.080000,Parthenocissus quinquefolia,True,Parthenocissus quinquefolia,0.000000,False,False,,False
Parthenocissus_quinquefolia_2.jpg,Parthenocissus quinquefolia,True,C-m0.10,0.100000,Parthenocissus quinquefolia,True,Parthenocissus quinquefolia,0.000000,False,False,,False
Parthenocissus_quinquefolia_2.jpg,Parthenocissus quinquefolia,True,T,0.000000,Ibervillea lindheimeri,True,Ibervillea lindheimeri,0.000000,False,False,,False
Parthenocissus_quinquefolia_2.jpg,Parthenocissus quinquefolia,True,T-veto2,0.000000,Ibervillea lindheimeri,True,Ibervillea lindheimeri,0.000000,False,False,,False
Parthenocissus_quinquefolia_2.jpg,Parthenocissus quinquefolia,True,T-veto3,0.000000,Ibervillea lindheimeri,True,Ibervillea lindheimeri,0.000000,False,False,,False
Parthenocissus_quinquefolia_2.jpg,Parthenocissus quinquefolia,True,T-veto5,0.000000,Ibervillea lindheimeri,True,Ibervillea lindheimeri,0.000000,False,False,,False
Parthenocissus_quinquefolia_2.jpg,Parthenocissus quinquefolia,True,W,0.000000,Ibervillea lindheimeri,True,Ibervillea lindheimeri,0.000000,False,False,,False
Parthenocissus_quinquefolia_2.jpg,Parthenocissus quinquefolia,True,C-m*raw,0.047722,Parthenocissus quinquefolia,True,Parthenocissus quinquefolia,0.000000,False,False,,False
Parthenocissus_quinquefolia_2.jpg,Parthenocissus quinquefolia,True,C-m*hazard,0.047722,Parthenocissus quinquefolia,True,Parthenocissus quinquefolia,0.000000,False,False,,False
Acer_negundo_0.jpg,Acer negundo,True,A,0.000000,Pueraria montana,False,,inf,False,True,Pueraria montana,False
Acer_negundo_0.jpg,Acer negundo,True,B,0.000000,Pueraria montana,False,Acer negundo,0.009287,False,True,Pueraria montana,False
Acer_negundo_0.jpg,Acer negundo,True,C,0.000000,Pueraria montana,False,Acer negundo,0.009287,False,True,Pueraria montana,False
Acer_negundo_0.jpg,Acer negundo,True,C-veto2,0.000000,Pueraria montana,False,Acer negundo,0.009287,False,False,,False
Acer_negundo_0.jpg,Acer negundo,True,C-veto3,0.000000,Pueraria montana,False,Acer negundo,0.009287,False,False,,False
Acer_negundo_0.jpg,Acer negundo,True,C-veto5,0.000000,Pueraria montana,False,Acer negundo,0.009287,False,False,,False
Acer_negundo_0.jpg,Acer negundo,True,C-m0.01,0.010000,Pueraria montana,False,Acer negundo,0.009287,False,False,,False
Acer_negundo_0.jpg,Acer negundo,True,C-m0.02,0.020000,Pueraria montana,False,Acer negundo,0.009287,False,False,,False
Acer_negundo_0.jpg,Acer negundo,True,C-m0.03,0.030000,Pueraria montana,False,Acer negundo,0.009287,False,False,,False
Acer_negundo_0.jpg,Acer negundo,True,C-m0.04,0.040000,Pueraria montana,False,Acer negundo,0.009287,False,False,,False
Acer_negundo_0.jpg,Acer negundo,True,C-m0.05,0.050000,Pueraria montana,False,Acer negundo,0.009287,False,False,,False
Acer_negundo_0.jpg,Acer negundo,True,C-m0.06,0.060000,Pueraria montana,False,Acer negundo,0.009287,False,False,,False
Acer_negundo_0.jpg,Acer negundo,True,C-m0.08,0.080000,Pueraria montana,False,Acer negundo,0.009287,False,False,,False
Acer_negundo_0.jpg,Acer negundo,True,C-m0.10,0.100000,Pueraria montana,False,Acer negundo,0.009287,False,False,,False
Acer_negundo_0.jpg,Acer negundo,True,T,0.000000,Pueraria montana,False,Sambucus javanica,0.007370,False,True,Pueraria montana,False
Acer_negundo_0.jpg,Acer negundo,True,T-veto2,0.000000,Pueraria montana,False,Sambucus javanica,0.007370,False,False,,False
Acer_negundo_0.jpg,Acer negundo,True,T-veto3,0.000000,Pueraria montana,False,Sambucus javanica,0.007370,False,False,,False
Acer_negundo_0.jpg,Acer negundo,True,T-veto5,0.000000,Pueraria montana,False,Sambucus javanica,0.007370,False,False,,False
Acer_negundo_0.jpg,Acer negundo,True,W,0.000000,Pueraria montana,False,Sambucus javanica,0.007370,False,True,Pueraria montana,False
Acer_negundo_0.jpg,Acer negundo,True,C-m*raw,0.047722,Pueraria montana,False,Acer negundo,0.009287,False,False,,False
Acer_negundo_0.jpg,Acer negundo,True,C-m*hazard,0.047722,Pueraria montana,False,Acer negundo,0.009287,False,False,,False
Acer_negundo_1.jpg,Acer negundo,True,A,0.000000,Pueraria montana,False,,inf,False,True,Pueraria montana,False
Acer_negundo_1.jpg,Acer negundo,True,B,0.000000,Acer negundo,True,Acer negundo,0.000000,False,False,,False
Acer_negundo_1.jpg,Acer negundo,True,C,0.000000,Physalis peruviana,True,Physalis peruviana,0.000000,False,False,,False
Acer_negundo_1.jpg,Acer negundo,True,C-veto2,0.000000,Physalis peruviana,True,Physalis peruviana,0.000000,False,False,,False
Acer_negundo_1.jpg,Acer negundo,True,C-veto3,0.000000,Physalis peruviana,True,Physalis peruviana,0.000000,False,False,,False
Acer_negundo_1.jpg,Acer negundo,True,C-veto5,0.000000,Physalis peruviana,True,Physalis peruviana,0.000000,False,False,,False
Acer_negundo_1.jpg,Acer negundo,True,C-m0.01,0.010000,Physalis peruviana,True,Physalis peruviana,0.000000,False,False,,False
Acer_negundo_1.jpg,Acer negundo,True,C-m0.02,0.020000,Physalis peruviana,True,Physalis peruviana,0.000000,False,False,,False
Acer_negundo_1.jpg,Acer negundo,True,C-m0.03,0.030000,Physalis peruviana,True,Physalis peruviana,0.000000,False,False,,False
Acer_negundo_1.jpg,Acer negundo,True,C-m0.04,0.040000,Physalis peruviana,True,Physalis peruviana,0.000000,False,False,,False
Acer_negundo_1.jpg,Acer negundo,True,C-m0.05,0.050000,Physalis peruviana,True,Physalis peruviana,0.000000,False,False,,False
Acer_negundo_1.jpg,Acer negundo,True,C-m0.06,0.060000,Physalis peruviana,True,Physalis peruviana,0.000000,False,False,,False
Acer_negundo_1.jpg,Acer negundo,True,C-m0.08,0.080000,Physalis peruviana,True,Physalis peruviana,0.000000,False,False,,False
Acer_negundo_1.jpg,Acer negundo,True,C-m0.10,0.100000,Physalis peruviana,True,Physalis peruviana,0.000000,False,False,,False
Acer_negundo_1.jpg,Acer negundo,True,T,0.000000,Physalis peruviana,True,Physalis peruviana,0.000000,False,False,,False
Acer_negundo_1.jpg,Acer negundo,True,T-veto2,0.000000,Physalis peruviana,True,Physalis peruviana,0.000000,False,False,,False
Acer_negundo_1.jpg,Acer negundo,True,T-veto3,0.000000,Physalis peruviana,True,Physalis peruviana,0.000000,False,False,,False
Acer_negundo_1.jpg,Acer negundo,True,T-veto5,0.000000,Physalis peruviana,True,Physalis peruviana,0.000000,False,False,,False
Acer_negundo_1.jpg,Acer negundo,True,W,0.000000,Passiflora edulis,False,Physalis peruviana,0.002484,False,False,,False
Acer_negundo_1.jpg,Acer negundo,True,C-m*raw,0.047722,Physalis peruviana,True,Physalis peruviana,0.000000,False,False,,False
Acer_negundo_1.jpg,Acer negundo,True,C-m*hazard,0.047722,Physalis peruviana,True,Physalis peruviana,0.000000,False,False,,False
Acer_negundo_2.jpg,Acer negundo,True,A,0.000000,Diospyros virginiana,False,,inf,False,True,Diospyros virginiana,False
Acer_negundo_2.jpg,Acer negundo,True,B,0.000000,Acer negundo,True,Acer negundo,0.000000,False,False,,False
Acer_negundo_2.jpg,Acer negundo,True,C,0.000000,Physalis peruviana,True,Physalis peruviana,0.000000,False,False,,False
Acer_negundo_2.jpg,Acer negundo,True,C-veto2,0.000000,Physalis peruviana,True,Physalis peruviana,0.000000,False,False,,False
Acer_negundo_2.jpg,Acer negundo,True,C-veto3,0.000000,Physalis peruviana,True,Physalis peruviana,0.000000,False,False,,False
Acer_negundo_2.jpg,Acer negundo,True,C-veto5,0.000000,Physalis peruviana,True,Physalis peruviana,0.000000,False,False,,False
Acer_negundo_2.jpg,Acer negundo,True,C-m0.01,0.010000,Physalis peruviana,True,Physalis peruviana,0.000000,False,False,,False
Acer_negundo_2.jpg,Acer negundo,True,C-m0.02,0.020000,Physalis peruviana,True,Physalis peruviana,0.000000,False,False,,False
Acer_negundo_2.jpg,Acer negundo,True,C-m0.03,0.030000,Physalis peruviana,True,Physalis peruviana,0.000000,False,False,,False
Acer_negundo_2.jpg,Acer negundo,True,C-m0.04,0.040000,Physalis peruviana,True,Physalis peruviana,0.000000,False,False,,False
Acer_negundo_2.jpg,Acer negundo,True,C-m0.05,0.050000,Physalis peruviana,True,Physalis peruviana,0.000000,False,False,,False
Acer_negundo_2.jpg,Acer negundo,True,C-m0.06,0.060000,Physalis peruviana,True,Physalis peruviana,0.000000,False,False,,False
Acer_negundo_2.jpg,Acer negundo,True,C-m0.08,0.080000,Physalis peruviana,True,Physalis peruviana,0.000000,False,False,,False
Acer_negundo_2.jpg,Acer negundo,True,C-m0.10,0.100000,Physalis peruviana,True,Physalis peruviana,0.000000,False,False,,False
Acer_negundo_2.jpg,Acer negundo,True,T,0.000000,Araujia sericifera,True,Araujia sericifera,0.000000,False,False,,False
Acer_negundo_2.jpg,Acer negundo,True,T-veto2,0.000000,Araujia sericifera,True,Araujia sericifera,0.000000,False,False,,False
Acer_negundo_2.jpg,Acer negundo,True,T-veto3,0.000000,Araujia sericifera,True,Araujia sericifera,0.000000,False,False,,False
Acer_negundo_2.jpg,Acer negundo,True,T-veto5,0.000000,Araujia sericifera,True,Araujia sericifera,0.000000,False,False,,False
Acer_negundo_2.jpg,Acer negundo,True,W,0.000000,Araujia sericifera,True,Araujia sericifera,0.000000,False,False,,False
Acer_negundo_2.jpg,Acer negundo,True,C-m*raw,0.047722,Physalis peruviana,True,Physalis peruviana,0.000000,False,False,,False
Acer_negundo_2.jpg,Acer negundo,True,C-m*hazard,0.047722,Physalis peruviana,True,Physalis peruviana,0.000000,False,False,,False
Cornus_florida_0.jpg,Cornus florida,True,A,0.000000,Callicarpa americana,False,,inf,False,True,Callicarpa americana,False
Cornus_florida_0.jpg,Cornus florida,True,B,0.000000,Nandina domestica,True,Nandina domestica,0.000000,False,False,,False
Cornus_florida_0.jpg,Cornus florida,True,C,0.000000,Nandina domestica,True,Nandina domestica,0.000000,False,False,,False
Cornus_florida_0.jpg,Cornus florida,True,C-veto2,0.000000,Nandina domestica,True,Nandina domestica,0.000000,False,False,,False
Cornus_florida_0.jpg,Cornus florida,True,C-veto3,0.000000,Nandina domestica,True,Nandina domestica,0.000000,False,False,,False
Cornus_florida_0.jpg,Cornus florida,True,C-veto5,0.000000,Nandina domestica,True,Nandina domestica,0.000000,False,False,,False
Cornus_florida_0.jpg,Cornus florida,True,C-m0.01,0.010000,Nandina domestica,True,Nandina domestica,0.000000,False,False,,False
Cornus_florida_0.jpg,Cornus florida,True,C-m0.02,0.020000,Nandina domestica,True,Nandina domestica,0.000000,False,False,,False
Cornus_florida_0.jpg,Cornus florida,True,C-m0.03,0.030000,Nandina domestica,True,Nandina domestica,0.000000,False,False,,False
Cornus_florida_0.jpg,Cornus florida,True,C-m0.04,0.040000,Nandina domestica,True,Nandina domestica,0.000000,False,False,,False
Cornus_florida_0.jpg,Cornus florida,True,C-m0.05,0.050000,Nandina domestica,True,Nandina domestica,0.000000,False,False,,False
Cornus_florida_0.jpg,Cornus florida,True,C-m0.06,0.060000,Nandina domestica,True,Nandina domestica,0.000000,False,False,,False
Cornus_florida_0.jpg,Cornus florida,True,C-m0.08,0.080000,Nandina domestica,True,Nandina domestica,0.000000,False,False,,False
Cornus_florida_0.jpg,Cornus florida,True,C-m0.10,0.100000,Nandina domestica,True,Nandina domestica,0.000000,False,False,,False
Cornus_florida_0.jpg,Cornus florida,True,T,0.000000,Fuchsia boliviana,True,Fuchsia boliviana,0.000000,False,False,,False
Cornus_florida_0.jpg,Cornus florida,True,T-veto2,0.000000,Fuchsia boliviana,True,Fuchsia boliviana,0.000000,False,False,,False
Cornus_florida_0.jpg,Cornus florida,True,T-veto3,0.000000,Fuchsia boliviana,True,Fuchsia boliviana,0.000000,False,False,,False
Cornus_florida_0.jpg,Cornus florida,True,T-veto5,0.000000,Fuchsia boliviana,True,Fuchsia boliviana,0.000000,False,False,,False
Cornus_florida_0.jpg,Cornus florida,True,W,0.000000,Hamelia patens,False,Fuchsia boliviana,0.029068,False,False,,False
Cornus_florida_0.jpg,Cornus florida,True,C-m*raw,0.047722,Nandina domestica,True,Nandina domestica,0.000000,False,False,,False
Cornus_florida_0.jpg,Cornus florida,True,C-m*hazard,0.047722,Nandina domestica,True,Nandina domestica,0.000000,False,False,,False
Cornus_florida_1.jpg,Cornus florida,True,A,0.000000,Sassafras albidum,False,,inf,False,True,Sassafras albidum,False
Cornus_florida_1.jpg,Cornus florida,True,B,0.000000,Asimina triloba,True,Asimina triloba,0.000000,False,False,,False
Cornus_florida_1.jpg,Cornus florida,True,C,0.000000,Asimina triloba,True,Asimina triloba,0.000000,False,False,,False
Cornus_florida_1.jpg,Cornus florida,True,C-veto2,0.000000,Asimina triloba,True,Asimina triloba,0.000000,False,False,,False
Cornus_florida_1.jpg,Cornus florida,True,C-veto3,0.000000,Asimina triloba,True,Asimina triloba,0.000000,False,False,,False
Cornus_florida_1.jpg,Cornus florida,True,C-veto5,0.000000,Asimina triloba,True,Asimina triloba,0.000000,False,False,,False
Cornus_florida_1.jpg,Cornus florida,True,C-m0.01,0.010000,Asimina triloba,True,Asimina triloba,0.000000,False,False,,False
Cornus_florida_1.jpg,Cornus florida,True,C-m0.02,0.020000,Asimina triloba,True,Asimina triloba,0.000000,False,False,,False
Cornus_florida_1.jpg,Cornus florida,True,C-m0.03,0.030000,Asimina triloba,True,Asimina triloba,0.000000,False,False,,False
Cornus_florida_1.jpg,Cornus florida,True,C-m0.04,0.040000,Asimina triloba,True,Asimina triloba,0.000000,False,False,,False
Cornus_florida_1.jpg,Cornus florida,True,C-m0.05,0.050000,Asimina triloba,True,Asimina triloba,0.000000,False,False,,False
Cornus_florida_1.jpg,Cornus florida,True,C-m0.06,0.060000,Asimina triloba,True,Asimina triloba,0.000000,False,False,,False
Cornus_florida_1.jpg,Cornus florida,True,C-m0.08,0.080000,Asimina triloba,True,Asimina triloba,0.000000,False,False,,False
Cornus_florida_1.jpg,Cornus florida,True,C-m0.10,0.100000,Asimina triloba,True,Asimina triloba,0.000000,False,False,,False
Cornus_florida_1.jpg,Cornus florida,True,T,0.000000,Asimina triloba,True,Asimina triloba,0.000000,False,False,,False
Cornus_florida_1.jpg,Cornus florida,True,T-veto2,0.000000,Asimina triloba,True,Asimina triloba,0.000000,False,False,,False
Cornus_florida_1.jpg,Cornus florida,True,T-veto3,0.000000,Asimina triloba,True,Asimina triloba,0.000000,False,False,,False
Cornus_florida_1.jpg,Cornus florida,True,T-veto5,0.000000,Asimina triloba,True,Asimina triloba,0.000000,False,False,,False
Cornus_florida_1.jpg,Cornus florida,True,W,0.000000,Nyssa sylvatica,False,Asimina triloba,0.032813,False,False,,False
Cornus_florida_1.jpg,Cornus florida,True,C-m*raw,0.047722,Asimina triloba,True,Asimina triloba,0.000000,False,False,,False
Cornus_florida_1.jpg,Cornus florida,True,C-m*hazard,0.047722,Asimina triloba,True,Asimina triloba,0.000000,False,False,,False
Cornus_florida_2.jpg,Cornus florida,True,A,0.000000,Diospyros virginiana,False,,inf,False,True,Diospyros virginiana,False
Cornus_florida_2.jpg,Cornus florida,True,B,0.000000,Lonicera maackii,True,Lonicera maackii,0.000000,False,False,,False
Cornus_florida_2.jpg,Cornus florida,True,C,0.000000,Lonicera maackii,True,Lonicera maackii,0.000000,False,False,,False
Cornus_florida_2.jpg,Cornus florida,True,C-veto2,0.000000,Lonicera maackii,True,Lonicera maackii,0.000000,False,False,,False
Cornus_florida_2.jpg,Cornus florida,True,C-veto3,0.000000,Lonicera maackii,True,Lonicera maackii,0.000000,False,False,,False
Cornus_florida_2.jpg,Cornus florida,True,C-veto5,0.000000,Lonicera maackii,True,Lonicera maackii,0.000000,False,False,,False
Cornus_florida_2.jpg,Cornus florida,True,C-m0.01,0.010000,Lonicera maackii,True,Lonicera maackii,0.000000,False,False,,False
Cornus_florida_2.jpg,Cornus florida,True,C-m0.02,0.020000,Lonicera maackii,True,Lonicera maackii,0.000000,False,False,,False
Cornus_florida_2.jpg,Cornus florida,True,C-m0.03,0.030000,Lonicera maackii,True,Lonicera maackii,0.000000,False,False,,False
Cornus_florida_2.jpg,Cornus florida,True,C-m0.04,0.040000,Lonicera maackii,True,Lonicera maackii,0.000000,False,False,,False
Cornus_florida_2.jpg,Cornus florida,True,C-m0.05,0.050000,Lonicera maackii,True,Lonicera maackii,0.000000,False,False,,False
Cornus_florida_2.jpg,Cornus florida,True,C-m0.06,0.060000,Lonicera maackii,True,Lonicera maackii,0.000000,False,False,,False
Cornus_florida_2.jpg,Cornus florida,True,C-m0.08,0.080000,Lonicera maackii,True,Lonicera maackii,0.000000,False,False,,False
Cornus_florida_2.jpg,Cornus florida,True,C-m0.10,0.100000,Lonicera maackii,True,Lonicera maackii,0.000000,False,False,,False
Cornus_florida_2.jpg,Cornus florida,True,T,0.000000,Lonicera maackii,True,Lonicera maackii,0.000000,False,False,,False
Cornus_florida_2.jpg,Cornus florida,True,T-veto2,0.000000,Lonicera maackii,True,Lonicera maackii,0.000000,False,False,,False
Cornus_florida_2.jpg,Cornus florida,True,T-veto3,0.000000,Lonicera maackii,True,Lonicera maackii,0.000000,False,False,,False
Cornus_florida_2.jpg,Cornus florida,True,T-veto5,0.000000,Lonicera maackii,True,Lonicera maackii,0.000000,False,False,,False
Cornus_florida_2.jpg,Cornus florida,True,W,0.000000,Lonicera maackii,True,Lonicera maackii,0.000000,False,False,,False
Cornus_florida_2.jpg,Cornus florida,True,C-m*raw,0.047722,Lonicera maackii,True,Lonicera maackii,0.000000,False,False,,False
Cornus_florida_2.jpg,Cornus florida,True,C-m*hazard,0.047722,Lonicera maackii,True,Lonicera maackii,0.000000,False,False,,False
Nandina_domestica_0.jpg,Nandina domestica,True,A,0.000000,Magnolia grandiflora,False,,inf,False,True,Magnolia grandiflora,False
Nandina_domestica_0.jpg,Nandina domestica,True,B,0.000000,Nandina domestica,True,Nandina domestica,0.000000,False,False,,False
Nandina_domestica_0.jpg,Nandina domestica,True,C,0.000000,Nandina domestica,True,Nandina domestica,0.000000,False,False,,False
Nandina_domestica_0.jpg,Nandina domestica,True,C-veto2,0.000000,Nandina domestica,True,Nandina domestica,0.000000,False,False,,False
Nandina_domestica_0.jpg,Nandina domestica,True,C-veto3,0.000000,Nandina domestica,True,Nandina domestica,0.000000,False,False,,False
Nandina_domestica_0.jpg,Nandina domestica,True,C-veto5,0.000000,Nandina domestica,True,Nandina domestica,0.000000,False,False,,False
Nandina_domestica_0.jpg,Nandina domestica,True,C-m0.01,0.010000,Nandina domestica,True,Nandina domestica,0.000000,False,False,,False
Nandina_domestica_0.jpg,Nandina domestica,True,C-m0.02,0.020000,Nandina domestica,True,Nandina domestica,0.000000,False,False,,False
Nandina_domestica_0.jpg,Nandina domestica,True,C-m0.03,0.030000,Nandina domestica,True,Nandina domestica,0.000000,False,False,,False
Nandina_domestica_0.jpg,Nandina domestica,True,C-m0.04,0.040000,Nandina domestica,True,Nandina domestica,0.000000,False,False,,False
Nandina_domestica_0.jpg,Nandina domestica,True,C-m0.05,0.050000,Nandina domestica,True,Nandina domestica,0.000000,False,False,,False
Nandina_domestica_0.jpg,Nandina domestica,True,C-m0.06,0.060000,Nandina domestica,True,Nandina domestica,0.000000,False,False,,False
Nandina_domestica_0.jpg,Nandina domestica,True,C-m0.08,0.080000,Nandina domestica,True,Nandina domestica,0.000000,False,False,,False
Nandina_domestica_0.jpg,Nandina domestica,True,C-m0.10,0.100000,Nandina domestica,True,Nandina domestica,0.000000,False,False,,False
Nandina_domestica_0.jpg,Nandina domestica,True,T,0.000000,Nandina domestica,True,Nandina domestica,0.000000,False,False,,False
Nandina_domestica_0.jpg,Nandina domestica,True,T-veto2,0.000000,Nandina domestica,True,Nandina domestica,0.000000,False,False,,False
Nandina_domestica_0.jpg,Nandina domestica,True,T-veto3,0.000000,Nandina domestica,True,Nandina domestica,0.000000,False,False,,False
Nandina_domestica_0.jpg,Nandina domestica,True,T-veto5,0.000000,Nandina domestica,True,Nandina domestica,0.000000,False,False,,False
Nandina_domestica_0.jpg,Nandina domestica,True,W,0.000000,Nandina domestica,True,Nandina domestica,0.000000,False,False,,False
Nandina_domestica_0.jpg,Nandina domestica,True,C-m*raw,0.047722,Nandina domestica,True,Nandina domestica,0.000000,False,False,,False
Nandina_domestica_0.jpg,Nandina domestica,True,C-m*hazard,0.047722,Nandina domestica,True,Nandina domestica,0.000000,False,False,,False
Nandina_domestica_1.jpg,Nandina domestica,True,A,0.000000,Rhus copallinum,False,,inf,False,True,Rhus copallinum,False
Nandina_domestica_1.jpg,Nandina domestica,True,B,0.000000,Nandina domestica,True,Nandina domestica,0.000000,False,False,,False
Nandina_domestica_1.jpg,Nandina domestica,True,C,0.000000,Melia azedarach,True,Melia azedarach,0.000000,False,False,,False
Nandina_domestica_1.jpg,Nandina domestica,True,C-veto2,0.000000,Melia azedarach,True,Melia azedarach,0.000000,False,False,,False
Nandina_domestica_1.jpg,Nandina domestica,True,C-veto3,0.000000,Melia azedarach,True,Melia azedarach,0.000000,False,False,,False
Nandina_domestica_1.jpg,Nandina domestica,True,C-veto5,0.000000,Melia azedarach,True,Melia azedarach,0.000000,False,False,,False
Nandina_domestica_1.jpg,Nandina domestica,True,C-m0.01,0.010000,Melia azedarach,True,Melia azedarach,0.000000,False,False,,False
Nandina_domestica_1.jpg,Nandina domestica,True,C-m0.02,0.020000,Melia azedarach,True,Melia azedarach,0.000000,False,False,,False
Nandina_domestica_1.jpg,Nandina domestica,True,C-m0.03,0.030000,Melia azedarach,True,Melia azedarach,0.000000,False,False,,False
Nandina_domestica_1.jpg,Nandina domestica,True,C-m0.04,0.040000,Melia azedarach,True,Melia azedarach,0.000000,False,False,,False
Nandina_domestica_1.jpg,Nandina domestica,True,C-m0.05,0.050000,Melia azedarach,True,Melia azedarach,0.000000,False,False,,False
Nandina_domestica_1.jpg,Nandina domestica,True,C-m0.06,0.060000,Melia azedarach,True,Melia azedarach,0.000000,False,False,,False
Nandina_domestica_1.jpg,Nandina domestica,True,C-m0.08,0.080000,Melia azedarach,True,Melia azedarach,0.000000,False,False,,False
Nandina_domestica_1.jpg,Nandina domestica,True,C-m0.10,0.100000,Melia azedarach,True,Melia azedarach,0.000000,False,False,,False
Nandina_domestica_1.jpg,Nandina domestica,True,T,0.000000,Schinus molle,True,Schinus molle,0.000000,False,False,,False
Nandina_domestica_1.jpg,Nandina domestica,True,T-veto2,0.000000,Schinus molle,True,Schinus molle,0.000000,False,False,,False
Nandina_domestica_1.jpg,Nandina domestica,True,T-veto3,0.000000,Schinus molle,True,Schinus molle,0.000000,False,False,,False
Nandina_domestica_1.jpg,Nandina domestica,True,T-veto5,0.000000,Schinus molle,True,Schinus molle,0.000000,False,False,,False
Nandina_domestica_1.jpg,Nandina domestica,True,W,0.000000,Schinus molle,True,Schinus molle,0.000000,False,False,,False
Nandina_domestica_1.jpg,Nandina domestica,True,C-m*raw,0.047722,Melia azedarach,True,Melia azedarach,0.000000,False,False,,False
Nandina_domestica_1.jpg,Nandina domestica,True,C-m*hazard,0.047722,Melia azedarach,True,Melia azedarach,0.000000,False,False,,False
Nandina_domestica_2.jpg,Nandina domestica,True,A,0.000000,Phyllanthus urinaria,False,,inf,False,True,Phyllanthus urinaria,False
Nandina_domestica_2.jpg,Nandina domestica,True,B,0.000000,Nandina domestica,True,Nandina domestica,0.000000,False,False,,False
Nandina_domestica_2.jpg,Nandina domestica,True,C,0.000000,Nandina domestica,True,Nandina domestica,0.000000,False,False,,False
Nandina_domestica_2.jpg,Nandina domestica,True,C-veto2,0.000000,Nandina domestica,True,Nandina domestica,0.000000,False,False,,False
Nandina_domestica_2.jpg,Nandina domestica,True,C-veto3,0.000000,Nandina domestica,True,Nandina domestica,0.000000,False,False,,False
Nandina_domestica_2.jpg,Nandina domestica,True,C-veto5,0.000000,Nandina domestica,True,Nandina domestica,0.000000,False,False,,False
Nandina_domestica_2.jpg,Nandina domestica,True,C-m0.01,0.010000,Nandina domestica,True,Nandina domestica,0.000000,False,False,,False
Nandina_domestica_2.jpg,Nandina domestica,True,C-m0.02,0.020000,Nandina domestica,True,Nandina domestica,0.000000,False,False,,False
Nandina_domestica_2.jpg,Nandina domestica,True,C-m0.03,0.030000,Nandina domestica,True,Nandina domestica,0.000000,False,False,,False
Nandina_domestica_2.jpg,Nandina domestica,True,C-m0.04,0.040000,Nandina domestica,True,Nandina domestica,0.000000,False,False,,False
Nandina_domestica_2.jpg,Nandina domestica,True,C-m0.05,0.050000,Nandina domestica,True,Nandina domestica,0.000000,False,False,,False
Nandina_domestica_2.jpg,Nandina domestica,True,C-m0.06,0.060000,Nandina domestica,True,Nandina domestica,0.000000,False,False,,False
Nandina_domestica_2.jpg,Nandina domestica,True,C-m0.08,0.080000,Nandina domestica,True,Nandina domestica,0.000000,False,False,,False
Nandina_domestica_2.jpg,Nandina domestica,True,C-m0.10,0.100000,Nandina domestica,True,Nandina domestica,0.000000,False,False,,False
Nandina_domestica_2.jpg,Nandina domestica,True,T,0.000000,Alectryon excelsus,True,Alectryon excelsus,0.000000,False,False,,False
Nandina_domestica_2.jpg,Nandina domestica,True,T-veto2,0.000000,Alectryon excelsus,True,Alectryon excelsus,0.000000,False,False,,False
Nandina_domestica_2.jpg,Nandina domestica,True,T-veto3,0.000000,Alectryon excelsus,True,Alectryon excelsus,0.000000,False,False,,False
Nandina_domestica_2.jpg,Nandina domestica,True,T-veto5,0.000000,Alectryon excelsus,True,Alectryon excelsus,0.000000,False,False,,False
Nandina_domestica_2.jpg,Nandina domestica,True,W,0.000000,Ripogonum scandens,False,Alectryon excelsus,0.013358,False,False,,False
Nandina_domestica_2.jpg,Nandina domestica,True,C-m*raw,0.047722,Nandina domestica,True,Nandina domestica,0.000000,False,False,,False
Nandina_domestica_2.jpg,Nandina domestica,True,C-m*hazard,0.047722,Nandina domestica,True,Nandina domestica,0.000000,False,False,,False
Toxicodendron_radicans_0.jpg,Toxicodendron radicans,True,A,0.000000,Callicarpa americana,False,,inf,False,True,Callicarpa americana,False
Toxicodendron_radicans_0.jpg,Toxicodendron radicans,True,B,0.000000,Callicarpa americana,False,Toxicodendron radicans,0.050391,False,True,Callicarpa americana,False
Toxicodendron_radicans_0.jpg,Toxicodendron radicans,True,C,0.000000,Callicarpa americana,False,Berchemia scandens,0.047722,False,True,Callicarpa americana,False
Toxicodendron_radicans_0.jpg,Toxicodendron radicans,True,C-veto2,0.000000,Callicarpa americana,False,Berchemia scandens,0.047722,False,True,Callicarpa americana,False
Toxicodendron_radicans_0.jpg,Toxicodendron radicans,True,C-veto3,0.000000,Callicarpa americana,False,Berchemia scandens,0.047722,False,False,,False
Toxicodendron_radicans_0.jpg,Toxicodendron radicans,True,C-veto5,0.000000,Callicarpa americana,False,Berchemia scandens,0.047722,False,False,,False
Toxicodendron_radicans_0.jpg,Toxicodendron radicans,True,C-m0.01,0.010000,Callicarpa americana,False,Berchemia scandens,0.047722,False,True,Callicarpa americana,False
Toxicodendron_radicans_0.jpg,Toxicodendron radicans,True,C-m0.02,0.020000,Callicarpa americana,False,Berchemia scandens,0.047722,False,True,Callicarpa americana,False
Toxicodendron_radicans_0.jpg,Toxicodendron radicans,True,C-m0.03,0.030000,Callicarpa americana,False,Berchemia scandens,0.047722,False,True,Callicarpa americana,False
Toxicodendron_radicans_0.jpg,Toxicodendron radicans,True,C-m0.04,0.040000,Callicarpa americana,False,Berchemia scandens,0.047722,False,True,Callicarpa americana,False
Toxicodendron_radicans_0.jpg,Toxicodendron radicans,True,C-m0.05,0.050000,Callicarpa americana,False,Berchemia scandens,0.047722,False,False,,False
Toxicodendron_radicans_0.jpg,Toxicodendron radicans,True,C-m0.06,0.060000,Callicarpa americana,False,Berchemia scandens,0.047722,False,False,,False
Toxicodendron_radicans_0.jpg,Toxicodendron radicans,True,C-m0.08,0.080000,Callicarpa americana,False,Berchemia scandens,0.047722,False,False,,False
Toxicodendron_radicans_0.jpg,Toxicodendron radicans,True,C-m0.10,0.100000,Callicarpa americana,False,Berchemia scandens,0.047722,False,False,,False
Toxicodendron_radicans_0.jpg,Toxicodendron radicans,True,T,0.000000,Callicarpa americana,False,Callicarpa formosana,0.038003,False,True,Callicarpa americana,False
Toxicodendron_radicans_0.jpg,Toxicodendron radicans,True,T-veto2,0.000000,Callicarpa americana,False,Callicarpa formosana,0.038003,False,True,Callicarpa americana,False
Toxicodendron_radicans_0.jpg,Toxicodendron radicans,True,T-veto3,0.000000,Callicarpa americana,False,Callicarpa formosana,0.038003,False,False,,False
Toxicodendron_radicans_0.jpg,Toxicodendron radicans,True,T-veto5,0.000000,Callicarpa americana,False,Callicarpa formosana,0.038003,False,False,,False
Toxicodendron_radicans_0.jpg,Toxicodendron radicans,True,W,0.000000,Callicarpa americana,False,Callicarpa formosana,0.038003,False,True,Callicarpa americana,False
Toxicodendron_radicans_0.jpg,Toxicodendron radicans,True,C-m*raw,0.047722,Callicarpa americana,False,Berchemia scandens,0.047722,False,False,,False
Toxicodendron_radicans_0.jpg,Toxicodendron radicans,True,C-m*hazard,0.047722,Callicarpa americana,False,Berchemia scandens,0.047722,False,False,,False
Toxicodendron_radicans_1.jpg,Toxicodendron radicans,True,A,0.000000,Sassafras albidum,False,,inf,True,True,Sassafras albidum,False
Toxicodendron_radicans_1.jpg,Toxicodendron radicans,True,B,0.000000,Toxicodendron radicans,True,Toxicodendron radicans,0.000000,True,False,,False
Toxicodendron_radicans_1.jpg,Toxicodendron radicans,True,C,0.000000,Toxicodendron radicans,True,Toxicodendron radicans,0.000000,True,False,,False
Toxicodendron_radicans_1.jpg,Toxicodendron radicans,True,C-veto2,0.000000,Toxicodendron radicans,True,Toxicodendron radicans,0.000000,True,False,,False
Toxicodendron_radicans_1.jpg,Toxicodendron radicans,True,C-veto3,0.000000,Toxicodendron radicans,True,Toxicodendron radicans,0.000000,True,False,,False
Toxicodendron_radicans_1.jpg,Toxicodendron radicans,True,C-veto5,0.000000,Toxicodendron radicans,True,Toxicodendron radicans,0.000000,True,False,,False
Toxicodendron_radicans_1.jpg,Toxicodendron radicans,True,C-m0.01,0.010000,Toxicodendron radicans,True,Toxicodendron radicans,0.000000,True,False,,False
Toxicodendron_radicans_1.jpg,Toxicodendron radicans,True,C-m0.02,0.020000,Toxicodendron radicans,True,Toxicodendron radicans,0.000000,True,False,,False
Toxicodendron_radicans_1.jpg,Toxicodendron radicans,True,C-m0.03,0.030000,Toxicodendron radicans,True,Toxicodendron radicans,0.000000,True,False,,False
Toxicodendron_radicans_1.jpg,Toxicodendron radicans,True,C-m0.04,0.040000,Toxicodendron radicans,True,Toxicodendron radicans,0.000000,True,False,,False
Toxicodendron_radicans_1.jpg,Toxicodendron radicans,True,C-m0.05,0.050000,Toxicodendron radicans,True,Toxicodendron radicans,0.000000,True,False,,False
Toxicodendron_radicans_1.jpg,Toxicodendron radicans,True,C-m0.06,0.060000,Toxicodendron radicans,True,Toxicodendron radicans,0.000000,True,False,,False
Toxicodendron_radicans_1.jpg,Toxicodendron radicans,True,C-m0.08,0.080000,Toxicodendron radicans,True,Toxicodendron radicans,0.000000,True,False,,False
Toxicodendron_radicans_1.jpg,Toxicodendron radicans,True,C-m0.10,0.100000,Toxicodendron radicans,True,Toxicodendron radicans,0.000000,True,False,,False
Toxicodendron_radicans_1.jpg,Toxicodendron radicans,True,T,0.000000,Toxicodendron radicans,True,Toxicodendron radicans,0.000000,True,False,,False
Toxicodendron_radicans_1.jpg,Toxicodendron radicans,True,T-veto2,0.000000,Toxicodendron radicans,True,Toxicodendron radicans,0.000000,True,False,,False
Toxicodendron_radicans_1.jpg,Toxicodendron radicans,True,T-veto3,0.000000,Toxicodendron radicans,True,Toxicodendron radicans,0.000000,True,False,,False
Toxicodendron_radicans_1.jpg,Toxicodendron radicans,True,T-veto5,0.000000,Toxicodendron radicans,True,Toxicodendron radicans,0.000000,True,False,,False
Toxicodendron_radicans_1.jpg,Toxicodendron radicans,True,W,0.000000,Toxicodendron radicans,True,Toxicodendron radicans,0.000000,True,False,,False
Toxicodendron_radicans_1.jpg,Toxicodendron radicans,True,C-m*raw,0.047722,Toxicodendron radicans,True,Toxicodendron radicans,0.000000,True,False,,False
Toxicodendron_radicans_1.jpg,Toxicodendron radicans,True,C-m*hazard,0.047722,Toxicodendron radicans,True,Toxicodendron radicans,0.000000,True,False,,False
Toxicodendron_radicans_2.jpg,Toxicodendron radicans,True,A,0.000000,Ampelopsis glandulosa,False,,inf,True,True,Ampelopsis glandulosa,False
Toxicodendron_radicans_2.jpg,Toxicodendron radicans,True,B,0.000000,Toxicodendron radicans,True,Toxicodendron radicans,0.000000,True,False,,False
Toxicodendron_radicans_2.jpg,Toxicodendron radicans,True,C,0.000000,Toxicodendron radicans,True,Toxicodendron radicans,0.000000,True,False,,False
Toxicodendron_radicans_2.jpg,Toxicodendron radicans,True,C-veto2,0.000000,Toxicodendron radicans,True,Toxicodendron radicans,0.000000,True,False,,False
Toxicodendron_radicans_2.jpg,Toxicodendron radicans,True,C-veto3,0.000000,Toxicodendron radicans,True,Toxicodendron radicans,0.000000,True,False,,False
Toxicodendron_radicans_2.jpg,Toxicodendron radicans,True,C-veto5,0.000000,Toxicodendron radicans,True,Toxicodendron radicans,0.000000,True,False,,False
Toxicodendron_radicans_2.jpg,Toxicodendron radicans,True,C-m0.01,0.010000,Toxicodendron radicans,True,Toxicodendron radicans,0.000000,True,False,,False
Toxicodendron_radicans_2.jpg,Toxicodendron radicans,True,C-m0.02,0.020000,Toxicodendron radicans,True,Toxicodendron radicans,0.000000,True,False,,False
Toxicodendron_radicans_2.jpg,Toxicodendron radicans,True,C-m0.03,0.030000,Toxicodendron radicans,True,Toxicodendron radicans,0.000000,True,False,,False
Toxicodendron_radicans_2.jpg,Toxicodendron radicans,True,C-m0.04,0.040000,Toxicodendron radicans,True,Toxicodendron radicans,0.000000,True,False,,False
Toxicodendron_radicans_2.jpg,Toxicodendron radicans,True,C-m0.05,0.050000,Toxicodendron radicans,True,Toxicodendron radicans,0.000000,True,False,,False
Toxicodendron_radicans_2.jpg,Toxicodendron radicans,True,C-m0.06,0.060000,Toxicodendron radicans,True,Toxicodendron radicans,0.000000,True,False,,False
Toxicodendron_radicans_2.jpg,Toxicodendron radicans,True,C-m0.08,0.080000,Toxicodendron radicans,True,Toxicodendron radicans,0.000000,True,False,,False
Toxicodendron_radicans_2.jpg,Toxicodendron radicans,True,C-m0.10,0.100000,Toxicodendron radicans,True,Toxicodendron radicans,0.000000,True,False,,False
Toxicodendron_radicans_2.jpg,Toxicodendron radicans,True,T,0.000000,Toxicodendron radicans,True,Toxicodendron radicans,0.000000,True,False,,False
Toxicodendron_radicans_2.jpg,Toxicodendron radicans,True,T-veto2,0.000000,Toxicodendron radicans,True,Toxicodendron radicans,0.000000,True,False,,False
Toxicodendron_radicans_2.jpg,Toxicodendron radicans,True,T-veto3,0.000000,Toxicodendron radicans,True,Toxicodendron radicans,0.000000,True,False,,False
Toxicodendron_radicans_2.jpg,Toxicodendron radicans,True,T-veto5,0.000000,Toxicodendron radicans,True,Toxicodendron radicans,0.000000,True,False,,False
Toxicodendron_radicans_2.jpg,Toxicodendron radicans,True,W,0.000000,Toxicodendron radicans,True,Toxicodendron radicans,0.000000,True,False,,False
Toxicodendron_radicans_2.jpg,Toxicodendron radicans,True,C-m*raw,0.047722,Toxicodendron radicans,True,Toxicodendron radicans,0.000000,True,False,,False
Toxicodendron_radicans_2.jpg,Toxicodendron radicans,True,C-m*hazard,0.047722,Toxicodendron radicans,True,Toxicodendron radicans,0.000000,True,False,,False
Solanum_carolinense_0.jpg,Solanum carolinense,True,A,0.000000,Diospyros virginiana,False,,inf,True,True,Diospyros virginiana,False
Solanum_carolinense_0.jpg,Solanum carolinense,True,B,0.000000,Solanum carolinense,True,Solanum carolinense,0.000000,True,False,,False
Solanum_carolinense_0.jpg,Solanum carolinense,True,C,0.000000,Solanum carolinense,True,Solanum carolinense,0.000000,True,False,,False
Solanum_carolinense_0.jpg,Solanum carolinense,True,C-veto2,0.000000,Solanum carolinense,True,Solanum carolinense,0.000000,True,False,,False
Solanum_carolinense_0.jpg,Solanum carolinense,True,C-veto3,0.000000,Solanum carolinense,True,Solanum carolinense,0.000000,True,False,,False
Solanum_carolinense_0.jpg,Solanum carolinense,True,C-veto5,0.000000,Solanum carolinense,True,Solanum carolinense,0.000000,True,False,,False
Solanum_carolinense_0.jpg,Solanum carolinense,True,C-m0.01,0.010000,Solanum carolinense,True,Solanum carolinense,0.000000,True,False,,False
Solanum_carolinense_0.jpg,Solanum carolinense,True,C-m0.02,0.020000,Solanum carolinense,True,Solanum carolinense,0.000000,True,False,,False
Solanum_carolinense_0.jpg,Solanum carolinense,True,C-m0.03,0.030000,Solanum carolinense,True,Solanum carolinense,0.000000,True,False,,False
Solanum_carolinense_0.jpg,Solanum carolinense,True,C-m0.04,0.040000,Solanum carolinense,True,Solanum carolinense,0.000000,True,False,,False
Solanum_carolinense_0.jpg,Solanum carolinense,True,C-m0.05,0.050000,Solanum carolinense,True,Solanum carolinense,0.000000,True,False,,False
Solanum_carolinense_0.jpg,Solanum carolinense,True,C-m0.06,0.060000,Solanum carolinense,True,Solanum carolinense,0.000000,True,False,,False
Solanum_carolinense_0.jpg,Solanum carolinense,True,C-m0.08,0.080000,Solanum carolinense,True,Solanum carolinense,0.000000,True,False,,False
Solanum_carolinense_0.jpg,Solanum carolinense,True,C-m0.10,0.100000,Solanum carolinense,True,Solanum carolinense,0.000000,True,False,,False
Solanum_carolinense_0.jpg,Solanum carolinense,True,T,0.000000,Solanum carolinense,True,Solanum carolinense,0.000000,True,False,,False
Solanum_carolinense_0.jpg,Solanum carolinense,True,T-veto2,0.000000,Solanum carolinense,True,Solanum carolinense,0.000000,True,False,,False
Solanum_carolinense_0.jpg,Solanum carolinense,True,T-veto3,0.000000,Solanum carolinense,True,Solanum carolinense,0.000000,True,False,,False
Solanum_carolinense_0.jpg,Solanum carolinense,True,T-veto5,0.000000,Solanum carolinense,True,Solanum carolinense,0.000000,True,False,,False
Solanum_carolinense_0.jpg,Solanum carolinense,True,W,0.000000,Solanum carolinense,True,Solanum carolinense,0.000000,True,False,,False
Solanum_carolinense_0.jpg,Solanum carolinense,True,C-m*raw,0.047722,Solanum carolinense,True,Solanum carolinense,0.000000,True,False,,False
Solanum_carolinense_0.jpg,Solanum carolinense,True,C-m*hazard,0.047722,Solanum carolinense,True,Solanum carolinense,0.000000,True,False,,False
Solanum_carolinense_1.jpg,Solanum carolinense,True,A,0.000000,Erechtites hieraciifolius,False,,inf,False,True,Erechtites hieraciifolius,False
Solanum_carolinense_1.jpg,Solanum carolinense,True,B,0.000000,Solanum carolinense,True,Solanum carolinense,0.000000,False,False,,False
Solanum_carolinense_1.jpg,Solanum carolinense,True,C,0.000000,Solanum pseudocapsicum,True,Solanum pseudocapsicum,0.000000,False,False,,False
Solanum_carolinense_1.jpg,Solanum carolinense,True,C-veto2,0.000000,Solanum pseudocapsicum,True,Solanum pseudocapsicum,0.000000,False,False,,False
Solanum_carolinense_1.jpg,Solanum carolinense,True,C-veto3,0.000000,Solanum pseudocapsicum,True,Solanum pseudocapsicum,0.000000,False,False,,False
Solanum_carolinense_1.jpg,Solanum carolinense,True,C-veto5,0.000000,Solanum pseudocapsicum,True,Solanum pseudocapsicum,0.000000,False,False,,False
Solanum_carolinense_1.jpg,Solanum carolinense,True,C-m0.01,0.010000,Solanum pseudocapsicum,True,Solanum pseudocapsicum,0.000000,False,False,,False
Solanum_carolinense_1.jpg,Solanum carolinense,True,C-m0.02,0.020000,Solanum pseudocapsicum,True,Solanum pseudocapsicum,0.000000,False,False,,False
Solanum_carolinense_1.jpg,Solanum carolinense,True,C-m0.03,0.030000,Solanum pseudocapsicum,True,Solanum pseudocapsicum,0.000000,False,False,,False
Solanum_carolinense_1.jpg,Solanum carolinense,True,C-m0.04,0.040000,Solanum pseudocapsicum,True,Solanum pseudocapsicum,0.000000,False,False,,False
Solanum_carolinense_1.jpg,Solanum carolinense,True,C-m0.05,0.050000,Solanum pseudocapsicum,True,Solanum pseudocapsicum,0.000000,False,False,,False
Solanum_carolinense_1.jpg,Solanum carolinense,True,C-m0.06,0.060000,Solanum pseudocapsicum,True,Solanum pseudocapsicum,0.000000,False,False,,False
Solanum_carolinense_1.jpg,Solanum carolinense,True,C-m0.08,0.080000,Solanum pseudocapsicum,True,Solanum pseudocapsicum,0.000000,False,False,,False
Solanum_carolinense_1.jpg,Solanum carolinense,True,C-m0.10,0.100000,Solanum pseudocapsicum,True,Solanum pseudocapsicum,0.000000,False,False,,False
Solanum_carolinense_1.jpg,Solanum carolinense,True,T,0.000000,Solanum mauritianum,True,Solanum mauritianum,0.000000,False,False,,False
Solanum_carolinense_1.jpg,Solanum carolinense,True,T-veto2,0.000000,Solanum mauritianum,True,Solanum mauritianum,0.000000,False,False,,False
Solanum_carolinense_1.jpg,Solanum carolinense,True,T-veto3,0.000000,Solanum mauritianum,True,Solanum mauritianum,0.000000,False,False,,False
Solanum_carolinense_1.jpg,Solanum carolinense,True,T-veto5,0.000000,Solanum mauritianum,True,Solanum mauritianum,0.000000,False,False,,False
Solanum_carolinense_1.jpg,Solanum carolinense,True,W,0.000000,Solanum mauritianum,True,Solanum mauritianum,0.000000,False,False,,False
Solanum_carolinense_1.jpg,Solanum carolinense,True,C-m*raw,0.047722,Solanum pseudocapsicum,True,Solanum pseudocapsicum,0.000000,False,False,,False
Solanum_carolinense_1.jpg,Solanum carolinense,True,C-m*hazard,0.047722,Solanum pseudocapsicum,True,Solanum pseudocapsicum,0.000000,False,False,,False
Solanum_carolinense_2.jpg,Solanum carolinense,True,A,0.000000,Sassafras albidum,False,,inf,True,True,Sassafras albidum,False
Solanum_carolinense_2.jpg,Solanum carolinense,True,B,0.000000,Solanum carolinense,True,Solanum carolinense,0.000000,True,False,,False
Solanum_carolinense_2.jpg,Solanum carolinense,True,C,0.000000,Solanum carolinense,True,Solanum carolinense,0.000000,True,False,,False
Solanum_carolinense_2.jpg,Solanum carolinense,True,C-veto2,0.000000,Solanum carolinense,True,Solanum carolinense,0.000000,True,False,,False
Solanum_carolinense_2.jpg,Solanum carolinense,True,C-veto3,0.000000,Solanum carolinense,True,Solanum carolinense,0.000000,True,False,,False
Solanum_carolinense_2.jpg,Solanum carolinense,True,C-veto5,0.000000,Solanum carolinense,True,Solanum carolinense,0.000000,True,False,,False
Solanum_carolinense_2.jpg,Solanum carolinense,True,C-m0.01,0.010000,Solanum carolinense,True,Solanum carolinense,0.000000,True,False,,False
Solanum_carolinense_2.jpg,Solanum carolinense,True,C-m0.02,0.020000,Solanum carolinense,True,Solanum carolinense,0.000000,True,False,,False
Solanum_carolinense_2.jpg,Solanum carolinense,True,C-m0.03,0.030000,Solanum carolinense,True,Solanum carolinense,0.000000,True,False,,False
Solanum_carolinense_2.jpg,Solanum carolinense,True,C-m0.04,0.040000,Solanum carolinense,True,Solanum carolinense,0.000000,True,False,,False
Solanum_carolinense_2.jpg,Solanum carolinense,True,C-m0.05,0.050000,Solanum carolinense,True,Solanum carolinense,0.000000,True,False,,False
Solanum_carolinense_2.jpg,Solanum carolinense,True,C-m0.06,0.060000,Solanum carolinense,True,Solanum carolinense,0.000000,True,False,,False
Solanum_carolinense_2.jpg,Solanum carolinense,True,C-m0.08,0.080000,Solanum carolinense,True,Solanum carolinense,0.000000,True,False,,False
Solanum_carolinense_2.jpg,Solanum carolinense,True,C-m0.10,0.100000,Solanum carolinense,True,Solanum carolinense,0.000000,True,False,,False
Solanum_carolinense_2.jpg,Solanum carolinense,True,T,0.000000,Solanum carolinense,True,Solanum carolinense,0.000000,True,False,,False
Solanum_carolinense_2.jpg,Solanum carolinense,True,T-veto2,0.000000,Solanum carolinense,True,Solanum carolinense,0.000000,True,False,,False
Solanum_carolinense_2.jpg,Solanum carolinense,True,T-veto3,0.000000,Solanum carolinense,True,Solanum carolinense,0.000000,True,False,,False
Solanum_carolinense_2.jpg,Solanum carolinense,True,T-veto5,0.000000,Solanum carolinense,True,Solanum carolinense,0.000000,True,False,,False
Solanum_carolinense_2.jpg,Solanum carolinense,True,W,0.000000,Solanum carolinense,True,Solanum carolinense,0.000000,True,False,,False
Solanum_carolinense_2.jpg,Solanum carolinense,True,C-m*raw,0.047722,Solanum carolinense,True,Solanum carolinense,0.000000,True,False,,False
Solanum_carolinense_2.jpg,Solanum carolinense,True,C-m*hazard,0.047722,Solanum carolinense,True,Solanum carolinense,0.000000,True,False,,False
Juglans_nigra_0.jpg,Juglans nigra,True,A,0.000000,Albizia julibrissin,False,,inf,False,True,Albizia julibrissin,False
Juglans_nigra_0.jpg,Juglans nigra,True,B,0.000000,Juglans nigra,True,Juglans nigra,0.000000,False,False,,False
Juglans_nigra_0.jpg,Juglans nigra,True,C,0.000000,Ailanthus altissima,True,Ailanthus altissima,0.000000,False,False,,False
Juglans_nigra_0.jpg,Juglans nigra,True,C-veto2,0.000000,Ailanthus altissima,True,Ailanthus altissima,0.000000,False,False,,False
Juglans_nigra_0.jpg,Juglans nigra,True,C-veto3,0.000000,Ailanthus altissima,True,Ailanthus altissima,0.000000,False,False,,False
Juglans_nigra_0.jpg,Juglans nigra,True,C-veto5,0.000000,Ailanthus altissima,True,Ailanthus altissima,0.000000,False,False,,False
Juglans_nigra_0.jpg,Juglans nigra,True,C-m0.01,0.010000,Ailanthus altissima,True,Ailanthus altissima,0.000000,False,False,,False
Juglans_nigra_0.jpg,Juglans nigra,True,C-m0.02,0.020000,Ailanthus altissima,True,Ailanthus altissima,0.000000,False,False,,False
Juglans_nigra_0.jpg,Juglans nigra,True,C-m0.03,0.030000,Ailanthus altissima,True,Ailanthus altissima,0.000000,False,False,,False
Juglans_nigra_0.jpg,Juglans nigra,True,C-m0.04,0.040000,Ailanthus altissima,True,Ailanthus altissima,0.000000,False,False,,False
Juglans_nigra_0.jpg,Juglans nigra,True,C-m0.05,0.050000,Ailanthus altissima,True,Ailanthus altissima,0.000000,False,False,,False
Juglans_nigra_0.jpg,Juglans nigra,True,C-m0.06,0.060000,Ailanthus altissima,True,Ailanthus altissima,0.000000,False,False,,False
Juglans_nigra_0.jpg,Juglans nigra,True,C-m0.08,0.080000,Ailanthus altissima,True,Ailanthus altissima,0.000000,False,False,,False
Juglans_nigra_0.jpg,Juglans nigra,True,C-m0.10,0.100000,Ailanthus altissima,True,Ailanthus altissima,0.000000,False,False,,False
Juglans_nigra_0.jpg,Juglans nigra,True,T,0.000000,Ailanthus altissima,True,Ailanthus altissima,0.000000,False,False,,False
Juglans_nigra_0.jpg,Juglans nigra,True,T-veto2,0.000000,Ailanthus altissima,True,Ailanthus altissima,0.000000,False,False,,False
Juglans_nigra_0.jpg,Juglans nigra,True,T-veto3,0.000000,Ailanthus altissima,True,Ailanthus altissima,0.000000,False,False,,False
Juglans_nigra_0.jpg,Juglans nigra,True,T-veto5,0.000000,Ailanthus altissima,True,Ailanthus altissima,0.000000,False,False,,False
Juglans_nigra_0.jpg,Juglans nigra,True,W,0.000000,Ailanthus altissima,True,Ailanthus altissima,0.000000,False,False,,False
Juglans_nigra_0.jpg,Juglans nigra,True,C-m*raw,0.047722,Ailanthus altissima,True,Ailanthus altissima,0.000000,False,False,,False
Juglans_nigra_0.jpg,Juglans nigra,True,C-m*hazard,0.047722,Ailanthus altissima,True,Ailanthus altissima,0.000000,False,False,,False
Juglans_nigra_1.jpg,Juglans nigra,True,A,0.000000,Albizia julibrissin,False,,inf,False,True,Albizia julibrissin,False
Juglans_nigra_1.jpg,Juglans nigra,True,B,0.000000,Juglans nigra,True,Juglans nigra,0.000000,False,False,,False
Juglans_nigra_1.jpg,Juglans nigra,True,C,0.000000,Juglans nigra,True,Juglans nigra,0.000000,False,False,,False
Juglans_nigra_1.jpg,Juglans nigra,True,C-veto2,0.000000,Juglans nigra,True,Juglans nigra,0.000000,False,False,,False
Juglans_nigra_1.jpg,Juglans nigra,True,C-veto3,0.000000,Juglans nigra,True,Juglans nigra,0.000000,False,False,,False
Juglans_nigra_1.jpg,Juglans nigra,True,C-veto5,0.000000,Juglans nigra,True,Juglans nigra,0.000000,False,False,,False
Juglans_nigra_1.jpg,Juglans nigra,True,C-m0.01,0.010000,Juglans nigra,True,Juglans nigra,0.000000,False,False,,False
Juglans_nigra_1.jpg,Juglans nigra,True,C-m0.02,0.020000,Juglans nigra,True,Juglans nigra,0.000000,False,False,,False
Juglans_nigra_1.jpg,Juglans nigra,True,C-m0.03,0.030000,Juglans nigra,True,Juglans nigra,0.000000,False,False,,False
Juglans_nigra_1.jpg,Juglans nigra,True,C-m0.04,0.040000,Juglans nigra,True,Juglans nigra,0.000000,False,False,,False
Juglans_nigra_1.jpg,Juglans nigra,True,C-m0.05,0.050000,Juglans nigra,True,Juglans nigra,0.000000,False,False,,False
Juglans_nigra_1.jpg,Juglans nigra,True,C-m0.06,0.060000,Juglans nigra,True,Juglans nigra,0.000000,False,False,,False
Juglans_nigra_1.jpg,Juglans nigra,True,C-m0.08,0.080000,Juglans nigra,True,Juglans nigra,0.000000,False,False,,False
Juglans_nigra_1.jpg,Juglans nigra,True,C-m0.10,0.100000,Juglans nigra,True,Juglans nigra,0.000000,False,False,,False
Juglans_nigra_1.jpg,Juglans nigra,True,T,0.000000,Juglans nigra,True,Juglans nigra,0.000000,False,False,,False
Juglans_nigra_1.jpg,Juglans nigra,True,T-veto2,0.000000,Juglans nigra,True,Juglans nigra,0.000000,False,False,,False
Juglans_nigra_1.jpg,Juglans nigra,True,T-veto3,0.000000,Juglans nigra,True,Juglans nigra,0.000000,False,False,,False
Juglans_nigra_1.jpg,Juglans nigra,True,T-veto5,0.000000,Juglans nigra,True,Juglans nigra,0.000000,False,False,,False
Juglans_nigra_1.jpg,Juglans nigra,True,W,0.000000,Juglans nigra,True,Juglans nigra,0.000000,False,False,,False
Juglans_nigra_1.jpg,Juglans nigra,True,C-m*raw,0.047722,Juglans nigra,True,Juglans nigra,0.000000,False,False,,False
Juglans_nigra_1.jpg,Juglans nigra,True,C-m*hazard,0.047722,Juglans nigra,True,Juglans nigra,0.000000,False,False,,False
Juglans_nigra_2.jpg,Juglans nigra,True,A,0.000000,Phyllanthus urinaria,False,,inf,False,True,Phyllanthus urinaria,False
Juglans_nigra_2.jpg,Juglans nigra,True,B,0.000000,Phyllanthus urinaria,False,Acer negundo,0.002048,False,True,Phyllanthus urinaria,False
Juglans_nigra_2.jpg,Juglans nigra,True,C,0.000000,Pistia stratiotes,True,Pistia stratiotes,0.000000,False,False,,False
Juglans_nigra_2.jpg,Juglans nigra,True,C-veto2,0.000000,Pistia stratiotes,True,Pistia stratiotes,0.000000,False,False,,False
Juglans_nigra_2.jpg,Juglans nigra,True,C-veto3,0.000000,Pistia stratiotes,True,Pistia stratiotes,0.000000,False,False,,False
Juglans_nigra_2.jpg,Juglans nigra,True,C-veto5,0.000000,Pistia stratiotes,True,Pistia stratiotes,0.000000,False,False,,False
Juglans_nigra_2.jpg,Juglans nigra,True,C-m0.01,0.010000,Pistia stratiotes,True,Pistia stratiotes,0.000000,False,False,,False
Juglans_nigra_2.jpg,Juglans nigra,True,C-m0.02,0.020000,Pistia stratiotes,True,Pistia stratiotes,0.000000,False,False,,False
Juglans_nigra_2.jpg,Juglans nigra,True,C-m0.03,0.030000,Pistia stratiotes,True,Pistia stratiotes,0.000000,False,False,,False
Juglans_nigra_2.jpg,Juglans nigra,True,C-m0.04,0.040000,Pistia stratiotes,True,Pistia stratiotes,0.000000,False,False,,False
Juglans_nigra_2.jpg,Juglans nigra,True,C-m0.05,0.050000,Pistia stratiotes,True,Pistia stratiotes,0.000000,False,False,,False
Juglans_nigra_2.jpg,Juglans nigra,True,C-m0.06,0.060000,Pistia stratiotes,True,Pistia stratiotes,0.000000,False,False,,False
Juglans_nigra_2.jpg,Juglans nigra,True,C-m0.08,0.080000,Pistia stratiotes,True,Pistia stratiotes,0.000000,False,False,,False
Juglans_nigra_2.jpg,Juglans nigra,True,C-m0.10,0.100000,Pistia stratiotes,True,Pistia stratiotes,0.000000,False,False,,False
Juglans_nigra_2.jpg,Juglans nigra,True,T,0.000000,Lemna minor,True,Lemna minor,0.000000,False,False,,False
Juglans_nigra_2.jpg,Juglans nigra,True,T-veto2,0.000000,Lemna minor,True,Lemna minor,0.000000,False,False,,False
Juglans_nigra_2.jpg,Juglans nigra,True,T-veto3,0.000000,Lemna minor,True,Lemna minor,0.000000,False,False,,False
Juglans_nigra_2.jpg,Juglans nigra,True,T-veto5,0.000000,Lemna minor,True,Lemna minor,0.000000,False,False,,False
Juglans_nigra_2.jpg,Juglans nigra,True,W,0.000000,Lemna minor,True,Lemna minor,0.000000,False,False,,False
Juglans_nigra_2.jpg,Juglans nigra,True,C-m*raw,0.047722,Pistia stratiotes,True,Pistia stratiotes,0.000000,False,False,,False
Juglans_nigra_2.jpg,Juglans nigra,True,C-m*hazard,0.047722,Pistia stratiotes,True,Pistia stratiotes,0.000000,False,False,,False
Acer_rubrum_0.jpg,Acer rubrum,True,A,0.000000,Liquidambar styraciflua,False,,inf,False,True,Liquidambar styraciflua,False
Acer_rubrum_0.jpg,Acer rubrum,True,B,0.000000,Acer rubrum,True,Acer rubrum,0.000000,False,False,,False
Acer_rubrum_0.jpg,Acer rubrum,True,C,0.000000,Acer rubrum,True,Acer rubrum,0.000000,False,False,,False
Acer_rubrum_0.jpg,Acer rubrum,True,C-veto2,0.000000,Acer rubrum,True,Acer rubrum,0.000000,False,False,,False
Acer_rubrum_0.jpg,Acer rubrum,True,C-veto3,0.000000,Acer rubrum,True,Acer rubrum,0.000000,False,False,,False
Acer_rubrum_0.jpg,Acer rubrum,True,C-veto5,0.000000,Acer rubrum,True,Acer rubrum,0.000000,False,False,,False
Acer_rubrum_0.jpg,Acer rubrum,True,C-m0.01,0.010000,Acer rubrum,True,Acer rubrum,0.000000,False,False,,False
Acer_rubrum_0.jpg,Acer rubrum,True,C-m0.02,0.020000,Acer rubrum,True,Acer rubrum,0.000000,False,False,,False
Acer_rubrum_0.jpg,Acer rubrum,True,C-m0.03,0.030000,Acer rubrum,True,Acer rubrum,0.000000,False,False,,False
Acer_rubrum_0.jpg,Acer rubrum,True,C-m0.04,0.040000,Acer rubrum,True,Acer rubrum,0.000000,False,False,,False
Acer_rubrum_0.jpg,Acer rubrum,True,C-m0.05,0.050000,Acer rubrum,True,Acer rubrum,0.000000,False,False,,False
Acer_rubrum_0.jpg,Acer rubrum,True,C-m0.06,0.060000,Acer rubrum,True,Acer rubrum,0.000000,False,False,,False
Acer_rubrum_0.jpg,Acer rubrum,True,C-m0.08,0.080000,Acer rubrum,True,Acer rubrum,0.000000,False,False,,False
Acer_rubrum_0.jpg,Acer rubrum,True,C-m0.10,0.100000,Acer rubrum,True,Acer rubrum,0.000000,False,False,,False
Acer_rubrum_0.jpg,Acer rubrum,True,T,0.000000,Acer rubrum,True,Acer rubrum,0.000000,False,False,,False
Acer_rubrum_0.jpg,Acer rubrum,True,T-veto2,0.000000,Acer rubrum,True,Acer rubrum,0.000000,False,False,,False
Acer_rubrum_0.jpg,Acer rubrum,True,T-veto3,0.000000,Acer rubrum,True,Acer rubrum,0.000000,False,False,,False
Acer_rubrum_0.jpg,Acer rubrum,True,T-veto5,0.000000,Acer rubrum,True,Acer rubrum,0.000000,False,False,,False
Acer_rubrum_0.jpg,Acer rubrum,True,W,0.000000,Acer rubrum,True,Acer rubrum,0.000000,False,False,,False
Acer_rubrum_0.jpg,Acer rubrum,True,C-m*raw,0.047722,Acer rubrum,True,Acer rubrum,0.000000,False,False,,False
Acer_rubrum_0.jpg,Acer rubrum,True,C-m*hazard,0.047722,Acer rubrum,True,Acer rubrum,0.000000,False,False,,False
Acer_rubrum_1.jpg,Acer rubrum,True,A,0.000000,Rhus copallinum,False,,inf,False,True,Rhus copallinum,False
Acer_rubrum_1.jpg,Acer rubrum,True,B,0.000000,Ligustrum sinense,True,Ligustrum sinense,0.000000,False,False,,False
Acer_rubrum_1.jpg,Acer rubrum,True,C,0.000000,Ligustrum sinense,True,Ligustrum sinense,0.000000,False,False,,False
Acer_rubrum_1.jpg,Acer rubrum,True,C-veto2,0.000000,Ligustrum sinense,True,Ligustrum sinense,0.000000,False,False,,False
Acer_rubrum_1.jpg,Acer rubrum,True,C-veto3,0.000000,Ligustrum sinense,True,Ligustrum sinense,0.000000,False,False,,False
Acer_rubrum_1.jpg,Acer rubrum,True,C-veto5,0.000000,Ligustrum sinense,True,Ligustrum sinense,0.000000,False,False,,False
Acer_rubrum_1.jpg,Acer rubrum,True,C-m0.01,0.010000,Ligustrum sinense,True,Ligustrum sinense,0.000000,False,False,,False
Acer_rubrum_1.jpg,Acer rubrum,True,C-m0.02,0.020000,Ligustrum sinense,True,Ligustrum sinense,0.000000,False,False,,False
Acer_rubrum_1.jpg,Acer rubrum,True,C-m0.03,0.030000,Ligustrum sinense,True,Ligustrum sinense,0.000000,False,False,,False
Acer_rubrum_1.jpg,Acer rubrum,True,C-m0.04,0.040000,Ligustrum sinense,True,Ligustrum sinense,0.000000,False,False,,False
Acer_rubrum_1.jpg,Acer rubrum,True,C-m0.05,0.050000,Ligustrum sinense,True,Ligustrum sinense,0.000000,False,False,,False
Acer_rubrum_1.jpg,Acer rubrum,True,C-m0.06,0.060000,Ligustrum sinense,True,Ligustrum sinense,0.000000,False,False,,False
Acer_rubrum_1.jpg,Acer rubrum,True,C-m0.08,0.080000,Ligustrum sinense,True,Ligustrum sinense,0.000000,False,False,,False
Acer_rubrum_1.jpg,Acer rubrum,True,C-m0.10,0.100000,Ligustrum sinense,True,Ligustrum sinense,0.000000,False,False,,False
Acer_rubrum_1.jpg,Acer rubrum,True,T,0.000000,Euonymus europaeus,True,Euonymus europaeus,0.000000,False,False,,False
Acer_rubrum_1.jpg,Acer rubrum,True,T-veto2,0.000000,Euonymus europaeus,True,Euonymus europaeus,0.000000,False,False,,False
Acer_rubrum_1.jpg,Acer rubrum,True,T-veto3,0.000000,Euonymus europaeus,True,Euonymus europaeus,0.000000,False,False,,False
Acer_rubrum_1.jpg,Acer rubrum,True,T-veto5,0.000000,Euonymus europaeus,True,Euonymus europaeus,0.000000,False,False,,False
Acer_rubrum_1.jpg,Acer rubrum,True,W,0.000000,Prunus cerasifera,False,Euonymus europaeus,0.054433,False,False,,False
Acer_rubrum_1.jpg,Acer rubrum,True,C-m*raw,0.047722,Ligustrum sinense,True,Ligustrum sinense,0.000000,False,False,,False
Acer_rubrum_1.jpg,Acer rubrum,True,C-m*hazard,0.047722,Ligustrum sinense,True,Ligustrum sinense,0.000000,False,False,,False
Acer_rubrum_2.jpg,Acer rubrum,True,A,0.000000,Platanus occidentalis,False,,inf,False,True,Platanus occidentalis,False
Acer_rubrum_2.jpg,Acer rubrum,True,B,0.000000,Platanus occidentalis,False,Acer negundo,0.034117,False,True,Platanus occidentalis,False
Acer_rubrum_2.jpg,Acer rubrum,True,C,0.000000,Platanus occidentalis,False,Morus alba,0.009066,False,True,Platanus occidentalis,False
Acer_rubrum_2.jpg,Acer rubrum,True,C-veto2,0.000000,Platanus occidentalis,False,Morus alba,0.009066,False,False,,False
Acer_rubrum_2.jpg,Acer rubrum,True,C-veto3,0.000000,Platanus occidentalis,False,Morus alba,0.009066,False,False,,False
Acer_rubrum_2.jpg,Acer rubrum,True,C-veto5,0.000000,Platanus occidentalis,False,Morus alba,0.009066,False,False,,False
Acer_rubrum_2.jpg,Acer rubrum,True,C-m0.01,0.010000,Platanus occidentalis,False,Morus alba,0.009066,False,False,,False
Acer_rubrum_2.jpg,Acer rubrum,True,C-m0.02,0.020000,Platanus occidentalis,False,Morus alba,0.009066,False,False,,False
Acer_rubrum_2.jpg,Acer rubrum,True,C-m0.03,0.030000,Platanus occidentalis,False,Morus alba,0.009066,False,False,,False
Acer_rubrum_2.jpg,Acer rubrum,True,C-m0.04,0.040000,Platanus occidentalis,False,Morus alba,0.009066,False,False,,False
Acer_rubrum_2.jpg,Acer rubrum,True,C-m0.05,0.050000,Platanus occidentalis,False,Morus alba,0.009066,False,False,,False
Acer_rubrum_2.jpg,Acer rubrum,True,C-m0.06,0.060000,Platanus occidentalis,False,Morus alba,0.009066,False,False,,False
Acer_rubrum_2.jpg,Acer rubrum,True,C-m0.08,0.080000,Platanus occidentalis,False,Morus alba,0.009066,False,False,,False
Acer_rubrum_2.jpg,Acer rubrum,True,C-m0.10,0.100000,Platanus occidentalis,False,Morus alba,0.009066,False,False,,False
Acer_rubrum_2.jpg,Acer rubrum,True,T,0.000000,Platanus wrightii,True,Platanus wrightii,0.000000,False,False,,False
Acer_rubrum_2.jpg,Acer rubrum,True,T-veto2,0.000000,Platanus wrightii,True,Platanus wrightii,0.000000,False,False,,False
Acer_rubrum_2.jpg,Acer rubrum,True,T-veto3,0.000000,Platanus wrightii,True,Platanus wrightii,0.000000,False,False,,False
Acer_rubrum_2.jpg,Acer rubrum,True,T-veto5,0.000000,Platanus wrightii,True,Platanus wrightii,0.000000,False,False,,False
Acer_rubrum_2.jpg,Acer rubrum,True,W,0.000000,Platanus wrightii,True,Platanus wrightii,0.000000,False,False,,False
Acer_rubrum_2.jpg,Acer rubrum,True,C-m*raw,0.047722,Platanus occidentalis,False,Morus alba,0.009066,False,False,,False
Acer_rubrum_2.jpg,Acer rubrum,True,C-m*hazard,0.047722,Platanus occidentalis,False,Morus alba,0.009066,False,False,,False
Asimina_triloba_0.jpg,Asimina triloba,True,A,0.000000,Fagus grandifolia,False,,inf,False,True,Fagus grandifolia,False
Asimina_triloba_0.jpg,Asimina triloba,True,B,0.000000,Asimina triloba,True,Asimina triloba,0.000000,False,False,,False
Asimina_triloba_0.jpg,Asimina triloba,True,C,0.000000,Asimina triloba,True,Asimina triloba,0.000000,False,False,,False
Asimina_triloba_0.jpg,Asimina triloba,True,C-veto2,0.000000,Asimina triloba,True,Asimina triloba,0.000000,False,False,,False
Asimina_triloba_0.jpg,Asimina triloba,True,C-veto3,0.000000,Asimina triloba,True,Asimina triloba,0.000000,False,False,,False
Asimina_triloba_0.jpg,Asimina triloba,True,C-veto5,0.000000,Asimina triloba,True,Asimina triloba,0.000000,False,False,,False
Asimina_triloba_0.jpg,Asimina triloba,True,C-m0.01,0.010000,Asimina triloba,True,Asimina triloba,0.000000,False,False,,False
Asimina_triloba_0.jpg,Asimina triloba,True,C-m0.02,0.020000,Asimina triloba,True,Asimina triloba,0.000000,False,False,,False
Asimina_triloba_0.jpg,Asimina triloba,True,C-m0.03,0.030000,Asimina triloba,True,Asimina triloba,0.000000,False,False,,False
Asimina_triloba_0.jpg,Asimina triloba,True,C-m0.04,0.040000,Asimina triloba,True,Asimina triloba,0.000000,False,False,,False
Asimina_triloba_0.jpg,Asimina triloba,True,C-m0.05,0.050000,Asimina triloba,True,Asimina triloba,0.000000,False,False,,False
Asimina_triloba_0.jpg,Asimina triloba,True,C-m0.06,0.060000,Asimina triloba,True,Asimina triloba,0.000000,False,False,,False
Asimina_triloba_0.jpg,Asimina triloba,True,C-m0.08,0.080000,Asimina triloba,True,Asimina triloba,0.000000,False,False,,False
Asimina_triloba_0.jpg,Asimina triloba,True,C-m0.10,0.100000,Asimina triloba,True,Asimina triloba,0.000000,False,False,,False
Asimina_triloba_0.jpg,Asimina triloba,True,T,0.000000,Asimina triloba,True,Asimina triloba,0.000000,False,False,,False
Asimina_triloba_0.jpg,Asimina triloba,True,T-veto2,0.000000,Asimina triloba,True,Asimina triloba,0.000000,False,False,,False
Asimina_triloba_0.jpg,Asimina triloba,True,T-veto3,0.000000,Asimina triloba,True,Asimina triloba,0.000000,False,False,,False
Asimina_triloba_0.jpg,Asimina triloba,True,T-veto5,0.000000,Asimina triloba,True,Asimina triloba,0.000000,False,False,,False
Asimina_triloba_0.jpg,Asimina triloba,True,W,0.000000,Asimina triloba,True,Asimina triloba,0.000000,False,False,,False
Asimina_triloba_0.jpg,Asimina triloba,True,C-m*raw,0.047722,Asimina triloba,True,Asimina triloba,0.000000,False,False,,False
Asimina_triloba_0.jpg,Asimina triloba,True,C-m*hazard,0.047722,Asimina triloba,True,Asimina triloba,0.000000,False,False,,False
Asimina_triloba_1.jpg,Asimina triloba,True,A,0.000000,Sassafras albidum,False,,inf,False,True,Sassafras albidum,False
Asimina_triloba_1.jpg,Asimina triloba,True,B,0.000000,Asimina triloba,True,Asimina triloba,0.000000,False,False,,False
Asimina_triloba_1.jpg,Asimina triloba,True,C,0.000000,Asimina triloba,True,Asimina triloba,0.000000,False,False,,False
Asimina_triloba_1.jpg,Asimina triloba,True,C-veto2,0.000000,Asimina triloba,True,Asimina triloba,0.000000,False,False,,False
Asimina_triloba_1.jpg,Asimina triloba,True,C-veto3,0.000000,Asimina triloba,True,Asimina triloba,0.000000,False,False,,False
Asimina_triloba_1.jpg,Asimina triloba,True,C-veto5,0.000000,Asimina triloba,True,Asimina triloba,0.000000,False,False,,False
Asimina_triloba_1.jpg,Asimina triloba,True,C-m0.01,0.010000,Asimina triloba,True,Asimina triloba,0.000000,False,False,,False
Asimina_triloba_1.jpg,Asimina triloba,True,C-m0.02,0.020000,Asimina triloba,True,Asimina triloba,0.000000,False,False,,False
Asimina_triloba_1.jpg,Asimina triloba,True,C-m0.03,0.030000,Asimina triloba,True,Asimina triloba,0.000000,False,False,,False
Asimina_triloba_1.jpg,Asimina triloba,True,C-m0.04,0.040000,Asimina triloba,True,Asimina triloba,0.000000,False,False,,False
Asimina_triloba_1.jpg,Asimina triloba,True,C-m0.05,0.050000,Asimina triloba,True,Asimina triloba,0.000000,False,False,,False
Asimina_triloba_1.jpg,Asimina triloba,True,C-m0.06,0.060000,Asimina triloba,True,Asimina triloba,0.000000,False,False,,False
Asimina_triloba_1.jpg,Asimina triloba,True,C-m0.08,0.080000,Asimina triloba,True,Asimina triloba,0.000000,False,False,,False
Asimina_triloba_1.jpg,Asimina triloba,True,C-m0.10,0.100000,Asimina triloba,True,Asimina triloba,0.000000,False,False,,False
Asimina_triloba_1.jpg,Asimina triloba,True,T,0.000000,Asimina triloba,True,Asimina triloba,0.000000,False,False,,False
Asimina_triloba_1.jpg,Asimina triloba,True,T-veto2,0.000000,Asimina triloba,True,Asimina triloba,0.000000,False,False,,False
Asimina_triloba_1.jpg,Asimina triloba,True,T-veto3,0.000000,Asimina triloba,True,Asimina triloba,0.000000,False,False,,False
Asimina_triloba_1.jpg,Asimina triloba,True,T-veto5,0.000000,Asimina triloba,True,Asimina triloba,0.000000,False,False,,False
Asimina_triloba_1.jpg,Asimina triloba,True,W,0.000000,Asimina triloba,True,Asimina triloba,0.000000,False,False,,False
Asimina_triloba_1.jpg,Asimina triloba,True,C-m*raw,0.047722,Asimina triloba,True,Asimina triloba,0.000000,False,False,,False
Asimina_triloba_1.jpg,Asimina triloba,True,C-m*hazard,0.047722,Asimina triloba,True,Asimina triloba,0.000000,False,False,,False
Asimina_triloba_2.jpg,Asimina triloba,True,A,0.000000,Magnolia grandiflora,False,,inf,False,True,Magnolia grandiflora,False
Asimina_triloba_2.jpg,Asimina triloba,True,B,0.000000,Hedera helix,True,Hedera helix,0.000000,False,False,,False
Asimina_triloba_2.jpg,Asimina triloba,True,C,0.000000,Ceratophyllum demersum,True,Ceratophyllum demersum,0.000000,False,False,,False
Asimina_triloba_2.jpg,Asimina triloba,True,C-veto2,0.000000,Ceratophyllum demersum,True,Ceratophyllum demersum,0.000000,False,False,,False
Asimina_triloba_2.jpg,Asimina triloba,True,C-veto3,0.000000,Ceratophyllum demersum,True,Ceratophyllum demersum,0.000000,False,False,,False
Asimina_triloba_2.jpg,Asimina triloba,True,C-veto5,0.000000,Ceratophyllum demersum,True,Ceratophyllum demersum,0.000000,False,False,,False
Asimina_triloba_2.jpg,Asimina triloba,True,C-m0.01,0.010000,Ceratophyllum demersum,True,Ceratophyllum demersum,0.000000,False,False,,False
Asimina_triloba_2.jpg,Asimina triloba,True,C-m0.02,0.020000,Ceratophyllum demersum,True,Ceratophyllum demersum,0.000000,False,False,,False
Asimina_triloba_2.jpg,Asimina triloba,True,C-m0.03,0.030000,Ceratophyllum demersum,True,Ceratophyllum demersum,0.000000,False,False,,False
Asimina_triloba_2.jpg,Asimina triloba,True,C-m0.04,0.040000,Ceratophyllum demersum,True,Ceratophyllum demersum,0.000000,False,False,,False
Asimina_triloba_2.jpg,Asimina triloba,True,C-m0.05,0.050000,Ceratophyllum demersum,True,Ceratophyllum demersum,0.000000,False,False,,False
Asimina_triloba_2.jpg,Asimina triloba,True,C-m0.06,0.060000,Ceratophyllum demersum,True,Ceratophyllum demersum,0.000000,False,False,,False
Asimina_triloba_2.jpg,Asimina triloba,True,C-m0.08,0.080000,Ceratophyllum demersum,True,Ceratophyllum demersum,0.000000,False,False,,False
Asimina_triloba_2.jpg,Asimina triloba,True,C-m0.10,0.100000,Ceratophyllum demersum,True,Ceratophyllum demersum,0.000000,False,False,,False
Asimina_triloba_2.jpg,Asimina triloba,True,T,0.000000,Cladophora columbiana,True,Cladophora columbiana,0.000000,False,False,,False
Asimina_triloba_2.jpg,Asimina triloba,True,T-veto2,0.000000,Cladophora columbiana,True,Cladophora columbiana,0.000000,False,False,,False
Asimina_triloba_2.jpg,Asimina triloba,True,T-veto3,0.000000,Cladophora columbiana,True,Cladophora columbiana,0.000000,False,False,,False
Asimina_triloba_2.jpg,Asimina triloba,True,T-veto5,0.000000,Cladophora columbiana,True,Cladophora columbiana,0.000000,False,False,,False
Asimina_triloba_2.jpg,Asimina triloba,True,W,0.000000,Codium fragile,False,Cladophora columbiana,0.018598,False,False,,False
Asimina_triloba_2.jpg,Asimina triloba,True,C-m*raw,0.047722,Ceratophyllum demersum,True,Ceratophyllum demersum,0.000000,False,False,,False
Asimina_triloba_2.jpg,Asimina triloba,True,C-m*hazard,0.047722,Ceratophyllum demersum,True,Ceratophyllum demersum,0.000000,False,False,,False
Ilex_opaca_0.jpg,Ilex opaca,True,A,0.000000,Ilex cornuta,False,,inf,False,True,Ilex cornuta,False
Ilex_opaca_0.jpg,Ilex opaca,True,B,0.000000,Ilex cornuta,False,Euonymus americanus,0.111150,False,True,Ilex cornuta,False
Ilex_opaca_0.jpg,Ilex opaca,True,C,0.000000,Ilex opaca,True,Ilex opaca,0.000000,False,False,,False
Ilex_opaca_0.jpg,Ilex opaca,True,C-veto2,0.000000,Ilex opaca,True,Ilex opaca,0.000000,False,False,,False
Ilex_opaca_0.jpg,Ilex opaca,True,C-veto3,0.000000,Ilex opaca,True,Ilex opaca,0.000000,False,False,,False
Ilex_opaca_0.jpg,Ilex opaca,True,C-veto5,0.000000,Ilex opaca,True,Ilex opaca,0.000000,False,False,,False
Ilex_opaca_0.jpg,Ilex opaca,True,C-m0.01,0.010000,Ilex opaca,True,Ilex opaca,0.000000,False,False,,False
Ilex_opaca_0.jpg,Ilex opaca,True,C-m0.02,0.020000,Ilex opaca,True,Ilex opaca,0.000000,False,False,,False
Ilex_opaca_0.jpg,Ilex opaca,True,C-m0.03,0.030000,Ilex opaca,True,Ilex opaca,0.000000,False,False,,False
Ilex_opaca_0.jpg,Ilex opaca,True,C-m0.04,0.040000,Ilex opaca,True,Ilex opaca,0.000000,False,False,,False
Ilex_opaca_0.jpg,Ilex opaca,True,C-m0.05,0.050000,Ilex opaca,True,Ilex opaca,0.000000,False,False,,False
Ilex_opaca_0.jpg,Ilex opaca,True,C-m0.06,0.060000,Ilex opaca,True,Ilex opaca,0.000000,False,False,,False
Ilex_opaca_0.jpg,Ilex opaca,True,C-m0.08,0.080000,Ilex opaca,True,Ilex opaca,0.000000,False,False,,False
Ilex_opaca_0.jpg,Ilex opaca,True,C-m0.10,0.100000,Ilex opaca,True,Ilex opaca,0.000000,False,False,,False
Ilex_opaca_0.jpg,Ilex opaca,True,T,0.000000,Ilex opaca,True,Ilex opaca,0.000000,False,False,,False
Ilex_opaca_0.jpg,Ilex opaca,True,T-veto2,0.000000,Ilex opaca,True,Ilex opaca,0.000000,False,False,,False
Ilex_opaca_0.jpg,Ilex opaca,True,T-veto3,0.000000,Ilex opaca,True,Ilex opaca,0.000000,False,False,,False
Ilex_opaca_0.jpg,Ilex opaca,True,T-veto5,0.000000,Ilex opaca,True,Ilex opaca,0.000000,False,False,,False
Ilex_opaca_0.jpg,Ilex opaca,True,W,0.000000,Ilex opaca,True,Ilex opaca,0.000000,False,False,,False
Ilex_opaca_0.jpg,Ilex opaca,True,C-m*raw,0.047722,Ilex opaca,True,Ilex opaca,0.000000,False,False,,False
Ilex_opaca_0.jpg,Ilex opaca,True,C-m*hazard,0.047722,Ilex opaca,True,Ilex opaca,0.000000,False,False,,False
Ilex_opaca_1.jpg,Ilex opaca,True,A,0.000000,Ilex cornuta,False,,inf,False,True,Ilex cornuta,False
Ilex_opaca_1.jpg,Ilex opaca,True,B,0.000000,Ilex cornuta,False,Ligustrum sinense,0.140917,False,True,Ilex cornuta,False
Ilex_opaca_1.jpg,Ilex opaca,True,C,0.000000,Ilex opaca,True,Ilex opaca,0.000000,False,False,,False
Ilex_opaca_1.jpg,Ilex opaca,True,C-veto2,0.000000,Ilex opaca,True,Ilex opaca,0.000000,False,False,,False
Ilex_opaca_1.jpg,Ilex opaca,True,C-veto3,0.000000,Ilex opaca,True,Ilex opaca,0.000000,False,False,,False
Ilex_opaca_1.jpg,Ilex opaca,True,C-veto5,0.000000,Ilex opaca,True,Ilex opaca,0.000000,False,False,,False
Ilex_opaca_1.jpg,Ilex opaca,True,C-m0.01,0.010000,Ilex opaca,True,Ilex opaca,0.000000,False,False,,False
Ilex_opaca_1.jpg,Ilex opaca,True,C-m0.02,0.020000,Ilex opaca,True,Ilex opaca,0.000000,False,False,,False
Ilex_opaca_1.jpg,Ilex opaca,True,C-m0.03,0.030000,Ilex opaca,True,Ilex opaca,0.000000,False,False,,False
Ilex_opaca_1.jpg,Ilex opaca,True,C-m0.04,0.040000,Ilex opaca,True,Ilex opaca,0.000000,False,False,,False
Ilex_opaca_1.jpg,Ilex opaca,True,C-m0.05,0.050000,Ilex opaca,True,Ilex opaca,0.000000,False,False,,False
Ilex_opaca_1.jpg,Ilex opaca,True,C-m0.06,0.060000,Ilex opaca,True,Ilex opaca,0.000000,False,False,,False
Ilex_opaca_1.jpg,Ilex opaca,True,C-m0.08,0.080000,Ilex opaca,True,Ilex opaca,0.000000,False,False,,False
Ilex_opaca_1.jpg,Ilex opaca,True,C-m0.10,0.100000,Ilex opaca,True,Ilex opaca,0.000000,False,False,,False
Ilex_opaca_1.jpg,Ilex opaca,True,T,0.000000,Ilex opaca,True,Ilex opaca,0.000000,False,False,,False
Ilex_opaca_1.jpg,Ilex opaca,True,T-veto2,0.000000,Ilex opaca,True,Ilex opaca,0.000000,False,False,,False
Ilex_opaca_1.jpg,Ilex opaca,True,T-veto3,0.000000,Ilex opaca,True,Ilex opaca,0.000000,False,False,,False
Ilex_opaca_1.jpg,Ilex opaca,True,T-veto5,0.000000,Ilex opaca,True,Ilex opaca,0.000000,False,False,,False
Ilex_opaca_1.jpg,Ilex opaca,True,W,0.000000,Ilex opaca,True,Ilex opaca,0.000000,False,False,,False
Ilex_opaca_1.jpg,Ilex opaca,True,C-m*raw,0.047722,Ilex opaca,True,Ilex opaca,0.000000,False,False,,False
Ilex_opaca_1.jpg,Ilex opaca,True,C-m*hazard,0.047722,Ilex opaca,True,Ilex opaca,0.000000,False,False,,False
Ilex_opaca_2.jpg,Ilex opaca,True,A,0.000000,Magnolia grandiflora,False,,inf,False,True,Magnolia grandiflora,False
Ilex_opaca_2.jpg,Ilex opaca,True,B,0.000000,Magnolia grandiflora,False,Ligustrum sinense,0.066345,False,True,Magnolia grandiflora,False
Ilex_opaca_2.jpg,Ilex opaca,True,C,0.000000,Photinia serratifolia,True,Photinia serratifolia,0.000000,False,False,,False
Ilex_opaca_2.jpg,Ilex opaca,True,C-veto2,0.000000,Photinia serratifolia,True,Photinia serratifolia,0.000000,False,False,,False
Ilex_opaca_2.jpg,Ilex opaca,True,C-veto3,0.000000,Photinia serratifolia,True,Photinia serratifolia,0.000000,False,False,,False
Ilex_opaca_2.jpg,Ilex opaca,True,C-veto5,0.000000,Photinia serratifolia,True,Photinia serratifolia,0.000000,False,False,,False
Ilex_opaca_2.jpg,Ilex opaca,True,C-m0.01,0.010000,Photinia serratifolia,True,Photinia serratifolia,0.000000,False,False,,False
Ilex_opaca_2.jpg,Ilex opaca,True,C-m0.02,0.020000,Photinia serratifolia,True,Photinia serratifolia,0.000000,False,False,,False
Ilex_opaca_2.jpg,Ilex opaca,True,C-m0.03,0.030000,Photinia serratifolia,True,Photinia serratifolia,0.000000,False,False,,False
Ilex_opaca_2.jpg,Ilex opaca,True,C-m0.04,0.040000,Photinia serratifolia,True,Photinia serratifolia,0.000000,False,False,,False
Ilex_opaca_2.jpg,Ilex opaca,True,C-m0.05,0.050000,Photinia serratifolia,True,Photinia serratifolia,0.000000,False,False,,False
Ilex_opaca_2.jpg,Ilex opaca,True,C-m0.06,0.060000,Photinia serratifolia,True,Photinia serratifolia,0.000000,False,False,,False
Ilex_opaca_2.jpg,Ilex opaca,True,C-m0.08,0.080000,Photinia serratifolia,True,Photinia serratifolia,0.000000,False,False,,False
Ilex_opaca_2.jpg,Ilex opaca,True,C-m0.10,0.100000,Photinia serratifolia,True,Photinia serratifolia,0.000000,False,False,,False
Ilex_opaca_2.jpg,Ilex opaca,True,T,0.000000,Photinia serratifolia,True,Photinia serratifolia,0.000000,False,False,,False
Ilex_opaca_2.jpg,Ilex opaca,True,T-veto2,0.000000,Photinia serratifolia,True,Photinia serratifolia,0.000000,False,False,,False
Ilex_opaca_2.jpg,Ilex opaca,True,T-veto3,0.000000,Photinia serratifolia,True,Photinia serratifolia,0.000000,False,False,,False
Ilex_opaca_2.jpg,Ilex opaca,True,T-veto5,0.000000,Photinia serratifolia,True,Photinia serratifolia,0.000000,False,False,,False
Ilex_opaca_2.jpg,Ilex opaca,True,W,0.000000,Photinia serratifolia,True,Photinia serratifolia,0.000000,False,False,,False
Ilex_opaca_2.jpg,Ilex opaca,True,C-m*raw,0.047722,Photinia serratifolia,True,Photinia serratifolia,0.000000,False,False,,False
Ilex_opaca_2.jpg,Ilex opaca,True,C-m*hazard,0.047722,Photinia serratifolia,True,Photinia serratifolia,0.000000,False,False,,False
Perilla_frutescens_0.jpg,Perilla frutescens,True,A,0.000000,Phyllanthus urinaria,False,,inf,False,True,Phyllanthus urinaria,False
Perilla_frutescens_0.jpg,Perilla frutescens,True,B,0.000000,Phyllanthus urinaria,False,Phytolacca americana,0.045606,False,True,Phyllanthus urinaria,False
Perilla_frutescens_0.jpg,Perilla frutescens,True,C,0.000000,Perilla frutescens,True,Perilla frutescens,0.000000,False,False,,False
Perilla_frutescens_0.jpg,Perilla frutescens,True,C-veto2,0.000000,Perilla frutescens,True,Perilla frutescens,0.000000,False,False,,False
Perilla_frutescens_0.jpg,Perilla frutescens,True,C-veto3,0.000000,Perilla frutescens,True,Perilla frutescens,0.000000,False,False,,False
Perilla_frutescens_0.jpg,Perilla frutescens,True,C-veto5,0.000000,Perilla frutescens,True,Perilla frutescens,0.000000,False,False,,False
Perilla_frutescens_0.jpg,Perilla frutescens,True,C-m0.01,0.010000,Perilla frutescens,True,Perilla frutescens,0.000000,False,False,,False
Perilla_frutescens_0.jpg,Perilla frutescens,True,C-m0.02,0.020000,Perilla frutescens,True,Perilla frutescens,0.000000,False,False,,False
Perilla_frutescens_0.jpg,Perilla frutescens,True,C-m0.03,0.030000,Perilla frutescens,True,Perilla frutescens,0.000000,False,False,,False
Perilla_frutescens_0.jpg,Perilla frutescens,True,C-m0.04,0.040000,Perilla frutescens,True,Perilla frutescens,0.000000,False,False,,False
Perilla_frutescens_0.jpg,Perilla frutescens,True,C-m0.05,0.050000,Perilla frutescens,True,Perilla frutescens,0.000000,False,False,,False
Perilla_frutescens_0.jpg,Perilla frutescens,True,C-m0.06,0.060000,Perilla frutescens,True,Perilla frutescens,0.000000,False,False,,False
Perilla_frutescens_0.jpg,Perilla frutescens,True,C-m0.08,0.080000,Perilla frutescens,True,Perilla frutescens,0.000000,False,False,,False
Perilla_frutescens_0.jpg,Perilla frutescens,True,C-m0.10,0.100000,Perilla frutescens,True,Perilla frutescens,0.000000,False,False,,False
Perilla_frutescens_0.jpg,Perilla frutescens,True,T,0.000000,Urtica chamaedryoides,True,Urtica chamaedryoides,0.000000,False,False,,False
Perilla_frutescens_0.jpg,Perilla frutescens,True,T-veto2,0.000000,Urtica chamaedryoides,True,Urtica chamaedryoides,0.000000,False,False,,False
Perilla_frutescens_0.jpg,Perilla frutescens,True,T-veto3,0.000000,Urtica chamaedryoides,True,Urtica chamaedryoides,0.000000,False,False,,False
Perilla_frutescens_0.jpg,Perilla frutescens,True,T-veto5,0.000000,Urtica chamaedryoides,True,Urtica chamaedryoides,0.000000,False,False,,False
Perilla_frutescens_0.jpg,Perilla frutescens,True,W,0.000000,Pilea pumila,False,Urtica chamaedryoides,0.015399,False,False,,False
Perilla_frutescens_0.jpg,Perilla frutescens,True,C-m*raw,0.047722,Perilla frutescens,True,Perilla frutescens,0.000000,False,False,,False
Perilla_frutescens_0.jpg,Perilla frutescens,True,C-m*hazard,0.047722,Perilla frutescens,True,Perilla frutescens,0.000000,False,False,,False
Perilla_frutescens_1.jpg,Perilla frutescens,True,A,0.000000,Callicarpa americana,False,,inf,False,True,Callicarpa americana,False
Perilla_frutescens_1.jpg,Perilla frutescens,True,B,0.000000,Callicarpa americana,False,Phytolacca americana,0.074240,False,True,Callicarpa americana,False
Perilla_frutescens_1.jpg,Perilla frutescens,True,C,0.000000,Perilla frutescens,True,Perilla frutescens,0.000000,False,False,,False
Perilla_frutescens_1.jpg,Perilla frutescens,True,C-veto2,0.000000,Perilla frutescens,True,Perilla frutescens,0.000000,False,False,,False
Perilla_frutescens_1.jpg,Perilla frutescens,True,C-veto3,0.000000,Perilla frutescens,True,Perilla frutescens,0.000000,False,False,,False
Perilla_frutescens_1.jpg,Perilla frutescens,True,C-veto5,0.000000,Perilla frutescens,True,Perilla frutescens,0.000000,False,False,,False
Perilla_frutescens_1.jpg,Perilla frutescens,True,C-m0.01,0.010000,Perilla frutescens,True,Perilla frutescens,0.000000,False,False,,False
Perilla_frutescens_1.jpg,Perilla frutescens,True,C-m0.02,0.020000,Perilla frutescens,True,Perilla frutescens,0.000000,False,False,,False
Perilla_frutescens_1.jpg,Perilla frutescens,True,C-m0.03,0.030000,Perilla frutescens,True,Perilla frutescens,0.000000,False,False,,False
Perilla_frutescens_1.jpg,Perilla frutescens,True,C-m0.04,0.040000,Perilla frutescens,True,Perilla frutescens,0.000000,False,False,,False
Perilla_frutescens_1.jpg,Perilla frutescens,True,C-m0.05,0.050000,Perilla frutescens,True,Perilla frutescens,0.000000,False,False,,False
Perilla_frutescens_1.jpg,Perilla frutescens,True,C-m0.06,0.060000,Perilla frutescens,True,Perilla frutescens,0.000000,False,False,,False
Perilla_frutescens_1.jpg,Perilla frutescens,True,C-m0.08,0.080000,Perilla frutescens,True,Perilla frutescens,0.000000,False,False,,False
Perilla_frutescens_1.jpg,Perilla frutescens,True,C-m0.10,0.100000,Perilla frutescens,True,Perilla frutescens,0.000000,False,False,,False
Perilla_frutescens_1.jpg,Perilla frutescens,True,T,0.000000,Perilla frutescens,True,Perilla frutescens,0.000000,False,False,,False
Perilla_frutescens_1.jpg,Perilla frutescens,True,T-veto2,0.000000,Perilla frutescens,True,Perilla frutescens,0.000000,False,False,,False
Perilla_frutescens_1.jpg,Perilla frutescens,True,T-veto3,0.000000,Perilla frutescens,True,Perilla frutescens,0.000000,False,False,,False
Perilla_frutescens_1.jpg,Perilla frutescens,True,T-veto5,0.000000,Perilla frutescens,True,Perilla frutescens,0.000000,False,False,,False
Perilla_frutescens_1.jpg,Perilla frutescens,True,W,0.000000,Perilla frutescens,True,Perilla frutescens,0.000000,False,False,,False
Perilla_frutescens_1.jpg,Perilla frutescens,True,C-m*raw,0.047722,Perilla frutescens,True,Perilla frutescens,0.000000,False,False,,False
Perilla_frutescens_1.jpg,Perilla frutescens,True,C-m*hazard,0.047722,Perilla frutescens,True,Perilla frutescens,0.000000,False,False,,False
Perilla_frutescens_2.jpg,Perilla frutescens,True,A,0.000000,Callicarpa americana,False,,inf,False,True,Callicarpa americana,False
Perilla_frutescens_2.jpg,Perilla frutescens,True,B,0.000000,Callicarpa americana,False,Phytolacca americana,0.031503,False,True,Callicarpa americana,False
Perilla_frutescens_2.jpg,Perilla frutescens,True,C,0.000000,Perilla frutescens,True,Perilla frutescens,0.000000,False,False,,False
Perilla_frutescens_2.jpg,Perilla frutescens,True,C-veto2,0.000000,Perilla frutescens,True,Perilla frutescens,0.000000,False,False,,False
Perilla_frutescens_2.jpg,Perilla frutescens,True,C-veto3,0.000000,Perilla frutescens,True,Perilla frutescens,0.000000,False,False,,False
Perilla_frutescens_2.jpg,Perilla frutescens,True,C-veto5,0.000000,Perilla frutescens,True,Perilla frutescens,0.000000,False,False,,False
Perilla_frutescens_2.jpg,Perilla frutescens,True,C-m0.01,0.010000,Perilla frutescens,True,Perilla frutescens,0.000000,False,False,,False
Perilla_frutescens_2.jpg,Perilla frutescens,True,C-m0.02,0.020000,Perilla frutescens,True,Perilla frutescens,0.000000,False,False,,False
Perilla_frutescens_2.jpg,Perilla frutescens,True,C-m0.03,0.030000,Perilla frutescens,True,Perilla frutescens,0.000000,False,False,,False
Perilla_frutescens_2.jpg,Perilla frutescens,True,C-m0.04,0.040000,Perilla frutescens,True,Perilla frutescens,0.000000,False,False,,False
Perilla_frutescens_2.jpg,Perilla frutescens,True,C-m0.05,0.050000,Perilla frutescens,True,Perilla frutescens,0.000000,False,False,,False
Perilla_frutescens_2.jpg,Perilla frutescens,True,C-m0.06,0.060000,Perilla frutescens,True,Perilla frutescens,0.000000,False,False,,False
Perilla_frutescens_2.jpg,Perilla frutescens,True,C-m0.08,0.080000,Perilla frutescens,True,Perilla frutescens,0.000000,False,False,,False
Perilla_frutescens_2.jpg,Perilla frutescens,True,C-m0.10,0.100000,Perilla frutescens,True,Perilla frutescens,0.000000,False,False,,False
Perilla_frutescens_2.jpg,Perilla frutescens,True,T,0.000000,Perilla frutescens,True,Perilla frutescens,0.000000,False,False,,False
Perilla_frutescens_2.jpg,Perilla frutescens,True,T-veto2,0.000000,Perilla frutescens,True,Perilla frutescens,0.000000,False,False,,False
Perilla_frutescens_2.jpg,Perilla frutescens,True,T-veto3,0.000000,Perilla frutescens,True,Perilla frutescens,0.000000,False,False,,False
Perilla_frutescens_2.jpg,Perilla frutescens,True,T-veto5,0.000000,Perilla frutescens,True,Perilla frutescens,0.000000,False,False,,False
Perilla_frutescens_2.jpg,Perilla frutescens,True,W,0.000000,Perilla frutescens,True,Perilla frutescens,0.000000,False,False,,False
Perilla_frutescens_2.jpg,Perilla frutescens,True,C-m*raw,0.047722,Perilla frutescens,True,Perilla frutescens,0.000000,False,False,,False
Perilla_frutescens_2.jpg,Perilla frutescens,True,C-m*hazard,0.047722,Perilla frutescens,True,Perilla frutescens,0.000000,False,False,,False
Quercus_alba_0.jpg,Quercus alba,True,A,0.000000,Quercus nigra,False,,inf,False,True,Quercus nigra,False
Quercus_alba_0.jpg,Quercus alba,True,B,0.000000,Quercus nigra,False,Cornus florida,0.157603,False,True,Quercus nigra,False
Quercus_alba_0.jpg,Quercus alba,True,C,0.000000,Quercus alba,True,Quercus alba,0.000000,False,False,,False
Quercus_alba_0.jpg,Quercus alba,True,C-veto2,0.000000,Quercus alba,True,Quercus alba,0.000000,False,False,,False
Quercus_alba_0.jpg,Quercus alba,True,C-veto3,0.000000,Quercus alba,True,Quercus alba,0.000000,False,False,,False
Quercus_alba_0.jpg,Quercus alba,True,C-veto5,0.000000,Quercus alba,True,Quercus alba,0.000000,False,False,,False
Quercus_alba_0.jpg,Quercus alba,True,C-m0.01,0.010000,Quercus alba,True,Quercus alba,0.000000,False,False,,False
Quercus_alba_0.jpg,Quercus alba,True,C-m0.02,0.020000,Quercus alba,True,Quercus alba,0.000000,False,False,,False
Quercus_alba_0.jpg,Quercus alba,True,C-m0.03,0.030000,Quercus alba,True,Quercus alba,0.000000,False,False,,False
Quercus_alba_0.jpg,Quercus alba,True,C-m0.04,0.040000,Quercus alba,True,Quercus alba,0.000000,False,False,,False
Quercus_alba_0.jpg,Quercus alba,True,C-m0.05,0.050000,Quercus alba,True,Quercus alba,0.000000,False,False,,False
Quercus_alba_0.jpg,Quercus alba,True,C-m0.06,0.060000,Quercus alba,True,Quercus alba,0.000000,False,False,,False
Quercus_alba_0.jpg,Quercus alba,True,C-m0.08,0.080000,Quercus alba,True,Quercus alba,0.000000,False,False,,False
Quercus_alba_0.jpg,Quercus alba,True,C-m0.10,0.100000,Quercus alba,True,Quercus alba,0.000000,False,False,,False
Quercus_alba_0.jpg,Quercus alba,True,T,0.000000,Quercus alba,True,Quercus alba,0.000000,False,False,,False
Quercus_alba_0.jpg,Quercus alba,True,T-veto2,0.000000,Quercus alba,True,Quercus alba,0.000000,False,False,,False
Quercus_alba_0.jpg,Quercus alba,True,T-veto3,0.000000,Quercus alba,True,Quercus alba,0.000000,False,False,,False
Quercus_alba_0.jpg,Quercus alba,True,T-veto5,0.000000,Quercus alba,True,Quercus alba,0.000000,False,False,,False
Quercus_alba_0.jpg,Quercus alba,True,W,0.000000,Quercus falcata,False,Quercus alba,0.015046,False,True,Quercus nigra,False
Quercus_alba_0.jpg,Quercus alba,True,C-m*raw,0.047722,Quercus alba,True,Quercus alba,0.000000,False,False,,False
Quercus_alba_0.jpg,Quercus alba,True,C-m*hazard,0.047722,Quercus alba,True,Quercus alba,0.000000,False,False,,False
Quercus_alba_1.jpg,Quercus alba,True,A,0.000000,Quercus nigra,False,,inf,False,True,Quercus nigra,False
Quercus_alba_1.jpg,Quercus alba,True,B,0.000000,Quercus nigra,False,Asimina triloba,0.069729,False,True,Quercus nigra,False
Quercus_alba_1.jpg,Quercus alba,True,C,0.000000,Quercus alba,True,Quercus alba,0.000000,False,False,,False
Quercus_alba_1.jpg,Quercus alba,True,C-veto2,0.000000,Quercus alba,True,Quercus alba,0.000000,False,False,,False
Quercus_alba_1.jpg,Quercus alba,True,C-veto3,0.000000,Quercus alba,True,Quercus alba,0.000000,False,False,,False
Quercus_alba_1.jpg,Quercus alba,True,C-veto5,0.000000,Quercus alba,True,Quercus alba,0.000000,False,False,,False
Quercus_alba_1.jpg,Quercus alba,True,C-m0.01,0.010000,Quercus alba,True,Quercus alba,0.000000,False,False,,False
Quercus_alba_1.jpg,Quercus alba,True,C-m0.02,0.020000,Quercus alba,True,Quercus alba,0.000000,False,False,,False
Quercus_alba_1.jpg,Quercus alba,True,C-m0.03,0.030000,Quercus alba,True,Quercus alba,0.000000,False,False,,False
Quercus_alba_1.jpg,Quercus alba,True,C-m0.04,0.040000,Quercus alba,True,Quercus alba,0.000000,False,False,,False
Quercus_alba_1.jpg,Quercus alba,True,C-m0.05,0.050000,Quercus alba,True,Quercus alba,0.000000,False,False,,False
Quercus_alba_1.jpg,Quercus alba,True,C-m0.06,0.060000,Quercus alba,True,Quercus alba,0.000000,False,False,,False
Quercus_alba_1.jpg,Quercus alba,True,C-m0.08,0.080000,Quercus alba,True,Quercus alba,0.000000,False,False,,False
Quercus_alba_1.jpg,Quercus alba,True,C-m0.10,0.100000,Quercus alba,True,Quercus alba,0.000000,False,False,,False
Quercus_alba_1.jpg,Quercus alba,True,T,0.000000,Quercus alba,True,Quercus alba,0.000000,False,False,,False
Quercus_alba_1.jpg,Quercus alba,True,T-veto2,0.000000,Quercus alba,True,Quercus alba,0.000000,False,False,,False
Quercus_alba_1.jpg,Quercus alba,True,T-veto3,0.000000,Quercus alba,True,Quercus alba,0.000000,False,False,,False
Quercus_alba_1.jpg,Quercus alba,True,T-veto5,0.000000,Quercus alba,True,Quercus alba,0.000000,False,False,,False
Quercus_alba_1.jpg,Quercus alba,True,W,0.000000,Quercus alba,True,Quercus alba,0.000000,False,False,,False
Quercus_alba_1.jpg,Quercus alba,True,C-m*raw,0.047722,Quercus alba,True,Quercus alba,0.000000,False,False,,False
Quercus_alba_1.jpg,Quercus alba,True,C-m*hazard,0.047722,Quercus alba,True,Quercus alba,0.000000,False,False,,False
Quercus_alba_2.jpg,Quercus alba,True,A,0.000000,Quercus nigra,False,,inf,False,True,Quercus nigra,False
Quercus_alba_2.jpg,Quercus alba,True,B,0.000000,Quercus nigra,False,Juglans nigra,0.122095,False,True,Quercus nigra,False
Quercus_alba_2.jpg,Quercus alba,True,C,0.000000,Quercus alba,True,Quercus alba,0.000000,False,False,,False
Quercus_alba_2.jpg,Quercus alba,True,C-veto2,0.000000,Quercus alba,True,Quercus alba,0.000000,False,False,,False
Quercus_alba_2.jpg,Quercus alba,True,C-veto3,0.000000,Quercus alba,True,Quercus alba,0.000000,False,False,,False
Quercus_alba_2.jpg,Quercus alba,True,C-veto5,0.000000,Quercus alba,True,Quercus alba,0.000000,False,False,,False
Quercus_alba_2.jpg,Quercus alba,True,C-m0.01,0.010000,Quercus alba,True,Quercus alba,0.000000,False,False,,False
Quercus_alba_2.jpg,Quercus alba,True,C-m0.02,0.020000,Quercus alba,True,Quercus alba,0.000000,False,False,,False
Quercus_alba_2.jpg,Quercus alba,True,C-m0.03,0.030000,Quercus alba,True,Quercus alba,0.000000,False,False,,False
Quercus_alba_2.jpg,Quercus alba,True,C-m0.04,0.040000,Quercus alba,True,Quercus alba,0.000000,False,False,,False
Quercus_alba_2.jpg,Quercus alba,True,C-m0.05,0.050000,Quercus alba,True,Quercus alba,0.000000,False,False,,False
Quercus_alba_2.jpg,Quercus alba,True,C-m0.06,0.060000,Quercus alba,True,Quercus alba,0.000000,False,False,,False
Quercus_alba_2.jpg,Quercus alba,True,C-m0.08,0.080000,Quercus alba,True,Quercus alba,0.000000,False,False,,False
Quercus_alba_2.jpg,Quercus alba,True,C-m0.10,0.100000,Quercus alba,True,Quercus alba,0.000000,False,False,,False
Quercus_alba_2.jpg,Quercus alba,True,T,0.000000,Quercus alba,True,Quercus alba,0.000000,False,False,,False
Quercus_alba_2.jpg,Quercus alba,True,T-veto2,0.000000,Quercus alba,True,Quercus alba,0.000000,False,False,,False
Quercus_alba_2.jpg,Quercus alba,True,T-veto3,0.000000,Quercus alba,True,Quercus alba,0.000000,False,False,,False
Quercus_alba_2.jpg,Quercus alba,True,T-veto5,0.000000,Quercus alba,True,Quercus alba,0.000000,False,False,,False
Quercus_alba_2.jpg,Quercus alba,True,W,0.000000,Quercus robur,False,Quercus alba,0.015974,False,True,Quercus nigra,False
Quercus_alba_2.jpg,Quercus alba,True,C-m*raw,0.047722,Quercus alba,True,Quercus alba,0.000000,False,False,,False
Quercus_alba_2.jpg,Quercus alba,True,C-m*hazard,0.047722,Quercus alba,True,Quercus alba,0.000000,False,False,,False
Berberis_bealei_0.jpg,Berberis bealei,True,A,0.000000,Ilex cornuta,False,,inf,False,True,Ilex cornuta,False
Berberis_bealei_0.jpg,Berberis bealei,True,B,0.000000,Ilex cornuta,False,Nandina domestica,0.015130,False,True,Ilex cornuta,False
Berberis_bealei_0.jpg,Berberis bealei,True,C,0.000000,Berberis bealei,True,Berberis bealei,0.000000,False,False,,False
Berberis_bealei_0.jpg,Berberis bealei,True,C-veto2,0.000000,Berberis bealei,True,Berberis bealei,0.000000,False,False,,False
Berberis_bealei_0.jpg,Berberis bealei,True,C-veto3,0.000000,Berberis bealei,True,Berberis bealei,0.000000,False,False,,False
Berberis_bealei_0.jpg,Berberis bealei,True,C-veto5,0.000000,Berberis bealei,True,Berberis bealei,0.000000,False,False,,False
Berberis_bealei_0.jpg,Berberis bealei,True,C-m0.01,0.010000,Berberis bealei,True,Berberis bealei,0.000000,False,False,,False
Berberis_bealei_0.jpg,Berberis bealei,True,C-m0.02,0.020000,Berberis bealei,True,Berberis bealei,0.000000,False,False,,False
Berberis_bealei_0.jpg,Berberis bealei,True,C-m0.03,0.030000,Berberis bealei,True,Berberis bealei,0.000000,False,False,,False
Berberis_bealei_0.jpg,Berberis bealei,True,C-m0.04,0.040000,Berberis bealei,True,Berberis bealei,0.000000,False,False,,False
Berberis_bealei_0.jpg,Berberis bealei,True,C-m0.05,0.050000,Berberis bealei,True,Berberis bealei,0.000000,False,False,,False
Berberis_bealei_0.jpg,Berberis bealei,True,C-m0.06,0.060000,Berberis bealei,True,Berberis bealei,0.000000,False,False,,False
Berberis_bealei_0.jpg,Berberis bealei,True,C-m0.08,0.080000,Berberis bealei,True,Berberis bealei,0.000000,False,False,,False
Berberis_bealei_0.jpg,Berberis bealei,True,C-m0.10,0.100000,Berberis bealei,True,Berberis bealei,0.000000,False,False,,False
Berberis_bealei_0.jpg,Berberis bealei,True,T,0.000000,Berberis bealei,True,Berberis bealei,0.000000,False,False,,False
Berberis_bealei_0.jpg,Berberis bealei,True,T-veto2,0.000000,Berberis bealei,True,Berberis bealei,0.000000,False,False,,False
Berberis_bealei_0.jpg,Berberis bealei,True,T-veto3,0.000000,Berberis bealei,True,Berberis bealei,0.000000,False,False,,False
Berberis_bealei_0.jpg,Berberis bealei,True,T-veto5,0.000000,Berberis bealei,True,Berberis bealei,0.000000,False,False,,False
Berberis_bealei_0.jpg,Berberis bealei,True,W,0.000000,Berberis bealei,True,Berberis bealei,0.000000,False,False,,False
Berberis_bealei_0.jpg,Berberis bealei,True,C-m*raw,0.047722,Berberis bealei,True,Berberis bealei,0.000000,False,False,,False
Berberis_bealei_0.jpg,Berberis bealei,True,C-m*hazard,0.047722,Berberis bealei,True,Berberis bealei,0.000000,False,False,,False
Berberis_bealei_1.jpg,Berberis bealei,True,A,0.000000,Albizia julibrissin,False,,inf,False,True,Albizia julibrissin,False
Berberis_bealei_1.jpg,Berberis bealei,True,B,0.000000,Albizia julibrissin,False,Juglans nigra,0.028556,False,True,Albizia julibrissin,False
Berberis_bealei_1.jpg,Berberis bealei,True,C,0.000000,Berberis bealei,True,Berberis bealei,0.000000,False,False,,False
Berberis_bealei_1.jpg,Berberis bealei,True,C-veto2,0.000000,Berberis bealei,True,Berberis bealei,0.000000,False,False,,False
Berberis_bealei_1.jpg,Berberis bealei,True,C-veto3,0.000000,Berberis bealei,True,Berberis bealei,0.000000,False,False,,False
Berberis_bealei_1.jpg,Berberis bealei,True,C-veto5,0.000000,Berberis bealei,True,Berberis bealei,0.000000,False,False,,False
Berberis_bealei_1.jpg,Berberis bealei,True,C-m0.01,0.010000,Berberis bealei,True,Berberis bealei,0.000000,False,False,,False
Berberis_bealei_1.jpg,Berberis bealei,True,C-m0.02,0.020000,Berberis bealei,True,Berberis bealei,0.000000,False,False,,False
Berberis_bealei_1.jpg,Berberis bealei,True,C-m0.03,0.030000,Berberis bealei,True,Berberis bealei,0.000000,False,False,,False
Berberis_bealei_1.jpg,Berberis bealei,True,C-m0.04,0.040000,Berberis bealei,True,Berberis bealei,0.000000,False,False,,False
Berberis_bealei_1.jpg,Berberis bealei,True,C-m0.05,0.050000,Berberis bealei,True,Berberis bealei,0.000000,False,False,,False
Berberis_bealei_1.jpg,Berberis bealei,True,C-m0.06,0.060000,Berberis bealei,True,Berberis bealei,0.000000,False,False,,False
Berberis_bealei_1.jpg,Berberis bealei,True,C-m0.08,0.080000,Berberis bealei,True,Berberis bealei,0.000000,False,False,,False
Berberis_bealei_1.jpg,Berberis bealei,True,C-m0.10,0.100000,Berberis bealei,True,Berberis bealei,0.000000,False,False,,False
Berberis_bealei_1.jpg,Berberis bealei,True,T,0.000000,Spathodea campanulata,True,Spathodea campanulata,0.000000,False,False,,False
Berberis_bealei_1.jpg,Berberis bealei,True,T-veto2,0.000000,Spathodea campanulata,True,Spathodea campanulata,0.000000,False,False,,False
Berberis_bealei_1.jpg,Berberis bealei,True,T-veto3,0.000000,Spathodea campanulata,True,Spathodea campanulata,0.000000,False,False,,False
Berberis_bealei_1.jpg,Berberis bealei,True,T-veto5,0.000000,Spathodea campanulata,True,Spathodea campanulata,0.000000,False,False,,False
Berberis_bealei_1.jpg,Berberis bealei,True,W,0.000000,Koelreuteria paniculata,False,Spathodea campanulata,0.023890,False,False,,False
Berberis_bealei_1.jpg,Berberis bealei,True,C-m*raw,0.047722,Berberis bealei,True,Berberis bealei,0.000000,False,False,,False
Berberis_bealei_1.jpg,Berberis bealei,True,C-m*hazard,0.047722,Berberis bealei,True,Berberis bealei,0.000000,False,False,,False
Berberis_bealei_2.jpg,Berberis bealei,True,A,0.000000,Ilex cornuta,False,,inf,False,True,Ilex cornuta,False
Berberis_bealei_2.jpg,Berberis bealei,True,B,0.000000,Ilex cornuta,False,Nandina domestica,0.014478,False,True,Ilex cornuta,False
Berberis_bealei_2.jpg,Berberis bealei,True,C,0.000000,Berberis bealei,True,Berberis bealei,0.000000,False,False,,False
Berberis_bealei_2.jpg,Berberis bealei,True,C-veto2,0.000000,Berberis bealei,True,Berberis bealei,0.000000,False,False,,False
Berberis_bealei_2.jpg,Berberis bealei,True,C-veto3,0.000000,Berberis bealei,True,Berberis bealei,0.000000,False,False,,False
Berberis_bealei_2.jpg,Berberis bealei,True,C-veto5,0.000000,Berberis bealei,True,Berberis bealei,0.000000,False,False,,False
Berberis_bealei_2.jpg,Berberis bealei,True,C-m0.01,0.010000,Berberis bealei,True,Berberis bealei,0.000000,False,False,,False
Berberis_bealei_2.jpg,Berberis bealei,True,C-m0.02,0.020000,Berberis bealei,True,Berberis bealei,0.000000,False,False,,False
Berberis_bealei_2.jpg,Berberis bealei,True,C-m0.03,0.030000,Berberis bealei,True,Berberis bealei,0.000000,False,False,,False
Berberis_bealei_2.jpg,Berberis bealei,True,C-m0.04,0.040000,Berberis bealei,True,Berberis bealei,0.000000,False,False,,False
Berberis_bealei_2.jpg,Berberis bealei,True,C-m0.05,0.050000,Berberis bealei,True,Berberis bealei,0.000000,False,False,,False
Berberis_bealei_2.jpg,Berberis bealei,True,C-m0.06,0.060000,Berberis bealei,True,Berberis bealei,0.000000,False,False,,False
Berberis_bealei_2.jpg,Berberis bealei,True,C-m0.08,0.080000,Berberis bealei,True,Berberis bealei,0.000000,False,False,,False
Berberis_bealei_2.jpg,Berberis bealei,True,C-m0.10,0.100000,Berberis bealei,True,Berberis bealei,0.000000,False,False,,False
Berberis_bealei_2.jpg,Berberis bealei,True,T,0.000000,Berberis bealei,True,Berberis bealei,0.000000,False,False,,False
Berberis_bealei_2.jpg,Berberis bealei,True,T-veto2,0.000000,Berberis bealei,True,Berberis bealei,0.000000,False,False,,False
Berberis_bealei_2.jpg,Berberis bealei,True,T-veto3,0.000000,Berberis bealei,True,Berberis bealei,0.000000,False,False,,False
Berberis_bealei_2.jpg,Berberis bealei,True,T-veto5,0.000000,Berberis bealei,True,Berberis bealei,0.000000,False,False,,False
Berberis_bealei_2.jpg,Berberis bealei,True,W,0.000000,Berberis bealei,True,Berberis bealei,0.000000,False,False,,False
Berberis_bealei_2.jpg,Berberis bealei,True,C-m*raw,0.047722,Berberis bealei,True,Berberis bealei,0.000000,False,False,,False
Berberis_bealei_2.jpg,Berberis bealei,True,C-m*hazard,0.047722,Berberis bealei,True,Berberis bealei,0.000000,False,False,,False
Lonicera_japonica_0.jpg,Lonicera japonica,True,A,0.000000,Ampelopsis glandulosa,False,,inf,False,True,Ampelopsis glandulosa,False
Lonicera_japonica_0.jpg,Lonicera japonica,True,B,0.000000,Ligustrum sinense,True,Ligustrum sinense,0.000000,False,False,,False
Lonicera_japonica_0.jpg,Lonicera japonica,True,C,0.000000,Lonicera japonica,True,Lonicera japonica,0.000000,False,False,,False
Lonicera_japonica_0.jpg,Lonicera japonica,True,C-veto2,0.000000,Lonicera japonica,True,Lonicera japonica,0.000000,False,False,,False
Lonicera_japonica_0.jpg,Lonicera japonica,True,C-veto3,0.000000,Lonicera japonica,True,Lonicera japonica,0.000000,False,False,,False
Lonicera_japonica_0.jpg,Lonicera japonica,True,C-veto5,0.000000,Lonicera japonica,True,Lonicera japonica,0.000000,False,False,,False
Lonicera_japonica_0.jpg,Lonicera japonica,True,C-m0.01,0.010000,Lonicera japonica,True,Lonicera japonica,0.000000,False,False,,False
Lonicera_japonica_0.jpg,Lonicera japonica,True,C-m0.02,0.020000,Lonicera japonica,True,Lonicera japonica,0.000000,False,False,,False
Lonicera_japonica_0.jpg,Lonicera japonica,True,C-m0.03,0.030000,Lonicera japonica,True,Lonicera japonica,0.000000,False,False,,False
Lonicera_japonica_0.jpg,Lonicera japonica,True,C-m0.04,0.040000,Lonicera japonica,True,Lonicera japonica,0.000000,False,False,,False
Lonicera_japonica_0.jpg,Lonicera japonica,True,C-m0.05,0.050000,Lonicera japonica,True,Lonicera japonica,0.000000,False,False,,False
Lonicera_japonica_0.jpg,Lonicera japonica,True,C-m0.06,0.060000,Lonicera japonica,True,Lonicera japonica,0.000000,False,False,,False
Lonicera_japonica_0.jpg,Lonicera japonica,True,C-m0.08,0.080000,Lonicera japonica,True,Lonicera japonica,0.000000,False,False,,False
Lonicera_japonica_0.jpg,Lonicera japonica,True,C-m0.10,0.100000,Lonicera japonica,True,Lonicera japonica,0.000000,False,False,,False
Lonicera_japonica_0.jpg,Lonicera japonica,True,T,0.000000,Lonicera japonica,True,Lonicera japonica,0.000000,False,False,,False
Lonicera_japonica_0.jpg,Lonicera japonica,True,T-veto2,0.000000,Lonicera japonica,True,Lonicera japonica,0.000000,False,False,,False
Lonicera_japonica_0.jpg,Lonicera japonica,True,T-veto3,0.000000,Lonicera japonica,True,Lonicera japonica,0.000000,False,False,,False
Lonicera_japonica_0.jpg,Lonicera japonica,True,T-veto5,0.000000,Lonicera japonica,True,Lonicera japonica,0.000000,False,False,,False
Lonicera_japonica_0.jpg,Lonicera japonica,True,W,0.000000,Lonicera japonica,True,Lonicera japonica,0.000000,False,False,,False
Lonicera_japonica_0.jpg,Lonicera japonica,True,C-m*raw,0.047722,Lonicera japonica,True,Lonicera japonica,0.000000,False,False,,False
Lonicera_japonica_0.jpg,Lonicera japonica,True,C-m*hazard,0.047722,Lonicera japonica,True,Lonicera japonica,0.000000,False,False,,False
Lonicera_japonica_1.jpg,Lonicera japonica,True,A,0.000000,Solidago altissima,False,,inf,False,True,Solidago altissima,False
Lonicera_japonica_1.jpg,Lonicera japonica,True,B,0.000000,Phytolacca americana,True,Phytolacca americana,0.000000,False,False,,False
Lonicera_japonica_1.jpg,Lonicera japonica,True,C,0.000000,Lonicera japonica,True,Lonicera japonica,0.000000,False,False,,False
Lonicera_japonica_1.jpg,Lonicera japonica,True,C-veto2,0.000000,Lonicera japonica,True,Lonicera japonica,0.000000,False,False,,False
Lonicera_japonica_1.jpg,Lonicera japonica,True,C-veto3,0.000000,Lonicera japonica,True,Lonicera japonica,0.000000,False,False,,False
Lonicera_japonica_1.jpg,Lonicera japonica,True,C-veto5,0.000000,Lonicera japonica,True,Lonicera japonica,0.000000,False,False,,False
Lonicera_japonica_1.jpg,Lonicera japonica,True,C-m0.01,0.010000,Lonicera japonica,True,Lonicera japonica,0.000000,False,False,,False
Lonicera_japonica_1.jpg,Lonicera japonica,True,C-m0.02,0.020000,Lonicera japonica,True,Lonicera japonica,0.000000,False,False,,False
Lonicera_japonica_1.jpg,Lonicera japonica,True,C-m0.03,0.030000,Lonicera japonica,True,Lonicera japonica,0.000000,False,False,,False
Lonicera_japonica_1.jpg,Lonicera japonica,True,C-m0.04,0.040000,Lonicera japonica,True,Lonicera japonica,0.000000,False,False,,False
Lonicera_japonica_1.jpg,Lonicera japonica,True,C-m0.05,0.050000,Lonicera japonica,True,Lonicera japonica,0.000000,False,False,,False
Lonicera_japonica_1.jpg,Lonicera japonica,True,C-m0.06,0.060000,Lonicera japonica,True,Lonicera japonica,0.000000,False,False,,False
Lonicera_japonica_1.jpg,Lonicera japonica,True,C-m0.08,0.080000,Lonicera japonica,True,Lonicera japonica,0.000000,False,False,,False
Lonicera_japonica_1.jpg,Lonicera japonica,True,C-m0.10,0.100000,Lonicera japonica,True,Lonicera japonica,0.000000,False,False,,False
Lonicera_japonica_1.jpg,Lonicera japonica,True,T,0.000000,Ligustrum vulgare,True,Ligustrum vulgare,0.000000,False,False,,False
Lonicera_japonica_1.jpg,Lonicera japonica,True,T-veto2,0.000000,Ligustrum vulgare,True,Ligustrum vulgare,0.000000,False,False,,False
Lonicera_japonica_1.jpg,Lonicera japonica,True,T-veto3,0.000000,Ligustrum vulgare,True,Ligustrum vulgare,0.000000,False,False,,False
Lonicera_japonica_1.jpg,Lonicera japonica,True,T-veto5,0.000000,Ligustrum vulgare,True,Ligustrum vulgare,0.000000,False,False,,False
Lonicera_japonica_1.jpg,Lonicera japonica,True,W,0.000000,Ligustrum vulgare,True,Ligustrum vulgare,0.000000,False,False,,False
Lonicera_japonica_1.jpg,Lonicera japonica,True,C-m*raw,0.047722,Lonicera japonica,True,Lonicera japonica,0.000000,False,False,,False
Lonicera_japonica_1.jpg,Lonicera japonica,True,C-m*hazard,0.047722,Lonicera japonica,True,Lonicera japonica,0.000000,False,False,,False
Lonicera_japonica_2.jpg,Lonicera japonica,True,A,0.000000,Pueraria montana,False,,inf,False,True,Pueraria montana,False
Lonicera_japonica_2.jpg,Lonicera japonica,True,B,0.000000,Phytolacca americana,True,Phytolacca americana,0.000000,False,False,,False
Lonicera_japonica_2.jpg,Lonicera japonica,True,C,0.000000,Lonicera japonica,True,Lonicera japonica,0.000000,False,False,,False
Lonicera_japonica_2.jpg,Lonicera japonica,True,C-veto2,0.000000,Lonicera japonica,True,Lonicera japonica,0.000000,False,False,,False
Lonicera_japonica_2.jpg,Lonicera japonica,True,C-veto3,0.000000,Lonicera japonica,True,Lonicera japonica,0.000000,False,False,,False
Lonicera_japonica_2.jpg,Lonicera japonica,True,C-veto5,0.000000,Lonicera japonica,True,Lonicera japonica,0.000000,False,False,,False
Lonicera_japonica_2.jpg,Lonicera japonica,True,C-m0.01,0.010000,Lonicera japonica,True,Lonicera japonica,0.000000,False,False,,False
Lonicera_japonica_2.jpg,Lonicera japonica,True,C-m0.02,0.020000,Lonicera japonica,True,Lonicera japonica,0.000000,False,False,,False
Lonicera_japonica_2.jpg,Lonicera japonica,True,C-m0.03,0.030000,Lonicera japonica,True,Lonicera japonica,0.000000,False,False,,False
Lonicera_japonica_2.jpg,Lonicera japonica,True,C-m0.04,0.040000,Lonicera japonica,True,Lonicera japonica,0.000000,False,False,,False
Lonicera_japonica_2.jpg,Lonicera japonica,True,C-m0.05,0.050000,Lonicera japonica,True,Lonicera japonica,0.000000,False,False,,False
Lonicera_japonica_2.jpg,Lonicera japonica,True,C-m0.06,0.060000,Lonicera japonica,True,Lonicera japonica,0.000000,False,False,,False
Lonicera_japonica_2.jpg,Lonicera japonica,True,C-m0.08,0.080000,Lonicera japonica,True,Lonicera japonica,0.000000,False,False,,False
Lonicera_japonica_2.jpg,Lonicera japonica,True,C-m0.10,0.100000,Lonicera japonica,True,Lonicera japonica,0.000000,False,False,,False
Lonicera_japonica_2.jpg,Lonicera japonica,True,T,0.000000,Lonicera japonica,True,Lonicera japonica,0.000000,False,False,,False
Lonicera_japonica_2.jpg,Lonicera japonica,True,T-veto2,0.000000,Lonicera japonica,True,Lonicera japonica,0.000000,False,False,,False
Lonicera_japonica_2.jpg,Lonicera japonica,True,T-veto3,0.000000,Lonicera japonica,True,Lonicera japonica,0.000000,False,False,,False
Lonicera_japonica_2.jpg,Lonicera japonica,True,T-veto5,0.000000,Lonicera japonica,True,Lonicera japonica,0.000000,False,False,,False
Lonicera_japonica_2.jpg,Lonicera japonica,True,W,0.000000,Lonicera japonica,True,Lonicera japonica,0.000000,False,False,,False
Lonicera_japonica_2.jpg,Lonicera japonica,True,C-m*raw,0.047722,Lonicera japonica,True,Lonicera japonica,0.000000,False,False,,False
Lonicera_japonica_2.jpg,Lonicera japonica,True,C-m*hazard,0.047722,Lonicera japonica,True,Lonicera japonica,0.000000,False,False,,False
Lobelia_cardinalis_0.jpg,Lobelia cardinalis,True,A,0.000000,Erechtites hieraciifolius,False,,inf,False,True,Erechtites hieraciifolius,False
Lobelia_cardinalis_0.jpg,Lobelia cardinalis,True,B,0.000000,Erechtites hieraciifolius,False,Phytolacca americana,0.041168,False,True,Erechtites hieraciifolius,False
Lobelia_cardinalis_0.jpg,Lobelia cardinalis,True,C,0.000000,Lobelia cardinalis,True,Lobelia cardinalis,0.000000,False,False,,False
Lobelia_cardinalis_0.jpg,Lobelia cardinalis,True,C-veto2,0.000000,Lobelia cardinalis,True,Lobelia cardinalis,0.000000,False,False,,False
Lobelia_cardinalis_0.jpg,Lobelia cardinalis,True,C-veto3,0.000000,Lobelia cardinalis,True,Lobelia cardinalis,0.000000,False,False,,False
Lobelia_cardinalis_0.jpg,Lobelia cardinalis,True,C-veto5,0.000000,Lobelia cardinalis,True,Lobelia cardinalis,0.000000,False,False,,False
Lobelia_cardinalis_0.jpg,Lobelia cardinalis,True,C-m0.01,0.010000,Lobelia cardinalis,True,Lobelia cardinalis,0.000000,False,False,,False
Lobelia_cardinalis_0.jpg,Lobelia cardinalis,True,C-m0.02,0.020000,Lobelia cardinalis,True,Lobelia cardinalis,0.000000,False,False,,False
Lobelia_cardinalis_0.jpg,Lobelia cardinalis,True,C-m0.03,0.030000,Lobelia cardinalis,True,Lobelia cardinalis,0.000000,False,False,,False
Lobelia_cardinalis_0.jpg,Lobelia cardinalis,True,C-m0.04,0.040000,Lobelia cardinalis,True,Lobelia cardinalis,0.000000,False,False,,False
Lobelia_cardinalis_0.jpg,Lobelia cardinalis,True,C-m0.05,0.050000,Lobelia cardinalis,True,Lobelia cardinalis,0.000000,False,False,,False
Lobelia_cardinalis_0.jpg,Lobelia cardinalis,True,C-m0.06,0.060000,Lobelia cardinalis,True,Lobelia cardinalis,0.000000,False,False,,False
Lobelia_cardinalis_0.jpg,Lobelia cardinalis,True,C-m0.08,0.080000,Lobelia cardinalis,True,Lobelia cardinalis,0.000000,False,False,,False
Lobelia_cardinalis_0.jpg,Lobelia cardinalis,True,C-m0.10,0.100000,Lobelia cardinalis,True,Lobelia cardinalis,0.000000,False,False,,False
Lobelia_cardinalis_0.jpg,Lobelia cardinalis,True,T,0.000000,Lobelia cardinalis,True,Lobelia cardinalis,0.000000,False,False,,False
Lobelia_cardinalis_0.jpg,Lobelia cardinalis,True,T-veto2,0.000000,Lobelia cardinalis,True,Lobelia cardinalis,0.000000,False,False,,False
Lobelia_cardinalis_0.jpg,Lobelia cardinalis,True,T-veto3,0.000000,Lobelia cardinalis,True,Lobelia cardinalis,0.000000,False,False,,False
Lobelia_cardinalis_0.jpg,Lobelia cardinalis,True,T-veto5,0.000000,Lobelia cardinalis,True,Lobelia cardinalis,0.000000,False,False,,False
Lobelia_cardinalis_0.jpg,Lobelia cardinalis,True,W,0.000000,Lobelia cardinalis,True,Lobelia cardinalis,0.000000,False,False,,False
Lobelia_cardinalis_0.jpg,Lobelia cardinalis,True,C-m*raw,0.047722,Lobelia cardinalis,True,Lobelia cardinalis,0.000000,False,False,,False
Lobelia_cardinalis_0.jpg,Lobelia cardinalis,True,C-m*hazard,0.047722,Lobelia cardinalis,True,Lobelia cardinalis,0.000000,False,False,,False
Lobelia_cardinalis_1.jpg,Lobelia cardinalis,True,A,0.000000,Erechtites hieraciifolius,False,,inf,False,True,Erechtites hieraciifolius,False
Lobelia_cardinalis_1.jpg,Lobelia cardinalis,True,B,0.000000,Erechtites hieraciifolius,False,Phytolacca americana,0.045516,False,True,Erechtites hieraciifolius,False
Lobelia_cardinalis_1.jpg,Lobelia cardinalis,True,C,0.000000,Lobelia cardinalis,True,Lobelia cardinalis,0.000000,False,False,,False
Lobelia_cardinalis_1.jpg,Lobelia cardinalis,True,C-veto2,0.000000,Lobelia cardinalis,True,Lobelia cardinalis,0.000000,False,False,,False
Lobelia_cardinalis_1.jpg,Lobelia cardinalis,True,C-veto3,0.000000,Lobelia cardinalis,True,Lobelia cardinalis,0.000000,False,False,,False
Lobelia_cardinalis_1.jpg,Lobelia cardinalis,True,C-veto5,0.000000,Lobelia cardinalis,True,Lobelia cardinalis,0.000000,False,False,,False
Lobelia_cardinalis_1.jpg,Lobelia cardinalis,True,C-m0.01,0.010000,Lobelia cardinalis,True,Lobelia cardinalis,0.000000,False,False,,False
Lobelia_cardinalis_1.jpg,Lobelia cardinalis,True,C-m0.02,0.020000,Lobelia cardinalis,True,Lobelia cardinalis,0.000000,False,False,,False
Lobelia_cardinalis_1.jpg,Lobelia cardinalis,True,C-m0.03,0.030000,Lobelia cardinalis,True,Lobelia cardinalis,0.000000,False,False,,False
Lobelia_cardinalis_1.jpg,Lobelia cardinalis,True,C-m0.04,0.040000,Lobelia cardinalis,True,Lobelia cardinalis,0.000000,False,False,,False
Lobelia_cardinalis_1.jpg,Lobelia cardinalis,True,C-m0.05,0.050000,Lobelia cardinalis,True,Lobelia cardinalis,0.000000,False,False,,False
Lobelia_cardinalis_1.jpg,Lobelia cardinalis,True,C-m0.06,0.060000,Lobelia cardinalis,True,Lobelia cardinalis,0.000000,False,False,,False
Lobelia_cardinalis_1.jpg,Lobelia cardinalis,True,C-m0.08,0.080000,Lobelia cardinalis,True,Lobelia cardinalis,0.000000,False,False,,False
Lobelia_cardinalis_1.jpg,Lobelia cardinalis,True,C-m0.10,0.100000,Lobelia cardinalis,True,Lobelia cardinalis,0.000000,False,False,,False
Lobelia_cardinalis_1.jpg,Lobelia cardinalis,True,T,0.000000,Lobelia cardinalis,True,Lobelia cardinalis,0.000000,False,False,,False
Lobelia_cardinalis_1.jpg,Lobelia cardinalis,True,T-veto2,0.000000,Lobelia cardinalis,True,Lobelia cardinalis,0.000000,False,False,,False
Lobelia_cardinalis_1.jpg,Lobelia cardinalis,True,T-veto3,0.000000,Lobelia cardinalis,True,Lobelia cardinalis,0.000000,False,False,,False
Lobelia_cardinalis_1.jpg,Lobelia cardinalis,True,T-veto5,0.000000,Lobelia cardinalis,True,Lobelia cardinalis,0.000000,False,False,,False
Lobelia_cardinalis_1.jpg,Lobelia cardinalis,True,W,0.000000,Lobelia cardinalis,True,Lobelia cardinalis,0.000000,False,False,,False
Lobelia_cardinalis_1.jpg,Lobelia cardinalis,True,C-m*raw,0.047722,Lobelia cardinalis,True,Lobelia cardinalis,0.000000,False,False,,False
Lobelia_cardinalis_1.jpg,Lobelia cardinalis,True,C-m*hazard,0.047722,Lobelia cardinalis,True,Lobelia cardinalis,0.000000,False,False,,False
Lobelia_cardinalis_2.jpg,Lobelia cardinalis,True,A,0.000000,Erechtites hieraciifolius,False,,inf,False,True,Erechtites hieraciifolius,False
Lobelia_cardinalis_2.jpg,Lobelia cardinalis,True,B,0.000000,Erechtites hieraciifolius,False,Lonicera maackii,0.050339,False,True,Erechtites hieraciifolius,False
Lobelia_cardinalis_2.jpg,Lobelia cardinalis,True,C,0.000000,Lobelia cardinalis,True,Lobelia cardinalis,0.000000,False,False,,False
Lobelia_cardinalis_2.jpg,Lobelia cardinalis,True,C-veto2,0.000000,Lobelia cardinalis,True,Lobelia cardinalis,0.000000,False,False,,False
Lobelia_cardinalis_2.jpg,Lobelia cardinalis,True,C-veto3,0.000000,Lobelia cardinalis,True,Lobelia cardinalis,0.000000,False,False,,False
Lobelia_cardinalis_2.jpg,Lobelia cardinalis,True,C-veto5,0.000000,Lobelia cardinalis,True,Lobelia cardinalis,0.000000,False,False,,False
Lobelia_cardinalis_2.jpg,Lobelia cardinalis,True,C-m0.01,0.010000,Lobelia cardinalis,True,Lobelia cardinalis,0.000000,False,False,,False
Lobelia_cardinalis_2.jpg,Lobelia cardinalis,True,C-m0.02,0.020000,Lobelia cardinalis,True,Lobelia cardinalis,0.000000,False,False,,False
Lobelia_cardinalis_2.jpg,Lobelia cardinalis,True,C-m0.03,0.030000,Lobelia cardinalis,True,Lobelia cardinalis,0.000000,False,False,,False
Lobelia_cardinalis_2.jpg,Lobelia cardinalis,True,C-m0.04,0.040000,Lobelia cardinalis,True,Lobelia cardinalis,0.000000,False,False,,False
Lobelia_cardinalis_2.jpg,Lobelia cardinalis,True,C-m0.05,0.050000,Lobelia cardinalis,True,Lobelia cardinalis,0.000000,False,False,,False
Lobelia_cardinalis_2.jpg,Lobelia cardinalis,True,C-m0.06,0.060000,Lobelia cardinalis,True,Lobelia cardinalis,0.000000,False,False,,False
Lobelia_cardinalis_2.jpg,Lobelia cardinalis,True,C-m0.08,0.080000,Lobelia cardinalis,True,Lobelia cardinalis,0.000000,False,False,,False
Lobelia_cardinalis_2.jpg,Lobelia cardinalis,True,C-m0.10,0.100000,Lobelia cardinalis,True,Lobelia cardinalis,0.000000,False,False,,False
Lobelia_cardinalis_2.jpg,Lobelia cardinalis,True,T,0.000000,Lobelia cardinalis,True,Lobelia cardinalis,0.000000,False,False,,False
Lobelia_cardinalis_2.jpg,Lobelia cardinalis,True,T-veto2,0.000000,Lobelia cardinalis,True,Lobelia cardinalis,0.000000,False,False,,False
Lobelia_cardinalis_2.jpg,Lobelia cardinalis,True,T-veto3,0.000000,Lobelia cardinalis,True,Lobelia cardinalis,0.000000,False,False,,False
Lobelia_cardinalis_2.jpg,Lobelia cardinalis,True,T-veto5,0.000000,Lobelia cardinalis,True,Lobelia cardinalis,0.000000,False,False,,False
Lobelia_cardinalis_2.jpg,Lobelia cardinalis,True,W,0.000000,Lobelia cardinalis,True,Lobelia cardinalis,0.000000,False,False,,False
Lobelia_cardinalis_2.jpg,Lobelia cardinalis,True,C-m*raw,0.047722,Lobelia cardinalis,True,Lobelia cardinalis,0.000000,False,False,,False
Lobelia_cardinalis_2.jpg,Lobelia cardinalis,True,C-m*hazard,0.047722,Lobelia cardinalis,True,Lobelia cardinalis,0.000000,False,False,,False
Physalis_angulata_0.jpg,Physalis angulata,True,A,0.000000,Phyllanthus urinaria,False,,inf,False,True,Phyllanthus urinaria,False
Physalis_angulata_0.jpg,Physalis angulata,True,B,0.000000,Phyllanthus urinaria,False,Hedera helix,0.074150,False,True,Phyllanthus urinaria,False
Physalis_angulata_0.jpg,Physalis angulata,True,C,0.000000,Dichondra carolinensis,True,Dichondra carolinensis,0.000000,False,False,,False
Physalis_angulata_0.jpg,Physalis angulata,True,C-veto2,0.000000,Dichondra carolinensis,True,Dichondra carolinensis,0.000000,False,False,,False
Physalis_angulata_0.jpg,Physalis angulata,True,C-veto3,0.000000,Dichondra carolinensis,True,Dichondra carolinensis,0.000000,False,False,,False
Physalis_angulata_0.jpg,Physalis angulata,True,C-veto5,0.000000,Dichondra carolinensis,True,Dichondra carolinensis,0.000000,False,False,,False
Physalis_angulata_0.jpg,Physalis angulata,True,C-m0.01,0.010000,Dichondra carolinensis,True,Dichondra carolinensis,0.000000,False,False,,False
Physalis_angulata_0.jpg,Physalis angulata,True,C-m0.02,0.020000,Dichondra carolinensis,True,Dichondra carolinensis,0.000000,False,False,,False
Physalis_angulata_0.jpg,Physalis angulata,True,C-m0.03,0.030000,Dichondra carolinensis,True,Dichondra carolinensis,0.000000,False,False,,False
Physalis_angulata_0.jpg,Physalis angulata,True,C-m0.04,0.040000,Dichondra carolinensis,True,Dichondra carolinensis,0.000000,False,False,,False
Physalis_angulata_0.jpg,Physalis angulata,True,C-m0.05,0.050000,Dichondra carolinensis,True,Dichondra carolinensis,0.000000,False,False,,False
Physalis_angulata_0.jpg,Physalis angulata,True,C-m0.06,0.060000,Dichondra carolinensis,True,Dichondra carolinensis,0.000000,False,False,,False
Physalis_angulata_0.jpg,Physalis angulata,True,C-m0.08,0.080000,Dichondra carolinensis,True,Dichondra carolinensis,0.000000,False,False,,False
Physalis_angulata_0.jpg,Physalis angulata,True,C-m0.10,0.100000,Dichondra carolinensis,True,Dichondra carolinensis,0.000000,False,False,,False
Physalis_angulata_0.jpg,Physalis angulata,True,T,0.000000,Ipomoea obscura,True,Ipomoea obscura,0.000000,False,False,,False
Physalis_angulata_0.jpg,Physalis angulata,True,T-veto2,0.000000,Ipomoea obscura,True,Ipomoea obscura,0.000000,False,False,,False
Physalis_angulata_0.jpg,Physalis angulata,True,T-veto3,0.000000,Ipomoea obscura,True,Ipomoea obscura,0.000000,False,False,,False
Physalis_angulata_0.jpg,Physalis angulata,True,T-veto5,0.000000,Ipomoea obscura,True,Ipomoea obscura,0.000000,False,False,,False
Physalis_angulata_0.jpg,Physalis angulata,True,W,0.000000,Ipomoea obscura,True,Ipomoea obscura,0.000000,False,False,,False
Physalis_angulata_0.jpg,Physalis angulata,True,C-m*raw,0.047722,Dichondra carolinensis,True,Dichondra carolinensis,0.000000,False,False,,False
Physalis_angulata_0.jpg,Physalis angulata,True,C-m*hazard,0.047722,Dichondra carolinensis,True,Dichondra carolinensis,0.000000,False,False,,False
Physalis_angulata_1.jpg,Physalis angulata,True,A,0.000000,Phyllanthus urinaria,False,,inf,False,True,Phyllanthus urinaria,False
Physalis_angulata_1.jpg,Physalis angulata,True,B,0.000000,Solanum carolinense,True,Solanum carolinense,0.000000,False,False,,False
Physalis_angulata_1.jpg,Physalis angulata,True,C,0.000000,Physalis angulata,True,Physalis angulata,0.000000,False,False,,False
Physalis_angulata_1.jpg,Physalis angulata,True,C-veto2,0.000000,Physalis angulata,True,Physalis angulata,0.000000,False,False,,False
Physalis_angulata_1.jpg,Physalis angulata,True,C-veto3,0.000000,Physalis angulata,True,Physalis angulata,0.000000,False,False,,False
Physalis_angulata_1.jpg,Physalis angulata,True,C-veto5,0.000000,Physalis angulata,True,Physalis angulata,0.000000,False,False,,False
Physalis_angulata_1.jpg,Physalis angulata,True,C-m0.01,0.010000,Physalis angulata,True,Physalis angulata,0.000000,False,False,,False
Physalis_angulata_1.jpg,Physalis angulata,True,C-m0.02,0.020000,Physalis angulata,True,Physalis angulata,0.000000,False,False,,False
Physalis_angulata_1.jpg,Physalis angulata,True,C-m0.03,0.030000,Physalis angulata,True,Physalis angulata,0.000000,False,False,,False
Physalis_angulata_1.jpg,Physalis angulata,True,C-m0.04,0.040000,Physalis angulata,True,Physalis angulata,0.000000,False,False,,False
Physalis_angulata_1.jpg,Physalis angulata,True,C-m0.05,0.050000,Physalis angulata,True,Physalis angulata,0.000000,False,False,,False
Physalis_angulata_1.jpg,Physalis angulata,True,C-m0.06,0.060000,Physalis angulata,True,Physalis angulata,0.000000,False,False,,False
Physalis_angulata_1.jpg,Physalis angulata,True,C-m0.08,0.080000,Physalis angulata,True,Physalis angulata,0.000000,False,False,,False
Physalis_angulata_1.jpg,Physalis angulata,True,C-m0.10,0.100000,Physalis angulata,True,Physalis angulata,0.000000,False,False,,False
Physalis_angulata_1.jpg,Physalis angulata,True,T,0.000000,Physalis angulata,True,Physalis angulata,0.000000,False,False,,False
Physalis_angulata_1.jpg,Physalis angulata,True,T-veto2,0.000000,Physalis angulata,True,Physalis angulata,0.000000,False,False,,False
Physalis_angulata_1.jpg,Physalis angulata,True,T-veto3,0.000000,Physalis angulata,True,Physalis angulata,0.000000,False,False,,False
Physalis_angulata_1.jpg,Physalis angulata,True,T-veto5,0.000000,Physalis angulata,True,Physalis angulata,0.000000,False,False,,False
Physalis_angulata_1.jpg,Physalis angulata,True,W,0.000000,Physalis angulata,True,Physalis angulata,0.000000,False,False,,False
Physalis_angulata_1.jpg,Physalis angulata,True,C-m*raw,0.047722,Physalis angulata,True,Physalis angulata,0.000000,False,False,,False
Physalis_angulata_1.jpg,Physalis angulata,True,C-m*hazard,0.047722,Physalis angulata,True,Physalis angulata,0.000000,False,False,,False
Physalis_angulata_2.jpg,Physalis angulata,True,A,0.000000,Pueraria montana,False,,inf,False,True,Pueraria montana,False
Physalis_angulata_2.jpg,Physalis angulata,True,B,0.000000,Asimina triloba,True,Asimina triloba,0.000000,False,False,,False
Physalis_angulata_2.jpg,Physalis angulata,True,C,0.000000,Ipomoea alba,True,Ipomoea alba,0.000000,False,False,,False
Physalis_angulata_2.jpg,Physalis angulata,True,C-veto2,0.000000,Ipomoea alba,True,Ipomoea alba,0.000000,False,False,,False
Physalis_angulata_2.jpg,Physalis angulata,True,C-veto3,0.000000,Ipomoea alba,True,Ipomoea alba,0.000000,False,False,,False
Physalis_angulata_2.jpg,Physalis angulata,True,C-veto5,0.000000,Ipomoea alba,True,Ipomoea alba,0.000000,False,False,,False
Physalis_angulata_2.jpg,Physalis angulata,True,C-m0.01,0.010000,Ipomoea alba,True,Ipomoea alba,0.000000,False,False,,False
Physalis_angulata_2.jpg,Physalis angulata,True,C-m0.02,0.020000,Ipomoea alba,True,Ipomoea alba,0.000000,False,False,,False
Physalis_angulata_2.jpg,Physalis angulata,True,C-m0.03,0.030000,Ipomoea alba,True,Ipomoea alba,0.000000,False,False,,False
Physalis_angulata_2.jpg,Physalis angulata,True,C-m0.04,0.040000,Ipomoea alba,True,Ipomoea alba,0.000000,False,False,,False
Physalis_angulata_2.jpg,Physalis angulata,True,C-m0.05,0.050000,Ipomoea alba,True,Ipomoea alba,0.000000,False,False,,False
Physalis_angulata_2.jpg,Physalis angulata,True,C-m0.06,0.060000,Ipomoea alba,True,Ipomoea alba,0.000000,False,False,,False
Physalis_angulata_2.jpg,Physalis angulata,True,C-m0.08,0.080000,Ipomoea alba,True,Ipomoea alba,0.000000,False,False,,False
Physalis_angulata_2.jpg,Physalis angulata,True,C-m0.10,0.100000,Ipomoea alba,True,Ipomoea alba,0.000000,False,False,,False
Physalis_angulata_2.jpg,Physalis angulata,True,T,0.000000,Dioscorea bulbifera,True,Dioscorea bulbifera,0.000000,False,False,,False
Physalis_angulata_2.jpg,Physalis angulata,True,T-veto2,0.000000,Dioscorea bulbifera,True,Dioscorea bulbifera,0.000000,False,False,,False
Physalis_angulata_2.jpg,Physalis angulata,True,T-veto3,0.000000,Dioscorea bulbifera,True,Dioscorea bulbifera,0.000000,False,False,,False
Physalis_angulata_2.jpg,Physalis angulata,True,T-veto5,0.000000,Dioscorea bulbifera,True,Dioscorea bulbifera,0.000000,False,False,,False
Physalis_angulata_2.jpg,Physalis angulata,True,W,0.000000,Dioscorea bulbifera,True,Dioscorea bulbifera,0.000000,False,False,,False
Physalis_angulata_2.jpg,Physalis angulata,True,C-m*raw,0.047722,Ipomoea alba,True,Ipomoea alba,0.000000,False,False,,False
Physalis_angulata_2.jpg,Physalis angulata,True,C-m*hazard,0.047722,Ipomoea alba,True,Ipomoea alba,0.000000,False,False,,False
Verbesina_alternifolia_0.jpg,Verbesina alternifolia,True,A,0.000000,Erechtites hieraciifolius,False,,inf,False,True,Erechtites hieraciifolius,False
Verbesina_alternifolia_0.jpg,Verbesina alternifolia,True,B,0.000000,Asimina triloba,True,Asimina triloba,0.000000,False,False,,False
Verbesina_alternifolia_0.jpg,Verbesina alternifolia,True,C,0.000000,Verbesina alternifolia,True,Verbesina alternifolia,0.000000,False,False,,False
Verbesina_alternifolia_0.jpg,Verbesina alternifolia,True,C-veto2,0.000000,Verbesina alternifolia,True,Verbesina alternifolia,0.000000,False,False,,False
Verbesina_alternifolia_0.jpg,Verbesina alternifolia,True,C-veto3,0.000000,Verbesina alternifolia,True,Verbesina alternifolia,0.000000,False,False,,False
Verbesina_alternifolia_0.jpg,Verbesina alternifolia,True,C-veto5,0.000000,Verbesina alternifolia,True,Verbesina alternifolia,0.000000,False,False,,False
Verbesina_alternifolia_0.jpg,Verbesina alternifolia,True,C-m0.01,0.010000,Verbesina alternifolia,True,Verbesina alternifolia,0.000000,False,False,,False
Verbesina_alternifolia_0.jpg,Verbesina alternifolia,True,C-m0.02,0.020000,Verbesina alternifolia,True,Verbesina alternifolia,0.000000,False,False,,False
Verbesina_alternifolia_0.jpg,Verbesina alternifolia,True,C-m0.03,0.030000,Verbesina alternifolia,True,Verbesina alternifolia,0.000000,False,False,,False
Verbesina_alternifolia_0.jpg,Verbesina alternifolia,True,C-m0.04,0.040000,Verbesina alternifolia,True,Verbesina alternifolia,0.000000,False,False,,False
Verbesina_alternifolia_0.jpg,Verbesina alternifolia,True,C-m0.05,0.050000,Verbesina alternifolia,True,Verbesina alternifolia,0.000000,False,False,,False
Verbesina_alternifolia_0.jpg,Verbesina alternifolia,True,C-m0.06,0.060000,Verbesina alternifolia,True,Verbesina alternifolia,0.000000,False,False,,False
Verbesina_alternifolia_0.jpg,Verbesina alternifolia,True,C-m0.08,0.080000,Verbesina alternifolia,True,Verbesina alternifolia,0.000000,False,False,,False
Verbesina_alternifolia_0.jpg,Verbesina alternifolia,True,C-m0.10,0.100000,Verbesina alternifolia,True,Verbesina alternifolia,0.000000,False,False,,False
Verbesina_alternifolia_0.jpg,Verbesina alternifolia,True,T,0.000000,Verbesina alternifolia,True,Verbesina alternifolia,0.000000,False,False,,False
Verbesina_alternifolia_0.jpg,Verbesina alternifolia,True,T-veto2,0.000000,Verbesina alternifolia,True,Verbesina alternifolia,0.000000,False,False,,False
Verbesina_alternifolia_0.jpg,Verbesina alternifolia,True,T-veto3,0.000000,Verbesina alternifolia,True,Verbesina alternifolia,0.000000,False,False,,False
Verbesina_alternifolia_0.jpg,Verbesina alternifolia,True,T-veto5,0.000000,Verbesina alternifolia,True,Verbesina alternifolia,0.000000,False,False,,False
Verbesina_alternifolia_0.jpg,Verbesina alternifolia,True,W,0.000000,Verbesina alternifolia,True,Verbesina alternifolia,0.000000,False,False,,False
Verbesina_alternifolia_0.jpg,Verbesina alternifolia,True,C-m*raw,0.047722,Verbesina alternifolia,True,Verbesina alternifolia,0.000000,False,False,,False
Verbesina_alternifolia_0.jpg,Verbesina alternifolia,True,C-m*hazard,0.047722,Verbesina alternifolia,True,Verbesina alternifolia,0.000000,False,False,,False
Verbesina_alternifolia_1.jpg,Verbesina alternifolia,True,A,0.000000,Erechtites hieraciifolius,False,,inf,False,True,Erechtites hieraciifolius,False
Verbesina_alternifolia_1.jpg,Verbesina alternifolia,True,B,0.000000,Erechtites hieraciifolius,False,Asimina triloba,0.011902,False,True,Erechtites hieraciifolius,False
Verbesina_alternifolia_1.jpg,Verbesina alternifolia,True,C,0.000000,Verbesina alternifolia,True,Verbesina alternifolia,0.000000,False,False,,False
Verbesina_alternifolia_1.jpg,Verbesina alternifolia,True,C-veto2,0.000000,Verbesina alternifolia,True,Verbesina alternifolia,0.000000,False,False,,False
Verbesina_alternifolia_1.jpg,Verbesina alternifolia,True,C-veto3,0.000000,Verbesina alternifolia,True,Verbesina alternifolia,0.000000,False,False,,False
Verbesina_alternifolia_1.jpg,Verbesina alternifolia,True,C-veto5,0.000000,Verbesina alternifolia,True,Verbesina alternifolia,0.000000,False,False,,False
Verbesina_alternifolia_1.jpg,Verbesina alternifolia,True,C-m0.01,0.010000,Verbesina alternifolia,True,Verbesina alternifolia,0.000000,False,False,,False
Verbesina_alternifolia_1.jpg,Verbesina alternifolia,True,C-m0.02,0.020000,Verbesina alternifolia,True,Verbesina alternifolia,0.000000,False,False,,False
Verbesina_alternifolia_1.jpg,Verbesina alternifolia,True,C-m0.03,0.030000,Verbesina alternifolia,True,Verbesina alternifolia,0.000000,False,False,,False
Verbesina_alternifolia_1.jpg,Verbesina alternifolia,True,C-m0.04,0.040000,Verbesina alternifolia,True,Verbesina alternifolia,0.000000,False,False,,False
Verbesina_alternifolia_1.jpg,Verbesina alternifolia,True,C-m0.05,0.050000,Verbesina alternifolia,True,Verbesina alternifolia,0.000000,False,False,,False
Verbesina_alternifolia_1.jpg,Verbesina alternifolia,True,C-m0.06,0.060000,Verbesina alternifolia,True,Verbesina alternifolia,0.000000,False,False,,False
Verbesina_alternifolia_1.jpg,Verbesina alternifolia,True,C-m0.08,0.080000,Verbesina alternifolia,True,Verbesina alternifolia,0.000000,False,False,,False
Verbesina_alternifolia_1.jpg,Verbesina alternifolia,True,C-m0.10,0.100000,Verbesina alternifolia,True,Verbesina alternifolia,0.000000,False,False,,False
Verbesina_alternifolia_1.jpg,Verbesina alternifolia,True,T,0.000000,Verbesina alternifolia,True,Verbesina alternifolia,0.000000,False,False,,False
Verbesina_alternifolia_1.jpg,Verbesina alternifolia,True,T-veto2,0.000000,Verbesina alternifolia,True,Verbesina alternifolia,0.000000,False,False,,False
Verbesina_alternifolia_1.jpg,Verbesina alternifolia,True,T-veto3,0.000000,Verbesina alternifolia,True,Verbesina alternifolia,0.000000,False,False,,False
Verbesina_alternifolia_1.jpg,Verbesina alternifolia,True,T-veto5,0.000000,Verbesina alternifolia,True,Verbesina alternifolia,0.000000,False,False,,False
Verbesina_alternifolia_1.jpg,Verbesina alternifolia,True,W,0.000000,Verbesina alternifolia,True,Verbesina alternifolia,0.000000,False,False,,False
Verbesina_alternifolia_1.jpg,Verbesina alternifolia,True,C-m*raw,0.047722,Verbesina alternifolia,True,Verbesina alternifolia,0.000000,False,False,,False
Verbesina_alternifolia_1.jpg,Verbesina alternifolia,True,C-m*hazard,0.047722,Verbesina alternifolia,True,Verbesina alternifolia,0.000000,False,False,,False
Verbesina_alternifolia_2.jpg,Verbesina alternifolia,True,A,0.000000,Erechtites hieraciifolius,False,,inf,False,True,Erechtites hieraciifolius,False
Verbesina_alternifolia_2.jpg,Verbesina alternifolia,True,B,0.000000,Asimina triloba,True,Asimina triloba,0.000000,False,False,,False
Verbesina_alternifolia_2.jpg,Verbesina alternifolia,True,C,0.000000,Verbesina alternifolia,True,Verbesina alternifolia,0.000000,False,False,,False
Verbesina_alternifolia_2.jpg,Verbesina alternifolia,True,C-veto2,0.000000,Verbesina alternifolia,True,Verbesina alternifolia,0.000000,False,False,,False
Verbesina_alternifolia_2.jpg,Verbesina alternifolia,True,C-veto3,0.000000,Verbesina alternifolia,True,Verbesina alternifolia,0.000000,False,False,,False
Verbesina_alternifolia_2.jpg,Verbesina alternifolia,True,C-veto5,0.000000,Verbesina alternifolia,True,Verbesina alternifolia,0.000000,False,False,,False
Verbesina_alternifolia_2.jpg,Verbesina alternifolia,True,C-m0.01,0.010000,Verbesina alternifolia,True,Verbesina alternifolia,0.000000,False,False,,False
Verbesina_alternifolia_2.jpg,Verbesina alternifolia,True,C-m0.02,0.020000,Verbesina alternifolia,True,Verbesina alternifolia,0.000000,False,False,,False
Verbesina_alternifolia_2.jpg,Verbesina alternifolia,True,C-m0.03,0.030000,Verbesina alternifolia,True,Verbesina alternifolia,0.000000,False,False,,False
Verbesina_alternifolia_2.jpg,Verbesina alternifolia,True,C-m0.04,0.040000,Verbesina alternifolia,True,Verbesina alternifolia,0.000000,False,False,,False
Verbesina_alternifolia_2.jpg,Verbesina alternifolia,True,C-m0.05,0.050000,Verbesina alternifolia,True,Verbesina alternifolia,0.000000,False,False,,False
Verbesina_alternifolia_2.jpg,Verbesina alternifolia,True,C-m0.06,0.060000,Verbesina alternifolia,True,Verbesina alternifolia,0.000000,False,False,,False
Verbesina_alternifolia_2.jpg,Verbesina alternifolia,True,C-m0.08,0.080000,Verbesina alternifolia,True,Verbesina alternifolia,0.000000,False,False,,False
Verbesina_alternifolia_2.jpg,Verbesina alternifolia,True,C-m0.10,0.100000,Verbesina alternifolia,True,Verbesina alternifolia,0.000000,False,False,,False
Verbesina_alternifolia_2.jpg,Verbesina alternifolia,True,T,0.000000,Verbesina alternifolia,True,Verbesina alternifolia,0.000000,False,False,,False
Verbesina_alternifolia_2.jpg,Verbesina alternifolia,True,T-veto2,0.000000,Verbesina alternifolia,True,Verbesina alternifolia,0.000000,False,False,,False
Verbesina_alternifolia_2.jpg,Verbesina alternifolia,True,T-veto3,0.000000,Verbesina alternifolia,True,Verbesina alternifolia,0.000000,False,False,,False
Verbesina_alternifolia_2.jpg,Verbesina alternifolia,True,T-veto5,0.000000,Verbesina alternifolia,True,Verbesina alternifolia,0.000000,False,False,,False
Verbesina_alternifolia_2.jpg,Verbesina alternifolia,True,W,0.000000,Verbesina alternifolia,True,Verbesina alternifolia,0.000000,False,False,,False
Verbesina_alternifolia_2.jpg,Verbesina alternifolia,True,C-m*raw,0.047722,Verbesina alternifolia,True,Verbesina alternifolia,0.000000,False,False,,False
Verbesina_alternifolia_2.jpg,Verbesina alternifolia,True,C-m*hazard,0.047722,Verbesina alternifolia,True,Verbesina alternifolia,0.000000,False,False,,False
Lycoris_radiata_0.jpg,Lycoris radiata,True,A,0.000000,Albizia julibrissin,False,,inf,False,True,Albizia julibrissin,False
Lycoris_radiata_0.jpg,Lycoris radiata,True,B,0.000000,Albizia julibrissin,False,Nandina domestica,0.009277,False,True,Albizia julibrissin,False
Lycoris_radiata_0.jpg,Lycoris radiata,True,C,0.000000,Lycoris radiata,True,Lycoris radiata,0.000000,False,False,,False
Lycoris_radiata_0.jpg,Lycoris radiata,True,C-veto2,0.000000,Lycoris radiata,True,Lycoris radiata,0.000000,False,False,,False
Lycoris_radiata_0.jpg,Lycoris radiata,True,C-veto3,0.000000,Lycoris radiata,True,Lycoris radiata,0.000000,False,False,,False
Lycoris_radiata_0.jpg,Lycoris radiata,True,C-veto5,0.000000,Lycoris radiata,True,Lycoris radiata,0.000000,False,False,,False
Lycoris_radiata_0.jpg,Lycoris radiata,True,C-m0.01,0.010000,Lycoris radiata,True,Lycoris radiata,0.000000,False,False,,False
Lycoris_radiata_0.jpg,Lycoris radiata,True,C-m0.02,0.020000,Lycoris radiata,True,Lycoris radiata,0.000000,False,False,,False
Lycoris_radiata_0.jpg,Lycoris radiata,True,C-m0.03,0.030000,Lycoris radiata,True,Lycoris radiata,0.000000,False,False,,False
Lycoris_radiata_0.jpg,Lycoris radiata,True,C-m0.04,0.040000,Lycoris radiata,True,Lycoris radiata,0.000000,False,False,,False
Lycoris_radiata_0.jpg,Lycoris radiata,True,C-m0.05,0.050000,Lycoris radiata,True,Lycoris radiata,0.000000,False,False,,False
Lycoris_radiata_0.jpg,Lycoris radiata,True,C-m0.06,0.060000,Lycoris radiata,True,Lycoris radiata,0.000000,False,False,,False
Lycoris_radiata_0.jpg,Lycoris radiata,True,C-m0.08,0.080000,Lycoris radiata,True,Lycoris radiata,0.000000,False,False,,False
Lycoris_radiata_0.jpg,Lycoris radiata,True,C-m0.10,0.100000,Lycoris radiata,True,Lycoris radiata,0.000000,False,False,,False
Lycoris_radiata_0.jpg,Lycoris radiata,True,T,0.000000,Lycoris radiata,True,Lycoris radiata,0.000000,False,False,,False
Lycoris_radiata_0.jpg,Lycoris radiata,True,T-veto2,0.000000,Lycoris radiata,True,Lycoris radiata,0.000000,False,False,,False
Lycoris_radiata_0.jpg,Lycoris radiata,True,T-veto3,0.000000,Lycoris radiata,True,Lycoris radiata,0.000000,False,False,,False
Lycoris_radiata_0.jpg,Lycoris radiata,True,T-veto5,0.000000,Lycoris radiata,True,Lycoris radiata,0.000000,False,False,,False
Lycoris_radiata_0.jpg,Lycoris radiata,True,W,0.000000,Lycoris radiata,True,Lycoris radiata,0.000000,False,False,,False
Lycoris_radiata_0.jpg,Lycoris radiata,True,C-m*raw,0.047722,Lycoris radiata,True,Lycoris radiata,0.000000,False,False,,False
Lycoris_radiata_0.jpg,Lycoris radiata,True,C-m*hazard,0.047722,Lycoris radiata,True,Lycoris radiata,0.000000,False,False,,False
Lycoris_radiata_1.jpg,Lycoris radiata,True,A,0.000000,Albizia julibrissin,False,,inf,False,True,Albizia julibrissin,False
Lycoris_radiata_1.jpg,Lycoris radiata,True,B,0.000000,Albizia julibrissin,False,Nandina domestica,0.002742,False,True,Albizia julibrissin,False
Lycoris_radiata_1.jpg,Lycoris radiata,True,C,0.000000,Lycoris radiata,True,Lycoris radiata,0.000000,False,False,,False
Lycoris_radiata_1.jpg,Lycoris radiata,True,C-veto2,0.000000,Lycoris radiata,True,Lycoris radiata,0.000000,False,False,,False
Lycoris_radiata_1.jpg,Lycoris radiata,True,C-veto3,0.000000,Lycoris radiata,True,Lycoris radiata,0.000000,False,False,,False
Lycoris_radiata_1.jpg,Lycoris radiata,True,C-veto5,0.000000,Lycoris radiata,True,Lycoris radiata,0.000000,False,False,,False
Lycoris_radiata_1.jpg,Lycoris radiata,True,C-m0.01,0.010000,Lycoris radiata,True,Lycoris radiata,0.000000,False,False,,False
Lycoris_radiata_1.jpg,Lycoris radiata,True,C-m0.02,0.020000,Lycoris radiata,True,Lycoris radiata,0.000000,False,False,,False
Lycoris_radiata_1.jpg,Lycoris radiata,True,C-m0.03,0.030000,Lycoris radiata,True,Lycoris radiata,0.000000,False,False,,False
Lycoris_radiata_1.jpg,Lycoris radiata,True,C-m0.04,0.040000,Lycoris radiata,True,Lycoris radiata,0.000000,False,False,,False
Lycoris_radiata_1.jpg,Lycoris radiata,True,C-m0.05,0.050000,Lycoris radiata,True,Lycoris radiata,0.000000,False,False,,False
Lycoris_radiata_1.jpg,Lycoris radiata,True,C-m0.06,0.060000,Lycoris radiata,True,Lycoris radiata,0.000000,False,False,,False
Lycoris_radiata_1.jpg,Lycoris radiata,True,C-m0.08,0.080000,Lycoris radiata,True,Lycoris radiata,0.000000,False,False,,False
Lycoris_radiata_1.jpg,Lycoris radiata,True,C-m0.10,0.100000,Lycoris radiata,True,Lycoris radiata,0.000000,False,False,,False
Lycoris_radiata_1.jpg,Lycoris radiata,True,T,0.000000,Lycoris radiata,True,Lycoris radiata,0.000000,False,False,,False
Lycoris_radiata_1.jpg,Lycoris radiata,True,T-veto2,0.000000,Lycoris radiata,True,Lycoris radiata,0.000000,False,False,,False
Lycoris_radiata_1.jpg,Lycoris radiata,True,T-veto3,0.000000,Lycoris radiata,True,Lycoris radiata,0.000000,False,False,,False
Lycoris_radiata_1.jpg,Lycoris radiata,True,T-veto5,0.000000,Lycoris radiata,True,Lycoris radiata,0.000000,False,False,,False
Lycoris_radiata_1.jpg,Lycoris radiata,True,W,0.000000,Lycoris radiata,True,Lycoris radiata,0.000000,False,False,,False
Lycoris_radiata_1.jpg,Lycoris radiata,True,C-m*raw,0.047722,Lycoris radiata,True,Lycoris radiata,0.000000,False,False,,False
Lycoris_radiata_1.jpg,Lycoris radiata,True,C-m*hazard,0.047722,Lycoris radiata,True,Lycoris radiata,0.000000,False,False,,False
Lycoris_radiata_2.jpg,Lycoris radiata,True,A,0.000000,Albizia julibrissin,False,,inf,False,True,Albizia julibrissin,False
Lycoris_radiata_2.jpg,Lycoris radiata,True,B,0.000000,Albizia julibrissin,False,Nandina domestica,0.014030,False,True,Albizia julibrissin,False
Lycoris_radiata_2.jpg,Lycoris radiata,True,C,0.000000,Lycoris radiata,True,Lycoris radiata,0.000000,False,False,,False
Lycoris_radiata_2.jpg,Lycoris radiata,True,C-veto2,0.000000,Lycoris radiata,True,Lycoris radiata,0.000000,False,False,,False
Lycoris_radiata_2.jpg,Lycoris radiata,True,C-veto3,0.000000,Lycoris radiata,True,Lycoris radiata,0.000000,False,False,,False
Lycoris_radiata_2.jpg,Lycoris radiata,True,C-veto5,0.000000,Lycoris radiata,True,Lycoris radiata,0.000000,False,False,,False
Lycoris_radiata_2.jpg,Lycoris radiata,True,C-m0.01,0.010000,Lycoris radiata,True,Lycoris radiata,0.000000,False,False,,False
Lycoris_radiata_2.jpg,Lycoris radiata,True,C-m0.02,0.020000,Lycoris radiata,True,Lycoris radiata,0.000000,False,False,,False
Lycoris_radiata_2.jpg,Lycoris radiata,True,C-m0.03,0.030000,Lycoris radiata,True,Lycoris radiata,0.000000,False,False,,False
Lycoris_radiata_2.jpg,Lycoris radiata,True,C-m0.04,0.040000,Lycoris radiata,True,Lycoris radiata,0.000000,False,False,,False
Lycoris_radiata_2.jpg,Lycoris radiata,True,C-m0.05,0.050000,Lycoris radiata,True,Lycoris radiata,0.000000,False,False,,False
Lycoris_radiata_2.jpg,Lycoris radiata,True,C-m0.06,0.060000,Lycoris radiata,True,Lycoris radiata,0.000000,False,False,,False
Lycoris_radiata_2.jpg,Lycoris radiata,True,C-m0.08,0.080000,Lycoris radiata,True,Lycoris radiata,0.000000,False,False,,False
Lycoris_radiata_2.jpg,Lycoris radiata,True,C-m0.10,0.100000,Lycoris radiata,True,Lycoris radiata,0.000000,False,False,,False
Lycoris_radiata_2.jpg,Lycoris radiata,True,T,0.000000,Lycoris radiata,True,Lycoris radiata,0.000000,False,False,,False
Lycoris_radiata_2.jpg,Lycoris radiata,True,T-veto2,0.000000,Lycoris radiata,True,Lycoris radiata,0.000000,False,False,,False
Lycoris_radiata_2.jpg,Lycoris radiata,True,T-veto3,0.000000,Lycoris radiata,True,Lycoris radiata,0.000000,False,False,,False
Lycoris_radiata_2.jpg,Lycoris radiata,True,T-veto5,0.000000,Lycoris radiata,True,Lycoris radiata,0.000000,False,False,,False
Lycoris_radiata_2.jpg,Lycoris radiata,True,W,0.000000,Lycoris radiata,True,Lycoris radiata,0.000000,False,False,,False
Lycoris_radiata_2.jpg,Lycoris radiata,True,C-m*raw,0.047722,Lycoris radiata,True,Lycoris radiata,0.000000,False,False,,False
Lycoris_radiata_2.jpg,Lycoris radiata,True,C-m*hazard,0.047722,Lycoris radiata,True,Lycoris radiata,0.000000,False,False,,False
Campsis_radicans_0.jpg,Campsis radicans,True,A,0.000000,Ampelopsis glandulosa,False,,inf,False,True,Ampelopsis glandulosa,False
Campsis_radicans_0.jpg,Campsis radicans,True,B,0.000000,Acer negundo,True,Acer negundo,0.000000,False,False,,False
Campsis_radicans_0.jpg,Campsis radicans,True,C,0.000000,Campsis radicans,True,Campsis radicans,0.000000,False,False,,False
Campsis_radicans_0.jpg,Campsis radicans,True,C-veto2,0.000000,Campsis radicans,True,Campsis radicans,0.000000,False,False,,False
Campsis_radicans_0.jpg,Campsis radicans,True,C-veto3,0.000000,Campsis radicans,True,Campsis radicans,0.000000,False,False,,False
Campsis_radicans_0.jpg,Campsis radicans,True,C-veto5,0.000000,Campsis radicans,True,Campsis radicans,0.000000,False,False,,False
Campsis_radicans_0.jpg,Campsis radicans,True,C-m0.01,0.010000,Campsis radicans,True,Campsis radicans,0.000000,False,False,,False
Campsis_radicans_0.jpg,Campsis radicans,True,C-m0.02,0.020000,Campsis radicans,True,Campsis radicans,0.000000,False,False,,False
Campsis_radicans_0.jpg,Campsis radicans,True,C-m0.03,0.030000,Campsis radicans,True,Campsis radicans,0.000000,False,False,,False
Campsis_radicans_0.jpg,Campsis radicans,True,C-m0.04,0.040000,Campsis radicans,True,Campsis radicans,0.000000,False,False,,False
Campsis_radicans_0.jpg,Campsis radicans,True,C-m0.05,0.050000,Campsis radicans,True,Campsis radicans,0.000000,False,False,,False
Campsis_radicans_0.jpg,Campsis radicans,True,C-m0.06,0.060000,Campsis radicans,True,Campsis radicans,0.000000,False,False,,False
Campsis_radicans_0.jpg,Campsis radicans,True,C-m0.08,0.080000,Campsis radicans,True,Campsis radicans,0.000000,False,False,,False
Campsis_radicans_0.jpg,Campsis radicans,True,C-m0.10,0.100000,Campsis radicans,True,Campsis radicans,0.000000,False,False,,False
Campsis_radicans_0.jpg,Campsis radicans,True,T,0.000000,Campsis radicans,True,Campsis radicans,0.000000,False,False,,False
Campsis_radicans_0.jpg,Campsis radicans,True,T-veto2,0.000000,Campsis radicans,True,Campsis radicans,0.000000,False,False,,False
Campsis_radicans_0.jpg,Campsis radicans,True,T-veto3,0.000000,Campsis radicans,True,Campsis radicans,0.000000,False,False,,False
Campsis_radicans_0.jpg,Campsis radicans,True,T-veto5,0.000000,Campsis radicans,True,Campsis radicans,0.000000,False,False,,False
Campsis_radicans_0.jpg,Campsis radicans,True,W,0.000000,Campsis radicans,True,Campsis radicans,0.000000,False,False,,False
Campsis_radicans_0.jpg,Campsis radicans,True,C-m*raw,0.047722,Campsis radicans,True,Campsis radicans,0.000000,False,False,,False
Campsis_radicans_0.jpg,Campsis radicans,True,C-m*hazard,0.047722,Campsis radicans,True,Campsis radicans,0.000000,False,False,,False
Campsis_radicans_1.jpg,Campsis radicans,True,A,0.000000,Albizia julibrissin,False,,inf,False,True,Albizia julibrissin,False
Campsis_radicans_1.jpg,Campsis radicans,True,B,0.000000,Parthenocissus quinquefolia,True,Parthenocissus quinquefolia,0.000000,False,False,,False
Campsis_radicans_1.jpg,Campsis radicans,True,C,0.000000,Campsis radicans,True,Campsis radicans,0.000000,False,False,,False
Campsis_radicans_1.jpg,Campsis radicans,True,C-veto2,0.000000,Campsis radicans,True,Campsis radicans,0.000000,False,False,,False
Campsis_radicans_1.jpg,Campsis radicans,True,C-veto3,0.000000,Campsis radicans,True,Campsis radicans,0.000000,False,False,,False
Campsis_radicans_1.jpg,Campsis radicans,True,C-veto5,0.000000,Campsis radicans,True,Campsis radicans,0.000000,False,False,,False
Campsis_radicans_1.jpg,Campsis radicans,True,C-m0.01,0.010000,Campsis radicans,True,Campsis radicans,0.000000,False,False,,False
Campsis_radicans_1.jpg,Campsis radicans,True,C-m0.02,0.020000,Campsis radicans,True,Campsis radicans,0.000000,False,False,,False
Campsis_radicans_1.jpg,Campsis radicans,True,C-m0.03,0.030000,Campsis radicans,True,Campsis radicans,0.000000,False,False,,False
Campsis_radicans_1.jpg,Campsis radicans,True,C-m0.04,0.040000,Campsis radicans,True,Campsis radicans,0.000000,False,False,,False
Campsis_radicans_1.jpg,Campsis radicans,True,C-m0.05,0.050000,Campsis radicans,True,Campsis radicans,0.000000,False,False,,False
Campsis_radicans_1.jpg,Campsis radicans,True,C-m0.06,0.060000,Campsis radicans,True,Campsis radicans,0.000000,False,False,,False
Campsis_radicans_1.jpg,Campsis radicans,True,C-m0.08,0.080000,Campsis radicans,True,Campsis radicans,0.000000,False,False,,False
Campsis_radicans_1.jpg,Campsis radicans,True,C-m0.10,0.100000,Campsis radicans,True,Campsis radicans,0.000000,False,False,,False
Campsis_radicans_1.jpg,Campsis radicans,True,T,0.000000,Campsis radicans,True,Campsis radicans,0.000000,False,False,,False
Campsis_radicans_1.jpg,Campsis radicans,True,T-veto2,0.000000,Campsis radicans,True,Campsis radicans,0.000000,False,False,,False
Campsis_radicans_1.jpg,Campsis radicans,True,T-veto3,0.000000,Campsis radicans,True,Campsis radicans,0.000000,False,False,,False
Campsis_radicans_1.jpg,Campsis radicans,True,T-veto5,0.000000,Campsis radicans,True,Campsis radicans,0.000000,False,False,,False
Campsis_radicans_1.jpg,Campsis radicans,True,W,0.000000,Campsis radicans,True,Campsis radicans,0.000000,False,False,,False
Campsis_radicans_1.jpg,Campsis radicans,True,C-m*raw,0.047722,Campsis radicans,True,Campsis radicans,0.000000,False,False,,False
Campsis_radicans_1.jpg,Campsis radicans,True,C-m*hazard,0.047722,Campsis radicans,True,Campsis radicans,0.000000,False,False,,False
Campsis_radicans_2.jpg,Campsis radicans,True,A,0.000000,Ampelopsis glandulosa,False,,inf,False,True,Ampelopsis glandulosa,False
Campsis_radicans_2.jpg,Campsis radicans,True,B,0.000000,Ampelopsis glandulosa,False,Nandina domestica,0.019760,False,True,Ampelopsis glandulosa,False
Campsis_radicans_2.jpg,Campsis radicans,True,C,0.000000,Campsis radicans,True,Campsis radicans,0.000000,False,False,,False
Campsis_radicans_2.jpg,Campsis radicans,True,C-veto2,0.000000,Campsis radicans,True,Campsis radicans,0.000000,False,False,,False
Campsis_radicans_2.jpg,Campsis radicans,True,C-veto3,0.000000,Campsis radicans,True,Campsis radicans,0.000000,False,False,,False
Campsis_radicans_2.jpg,Campsis radicans,True,C-veto5,0.000000,Campsis radicans,True,Campsis radicans,0.000000,False,False,,False
Campsis_radicans_2.jpg,Campsis radicans,True,C-m0.01,0.010000,Campsis radicans,True,Campsis radicans,0.000000,False,False,,False
Campsis_radicans_2.jpg,Campsis radicans,True,C-m0.02,0.020000,Campsis radicans,True,Campsis radicans,0.000000,False,False,,False
Campsis_radicans_2.jpg,Campsis radicans,True,C-m0.03,0.030000,Campsis radicans,True,Campsis radicans,0.000000,False,False,,False
Campsis_radicans_2.jpg,Campsis radicans,True,C-m0.04,0.040000,Campsis radicans,True,Campsis radicans,0.000000,False,False,,False
Campsis_radicans_2.jpg,Campsis radicans,True,C-m0.05,0.050000,Campsis radicans,True,Campsis radicans,0.000000,False,False,,False
Campsis_radicans_2.jpg,Campsis radicans,True,C-m0.06,0.060000,Campsis radicans,True,Campsis radicans,0.000000,False,False,,False
Campsis_radicans_2.jpg,Campsis radicans,True,C-m0.08,0.080000,Campsis radicans,True,Campsis radicans,0.000000,False,False,,False
Campsis_radicans_2.jpg,Campsis radicans,True,C-m0.10,0.100000,Campsis radicans,True,Campsis radicans,0.000000,False,False,,False
Campsis_radicans_2.jpg,Campsis radicans,True,T,0.000000,Campsis radicans,True,Campsis radicans,0.000000,False,False,,False
Campsis_radicans_2.jpg,Campsis radicans,True,T-veto2,0.000000,Campsis radicans,True,Campsis radicans,0.000000,False,False,,False
Campsis_radicans_2.jpg,Campsis radicans,True,T-veto3,0.000000,Campsis radicans,True,Campsis radicans,0.000000,False,False,,False
Campsis_radicans_2.jpg,Campsis radicans,True,T-veto5,0.000000,Campsis radicans,True,Campsis radicans,0.000000,False,False,,False
Campsis_radicans_2.jpg,Campsis radicans,True,W,0.000000,Campsis radicans,True,Campsis radicans,0.000000,False,False,,False
Campsis_radicans_2.jpg,Campsis radicans,True,C-m*raw,0.047722,Campsis radicans,True,Campsis radicans,0.000000,False,False,,False
Campsis_radicans_2.jpg,Campsis radicans,True,C-m*hazard,0.047722,Campsis radicans,True,Campsis radicans,0.000000,False,False,,False
Glechoma_hederacea_0.jpg,Glechoma hederacea,True,A,0.000000,Ampelopsis glandulosa,False,,inf,False,True,Ampelopsis glandulosa,False
Glechoma_hederacea_0.jpg,Glechoma hederacea,True,B,0.000000,Ampelopsis glandulosa,False,Hedera helix,0.004307,False,True,Ampelopsis glandulosa,False
Glechoma_hederacea_0.jpg,Glechoma hederacea,True,C,0.000000,Glechoma hederacea,True,Glechoma hederacea,0.000000,False,False,,False
Glechoma_hederacea_0.jpg,Glechoma hederacea,True,C-veto2,0.000000,Glechoma hederacea,True,Glechoma hederacea,0.000000,False,False,,False
Glechoma_hederacea_0.jpg,Glechoma hederacea,True,C-veto3,0.000000,Glechoma hederacea,True,Glechoma hederacea,0.000000,False,False,,False
Glechoma_hederacea_0.jpg,Glechoma hederacea,True,C-veto5,0.000000,Glechoma hederacea,True,Glechoma hederacea,0.000000,False,False,,False
Glechoma_hederacea_0.jpg,Glechoma hederacea,True,C-m0.01,0.010000,Glechoma hederacea,True,Glechoma hederacea,0.000000,False,False,,False
Glechoma_hederacea_0.jpg,Glechoma hederacea,True,C-m0.02,0.020000,Glechoma hederacea,True,Glechoma hederacea,0.000000,False,False,,False
Glechoma_hederacea_0.jpg,Glechoma hederacea,True,C-m0.03,0.030000,Glechoma hederacea,True,Glechoma hederacea,0.000000,False,False,,False
Glechoma_hederacea_0.jpg,Glechoma hederacea,True,C-m0.04,0.040000,Glechoma hederacea,True,Glechoma hederacea,0.000000,False,False,,False
Glechoma_hederacea_0.jpg,Glechoma hederacea,True,C-m0.05,0.050000,Glechoma hederacea,True,Glechoma hederacea,0.000000,False,False,,False
Glechoma_hederacea_0.jpg,Glechoma hederacea,True,C-m0.06,0.060000,Glechoma hederacea,True,Glechoma hederacea,0.000000,False,False,,False
Glechoma_hederacea_0.jpg,Glechoma hederacea,True,C-m0.08,0.080000,Glechoma hederacea,True,Glechoma hederacea,0.000000,False,False,,False
Glechoma_hederacea_0.jpg,Glechoma hederacea,True,C-m0.10,0.100000,Glechoma hederacea,True,Glechoma hederacea,0.000000,False,False,,False
Glechoma_hederacea_0.jpg,Glechoma hederacea,True,T,0.000000,Glechoma hederacea,True,Glechoma hederacea,0.000000,False,False,,False
Glechoma_hederacea_0.jpg,Glechoma hederacea,True,T-veto2,0.000000,Glechoma hederacea,True,Glechoma hederacea,0.000000,False,False,,False
Glechoma_hederacea_0.jpg,Glechoma hederacea,True,T-veto3,0.000000,Glechoma hederacea,True,Glechoma hederacea,0.000000,False,False,,False
Glechoma_hederacea_0.jpg,Glechoma hederacea,True,T-veto5,0.000000,Glechoma hederacea,True,Glechoma hederacea,0.000000,False,False,,False
Glechoma_hederacea_0.jpg,Glechoma hederacea,True,W,0.000000,Glechoma hederacea,True,Glechoma hederacea,0.000000,False,False,,False
Glechoma_hederacea_0.jpg,Glechoma hederacea,True,C-m*raw,0.047722,Glechoma hederacea,True,Glechoma hederacea,0.000000,False,False,,False
Glechoma_hederacea_0.jpg,Glechoma hederacea,True,C-m*hazard,0.047722,Glechoma hederacea,True,Glechoma hederacea,0.000000,False,False,,False
Glechoma_hederacea_1.jpg,Glechoma hederacea,True,A,0.000000,Conoclinium coelestinum,False,,inf,False,True,Conoclinium coelestinum,False
Glechoma_hederacea_1.jpg,Glechoma hederacea,True,B,0.000000,Conoclinium coelestinum,False,Hedera helix,0.000749,False,True,Conoclinium coelestinum,False
Glechoma_hederacea_1.jpg,Glechoma hederacea,True,C,0.000000,Glechoma hederacea,True,Glechoma hederacea,0.000000,False,False,,False
Glechoma_hederacea_1.jpg,Glechoma hederacea,True,C-veto2,0.000000,Glechoma hederacea,True,Glechoma hederacea,0.000000,False,False,,False
Glechoma_hederacea_1.jpg,Glechoma hederacea,True,C-veto3,0.000000,Glechoma hederacea,True,Glechoma hederacea,0.000000,False,False,,False
Glechoma_hederacea_1.jpg,Glechoma hederacea,True,C-veto5,0.000000,Glechoma hederacea,True,Glechoma hederacea,0.000000,False,False,,False
Glechoma_hederacea_1.jpg,Glechoma hederacea,True,C-m0.01,0.010000,Glechoma hederacea,True,Glechoma hederacea,0.000000,False,False,,False
Glechoma_hederacea_1.jpg,Glechoma hederacea,True,C-m0.02,0.020000,Glechoma hederacea,True,Glechoma hederacea,0.000000,False,False,,False
Glechoma_hederacea_1.jpg,Glechoma hederacea,True,C-m0.03,0.030000,Glechoma hederacea,True,Glechoma hederacea,0.000000,False,False,,False
Glechoma_hederacea_1.jpg,Glechoma hederacea,True,C-m0.04,0.040000,Glechoma hederacea,True,Glechoma hederacea,0.000000,False,False,,False
Glechoma_hederacea_1.jpg,Glechoma hederacea,True,C-m0.05,0.050000,Glechoma hederacea,True,Glechoma hederacea,0.000000,False,False,,False
Glechoma_hederacea_1.jpg,Glechoma hederacea,True,C-m0.06,0.060000,Glechoma hederacea,True,Glechoma hederacea,0.000000,False,False,,False
Glechoma_hederacea_1.jpg,Glechoma hederacea,True,C-m0.08,0.080000,Glechoma hederacea,True,Glechoma hederacea,0.000000,False,False,,False
Glechoma_hederacea_1.jpg,Glechoma hederacea,True,C-m0.10,0.100000,Glechoma hederacea,True,Glechoma hederacea,0.000000,False,False,,False
Glechoma_hederacea_1.jpg,Glechoma hederacea,True,T,0.000000,Glechoma hederacea,True,Glechoma hederacea,0.000000,False,False,,False
Glechoma_hederacea_1.jpg,Glechoma hederacea,True,T-veto2,0.000000,Glechoma hederacea,True,Glechoma hederacea,0.000000,False,False,,False
Glechoma_hederacea_1.jpg,Glechoma hederacea,True,T-veto3,0.000000,Glechoma hederacea,True,Glechoma hederacea,0.000000,False,False,,False
Glechoma_hederacea_1.jpg,Glechoma hederacea,True,T-veto5,0.000000,Glechoma hederacea,True,Glechoma hederacea,0.000000,False,False,,False
Glechoma_hederacea_1.jpg,Glechoma hederacea,True,W,0.000000,Glechoma hederacea,True,Glechoma hederacea,0.000000,False,False,,False
Glechoma_hederacea_1.jpg,Glechoma hederacea,True,C-m*raw,0.047722,Glechoma hederacea,True,Glechoma hederacea,0.000000,False,False,,False
Glechoma_hederacea_1.jpg,Glechoma hederacea,True,C-m*hazard,0.047722,Glechoma hederacea,True,Glechoma hederacea,0.000000,False,False,,False
Glechoma_hederacea_2.jpg,Glechoma hederacea,True,A,0.000000,Ampelopsis glandulosa,False,,inf,False,True,Ampelopsis glandulosa,False
Glechoma_hederacea_2.jpg,Glechoma hederacea,True,B,0.000000,Ampelopsis glandulosa,False,Hedera helix,0.027038,False,True,Ampelopsis glandulosa,False
Glechoma_hederacea_2.jpg,Glechoma hederacea,True,C,0.000000,Glechoma hederacea,True,Glechoma hederacea,0.000000,False,False,,False
Glechoma_hederacea_2.jpg,Glechoma hederacea,True,C-veto2,0.000000,Glechoma hederacea,True,Glechoma hederacea,0.000000,False,False,,False
Glechoma_hederacea_2.jpg,Glechoma hederacea,True,C-veto3,0.000000,Glechoma hederacea,True,Glechoma hederacea,0.000000,False,False,,False
Glechoma_hederacea_2.jpg,Glechoma hederacea,True,C-veto5,0.000000,Glechoma hederacea,True,Glechoma hederacea,0.000000,False,False,,False
Glechoma_hederacea_2.jpg,Glechoma hederacea,True,C-m0.01,0.010000,Glechoma hederacea,True,Glechoma hederacea,0.000000,False,False,,False
Glechoma_hederacea_2.jpg,Glechoma hederacea,True,C-m0.02,0.020000,Glechoma hederacea,True,Glechoma hederacea,0.000000,False,False,,False
Glechoma_hederacea_2.jpg,Glechoma hederacea,True,C-m0.03,0.030000,Glechoma hederacea,True,Glechoma hederacea,0.000000,False,False,,False
Glechoma_hederacea_2.jpg,Glechoma hederacea,True,C-m0.04,0.040000,Glechoma hederacea,True,Glechoma hederacea,0.000000,False,False,,False
Glechoma_hederacea_2.jpg,Glechoma hederacea,True,C-m0.05,0.050000,Glechoma hederacea,True,Glechoma hederacea,0.000000,False,False,,False
Glechoma_hederacea_2.jpg,Glechoma hederacea,True,C-m0.06,0.060000,Glechoma hederacea,True,Glechoma hederacea,0.000000,False,False,,False
Glechoma_hederacea_2.jpg,Glechoma hederacea,True,C-m0.08,0.080000,Glechoma hederacea,True,Glechoma hederacea,0.000000,False,False,,False
Glechoma_hederacea_2.jpg,Glechoma hederacea,True,C-m0.10,0.100000,Glechoma hederacea,True,Glechoma hederacea,0.000000,False,False,,False
Glechoma_hederacea_2.jpg,Glechoma hederacea,True,T,0.000000,Glechoma hederacea,True,Glechoma hederacea,0.000000,False,False,,False
Glechoma_hederacea_2.jpg,Glechoma hederacea,True,T-veto2,0.000000,Glechoma hederacea,True,Glechoma hederacea,0.000000,False,False,,False
Glechoma_hederacea_2.jpg,Glechoma hederacea,True,T-veto3,0.000000,Glechoma hederacea,True,Glechoma hederacea,0.000000,False,False,,False
Glechoma_hederacea_2.jpg,Glechoma hederacea,True,T-veto5,0.000000,Glechoma hederacea,True,Glechoma hederacea,0.000000,False,False,,False
Glechoma_hederacea_2.jpg,Glechoma hederacea,True,W,0.000000,Glechoma hederacea,True,Glechoma hederacea,0.000000,False,False,,False
Glechoma_hederacea_2.jpg,Glechoma hederacea,True,C-m*raw,0.047722,Glechoma hederacea,True,Glechoma hederacea,0.000000,False,False,,False
Glechoma_hederacea_2.jpg,Glechoma hederacea,True,C-m*hazard,0.047722,Glechoma hederacea,True,Glechoma hederacea,0.000000,False,False,,False
Persicaria_sagittata_0.jpg,Persicaria sagittata,True,A,0.000000,Pueraria montana,False,,inf,False,True,Pueraria montana,False
Persicaria_sagittata_0.jpg,Persicaria sagittata,True,B,0.000000,Pueraria montana,False,Solanum carolinense,0.030096,False,True,Pueraria montana,False
Persicaria_sagittata_0.jpg,Persicaria sagittata,True,C,0.000000,Ipomoea triloba,True,Ipomoea triloba,0.000000,False,False,,False
Persicaria_sagittata_0.jpg,Persicaria sagittata,True,C-veto2,0.000000,Ipomoea triloba,True,Ipomoea triloba,0.000000,False,False,,False
Persicaria_sagittata_0.jpg,Persicaria sagittata,True,C-veto3,0.000000,Ipomoea triloba,True,Ipomoea triloba,0.000000,False,False,,False
Persicaria_sagittata_0.jpg,Persicaria sagittata,True,C-veto5,0.000000,Ipomoea triloba,True,Ipomoea triloba,0.000000,False,False,,False
Persicaria_sagittata_0.jpg,Persicaria sagittata,True,C-m0.01,0.010000,Ipomoea triloba,True,Ipomoea triloba,0.000000,False,False,,False
Persicaria_sagittata_0.jpg,Persicaria sagittata,True,C-m0.02,0.020000,Ipomoea triloba,True,Ipomoea triloba,0.000000,False,False,,False
Persicaria_sagittata_0.jpg,Persicaria sagittata,True,C-m0.03,0.030000,Ipomoea triloba,True,Ipomoea triloba,0.000000,False,False,,False
Persicaria_sagittata_0.jpg,Persicaria sagittata,True,C-m0.04,0.040000,Ipomoea triloba,True,Ipomoea triloba,0.000000,False,False,,False
Persicaria_sagittata_0.jpg,Persicaria sagittata,True,C-m0.05,0.050000,Ipomoea triloba,True,Ipomoea triloba,0.000000,False,False,,False
Persicaria_sagittata_0.jpg,Persicaria sagittata,True,C-m0.06,0.060000,Ipomoea triloba,True,Ipomoea triloba,0.000000,False,False,,False
Persicaria_sagittata_0.jpg,Persicaria sagittata,True,C-m0.08,0.080000,Ipomoea triloba,True,Ipomoea triloba,0.000000,False,False,,False
Persicaria_sagittata_0.jpg,Persicaria sagittata,True,C-m0.10,0.100000,Ipomoea triloba,True,Ipomoea triloba,0.000000,False,False,,False
Persicaria_sagittata_0.jpg,Persicaria sagittata,True,T,0.000000,Lopezia racemosa,True,Lopezia racemosa,0.000000,False,False,,False
Persicaria_sagittata_0.jpg,Persicaria sagittata,True,T-veto2,0.000000,Lopezia racemosa,True,Lopezia racemosa,0.000000,False,False,,False
Persicaria_sagittata_0.jpg,Persicaria sagittata,True,T-veto3,0.000000,Lopezia racemosa,True,Lopezia racemosa,0.000000,False,False,,False
Persicaria_sagittata_0.jpg,Persicaria sagittata,True,T-veto5,0.000000,Lopezia racemosa,True,Lopezia racemosa,0.000000,False,False,,False
Persicaria_sagittata_0.jpg,Persicaria sagittata,True,W,0.000000,Achyranthes aspera,False,Lopezia racemosa,0.004427,False,False,,False
Persicaria_sagittata_0.jpg,Persicaria sagittata,True,C-m*raw,0.047722,Ipomoea triloba,True,Ipomoea triloba,0.000000,False,False,,False
Persicaria_sagittata_0.jpg,Persicaria sagittata,True,C-m*hazard,0.047722,Ipomoea triloba,True,Ipomoea triloba,0.000000,False,False,,False
Persicaria_sagittata_1.jpg,Persicaria sagittata,True,A,0.000000,Conoclinium coelestinum,False,,inf,False,True,Conoclinium coelestinum,False
Persicaria_sagittata_1.jpg,Persicaria sagittata,True,B,0.000000,Persicaria longiseta,True,Persicaria longiseta,0.000000,False,False,,False
Persicaria_sagittata_1.jpg,Persicaria sagittata,True,C,0.000000,Persicaria sagittata,True,Persicaria sagittata,0.000000,False,False,,False
Persicaria_sagittata_1.jpg,Persicaria sagittata,True,C-veto2,0.000000,Persicaria sagittata,True,Persicaria sagittata,0.000000,False,False,,False
Persicaria_sagittata_1.jpg,Persicaria sagittata,True,C-veto3,0.000000,Persicaria sagittata,True,Persicaria sagittata,0.000000,False,False,,False
Persicaria_sagittata_1.jpg,Persicaria sagittata,True,C-veto5,0.000000,Persicaria sagittata,True,Persicaria sagittata,0.000000,False,False,,False
Persicaria_sagittata_1.jpg,Persicaria sagittata,True,C-m0.01,0.010000,Persicaria sagittata,True,Persicaria sagittata,0.000000,False,False,,False
Persicaria_sagittata_1.jpg,Persicaria sagittata,True,C-m0.02,0.020000,Persicaria sagittata,True,Persicaria sagittata,0.000000,False,False,,False
Persicaria_sagittata_1.jpg,Persicaria sagittata,True,C-m0.03,0.030000,Persicaria sagittata,True,Persicaria sagittata,0.000000,False,False,,False
Persicaria_sagittata_1.jpg,Persicaria sagittata,True,C-m0.04,0.040000,Persicaria sagittata,True,Persicaria sagittata,0.000000,False,False,,False
Persicaria_sagittata_1.jpg,Persicaria sagittata,True,C-m0.05,0.050000,Persicaria sagittata,True,Persicaria sagittata,0.000000,False,False,,False
Persicaria_sagittata_1.jpg,Persicaria sagittata,True,C-m0.06,0.060000,Persicaria sagittata,True,Persicaria sagittata,0.000000,False,False,,False
Persicaria_sagittata_1.jpg,Persicaria sagittata,True,C-m0.08,0.080000,Persicaria sagittata,True,Persicaria sagittata,0.000000,False,False,,False
Persicaria_sagittata_1.jpg,Persicaria sagittata,True,C-m0.10,0.100000,Persicaria sagittata,True,Persicaria sagittata,0.000000,False,False,,False
Persicaria_sagittata_1.jpg,Persicaria sagittata,True,T,0.000000,Persicaria sagittata,True,Persicaria sagittata,0.000000,False,False,,False
Persicaria_sagittata_1.jpg,Persicaria sagittata,True,T-veto2,0.000000,Persicaria sagittata,True,Persicaria sagittata,0.000000,False,False,,False
Persicaria_sagittata_1.jpg,Persicaria sagittata,True,T-veto3,0.000000,Persicaria sagittata,True,Persicaria sagittata,0.000000,False,False,,False
Persicaria_sagittata_1.jpg,Persicaria sagittata,True,T-veto5,0.000000,Persicaria sagittata,True,Persicaria sagittata,0.000000,False,False,,False
Persicaria_sagittata_1.jpg,Persicaria sagittata,True,W,0.000000,Persicaria sagittata,True,Persicaria sagittata,0.000000,False,False,,False
Persicaria_sagittata_1.jpg,Persicaria sagittata,True,C-m*raw,0.047722,Persicaria sagittata,True,Persicaria sagittata,0.000000,False,False,,False
Persicaria_sagittata_1.jpg,Persicaria sagittata,True,C-m*hazard,0.047722,Persicaria sagittata,True,Persicaria sagittata,0.000000,False,False,,False
Persicaria_sagittata_2.jpg,Persicaria sagittata,True,A,0.000000,Conoclinium coelestinum,False,,inf,False,True,Conoclinium coelestinum,False
Persicaria_sagittata_2.jpg,Persicaria sagittata,True,B,0.000000,Persicaria longiseta,True,Persicaria longiseta,0.000000,False,False,,False
Persicaria_sagittata_2.jpg,Persicaria sagittata,True,C,0.000000,Persicaria sagittata,True,Persicaria sagittata,0.000000,False,False,,False
Persicaria_sagittata_2.jpg,Persicaria sagittata,True,C-veto2,0.000000,Persicaria sagittata,True,Persicaria sagittata,0.000000,False,False,,False
Persicaria_sagittata_2.jpg,Persicaria sagittata,True,C-veto3,0.000000,Persicaria sagittata,True,Persicaria sagittata,0.000000,False,False,,False
Persicaria_sagittata_2.jpg,Persicaria sagittata,True,C-veto5,0.000000,Persicaria sagittata,True,Persicaria sagittata,0.000000,False,False,,False
Persicaria_sagittata_2.jpg,Persicaria sagittata,True,C-m0.01,0.010000,Persicaria sagittata,True,Persicaria sagittata,0.000000,False,False,,False
Persicaria_sagittata_2.jpg,Persicaria sagittata,True,C-m0.02,0.020000,Persicaria sagittata,True,Persicaria sagittata,0.000000,False,False,,False
Persicaria_sagittata_2.jpg,Persicaria sagittata,True,C-m0.03,0.030000,Persicaria sagittata,True,Persicaria sagittata,0.000000,False,False,,False
Persicaria_sagittata_2.jpg,Persicaria sagittata,True,C-m0.04,0.040000,Persicaria sagittata,True,Persicaria sagittata,0.000000,False,False,,False
Persicaria_sagittata_2.jpg,Persicaria sagittata,True,C-m0.05,0.050000,Persicaria sagittata,True,Persicaria sagittata,0.000000,False,False,,False
Persicaria_sagittata_2.jpg,Persicaria sagittata,True,C-m0.06,0.060000,Persicaria sagittata,True,Persicaria sagittata,0.000000,False,False,,False
Persicaria_sagittata_2.jpg,Persicaria sagittata,True,C-m0.08,0.080000,Persicaria sagittata,True,Persicaria sagittata,0.000000,False,False,,False
Persicaria_sagittata_2.jpg,Persicaria sagittata,True,C-m0.10,0.100000,Persicaria sagittata,True,Persicaria sagittata,0.000000,False,False,,False
Persicaria_sagittata_2.jpg,Persicaria sagittata,True,T,0.000000,Persicaria sagittata,True,Persicaria sagittata,0.000000,False,False,,False
Persicaria_sagittata_2.jpg,Persicaria sagittata,True,T-veto2,0.000000,Persicaria sagittata,True,Persicaria sagittata,0.000000,False,False,,False
Persicaria_sagittata_2.jpg,Persicaria sagittata,True,T-veto3,0.000000,Persicaria sagittata,True,Persicaria sagittata,0.000000,False,False,,False
Persicaria_sagittata_2.jpg,Persicaria sagittata,True,T-veto5,0.000000,Persicaria sagittata,True,Persicaria sagittata,0.000000,False,False,,False
Persicaria_sagittata_2.jpg,Persicaria sagittata,True,W,0.000000,Persicaria sagittata,True,Persicaria sagittata,0.000000,False,False,,False
Persicaria_sagittata_2.jpg,Persicaria sagittata,True,C-m*raw,0.047722,Persicaria sagittata,True,Persicaria sagittata,0.000000,False,False,,False
Persicaria_sagittata_2.jpg,Persicaria sagittata,True,C-m*hazard,0.047722,Persicaria sagittata,True,Persicaria sagittata,0.000000,False,False,,False
Solidago_caesia_0.jpg,Solidago caesia,True,A,0.000000,Solidago altissima,False,,inf,False,True,Solidago altissima,False
Solidago_caesia_0.jpg,Solidago caesia,True,B,0.000000,Solidago altissima,False,Persicaria longiseta,0.121951,False,True,Solidago altissima,False
Solidago_caesia_0.jpg,Solidago caesia,True,C,0.000000,Solidago caesia,True,Solidago caesia,0.000000,False,False,,False
Solidago_caesia_0.jpg,Solidago caesia,True,C-veto2,0.000000,Solidago caesia,True,Solidago caesia,0.000000,False,False,,False
Solidago_caesia_0.jpg,Solidago caesia,True,C-veto3,0.000000,Solidago caesia,True,Solidago caesia,0.000000,False,False,,False
Solidago_caesia_0.jpg,Solidago caesia,True,C-veto5,0.000000,Solidago caesia,True,Solidago caesia,0.000000,False,False,,False
Solidago_caesia_0.jpg,Solidago caesia,True,C-m0.01,0.010000,Solidago caesia,True,Solidago caesia,0.000000,False,False,,False
Solidago_caesia_0.jpg,Solidago caesia,True,C-m0.02,0.020000,Solidago caesia,True,Solidago caesia,0.000000,False,False,,False
Solidago_caesia_0.jpg,Solidago caesia,True,C-m0.03,0.030000,Solidago caesia,True,Solidago caesia,0.000000,False,False,,False
Solidago_caesia_0.jpg,Solidago caesia,True,C-m0.04,0.040000,Solidago caesia,True,Solidago caesia,0.000000,False,False,,False
Solidago_caesia_0.jpg,Solidago caesia,True,C-m0.05,0.050000,Solidago caesia,True,Solidago caesia,0.000000,False,False,,False
Solidago_caesia_0.jpg,Solidago caesia,True,C-m0.06,0.060000,Solidago caesia,True,Solidago caesia,0.000000,False,False,,False
Solidago_caesia_0.jpg,Solidago caesia,True,C-m0.08,0.080000,Solidago caesia,True,Solidago caesia,0.000000,False,False,,False
Solidago_caesia_0.jpg,Solidago caesia,True,C-m0.10,0.100000,Solidago caesia,True,Solidago caesia,0.000000,False,False,,False
Solidago_caesia_0.jpg,Solidago caesia,True,T,0.000000,Solidago caesia,True,Solidago caesia,0.000000,False,False,,False
Solidago_caesia_0.jpg,Solidago caesia,True,T-veto2,0.000000,Solidago caesia,True,Solidago caesia,0.000000,False,False,,False
Solidago_caesia_0.jpg,Solidago caesia,True,T-veto3,0.000000,Solidago caesia,True,Solidago caesia,0.000000,False,False,,False
Solidago_caesia_0.jpg,Solidago caesia,True,T-veto5,0.000000,Solidago caesia,True,Solidago caesia,0.000000,False,False,,False
Solidago_caesia_0.jpg,Solidago caesia,True,W,0.000000,Solidago caesia,True,Solidago caesia,0.000000,False,False,,False
Solidago_caesia_0.jpg,Solidago caesia,True,C-m*raw,0.047722,Solidago caesia,True,Solidago caesia,0.000000,False,False,,False
Solidago_caesia_0.jpg,Solidago caesia,True,C-m*hazard,0.047722,Solidago caesia,True,Solidago caesia,0.000000,False,False,,False
Solidago_caesia_1.jpg,Solidago caesia,True,A,0.000000,Polystichum acrostichoides,False,,inf,False,True,Polystichum acrostichoides,False
Solidago_caesia_1.jpg,Solidago caesia,True,B,0.000000,Polystichum acrostichoides,False,Toxicodendron radicans,0.037551,False,True,Polystichum acrostichoides,False
Solidago_caesia_1.jpg,Solidago caesia,True,C,0.000000,Solidago caesia,True,Solidago caesia,0.000000,False,False,,False
Solidago_caesia_1.jpg,Solidago caesia,True,C-veto2,0.000000,Solidago caesia,True,Solidago caesia,0.000000,False,False,,False
Solidago_caesia_1.jpg,Solidago caesia,True,C-veto3,0.000000,Solidago caesia,True,Solidago caesia,0.000000,False,False,,False
Solidago_caesia_1.jpg,Solidago caesia,True,C-veto5,0.000000,Solidago caesia,True,Solidago caesia,0.000000,False,False,,False
Solidago_caesia_1.jpg,Solidago caesia,True,C-m0.01,0.010000,Solidago caesia,True,Solidago caesia,0.000000,False,False,,False
Solidago_caesia_1.jpg,Solidago caesia,True,C-m0.02,0.020000,Solidago caesia,True,Solidago caesia,0.000000,False,False,,False
Solidago_caesia_1.jpg,Solidago caesia,True,C-m0.03,0.030000,Solidago caesia,True,Solidago caesia,0.000000,False,False,,False
Solidago_caesia_1.jpg,Solidago caesia,True,C-m0.04,0.040000,Solidago caesia,True,Solidago caesia,0.000000,False,False,,False
Solidago_caesia_1.jpg,Solidago caesia,True,C-m0.05,0.050000,Solidago caesia,True,Solidago caesia,0.000000,False,False,,False
Solidago_caesia_1.jpg,Solidago caesia,True,C-m0.06,0.060000,Solidago caesia,True,Solidago caesia,0.000000,False,False,,False
Solidago_caesia_1.jpg,Solidago caesia,True,C-m0.08,0.080000,Solidago caesia,True,Solidago caesia,0.000000,False,False,,False
Solidago_caesia_1.jpg,Solidago caesia,True,C-m0.10,0.100000,Solidago caesia,True,Solidago caesia,0.000000,False,False,,False
Solidago_caesia_1.jpg,Solidago caesia,True,T,0.000000,Hieracium venosum,True,Hieracium venosum,0.000000,False,False,,False
Solidago_caesia_1.jpg,Solidago caesia,True,T-veto2,0.000000,Hieracium venosum,True,Hieracium venosum,0.000000,False,False,,False
Solidago_caesia_1.jpg,Solidago caesia,True,T-veto3,0.000000,Hieracium venosum,True,Hieracium venosum,0.000000,False,False,,False
Solidago_caesia_1.jpg,Solidago caesia,True,T-veto5,0.000000,Hieracium venosum,True,Hieracium venosum,0.000000,False,False,,False
Solidago_caesia_1.jpg,Solidago caesia,True,W,0.000000,Hieracium venosum,True,Hieracium venosum,0.000000,False,False,,False
Solidago_caesia_1.jpg,Solidago caesia,True,C-m*raw,0.047722,Solidago caesia,True,Solidago caesia,0.000000,False,False,,False
Solidago_caesia_1.jpg,Solidago caesia,True,C-m*hazard,0.047722,Solidago caesia,True,Solidago caesia,0.000000,False,False,,False
Solidago_caesia_2.jpg,Solidago caesia,True,A,0.000000,Solidago altissima,False,,inf,False,True,Solidago altissima,False
Solidago_caesia_2.jpg,Solidago caesia,True,B,0.000000,Solidago altissima,False,Persicaria longiseta,0.042431,False,True,Solidago altissima,False
Solidago_caesia_2.jpg,Solidago caesia,True,C,0.000000,Solidago caesia,True,Solidago caesia,0.000000,False,False,,False
Solidago_caesia_2.jpg,Solidago caesia,True,C-veto2,0.000000,Solidago caesia,True,Solidago caesia,0.000000,False,False,,False
Solidago_caesia_2.jpg,Solidago caesia,True,C-veto3,0.000000,Solidago caesia,True,Solidago caesia,0.000000,False,False,,False
Solidago_caesia_2.jpg,Solidago caesia,True,C-veto5,0.000000,Solidago caesia,True,Solidago caesia,0.000000,False,False,,False
Solidago_caesia_2.jpg,Solidago caesia,True,C-m0.01,0.010000,Solidago caesia,True,Solidago caesia,0.000000,False,False,,False
Solidago_caesia_2.jpg,Solidago caesia,True,C-m0.02,0.020000,Solidago caesia,True,Solidago caesia,0.000000,False,False,,False
Solidago_caesia_2.jpg,Solidago caesia,True,C-m0.03,0.030000,Solidago caesia,True,Solidago caesia,0.000000,False,False,,False
Solidago_caesia_2.jpg,Solidago caesia,True,C-m0.04,0.040000,Solidago caesia,True,Solidago caesia,0.000000,False,False,,False
Solidago_caesia_2.jpg,Solidago caesia,True,C-m0.05,0.050000,Solidago caesia,True,Solidago caesia,0.000000,False,False,,False
Solidago_caesia_2.jpg,Solidago caesia,True,C-m0.06,0.060000,Solidago caesia,True,Solidago caesia,0.000000,False,False,,False
Solidago_caesia_2.jpg,Solidago caesia,True,C-m0.08,0.080000,Solidago caesia,True,Solidago caesia,0.000000,False,False,,False
Solidago_caesia_2.jpg,Solidago caesia,True,C-m0.10,0.100000,Solidago caesia,True,Solidago caesia,0.000000,False,False,,False
Solidago_caesia_2.jpg,Solidago caesia,True,T,0.000000,Solidago caesia,True,Solidago caesia,0.000000,False,False,,False
Solidago_caesia_2.jpg,Solidago caesia,True,T-veto2,0.000000,Solidago caesia,True,Solidago caesia,0.000000,False,False,,False
Solidago_caesia_2.jpg,Solidago caesia,True,T-veto3,0.000000,Solidago caesia,True,Solidago caesia,0.000000,False,False,,False
Solidago_caesia_2.jpg,Solidago caesia,True,T-veto5,0.000000,Solidago caesia,True,Solidago caesia,0.000000,False,False,,False
Solidago_caesia_2.jpg,Solidago caesia,True,W,0.000000,Solidago caesia,True,Solidago caesia,0.000000,False,False,,False
Solidago_caesia_2.jpg,Solidago caesia,True,C-m*raw,0.047722,Solidago caesia,True,Solidago caesia,0.000000,False,False,,False
Solidago_caesia_2.jpg,Solidago caesia,True,C-m*hazard,0.047722,Solidago caesia,True,Solidago caesia,0.000000,False,False,,False
Melothria_pendula_0.jpg,Melothria pendula,True,A,0.000000,Vitis rotundifolia,False,,inf,False,True,Vitis rotundifolia,False
Melothria_pendula_0.jpg,Melothria pendula,True,B,0.000000,Vitis rotundifolia,False,Hedera helix,0.042169,False,True,Vitis rotundifolia,False
Melothria_pendula_0.jpg,Melothria pendula,True,C,0.000000,Melothria pendula,True,Melothria pendula,0.000000,False,False,,False
Melothria_pendula_0.jpg,Melothria pendula,True,C-veto2,0.000000,Melothria pendula,True,Melothria pendula,0.000000,False,False,,False
Melothria_pendula_0.jpg,Melothria pendula,True,C-veto3,0.000000,Melothria pendula,True,Melothria pendula,0.000000,False,False,,False
Melothria_pendula_0.jpg,Melothria pendula,True,C-veto5,0.000000,Melothria pendula,True,Melothria pendula,0.000000,False,False,,False
Melothria_pendula_0.jpg,Melothria pendula,True,C-m0.01,0.010000,Melothria pendula,True,Melothria pendula,0.000000,False,False,,False
Melothria_pendula_0.jpg,Melothria pendula,True,C-m0.02,0.020000,Melothria pendula,True,Melothria pendula,0.000000,False,False,,False
Melothria_pendula_0.jpg,Melothria pendula,True,C-m0.03,0.030000,Melothria pendula,True,Melothria pendula,0.000000,False,False,,False
Melothria_pendula_0.jpg,Melothria pendula,True,C-m0.04,0.040000,Melothria pendula,True,Melothria pendula,0.000000,False,False,,False
Melothria_pendula_0.jpg,Melothria pendula,True,C-m0.05,0.050000,Melothria pendula,True,Melothria pendula,0.000000,False,False,,False
Melothria_pendula_0.jpg,Melothria pendula,True,C-m0.06,0.060000,Melothria pendula,True,Melothria pendula,0.000000,False,False,,False
Melothria_pendula_0.jpg,Melothria pendula,True,C-m0.08,0.080000,Melothria pendula,True,Melothria pendula,0.000000,False,False,,False
Melothria_pendula_0.jpg,Melothria pendula,True,C-m0.10,0.100000,Melothria pendula,True,Melothria pendula,0.000000,False,False,,False
Melothria_pendula_0.jpg,Melothria pendula,True,T,0.000000,Melothria pendula,True,Melothria pendula,0.000000,False,False,,False
Melothria_pendula_0.jpg,Melothria pendula,True,T-veto2,0.000000,Melothria pendula,True,Melothria pendula,0.000000,False,False,,False
Melothria_pendula_0.jpg,Melothria pendula,True,T-veto3,0.000000,Melothria pendula,True,Melothria pendula,0.000000,False,False,,False
Melothria_pendula_0.jpg,Melothria pendula,True,T-veto5,0.000000,Melothria pendula,True,Melothria pendula,0.000000,False,False,,False
Melothria_pendula_0.jpg,Melothria pendula,True,W,0.000000,Melothria pendula,True,Melothria pendula,0.000000,False,False,,False
Melothria_pendula_0.jpg,Melothria pendula,True,C-m*raw,0.047722,Melothria pendula,True,Melothria pendula,0.000000,False,False,,False
Melothria_pendula_0.jpg,Melothria pendula,True,C-m*hazard,0.047722,Melothria pendula,True,Melothria pendula,0.000000,False,False,,False
Melothria_pendula_1.jpg,Melothria pendula,True,A,0.000000,Vitis rotundifolia,False,,inf,False,True,Vitis rotundifolia,False
Melothria_pendula_1.jpg,Melothria pendula,True,B,0.000000,Vitis rotundifolia,False,Solanum carolinense,0.058031,False,True,Vitis rotundifolia,False
Melothria_pendula_1.jpg,Melothria pendula,True,C,0.000000,Melothria pendula,True,Melothria pendula,0.000000,False,False,,False
Melothria_pendula_1.jpg,Melothria pendula,True,C-veto2,0.000000,Melothria pendula,True,Melothria pendula,0.000000,False,False,,False
Melothria_pendula_1.jpg,Melothria pendula,True,C-veto3,0.000000,Melothria pendula,True,Melothria pendula,0.000000,False,False,,False
Melothria_pendula_1.jpg,Melothria pendula,True,C-veto5,0.000000,Melothria pendula,True,Melothria pendula,0.000000,False,False,,False
Melothria_pendula_1.jpg,Melothria pendula,True,C-m0.01,0.010000,Melothria pendula,True,Melothria pendula,0.000000,False,False,,False
Melothria_pendula_1.jpg,Melothria pendula,True,C-m0.02,0.020000,Melothria pendula,True,Melothria pendula,0.000000,False,False,,False
Melothria_pendula_1.jpg,Melothria pendula,True,C-m0.03,0.030000,Melothria pendula,True,Melothria pendula,0.000000,False,False,,False
Melothria_pendula_1.jpg,Melothria pendula,True,C-m0.04,0.040000,Melothria pendula,True,Melothria pendula,0.000000,False,False,,False
Melothria_pendula_1.jpg,Melothria pendula,True,C-m0.05,0.050000,Melothria pendula,True,Melothria pendula,0.000000,False,False,,False
Melothria_pendula_1.jpg,Melothria pendula,True,C-m0.06,0.060000,Melothria pendula,True,Melothria pendula,0.000000,False,False,,False
Melothria_pendula_1.jpg,Melothria pendula,True,C-m0.08,0.080000,Melothria pendula,True,Melothria pendula,0.000000,False,False,,False
Melothria_pendula_1.jpg,Melothria pendula,True,C-m0.10,0.100000,Melothria pendula,True,Melothria pendula,0.000000,False,False,,False
Melothria_pendula_1.jpg,Melothria pendula,True,T,0.000000,Melothria pendula,True,Melothria pendula,0.000000,False,False,,False
Melothria_pendula_1.jpg,Melothria pendula,True,T-veto2,0.000000,Melothria pendula,True,Melothria pendula,0.000000,False,False,,False
Melothria_pendula_1.jpg,Melothria pendula,True,T-veto3,0.000000,Melothria pendula,True,Melothria pendula,0.000000,False,False,,False
Melothria_pendula_1.jpg,Melothria pendula,True,T-veto5,0.000000,Melothria pendula,True,Melothria pendula,0.000000,False,False,,False
Melothria_pendula_1.jpg,Melothria pendula,True,W,0.000000,Cocculus carolinus,False,Melothria pendula,0.050969,False,False,,False
Melothria_pendula_1.jpg,Melothria pendula,True,C-m*raw,0.047722,Melothria pendula,True,Melothria pendula,0.000000,False,False,,False
Melothria_pendula_1.jpg,Melothria pendula,True,C-m*hazard,0.047722,Melothria pendula,True,Melothria pendula,0.000000,False,False,,False
Melothria_pendula_2.jpg,Melothria pendula,True,A,0.000000,Vitis rotundifolia,False,,inf,False,True,Vitis rotundifolia,False
Melothria_pendula_2.jpg,Melothria pendula,True,B,0.000000,Vitis rotundifolia,False,Parthenocissus quinquefolia,0.029491,False,True,Vitis rotundifolia,False
Melothria_pendula_2.jpg,Melothria pendula,True,C,0.000000,Melothria pendula,True,Melothria pendula,0.000000,False,False,,False
Melothria_pendula_2.jpg,Melothria pendula,True,C-veto2,0.000000,Melothria pendula,True,Melothria pendula,0.000000,False,False,,False
Melothria_pendula_2.jpg,Melothria pendula,True,C-veto3,0.000000,Melothria pendula,True,Melothria pendula,0.000000,False,False,,False
Melothria_pendula_2.jpg,Melothria pendula,True,C-veto5,0.000000,Melothria pendula,True,Melothria pendula,0.000000,False,False,,False
Melothria_pendula_2.jpg,Melothria pendula,True,C-m0.01,0.010000,Melothria pendula,True,Melothria pendula,0.000000,False,False,,False
Melothria_pendula_2.jpg,Melothria pendula,True,C-m0.02,0.020000,Melothria pendula,True,Melothria pendula,0.000000,False,False,,False
Melothria_pendula_2.jpg,Melothria pendula,True,C-m0.03,0.030000,Melothria pendula,True,Melothria pendula,0.000000,False,False,,False
Melothria_pendula_2.jpg,Melothria pendula,True,C-m0.04,0.040000,Melothria pendula,True,Melothria pendula,0.000000,False,False,,False
Melothria_pendula_2.jpg,Melothria pendula,True,C-m0.05,0.050000,Melothria pendula,True,Melothria pendula,0.000000,False,False,,False
Melothria_pendula_2.jpg,Melothria pendula,True,C-m0.06,0.060000,Melothria pendula,True,Melothria pendula,0.000000,False,False,,False
Melothria_pendula_2.jpg,Melothria pendula,True,C-m0.08,0.080000,Melothria pendula,True,Melothria pendula,0.000000,False,False,,False
Melothria_pendula_2.jpg,Melothria pendula,True,C-m0.10,0.100000,Melothria pendula,True,Melothria pendula,0.000000,False,False,,False
Melothria_pendula_2.jpg,Melothria pendula,True,T,0.000000,Melothria pendula,True,Melothria pendula,0.000000,False,False,,False
Melothria_pendula_2.jpg,Melothria pendula,True,T-veto2,0.000000,Melothria pendula,True,Melothria pendula,0.000000,False,False,,False
Melothria_pendula_2.jpg,Melothria pendula,True,T-veto3,0.000000,Melothria pendula,True,Melothria pendula,0.000000,False,False,,False
Melothria_pendula_2.jpg,Melothria pendula,True,T-veto5,0.000000,Melothria pendula,True,Melothria pendula,0.000000,False,False,,False
Melothria_pendula_2.jpg,Melothria pendula,True,W,0.000000,Melothria pendula,True,Melothria pendula,0.000000,False,False,,False
Melothria_pendula_2.jpg,Melothria pendula,True,C-m*raw,0.047722,Melothria pendula,True,Melothria pendula,0.000000,False,False,,False
Melothria_pendula_2.jpg,Melothria pendula,True,C-m*hazard,0.047722,Melothria pendula,True,Melothria pendula,0.000000,False,False,,False
Jacquemontia_tamnifolia_0.jpg,Jacquemontia tamnifolia,True,A,0.000000,Conoclinium coelestinum,False,,inf,False,True,Conoclinium coelestinum,False
Jacquemontia_tamnifolia_0.jpg,Jacquemontia tamnifolia,True,B,0.000000,Conoclinium coelestinum,False,Solanum carolinense,0.061231,False,True,Conoclinium coelestinum,False
Jacquemontia_tamnifolia_0.jpg,Jacquemontia tamnifolia,True,C,0.000000,Jacquemontia tamnifolia,True,Jacquemontia tamnifolia,0.000000,False,False,,False
Jacquemontia_tamnifolia_0.jpg,Jacquemontia tamnifolia,True,C-veto2,0.000000,Jacquemontia tamnifolia,True,Jacquemontia tamnifolia,0.000000,False,False,,False
Jacquemontia_tamnifolia_0.jpg,Jacquemontia tamnifolia,True,C-veto3,0.000000,Jacquemontia tamnifolia,True,Jacquemontia tamnifolia,0.000000,False,False,,False
Jacquemontia_tamnifolia_0.jpg,Jacquemontia tamnifolia,True,C-veto5,0.000000,Jacquemontia tamnifolia,True,Jacquemontia tamnifolia,0.000000,False,False,,False
Jacquemontia_tamnifolia_0.jpg,Jacquemontia tamnifolia,True,C-m0.01,0.010000,Jacquemontia tamnifolia,True,Jacquemontia tamnifolia,0.000000,False,False,,False
Jacquemontia_tamnifolia_0.jpg,Jacquemontia tamnifolia,True,C-m0.02,0.020000,Jacquemontia tamnifolia,True,Jacquemontia tamnifolia,0.000000,False,False,,False
Jacquemontia_tamnifolia_0.jpg,Jacquemontia tamnifolia,True,C-m0.03,0.030000,Jacquemontia tamnifolia,True,Jacquemontia tamnifolia,0.000000,False,False,,False
Jacquemontia_tamnifolia_0.jpg,Jacquemontia tamnifolia,True,C-m0.04,0.040000,Jacquemontia tamnifolia,True,Jacquemontia tamnifolia,0.000000,False,False,,False
Jacquemontia_tamnifolia_0.jpg,Jacquemontia tamnifolia,True,C-m0.05,0.050000,Jacquemontia tamnifolia,True,Jacquemontia tamnifolia,0.000000,False,False,,False
Jacquemontia_tamnifolia_0.jpg,Jacquemontia tamnifolia,True,C-m0.06,0.060000,Jacquemontia tamnifolia,True,Jacquemontia tamnifolia,0.000000,False,False,,False
Jacquemontia_tamnifolia_0.jpg,Jacquemontia tamnifolia,True,C-m0.08,0.080000,Jacquemontia tamnifolia,True,Jacquemontia tamnifolia,0.000000,False,False,,False
Jacquemontia_tamnifolia_0.jpg,Jacquemontia tamnifolia,True,C-m0.10,0.100000,Jacquemontia tamnifolia,True,Jacquemontia tamnifolia,0.000000,False,False,,False
Jacquemontia_tamnifolia_0.jpg,Jacquemontia tamnifolia,True,T,0.000000,Jacquemontia tamnifolia,True,Jacquemontia tamnifolia,0.000000,False,False,,False
Jacquemontia_tamnifolia_0.jpg,Jacquemontia tamnifolia,True,T-veto2,0.000000,Jacquemontia tamnifolia,True,Jacquemontia tamnifolia,0.000000,False,False,,False
Jacquemontia_tamnifolia_0.jpg,Jacquemontia tamnifolia,True,T-veto3,0.000000,Jacquemontia tamnifolia,True,Jacquemontia tamnifolia,0.000000,False,False,,False
Jacquemontia_tamnifolia_0.jpg,Jacquemontia tamnifolia,True,T-veto5,0.000000,Jacquemontia tamnifolia,True,Jacquemontia tamnifolia,0.000000,False,False,,False
Jacquemontia_tamnifolia_0.jpg,Jacquemontia tamnifolia,True,W,0.000000,Evolvulus alsinoides,False,Jacquemontia tamnifolia,0.009800,False,False,,False
Jacquemontia_tamnifolia_0.jpg,Jacquemontia tamnifolia,True,C-m*raw,0.047722,Jacquemontia tamnifolia,True,Jacquemontia tamnifolia,0.000000,False,False,,False
Jacquemontia_tamnifolia_0.jpg,Jacquemontia tamnifolia,True,C-m*hazard,0.047722,Jacquemontia tamnifolia,True,Jacquemontia tamnifolia,0.000000,False,False,,False
Jacquemontia_tamnifolia_1.jpg,Jacquemontia tamnifolia,True,A,0.000000,Conoclinium coelestinum,False,,inf,False,True,Conoclinium coelestinum,False
Jacquemontia_tamnifolia_1.jpg,Jacquemontia tamnifolia,True,B,0.000000,Conoclinium coelestinum,False,Eupatorium capillifolium,0.059425,False,True,Conoclinium coelestinum,False
Jacquemontia_tamnifolia_1.jpg,Jacquemontia tamnifolia,True,C,0.000000,Jacquemontia tamnifolia,True,Jacquemontia tamnifolia,0.000000,False,False,,False
Jacquemontia_tamnifolia_1.jpg,Jacquemontia tamnifolia,True,C-veto2,0.000000,Jacquemontia tamnifolia,True,Jacquemontia tamnifolia,0.000000,False,False,,False
Jacquemontia_tamnifolia_1.jpg,Jacquemontia tamnifolia,True,C-veto3,0.000000,Jacquemontia tamnifolia,True,Jacquemontia tamnifolia,0.000000,False,False,,False
Jacquemontia_tamnifolia_1.jpg,Jacquemontia tamnifolia,True,C-veto5,0.000000,Jacquemontia tamnifolia,True,Jacquemontia tamnifolia,0.000000,False,False,,False
Jacquemontia_tamnifolia_1.jpg,Jacquemontia tamnifolia,True,C-m0.01,0.010000,Jacquemontia tamnifolia,True,Jacquemontia tamnifolia,0.000000,False,False,,False
Jacquemontia_tamnifolia_1.jpg,Jacquemontia tamnifolia,True,C-m0.02,0.020000,Jacquemontia tamnifolia,True,Jacquemontia tamnifolia,0.000000,False,False,,False
Jacquemontia_tamnifolia_1.jpg,Jacquemontia tamnifolia,True,C-m0.03,0.030000,Jacquemontia tamnifolia,True,Jacquemontia tamnifolia,0.000000,False,False,,False
Jacquemontia_tamnifolia_1.jpg,Jacquemontia tamnifolia,True,C-m0.04,0.040000,Jacquemontia tamnifolia,True,Jacquemontia tamnifolia,0.000000,False,False,,False
Jacquemontia_tamnifolia_1.jpg,Jacquemontia tamnifolia,True,C-m0.05,0.050000,Jacquemontia tamnifolia,True,Jacquemontia tamnifolia,0.000000,False,False,,False
Jacquemontia_tamnifolia_1.jpg,Jacquemontia tamnifolia,True,C-m0.06,0.060000,Jacquemontia tamnifolia,True,Jacquemontia tamnifolia,0.000000,False,False,,False
Jacquemontia_tamnifolia_1.jpg,Jacquemontia tamnifolia,True,C-m0.08,0.080000,Jacquemontia tamnifolia,True,Jacquemontia tamnifolia,0.000000,False,False,,False
Jacquemontia_tamnifolia_1.jpg,Jacquemontia tamnifolia,True,C-m0.10,0.100000,Jacquemontia tamnifolia,True,Jacquemontia tamnifolia,0.000000,False,False,,False
Jacquemontia_tamnifolia_1.jpg,Jacquemontia tamnifolia,True,T,0.000000,Jacquemontia tamnifolia,True,Jacquemontia tamnifolia,0.000000,False,False,,False
Jacquemontia_tamnifolia_1.jpg,Jacquemontia tamnifolia,True,T-veto2,0.000000,Jacquemontia tamnifolia,True,Jacquemontia tamnifolia,0.000000,False,False,,False
Jacquemontia_tamnifolia_1.jpg,Jacquemontia tamnifolia,True,T-veto3,0.000000,Jacquemontia tamnifolia,True,Jacquemontia tamnifolia,0.000000,False,False,,False
Jacquemontia_tamnifolia_1.jpg,Jacquemontia tamnifolia,True,T-veto5,0.000000,Jacquemontia tamnifolia,True,Jacquemontia tamnifolia,0.000000,False,False,,False
Jacquemontia_tamnifolia_1.jpg,Jacquemontia tamnifolia,True,W,0.000000,Jacquemontia tamnifolia,True,Jacquemontia tamnifolia,0.000000,False,False,,False
Jacquemontia_tamnifolia_1.jpg,Jacquemontia tamnifolia,True,C-m*raw,0.047722,Jacquemontia tamnifolia,True,Jacquemontia tamnifolia,0.000000,False,False,,False
Jacquemontia_tamnifolia_1.jpg,Jacquemontia tamnifolia,True,C-m*hazard,0.047722,Jacquemontia tamnifolia,True,Jacquemontia tamnifolia,0.000000,False,False,,False
Jacquemontia_tamnifolia_2.jpg,Jacquemontia tamnifolia,True,A,0.000000,Conoclinium coelestinum,False,,inf,False,True,Conoclinium coelestinum,False
Jacquemontia_tamnifolia_2.jpg,Jacquemontia tamnifolia,True,B,0.000000,Conoclinium coelestinum,False,Eupatorium capillifolium,0.048993,False,True,Conoclinium coelestinum,False
Jacquemontia_tamnifolia_2.jpg,Jacquemontia tamnifolia,True,C,0.000000,Jacquemontia tamnifolia,True,Jacquemontia tamnifolia,0.000000,False,False,,False
Jacquemontia_tamnifolia_2.jpg,Jacquemontia tamnifolia,True,C-veto2,0.000000,Jacquemontia tamnifolia,True,Jacquemontia tamnifolia,0.000000,False,False,,False
Jacquemontia_tamnifolia_2.jpg,Jacquemontia tamnifolia,True,C-veto3,0.000000,Jacquemontia tamnifolia,True,Jacquemontia tamnifolia,0.000000,False,False,,False
Jacquemontia_tamnifolia_2.jpg,Jacquemontia tamnifolia,True,C-veto5,0.000000,Jacquemontia tamnifolia,True,Jacquemontia tamnifolia,0.000000,False,False,,False
Jacquemontia_tamnifolia_2.jpg,Jacquemontia tamnifolia,True,C-m0.01,0.010000,Jacquemontia tamnifolia,True,Jacquemontia tamnifolia,0.000000,False,False,,False
Jacquemontia_tamnifolia_2.jpg,Jacquemontia tamnifolia,True,C-m0.02,0.020000,Jacquemontia tamnifolia,True,Jacquemontia tamnifolia,0.000000,False,False,,False
Jacquemontia_tamnifolia_2.jpg,Jacquemontia tamnifolia,True,C-m0.03,0.030000,Jacquemontia tamnifolia,True,Jacquemontia tamnifolia,0.000000,False,False,,False
Jacquemontia_tamnifolia_2.jpg,Jacquemontia tamnifolia,True,C-m0.04,0.040000,Jacquemontia tamnifolia,True,Jacquemontia tamnifolia,0.000000,False,False,,False
Jacquemontia_tamnifolia_2.jpg,Jacquemontia tamnifolia,True,C-m0.05,0.050000,Jacquemontia tamnifolia,True,Jacquemontia tamnifolia,0.000000,False,False,,False
Jacquemontia_tamnifolia_2.jpg,Jacquemontia tamnifolia,True,C-m0.06,0.060000,Jacquemontia tamnifolia,True,Jacquemontia tamnifolia,0.000000,False,False,,False
Jacquemontia_tamnifolia_2.jpg,Jacquemontia tamnifolia,True,C-m0.08,0.080000,Jacquemontia tamnifolia,True,Jacquemontia tamnifolia,0.000000,False,False,,False
Jacquemontia_tamnifolia_2.jpg,Jacquemontia tamnifolia,True,C-m0.10,0.100000,Jacquemontia tamnifolia,True,Jacquemontia tamnifolia,0.000000,False,False,,False
Jacquemontia_tamnifolia_2.jpg,Jacquemontia tamnifolia,True,T,0.000000,Jacquemontia tamnifolia,True,Jacquemontia tamnifolia,0.000000,False,False,,False
Jacquemontia_tamnifolia_2.jpg,Jacquemontia tamnifolia,True,T-veto2,0.000000,Jacquemontia tamnifolia,True,Jacquemontia tamnifolia,0.000000,False,False,,False
Jacquemontia_tamnifolia_2.jpg,Jacquemontia tamnifolia,True,T-veto3,0.000000,Jacquemontia tamnifolia,True,Jacquemontia tamnifolia,0.000000,False,False,,False
Jacquemontia_tamnifolia_2.jpg,Jacquemontia tamnifolia,True,T-veto5,0.000000,Jacquemontia tamnifolia,True,Jacquemontia tamnifolia,0.000000,False,False,,False
Jacquemontia_tamnifolia_2.jpg,Jacquemontia tamnifolia,True,W,0.000000,Jacquemontia tamnifolia,True,Jacquemontia tamnifolia,0.000000,False,False,,False
Jacquemontia_tamnifolia_2.jpg,Jacquemontia tamnifolia,True,C-m*raw,0.047722,Jacquemontia tamnifolia,True,Jacquemontia tamnifolia,0.000000,False,False,,False
Jacquemontia_tamnifolia_2.jpg,Jacquemontia tamnifolia,True,C-m*hazard,0.047722,Jacquemontia tamnifolia,True,Jacquemontia tamnifolia,0.000000,False,False,,False
Rudbeckia_laciniata_0.jpg,Rudbeckia laciniata,True,A,0.000000,Solidago altissima,False,,inf,False,True,Solidago altissima,False
Rudbeckia_laciniata_0.jpg,Rudbeckia laciniata,True,B,0.000000,Solidago altissima,False,Solanum carolinense,0.031788,False,True,Solidago altissima,False
Rudbeckia_laciniata_0.jpg,Rudbeckia laciniata,True,C,0.000000,Rudbeckia laciniata,True,Rudbeckia laciniata,0.000000,False,False,,False
Rudbeckia_laciniata_0.jpg,Rudbeckia laciniata,True,C-veto2,0.000000,Rudbeckia laciniata,True,Rudbeckia laciniata,0.000000,False,False,,False
Rudbeckia_laciniata_0.jpg,Rudbeckia laciniata,True,C-veto3,0.000000,Rudbeckia laciniata,True,Rudbeckia laciniata,0.000000,False,False,,False
Rudbeckia_laciniata_0.jpg,Rudbeckia laciniata,True,C-veto5,0.000000,Rudbeckia laciniata,True,Rudbeckia laciniata,0.000000,False,False,,False
Rudbeckia_laciniata_0.jpg,Rudbeckia laciniata,True,C-m0.01,0.010000,Rudbeckia laciniata,True,Rudbeckia laciniata,0.000000,False,False,,False
Rudbeckia_laciniata_0.jpg,Rudbeckia laciniata,True,C-m0.02,0.020000,Rudbeckia laciniata,True,Rudbeckia laciniata,0.000000,False,False,,False
Rudbeckia_laciniata_0.jpg,Rudbeckia laciniata,True,C-m0.03,0.030000,Rudbeckia laciniata,True,Rudbeckia laciniata,0.000000,False,False,,False
Rudbeckia_laciniata_0.jpg,Rudbeckia laciniata,True,C-m0.04,0.040000,Rudbeckia laciniata,True,Rudbeckia laciniata,0.000000,False,False,,False
Rudbeckia_laciniata_0.jpg,Rudbeckia laciniata,True,C-m0.05,0.050000,Rudbeckia laciniata,True,Rudbeckia laciniata,0.000000,False,False,,False
Rudbeckia_laciniata_0.jpg,Rudbeckia laciniata,True,C-m0.06,0.060000,Rudbeckia laciniata,True,Rudbeckia laciniata,0.000000,False,False,,False
Rudbeckia_laciniata_0.jpg,Rudbeckia laciniata,True,C-m0.08,0.080000,Rudbeckia laciniata,True,Rudbeckia laciniata,0.000000,False,False,,False
Rudbeckia_laciniata_0.jpg,Rudbeckia laciniata,True,C-m0.10,0.100000,Rudbeckia laciniata,True,Rudbeckia laciniata,0.000000,False,False,,False
Rudbeckia_laciniata_0.jpg,Rudbeckia laciniata,True,T,0.000000,Rudbeckia laciniata,True,Rudbeckia laciniata,0.000000,False,False,,False
Rudbeckia_laciniata_0.jpg,Rudbeckia laciniata,True,T-veto2,0.000000,Rudbeckia laciniata,True,Rudbeckia laciniata,0.000000,False,False,,False
Rudbeckia_laciniata_0.jpg,Rudbeckia laciniata,True,T-veto3,0.000000,Rudbeckia laciniata,True,Rudbeckia laciniata,0.000000,False,False,,False
Rudbeckia_laciniata_0.jpg,Rudbeckia laciniata,True,T-veto5,0.000000,Rudbeckia laciniata,True,Rudbeckia laciniata,0.000000,False,False,,False
Rudbeckia_laciniata_0.jpg,Rudbeckia laciniata,True,W,0.000000,Rudbeckia laciniata,True,Rudbeckia laciniata,0.000000,False,False,,False
Rudbeckia_laciniata_0.jpg,Rudbeckia laciniata,True,C-m*raw,0.047722,Rudbeckia laciniata,True,Rudbeckia laciniata,0.000000,False,False,,False
Rudbeckia_laciniata_0.jpg,Rudbeckia laciniata,True,C-m*hazard,0.047722,Rudbeckia laciniata,True,Rudbeckia laciniata,0.000000,False,False,,False
Rudbeckia_laciniata_1.jpg,Rudbeckia laciniata,True,A,0.000000,Pueraria montana,False,,inf,False,True,Pueraria montana,False
Rudbeckia_laciniata_1.jpg,Rudbeckia laciniata,True,B,0.000000,Toxicodendron radicans,True,Toxicodendron radicans,0.000000,False,False,,False
Rudbeckia_laciniata_1.jpg,Rudbeckia laciniata,True,C,0.000000,Cryptotaenia canadensis,True,Cryptotaenia canadensis,0.000000,False,False,,False
Rudbeckia_laciniata_1.jpg,Rudbeckia laciniata,True,C-veto2,0.000000,Cryptotaenia canadensis,True,Cryptotaenia canadensis,0.000000,False,False,,False
Rudbeckia_laciniata_1.jpg,Rudbeckia laciniata,True,C-veto3,0.000000,Cryptotaenia canadensis,True,Cryptotaenia canadensis,0.000000,False,False,,False
Rudbeckia_laciniata_1.jpg,Rudbeckia laciniata,True,C-veto5,0.000000,Cryptotaenia canadensis,True,Cryptotaenia canadensis,0.000000,False,False,,False
Rudbeckia_laciniata_1.jpg,Rudbeckia laciniata,True,C-m0.01,0.010000,Cryptotaenia canadensis,True,Cryptotaenia canadensis,0.000000,False,False,,False
Rudbeckia_laciniata_1.jpg,Rudbeckia laciniata,True,C-m0.02,0.020000,Cryptotaenia canadensis,True,Cryptotaenia canadensis,0.000000,False,False,,False
Rudbeckia_laciniata_1.jpg,Rudbeckia laciniata,True,C-m0.03,0.030000,Cryptotaenia canadensis,True,Cryptotaenia canadensis,0.000000,False,False,,False
Rudbeckia_laciniata_1.jpg,Rudbeckia laciniata,True,C-m0.04,0.040000,Cryptotaenia canadensis,True,Cryptotaenia canadensis,0.000000,False,False,,False
Rudbeckia_laciniata_1.jpg,Rudbeckia laciniata,True,C-m0.05,0.050000,Cryptotaenia canadensis,True,Cryptotaenia canadensis,0.000000,False,False,,False
Rudbeckia_laciniata_1.jpg,Rudbeckia laciniata,True,C-m0.06,0.060000,Cryptotaenia canadensis,True,Cryptotaenia canadensis,0.000000,False,False,,False
Rudbeckia_laciniata_1.jpg,Rudbeckia laciniata,True,C-m0.08,0.080000,Cryptotaenia canadensis,True,Cryptotaenia canadensis,0.000000,False,False,,False
Rudbeckia_laciniata_1.jpg,Rudbeckia laciniata,True,C-m0.10,0.100000,Cryptotaenia canadensis,True,Cryptotaenia canadensis,0.000000,False,False,,False
Rudbeckia_laciniata_1.jpg,Rudbeckia laciniata,True,T,0.000000,Cryptotaenia canadensis,True,Cryptotaenia canadensis,0.000000,False,False,,False
Rudbeckia_laciniata_1.jpg,Rudbeckia laciniata,True,T-veto2,0.000000,Cryptotaenia canadensis,True,Cryptotaenia canadensis,0.000000,False,False,,False
Rudbeckia_laciniata_1.jpg,Rudbeckia laciniata,True,T-veto3,0.000000,Cryptotaenia canadensis,True,Cryptotaenia canadensis,0.000000,False,False,,False
Rudbeckia_laciniata_1.jpg,Rudbeckia laciniata,True,T-veto5,0.000000,Cryptotaenia canadensis,True,Cryptotaenia canadensis,0.000000,False,False,,False
Rudbeckia_laciniata_1.jpg,Rudbeckia laciniata,True,W,0.000000,Cryptotaenia canadensis,True,Cryptotaenia canadensis,0.000000,False,False,,False
Rudbeckia_laciniata_1.jpg,Rudbeckia laciniata,True,C-m*raw,0.047722,Cryptotaenia canadensis,True,Cryptotaenia canadensis,0.000000,False,False,,False
Rudbeckia_laciniata_1.jpg,Rudbeckia laciniata,True,C-m*hazard,0.047722,Cryptotaenia canadensis,True,Cryptotaenia canadensis,0.000000,False,False,,False
Rudbeckia_laciniata_2.jpg,Rudbeckia laciniata,True,A,0.000000,Solidago altissima,False,,inf,False,True,Solidago altissima,False
Rudbeckia_laciniata_2.jpg,Rudbeckia laciniata,True,B,0.000000,Solanum carolinense,True,Solanum carolinense,0.000000,False,False,,False
Rudbeckia_laciniata_2.jpg,Rudbeckia laciniata,True,C,0.000000,Verbesina alternifolia,True,Verbesina alternifolia,0.000000,False,False,,False
Rudbeckia_laciniata_2.jpg,Rudbeckia laciniata,True,C-veto2,0.000000,Verbesina alternifolia,True,Verbesina alternifolia,0.000000,False,False,,False
Rudbeckia_laciniata_2.jpg,Rudbeckia laciniata,True,C-veto3,0.000000,Verbesina alternifolia,True,Verbesina alternifolia,0.000000,False,False,,False
Rudbeckia_laciniata_2.jpg,Rudbeckia laciniata,True,C-veto5,0.000000,Verbesina alternifolia,True,Verbesina alternifolia,0.000000,False,False,,False
Rudbeckia_laciniata_2.jpg,Rudbeckia laciniata,True,C-m0.01,0.010000,Verbesina alternifolia,True,Verbesina alternifolia,0.000000,False,False,,False
Rudbeckia_laciniata_2.jpg,Rudbeckia laciniata,True,C-m0.02,0.020000,Verbesina alternifolia,True,Verbesina alternifolia,0.000000,False,False,,False
Rudbeckia_laciniata_2.jpg,Rudbeckia laciniata,True,C-m0.03,0.030000,Verbesina alternifolia,True,Verbesina alternifolia,0.000000,False,False,,False
Rudbeckia_laciniata_2.jpg,Rudbeckia laciniata,True,C-m0.04,0.040000,Verbesina alternifolia,True,Verbesina alternifolia,0.000000,False,False,,False
Rudbeckia_laciniata_2.jpg,Rudbeckia laciniata,True,C-m0.05,0.050000,Verbesina alternifolia,True,Verbesina alternifolia,0.000000,False,False,,False
Rudbeckia_laciniata_2.jpg,Rudbeckia laciniata,True,C-m0.06,0.060000,Verbesina alternifolia,True,Verbesina alternifolia,0.000000,False,False,,False
Rudbeckia_laciniata_2.jpg,Rudbeckia laciniata,True,C-m0.08,0.080000,Verbesina alternifolia,True,Verbesina alternifolia,0.000000,False,False,,False
Rudbeckia_laciniata_2.jpg,Rudbeckia laciniata,True,C-m0.10,0.100000,Verbesina alternifolia,True,Verbesina alternifolia,0.000000,False,False,,False
Rudbeckia_laciniata_2.jpg,Rudbeckia laciniata,True,T,0.000000,Verbesina alternifolia,True,Verbesina alternifolia,0.000000,False,False,,False
Rudbeckia_laciniata_2.jpg,Rudbeckia laciniata,True,T-veto2,0.000000,Verbesina alternifolia,True,Verbesina alternifolia,0.000000,False,False,,False
Rudbeckia_laciniata_2.jpg,Rudbeckia laciniata,True,T-veto3,0.000000,Verbesina alternifolia,True,Verbesina alternifolia,0.000000,False,False,,False
Rudbeckia_laciniata_2.jpg,Rudbeckia laciniata,True,T-veto5,0.000000,Verbesina alternifolia,True,Verbesina alternifolia,0.000000,False,False,,False
Rudbeckia_laciniata_2.jpg,Rudbeckia laciniata,True,W,0.000000,Verbesina alternifolia,True,Verbesina alternifolia,0.000000,False,False,,False
Rudbeckia_laciniata_2.jpg,Rudbeckia laciniata,True,C-m*raw,0.047722,Verbesina alternifolia,True,Verbesina alternifolia,0.000000,False,False,,False
Rudbeckia_laciniata_2.jpg,Rudbeckia laciniata,True,C-m*hazard,0.047722,Verbesina alternifolia,True,Verbesina alternifolia,0.000000,False,False,,False
Verbesina_virginica_0.jpg,Verbesina virginica,True,A,0.000000,Conoclinium coelestinum,False,,inf,False,True,Conoclinium coelestinum,False
Verbesina_virginica_0.jpg,Verbesina virginica,True,B,0.000000,Eupatorium serotinum,True,Eupatorium serotinum,0.000000,False,False,,False
Verbesina_virginica_0.jpg,Verbesina virginica,True,C,0.000000,Verbesina virginica,True,Verbesina virginica,0.000000,False,False,,False
Verbesina_virginica_0.jpg,Verbesina virginica,True,C-veto2,0.000000,Verbesina virginica,True,Verbesina virginica,0.000000,False,False,,False
Verbesina_virginica_0.jpg,Verbesina virginica,True,C-veto3,0.000000,Verbesina virginica,True,Verbesina virginica,0.000000,False,False,,False
Verbesina_virginica_0.jpg,Verbesina virginica,True,C-veto5,0.000000,Verbesina virginica,True,Verbesina virginica,0.000000,False,False,,False
Verbesina_virginica_0.jpg,Verbesina virginica,True,C-m0.01,0.010000,Verbesina virginica,True,Verbesina virginica,0.000000,False,False,,False
Verbesina_virginica_0.jpg,Verbesina virginica,True,C-m0.02,0.020000,Verbesina virginica,True,Verbesina virginica,0.000000,False,False,,False
Verbesina_virginica_0.jpg,Verbesina virginica,True,C-m0.03,0.030000,Verbesina virginica,True,Verbesina virginica,0.000000,False,False,,False
Verbesina_virginica_0.jpg,Verbesina virginica,True,C-m0.04,0.040000,Verbesina virginica,True,Verbesina virginica,0.000000,False,False,,False
Verbesina_virginica_0.jpg,Verbesina virginica,True,C-m0.05,0.050000,Verbesina virginica,True,Verbesina virginica,0.000000,False,False,,False
Verbesina_virginica_0.jpg,Verbesina virginica,True,C-m0.06,0.060000,Verbesina virginica,True,Verbesina virginica,0.000000,False,False,,False
Verbesina_virginica_0.jpg,Verbesina virginica,True,C-m0.08,0.080000,Verbesina virginica,True,Verbesina virginica,0.000000,False,False,,False
Verbesina_virginica_0.jpg,Verbesina virginica,True,C-m0.10,0.100000,Verbesina virginica,True,Verbesina virginica,0.000000,False,False,,False
Verbesina_virginica_0.jpg,Verbesina virginica,True,T,0.000000,Verbesina virginica,True,Verbesina virginica,0.000000,False,False,,False
Verbesina_virginica_0.jpg,Verbesina virginica,True,T-veto2,0.000000,Verbesina virginica,True,Verbesina virginica,0.000000,False,False,,False
Verbesina_virginica_0.jpg,Verbesina virginica,True,T-veto3,0.000000,Verbesina virginica,True,Verbesina virginica,0.000000,False,False,,False
Verbesina_virginica_0.jpg,Verbesina virginica,True,T-veto5,0.000000,Verbesina virginica,True,Verbesina virginica,0.000000,False,False,,False
Verbesina_virginica_0.jpg,Verbesina virginica,True,W,0.000000,Symphyotrichum drummondii,False,Verbesina virginica,0.073562,False,False,,False
Verbesina_virginica_0.jpg,Verbesina virginica,True,C-m*raw,0.047722,Verbesina virginica,True,Verbesina virginica,0.000000,False,False,,False
Verbesina_virginica_0.jpg,Verbesina virginica,True,C-m*hazard,0.047722,Verbesina virginica,True,Verbesina virginica,0.000000,False,False,,False
Verbesina_virginica_1.jpg,Verbesina virginica,True,A,0.000000,Callicarpa americana,False,,inf,False,True,Callicarpa americana,False
Verbesina_virginica_1.jpg,Verbesina virginica,True,B,0.000000,Eupatorium serotinum,True,Eupatorium serotinum,0.000000,False,False,,False
Verbesina_virginica_1.jpg,Verbesina virginica,True,C,0.000000,Verbesina virginica,True,Verbesina virginica,0.000000,False,False,,False
Verbesina_virginica_1.jpg,Verbesina virginica,True,C-veto2,0.000000,Verbesina virginica,True,Verbesina virginica,0.000000,False,False,,False
Verbesina_virginica_1.jpg,Verbesina virginica,True,C-veto3,0.000000,Verbesina virginica,True,Verbesina virginica,0.000000,False,False,,False
Verbesina_virginica_1.jpg,Verbesina virginica,True,C-veto5,0.000000,Verbesina virginica,True,Verbesina virginica,0.000000,False,False,,False
Verbesina_virginica_1.jpg,Verbesina virginica,True,C-m0.01,0.010000,Verbesina virginica,True,Verbesina virginica,0.000000,False,False,,False
Verbesina_virginica_1.jpg,Verbesina virginica,True,C-m0.02,0.020000,Verbesina virginica,True,Verbesina virginica,0.000000,False,False,,False
Verbesina_virginica_1.jpg,Verbesina virginica,True,C-m0.03,0.030000,Verbesina virginica,True,Verbesina virginica,0.000000,False,False,,False
Verbesina_virginica_1.jpg,Verbesina virginica,True,C-m0.04,0.040000,Verbesina virginica,True,Verbesina virginica,0.000000,False,False,,False
Verbesina_virginica_1.jpg,Verbesina virginica,True,C-m0.05,0.050000,Verbesina virginica,True,Verbesina virginica,0.000000,False,False,,False
Verbesina_virginica_1.jpg,Verbesina virginica,True,C-m0.06,0.060000,Verbesina virginica,True,Verbesina virginica,0.000000,False,False,,False
Verbesina_virginica_1.jpg,Verbesina virginica,True,C-m0.08,0.080000,Verbesina virginica,True,Verbesina virginica,0.000000,False,False,,False
Verbesina_virginica_1.jpg,Verbesina virginica,True,C-m0.10,0.100000,Verbesina virginica,True,Verbesina virginica,0.000000,False,False,,False
Verbesina_virginica_1.jpg,Verbesina virginica,True,T,0.000000,Pluchea carolinensis,True,Pluchea carolinensis,0.000000,False,False,,False
Verbesina_virginica_1.jpg,Verbesina virginica,True,T-veto2,0.000000,Pluchea carolinensis,True,Pluchea carolinensis,0.000000,False,False,,False
Verbesina_virginica_1.jpg,Verbesina virginica,True,T-veto3,0.000000,Pluchea carolinensis,True,Pluchea carolinensis,0.000000,False,False,,False
Verbesina_virginica_1.jpg,Verbesina virginica,True,T-veto5,0.000000,Pluchea carolinensis,True,Pluchea carolinensis,0.000000,False,False,,False
Verbesina_virginica_1.jpg,Verbesina virginica,True,W,0.000000,Pluchea carolinensis,True,Pluchea carolinensis,0.000000,False,False,,False
Verbesina_virginica_1.jpg,Verbesina virginica,True,C-m*raw,0.047722,Verbesina virginica,True,Verbesina virginica,0.000000,False,False,,False
Verbesina_virginica_1.jpg,Verbesina virginica,True,C-m*hazard,0.047722,Verbesina virginica,True,Verbesina virginica,0.000000,False,False,,False
Verbesina_virginica_2.jpg,Verbesina virginica,True,A,0.000000,Callicarpa americana,False,,inf,False,True,Callicarpa americana,False
Verbesina_virginica_2.jpg,Verbesina virginica,True,B,0.000000,Callicarpa americana,False,Phytolacca americana,0.014836,False,True,Callicarpa americana,False
Verbesina_virginica_2.jpg,Verbesina virginica,True,C,0.000000,Verbesina virginica,True,Verbesina virginica,0.000000,False,False,,False
Verbesina_virginica_2.jpg,Verbesina virginica,True,C-veto2,0.000000,Verbesina virginica,True,Verbesina virginica,0.000000,False,False,,False
Verbesina_virginica_2.jpg,Verbesina virginica,True,C-veto3,0.000000,Verbesina virginica,True,Verbesina virginica,0.000000,False,False,,False
Verbesina_virginica_2.jpg,Verbesina virginica,True,C-veto5,0.000000,Verbesina virginica,True,Verbesina virginica,0.000000,False,False,,False
Verbesina_virginica_2.jpg,Verbesina virginica,True,C-m0.01,0.010000,Verbesina virginica,True,Verbesina virginica,0.000000,False,False,,False
Verbesina_virginica_2.jpg,Verbesina virginica,True,C-m0.02,0.020000,Verbesina virginica,True,Verbesina virginica,0.000000,False,False,,False
Verbesina_virginica_2.jpg,Verbesina virginica,True,C-m0.03,0.030000,Verbesina virginica,True,Verbesina virginica,0.000000,False,False,,False
Verbesina_virginica_2.jpg,Verbesina virginica,True,C-m0.04,0.040000,Verbesina virginica,True,Verbesina virginica,0.000000,False,False,,False
Verbesina_virginica_2.jpg,Verbesina virginica,True,C-m0.05,0.050000,Verbesina virginica,True,Verbesina virginica,0.000000,False,False,,False
Verbesina_virginica_2.jpg,Verbesina virginica,True,C-m0.06,0.060000,Verbesina virginica,True,Verbesina virginica,0.000000,False,False,,False
Verbesina_virginica_2.jpg,Verbesina virginica,True,C-m0.08,0.080000,Verbesina virginica,True,Verbesina virginica,0.000000,False,False,,False
Verbesina_virginica_2.jpg,Verbesina virginica,True,C-m0.10,0.100000,Verbesina virginica,True,Verbesina virginica,0.000000,False,False,,False
Verbesina_virginica_2.jpg,Verbesina virginica,True,T,0.000000,Verbesina virginica,True,Verbesina virginica,0.000000,False,False,,False
Verbesina_virginica_2.jpg,Verbesina virginica,True,T-veto2,0.000000,Verbesina virginica,True,Verbesina virginica,0.000000,False,False,,False
Verbesina_virginica_2.jpg,Verbesina virginica,True,T-veto3,0.000000,Verbesina virginica,True,Verbesina virginica,0.000000,False,False,,False
Verbesina_virginica_2.jpg,Verbesina virginica,True,T-veto5,0.000000,Verbesina virginica,True,Verbesina virginica,0.000000,False,False,,False
Verbesina_virginica_2.jpg,Verbesina virginica,True,W,0.000000,Verbesina virginica,True,Verbesina virginica,0.000000,False,False,,False
Verbesina_virginica_2.jpg,Verbesina virginica,True,C-m*raw,0.047722,Verbesina virginica,True,Verbesina virginica,0.000000,False,False,,False
Verbesina_virginica_2.jpg,Verbesina virginica,True,C-m*hazard,0.047722,Verbesina virginica,True,Verbesina virginica,0.000000,False,False,,False
Vaccinium_arboreum_0.jpg,Vaccinium arboreum,True,A,0.000000,Rhus copallinum,False,,inf,False,True,Rhus copallinum,False
Vaccinium_arboreum_0.jpg,Vaccinium arboreum,True,B,0.000000,Rhus copallinum,False,Ligustrum sinense,0.017867,False,True,Rhus copallinum,False
Vaccinium_arboreum_0.jpg,Vaccinium arboreum,True,C,0.000000,Vaccinium arboreum,True,Vaccinium arboreum,0.000000,False,False,,False
Vaccinium_arboreum_0.jpg,Vaccinium arboreum,True,C-veto2,0.000000,Vaccinium arboreum,True,Vaccinium arboreum,0.000000,False,False,,False
Vaccinium_arboreum_0.jpg,Vaccinium arboreum,True,C-veto3,0.000000,Vaccinium arboreum,True,Vaccinium arboreum,0.000000,False,False,,False
Vaccinium_arboreum_0.jpg,Vaccinium arboreum,True,C-veto5,0.000000,Vaccinium arboreum,True,Vaccinium arboreum,0.000000,False,False,,False
Vaccinium_arboreum_0.jpg,Vaccinium arboreum,True,C-m0.01,0.010000,Vaccinium arboreum,True,Vaccinium arboreum,0.000000,False,False,,False
Vaccinium_arboreum_0.jpg,Vaccinium arboreum,True,C-m0.02,0.020000,Vaccinium arboreum,True,Vaccinium arboreum,0.000000,False,False,,False
Vaccinium_arboreum_0.jpg,Vaccinium arboreum,True,C-m0.03,0.030000,Vaccinium arboreum,True,Vaccinium arboreum,0.000000,False,False,,False
Vaccinium_arboreum_0.jpg,Vaccinium arboreum,True,C-m0.04,0.040000,Vaccinium arboreum,True,Vaccinium arboreum,0.000000,False,False,,False
Vaccinium_arboreum_0.jpg,Vaccinium arboreum,True,C-m0.05,0.050000,Vaccinium arboreum,True,Vaccinium arboreum,0.000000,False,False,,False
Vaccinium_arboreum_0.jpg,Vaccinium arboreum,True,C-m0.06,0.060000,Vaccinium arboreum,True,Vaccinium arboreum,0.000000,False,False,,False
Vaccinium_arboreum_0.jpg,Vaccinium arboreum,True,C-m0.08,0.080000,Vaccinium arboreum,True,Vaccinium arboreum,0.000000,False,False,,False
Vaccinium_arboreum_0.jpg,Vaccinium arboreum,True,C-m0.10,0.100000,Vaccinium arboreum,True,Vaccinium arboreum,0.000000,False,False,,False
Vaccinium_arboreum_0.jpg,Vaccinium arboreum,True,T,0.000000,Rhus virens,True,Rhus virens,0.000000,False,False,,False
Vaccinium_arboreum_0.jpg,Vaccinium arboreum,True,T-veto2,0.000000,Rhus virens,True,Rhus virens,0.000000,False,False,,False
Vaccinium_arboreum_0.jpg,Vaccinium arboreum,True,T-veto3,0.000000,Rhus virens,True,Rhus virens,0.000000,False,False,,False
Vaccinium_arboreum_0.jpg,Vaccinium arboreum,True,T-veto5,0.000000,Rhus virens,True,Rhus virens,0.000000,False,False,,False
Vaccinium_arboreum_0.jpg,Vaccinium arboreum,True,W,0.000000,Rhus virens,True,Rhus virens,0.000000,False,False,,False
Vaccinium_arboreum_0.jpg,Vaccinium arboreum,True,C-m*raw,0.047722,Vaccinium arboreum,True,Vaccinium arboreum,0.000000,False,False,,False
Vaccinium_arboreum_0.jpg,Vaccinium arboreum,True,C-m*hazard,0.047722,Vaccinium arboreum,True,Vaccinium arboreum,0.000000,False,False,,False
Vaccinium_arboreum_1.jpg,Vaccinium arboreum,True,A,0.000000,Diospyros virginiana,False,,inf,False,True,Diospyros virginiana,False
Vaccinium_arboreum_1.jpg,Vaccinium arboreum,True,B,0.000000,Ligustrum sinense,True,Ligustrum sinense,0.000000,False,False,,False
Vaccinium_arboreum_1.jpg,Vaccinium arboreum,True,C,0.000000,Ligustrum sinense,True,Ligustrum sinense,0.000000,False,False,,False
Vaccinium_arboreum_1.jpg,Vaccinium arboreum,True,C-veto2,0.000000,Ligustrum sinense,True,Ligustrum sinense,0.000000,False,False,,False
Vaccinium_arboreum_1.jpg,Vaccinium arboreum,True,C-veto3,0.000000,Ligustrum sinense,True,Ligustrum sinense,0.000000,False,False,,False
Vaccinium_arboreum_1.jpg,Vaccinium arboreum,True,C-veto5,0.000000,Ligustrum sinense,True,Ligustrum sinense,0.000000,False,False,,False
Vaccinium_arboreum_1.jpg,Vaccinium arboreum,True,C-m0.01,0.010000,Ligustrum sinense,True,Ligustrum sinense,0.000000,False,False,,False
Vaccinium_arboreum_1.jpg,Vaccinium arboreum,True,C-m0.02,0.020000,Ligustrum sinense,True,Ligustrum sinense,0.000000,False,False,,False
Vaccinium_arboreum_1.jpg,Vaccinium arboreum,True,C-m0.03,0.030000,Ligustrum sinense,True,Ligustrum sinense,0.000000,False,False,,False
Vaccinium_arboreum_1.jpg,Vaccinium arboreum,True,C-m0.04,0.040000,Ligustrum sinense,True,Ligustrum sinense,0.000000,False,False,,False
Vaccinium_arboreum_1.jpg,Vaccinium arboreum,True,C-m0.05,0.050000,Ligustrum sinense,True,Ligustrum sinense,0.000000,False,False,,False
Vaccinium_arboreum_1.jpg,Vaccinium arboreum,True,C-m0.06,0.060000,Ligustrum sinense,True,Ligustrum sinense,0.000000,False,False,,False
Vaccinium_arboreum_1.jpg,Vaccinium arboreum,True,C-m0.08,0.080000,Ligustrum sinense,True,Ligustrum sinense,0.000000,False,False,,False
Vaccinium_arboreum_1.jpg,Vaccinium arboreum,True,C-m0.10,0.100000,Ligustrum sinense,True,Ligustrum sinense,0.000000,False,False,,False
Vaccinium_arboreum_1.jpg,Vaccinium arboreum,True,T,0.000000,Bonellia macrocarpa,True,Bonellia macrocarpa,0.000000,False,False,,False
Vaccinium_arboreum_1.jpg,Vaccinium arboreum,True,T-veto2,0.000000,Bonellia macrocarpa,True,Bonellia macrocarpa,0.000000,False,False,,False
Vaccinium_arboreum_1.jpg,Vaccinium arboreum,True,T-veto3,0.000000,Bonellia macrocarpa,True,Bonellia macrocarpa,0.000000,False,False,,False
Vaccinium_arboreum_1.jpg,Vaccinium arboreum,True,T-veto5,0.000000,Bonellia macrocarpa,True,Bonellia macrocarpa,0.000000,False,False,,False
Vaccinium_arboreum_1.jpg,Vaccinium arboreum,True,W,0.000000,Bonellia macrocarpa,True,Bonellia macrocarpa,0.000000,False,False,,False
Vaccinium_arboreum_1.jpg,Vaccinium arboreum,True,C-m*raw,0.047722,Ligustrum sinense,True,Ligustrum sinense,0.000000,False,False,,False
Vaccinium_arboreum_1.jpg,Vaccinium arboreum,True,C-m*hazard,0.047722,Ligustrum sinense,True,Ligustrum sinense,0.000000,False,False,,False
Vaccinium_arboreum_2.jpg,Vaccinium arboreum,True,A,0.000000,Diospyros virginiana,False,,inf,False,True,Diospyros virginiana,False
Vaccinium_arboreum_2.jpg,Vaccinium arboreum,True,B,0.000000,Diospyros virginiana,False,Cornus florida,0.006814,False,True,Diospyros virginiana,False
Vaccinium_arboreum_2.jpg,Vaccinium arboreum,True,C,0.000000,Vaccinium arboreum,True,Vaccinium arboreum,0.000000,False,False,,False
Vaccinium_arboreum_2.jpg,Vaccinium arboreum,True,C-veto2,0.000000,Vaccinium arboreum,True,Vaccinium arboreum,0.000000,False,False,,False
Vaccinium_arboreum_2.jpg,Vaccinium arboreum,True,C-veto3,0.000000,Vaccinium arboreum,True,Vaccinium arboreum,0.000000,False,False,,False
Vaccinium_arboreum_2.jpg,Vaccinium arboreum,True,C-veto5,0.000000,Vaccinium arboreum,True,Vaccinium arboreum,0.000000,False,False,,False
Vaccinium_arboreum_2.jpg,Vaccinium arboreum,True,C-m0.01,0.010000,Vaccinium arboreum,True,Vaccinium arboreum,0.000000,False,False,,False
Vaccinium_arboreum_2.jpg,Vaccinium arboreum,True,C-m0.02,0.020000,Vaccinium arboreum,True,Vaccinium arboreum,0.000000,False,False,,False
Vaccinium_arboreum_2.jpg,Vaccinium arboreum,True,C-m0.03,0.030000,Vaccinium arboreum,True,Vaccinium arboreum,0.000000,False,False,,False
Vaccinium_arboreum_2.jpg,Vaccinium arboreum,True,C-m0.04,0.040000,Vaccinium arboreum,True,Vaccinium arboreum,0.000000,False,False,,False
Vaccinium_arboreum_2.jpg,Vaccinium arboreum,True,C-m0.05,0.050000,Vaccinium arboreum,True,Vaccinium arboreum,0.000000,False,False,,False
Vaccinium_arboreum_2.jpg,Vaccinium arboreum,True,C-m0.06,0.060000,Vaccinium arboreum,True,Vaccinium arboreum,0.000000,False,False,,False
Vaccinium_arboreum_2.jpg,Vaccinium arboreum,True,C-m0.08,0.080000,Vaccinium arboreum,True,Vaccinium arboreum,0.000000,False,False,,False
Vaccinium_arboreum_2.jpg,Vaccinium arboreum,True,C-m0.10,0.100000,Vaccinium arboreum,True,Vaccinium arboreum,0.000000,False,False,,False
Vaccinium_arboreum_2.jpg,Vaccinium arboreum,True,T,0.000000,Sideroxylon lanuginosum,True,Sideroxylon lanuginosum,0.000000,False,False,,False
Vaccinium_arboreum_2.jpg,Vaccinium arboreum,True,T-veto2,0.000000,Sideroxylon lanuginosum,True,Sideroxylon lanuginosum,0.000000,False,False,,False
Vaccinium_arboreum_2.jpg,Vaccinium arboreum,True,T-veto3,0.000000,Sideroxylon lanuginosum,True,Sideroxylon lanuginosum,0.000000,False,False,,False
Vaccinium_arboreum_2.jpg,Vaccinium arboreum,True,T-veto5,0.000000,Sideroxylon lanuginosum,True,Sideroxylon lanuginosum,0.000000,False,False,,False
Vaccinium_arboreum_2.jpg,Vaccinium arboreum,True,W,0.000000,Sideroxylon lanuginosum,True,Sideroxylon lanuginosum,0.000000,False,False,,False
Vaccinium_arboreum_2.jpg,Vaccinium arboreum,True,C-m*raw,0.047722,Vaccinium arboreum,True,Vaccinium arboreum,0.000000,False,False,,False
Vaccinium_arboreum_2.jpg,Vaccinium arboreum,True,C-m*hazard,0.047722,Vaccinium arboreum,True,Vaccinium arboreum,0.000000,False,False,,False
Juniperus_virginiana_0.jpg,Juniperus virginiana,True,A,0.000000,Rhus copallinum,False,,inf,False,True,Rhus copallinum,False
Juniperus_virginiana_0.jpg,Juniperus virginiana,True,B,0.000000,Eupatorium capillifolium,True,Eupatorium capillifolium,0.000000,False,False,,False
Juniperus_virginiana_0.jpg,Juniperus virginiana,True,C,0.000000,Juniperus virginiana,True,Juniperus virginiana,0.000000,False,False,,False
Juniperus_virginiana_0.jpg,Juniperus virginiana,True,C-veto2,0.000000,Juniperus virginiana,True,Juniperus virginiana,0.000000,False,False,,False
Juniperus_virginiana_0.jpg,Juniperus virginiana,True,C-veto3,0.000000,Juniperus virginiana,True,Juniperus virginiana,0.000000,False,False,,False
Juniperus_virginiana_0.jpg,Juniperus virginiana,True,C-veto5,0.000000,Juniperus virginiana,True,Juniperus virginiana,0.000000,False,False,,False
Juniperus_virginiana_0.jpg,Juniperus virginiana,True,C-m0.01,0.010000,Juniperus virginiana,True,Juniperus virginiana,0.000000,False,False,,False
Juniperus_virginiana_0.jpg,Juniperus virginiana,True,C-m0.02,0.020000,Juniperus virginiana,True,Juniperus virginiana,0.000000,False,False,,False
Juniperus_virginiana_0.jpg,Juniperus virginiana,True,C-m0.03,0.030000,Juniperus virginiana,True,Juniperus virginiana,0.000000,False,False,,False
Juniperus_virginiana_0.jpg,Juniperus virginiana,True,C-m0.04,0.040000,Juniperus virginiana,True,Juniperus virginiana,0.000000,False,False,,False
Juniperus_virginiana_0.jpg,Juniperus virginiana,True,C-m0.05,0.050000,Juniperus virginiana,True,Juniperus virginiana,0.000000,False,False,,False
Juniperus_virginiana_0.jpg,Juniperus virginiana,True,C-m0.06,0.060000,Juniperus virginiana,True,Juniperus virginiana,0.000000,False,False,,False
Juniperus_virginiana_0.jpg,Juniperus virginiana,True,C-m0.08,0.080000,Juniperus virginiana,True,Juniperus virginiana,0.000000,False,False,,False
Juniperus_virginiana_0.jpg,Juniperus virginiana,True,C-m0.10,0.100000,Juniperus virginiana,True,Juniperus virginiana,0.000000,False,False,,False
Juniperus_virginiana_0.jpg,Juniperus virginiana,True,T,0.000000,Juniperus virginiana,True,Juniperus virginiana,0.000000,False,False,,False
Juniperus_virginiana_0.jpg,Juniperus virginiana,True,T-veto2,0.000000,Juniperus virginiana,True,Juniperus virginiana,0.000000,False,False,,False
Juniperus_virginiana_0.jpg,Juniperus virginiana,True,T-veto3,0.000000,Juniperus virginiana,True,Juniperus virginiana,0.000000,False,False,,False
Juniperus_virginiana_0.jpg,Juniperus virginiana,True,T-veto5,0.000000,Juniperus virginiana,True,Juniperus virginiana,0.000000,False,False,,False
Juniperus_virginiana_0.jpg,Juniperus virginiana,True,W,0.000000,Juniperus communis,False,Juniperus virginiana,0.068275,False,False,,False
Juniperus_virginiana_0.jpg,Juniperus virginiana,True,C-m*raw,0.047722,Juniperus virginiana,True,Juniperus virginiana,0.000000,False,False,,False
Juniperus_virginiana_0.jpg,Juniperus virginiana,True,C-m*hazard,0.047722,Juniperus virginiana,True,Juniperus virginiana,0.000000,False,False,,False
Juniperus_virginiana_1.jpg,Juniperus virginiana,True,A,0.000000,Ampelopsis glandulosa,False,,inf,False,True,Ampelopsis glandulosa,False
Juniperus_virginiana_1.jpg,Juniperus virginiana,True,B,0.000000,Eupatorium capillifolium,True,Eupatorium capillifolium,0.000000,False,False,,False
Juniperus_virginiana_1.jpg,Juniperus virginiana,True,C,0.000000,Juniperus virginiana,True,Juniperus virginiana,0.000000,False,False,,False
Juniperus_virginiana_1.jpg,Juniperus virginiana,True,C-veto2,0.000000,Juniperus virginiana,True,Juniperus virginiana,0.000000,False,False,,False
Juniperus_virginiana_1.jpg,Juniperus virginiana,True,C-veto3,0.000000,Juniperus virginiana,True,Juniperus virginiana,0.000000,False,False,,False
Juniperus_virginiana_1.jpg,Juniperus virginiana,True,C-veto5,0.000000,Juniperus virginiana,True,Juniperus virginiana,0.000000,False,False,,False
Juniperus_virginiana_1.jpg,Juniperus virginiana,True,C-m0.01,0.010000,Juniperus virginiana,True,Juniperus virginiana,0.000000,False,False,,False
Juniperus_virginiana_1.jpg,Juniperus virginiana,True,C-m0.02,0.020000,Juniperus virginiana,True,Juniperus virginiana,0.000000,False,False,,False
Juniperus_virginiana_1.jpg,Juniperus virginiana,True,C-m0.03,0.030000,Juniperus virginiana,True,Juniperus virginiana,0.000000,False,False,,False
Juniperus_virginiana_1.jpg,Juniperus virginiana,True,C-m0.04,0.040000,Juniperus virginiana,True,Juniperus virginiana,0.000000,False,False,,False
Juniperus_virginiana_1.jpg,Juniperus virginiana,True,C-m0.05,0.050000,Juniperus virginiana,True,Juniperus virginiana,0.000000,False,False,,False
Juniperus_virginiana_1.jpg,Juniperus virginiana,True,C-m0.06,0.060000,Juniperus virginiana,True,Juniperus virginiana,0.000000,False,False,,False
Juniperus_virginiana_1.jpg,Juniperus virginiana,True,C-m0.08,0.080000,Juniperus virginiana,True,Juniperus virginiana,0.000000,False,False,,False
Juniperus_virginiana_1.jpg,Juniperus virginiana,True,C-m0.10,0.100000,Juniperus virginiana,True,Juniperus virginiana,0.000000,False,False,,False
Juniperus_virginiana_1.jpg,Juniperus virginiana,True,T,0.000000,Juniperus virginiana,True,Juniperus virginiana,0.000000,False,False,,False
Juniperus_virginiana_1.jpg,Juniperus virginiana,True,T-veto2,0.000000,Juniperus virginiana,True,Juniperus virginiana,0.000000,False,False,,False
Juniperus_virginiana_1.jpg,Juniperus virginiana,True,T-veto3,0.000000,Juniperus virginiana,True,Juniperus virginiana,0.000000,False,False,,False
Juniperus_virginiana_1.jpg,Juniperus virginiana,True,T-veto5,0.000000,Juniperus virginiana,True,Juniperus virginiana,0.000000,False,False,,False
Juniperus_virginiana_1.jpg,Juniperus virginiana,True,W,0.000000,Juniperus virginiana,True,Juniperus virginiana,0.000000,False,False,,False
Juniperus_virginiana_1.jpg,Juniperus virginiana,True,C-m*raw,0.047722,Juniperus virginiana,True,Juniperus virginiana,0.000000,False,False,,False
Juniperus_virginiana_1.jpg,Juniperus virginiana,True,C-m*hazard,0.047722,Juniperus virginiana,True,Juniperus virginiana,0.000000,False,False,,False
Juniperus_virginiana_2.jpg,Juniperus virginiana,True,A,0.000000,Phyllanthus urinaria,False,,inf,False,True,Phyllanthus urinaria,False
Juniperus_virginiana_2.jpg,Juniperus virginiana,True,B,0.000000,Eupatorium capillifolium,True,Eupatorium capillifolium,0.000000,False,False,,False
Juniperus_virginiana_2.jpg,Juniperus virginiana,True,C,0.000000,Juniperus virginiana,True,Juniperus virginiana,0.000000,False,False,,False
Juniperus_virginiana_2.jpg,Juniperus virginiana,True,C-veto2,0.000000,Juniperus virginiana,True,Juniperus virginiana,0.000000,False,False,,False
Juniperus_virginiana_2.jpg,Juniperus virginiana,True,C-veto3,0.000000,Juniperus virginiana,True,Juniperus virginiana,0.000000,False,False,,False
Juniperus_virginiana_2.jpg,Juniperus virginiana,True,C-veto5,0.000000,Juniperus virginiana,True,Juniperus virginiana,0.000000,False,False,,False
Juniperus_virginiana_2.jpg,Juniperus virginiana,True,C-m0.01,0.010000,Juniperus virginiana,True,Juniperus virginiana,0.000000,False,False,,False
Juniperus_virginiana_2.jpg,Juniperus virginiana,True,C-m0.02,0.020000,Juniperus virginiana,True,Juniperus virginiana,0.000000,False,False,,False
Juniperus_virginiana_2.jpg,Juniperus virginiana,True,C-m0.03,0.030000,Juniperus virginiana,True,Juniperus virginiana,0.000000,False,False,,False
Juniperus_virginiana_2.jpg,Juniperus virginiana,True,C-m0.04,0.040000,Juniperus virginiana,True,Juniperus virginiana,0.000000,False,False,,False
Juniperus_virginiana_2.jpg,Juniperus virginiana,True,C-m0.05,0.050000,Juniperus virginiana,True,Juniperus virginiana,0.000000,False,False,,False
Juniperus_virginiana_2.jpg,Juniperus virginiana,True,C-m0.06,0.060000,Juniperus virginiana,True,Juniperus virginiana,0.000000,False,False,,False
Juniperus_virginiana_2.jpg,Juniperus virginiana,True,C-m0.08,0.080000,Juniperus virginiana,True,Juniperus virginiana,0.000000,False,False,,False
Juniperus_virginiana_2.jpg,Juniperus virginiana,True,C-m0.10,0.100000,Juniperus virginiana,True,Juniperus virginiana,0.000000,False,False,,False
Juniperus_virginiana_2.jpg,Juniperus virginiana,True,T,0.000000,Juniperus virginiana,True,Juniperus virginiana,0.000000,False,False,,False
Juniperus_virginiana_2.jpg,Juniperus virginiana,True,T-veto2,0.000000,Juniperus virginiana,True,Juniperus virginiana,0.000000,False,False,,False
Juniperus_virginiana_2.jpg,Juniperus virginiana,True,T-veto3,0.000000,Juniperus virginiana,True,Juniperus virginiana,0.000000,False,False,,False
Juniperus_virginiana_2.jpg,Juniperus virginiana,True,T-veto5,0.000000,Juniperus virginiana,True,Juniperus virginiana,0.000000,False,False,,False
Juniperus_virginiana_2.jpg,Juniperus virginiana,True,W,0.000000,Juniperus virginiana,True,Juniperus virginiana,0.000000,False,False,,False
Juniperus_virginiana_2.jpg,Juniperus virginiana,True,C-m*raw,0.047722,Juniperus virginiana,True,Juniperus virginiana,0.000000,False,False,,False
Juniperus_virginiana_2.jpg,Juniperus virginiana,True,C-m*hazard,0.047722,Juniperus virginiana,True,Juniperus virginiana,0.000000,False,False,,False
Verbascum_thapsus_0.jpg,Verbascum thapsus,True,A,0.000000,Cercis canadensis,False,,inf,False,True,Cercis canadensis,False
Verbascum_thapsus_0.jpg,Verbascum thapsus,True,B,0.000000,Acer negundo,True,Acer negundo,0.000000,False,False,,False
Verbascum_thapsus_0.jpg,Verbascum thapsus,True,C,0.000000,Eriobotrya japonica,True,Eriobotrya japonica,0.000000,False,False,,False
Verbascum_thapsus_0.jpg,Verbascum thapsus,True,C-veto2,0.000000,Eriobotrya japonica,True,Eriobotrya japonica,0.000000,False,False,,False
Verbascum_thapsus_0.jpg,Verbascum thapsus,True,C-veto3,0.000000,Eriobotrya japonica,True,Eriobotrya japonica,0.000000,False,False,,False
Verbascum_thapsus_0.jpg,Verbascum thapsus,True,C-veto5,0.000000,Eriobotrya japonica,True,Eriobotrya japonica,0.000000,False,False,,False
Verbascum_thapsus_0.jpg,Verbascum thapsus,True,C-m0.01,0.010000,Eriobotrya japonica,True,Eriobotrya japonica,0.000000,False,False,,False
Verbascum_thapsus_0.jpg,Verbascum thapsus,True,C-m0.02,0.020000,Eriobotrya japonica,True,Eriobotrya japonica,0.000000,False,False,,False
Verbascum_thapsus_0.jpg,Verbascum thapsus,True,C-m0.03,0.030000,Eriobotrya japonica,True,Eriobotrya japonica,0.000000,False,False,,False
Verbascum_thapsus_0.jpg,Verbascum thapsus,True,C-m0.04,0.040000,Eriobotrya japonica,True,Eriobotrya japonica,0.000000,False,False,,False
Verbascum_thapsus_0.jpg,Verbascum thapsus,True,C-m0.05,0.050000,Eriobotrya japonica,True,Eriobotrya japonica,0.000000,False,False,,False
Verbascum_thapsus_0.jpg,Verbascum thapsus,True,C-m0.06,0.060000,Eriobotrya japonica,True,Eriobotrya japonica,0.000000,False,False,,False
Verbascum_thapsus_0.jpg,Verbascum thapsus,True,C-m0.08,0.080000,Eriobotrya japonica,True,Eriobotrya japonica,0.000000,False,False,,False
Verbascum_thapsus_0.jpg,Verbascum thapsus,True,C-m0.10,0.100000,Eriobotrya japonica,True,Eriobotrya japonica,0.000000,False,False,,False
Verbascum_thapsus_0.jpg,Verbascum thapsus,True,T,0.000000,Triglochin maritima,True,Triglochin maritima,0.000000,False,False,,False
Verbascum_thapsus_0.jpg,Verbascum thapsus,True,T-veto2,0.000000,Triglochin maritima,True,Triglochin maritima,0.000000,False,False,,False
Verbascum_thapsus_0.jpg,Verbascum thapsus,True,T-veto3,0.000000,Triglochin maritima,True,Triglochin maritima,0.000000,False,False,,False
Verbascum_thapsus_0.jpg,Verbascum thapsus,True,T-veto5,0.000000,Triglochin maritima,True,Triglochin maritima,0.000000,False,False,,False
Verbascum_thapsus_0.jpg,Verbascum thapsus,True,W,0.000000,Triglochin maritima,True,Triglochin maritima,0.000000,False,False,,False
Verbascum_thapsus_0.jpg,Verbascum thapsus,True,C-m*raw,0.047722,Eriobotrya japonica,True,Eriobotrya japonica,0.000000,False,False,,False
Verbascum_thapsus_0.jpg,Verbascum thapsus,True,C-m*hazard,0.047722,Eriobotrya japonica,True,Eriobotrya japonica,0.000000,False,False,,False
Verbascum_thapsus_1.jpg,Verbascum thapsus,True,A,0.000000,Callicarpa americana,False,,inf,False,True,Callicarpa americana,False
Verbascum_thapsus_1.jpg,Verbascum thapsus,True,B,0.000000,Phytolacca americana,True,Phytolacca americana,0.000000,False,False,,False
Verbascum_thapsus_1.jpg,Verbascum thapsus,True,C,0.000000,Verbascum thapsus,True,Verbascum thapsus,0.000000,False,False,,False
Verbascum_thapsus_1.jpg,Verbascum thapsus,True,C-veto2,0.000000,Verbascum thapsus,True,Verbascum thapsus,0.000000,False,False,,False
Verbascum_thapsus_1.jpg,Verbascum thapsus,True,C-veto3,0.000000,Verbascum thapsus,True,Verbascum thapsus,0.000000,False,False,,False
Verbascum_thapsus_1.jpg,Verbascum thapsus,True,C-veto5,0.000000,Verbascum thapsus,True,Verbascum thapsus,0.000000,False,False,,False
Verbascum_thapsus_1.jpg,Verbascum thapsus,True,C-m0.01,0.010000,Verbascum thapsus,True,Verbascum thapsus,0.000000,False,False,,False
Verbascum_thapsus_1.jpg,Verbascum thapsus,True,C-m0.02,0.020000,Verbascum thapsus,True,Verbascum thapsus,0.000000,False,False,,False
Verbascum_thapsus_1.jpg,Verbascum thapsus,True,C-m0.03,0.030000,Verbascum thapsus,True,Verbascum thapsus,0.000000,False,False,,False
Verbascum_thapsus_1.jpg,Verbascum thapsus,True,C-m0.04,0.040000,Verbascum thapsus,True,Verbascum thapsus,0.000000,False,False,,False
Verbascum_thapsus_1.jpg,Verbascum thapsus,True,C-m0.05,0.050000,Verbascum thapsus,True,Verbascum thapsus,0.000000,False,False,,False
Verbascum_thapsus_1.jpg,Verbascum thapsus,True,C-m0.06,0.060000,Verbascum thapsus,True,Verbascum thapsus,0.000000,False,False,,False
Verbascum_thapsus_1.jpg,Verbascum thapsus,True,C-m0.08,0.080000,Verbascum thapsus,True,Verbascum thapsus,0.000000,False,False,,False
Verbascum_thapsus_1.jpg,Verbascum thapsus,True,C-m0.10,0.100000,Verbascum thapsus,True,Verbascum thapsus,0.000000,False,False,,False
Verbascum_thapsus_1.jpg,Verbascum thapsus,True,T,0.000000,Verbascum thapsus,True,Verbascum thapsus,0.000000,False,False,,False
Verbascum_thapsus_1.jpg,Verbascum thapsus,True,T-veto2,0.000000,Verbascum thapsus,True,Verbascum thapsus,0.000000,False,False,,False
Verbascum_thapsus_1.jpg,Verbascum thapsus,True,T-veto3,0.000000,Verbascum thapsus,True,Verbascum thapsus,0.000000,False,False,,False
Verbascum_thapsus_1.jpg,Verbascum thapsus,True,T-veto5,0.000000,Verbascum thapsus,True,Verbascum thapsus,0.000000,False,False,,False
Verbascum_thapsus_1.jpg,Verbascum thapsus,True,W,0.000000,Stachys byzantina,False,Verbascum thapsus,0.113007,False,False,,False
Verbascum_thapsus_1.jpg,Verbascum thapsus,True,C-m*raw,0.047722,Verbascum thapsus,True,Verbascum thapsus,0.000000,False,False,,False
Verbascum_thapsus_1.jpg,Verbascum thapsus,True,C-m*hazard,0.047722,Verbascum thapsus,True,Verbascum thapsus,0.000000,False,False,,False
Verbascum_thapsus_2.jpg,Verbascum thapsus,True,A,0.000000,Callicarpa americana,False,,inf,False,True,Callicarpa americana,False
Verbascum_thapsus_2.jpg,Verbascum thapsus,True,B,0.000000,Callicarpa americana,False,Solanum carolinense,0.009466,False,True,Callicarpa americana,False
Verbascum_thapsus_2.jpg,Verbascum thapsus,True,C,0.000000,Verbascum thapsus,True,Verbascum thapsus,0.000000,False,False,,False
Verbascum_thapsus_2.jpg,Verbascum thapsus,True,C-veto2,0.000000,Verbascum thapsus,True,Verbascum thapsus,0.000000,False,False,,False
Verbascum_thapsus_2.jpg,Verbascum thapsus,True,C-veto3,0.000000,Verbascum thapsus,True,Verbascum thapsus,0.000000,False,False,,False
Verbascum_thapsus_2.jpg,Verbascum thapsus,True,C-veto5,0.000000,Verbascum thapsus,True,Verbascum thapsus,0.000000,False,False,,False
Verbascum_thapsus_2.jpg,Verbascum thapsus,True,C-m0.01,0.010000,Verbascum thapsus,True,Verbascum thapsus,0.000000,False,False,,False
Verbascum_thapsus_2.jpg,Verbascum thapsus,True,C-m0.02,0.020000,Verbascum thapsus,True,Verbascum thapsus,0.000000,False,False,,False
Verbascum_thapsus_2.jpg,Verbascum thapsus,True,C-m0.03,0.030000,Verbascum thapsus,True,Verbascum thapsus,0.000000,False,False,,False
Verbascum_thapsus_2.jpg,Verbascum thapsus,True,C-m0.04,0.040000,Verbascum thapsus,True,Verbascum thapsus,0.000000,False,False,,False
Verbascum_thapsus_2.jpg,Verbascum thapsus,True,C-m0.05,0.050000,Verbascum thapsus,True,Verbascum thapsus,0.000000,False,False,,False
Verbascum_thapsus_2.jpg,Verbascum thapsus,True,C-m0.06,0.060000,Verbascum thapsus,True,Verbascum thapsus,0.000000,False,False,,False
Verbascum_thapsus_2.jpg,Verbascum thapsus,True,C-m0.08,0.080000,Verbascum thapsus,True,Verbascum thapsus,0.000000,False,False,,False
Verbascum_thapsus_2.jpg,Verbascum thapsus,True,C-m0.10,0.100000,Verbascum thapsus,True,Verbascum thapsus,0.000000,False,False,,False
Verbascum_thapsus_2.jpg,Verbascum thapsus,True,T,0.000000,Verbascum thapsus,True,Verbascum thapsus,0.000000,False,False,,False
Verbascum_thapsus_2.jpg,Verbascum thapsus,True,T-veto2,0.000000,Verbascum thapsus,True,Verbascum thapsus,0.000000,False,False,,False
Verbascum_thapsus_2.jpg,Verbascum thapsus,True,T-veto3,0.000000,Verbascum thapsus,True,Verbascum thapsus,0.000000,False,False,,False
Verbascum_thapsus_2.jpg,Verbascum thapsus,True,T-veto5,0.000000,Verbascum thapsus,True,Verbascum thapsus,0.000000,False,False,,False
Verbascum_thapsus_2.jpg,Verbascum thapsus,True,W,0.000000,Stachys byzantina,False,Verbascum thapsus,0.073878,False,False,,False
Verbascum_thapsus_2.jpg,Verbascum thapsus,True,C-m*raw,0.047722,Verbascum thapsus,True,Verbascum thapsus,0.000000,False,False,,False
Verbascum_thapsus_2.jpg,Verbascum thapsus,True,C-m*hazard,0.047722,Verbascum thapsus,True,Verbascum thapsus,0.000000,False,False,,False
Onoclea_sensibilis_0.jpg,Onoclea sensibilis,True,A,0.000000,Phyllanthus urinaria,False,,inf,False,True,Phyllanthus urinaria,False
Onoclea_sensibilis_0.jpg,Onoclea sensibilis,True,B,0.000000,Phyllanthus urinaria,False,Nandina domestica,0.040877,False,True,Phyllanthus urinaria,False
Onoclea_sensibilis_0.jpg,Onoclea sensibilis,True,C,0.000000,Woodwardia areolata,True,Woodwardia areolata,0.000000,False,False,,False
Onoclea_sensibilis_0.jpg,Onoclea sensibilis,True,C-veto2,0.000000,Woodwardia areolata,True,Woodwardia areolata,0.000000,False,False,,False
Onoclea_sensibilis_0.jpg,Onoclea sensibilis,True,C-veto3,0.000000,Woodwardia areolata,True,Woodwardia areolata,0.000000,False,False,,False
Onoclea_sensibilis_0.jpg,Onoclea sensibilis,True,C-veto5,0.000000,Woodwardia areolata,True,Woodwardia areolata,0.000000,False,False,,False
Onoclea_sensibilis_0.jpg,Onoclea sensibilis,True,C-m0.01,0.010000,Woodwardia areolata,True,Woodwardia areolata,0.000000,False,False,,False
Onoclea_sensibilis_0.jpg,Onoclea sensibilis,True,C-m0.02,0.020000,Woodwardia areolata,True,Woodwardia areolata,0.000000,False,False,,False
Onoclea_sensibilis_0.jpg,Onoclea sensibilis,True,C-m0.03,0.030000,Woodwardia areolata,True,Woodwardia areolata,0.000000,False,False,,False
Onoclea_sensibilis_0.jpg,Onoclea sensibilis,True,C-m0.04,0.040000,Woodwardia areolata,True,Woodwardia areolata,0.000000,False,False,,False
Onoclea_sensibilis_0.jpg,Onoclea sensibilis,True,C-m0.05,0.050000,Woodwardia areolata,True,Woodwardia areolata,0.000000,False,False,,False
Onoclea_sensibilis_0.jpg,Onoclea sensibilis,True,C-m0.06,0.060000,Woodwardia areolata,True,Woodwardia areolata,0.000000,False,False,,False
Onoclea_sensibilis_0.jpg,Onoclea sensibilis,True,C-m0.08,0.080000,Woodwardia areolata,True,Woodwardia areolata,0.000000,False,False,,False
Onoclea_sensibilis_0.jpg,Onoclea sensibilis,True,C-m0.10,0.100000,Woodwardia areolata,True,Woodwardia areolata,0.000000,False,False,,False
Onoclea_sensibilis_0.jpg,Onoclea sensibilis,True,T,0.000000,Raukaua simplex,True,Raukaua simplex,0.000000,False,False,,False
Onoclea_sensibilis_0.jpg,Onoclea sensibilis,True,T-veto2,0.000000,Raukaua simplex,True,Raukaua simplex,0.000000,False,False,,False
Onoclea_sensibilis_0.jpg,Onoclea sensibilis,True,T-veto3,0.000000,Raukaua simplex,True,Raukaua simplex,0.000000,False,False,,False
Onoclea_sensibilis_0.jpg,Onoclea sensibilis,True,T-veto5,0.000000,Raukaua simplex,True,Raukaua simplex,0.000000,False,False,,False
Onoclea_sensibilis_0.jpg,Onoclea sensibilis,True,W,0.000000,Pteris macilenta,False,Raukaua simplex,0.034443,False,False,,False
Onoclea_sensibilis_0.jpg,Onoclea sensibilis,True,C-m*raw,0.047722,Woodwardia areolata,True,Woodwardia areolata,0.000000,False,False,,False
Onoclea_sensibilis_0.jpg,Onoclea sensibilis,True,C-m*hazard,0.047722,Woodwardia areolata,True,Woodwardia areolata,0.000000,False,False,,False
Onoclea_sensibilis_1.jpg,Onoclea sensibilis,True,A,0.000000,Polystichum acrostichoides,False,,inf,False,True,Polystichum acrostichoides,False
Onoclea_sensibilis_1.jpg,Onoclea sensibilis,True,B,0.000000,Polystichum acrostichoides,False,Toxicodendron radicans,0.129093,False,True,Polystichum acrostichoides,False
Onoclea_sensibilis_1.jpg,Onoclea sensibilis,True,C,0.000000,Onoclea sensibilis,True,Onoclea sensibilis,0.000000,False,False,,False
Onoclea_sensibilis_1.jpg,Onoclea sensibilis,True,C-veto2,0.000000,Onoclea sensibilis,True,Onoclea sensibilis,0.000000,False,False,,False
Onoclea_sensibilis_1.jpg,Onoclea sensibilis,True,C-veto3,0.000000,Onoclea sensibilis,True,Onoclea sensibilis,0.000000,False,False,,False
Onoclea_sensibilis_1.jpg,Onoclea sensibilis,True,C-veto5,0.000000,Onoclea sensibilis,True,Onoclea sensibilis,0.000000,False,False,,False
Onoclea_sensibilis_1.jpg,Onoclea sensibilis,True,C-m0.01,0.010000,Onoclea sensibilis,True,Onoclea sensibilis,0.000000,False,False,,False
Onoclea_sensibilis_1.jpg,Onoclea sensibilis,True,C-m0.02,0.020000,Onoclea sensibilis,True,Onoclea sensibilis,0.000000,False,False,,False
Onoclea_sensibilis_1.jpg,Onoclea sensibilis,True,C-m0.03,0.030000,Onoclea sensibilis,True,Onoclea sensibilis,0.000000,False,False,,False
Onoclea_sensibilis_1.jpg,Onoclea sensibilis,True,C-m0.04,0.040000,Onoclea sensibilis,True,Onoclea sensibilis,0.000000,False,False,,False
Onoclea_sensibilis_1.jpg,Onoclea sensibilis,True,C-m0.05,0.050000,Onoclea sensibilis,True,Onoclea sensibilis,0.000000,False,False,,False
Onoclea_sensibilis_1.jpg,Onoclea sensibilis,True,C-m0.06,0.060000,Onoclea sensibilis,True,Onoclea sensibilis,0.000000,False,False,,False
Onoclea_sensibilis_1.jpg,Onoclea sensibilis,True,C-m0.08,0.080000,Onoclea sensibilis,True,Onoclea sensibilis,0.000000,False,False,,False
Onoclea_sensibilis_1.jpg,Onoclea sensibilis,True,C-m0.10,0.100000,Onoclea sensibilis,True,Onoclea sensibilis,0.000000,False,False,,False
Onoclea_sensibilis_1.jpg,Onoclea sensibilis,True,T,0.000000,Onoclea sensibilis,True,Onoclea sensibilis,0.000000,False,False,,False
Onoclea_sensibilis_1.jpg,Onoclea sensibilis,True,T-veto2,0.000000,Onoclea sensibilis,True,Onoclea sensibilis,0.000000,False,False,,False
Onoclea_sensibilis_1.jpg,Onoclea sensibilis,True,T-veto3,0.000000,Onoclea sensibilis,True,Onoclea sensibilis,0.000000,False,False,,False
Onoclea_sensibilis_1.jpg,Onoclea sensibilis,True,T-veto5,0.000000,Onoclea sensibilis,True,Onoclea sensibilis,0.000000,False,False,,False
Onoclea_sensibilis_1.jpg,Onoclea sensibilis,True,W,0.000000,Onoclea sensibilis,True,Onoclea sensibilis,0.000000,False,False,,False
Onoclea_sensibilis_1.jpg,Onoclea sensibilis,True,C-m*raw,0.047722,Onoclea sensibilis,True,Onoclea sensibilis,0.000000,False,False,,False
Onoclea_sensibilis_1.jpg,Onoclea sensibilis,True,C-m*hazard,0.047722,Onoclea sensibilis,True,Onoclea sensibilis,0.000000,False,False,,False
Onoclea_sensibilis_2.jpg,Onoclea sensibilis,True,A,0.000000,Polystichum acrostichoides,False,,inf,False,True,Polystichum acrostichoides,False
Onoclea_sensibilis_2.jpg,Onoclea sensibilis,True,B,0.000000,Polystichum acrostichoides,False,Toxicodendron radicans,0.022210,False,True,Polystichum acrostichoides,False
Onoclea_sensibilis_2.jpg,Onoclea sensibilis,True,C,0.000000,Onoclea sensibilis,True,Onoclea sensibilis,0.000000,False,False,,False
Onoclea_sensibilis_2.jpg,Onoclea sensibilis,True,C-veto2,0.000000,Onoclea sensibilis,True,Onoclea sensibilis,0.000000,False,False,,False
Onoclea_sensibilis_2.jpg,Onoclea sensibilis,True,C-veto3,0.000000,Onoclea sensibilis,True,Onoclea sensibilis,0.000000,False,False,,False
Onoclea_sensibilis_2.jpg,Onoclea sensibilis,True,C-veto5,0.000000,Onoclea sensibilis,True,Onoclea sensibilis,0.000000,False,False,,False
Onoclea_sensibilis_2.jpg,Onoclea sensibilis,True,C-m0.01,0.010000,Onoclea sensibilis,True,Onoclea sensibilis,0.000000,False,False,,False
Onoclea_sensibilis_2.jpg,Onoclea sensibilis,True,C-m0.02,0.020000,Onoclea sensibilis,True,Onoclea sensibilis,0.000000,False,False,,False
Onoclea_sensibilis_2.jpg,Onoclea sensibilis,True,C-m0.03,0.030000,Onoclea sensibilis,True,Onoclea sensibilis,0.000000,False,False,,False
Onoclea_sensibilis_2.jpg,Onoclea sensibilis,True,C-m0.04,0.040000,Onoclea sensibilis,True,Onoclea sensibilis,0.000000,False,False,,False
Onoclea_sensibilis_2.jpg,Onoclea sensibilis,True,C-m0.05,0.050000,Onoclea sensibilis,True,Onoclea sensibilis,0.000000,False,False,,False
Onoclea_sensibilis_2.jpg,Onoclea sensibilis,True,C-m0.06,0.060000,Onoclea sensibilis,True,Onoclea sensibilis,0.000000,False,False,,False
Onoclea_sensibilis_2.jpg,Onoclea sensibilis,True,C-m0.08,0.080000,Onoclea sensibilis,True,Onoclea sensibilis,0.000000,False,False,,False
Onoclea_sensibilis_2.jpg,Onoclea sensibilis,True,C-m0.10,0.100000,Onoclea sensibilis,True,Onoclea sensibilis,0.000000,False,False,,False
Onoclea_sensibilis_2.jpg,Onoclea sensibilis,True,T,0.000000,Onoclea sensibilis,True,Onoclea sensibilis,0.000000,False,False,,False
Onoclea_sensibilis_2.jpg,Onoclea sensibilis,True,T-veto2,0.000000,Onoclea sensibilis,True,Onoclea sensibilis,0.000000,False,False,,False
Onoclea_sensibilis_2.jpg,Onoclea sensibilis,True,T-veto3,0.000000,Onoclea sensibilis,True,Onoclea sensibilis,0.000000,False,False,,False
Onoclea_sensibilis_2.jpg,Onoclea sensibilis,True,T-veto5,0.000000,Onoclea sensibilis,True,Onoclea sensibilis,0.000000,False,False,,False
Onoclea_sensibilis_2.jpg,Onoclea sensibilis,True,W,0.000000,Onoclea sensibilis,True,Onoclea sensibilis,0.000000,False,False,,False
Onoclea_sensibilis_2.jpg,Onoclea sensibilis,True,C-m*raw,0.047722,Onoclea sensibilis,True,Onoclea sensibilis,0.000000,False,False,,False
Onoclea_sensibilis_2.jpg,Onoclea sensibilis,True,C-m*hazard,0.047722,Onoclea sensibilis,True,Onoclea sensibilis,0.000000,False,False,,False
Helianthus_angustifolius_0.jpg,Helianthus angustifolius,True,A,0.000000,Erechtites hieraciifolius,False,,inf,False,True,Erechtites hieraciifolius,False
Helianthus_angustifolius_0.jpg,Helianthus angustifolius,True,B,0.000000,Erechtites hieraciifolius,False,Solanum carolinense,0.021908,False,True,Erechtites hieraciifolius,False
Helianthus_angustifolius_0.jpg,Helianthus angustifolius,True,C,0.000000,Helianthus angustifolius,True,Helianthus angustifolius,0.000000,False,False,,False
Helianthus_angustifolius_0.jpg,Helianthus angustifolius,True,C-veto2,0.000000,Helianthus angustifolius,True,Helianthus angustifolius,0.000000,False,False,,False
Helianthus_angustifolius_0.jpg,Helianthus angustifolius,True,C-veto3,0.000000,Helianthus angustifolius,True,Helianthus angustifolius,0.000000,False,False,,False
Helianthus_angustifolius_0.jpg,Helianthus angustifolius,True,C-veto5,0.000000,Helianthus angustifolius,True,Helianthus angustifolius,0.000000,False,False,,False
Helianthus_angustifolius_0.jpg,Helianthus angustifolius,True,C-m0.01,0.010000,Helianthus angustifolius,True,Helianthus angustifolius,0.000000,False,False,,False
Helianthus_angustifolius_0.jpg,Helianthus angustifolius,True,C-m0.02,0.020000,Helianthus angustifolius,True,Helianthus angustifolius,0.000000,False,False,,False
Helianthus_angustifolius_0.jpg,Helianthus angustifolius,True,C-m0.03,0.030000,Helianthus angustifolius,True,Helianthus angustifolius,0.000000,False,False,,False
Helianthus_angustifolius_0.jpg,Helianthus angustifolius,True,C-m0.04,0.040000,Helianthus angustifolius,True,Helianthus angustifolius,0.000000,False,False,,False
Helianthus_angustifolius_0.jpg,Helianthus angustifolius,True,C-m0.05,0.050000,Helianthus angustifolius,True,Helianthus angustifolius,0.000000,False,False,,False
Helianthus_angustifolius_0.jpg,Helianthus angustifolius,True,C-m0.06,0.060000,Helianthus angustifolius,True,Helianthus angustifolius,0.000000,False,False,,False
Helianthus_angustifolius_0.jpg,Helianthus angustifolius,True,C-m0.08,0.080000,Helianthus angustifolius,True,Helianthus angustifolius,0.000000,False,False,,False
Helianthus_angustifolius_0.jpg,Helianthus angustifolius,True,C-m0.10,0.100000,Helianthus angustifolius,True,Helianthus angustifolius,0.000000,False,False,,False
Helianthus_angustifolius_0.jpg,Helianthus angustifolius,True,T,0.000000,Madia elegans,True,Madia elegans,0.000000,False,False,,False
Helianthus_angustifolius_0.jpg,Helianthus angustifolius,True,T-veto2,0.000000,Madia elegans,True,Madia elegans,0.000000,False,False,,False
Helianthus_angustifolius_0.jpg,Helianthus angustifolius,True,T-veto3,0.000000,Madia elegans,True,Madia elegans,0.000000,False,False,,False
Helianthus_angustifolius_0.jpg,Helianthus angustifolius,True,T-veto5,0.000000,Madia elegans,True,Madia elegans,0.000000,False,False,,False
Helianthus_angustifolius_0.jpg,Helianthus angustifolius,True,W,0.000000,Madia elegans,True,Madia elegans,0.000000,False,False,,False
Helianthus_angustifolius_0.jpg,Helianthus angustifolius,True,C-m*raw,0.047722,Helianthus angustifolius,True,Helianthus angustifolius,0.000000,False,False,,False
Helianthus_angustifolius_0.jpg,Helianthus angustifolius,True,C-m*hazard,0.047722,Helianthus angustifolius,True,Helianthus angustifolius,0.000000,False,False,,False
Helianthus_angustifolius_1.jpg,Helianthus angustifolius,True,A,0.000000,Solidago altissima,False,,inf,False,True,Solidago altissima,False
Helianthus_angustifolius_1.jpg,Helianthus angustifolius,True,B,0.000000,Eupatorium capillifolium,True,Eupatorium capillifolium,0.000000,False,False,,False
Helianthus_angustifolius_1.jpg,Helianthus angustifolius,True,C,0.000000,Asclepias verticillata,True,Asclepias verticillata,0.000000,False,False,,False
Helianthus_angustifolius_1.jpg,Helianthus angustifolius,True,C-veto2,0.000000,Asclepias verticillata,True,Asclepias verticillata,0.000000,False,False,,False
Helianthus_angustifolius_1.jpg,Helianthus angustifolius,True,C-veto3,0.000000,Asclepias verticillata,True,Asclepias verticillata,0.000000,False,False,,False
Helianthus_angustifolius_1.jpg,Helianthus angustifolius,True,C-veto5,0.000000,Asclepias verticillata,True,Asclepias verticillata,0.000000,False,False,,False
Helianthus_angustifolius_1.jpg,Helianthus angustifolius,True,C-m0.01,0.010000,Asclepias verticillata,True,Asclepias verticillata,0.000000,False,False,,False
Helianthus_angustifolius_1.jpg,Helianthus angustifolius,True,C-m0.02,0.020000,Asclepias verticillata,True,Asclepias verticillata,0.000000,False,False,,False
Helianthus_angustifolius_1.jpg,Helianthus angustifolius,True,C-m0.03,0.030000,Asclepias verticillata,True,Asclepias verticillata,0.000000,False,False,,False
Helianthus_angustifolius_1.jpg,Helianthus angustifolius,True,C-m0.04,0.040000,Asclepias verticillata,True,Asclepias verticillata,0.000000,False,False,,False
Helianthus_angustifolius_1.jpg,Helianthus angustifolius,True,C-m0.05,0.050000,Asclepias verticillata,True,Asclepias verticillata,0.000000,False,False,,False
Helianthus_angustifolius_1.jpg,Helianthus angustifolius,True,C-m0.06,0.060000,Asclepias verticillata,True,Asclepias verticillata,0.000000,False,False,,False
Helianthus_angustifolius_1.jpg,Helianthus angustifolius,True,C-m0.08,0.080000,Asclepias verticillata,True,Asclepias verticillata,0.000000,False,False,,False
Helianthus_angustifolius_1.jpg,Helianthus angustifolius,True,C-m0.10,0.100000,Asclepias verticillata,True,Asclepias verticillata,0.000000,False,False,,False
Helianthus_angustifolius_1.jpg,Helianthus angustifolius,True,T,0.000000,Coreopsis palmata,True,Coreopsis palmata,0.000000,False,False,,False
Helianthus_angustifolius_1.jpg,Helianthus angustifolius,True,T-veto2,0.000000,Coreopsis palmata,True,Coreopsis palmata,0.000000,False,False,,False
Helianthus_angustifolius_1.jpg,Helianthus angustifolius,True,T-veto3,0.000000,Coreopsis palmata,True,Coreopsis palmata,0.000000,False,False,,False
Helianthus_angustifolius_1.jpg,Helianthus angustifolius,True,T-veto5,0.000000,Coreopsis palmata,True,Coreopsis palmata,0.000000,False,False,,False
Helianthus_angustifolius_1.jpg,Helianthus angustifolius,True,W,0.000000,Coreopsis palmata,True,Coreopsis palmata,0.000000,False,False,,False
Helianthus_angustifolius_1.jpg,Helianthus angustifolius,True,C-m*raw,0.047722,Asclepias verticillata,True,Asclepias verticillata,0.000000,False,False,,False
Helianthus_angustifolius_1.jpg,Helianthus angustifolius,True,C-m*hazard,0.047722,Asclepias verticillata,True,Asclepias verticillata,0.000000,False,False,,False
Helianthus_angustifolius_2.jpg,Helianthus angustifolius,True,A,0.000000,Conoclinium coelestinum,False,,inf,False,True,Conoclinium coelestinum,False
Helianthus_angustifolius_2.jpg,Helianthus angustifolius,True,B,0.000000,Eupatorium capillifolium,True,Eupatorium capillifolium,0.000000,False,False,,False
Helianthus_angustifolius_2.jpg,Helianthus angustifolius,True,C,0.000000,Helianthus angustifolius,True,Helianthus angustifolius,0.000000,False,False,,False
Helianthus_angustifolius_2.jpg,Helianthus angustifolius,True,C-veto2,0.000000,Helianthus angustifolius,True,Helianthus angustifolius,0.000000,False,False,,False
Helianthus_angustifolius_2.jpg,Helianthus angustifolius,True,C-veto3,0.000000,Helianthus angustifolius,True,Helianthus angustifolius,0.000000,False,False,,False
Helianthus_angustifolius_2.jpg,Helianthus angustifolius,True,C-veto5,0.000000,Helianthus angustifolius,True,Helianthus angustifolius,0.000000,False,False,,False
Helianthus_angustifolius_2.jpg,Helianthus angustifolius,True,C-m0.01,0.010000,Helianthus angustifolius,True,Helianthus angustifolius,0.000000,False,False,,False
Helianthus_angustifolius_2.jpg,Helianthus angustifolius,True,C-m0.02,0.020000,Helianthus angustifolius,True,Helianthus angustifolius,0.000000,False,False,,False
Helianthus_angustifolius_2.jpg,Helianthus angustifolius,True,C-m0.03,0.030000,Helianthus angustifolius,True,Helianthus angustifolius,0.000000,False,False,,False
Helianthus_angustifolius_2.jpg,Helianthus angustifolius,True,C-m0.04,0.040000,Helianthus angustifolius,True,Helianthus angustifolius,0.000000,False,False,,False
Helianthus_angustifolius_2.jpg,Helianthus angustifolius,True,C-m0.05,0.050000,Helianthus angustifolius,True,Helianthus angustifolius,0.000000,False,False,,False
Helianthus_angustifolius_2.jpg,Helianthus angustifolius,True,C-m0.06,0.060000,Helianthus angustifolius,True,Helianthus angustifolius,0.000000,False,False,,False
Helianthus_angustifolius_2.jpg,Helianthus angustifolius,True,C-m0.08,0.080000,Helianthus angustifolius,True,Helianthus angustifolius,0.000000,False,False,,False
Helianthus_angustifolius_2.jpg,Helianthus angustifolius,True,C-m0.10,0.100000,Helianthus angustifolius,True,Helianthus angustifolius,0.000000,False,False,,False
Helianthus_angustifolius_2.jpg,Helianthus angustifolius,True,T,0.000000,Helianthus angustifolius,True,Helianthus angustifolius,0.000000,False,False,,False
Helianthus_angustifolius_2.jpg,Helianthus angustifolius,True,T-veto2,0.000000,Helianthus angustifolius,True,Helianthus angustifolius,0.000000,False,False,,False
Helianthus_angustifolius_2.jpg,Helianthus angustifolius,True,T-veto3,0.000000,Helianthus angustifolius,True,Helianthus angustifolius,0.000000,False,False,,False
Helianthus_angustifolius_2.jpg,Helianthus angustifolius,True,T-veto5,0.000000,Helianthus angustifolius,True,Helianthus angustifolius,0.000000,False,False,,False
Helianthus_angustifolius_2.jpg,Helianthus angustifolius,True,W,0.000000,Helianthus angustifolius,True,Helianthus angustifolius,0.000000,False,False,,False
Helianthus_angustifolius_2.jpg,Helianthus angustifolius,True,C-m*raw,0.047722,Helianthus angustifolius,True,Helianthus angustifolius,0.000000,False,False,,False
Helianthus_angustifolius_2.jpg,Helianthus angustifolius,True,C-m*hazard,0.047722,Helianthus angustifolius,True,Helianthus angustifolius,0.000000,False,False,,False
Monotropa_uniflora_0.jpg,Monotropa uniflora,True,A,0.000000,Chimaphila maculata,False,,inf,False,True,Chimaphila maculata,False
Monotropa_uniflora_0.jpg,Monotropa uniflora,True,B,0.000000,Chimaphila maculata,False,Toxicodendron radicans,0.052303,False,True,Chimaphila maculata,False
Monotropa_uniflora_0.jpg,Monotropa uniflora,True,C,0.000000,Monotropa uniflora,True,Monotropa uniflora,0.000000,False,False,,False
Monotropa_uniflora_0.jpg,Monotropa uniflora,True,C-veto2,0.000000,Monotropa uniflora,True,Monotropa uniflora,0.000000,False,False,,False
Monotropa_uniflora_0.jpg,Monotropa uniflora,True,C-veto3,0.000000,Monotropa uniflora,True,Monotropa uniflora,0.000000,False,False,,False
Monotropa_uniflora_0.jpg,Monotropa uniflora,True,C-veto5,0.000000,Monotropa uniflora,True,Monotropa uniflora,0.000000,False,False,,False
Monotropa_uniflora_0.jpg,Monotropa uniflora,True,C-m0.01,0.010000,Monotropa uniflora,True,Monotropa uniflora,0.000000,False,False,,False
Monotropa_uniflora_0.jpg,Monotropa uniflora,True,C-m0.02,0.020000,Monotropa uniflora,True,Monotropa uniflora,0.000000,False,False,,False
Monotropa_uniflora_0.jpg,Monotropa uniflora,True,C-m0.03,0.030000,Monotropa uniflora,True,Monotropa uniflora,0.000000,False,False,,False
Monotropa_uniflora_0.jpg,Monotropa uniflora,True,C-m0.04,0.040000,Monotropa uniflora,True,Monotropa uniflora,0.000000,False,False,,False
Monotropa_uniflora_0.jpg,Monotropa uniflora,True,C-m0.05,0.050000,Monotropa uniflora,True,Monotropa uniflora,0.000000,False,False,,False
Monotropa_uniflora_0.jpg,Monotropa uniflora,True,C-m0.06,0.060000,Monotropa uniflora,True,Monotropa uniflora,0.000000,False,False,,False
Monotropa_uniflora_0.jpg,Monotropa uniflora,True,C-m0.08,0.080000,Monotropa uniflora,True,Monotropa uniflora,0.000000,False,False,,False
Monotropa_uniflora_0.jpg,Monotropa uniflora,True,C-m0.10,0.100000,Monotropa uniflora,True,Monotropa uniflora,0.000000,False,False,,False
Monotropa_uniflora_0.jpg,Monotropa uniflora,True,T,0.000000,Monotropa uniflora,True,Monotropa uniflora,0.000000,False,False,,False
Monotropa_uniflora_0.jpg,Monotropa uniflora,True,T-veto2,0.000000,Monotropa uniflora,True,Monotropa uniflora,0.000000,False,False,,False
Monotropa_uniflora_0.jpg,Monotropa uniflora,True,T-veto3,0.000000,Monotropa uniflora,True,Monotropa uniflora,0.000000,False,False,,False
Monotropa_uniflora_0.jpg,Monotropa uniflora,True,T-veto5,0.000000,Monotropa uniflora,True,Monotropa uniflora,0.000000,False,False,,False
Monotropa_uniflora_0.jpg,Monotropa uniflora,True,W,0.000000,Monotropa uniflora,True,Monotropa uniflora,0.000000,False,False,,False
Monotropa_uniflora_0.jpg,Monotropa uniflora,True,C-m*raw,0.047722,Monotropa uniflora,True,Monotropa uniflora,0.000000,False,False,,False
Monotropa_uniflora_0.jpg,Monotropa uniflora,True,C-m*hazard,0.047722,Monotropa uniflora,True,Monotropa uniflora,0.000000,False,False,,False
Monotropa_uniflora_1.jpg,Monotropa uniflora,True,A,0.000000,Chimaphila maculata,False,,inf,False,True,Chimaphila maculata,False
Monotropa_uniflora_1.jpg,Monotropa uniflora,True,B,0.000000,Chimaphila maculata,False,Asimina triloba,0.135550,False,True,Chimaphila maculata,False
Monotropa_uniflora_1.jpg,Monotropa uniflora,True,C,0.000000,Monotropa uniflora,True,Monotropa uniflora,0.000000,False,False,,False
Monotropa_uniflora_1.jpg,Monotropa uniflora,True,C-veto2,0.000000,Monotropa uniflora,True,Monotropa uniflora,0.000000,False,False,,False
Monotropa_uniflora_1.jpg,Monotropa uniflora,True,C-veto3,0.000000,Monotropa uniflora,True,Monotropa uniflora,0.000000,False,False,,False
Monotropa_uniflora_1.jpg,Monotropa uniflora,True,C-veto5,0.000000,Monotropa uniflora,True,Monotropa uniflora,0.000000,False,False,,False
Monotropa_uniflora_1.jpg,Monotropa uniflora,True,C-m0.01,0.010000,Monotropa uniflora,True,Monotropa uniflora,0.000000,False,False,,False
Monotropa_uniflora_1.jpg,Monotropa uniflora,True,C-m0.02,0.020000,Monotropa uniflora,True,Monotropa uniflora,0.000000,False,False,,False
Monotropa_uniflora_1.jpg,Monotropa uniflora,True,C-m0.03,0.030000,Monotropa uniflora,True,Monotropa uniflora,0.000000,False,False,,False
Monotropa_uniflora_1.jpg,Monotropa uniflora,True,C-m0.04,0.040000,Monotropa uniflora,True,Monotropa uniflora,0.000000,False,False,,False
Monotropa_uniflora_1.jpg,Monotropa uniflora,True,C-m0.05,0.050000,Monotropa uniflora,True,Monotropa uniflora,0.000000,False,False,,False
Monotropa_uniflora_1.jpg,Monotropa uniflora,True,C-m0.06,0.060000,Monotropa uniflora,True,Monotropa uniflora,0.000000,False,False,,False
Monotropa_uniflora_1.jpg,Monotropa uniflora,True,C-m0.08,0.080000,Monotropa uniflora,True,Monotropa uniflora,0.000000,False,False,,False
Monotropa_uniflora_1.jpg,Monotropa uniflora,True,C-m0.10,0.100000,Monotropa uniflora,True,Monotropa uniflora,0.000000,False,False,,False
Monotropa_uniflora_1.jpg,Monotropa uniflora,True,T,0.000000,Monotropa uniflora,True,Monotropa uniflora,0.000000,False,False,,False
Monotropa_uniflora_1.jpg,Monotropa uniflora,True,T-veto2,0.000000,Monotropa uniflora,True,Monotropa uniflora,0.000000,False,False,,False
Monotropa_uniflora_1.jpg,Monotropa uniflora,True,T-veto3,0.000000,Monotropa uniflora,True,Monotropa uniflora,0.000000,False,False,,False
Monotropa_uniflora_1.jpg,Monotropa uniflora,True,T-veto5,0.000000,Monotropa uniflora,True,Monotropa uniflora,0.000000,False,False,,False
Monotropa_uniflora_1.jpg,Monotropa uniflora,True,W,0.000000,Monotropa uniflora,True,Monotropa uniflora,0.000000,False,False,,False
Monotropa_uniflora_1.jpg,Monotropa uniflora,True,C-m*raw,0.047722,Monotropa uniflora,True,Monotropa uniflora,0.000000,False,False,,False
Monotropa_uniflora_1.jpg,Monotropa uniflora,True,C-m*hazard,0.047722,Monotropa uniflora,True,Monotropa uniflora,0.000000,False,False,,False
Monotropa_uniflora_2.jpg,Monotropa uniflora,True,A,0.000000,Magnolia grandiflora,False,,inf,False,True,Magnolia grandiflora,False
Monotropa_uniflora_2.jpg,Monotropa uniflora,True,B,0.000000,Magnolia grandiflora,False,Parthenocissus quinquefolia,0.044062,False,True,Magnolia grandiflora,False
Monotropa_uniflora_2.jpg,Monotropa uniflora,True,C,0.000000,Magnolia grandiflora,False,Photinia serratifolia,0.015334,False,True,Magnolia grandiflora,False
Monotropa_uniflora_2.jpg,Monotropa uniflora,True,C-veto2,0.000000,Magnolia grandiflora,False,Photinia serratifolia,0.015334,False,False,,False
Monotropa_uniflora_2.jpg,Monotropa uniflora,True,C-veto3,0.000000,Magnolia grandiflora,False,Photinia serratifolia,0.015334,False,False,,False
Monotropa_uniflora_2.jpg,Monotropa uniflora,True,C-veto5,0.000000,Magnolia grandiflora,False,Photinia serratifolia,0.015334,False,False,,False
Monotropa_uniflora_2.jpg,Monotropa uniflora,True,C-m0.01,0.010000,Magnolia grandiflora,False,Photinia serratifolia,0.015334,False,True,Magnolia grandiflora,False
Monotropa_uniflora_2.jpg,Monotropa uniflora,True,C-m0.02,0.020000,Magnolia grandiflora,False,Photinia serratifolia,0.015334,False,False,,False
Monotropa_uniflora_2.jpg,Monotropa uniflora,True,C-m0.03,0.030000,Magnolia grandiflora,False,Photinia serratifolia,0.015334,False,False,,False
Monotropa_uniflora_2.jpg,Monotropa uniflora,True,C-m0.04,0.040000,Magnolia grandiflora,False,Photinia serratifolia,0.015334,False,False,,False
Monotropa_uniflora_2.jpg,Monotropa uniflora,True,C-m0.05,0.050000,Magnolia grandiflora,False,Photinia serratifolia,0.015334,False,False,,False
Monotropa_uniflora_2.jpg,Monotropa uniflora,True,C-m0.06,0.060000,Magnolia grandiflora,False,Photinia serratifolia,0.015334,False,False,,False
Monotropa_uniflora_2.jpg,Monotropa uniflora,True,C-m0.08,0.080000,Magnolia grandiflora,False,Photinia serratifolia,0.015334,False,False,,False
Monotropa_uniflora_2.jpg,Monotropa uniflora,True,C-m0.10,0.100000,Magnolia grandiflora,False,Photinia serratifolia,0.015334,False,False,,False
Monotropa_uniflora_2.jpg,Monotropa uniflora,True,T,0.000000,Ceratonia siliqua,True,Ceratonia siliqua,0.000000,False,False,,False
Monotropa_uniflora_2.jpg,Monotropa uniflora,True,T-veto2,0.000000,Ceratonia siliqua,True,Ceratonia siliqua,0.000000,False,False,,False
Monotropa_uniflora_2.jpg,Monotropa uniflora,True,T-veto3,0.000000,Ceratonia siliqua,True,Ceratonia siliqua,0.000000,False,False,,False
Monotropa_uniflora_2.jpg,Monotropa uniflora,True,T-veto5,0.000000,Ceratonia siliqua,True,Ceratonia siliqua,0.000000,False,False,,False
Monotropa_uniflora_2.jpg,Monotropa uniflora,True,W,0.000000,Terminalia catappa,False,Ceratonia siliqua,0.003931,False,False,,False
Monotropa_uniflora_2.jpg,Monotropa uniflora,True,C-m*raw,0.047722,Magnolia grandiflora,False,Photinia serratifolia,0.015334,False,False,,False
Monotropa_uniflora_2.jpg,Monotropa uniflora,True,C-m*hazard,0.047722,Magnolia grandiflora,False,Photinia serratifolia,0.015334,False,False,,False
Prunus_caroliniana_0.jpg,Prunus caroliniana,True,A,0.000000,Magnolia grandiflora,False,,inf,False,True,Magnolia grandiflora,False
Prunus_caroliniana_0.jpg,Prunus caroliniana,True,B,0.000000,Magnolia grandiflora,False,Ligustrum sinense,0.032647,False,True,Magnolia grandiflora,False
Prunus_caroliniana_0.jpg,Prunus caroliniana,True,C,0.000000,Gelsemium sempervirens,True,Gelsemium sempervirens,0.000000,False,False,,False
Prunus_caroliniana_0.jpg,Prunus caroliniana,True,C-veto2,0.000000,Gelsemium sempervirens,True,Gelsemium sempervirens,0.000000,False,False,,False
Prunus_caroliniana_0.jpg,Prunus caroliniana,True,C-veto3,0.000000,Gelsemium sempervirens,True,Gelsemium sempervirens,0.000000,False,False,,False
Prunus_caroliniana_0.jpg,Prunus caroliniana,True,C-veto5,0.000000,Gelsemium sempervirens,True,Gelsemium sempervirens,0.000000,False,False,,False
Prunus_caroliniana_0.jpg,Prunus caroliniana,True,C-m0.01,0.010000,Gelsemium sempervirens,True,Gelsemium sempervirens,0.000000,False,False,,False
Prunus_caroliniana_0.jpg,Prunus caroliniana,True,C-m0.02,0.020000,Gelsemium sempervirens,True,Gelsemium sempervirens,0.000000,False,False,,False
Prunus_caroliniana_0.jpg,Prunus caroliniana,True,C-m0.03,0.030000,Gelsemium sempervirens,True,Gelsemium sempervirens,0.000000,False,False,,False
Prunus_caroliniana_0.jpg,Prunus caroliniana,True,C-m0.04,0.040000,Gelsemium sempervirens,True,Gelsemium sempervirens,0.000000,False,False,,False
Prunus_caroliniana_0.jpg,Prunus caroliniana,True,C-m0.05,0.050000,Gelsemium sempervirens,True,Gelsemium sempervirens,0.000000,False,False,,False
Prunus_caroliniana_0.jpg,Prunus caroliniana,True,C-m0.06,0.060000,Gelsemium sempervirens,True,Gelsemium sempervirens,0.000000,False,False,,False
Prunus_caroliniana_0.jpg,Prunus caroliniana,True,C-m0.08,0.080000,Gelsemium sempervirens,True,Gelsemium sempervirens,0.000000,False,False,,False
Prunus_caroliniana_0.jpg,Prunus caroliniana,True,C-m0.10,0.100000,Gelsemium sempervirens,True,Gelsemium sempervirens,0.000000,False,False,,False
Prunus_caroliniana_0.jpg,Prunus caroliniana,True,T,0.000000,Smilax auriculata,True,Smilax auriculata,0.000000,False,False,,False
Prunus_caroliniana_0.jpg,Prunus caroliniana,True,T-veto2,0.000000,Smilax auriculata,True,Smilax auriculata,0.000000,False,False,,False
Prunus_caroliniana_0.jpg,Prunus caroliniana,True,T-veto3,0.000000,Smilax auriculata,True,Smilax auriculata,0.000000,False,False,,False
Prunus_caroliniana_0.jpg,Prunus caroliniana,True,T-veto5,0.000000,Smilax auriculata,True,Smilax auriculata,0.000000,False,False,,False
Prunus_caroliniana_0.jpg,Prunus caroliniana,True,W,0.000000,Smilax laurifolia,False,Smilax auriculata,0.040775,False,False,,False
Prunus_caroliniana_0.jpg,Prunus caroliniana,True,C-m*raw,0.047722,Gelsemium sempervirens,True,Gelsemium sempervirens,0.000000,False,False,,False
Prunus_caroliniana_0.jpg,Prunus caroliniana,True,C-m*hazard,0.047722,Gelsemium sempervirens,True,Gelsemium sempervirens,0.000000,False,False,,False
Prunus_caroliniana_1.jpg,Prunus caroliniana,True,A,0.000000,Magnolia grandiflora,False,,inf,False,True,Magnolia grandiflora,False
Prunus_caroliniana_1.jpg,Prunus caroliniana,True,B,0.000000,Magnolia grandiflora,False,Nandina domestica,0.051528,False,True,Magnolia grandiflora,False
Prunus_caroliniana_1.jpg,Prunus caroliniana,True,C,0.000000,Prunus caroliniana,True,Prunus caroliniana,0.000000,False,False,,False
Prunus_caroliniana_1.jpg,Prunus caroliniana,True,C-veto2,0.000000,Prunus caroliniana,True,Prunus caroliniana,0.000000,False,False,,False
Prunus_caroliniana_1.jpg,Prunus caroliniana,True,C-veto3,0.000000,Prunus caroliniana,True,Prunus caroliniana,0.000000,False,False,,False
Prunus_caroliniana_1.jpg,Prunus caroliniana,True,C-veto5,0.000000,Prunus caroliniana,True,Prunus caroliniana,0.000000,False,False,,False
Prunus_caroliniana_1.jpg,Prunus caroliniana,True,C-m0.01,0.010000,Prunus caroliniana,True,Prunus caroliniana,0.000000,False,False,,False
Prunus_caroliniana_1.jpg,Prunus caroliniana,True,C-m0.02,0.020000,Prunus caroliniana,True,Prunus caroliniana,0.000000,False,False,,False
Prunus_caroliniana_1.jpg,Prunus caroliniana,True,C-m0.03,0.030000,Prunus caroliniana,True,Prunus caroliniana,0.000000,False,False,,False
Prunus_caroliniana_1.jpg,Prunus caroliniana,True,C-m0.04,0.040000,Prunus caroliniana,True,Prunus caroliniana,0.000000,False,False,,False
Prunus_caroliniana_1.jpg,Prunus caroliniana,True,C-m0.05,0.050000,Prunus caroliniana,True,Prunus caroliniana,0.000000,False,False,,False
Prunus_caroliniana_1.jpg,Prunus caroliniana,True,C-m0.06,0.060000,Prunus caroliniana,True,Prunus caroliniana,0.000000,False,False,,False
Prunus_caroliniana_1.jpg,Prunus caroliniana,True,C-m0.08,0.080000,Prunus caroliniana,True,Prunus caroliniana,0.000000,False,False,,False
Prunus_caroliniana_1.jpg,Prunus caroliniana,True,C-m0.10,0.100000,Prunus caroliniana,True,Prunus caroliniana,0.000000,False,False,,False
Prunus_caroliniana_1.jpg,Prunus caroliniana,True,T,0.000000,Prunus caroliniana,True,Prunus caroliniana,0.000000,False,False,,False
Prunus_caroliniana_1.jpg,Prunus caroliniana,True,T-veto2,0.000000,Prunus caroliniana,True,Prunus caroliniana,0.000000,False,False,,False
Prunus_caroliniana_1.jpg,Prunus caroliniana,True,T-veto3,0.000000,Prunus caroliniana,True,Prunus caroliniana,0.000000,False,False,,False
Prunus_caroliniana_1.jpg,Prunus caroliniana,True,T-veto5,0.000000,Prunus caroliniana,True,Prunus caroliniana,0.000000,False,False,,False
Prunus_caroliniana_1.jpg,Prunus caroliniana,True,W,0.000000,Prunus caroliniana,True,Prunus caroliniana,0.000000,False,False,,False
Prunus_caroliniana_1.jpg,Prunus caroliniana,True,C-m*raw,0.047722,Prunus caroliniana,True,Prunus caroliniana,0.000000,False,False,,False
Prunus_caroliniana_1.jpg,Prunus caroliniana,True,C-m*hazard,0.047722,Prunus caroliniana,True,Prunus caroliniana,0.000000,False,False,,False
Prunus_caroliniana_2.jpg,Prunus caroliniana,True,A,0.000000,Diospyros virginiana,False,,inf,False,True,Diospyros virginiana,False
Prunus_caroliniana_2.jpg,Prunus caroliniana,True,B,0.000000,Ligustrum sinense,True,Ligustrum sinense,0.000000,False,False,,False
Prunus_caroliniana_2.jpg,Prunus caroliniana,True,C,0.000000,Prunus caroliniana,True,Prunus caroliniana,0.000000,False,False,,False
Prunus_caroliniana_2.jpg,Prunus caroliniana,True,C-veto2,0.000000,Prunus caroliniana,True,Prunus caroliniana,0.000000,False,False,,False
Prunus_caroliniana_2.jpg,Prunus caroliniana,True,C-veto3,0.000000,Prunus caroliniana,True,Prunus caroliniana,0.000000,False,False,,False
Prunus_caroliniana_2.jpg,Prunus caroliniana,True,C-veto5,0.000000,Prunus caroliniana,True,Prunus caroliniana,0.000000,False,False,,False
Prunus_caroliniana_2.jpg,Prunus caroliniana,True,C-m0.01,0.010000,Prunus caroliniana,True,Prunus caroliniana,0.000000,False,False,,False
Prunus_caroliniana_2.jpg,Prunus caroliniana,True,C-m0.02,0.020000,Prunus caroliniana,True,Prunus caroliniana,0.000000,False,False,,False
Prunus_caroliniana_2.jpg,Prunus caroliniana,True,C-m0.03,0.030000,Prunus caroliniana,True,Prunus caroliniana,0.000000,False,False,,False
Prunus_caroliniana_2.jpg,Prunus caroliniana,True,C-m0.04,0.040000,Prunus caroliniana,True,Prunus caroliniana,0.000000,False,False,,False
Prunus_caroliniana_2.jpg,Prunus caroliniana,True,C-m0.05,0.050000,Prunus caroliniana,True,Prunus caroliniana,0.000000,False,False,,False
Prunus_caroliniana_2.jpg,Prunus caroliniana,True,C-m0.06,0.060000,Prunus caroliniana,True,Prunus caroliniana,0.000000,False,False,,False
Prunus_caroliniana_2.jpg,Prunus caroliniana,True,C-m0.08,0.080000,Prunus caroliniana,True,Prunus caroliniana,0.000000,False,False,,False
Prunus_caroliniana_2.jpg,Prunus caroliniana,True,C-m0.10,0.100000,Prunus caroliniana,True,Prunus caroliniana,0.000000,False,False,,False
Prunus_caroliniana_2.jpg,Prunus caroliniana,True,T,0.000000,Prunus caroliniana,True,Prunus caroliniana,0.000000,False,False,,False
Prunus_caroliniana_2.jpg,Prunus caroliniana,True,T-veto2,0.000000,Prunus caroliniana,True,Prunus caroliniana,0.000000,False,False,,False
Prunus_caroliniana_2.jpg,Prunus caroliniana,True,T-veto3,0.000000,Prunus caroliniana,True,Prunus caroliniana,0.000000,False,False,,False
Prunus_caroliniana_2.jpg,Prunus caroliniana,True,T-veto5,0.000000,Prunus caroliniana,True,Prunus caroliniana,0.000000,False,False,,False
Prunus_caroliniana_2.jpg,Prunus caroliniana,True,W,0.000000,Prunus caroliniana,True,Prunus caroliniana,0.000000,False,False,,False
Prunus_caroliniana_2.jpg,Prunus caroliniana,True,C-m*raw,0.047722,Prunus caroliniana,True,Prunus caroliniana,0.000000,False,False,,False
Prunus_caroliniana_2.jpg,Prunus caroliniana,True,C-m*hazard,0.047722,Prunus caroliniana,True,Prunus caroliniana,0.000000,False,False,,False
Senna_obtusifolia_0.jpg,Senna obtusifolia,True,A,0.000000,Phyllanthus urinaria,False,,inf,False,True,Phyllanthus urinaria,False
Senna_obtusifolia_0.jpg,Senna obtusifolia,True,B,0.000000,Phyllanthus urinaria,False,Asimina triloba,0.093385,False,True,Phyllanthus urinaria,False
Senna_obtusifolia_0.jpg,Senna obtusifolia,True,C,0.000000,Senna obtusifolia,True,Senna obtusifolia,0.000000,False,False,,False
Senna_obtusifolia_0.jpg,Senna obtusifolia,True,C-veto2,0.000000,Senna obtusifolia,True,Senna obtusifolia,0.000000,False,False,,False
Senna_obtusifolia_0.jpg,Senna obtusifolia,True,C-veto3,0.000000,Senna obtusifolia,True,Senna obtusifolia,0.000000,False,False,,False
Senna_obtusifolia_0.jpg,Senna obtusifolia,True,C-veto5,0.000000,Senna obtusifolia,True,Senna obtusifolia,0.000000,False,False,,False
Senna_obtusifolia_0.jpg,Senna obtusifolia,True,C-m0.01,0.010000,Senna obtusifolia,True,Senna obtusifolia,0.000000,False,False,,False
Senna_obtusifolia_0.jpg,Senna obtusifolia,True,C-m0.02,0.020000,Senna obtusifolia,True,Senna obtusifolia,0.000000,False,False,,False
Senna_obtusifolia_0.jpg,Senna obtusifolia,True,C-m0.03,0.030000,Senna obtusifolia,True,Senna obtusifolia,0.000000,False,False,,False
Senna_obtusifolia_0.jpg,Senna obtusifolia,True,C-m0.04,0.040000,Senna obtusifolia,True,Senna obtusifolia,0.000000,False,False,,False
Senna_obtusifolia_0.jpg,Senna obtusifolia,True,C-m0.05,0.050000,Senna obtusifolia,True,Senna obtusifolia,0.000000,False,False,,False
Senna_obtusifolia_0.jpg,Senna obtusifolia,True,C-m0.06,0.060000,Senna obtusifolia,True,Senna obtusifolia,0.000000,False,False,,False
Senna_obtusifolia_0.jpg,Senna obtusifolia,True,C-m0.08,0.080000,Senna obtusifolia,True,Senna obtusifolia,0.000000,False,False,,False
Senna_obtusifolia_0.jpg,Senna obtusifolia,True,C-m0.10,0.100000,Senna obtusifolia,True,Senna obtusifolia,0.000000,False,False,,False
Senna_obtusifolia_0.jpg,Senna obtusifolia,True,T,0.000000,Senna obtusifolia,True,Senna obtusifolia,0.000000,False,False,,False
Senna_obtusifolia_0.jpg,Senna obtusifolia,True,T-veto2,0.000000,Senna obtusifolia,True,Senna obtusifolia,0.000000,False,False,,False
Senna_obtusifolia_0.jpg,Senna obtusifolia,True,T-veto3,0.000000,Senna obtusifolia,True,Senna obtusifolia,0.000000,False,False,,False
Senna_obtusifolia_0.jpg,Senna obtusifolia,True,T-veto5,0.000000,Senna obtusifolia,True,Senna obtusifolia,0.000000,False,False,,False
Senna_obtusifolia_0.jpg,Senna obtusifolia,True,W,0.000000,Senna obtusifolia,True,Senna obtusifolia,0.000000,False,False,,False
Senna_obtusifolia_0.jpg,Senna obtusifolia,True,C-m*raw,0.047722,Senna obtusifolia,True,Senna obtusifolia,0.000000,False,False,,False
Senna_obtusifolia_0.jpg,Senna obtusifolia,True,C-m*hazard,0.047722,Senna obtusifolia,True,Senna obtusifolia,0.000000,False,False,,False
Senna_obtusifolia_1.jpg,Senna obtusifolia,True,A,0.000000,Phyllanthus urinaria,False,,inf,False,True,Phyllanthus urinaria,False
Senna_obtusifolia_1.jpg,Senna obtusifolia,True,B,0.000000,Phyllanthus urinaria,False,Ligustrum sinense,0.091705,False,True,Phyllanthus urinaria,False
Senna_obtusifolia_1.jpg,Senna obtusifolia,True,C,0.000000,Catharanthus roseus,True,Catharanthus roseus,0.000000,False,False,,False
Senna_obtusifolia_1.jpg,Senna obtusifolia,True,C-veto2,0.000000,Catharanthus roseus,True,Catharanthus roseus,0.000000,False,False,,False
Senna_obtusifolia_1.jpg,Senna obtusifolia,True,C-veto3,0.000000,Catharanthus roseus,True,Catharanthus roseus,0.000000,False,False,,False
Senna_obtusifolia_1.jpg,Senna obtusifolia,True,C-veto5,0.000000,Catharanthus roseus,True,Catharanthus roseus,0.000000,False,False,,False
Senna_obtusifolia_1.jpg,Senna obtusifolia,True,C-m0.01,0.010000,Catharanthus roseus,True,Catharanthus roseus,0.000000,False,False,,False
Senna_obtusifolia_1.jpg,Senna obtusifolia,True,C-m0.02,0.020000,Catharanthus roseus,True,Catharanthus roseus,0.000000,False,False,,False
Senna_obtusifolia_1.jpg,Senna obtusifolia,True,C-m0.03,0.030000,Catharanthus roseus,True,Catharanthus roseus,0.000000,False,False,,False
Senna_obtusifolia_1.jpg,Senna obtusifolia,True,C-m0.04,0.040000,Catharanthus roseus,True,Catharanthus roseus,0.000000,False,False,,False
Senna_obtusifolia_1.jpg,Senna obtusifolia,True,C-m0.05,0.050000,Catharanthus roseus,True,Catharanthus roseus,0.000000,False,False,,False
Senna_obtusifolia_1.jpg,Senna obtusifolia,True,C-m0.06,0.060000,Catharanthus roseus,True,Catharanthus roseus,0.000000,False,False,,False
Senna_obtusifolia_1.jpg,Senna obtusifolia,True,C-m0.08,0.080000,Catharanthus roseus,True,Catharanthus roseus,0.000000,False,False,,False
Senna_obtusifolia_1.jpg,Senna obtusifolia,True,C-m0.10,0.100000,Catharanthus roseus,True,Catharanthus roseus,0.000000,False,False,,False
Senna_obtusifolia_1.jpg,Senna obtusifolia,True,T,0.000000,Canavalia rosea,True,Canavalia rosea,0.000000,False,False,,False
Senna_obtusifolia_1.jpg,Senna obtusifolia,True,T-veto2,0.000000,Canavalia rosea,True,Canavalia rosea,0.000000,False,False,,False
Senna_obtusifolia_1.jpg,Senna obtusifolia,True,T-veto3,0.000000,Canavalia rosea,True,Canavalia rosea,0.000000,False,False,,False
Senna_obtusifolia_1.jpg,Senna obtusifolia,True,T-veto5,0.000000,Canavalia rosea,True,Canavalia rosea,0.000000,False,False,,False
Senna_obtusifolia_1.jpg,Senna obtusifolia,True,W,0.000000,Scaevola plumieri,False,Canavalia rosea,0.027816,False,False,,False
Senna_obtusifolia_1.jpg,Senna obtusifolia,True,C-m*raw,0.047722,Catharanthus roseus,True,Catharanthus roseus,0.000000,False,False,,False
Senna_obtusifolia_1.jpg,Senna obtusifolia,True,C-m*hazard,0.047722,Catharanthus roseus,True,Catharanthus roseus,0.000000,False,False,,False
Senna_obtusifolia_2.jpg,Senna obtusifolia,True,A,0.000000,Phyllanthus urinaria,False,,inf,False,True,Phyllanthus urinaria,False
Senna_obtusifolia_2.jpg,Senna obtusifolia,True,B,0.000000,Phyllanthus urinaria,False,Solanum carolinense,0.105216,False,True,Phyllanthus urinaria,False
Senna_obtusifolia_2.jpg,Senna obtusifolia,True,C,0.000000,Senna obtusifolia,True,Senna obtusifolia,0.000000,False,False,,False
Senna_obtusifolia_2.jpg,Senna obtusifolia,True,C-veto2,0.000000,Senna obtusifolia,True,Senna obtusifolia,0.000000,False,False,,False
Senna_obtusifolia_2.jpg,Senna obtusifolia,True,C-veto3,0.000000,Senna obtusifolia,True,Senna obtusifolia,0.000000,False,False,,False
Senna_obtusifolia_2.jpg,Senna obtusifolia,True,C-veto5,0.000000,Senna obtusifolia,True,Senna obtusifolia,0.000000,False,False,,False
Senna_obtusifolia_2.jpg,Senna obtusifolia,True,C-m0.01,0.010000,Senna obtusifolia,True,Senna obtusifolia,0.000000,False,False,,False
Senna_obtusifolia_2.jpg,Senna obtusifolia,True,C-m0.02,0.020000,Senna obtusifolia,True,Senna obtusifolia,0.000000,False,False,,False
Senna_obtusifolia_2.jpg,Senna obtusifolia,True,C-m0.03,0.030000,Senna obtusifolia,True,Senna obtusifolia,0.000000,False,False,,False
Senna_obtusifolia_2.jpg,Senna obtusifolia,True,C-m0.04,0.040000,Senna obtusifolia,True,Senna obtusifolia,0.000000,False,False,,False
Senna_obtusifolia_2.jpg,Senna obtusifolia,True,C-m0.05,0.050000,Senna obtusifolia,True,Senna obtusifolia,0.000000,False,False,,False
Senna_obtusifolia_2.jpg,Senna obtusifolia,True,C-m0.06,0.060000,Senna obtusifolia,True,Senna obtusifolia,0.000000,False,False,,False
Senna_obtusifolia_2.jpg,Senna obtusifolia,True,C-m0.08,0.080000,Senna obtusifolia,True,Senna obtusifolia,0.000000,False,False,,False
Senna_obtusifolia_2.jpg,Senna obtusifolia,True,C-m0.10,0.100000,Senna obtusifolia,True,Senna obtusifolia,0.000000,False,False,,False
Senna_obtusifolia_2.jpg,Senna obtusifolia,True,T,0.000000,Senna obtusifolia,True,Senna obtusifolia,0.000000,False,False,,False
Senna_obtusifolia_2.jpg,Senna obtusifolia,True,T-veto2,0.000000,Senna obtusifolia,True,Senna obtusifolia,0.000000,False,False,,False
Senna_obtusifolia_2.jpg,Senna obtusifolia,True,T-veto3,0.000000,Senna obtusifolia,True,Senna obtusifolia,0.000000,False,False,,False
Senna_obtusifolia_2.jpg,Senna obtusifolia,True,T-veto5,0.000000,Senna obtusifolia,True,Senna obtusifolia,0.000000,False,False,,False
Senna_obtusifolia_2.jpg,Senna obtusifolia,True,W,0.000000,Senna obtusifolia,True,Senna obtusifolia,0.000000,False,False,,False
Senna_obtusifolia_2.jpg,Senna obtusifolia,True,C-m*raw,0.047722,Senna obtusifolia,True,Senna obtusifolia,0.000000,False,False,,False
Senna_obtusifolia_2.jpg,Senna obtusifolia,True,C-m*hazard,0.047722,Senna obtusifolia,True,Senna obtusifolia,0.000000,False,False,,False
Baccharis_halimifolia_0.jpg,Baccharis halimifolia,True,A,0.000000,Quercus nigra,False,,inf,False,True,Quercus nigra,False
Baccharis_halimifolia_0.jpg,Baccharis halimifolia,True,B,0.000000,Ligustrum sinense,True,Ligustrum sinense,0.000000,False,False,,False
Baccharis_halimifolia_0.jpg,Baccharis halimifolia,True,C,0.000000,Baccharis halimifolia,True,Baccharis halimifolia,0.000000,False,False,,False
Baccharis_halimifolia_0.jpg,Baccharis halimifolia,True,C-veto2,0.000000,Baccharis halimifolia,True,Baccharis halimifolia,0.000000,False,False,,False
Baccharis_halimifolia_0.jpg,Baccharis halimifolia,True,C-veto3,0.000000,Baccharis halimifolia,True,Baccharis halimifolia,0.000000,False,False,,False
Baccharis_halimifolia_0.jpg,Baccharis halimifolia,True,C-veto5,0.000000,Baccharis halimifolia,True,Baccharis halimifolia,0.000000,False,False,,False
Baccharis_halimifolia_0.jpg,Baccharis halimifolia,True,C-m0.01,0.010000,Baccharis halimifolia,True,Baccharis halimifolia,0.000000,False,False,,False
Baccharis_halimifolia_0.jpg,Baccharis halimifolia,True,C-m0.02,0.020000,Baccharis halimifolia,True,Baccharis halimifolia,0.000000,False,False,,False
Baccharis_halimifolia_0.jpg,Baccharis halimifolia,True,C-m0.03,0.030000,Baccharis halimifolia,True,Baccharis halimifolia,0.000000,False,False,,False
Baccharis_halimifolia_0.jpg,Baccharis halimifolia,True,C-m0.04,0.040000,Baccharis halimifolia,True,Baccharis halimifolia,0.000000,False,False,,False
Baccharis_halimifolia_0.jpg,Baccharis halimifolia,True,C-m0.05,0.050000,Baccharis halimifolia,True,Baccharis halimifolia,0.000000,False,False,,False
Baccharis_halimifolia_0.jpg,Baccharis halimifolia,True,C-m0.06,0.060000,Baccharis halimifolia,True,Baccharis halimifolia,0.000000,False,False,,False
Baccharis_halimifolia_0.jpg,Baccharis halimifolia,True,C-m0.08,0.080000,Baccharis halimifolia,True,Baccharis halimifolia,0.000000,False,False,,False
Baccharis_halimifolia_0.jpg,Baccharis halimifolia,True,C-m0.10,0.100000,Baccharis halimifolia,True,Baccharis halimifolia,0.000000,False,False,,False
Baccharis_halimifolia_0.jpg,Baccharis halimifolia,True,T,0.000000,Baccharis halimifolia,True,Baccharis halimifolia,0.000000,False,False,,False
Baccharis_halimifolia_0.jpg,Baccharis halimifolia,True,T-veto2,0.000000,Baccharis halimifolia,True,Baccharis halimifolia,0.000000,False,False,,False
Baccharis_halimifolia_0.jpg,Baccharis halimifolia,True,T-veto3,0.000000,Baccharis halimifolia,True,Baccharis halimifolia,0.000000,False,False,,False
Baccharis_halimifolia_0.jpg,Baccharis halimifolia,True,T-veto5,0.000000,Baccharis halimifolia,True,Baccharis halimifolia,0.000000,False,False,,False
Baccharis_halimifolia_0.jpg,Baccharis halimifolia,True,W,0.000000,Baccharis halimifolia,True,Baccharis halimifolia,0.000000,False,False,,False
Baccharis_halimifolia_0.jpg,Baccharis halimifolia,True,C-m*raw,0.047722,Baccharis halimifolia,True,Baccharis halimifolia,0.000000,False,False,,False
Baccharis_halimifolia_0.jpg,Baccharis halimifolia,True,C-m*hazard,0.047722,Baccharis halimifolia,True,Baccharis halimifolia,0.000000,False,False,,False
Baccharis_halimifolia_1.jpg,Baccharis halimifolia,True,A,0.000000,Erechtites hieraciifolius,False,,inf,False,True,Erechtites hieraciifolius,False
Baccharis_halimifolia_1.jpg,Baccharis halimifolia,True,B,0.000000,Eupatorium serotinum,True,Eupatorium serotinum,0.000000,False,False,,False
Baccharis_halimifolia_1.jpg,Baccharis halimifolia,True,C,0.000000,Smilax tamnoides,True,Smilax tamnoides,0.000000,False,False,,False
Baccharis_halimifolia_1.jpg,Baccharis halimifolia,True,C-veto2,0.000000,Smilax tamnoides,True,Smilax tamnoides,0.000000,False,False,,False
Baccharis_halimifolia_1.jpg,Baccharis halimifolia,True,C-veto3,0.000000,Smilax tamnoides,True,Smilax tamnoides,0.000000,False,False,,False
Baccharis_halimifolia_1.jpg,Baccharis halimifolia,True,C-veto5,0.000000,Smilax tamnoides,True,Smilax tamnoides,0.000000,False,False,,False
Baccharis_halimifolia_1.jpg,Baccharis halimifolia,True,C-m0.01,0.010000,Smilax tamnoides,True,Smilax tamnoides,0.000000,False,False,,False
Baccharis_halimifolia_1.jpg,Baccharis halimifolia,True,C-m0.02,0.020000,Smilax tamnoides,True,Smilax tamnoides,0.000000,False,False,,False
Baccharis_halimifolia_1.jpg,Baccharis halimifolia,True,C-m0.03,0.030000,Smilax tamnoides,True,Smilax tamnoides,0.000000,False,False,,False
Baccharis_halimifolia_1.jpg,Baccharis halimifolia,True,C-m0.04,0.040000,Smilax tamnoides,True,Smilax tamnoides,0.000000,False,False,,False
Baccharis_halimifolia_1.jpg,Baccharis halimifolia,True,C-m0.05,0.050000,Smilax tamnoides,True,Smilax tamnoides,0.000000,False,False,,False
Baccharis_halimifolia_1.jpg,Baccharis halimifolia,True,C-m0.06,0.060000,Smilax tamnoides,True,Smilax tamnoides,0.000000,False,False,,False
Baccharis_halimifolia_1.jpg,Baccharis halimifolia,True,C-m0.08,0.080000,Smilax tamnoides,True,Smilax tamnoides,0.000000,False,False,,False
Baccharis_halimifolia_1.jpg,Baccharis halimifolia,True,C-m0.10,0.100000,Smilax tamnoides,True,Smilax tamnoides,0.000000,False,False,,False
Baccharis_halimifolia_1.jpg,Baccharis halimifolia,True,T,0.000000,Clematis ligusticifolia,True,Clematis ligusticifolia,0.000000,False,False,,False
Baccharis_halimifolia_1.jpg,Baccharis halimifolia,True,T-veto2,0.000000,Clematis ligusticifolia,True,Clematis ligusticifolia,0.000000,False,False,,False
Baccharis_halimifolia_1.jpg,Baccharis halimifolia,True,T-veto3,0.000000,Clematis ligusticifolia,True,Clematis ligusticifolia,0.000000,False,False,,False
Baccharis_halimifolia_1.jpg,Baccharis halimifolia,True,T-veto5,0.000000,Clematis ligusticifolia,True,Clematis ligusticifolia,0.000000,False,False,,False
Baccharis_halimifolia_1.jpg,Baccharis halimifolia,True,W,0.000000,Clematis ligusticifolia,True,Clematis ligusticifolia,0.000000,False,False,,False
Baccharis_halimifolia_1.jpg,Baccharis halimifolia,True,C-m*raw,0.047722,Smilax tamnoides,True,Smilax tamnoides,0.000000,False,False,,False
Baccharis_halimifolia_1.jpg,Baccharis halimifolia,True,C-m*hazard,0.047722,Smilax tamnoides,True,Smilax tamnoides,0.000000,False,False,,False
Baccharis_halimifolia_2.jpg,Baccharis halimifolia,True,A,0.000000,Rhus copallinum,False,,inf,False,True,Rhus copallinum,False
Baccharis_halimifolia_2.jpg,Baccharis halimifolia,True,B,0.000000,Ligustrum sinense,True,Ligustrum sinense,0.000000,False,False,,False
Baccharis_halimifolia_2.jpg,Baccharis halimifolia,True,C,0.000000,Baccharis halimifolia,True,Baccharis halimifolia,0.000000,False,False,,False
Baccharis_halimifolia_2.jpg,Baccharis halimifolia,True,C-veto2,0.000000,Baccharis halimifolia,True,Baccharis halimifolia,0.000000,False,False,,False
Baccharis_halimifolia_2.jpg,Baccharis halimifolia,True,C-veto3,0.000000,Baccharis halimifolia,True,Baccharis halimifolia,0.000000,False,False,,False
Baccharis_halimifolia_2.jpg,Baccharis halimifolia,True,C-veto5,0.000000,Baccharis halimifolia,True,Baccharis halimifolia,0.000000,False,False,,False
Baccharis_halimifolia_2.jpg,Baccharis halimifolia,True,C-m0.01,0.010000,Baccharis halimifolia,True,Baccharis halimifolia,0.000000,False,False,,False
Baccharis_halimifolia_2.jpg,Baccharis halimifolia,True,C-m0.02,0.020000,Baccharis halimifolia,True,Baccharis halimifolia,0.000000,False,False,,False
Baccharis_halimifolia_2.jpg,Baccharis halimifolia,True,C-m0.03,0.030000,Baccharis halimifolia,True,Baccharis halimifolia,0.000000,False,False,,False
Baccharis_halimifolia_2.jpg,Baccharis halimifolia,True,C-m0.04,0.040000,Baccharis halimifolia,True,Baccharis halimifolia,0.000000,False,False,,False
Baccharis_halimifolia_2.jpg,Baccharis halimifolia,True,C-m0.05,0.050000,Baccharis halimifolia,True,Baccharis halimifolia,0.000000,False,False,,False
Baccharis_halimifolia_2.jpg,Baccharis halimifolia,True,C-m0.06,0.060000,Baccharis halimifolia,True,Baccharis halimifolia,0.000000,False,False,,False
Baccharis_halimifolia_2.jpg,Baccharis halimifolia,True,C-m0.08,0.080000,Baccharis halimifolia,True,Baccharis halimifolia,0.000000,False,False,,False
Baccharis_halimifolia_2.jpg,Baccharis halimifolia,True,C-m0.10,0.100000,Baccharis halimifolia,True,Baccharis halimifolia,0.000000,False,False,,False
Baccharis_halimifolia_2.jpg,Baccharis halimifolia,True,T,0.000000,Eruca vesicaria,True,Eruca vesicaria,0.000000,False,False,,False
Baccharis_halimifolia_2.jpg,Baccharis halimifolia,True,T-veto2,0.000000,Eruca vesicaria,True,Eruca vesicaria,0.000000,False,False,,False
Baccharis_halimifolia_2.jpg,Baccharis halimifolia,True,T-veto3,0.000000,Eruca vesicaria,True,Eruca vesicaria,0.000000,False,False,,False
Baccharis_halimifolia_2.jpg,Baccharis halimifolia,True,T-veto5,0.000000,Eruca vesicaria,True,Eruca vesicaria,0.000000,False,False,,False
Baccharis_halimifolia_2.jpg,Baccharis halimifolia,True,W,0.000000,Eruca vesicaria,True,Eruca vesicaria,0.000000,False,False,,False
Baccharis_halimifolia_2.jpg,Baccharis halimifolia,True,C-m*raw,0.047722,Baccharis halimifolia,True,Baccharis halimifolia,0.000000,False,False,,False
Baccharis_halimifolia_2.jpg,Baccharis halimifolia,True,C-m*hazard,0.047722,Baccharis halimifolia,True,Baccharis halimifolia,0.000000,False,False,,False
Lobelia_puberula_0.jpg,Lobelia puberula,True,A,0.000000,Conoclinium coelestinum,False,,inf,False,True,Conoclinium coelestinum,False
Lobelia_puberula_0.jpg,Lobelia puberula,True,B,0.000000,Conoclinium coelestinum,False,Solanum carolinense,0.033999,False,True,Conoclinium coelestinum,False
Lobelia_puberula_0.jpg,Lobelia puberula,True,C,0.000000,Lobelia puberula,True,Lobelia puberula,0.000000,False,False,,False
Lobelia_puberula_0.jpg,Lobelia puberula,True,C-veto2,0.000000,Lobelia puberula,True,Lobelia puberula,0.000000,False,False,,False
Lobelia_puberula_0.jpg,Lobelia puberula,True,C-veto3,0.000000,Lobelia puberula,True,Lobelia puberula,0.000000,False,False,,False
Lobelia_puberula_0.jpg,Lobelia puberula,True,C-veto5,0.000000,Lobelia puberula,True,Lobelia puberula,0.000000,False,False,,False
Lobelia_puberula_0.jpg,Lobelia puberula,True,C-m0.01,0.010000,Lobelia puberula,True,Lobelia puberula,0.000000,False,False,,False
Lobelia_puberula_0.jpg,Lobelia puberula,True,C-m0.02,0.020000,Lobelia puberula,True,Lobelia puberula,0.000000,False,False,,False
Lobelia_puberula_0.jpg,Lobelia puberula,True,C-m0.03,0.030000,Lobelia puberula,True,Lobelia puberula,0.000000,False,False,,False
Lobelia_puberula_0.jpg,Lobelia puberula,True,C-m0.04,0.040000,Lobelia puberula,True,Lobelia puberula,0.000000,False,False,,False
Lobelia_puberula_0.jpg,Lobelia puberula,True,C-m0.05,0.050000,Lobelia puberula,True,Lobelia puberula,0.000000,False,False,,False
Lobelia_puberula_0.jpg,Lobelia puberula,True,C-m0.06,0.060000,Lobelia puberula,True,Lobelia puberula,0.000000,False,False,,False
Lobelia_puberula_0.jpg,Lobelia puberula,True,C-m0.08,0.080000,Lobelia puberula,True,Lobelia puberula,0.000000,False,False,,False
Lobelia_puberula_0.jpg,Lobelia puberula,True,C-m0.10,0.100000,Lobelia puberula,True,Lobelia puberula,0.000000,False,False,,False
Lobelia_puberula_0.jpg,Lobelia puberula,True,T,0.000000,Salvia texana,True,Salvia texana,0.000000,False,False,,False
Lobelia_puberula_0.jpg,Lobelia puberula,True,T-veto2,0.000000,Salvia texana,True,Salvia texana,0.000000,False,False,,False
Lobelia_puberula_0.jpg,Lobelia puberula,True,T-veto3,0.000000,Salvia texana,True,Salvia texana,0.000000,False,False,,False
Lobelia_puberula_0.jpg,Lobelia puberula,True,T-veto5,0.000000,Salvia texana,True,Salvia texana,0.000000,False,False,,False
Lobelia_puberula_0.jpg,Lobelia puberula,True,W,0.000000,Salvia texana,True,Salvia texana,0.000000,False,False,,False
Lobelia_puberula_0.jpg,Lobelia puberula,True,C-m*raw,0.047722,Lobelia puberula,True,Lobelia puberula,0.000000,False,False,,False
Lobelia_puberula_0.jpg,Lobelia puberula,True,C-m*hazard,0.047722,Lobelia puberula,True,Lobelia puberula,0.000000,False,False,,False
Lobelia_puberula_1.jpg,Lobelia puberula,True,A,0.000000,Conoclinium coelestinum,False,,inf,False,True,Conoclinium coelestinum,False
Lobelia_puberula_1.jpg,Lobelia puberula,True,B,0.000000,Conoclinium coelestinum,False,Solanum carolinense,0.022731,False,True,Conoclinium coelestinum,False
Lobelia_puberula_1.jpg,Lobelia puberula,True,C,0.000000,Lobelia puberula,True,Lobelia puberula,0.000000,False,False,,False
Lobelia_puberula_1.jpg,Lobelia puberula,True,C-veto2,0.000000,Lobelia puberula,True,Lobelia puberula,0.000000,False,False,,False
Lobelia_puberula_1.jpg,Lobelia puberula,True,C-veto3,0.000000,Lobelia puberula,True,Lobelia puberula,0.000000,False,False,,False
Lobelia_puberula_1.jpg,Lobelia puberula,True,C-veto5,0.000000,Lobelia puberula,True,Lobelia puberula,0.000000,False,False,,False
Lobelia_puberula_1.jpg,Lobelia puberula,True,C-m0.01,0.010000,Lobelia puberula,True,Lobelia puberula,0.000000,False,False,,False
Lobelia_puberula_1.jpg,Lobelia puberula,True,C-m0.02,0.020000,Lobelia puberula,True,Lobelia puberula,0.000000,False,False,,False
Lobelia_puberula_1.jpg,Lobelia puberula,True,C-m0.03,0.030000,Lobelia puberula,True,Lobelia puberula,0.000000,False,False,,False
Lobelia_puberula_1.jpg,Lobelia puberula,True,C-m0.04,0.040000,Lobelia puberula,True,Lobelia puberula,0.000000,False,False,,False
Lobelia_puberula_1.jpg,Lobelia puberula,True,C-m0.05,0.050000,Lobelia puberula,True,Lobelia puberula,0.000000,False,False,,False
Lobelia_puberula_1.jpg,Lobelia puberula,True,C-m0.06,0.060000,Lobelia puberula,True,Lobelia puberula,0.000000,False,False,,False
Lobelia_puberula_1.jpg,Lobelia puberula,True,C-m0.08,0.080000,Lobelia puberula,True,Lobelia puberula,0.000000,False,False,,False
Lobelia_puberula_1.jpg,Lobelia puberula,True,C-m0.10,0.100000,Lobelia puberula,True,Lobelia puberula,0.000000,False,False,,False
Lobelia_puberula_1.jpg,Lobelia puberula,True,T,0.000000,Lobelia puberula,True,Lobelia puberula,0.000000,False,False,,False
Lobelia_puberula_1.jpg,Lobelia puberula,True,T-veto2,0.000000,Lobelia puberula,True,Lobelia puberula,0.000000,False,False,,False
Lobelia_puberula_1.jpg,Lobelia puberula,True,T-veto3,0.000000,Lobelia puberula,True,Lobelia puberula,0.000000,False,False,,False
Lobelia_puberula_1.jpg,Lobelia puberula,True,T-veto5,0.000000,Lobelia puberula,True,Lobelia puberula,0.000000,False,False,,False
Lobelia_puberula_1.jpg,Lobelia puberula,True,W,0.000000,Lobelia puberula,True,Lobelia puberula,0.000000,False,False,,False
Lobelia_puberula_1.jpg,Lobelia puberula,True,C-m*raw,0.047722,Lobelia puberula,True,Lobelia puberula,0.000000,False,False,,False
Lobelia_puberula_1.jpg,Lobelia puberula,True,C-m*hazard,0.047722,Lobelia puberula,True,Lobelia puberula,0.000000,False,False,,False
Lobelia_puberula_2.jpg,Lobelia puberula,True,A,0.000000,Conoclinium coelestinum,False,,inf,False,True,Conoclinium coelestinum,False
Lobelia_puberula_2.jpg,Lobelia puberula,True,B,0.000000,Conoclinium coelestinum,False,Solanum carolinense,0.038274,False,True,Conoclinium coelestinum,False
Lobelia_puberula_2.jpg,Lobelia puberula,True,C,0.000000,Lobelia puberula,True,Lobelia puberula,0.000000,False,False,,False
Lobelia_puberula_2.jpg,Lobelia puberula,True,C-veto2,0.000000,Lobelia puberula,True,Lobelia puberula,0.000000,False,False,,False
Lobelia_puberula_2.jpg,Lobelia puberula,True,C-veto3,0.000000,Lobelia puberula,True,Lobelia puberula,0.000000,False,False,,False
Lobelia_puberula_2.jpg,Lobelia puberula,True,C-veto5,0.000000,Lobelia puberula,True,Lobelia puberula,0.000000,False,False,,False
Lobelia_puberula_2.jpg,Lobelia puberula,True,C-m0.01,0.010000,Lobelia puberula,True,Lobelia puberula,0.000000,False,False,,False
Lobelia_puberula_2.jpg,Lobelia puberula,True,C-m0.02,0.020000,Lobelia puberula,True,Lobelia puberula,0.000000,False,False,,False
Lobelia_puberula_2.jpg,Lobelia puberula,True,C-m0.03,0.030000,Lobelia puberula,True,Lobelia puberula,0.000000,False,False,,False
Lobelia_puberula_2.jpg,Lobelia puberula,True,C-m0.04,0.040000,Lobelia puberula,True,Lobelia puberula,0.000000,False,False,,False
Lobelia_puberula_2.jpg,Lobelia puberula,True,C-m0.05,0.050000,Lobelia puberula,True,Lobelia puberula,0.000000,False,False,,False
Lobelia_puberula_2.jpg,Lobelia puberula,True,C-m0.06,0.060000,Lobelia puberula,True,Lobelia puberula,0.000000,False,False,,False
Lobelia_puberula_2.jpg,Lobelia puberula,True,C-m0.08,0.080000,Lobelia puberula,True,Lobelia puberula,0.000000,False,False,,False
Lobelia_puberula_2.jpg,Lobelia puberula,True,C-m0.10,0.100000,Lobelia puberula,True,Lobelia puberula,0.000000,False,False,,False
Lobelia_puberula_2.jpg,Lobelia puberula,True,T,0.000000,Lobelia puberula,True,Lobelia puberula,0.000000,False,False,,False
Lobelia_puberula_2.jpg,Lobelia puberula,True,T-veto2,0.000000,Lobelia puberula,True,Lobelia puberula,0.000000,False,False,,False
Lobelia_puberula_2.jpg,Lobelia puberula,True,T-veto3,0.000000,Lobelia puberula,True,Lobelia puberula,0.000000,False,False,,False
Lobelia_puberula_2.jpg,Lobelia puberula,True,T-veto5,0.000000,Lobelia puberula,True,Lobelia puberula,0.000000,False,False,,False
Lobelia_puberula_2.jpg,Lobelia puberula,True,W,0.000000,Lobelia puberula,True,Lobelia puberula,0.000000,False,False,,False
Lobelia_puberula_2.jpg,Lobelia puberula,True,C-m*raw,0.047722,Lobelia puberula,True,Lobelia puberula,0.000000,False,False,,False
Lobelia_puberula_2.jpg,Lobelia puberula,True,C-m*hazard,0.047722,Lobelia puberula,True,Lobelia puberula,0.000000,False,False,,False
Diodia_virginiana_0.jpg,Diodia virginiana,True,A,0.000000,Phyllanthus urinaria,False,,inf,False,True,Phyllanthus urinaria,False
Diodia_virginiana_0.jpg,Diodia virginiana,True,B,0.000000,Phyllanthus urinaria,False,Ligustrum sinense,0.079556,False,True,Phyllanthus urinaria,False
Diodia_virginiana_0.jpg,Diodia virginiana,True,C,0.000000,Diodia virginiana,True,Diodia virginiana,0.000000,False,False,,False
Diodia_virginiana_0.jpg,Diodia virginiana,True,C-veto2,0.000000,Diodia virginiana,True,Diodia virginiana,0.000000,False,False,,False
Diodia_virginiana_0.jpg,Diodia virginiana,True,C-veto3,0.000000,Diodia virginiana,True,Diodia virginiana,0.000000,False,False,,False
Diodia_virginiana_0.jpg,Diodia virginiana,True,C-veto5,0.000000,Diodia virginiana,True,Diodia virginiana,0.000000,False,False,,False
Diodia_virginiana_0.jpg,Diodia virginiana,True,C-m0.01,0.010000,Diodia virginiana,True,Diodia virginiana,0.000000,False,False,,False
Diodia_virginiana_0.jpg,Diodia virginiana,True,C-m0.02,0.020000,Diodia virginiana,True,Diodia virginiana,0.000000,False,False,,False
Diodia_virginiana_0.jpg,Diodia virginiana,True,C-m0.03,0.030000,Diodia virginiana,True,Diodia virginiana,0.000000,False,False,,False
Diodia_virginiana_0.jpg,Diodia virginiana,True,C-m0.04,0.040000,Diodia virginiana,True,Diodia virginiana,0.000000,False,False,,False
Diodia_virginiana_0.jpg,Diodia virginiana,True,C-m0.05,0.050000,Diodia virginiana,True,Diodia virginiana,0.000000,False,False,,False
Diodia_virginiana_0.jpg,Diodia virginiana,True,C-m0.06,0.060000,Diodia virginiana,True,Diodia virginiana,0.000000,False,False,,False
Diodia_virginiana_0.jpg,Diodia virginiana,True,C-m0.08,0.080000,Diodia virginiana,True,Diodia virginiana,0.000000,False,False,,False
Diodia_virginiana_0.jpg,Diodia virginiana,True,C-m0.10,0.100000,Diodia virginiana,True,Diodia virginiana,0.000000,False,False,,False
Diodia_virginiana_0.jpg,Diodia virginiana,True,T,0.000000,Diodia virginiana,True,Diodia virginiana,0.000000,False,False,,False
Diodia_virginiana_0.jpg,Diodia virginiana,True,T-veto2,0.000000,Diodia virginiana,True,Diodia virginiana,0.000000,False,False,,False
Diodia_virginiana_0.jpg,Diodia virginiana,True,T-veto3,0.000000,Diodia virginiana,True,Diodia virginiana,0.000000,False,False,,False
Diodia_virginiana_0.jpg,Diodia virginiana,True,T-veto5,0.000000,Diodia virginiana,True,Diodia virginiana,0.000000,False,False,,False
Diodia_virginiana_0.jpg,Diodia virginiana,True,W,0.000000,Diodia virginiana,True,Diodia virginiana,0.000000,False,False,,False
Diodia_virginiana_0.jpg,Diodia virginiana,True,C-m*raw,0.047722,Diodia virginiana,True,Diodia virginiana,0.000000,False,False,,False
Diodia_virginiana_0.jpg,Diodia virginiana,True,C-m*hazard,0.047722,Diodia virginiana,True,Diodia virginiana,0.000000,False,False,,False
Diodia_virginiana_1.jpg,Diodia virginiana,True,A,0.000000,Chimaphila maculata,False,,inf,False,True,Chimaphila maculata,False
Diodia_virginiana_1.jpg,Diodia virginiana,True,B,0.000000,Chimaphila maculata,False,Solanum carolinense,0.028916,False,True,Chimaphila maculata,False
Diodia_virginiana_1.jpg,Diodia virginiana,True,C,0.000000,Diodia virginiana,True,Diodia virginiana,0.000000,False,False,,False
Diodia_virginiana_1.jpg,Diodia virginiana,True,C-veto2,0.000000,Diodia virginiana,True,Diodia virginiana,0.000000,False,False,,False
Diodia_virginiana_1.jpg,Diodia virginiana,True,C-veto3,0.000000,Diodia virginiana,True,Diodia virginiana,0.000000,False,False,,False
Diodia_virginiana_1.jpg,Diodia virginiana,True,C-veto5,0.000000,Diodia virginiana,True,Diodia virginiana,0.000000,False,False,,False
Diodia_virginiana_1.jpg,Diodia virginiana,True,C-m0.01,0.010000,Diodia virginiana,True,Diodia virginiana,0.000000,False,False,,False
Diodia_virginiana_1.jpg,Diodia virginiana,True,C-m0.02,0.020000,Diodia virginiana,True,Diodia virginiana,0.000000,False,False,,False
Diodia_virginiana_1.jpg,Diodia virginiana,True,C-m0.03,0.030000,Diodia virginiana,True,Diodia virginiana,0.000000,False,False,,False
Diodia_virginiana_1.jpg,Diodia virginiana,True,C-m0.04,0.040000,Diodia virginiana,True,Diodia virginiana,0.000000,False,False,,False
Diodia_virginiana_1.jpg,Diodia virginiana,True,C-m0.05,0.050000,Diodia virginiana,True,Diodia virginiana,0.000000,False,False,,False
Diodia_virginiana_1.jpg,Diodia virginiana,True,C-m0.06,0.060000,Diodia virginiana,True,Diodia virginiana,0.000000,False,False,,False
Diodia_virginiana_1.jpg,Diodia virginiana,True,C-m0.08,0.080000,Diodia virginiana,True,Diodia virginiana,0.000000,False,False,,False
Diodia_virginiana_1.jpg,Diodia virginiana,True,C-m0.10,0.100000,Diodia virginiana,True,Diodia virginiana,0.000000,False,False,,False
Diodia_virginiana_1.jpg,Diodia virginiana,True,T,0.000000,Diodia virginiana,True,Diodia virginiana,0.000000,False,False,,False
Diodia_virginiana_1.jpg,Diodia virginiana,True,T-veto2,0.000000,Diodia virginiana,True,Diodia virginiana,0.000000,False,False,,False
Diodia_virginiana_1.jpg,Diodia virginiana,True,T-veto3,0.000000,Diodia virginiana,True,Diodia virginiana,0.000000,False,False,,False
Diodia_virginiana_1.jpg,Diodia virginiana,True,T-veto5,0.000000,Diodia virginiana,True,Diodia virginiana,0.000000,False,False,,False
Diodia_virginiana_1.jpg,Diodia virginiana,True,W,0.000000,Diodia virginiana,True,Diodia virginiana,0.000000,False,False,,False
Diodia_virginiana_1.jpg,Diodia virginiana,True,C-m*raw,0.047722,Diodia virginiana,True,Diodia virginiana,0.000000,False,False,,False
Diodia_virginiana_1.jpg,Diodia virginiana,True,C-m*hazard,0.047722,Diodia virginiana,True,Diodia virginiana,0.000000,False,False,,False
Diodia_virginiana_2.jpg,Diodia virginiana,True,A,0.000000,Chimaphila maculata,False,,inf,False,True,Chimaphila maculata,False
Diodia_virginiana_2.jpg,Diodia virginiana,True,B,0.000000,Solanum carolinense,True,Solanum carolinense,0.000000,False,False,,False
Diodia_virginiana_2.jpg,Diodia virginiana,True,C,0.000000,Diodia virginiana,True,Diodia virginiana,0.000000,False,False,,False
Diodia_virginiana_2.jpg,Diodia virginiana,True,C-veto2,0.000000,Diodia virginiana,True,Diodia virginiana,0.000000,False,False,,False
Diodia_virginiana_2.jpg,Diodia virginiana,True,C-veto3,0.000000,Diodia virginiana,True,Diodia virginiana,0.000000,False,False,,False
Diodia_virginiana_2.jpg,Diodia virginiana,True,C-veto5,0.000000,Diodia virginiana,True,Diodia virginiana,0.000000,False,False,,False
Diodia_virginiana_2.jpg,Diodia virginiana,True,C-m0.01,0.010000,Diodia virginiana,True,Diodia virginiana,0.000000,False,False,,False
Diodia_virginiana_2.jpg,Diodia virginiana,True,C-m0.02,0.020000,Diodia virginiana,True,Diodia virginiana,0.000000,False,False,,False
Diodia_virginiana_2.jpg,Diodia virginiana,True,C-m0.03,0.030000,Diodia virginiana,True,Diodia virginiana,0.000000,False,False,,False
Diodia_virginiana_2.jpg,Diodia virginiana,True,C-m0.04,0.040000,Diodia virginiana,True,Diodia virginiana,0.000000,False,False,,False
Diodia_virginiana_2.jpg,Diodia virginiana,True,C-m0.05,0.050000,Diodia virginiana,True,Diodia virginiana,0.000000,False,False,,False
Diodia_virginiana_2.jpg,Diodia virginiana,True,C-m0.06,0.060000,Diodia virginiana,True,Diodia virginiana,0.000000,False,False,,False
Diodia_virginiana_2.jpg,Diodia virginiana,True,C-m0.08,0.080000,Diodia virginiana,True,Diodia virginiana,0.000000,False,False,,False
Diodia_virginiana_2.jpg,Diodia virginiana,True,C-m0.10,0.100000,Diodia virginiana,True,Diodia virginiana,0.000000,False,False,,False
Diodia_virginiana_2.jpg,Diodia virginiana,True,T,0.000000,Diodia virginiana,True,Diodia virginiana,0.000000,False,False,,False
Diodia_virginiana_2.jpg,Diodia virginiana,True,T-veto2,0.000000,Diodia virginiana,True,Diodia virginiana,0.000000,False,False,,False
Diodia_virginiana_2.jpg,Diodia virginiana,True,T-veto3,0.000000,Diodia virginiana,True,Diodia virginiana,0.000000,False,False,,False
Diodia_virginiana_2.jpg,Diodia virginiana,True,T-veto5,0.000000,Diodia virginiana,True,Diodia virginiana,0.000000,False,False,,False
Diodia_virginiana_2.jpg,Diodia virginiana,True,W,0.000000,Diodia virginiana,True,Diodia virginiana,0.000000,False,False,,False
Diodia_virginiana_2.jpg,Diodia virginiana,True,C-m*raw,0.047722,Diodia virginiana,True,Diodia virginiana,0.000000,False,False,,False
Diodia_virginiana_2.jpg,Diodia virginiana,True,C-m*hazard,0.047722,Diodia virginiana,True,Diodia virginiana,0.000000,False,False,,False
Ageratina_altissima_0.jpg,Ageratina altissima,True,A,0.000000,Conoclinium coelestinum,False,,inf,False,True,Conoclinium coelestinum,False
Ageratina_altissima_0.jpg,Ageratina altissima,True,B,0.000000,Eupatorium serotinum,True,Eupatorium serotinum,0.000000,False,False,,False
Ageratina_altissima_0.jpg,Ageratina altissima,True,C,0.000000,Eupatorium serotinum,True,Eupatorium serotinum,0.000000,False,False,,False
Ageratina_altissima_0.jpg,Ageratina altissima,True,C-veto2,0.000000,Eupatorium serotinum,True,Eupatorium serotinum,0.000000,False,False,,False
Ageratina_altissima_0.jpg,Ageratina altissima,True,C-veto3,0.000000,Eupatorium serotinum,True,Eupatorium serotinum,0.000000,False,False,,False
Ageratina_altissima_0.jpg,Ageratina altissima,True,C-veto5,0.000000,Eupatorium serotinum,True,Eupatorium serotinum,0.000000,False,False,,False
Ageratina_altissima_0.jpg,Ageratina altissima,True,C-m0.01,0.010000,Eupatorium serotinum,True,Eupatorium serotinum,0.000000,False,False,,False
Ageratina_altissima_0.jpg,Ageratina altissima,True,C-m0.02,0.020000,Eupatorium serotinum,True,Eupatorium serotinum,0.000000,False,False,,False
Ageratina_altissima_0.jpg,Ageratina altissima,True,C-m0.03,0.030000,Eupatorium serotinum,True,Eupatorium serotinum,0.000000,False,False,,False
Ageratina_altissima_0.jpg,Ageratina altissima,True,C-m0.04,0.040000,Eupatorium serotinum,True,Eupatorium serotinum,0.000000,False,False,,False
Ageratina_altissima_0.jpg,Ageratina altissima,True,C-m0.05,0.050000,Eupatorium serotinum,True,Eupatorium serotinum,0.000000,False,False,,False
Ageratina_altissima_0.jpg,Ageratina altissima,True,C-m0.06,0.060000,Eupatorium serotinum,True,Eupatorium serotinum,0.000000,False,False,,False
Ageratina_altissima_0.jpg,Ageratina altissima,True,C-m0.08,0.080000,Eupatorium serotinum,True,Eupatorium serotinum,0.000000,False,False,,False
Ageratina_altissima_0.jpg,Ageratina altissima,True,C-m0.10,0.100000,Eupatorium serotinum,True,Eupatorium serotinum,0.000000,False,False,,False
Ageratina_altissima_0.jpg,Ageratina altissima,True,T,0.000000,Eupatorium serotinum,True,Eupatorium serotinum,0.000000,False,False,,False
Ageratina_altissima_0.jpg,Ageratina altissima,True,T-veto2,0.000000,Eupatorium serotinum,True,Eupatorium serotinum,0.000000,False,False,,False
Ageratina_altissima_0.jpg,Ageratina altissima,True,T-veto3,0.000000,Eupatorium serotinum,True,Eupatorium serotinum,0.000000,False,False,,False
Ageratina_altissima_0.jpg,Ageratina altissima,True,T-veto5,0.000000,Eupatorium serotinum,True,Eupatorium serotinum,0.000000,False,False,,False
Ageratina_altissima_0.jpg,Ageratina altissima,True,W,0.000000,Eupatorium serotinum,True,Eupatorium serotinum,0.000000,False,False,,False
Ageratina_altissima_0.jpg,Ageratina altissima,True,C-m*raw,0.047722,Eupatorium serotinum,True,Eupatorium serotinum,0.000000,False,False,,False
Ageratina_altissima_0.jpg,Ageratina altissima,True,C-m*hazard,0.047722,Eupatorium serotinum,True,Eupatorium serotinum,0.000000,False,False,,False
Ageratina_altissima_1.jpg,Ageratina altissima,True,A,0.000000,Callicarpa americana,False,,inf,False,True,Callicarpa americana,False
Ageratina_altissima_1.jpg,Ageratina altissima,True,B,0.000000,Eupatorium serotinum,True,Eupatorium serotinum,0.000000,False,False,,False
Ageratina_altissima_1.jpg,Ageratina altissima,True,C,0.000000,Sambucus canadensis,True,Sambucus canadensis,0.000000,False,False,,False
Ageratina_altissima_1.jpg,Ageratina altissima,True,C-veto2,0.000000,Sambucus canadensis,True,Sambucus canadensis,0.000000,False,False,,False
Ageratina_altissima_1.jpg,Ageratina altissima,True,C-veto3,0.000000,Sambucus canadensis,True,Sambucus canadensis,0.000000,False,False,,False
Ageratina_altissima_1.jpg,Ageratina altissima,True,C-veto5,0.000000,Sambucus canadensis,True,Sambucus canadensis,0.000000,False,False,,False
Ageratina_altissima_1.jpg,Ageratina altissima,True,C-m0.01,0.010000,Sambucus canadensis,True,Sambucus canadensis,0.000000,False,False,,False
Ageratina_altissima_1.jpg,Ageratina altissima,True,C-m0.02,0.020000,Sambucus canadensis,True,Sambucus canadensis,0.000000,False,False,,False
Ageratina_altissima_1.jpg,Ageratina altissima,True,C-m0.03,0.030000,Sambucus canadensis,True,Sambucus canadensis,0.000000,False,False,,False
Ageratina_altissima_1.jpg,Ageratina altissima,True,C-m0.04,0.040000,Sambucus canadensis,True,Sambucus canadensis,0.000000,False,False,,False
Ageratina_altissima_1.jpg,Ageratina altissima,True,C-m0.05,0.050000,Sambucus canadensis,True,Sambucus canadensis,0.000000,False,False,,False
Ageratina_altissima_1.jpg,Ageratina altissima,True,C-m0.06,0.060000,Sambucus canadensis,True,Sambucus canadensis,0.000000,False,False,,False
Ageratina_altissima_1.jpg,Ageratina altissima,True,C-m0.08,0.080000,Sambucus canadensis,True,Sambucus canadensis,0.000000,False,False,,False
Ageratina_altissima_1.jpg,Ageratina altissima,True,C-m0.10,0.100000,Sambucus canadensis,True,Sambucus canadensis,0.000000,False,False,,False
Ageratina_altissima_1.jpg,Ageratina altissima,True,T,0.000000,Sambucus canadensis,True,Sambucus canadensis,0.000000,False,False,,False
Ageratina_altissima_1.jpg,Ageratina altissima,True,T-veto2,0.000000,Sambucus canadensis,True,Sambucus canadensis,0.000000,False,False,,False
Ageratina_altissima_1.jpg,Ageratina altissima,True,T-veto3,0.000000,Sambucus canadensis,True,Sambucus canadensis,0.000000,False,False,,False
Ageratina_altissima_1.jpg,Ageratina altissima,True,T-veto5,0.000000,Sambucus canadensis,True,Sambucus canadensis,0.000000,False,False,,False
Ageratina_altissima_1.jpg,Ageratina altissima,True,W,0.000000,Sambucus canadensis,True,Sambucus canadensis,0.000000,False,False,,False
Ageratina_altissima_1.jpg,Ageratina altissima,True,C-m*raw,0.047722,Sambucus canadensis,True,Sambucus canadensis,0.000000,False,False,,False
Ageratina_altissima_1.jpg,Ageratina altissima,True,C-m*hazard,0.047722,Sambucus canadensis,True,Sambucus canadensis,0.000000,False,False,,False
Ageratina_altissima_2.jpg,Ageratina altissima,True,A,0.000000,Conoclinium coelestinum,False,,inf,False,True,Conoclinium coelestinum,False
Ageratina_altissima_2.jpg,Ageratina altissima,True,B,0.000000,Eupatorium serotinum,True,Eupatorium serotinum,0.000000,False,False,,False
Ageratina_altissima_2.jpg,Ageratina altissima,True,C,0.000000,Ageratina altissima,True,Ageratina altissima,0.000000,False,False,,False
Ageratina_altissima_2.jpg,Ageratina altissima,True,C-veto2,0.000000,Ageratina altissima,True,Ageratina altissima,0.000000,False,False,,False
Ageratina_altissima_2.jpg,Ageratina altissima,True,C-veto3,0.000000,Ageratina altissima,True,Ageratina altissima,0.000000,False,False,,False
Ageratina_altissima_2.jpg,Ageratina altissima,True,C-veto5,0.000000,Ageratina altissima,True,Ageratina altissima,0.000000,False,False,,False
Ageratina_altissima_2.jpg,Ageratina altissima,True,C-m0.01,0.010000,Ageratina altissima,True,Ageratina altissima,0.000000,False,False,,False
Ageratina_altissima_2.jpg,Ageratina altissima,True,C-m0.02,0.020000,Ageratina altissima,True,Ageratina altissima,0.000000,False,False,,False
Ageratina_altissima_2.jpg,Ageratina altissima,True,C-m0.03,0.030000,Ageratina altissima,True,Ageratina altissima,0.000000,False,False,,False
Ageratina_altissima_2.jpg,Ageratina altissima,True,C-m0.04,0.040000,Ageratina altissima,True,Ageratina altissima,0.000000,False,False,,False
Ageratina_altissima_2.jpg,Ageratina altissima,True,C-m0.05,0.050000,Ageratina altissima,True,Ageratina altissima,0.000000,False,False,,False
Ageratina_altissima_2.jpg,Ageratina altissima,True,C-m0.06,0.060000,Ageratina altissima,True,Ageratina altissima,0.000000,False,False,,False
Ageratina_altissima_2.jpg,Ageratina altissima,True,C-m0.08,0.080000,Ageratina altissima,True,Ageratina altissima,0.000000,False,False,,False
Ageratina_altissima_2.jpg,Ageratina altissima,True,C-m0.10,0.100000,Ageratina altissima,True,Ageratina altissima,0.000000,False,False,,False
Ageratina_altissima_2.jpg,Ageratina altissima,True,T,0.000000,Ageratina altissima,True,Ageratina altissima,0.000000,False,False,,False
Ageratina_altissima_2.jpg,Ageratina altissima,True,T-veto2,0.000000,Ageratina altissima,True,Ageratina altissima,0.000000,False,False,,False
Ageratina_altissima_2.jpg,Ageratina altissima,True,T-veto3,0.000000,Ageratina altissima,True,Ageratina altissima,0.000000,False,False,,False
Ageratina_altissima_2.jpg,Ageratina altissima,True,T-veto5,0.000000,Ageratina altissima,True,Ageratina altissima,0.000000,False,False,,False
Ageratina_altissima_2.jpg,Ageratina altissima,True,W,0.000000,Ageratina altissima,True,Ageratina altissima,0.000000,False,False,,False
Ageratina_altissima_2.jpg,Ageratina altissima,True,C-m*raw,0.047722,Ageratina altissima,True,Ageratina altissima,0.000000,False,False,,False
Ageratina_altissima_2.jpg,Ageratina altissima,True,C-m*hazard,0.047722,Ageratina altissima,True,Ageratina altissima,0.000000,False,False,,False
Pleopeltis_michauxiana_0.jpg,Pleopeltis michauxiana,True,A,0.000000,Phyllanthus urinaria,False,,inf,False,True,Phyllanthus urinaria,False
Pleopeltis_michauxiana_0.jpg,Pleopeltis michauxiana,True,B,0.000000,Phyllanthus urinaria,False,Parthenocissus quinquefolia,0.088136,False,True,Phyllanthus urinaria,False
Pleopeltis_michauxiana_0.jpg,Pleopeltis michauxiana,True,C,0.000000,Pleopeltis michauxiana,True,Pleopeltis michauxiana,0.000000,False,False,,False
Pleopeltis_michauxiana_0.jpg,Pleopeltis michauxiana,True,C-veto2,0.000000,Pleopeltis michauxiana,True,Pleopeltis michauxiana,0.000000,False,False,,False
Pleopeltis_michauxiana_0.jpg,Pleopeltis michauxiana,True,C-veto3,0.000000,Pleopeltis michauxiana,True,Pleopeltis michauxiana,0.000000,False,False,,False
Pleopeltis_michauxiana_0.jpg,Pleopeltis michauxiana,True,C-veto5,0.000000,Pleopeltis michauxiana,True,Pleopeltis michauxiana,0.000000,False,False,,False
Pleopeltis_michauxiana_0.jpg,Pleopeltis michauxiana,True,C-m0.01,0.010000,Pleopeltis michauxiana,True,Pleopeltis michauxiana,0.000000,False,False,,False
Pleopeltis_michauxiana_0.jpg,Pleopeltis michauxiana,True,C-m0.02,0.020000,Pleopeltis michauxiana,True,Pleopeltis michauxiana,0.000000,False,False,,False
Pleopeltis_michauxiana_0.jpg,Pleopeltis michauxiana,True,C-m0.03,0.030000,Pleopeltis michauxiana,True,Pleopeltis michauxiana,0.000000,False,False,,False
Pleopeltis_michauxiana_0.jpg,Pleopeltis michauxiana,True,C-m0.04,0.040000,Pleopeltis michauxiana,True,Pleopeltis michauxiana,0.000000,False,False,,False
Pleopeltis_michauxiana_0.jpg,Pleopeltis michauxiana,True,C-m0.05,0.050000,Pleopeltis michauxiana,True,Pleopeltis michauxiana,0.000000,False,False,,False
Pleopeltis_michauxiana_0.jpg,Pleopeltis michauxiana,True,C-m0.06,0.060000,Pleopeltis michauxiana,True,Pleopeltis michauxiana,0.000000,False,False,,False
Pleopeltis_michauxiana_0.jpg,Pleopeltis michauxiana,True,C-m0.08,0.080000,Pleopeltis michauxiana,True,Pleopeltis michauxiana,0.000000,False,False,,False
Pleopeltis_michauxiana_0.jpg,Pleopeltis michauxiana,True,C-m0.10,0.100000,Pleopeltis michauxiana,True,Pleopeltis michauxiana,0.000000,False,False,,False
Pleopeltis_michauxiana_0.jpg,Pleopeltis michauxiana,True,T,0.000000,Pleopeltis michauxiana,True,Pleopeltis michauxiana,0.000000,False,False,,False
Pleopeltis_michauxiana_0.jpg,Pleopeltis michauxiana,True,T-veto2,0.000000,Pleopeltis michauxiana,True,Pleopeltis michauxiana,0.000000,False,False,,False
Pleopeltis_michauxiana_0.jpg,Pleopeltis michauxiana,True,T-veto3,0.000000,Pleopeltis michauxiana,True,Pleopeltis michauxiana,0.000000,False,False,,False
Pleopeltis_michauxiana_0.jpg,Pleopeltis michauxiana,True,T-veto5,0.000000,Pleopeltis michauxiana,True,Pleopeltis michauxiana,0.000000,False,False,,False
Pleopeltis_michauxiana_0.jpg,Pleopeltis michauxiana,True,W,0.000000,Pleopeltis michauxiana,True,Pleopeltis michauxiana,0.000000,False,False,,False
Pleopeltis_michauxiana_0.jpg,Pleopeltis michauxiana,True,C-m*raw,0.047722,Pleopeltis michauxiana,True,Pleopeltis michauxiana,0.000000,False,False,,False
Pleopeltis_michauxiana_0.jpg,Pleopeltis michauxiana,True,C-m*hazard,0.047722,Pleopeltis michauxiana,True,Pleopeltis michauxiana,0.000000,False,False,,False
Pleopeltis_michauxiana_1.jpg,Pleopeltis michauxiana,True,A,0.000000,Magnolia grandiflora,False,,inf,False,True,Magnolia grandiflora,False
Pleopeltis_michauxiana_1.jpg,Pleopeltis michauxiana,True,B,0.000000,Magnolia grandiflora,False,Hedera helix,0.027035,False,True,Magnolia grandiflora,False
Pleopeltis_michauxiana_1.jpg,Pleopeltis michauxiana,True,C,0.000000,Pleopeltis michauxiana,True,Pleopeltis michauxiana,0.000000,False,False,,False
Pleopeltis_michauxiana_1.jpg,Pleopeltis michauxiana,True,C-veto2,0.000000,Pleopeltis michauxiana,True,Pleopeltis michauxiana,0.000000,False,False,,False
Pleopeltis_michauxiana_1.jpg,Pleopeltis michauxiana,True,C-veto3,0.000000,Pleopeltis michauxiana,True,Pleopeltis michauxiana,0.000000,False,False,,False
Pleopeltis_michauxiana_1.jpg,Pleopeltis michauxiana,True,C-veto5,0.000000,Pleopeltis michauxiana,True,Pleopeltis michauxiana,0.000000,False,False,,False
Pleopeltis_michauxiana_1.jpg,Pleopeltis michauxiana,True,C-m0.01,0.010000,Pleopeltis michauxiana,True,Pleopeltis michauxiana,0.000000,False,False,,False
Pleopeltis_michauxiana_1.jpg,Pleopeltis michauxiana,True,C-m0.02,0.020000,Pleopeltis michauxiana,True,Pleopeltis michauxiana,0.000000,False,False,,False
Pleopeltis_michauxiana_1.jpg,Pleopeltis michauxiana,True,C-m0.03,0.030000,Pleopeltis michauxiana,True,Pleopeltis michauxiana,0.000000,False,False,,False
Pleopeltis_michauxiana_1.jpg,Pleopeltis michauxiana,True,C-m0.04,0.040000,Pleopeltis michauxiana,True,Pleopeltis michauxiana,0.000000,False,False,,False
Pleopeltis_michauxiana_1.jpg,Pleopeltis michauxiana,True,C-m0.05,0.050000,Pleopeltis michauxiana,True,Pleopeltis michauxiana,0.000000,False,False,,False
Pleopeltis_michauxiana_1.jpg,Pleopeltis michauxiana,True,C-m0.06,0.060000,Pleopeltis michauxiana,True,Pleopeltis michauxiana,0.000000,False,False,,False
Pleopeltis_michauxiana_1.jpg,Pleopeltis michauxiana,True,C-m0.08,0.080000,Pleopeltis michauxiana,True,Pleopeltis michauxiana,0.000000,False,False,,False
Pleopeltis_michauxiana_1.jpg,Pleopeltis michauxiana,True,C-m0.10,0.100000,Pleopeltis michauxiana,True,Pleopeltis michauxiana,0.000000,False,False,,False
Pleopeltis_michauxiana_1.jpg,Pleopeltis michauxiana,True,T,0.000000,Opuntia decumbens,True,Opuntia decumbens,0.000000,False,False,,False
Pleopeltis_michauxiana_1.jpg,Pleopeltis michauxiana,True,T-veto2,0.000000,Opuntia decumbens,True,Opuntia decumbens,0.000000,False,False,,False
Pleopeltis_michauxiana_1.jpg,Pleopeltis michauxiana,True,T-veto3,0.000000,Opuntia decumbens,True,Opuntia decumbens,0.000000,False,False,,False
Pleopeltis_michauxiana_1.jpg,Pleopeltis michauxiana,True,T-veto5,0.000000,Opuntia decumbens,True,Opuntia decumbens,0.000000,False,False,,False
Pleopeltis_michauxiana_1.jpg,Pleopeltis michauxiana,True,W,0.000000,Opuntia microdasys,False,Opuntia decumbens,0.036782,False,False,,False
Pleopeltis_michauxiana_1.jpg,Pleopeltis michauxiana,True,C-m*raw,0.047722,Pleopeltis michauxiana,True,Pleopeltis michauxiana,0.000000,False,False,,False
Pleopeltis_michauxiana_1.jpg,Pleopeltis michauxiana,True,C-m*hazard,0.047722,Pleopeltis michauxiana,True,Pleopeltis michauxiana,0.000000,False,False,,False
Pleopeltis_michauxiana_2.jpg,Pleopeltis michauxiana,True,A,0.000000,Magnolia grandiflora,False,,inf,False,True,Magnolia grandiflora,False
Pleopeltis_michauxiana_2.jpg,Pleopeltis michauxiana,True,B,0.000000,Magnolia grandiflora,False,Hedera helix,0.014347,False,True,Magnolia grandiflora,False
Pleopeltis_michauxiana_2.jpg,Pleopeltis michauxiana,True,C,0.000000,Pontederia crassipes,True,Pontederia crassipes,0.000000,False,False,,False
Pleopeltis_michauxiana_2.jpg,Pleopeltis michauxiana,True,C-veto2,0.000000,Pontederia crassipes,True,Pontederia crassipes,0.000000,False,False,,False
Pleopeltis_michauxiana_2.jpg,Pleopeltis michauxiana,True,C-veto3,0.000000,Pontederia crassipes,True,Pontederia crassipes,0.000000,False,False,,False
Pleopeltis_michauxiana_2.jpg,Pleopeltis michauxiana,True,C-veto5,0.000000,Pontederia crassipes,True,Pontederia crassipes,0.000000,False,False,,False
Pleopeltis_michauxiana_2.jpg,Pleopeltis michauxiana,True,C-m0.01,0.010000,Pontederia crassipes,True,Pontederia crassipes,0.000000,False,False,,False
Pleopeltis_michauxiana_2.jpg,Pleopeltis michauxiana,True,C-m0.02,0.020000,Pontederia crassipes,True,Pontederia crassipes,0.000000,False,False,,False
Pleopeltis_michauxiana_2.jpg,Pleopeltis michauxiana,True,C-m0.03,0.030000,Pontederia crassipes,True,Pontederia crassipes,0.000000,False,False,,False
Pleopeltis_michauxiana_2.jpg,Pleopeltis michauxiana,True,C-m0.04,0.040000,Pontederia crassipes,True,Pontederia crassipes,0.000000,False,False,,False
Pleopeltis_michauxiana_2.jpg,Pleopeltis michauxiana,True,C-m0.05,0.050000,Pontederia crassipes,True,Pontederia crassipes,0.000000,False,False,,False
Pleopeltis_michauxiana_2.jpg,Pleopeltis michauxiana,True,C-m0.06,0.060000,Pontederia crassipes,True,Pontederia crassipes,0.000000,False,False,,False
Pleopeltis_michauxiana_2.jpg,Pleopeltis michauxiana,True,C-m0.08,0.080000,Pontederia crassipes,True,Pontederia crassipes,0.000000,False,False,,False
Pleopeltis_michauxiana_2.jpg,Pleopeltis michauxiana,True,C-m0.10,0.100000,Pontederia crassipes,True,Pontederia crassipes,0.000000,False,False,,False
Pleopeltis_michauxiana_2.jpg,Pleopeltis michauxiana,True,T,0.000000,Portulacaria afra,True,Portulacaria afra,0.000000,False,False,,False
Pleopeltis_michauxiana_2.jpg,Pleopeltis michauxiana,True,T-veto2,0.000000,Portulacaria afra,True,Portulacaria afra,0.000000,False,False,,False
Pleopeltis_michauxiana_2.jpg,Pleopeltis michauxiana,True,T-veto3,0.000000,Portulacaria afra,True,Portulacaria afra,0.000000,False,False,,False
Pleopeltis_michauxiana_2.jpg,Pleopeltis michauxiana,True,T-veto5,0.000000,Portulacaria afra,True,Portulacaria afra,0.000000,False,False,,False
Pleopeltis_michauxiana_2.jpg,Pleopeltis michauxiana,True,W,0.000000,Pyrrosia eleagnifolia,False,Portulacaria afra,0.062191,False,False,,False
Pleopeltis_michauxiana_2.jpg,Pleopeltis michauxiana,True,C-m*raw,0.047722,Pontederia crassipes,True,Pontederia crassipes,0.000000,False,False,,False
Pleopeltis_michauxiana_2.jpg,Pleopeltis michauxiana,True,C-m*hazard,0.047722,Pontederia crassipes,True,Pontederia crassipes,0.000000,False,False,,False
Cephalanthus_occidentalis_0.jpg,Cephalanthus occidentalis,True,A,0.000000,Callicarpa americana,False,,inf,False,True,Callicarpa americana,False
Cephalanthus_occidentalis_0.jpg,Cephalanthus occidentalis,True,B,0.000000,Callicarpa americana,False,Phytolacca americana,0.036513,False,True,Callicarpa americana,False
Cephalanthus_occidentalis_0.jpg,Cephalanthus occidentalis,True,C,0.000000,Cephalanthus occidentalis,True,Cephalanthus occidentalis,0.000000,False,False,,False
Cephalanthus_occidentalis_0.jpg,Cephalanthus occidentalis,True,C-veto2,0.000000,Cephalanthus occidentalis,True,Cephalanthus occidentalis,0.000000,False,False,,False
Cephalanthus_occidentalis_0.jpg,Cephalanthus occidentalis,True,C-veto3,0.000000,Cephalanthus occidentalis,True,Cephalanthus occidentalis,0.000000,False,False,,False
Cephalanthus_occidentalis_0.jpg,Cephalanthus occidentalis,True,C-veto5,0.000000,Cephalanthus occidentalis,True,Cephalanthus occidentalis,0.000000,False,False,,False
Cephalanthus_occidentalis_0.jpg,Cephalanthus occidentalis,True,C-m0.01,0.010000,Cephalanthus occidentalis,True,Cephalanthus occidentalis,0.000000,False,False,,False
Cephalanthus_occidentalis_0.jpg,Cephalanthus occidentalis,True,C-m0.02,0.020000,Cephalanthus occidentalis,True,Cephalanthus occidentalis,0.000000,False,False,,False
Cephalanthus_occidentalis_0.jpg,Cephalanthus occidentalis,True,C-m0.03,0.030000,Cephalanthus occidentalis,True,Cephalanthus occidentalis,0.000000,False,False,,False
Cephalanthus_occidentalis_0.jpg,Cephalanthus occidentalis,True,C-m0.04,0.040000,Cephalanthus occidentalis,True,Cephalanthus occidentalis,0.000000,False,False,,False
Cephalanthus_occidentalis_0.jpg,Cephalanthus occidentalis,True,C-m0.05,0.050000,Cephalanthus occidentalis,True,Cephalanthus occidentalis,0.000000,False,False,,False
Cephalanthus_occidentalis_0.jpg,Cephalanthus occidentalis,True,C-m0.06,0.060000,Cephalanthus occidentalis,True,Cephalanthus occidentalis,0.000000,False,False,,False
Cephalanthus_occidentalis_0.jpg,Cephalanthus occidentalis,True,C-m0.08,0.080000,Cephalanthus occidentalis,True,Cephalanthus occidentalis,0.000000,False,False,,False
Cephalanthus_occidentalis_0.jpg,Cephalanthus occidentalis,True,C-m0.10,0.100000,Cephalanthus occidentalis,True,Cephalanthus occidentalis,0.000000,False,False,,False
Cephalanthus_occidentalis_0.jpg,Cephalanthus occidentalis,True,T,0.000000,Cephalanthus occidentalis,True,Cephalanthus occidentalis,0.000000,False,False,,False
Cephalanthus_occidentalis_0.jpg,Cephalanthus occidentalis,True,T-veto2,0.000000,Cephalanthus occidentalis,True,Cephalanthus occidentalis,0.000000,False,False,,False
Cephalanthus_occidentalis_0.jpg,Cephalanthus occidentalis,True,T-veto3,0.000000,Cephalanthus occidentalis,True,Cephalanthus occidentalis,0.000000,False,False,,False
Cephalanthus_occidentalis_0.jpg,Cephalanthus occidentalis,True,T-veto5,0.000000,Cephalanthus occidentalis,True,Cephalanthus occidentalis,0.000000,False,False,,False
Cephalanthus_occidentalis_0.jpg,Cephalanthus occidentalis,True,W,0.000000,Cephalanthus occidentalis,True,Cephalanthus occidentalis,0.000000,False,False,,False
Cephalanthus_occidentalis_0.jpg,Cephalanthus occidentalis,True,C-m*raw,0.047722,Cephalanthus occidentalis,True,Cephalanthus occidentalis,0.000000,False,False,,False
Cephalanthus_occidentalis_0.jpg,Cephalanthus occidentalis,True,C-m*hazard,0.047722,Cephalanthus occidentalis,True,Cephalanthus occidentalis,0.000000,False,False,,False
Cephalanthus_occidentalis_1.jpg,Cephalanthus occidentalis,True,A,0.000000,Liquidambar styraciflua,False,,inf,False,True,Liquidambar styraciflua,False
Cephalanthus_occidentalis_1.jpg,Cephalanthus occidentalis,True,B,0.000000,Liquidambar styraciflua,False,Euonymus americanus,0.048619,False,True,Liquidambar styraciflua,False
Cephalanthus_occidentalis_1.jpg,Cephalanthus occidentalis,True,C,0.000000,Cephalanthus occidentalis,True,Cephalanthus occidentalis,0.000000,False,False,,False
Cephalanthus_occidentalis_1.jpg,Cephalanthus occidentalis,True,C-veto2,0.000000,Cephalanthus occidentalis,True,Cephalanthus occidentalis,0.000000,False,False,,False
Cephalanthus_occidentalis_1.jpg,Cephalanthus occidentalis,True,C-veto3,0.000000,Cephalanthus occidentalis,True,Cephalanthus occidentalis,0.000000,False,False,,False
Cephalanthus_occidentalis_1.jpg,Cephalanthus occidentalis,True,C-veto5,0.000000,Cephalanthus occidentalis,True,Cephalanthus occidentalis,0.000000,False,False,,False
Cephalanthus_occidentalis_1.jpg,Cephalanthus occidentalis,True,C-m0.01,0.010000,Cephalanthus occidentalis,True,Cephalanthus occidentalis,0.000000,False,False,,False
Cephalanthus_occidentalis_1.jpg,Cephalanthus occidentalis,True,C-m0.02,0.020000,Cephalanthus occidentalis,True,Cephalanthus occidentalis,0.000000,False,False,,False
Cephalanthus_occidentalis_1.jpg,Cephalanthus occidentalis,True,C-m0.03,0.030000,Cephalanthus occidentalis,True,Cephalanthus occidentalis,0.000000,False,False,,False
Cephalanthus_occidentalis_1.jpg,Cephalanthus occidentalis,True,C-m0.04,0.040000,Cephalanthus occidentalis,True,Cephalanthus occidentalis,0.000000,False,False,,False
Cephalanthus_occidentalis_1.jpg,Cephalanthus occidentalis,True,C-m0.05,0.050000,Cephalanthus occidentalis,True,Cephalanthus occidentalis,0.000000,False,False,,False
Cephalanthus_occidentalis_1.jpg,Cephalanthus occidentalis,True,C-m0.06,0.060000,Cephalanthus occidentalis,True,Cephalanthus occidentalis,0.000000,False,False,,False
Cephalanthus_occidentalis_1.jpg,Cephalanthus occidentalis,True,C-m0.08,0.080000,Cephalanthus occidentalis,True,Cephalanthus occidentalis,0.000000,False,False,,False
Cephalanthus_occidentalis_1.jpg,Cephalanthus occidentalis,True,C-m0.10,0.100000,Cephalanthus occidentalis,True,Cephalanthus occidentalis,0.000000,False,False,,False
Cephalanthus_occidentalis_1.jpg,Cephalanthus occidentalis,True,T,0.000000,Bursera simaruba,True,Bursera simaruba,0.000000,False,False,,False
Cephalanthus_occidentalis_1.jpg,Cephalanthus occidentalis,True,T-veto2,0.000000,Bursera simaruba,True,Bursera simaruba,0.000000,False,False,,False
Cephalanthus_occidentalis_1.jpg,Cephalanthus occidentalis,True,T-veto3,0.000000,Bursera simaruba,True,Bursera simaruba,0.000000,False,False,,False
Cephalanthus_occidentalis_1.jpg,Cephalanthus occidentalis,True,T-veto5,0.000000,Bursera simaruba,True,Bursera simaruba,0.000000,False,False,,False
Cephalanthus_occidentalis_1.jpg,Cephalanthus occidentalis,True,W,0.000000,Conocarpus erectus,False,Bursera simaruba,0.109139,False,False,,False
Cephalanthus_occidentalis_1.jpg,Cephalanthus occidentalis,True,C-m*raw,0.047722,Cephalanthus occidentalis,True,Cephalanthus occidentalis,0.000000,False,False,,False
Cephalanthus_occidentalis_1.jpg,Cephalanthus occidentalis,True,C-m*hazard,0.047722,Cephalanthus occidentalis,True,Cephalanthus occidentalis,0.000000,False,False,,False
Cephalanthus_occidentalis_2.jpg,Cephalanthus occidentalis,True,A,0.000000,Callicarpa americana,False,,inf,False,True,Callicarpa americana,False
Cephalanthus_occidentalis_2.jpg,Cephalanthus occidentalis,True,B,0.000000,Callicarpa americana,False,Ligustrum sinense,0.048198,False,True,Callicarpa americana,False
Cephalanthus_occidentalis_2.jpg,Cephalanthus occidentalis,True,C,0.000000,Cephalanthus occidentalis,True,Cephalanthus occidentalis,0.000000,False,False,,False
Cephalanthus_occidentalis_2.jpg,Cephalanthus occidentalis,True,C-veto2,0.000000,Cephalanthus occidentalis,True,Cephalanthus occidentalis,0.000000,False,False,,False
Cephalanthus_occidentalis_2.jpg,Cephalanthus occidentalis,True,C-veto3,0.000000,Cephalanthus occidentalis,True,Cephalanthus occidentalis,0.000000,False,False,,False
Cephalanthus_occidentalis_2.jpg,Cephalanthus occidentalis,True,C-veto5,0.000000,Cephalanthus occidentalis,True,Cephalanthus occidentalis,0.000000,False,False,,False
Cephalanthus_occidentalis_2.jpg,Cephalanthus occidentalis,True,C-m0.01,0.010000,Cephalanthus occidentalis,True,Cephalanthus occidentalis,0.000000,False,False,,False
Cephalanthus_occidentalis_2.jpg,Cephalanthus occidentalis,True,C-m0.02,0.020000,Cephalanthus occidentalis,True,Cephalanthus occidentalis,0.000000,False,False,,False
Cephalanthus_occidentalis_2.jpg,Cephalanthus occidentalis,True,C-m0.03,0.030000,Cephalanthus occidentalis,True,Cephalanthus occidentalis,0.000000,False,False,,False
Cephalanthus_occidentalis_2.jpg,Cephalanthus occidentalis,True,C-m0.04,0.040000,Cephalanthus occidentalis,True,Cephalanthus occidentalis,0.000000,False,False,,False
Cephalanthus_occidentalis_2.jpg,Cephalanthus occidentalis,True,C-m0.05,0.050000,Cephalanthus occidentalis,True,Cephalanthus occidentalis,0.000000,False,False,,False
Cephalanthus_occidentalis_2.jpg,Cephalanthus occidentalis,True,C-m0.06,0.060000,Cephalanthus occidentalis,True,Cephalanthus occidentalis,0.000000,False,False,,False
Cephalanthus_occidentalis_2.jpg,Cephalanthus occidentalis,True,C-m0.08,0.080000,Cephalanthus occidentalis,True,Cephalanthus occidentalis,0.000000,False,False,,False
Cephalanthus_occidentalis_2.jpg,Cephalanthus occidentalis,True,C-m0.10,0.100000,Cephalanthus occidentalis,True,Cephalanthus occidentalis,0.000000,False,False,,False
Cephalanthus_occidentalis_2.jpg,Cephalanthus occidentalis,True,T,0.000000,Cephalanthus occidentalis,True,Cephalanthus occidentalis,0.000000,False,False,,False
Cephalanthus_occidentalis_2.jpg,Cephalanthus occidentalis,True,T-veto2,0.000000,Cephalanthus occidentalis,True,Cephalanthus occidentalis,0.000000,False,False,,False
Cephalanthus_occidentalis_2.jpg,Cephalanthus occidentalis,True,T-veto3,0.000000,Cephalanthus occidentalis,True,Cephalanthus occidentalis,0.000000,False,False,,False
Cephalanthus_occidentalis_2.jpg,Cephalanthus occidentalis,True,T-veto5,0.000000,Cephalanthus occidentalis,True,Cephalanthus occidentalis,0.000000,False,False,,False
Cephalanthus_occidentalis_2.jpg,Cephalanthus occidentalis,True,W,0.000000,Cephalanthus occidentalis,True,Cephalanthus occidentalis,0.000000,False,False,,False
Cephalanthus_occidentalis_2.jpg,Cephalanthus occidentalis,True,C-m*raw,0.047722,Cephalanthus occidentalis,True,Cephalanthus occidentalis,0.000000,False,False,,False
Cephalanthus_occidentalis_2.jpg,Cephalanthus occidentalis,True,C-m*hazard,0.047722,Cephalanthus occidentalis,True,Cephalanthus occidentalis,0.000000,False,False,,False
Ipomoea_lacunosa_0.jpg,Ipomoea lacunosa,True,A,0.000000,Ampelopsis glandulosa,False,,inf,False,True,Ampelopsis glandulosa,False
Ipomoea_lacunosa_0.jpg,Ipomoea lacunosa,True,B,0.000000,Solanum carolinense,True,Solanum carolinense,0.000000,False,False,,False
Ipomoea_lacunosa_0.jpg,Ipomoea lacunosa,True,C,0.000000,Ipomoea lacunosa,True,Ipomoea lacunosa,0.000000,False,False,,False
Ipomoea_lacunosa_0.jpg,Ipomoea lacunosa,True,C-veto2,0.000000,Ipomoea lacunosa,True,Ipomoea lacunosa,0.000000,False,False,,False
Ipomoea_lacunosa_0.jpg,Ipomoea lacunosa,True,C-veto3,0.000000,Ipomoea lacunosa,True,Ipomoea lacunosa,0.000000,False,False,,False
Ipomoea_lacunosa_0.jpg,Ipomoea lacunosa,True,C-veto5,0.000000,Ipomoea lacunosa,True,Ipomoea lacunosa,0.000000,False,False,,False
Ipomoea_lacunosa_0.jpg,Ipomoea lacunosa,True,C-m0.01,0.010000,Ipomoea lacunosa,True,Ipomoea lacunosa,0.000000,False,False,,False
Ipomoea_lacunosa_0.jpg,Ipomoea lacunosa,True,C-m0.02,0.020000,Ipomoea lacunosa,True,Ipomoea lacunosa,0.000000,False,False,,False
Ipomoea_lacunosa_0.jpg,Ipomoea lacunosa,True,C-m0.03,0.030000,Ipomoea lacunosa,True,Ipomoea lacunosa,0.000000,False,False,,False
Ipomoea_lacunosa_0.jpg,Ipomoea lacunosa,True,C-m0.04,0.040000,Ipomoea lacunosa,True,Ipomoea lacunosa,0.000000,False,False,,False
Ipomoea_lacunosa_0.jpg,Ipomoea lacunosa,True,C-m0.05,0.050000,Ipomoea lacunosa,True,Ipomoea lacunosa,0.000000,False,False,,False
Ipomoea_lacunosa_0.jpg,Ipomoea lacunosa,True,C-m0.06,0.060000,Ipomoea lacunosa,True,Ipomoea lacunosa,0.000000,False,False,,False
Ipomoea_lacunosa_0.jpg,Ipomoea lacunosa,True,C-m0.08,0.080000,Ipomoea lacunosa,True,Ipomoea lacunosa,0.000000,False,False,,False
Ipomoea_lacunosa_0.jpg,Ipomoea lacunosa,True,C-m0.10,0.100000,Ipomoea lacunosa,True,Ipomoea lacunosa,0.000000,False,False,,False
Ipomoea_lacunosa_0.jpg,Ipomoea lacunosa,True,T,0.000000,Ipomoea lacunosa,True,Ipomoea lacunosa,0.000000,False,False,,False
Ipomoea_lacunosa_0.jpg,Ipomoea lacunosa,True,T-veto2,0.000000,Ipomoea lacunosa,True,Ipomoea lacunosa,0.000000,False,False,,False
Ipomoea_lacunosa_0.jpg,Ipomoea lacunosa,True,T-veto3,0.000000,Ipomoea lacunosa,True,Ipomoea lacunosa,0.000000,False,False,,False
Ipomoea_lacunosa_0.jpg,Ipomoea lacunosa,True,T-veto5,0.000000,Ipomoea lacunosa,True,Ipomoea lacunosa,0.000000,False,False,,False
Ipomoea_lacunosa_0.jpg,Ipomoea lacunosa,True,W,0.000000,Ipomoea lacunosa,True,Ipomoea lacunosa,0.000000,False,False,,False
Ipomoea_lacunosa_0.jpg,Ipomoea lacunosa,True,C-m*raw,0.047722,Ipomoea lacunosa,True,Ipomoea lacunosa,0.000000,False,False,,False
Ipomoea_lacunosa_0.jpg,Ipomoea lacunosa,True,C-m*hazard,0.047722,Ipomoea lacunosa,True,Ipomoea lacunosa,0.000000,False,False,,False
Ipomoea_lacunosa_1.jpg,Ipomoea lacunosa,True,A,0.000000,Ampelopsis glandulosa,False,,inf,False,True,Ampelopsis glandulosa,False
Ipomoea_lacunosa_1.jpg,Ipomoea lacunosa,True,B,0.000000,Solanum carolinense,True,Solanum carolinense,0.000000,False,False,,False
Ipomoea_lacunosa_1.jpg,Ipomoea lacunosa,True,C,0.000000,Ipomoea lacunosa,True,Ipomoea lacunosa,0.000000,False,False,,False
Ipomoea_lacunosa_1.jpg,Ipomoea lacunosa,True,C-veto2,0.000000,Ipomoea lacunosa,True,Ipomoea lacunosa,0.000000,False,False,,False
Ipomoea_lacunosa_1.jpg,Ipomoea lacunosa,True,C-veto3,0.000000,Ipomoea lacunosa,True,Ipomoea lacunosa,0.000000,False,False,,False
Ipomoea_lacunosa_1.jpg,Ipomoea lacunosa,True,C-veto5,0.000000,Ipomoea lacunosa,True,Ipomoea lacunosa,0.000000,False,False,,False
Ipomoea_lacunosa_1.jpg,Ipomoea lacunosa,True,C-m0.01,0.010000,Ipomoea lacunosa,True,Ipomoea lacunosa,0.000000,False,False,,False
Ipomoea_lacunosa_1.jpg,Ipomoea lacunosa,True,C-m0.02,0.020000,Ipomoea lacunosa,True,Ipomoea lacunosa,0.000000,False,False,,False
Ipomoea_lacunosa_1.jpg,Ipomoea lacunosa,True,C-m0.03,0.030000,Ipomoea lacunosa,True,Ipomoea lacunosa,0.000000,False,False,,False
Ipomoea_lacunosa_1.jpg,Ipomoea lacunosa,True,C-m0.04,0.040000,Ipomoea lacunosa,True,Ipomoea lacunosa,0.000000,False,False,,False
Ipomoea_lacunosa_1.jpg,Ipomoea lacunosa,True,C-m0.05,0.050000,Ipomoea lacunosa,True,Ipomoea lacunosa,0.000000,False,False,,False
Ipomoea_lacunosa_1.jpg,Ipomoea lacunosa,True,C-m0.06,0.060000,Ipomoea lacunosa,True,Ipomoea lacunosa,0.000000,False,False,,False
Ipomoea_lacunosa_1.jpg,Ipomoea lacunosa,True,C-m0.08,0.080000,Ipomoea lacunosa,True,Ipomoea lacunosa,0.000000,False,False,,False
Ipomoea_lacunosa_1.jpg,Ipomoea lacunosa,True,C-m0.10,0.100000,Ipomoea lacunosa,True,Ipomoea lacunosa,0.000000,False,False,,False
Ipomoea_lacunosa_1.jpg,Ipomoea lacunosa,True,T,0.000000,Ipomoea lacunosa,True,Ipomoea lacunosa,0.000000,False,False,,False
Ipomoea_lacunosa_1.jpg,Ipomoea lacunosa,True,T-veto2,0.000000,Ipomoea lacunosa,True,Ipomoea lacunosa,0.000000,False,False,,False
Ipomoea_lacunosa_1.jpg,Ipomoea lacunosa,True,T-veto3,0.000000,Ipomoea lacunosa,True,Ipomoea lacunosa,0.000000,False,False,,False
Ipomoea_lacunosa_1.jpg,Ipomoea lacunosa,True,T-veto5,0.000000,Ipomoea lacunosa,True,Ipomoea lacunosa,0.000000,False,False,,False
Ipomoea_lacunosa_1.jpg,Ipomoea lacunosa,True,W,0.000000,Ipomoea lacunosa,True,Ipomoea lacunosa,0.000000,False,False,,False
Ipomoea_lacunosa_1.jpg,Ipomoea lacunosa,True,C-m*raw,0.047722,Ipomoea lacunosa,True,Ipomoea lacunosa,0.000000,False,False,,False
Ipomoea_lacunosa_1.jpg,Ipomoea lacunosa,True,C-m*hazard,0.047722,Ipomoea lacunosa,True,Ipomoea lacunosa,0.000000,False,False,,False
Ipomoea_lacunosa_2.jpg,Ipomoea lacunosa,True,A,0.000000,Ampelopsis glandulosa,False,,inf,False,True,Ampelopsis glandulosa,False
Ipomoea_lacunosa_2.jpg,Ipomoea lacunosa,True,B,0.000000,Solanum carolinense,True,Solanum carolinense,0.000000,False,False,,False
Ipomoea_lacunosa_2.jpg,Ipomoea lacunosa,True,C,0.000000,Ipomoea lacunosa,True,Ipomoea lacunosa,0.000000,False,False,,False
Ipomoea_lacunosa_2.jpg,Ipomoea lacunosa,True,C-veto2,0.000000,Ipomoea lacunosa,True,Ipomoea lacunosa,0.000000,False,False,,False
Ipomoea_lacunosa_2.jpg,Ipomoea lacunosa,True,C-veto3,0.000000,Ipomoea lacunosa,True,Ipomoea lacunosa,0.000000,False,False,,False
Ipomoea_lacunosa_2.jpg,Ipomoea lacunosa,True,C-veto5,0.000000,Ipomoea lacunosa,True,Ipomoea lacunosa,0.000000,False,False,,False
Ipomoea_lacunosa_2.jpg,Ipomoea lacunosa,True,C-m0.01,0.010000,Ipomoea lacunosa,True,Ipomoea lacunosa,0.000000,False,False,,False
Ipomoea_lacunosa_2.jpg,Ipomoea lacunosa,True,C-m0.02,0.020000,Ipomoea lacunosa,True,Ipomoea lacunosa,0.000000,False,False,,False
Ipomoea_lacunosa_2.jpg,Ipomoea lacunosa,True,C-m0.03,0.030000,Ipomoea lacunosa,True,Ipomoea lacunosa,0.000000,False,False,,False
Ipomoea_lacunosa_2.jpg,Ipomoea lacunosa,True,C-m0.04,0.040000,Ipomoea lacunosa,True,Ipomoea lacunosa,0.000000,False,False,,False
Ipomoea_lacunosa_2.jpg,Ipomoea lacunosa,True,C-m0.05,0.050000,Ipomoea lacunosa,True,Ipomoea lacunosa,0.000000,False,False,,False
Ipomoea_lacunosa_2.jpg,Ipomoea lacunosa,True,C-m0.06,0.060000,Ipomoea lacunosa,True,Ipomoea lacunosa,0.000000,False,False,,False
Ipomoea_lacunosa_2.jpg,Ipomoea lacunosa,True,C-m0.08,0.080000,Ipomoea lacunosa,True,Ipomoea lacunosa,0.000000,False,False,,False
Ipomoea_lacunosa_2.jpg,Ipomoea lacunosa,True,C-m0.10,0.100000,Ipomoea lacunosa,True,Ipomoea lacunosa,0.000000,False,False,,False
Ipomoea_lacunosa_2.jpg,Ipomoea lacunosa,True,T,0.000000,Ipomoea lacunosa,True,Ipomoea lacunosa,0.000000,False,False,,False
Ipomoea_lacunosa_2.jpg,Ipomoea lacunosa,True,T-veto2,0.000000,Ipomoea lacunosa,True,Ipomoea lacunosa,0.000000,False,False,,False
Ipomoea_lacunosa_2.jpg,Ipomoea lacunosa,True,T-veto3,0.000000,Ipomoea lacunosa,True,Ipomoea lacunosa,0.000000,False,False,,False
Ipomoea_lacunosa_2.jpg,Ipomoea lacunosa,True,T-veto5,0.000000,Ipomoea lacunosa,True,Ipomoea lacunosa,0.000000,False,False,,False
Ipomoea_lacunosa_2.jpg,Ipomoea lacunosa,True,W,0.000000,Ipomoea lacunosa,True,Ipomoea lacunosa,0.000000,False,False,,False
Ipomoea_lacunosa_2.jpg,Ipomoea lacunosa,True,C-m*raw,0.047722,Ipomoea lacunosa,True,Ipomoea lacunosa,0.000000,False,False,,False
Ipomoea_lacunosa_2.jpg,Ipomoea lacunosa,True,C-m*hazard,0.047722,Ipomoea lacunosa,True,Ipomoea lacunosa,0.000000,False,False,,False
Gonolobus_suberosus_0.jpg,Gonolobus suberosus,True,A,0.000000,Pueraria montana,False,,inf,False,True,Pueraria montana,False
Gonolobus_suberosus_0.jpg,Gonolobus suberosus,True,B,0.000000,Pueraria montana,False,Solanum carolinense,0.006188,False,True,Pueraria montana,False
Gonolobus_suberosus_0.jpg,Gonolobus suberosus,True,C,0.000000,Gonolobus suberosus,True,Gonolobus suberosus,0.000000,False,False,,False
Gonolobus_suberosus_0.jpg,Gonolobus suberosus,True,C-veto2,0.000000,Gonolobus suberosus,True,Gonolobus suberosus,0.000000,False,False,,False
Gonolobus_suberosus_0.jpg,Gonolobus suberosus,True,C-veto3,0.000000,Gonolobus suberosus,True,Gonolobus suberosus,0.000000,False,False,,False
Gonolobus_suberosus_0.jpg,Gonolobus suberosus,True,C-veto5,0.000000,Gonolobus suberosus,True,Gonolobus suberosus,0.000000,False,False,,False
Gonolobus_suberosus_0.jpg,Gonolobus suberosus,True,C-m0.01,0.010000,Gonolobus suberosus,True,Gonolobus suberosus,0.000000,False,False,,False
Gonolobus_suberosus_0.jpg,Gonolobus suberosus,True,C-m0.02,0.020000,Gonolobus suberosus,True,Gonolobus suberosus,0.000000,False,False,,False
Gonolobus_suberosus_0.jpg,Gonolobus suberosus,True,C-m0.03,0.030000,Gonolobus suberosus,True,Gonolobus suberosus,0.000000,False,False,,False
Gonolobus_suberosus_0.jpg,Gonolobus suberosus,True,C-m0.04,0.040000,Gonolobus suberosus,True,Gonolobus suberosus,0.000000,False,False,,False
Gonolobus_suberosus_0.jpg,Gonolobus suberosus,True,C-m0.05,0.050000,Gonolobus suberosus,True,Gonolobus suberosus,0.000000,False,False,,False
Gonolobus_suberosus_0.jpg,Gonolobus suberosus,True,C-m0.06,0.060000,Gonolobus suberosus,True,Gonolobus suberosus,0.000000,False,False,,False
Gonolobus_suberosus_0.jpg,Gonolobus suberosus,True,C-m0.08,0.080000,Gonolobus suberosus,True,Gonolobus suberosus,0.000000,False,False,,False
Gonolobus_suberosus_0.jpg,Gonolobus suberosus,True,C-m0.10,0.100000,Gonolobus suberosus,True,Gonolobus suberosus,0.000000,False,False,,False
Gonolobus_suberosus_0.jpg,Gonolobus suberosus,True,T,0.000000,Gonolobus suberosus,True,Gonolobus suberosus,0.000000,False,False,,False
Gonolobus_suberosus_0.jpg,Gonolobus suberosus,True,T-veto2,0.000000,Gonolobus suberosus,True,Gonolobus suberosus,0.000000,False,False,,False
Gonolobus_suberosus_0.jpg,Gonolobus suberosus,True,T-veto3,0.000000,Gonolobus suberosus,True,Gonolobus suberosus,0.000000,False,False,,False
Gonolobus_suberosus_0.jpg,Gonolobus suberosus,True,T-veto5,0.000000,Gonolobus suberosus,True,Gonolobus suberosus,0.000000,False,False,,False
Gonolobus_suberosus_0.jpg,Gonolobus suberosus,True,W,0.000000,Gonolobus suberosus,True,Gonolobus suberosus,0.000000,False,False,,False
Gonolobus_suberosus_0.jpg,Gonolobus suberosus,True,C-m*raw,0.047722,Gonolobus suberosus,True,Gonolobus suberosus,0.000000,False,False,,False
Gonolobus_suberosus_0.jpg,Gonolobus suberosus,True,C-m*hazard,0.047722,Gonolobus suberosus,True,Gonolobus suberosus,0.000000,False,False,,False
Gonolobus_suberosus_1.jpg,Gonolobus suberosus,True,A,0.000000,Liriodendron tulipifera,False,,inf,False,True,Liriodendron tulipifera,False
Gonolobus_suberosus_1.jpg,Gonolobus suberosus,True,B,0.000000,Phytolacca americana,True,Phytolacca americana,0.000000,False,False,,False
Gonolobus_suberosus_1.jpg,Gonolobus suberosus,True,C,0.000000,Euphorbia corollata,True,Euphorbia corollata,0.000000,False,False,,False
Gonolobus_suberosus_1.jpg,Gonolobus suberosus,True,C-veto2,0.000000,Euphorbia corollata,True,Euphorbia corollata,0.000000,False,False,,False
Gonolobus_suberosus_1.jpg,Gonolobus suberosus,True,C-veto3,0.000000,Euphorbia corollata,True,Euphorbia corollata,0.000000,False,False,,False
Gonolobus_suberosus_1.jpg,Gonolobus suberosus,True,C-veto5,0.000000,Euphorbia corollata,True,Euphorbia corollata,0.000000,False,False,,False
Gonolobus_suberosus_1.jpg,Gonolobus suberosus,True,C-m0.01,0.010000,Euphorbia corollata,True,Euphorbia corollata,0.000000,False,False,,False
Gonolobus_suberosus_1.jpg,Gonolobus suberosus,True,C-m0.02,0.020000,Euphorbia corollata,True,Euphorbia corollata,0.000000,False,False,,False
Gonolobus_suberosus_1.jpg,Gonolobus suberosus,True,C-m0.03,0.030000,Euphorbia corollata,True,Euphorbia corollata,0.000000,False,False,,False
Gonolobus_suberosus_1.jpg,Gonolobus suberosus,True,C-m0.04,0.040000,Euphorbia corollata,True,Euphorbia corollata,0.000000,False,False,,False
Gonolobus_suberosus_1.jpg,Gonolobus suberosus,True,C-m0.05,0.050000,Euphorbia corollata,True,Euphorbia corollata,0.000000,False,False,,False
Gonolobus_suberosus_1.jpg,Gonolobus suberosus,True,C-m0.06,0.060000,Euphorbia corollata,True,Euphorbia corollata,0.000000,False,False,,False
Gonolobus_suberosus_1.jpg,Gonolobus suberosus,True,C-m0.08,0.080000,Euphorbia corollata,True,Euphorbia corollata,0.000000,False,False,,False
Gonolobus_suberosus_1.jpg,Gonolobus suberosus,True,C-m0.10,0.100000,Euphorbia corollata,True,Euphorbia corollata,0.000000,False,False,,False
Gonolobus_suberosus_1.jpg,Gonolobus suberosus,True,T,0.000000,Euphorbia corollata,True,Euphorbia corollata,0.000000,False,False,,False
Gonolobus_suberosus_1.jpg,Gonolobus suberosus,True,T-veto2,0.000000,Euphorbia corollata,True,Euphorbia corollata,0.000000,False,False,,False
Gonolobus_suberosus_1.jpg,Gonolobus suberosus,True,T-veto3,0.000000,Euphorbia corollata,True,Euphorbia corollata,0.000000,False,False,,False
Gonolobus_suberosus_1.jpg,Gonolobus suberosus,True,T-veto5,0.000000,Euphorbia corollata,True,Euphorbia corollata,0.000000,False,False,,False
Gonolobus_suberosus_1.jpg,Gonolobus suberosus,True,W,0.000000,Persicaria perfoliata,False,Euphorbia corollata,0.017208,False,False,,False
Gonolobus_suberosus_1.jpg,Gonolobus suberosus,True,C-m*raw,0.047722,Euphorbia corollata,True,Euphorbia corollata,0.000000,False,False,,False
Gonolobus_suberosus_1.jpg,Gonolobus suberosus,True,C-m*hazard,0.047722,Euphorbia corollata,True,Euphorbia corollata,0.000000,False,False,,False
Gonolobus_suberosus_2.jpg,Gonolobus suberosus,True,A,0.000000,Cercis canadensis,False,,inf,False,True,Cercis canadensis,False
Gonolobus_suberosus_2.jpg,Gonolobus suberosus,True,B,0.000000,Cercis canadensis,False,Asimina triloba,0.119613,False,True,Cercis canadensis,False
Gonolobus_suberosus_2.jpg,Gonolobus suberosus,True,C,0.000000,Triadica sebifera,True,Triadica sebifera,0.000000,False,False,,False
Gonolobus_suberosus_2.jpg,Gonolobus suberosus,True,C-veto2,0.000000,Triadica sebifera,True,Triadica sebifera,0.000000,False,False,,False
Gonolobus_suberosus_2.jpg,Gonolobus suberosus,True,C-veto3,0.000000,Triadica sebifera,True,Triadica sebifera,0.000000,False,False,,False
Gonolobus_suberosus_2.jpg,Gonolobus suberosus,True,C-veto5,0.000000,Triadica sebifera,True,Triadica sebifera,0.000000,False,False,,False
Gonolobus_suberosus_2.jpg,Gonolobus suberosus,True,C-m0.01,0.010000,Triadica sebifera,True,Triadica sebifera,0.000000,False,False,,False
Gonolobus_suberosus_2.jpg,Gonolobus suberosus,True,C-m0.02,0.020000,Triadica sebifera,True,Triadica sebifera,0.000000,False,False,,False
Gonolobus_suberosus_2.jpg,Gonolobus suberosus,True,C-m0.03,0.030000,Triadica sebifera,True,Triadica sebifera,0.000000,False,False,,False
Gonolobus_suberosus_2.jpg,Gonolobus suberosus,True,C-m0.04,0.040000,Triadica sebifera,True,Triadica sebifera,0.000000,False,False,,False
Gonolobus_suberosus_2.jpg,Gonolobus suberosus,True,C-m0.05,0.050000,Triadica sebifera,True,Triadica sebifera,0.000000,False,False,,False
Gonolobus_suberosus_2.jpg,Gonolobus suberosus,True,C-m0.06,0.060000,Triadica sebifera,True,Triadica sebifera,0.000000,False,False,,False
Gonolobus_suberosus_2.jpg,Gonolobus suberosus,True,C-m0.08,0.080000,Triadica sebifera,True,Triadica sebifera,0.000000,False,False,,False
Gonolobus_suberosus_2.jpg,Gonolobus suberosus,True,C-m0.10,0.100000,Triadica sebifera,True,Triadica sebifera,0.000000,False,False,,False
Gonolobus_suberosus_2.jpg,Gonolobus suberosus,True,T,0.000000,Mallotus paniculatus,True,Mallotus paniculatus,0.000000,False,False,,False
Gonolobus_suberosus_2.jpg,Gonolobus suberosus,True,T-veto2,0.000000,Mallotus paniculatus,True,Mallotus paniculatus,0.000000,False,False,,False
Gonolobus_suberosus_2.jpg,Gonolobus suberosus,True,T-veto3,0.000000,Mallotus paniculatus,True,Mallotus paniculatus,0.000000,False,False,,False
Gonolobus_suberosus_2.jpg,Gonolobus suberosus,True,T-veto5,0.000000,Mallotus paniculatus,True,Mallotus paniculatus,0.000000,False,False,,False
Gonolobus_suberosus_2.jpg,Gonolobus suberosus,True,W,0.000000,Mallotus paniculatus,True,Mallotus paniculatus,0.000000,False,False,,False
Gonolobus_suberosus_2.jpg,Gonolobus suberosus,True,C-m*raw,0.047722,Triadica sebifera,True,Triadica sebifera,0.000000,False,False,,False
Gonolobus_suberosus_2.jpg,Gonolobus suberosus,True,C-m*hazard,0.047722,Triadica sebifera,True,Triadica sebifera,0.000000,False,False,,False
Smallanthus_uvedalia_0.jpg,Smallanthus uvedalia,True,A,0.000000,Platanus occidentalis,False,,inf,False,True,Platanus occidentalis,False
Smallanthus_uvedalia_0.jpg,Smallanthus uvedalia,True,B,0.000000,Solanum carolinense,True,Solanum carolinense,0.000000,False,False,,False
Smallanthus_uvedalia_0.jpg,Smallanthus uvedalia,True,C,0.000000,Smallanthus uvedalia,True,Smallanthus uvedalia,0.000000,False,False,,False
Smallanthus_uvedalia_0.jpg,Smallanthus uvedalia,True,C-veto2,0.000000,Smallanthus uvedalia,True,Smallanthus uvedalia,0.000000,False,False,,False
Smallanthus_uvedalia_0.jpg,Smallanthus uvedalia,True,C-veto3,0.000000,Smallanthus uvedalia,True,Smallanthus uvedalia,0.000000,False,False,,False
Smallanthus_uvedalia_0.jpg,Smallanthus uvedalia,True,C-veto5,0.000000,Smallanthus uvedalia,True,Smallanthus uvedalia,0.000000,False,False,,False
Smallanthus_uvedalia_0.jpg,Smallanthus uvedalia,True,C-m0.01,0.010000,Smallanthus uvedalia,True,Smallanthus uvedalia,0.000000,False,False,,False
Smallanthus_uvedalia_0.jpg,Smallanthus uvedalia,True,C-m0.02,0.020000,Smallanthus uvedalia,True,Smallanthus uvedalia,0.000000,False,False,,False
Smallanthus_uvedalia_0.jpg,Smallanthus uvedalia,True,C-m0.03,0.030000,Smallanthus uvedalia,True,Smallanthus uvedalia,0.000000,False,False,,False
Smallanthus_uvedalia_0.jpg,Smallanthus uvedalia,True,C-m0.04,0.040000,Smallanthus uvedalia,True,Smallanthus uvedalia,0.000000,False,False,,False
Smallanthus_uvedalia_0.jpg,Smallanthus uvedalia,True,C-m0.05,0.050000,Smallanthus uvedalia,True,Smallanthus uvedalia,0.000000,False,False,,False
Smallanthus_uvedalia_0.jpg,Smallanthus uvedalia,True,C-m0.06,0.060000,Smallanthus uvedalia,True,Smallanthus uvedalia,0.000000,False,False,,False
Smallanthus_uvedalia_0.jpg,Smallanthus uvedalia,True,C-m0.08,0.080000,Smallanthus uvedalia,True,Smallanthus uvedalia,0.000000,False,False,,False
Smallanthus_uvedalia_0.jpg,Smallanthus uvedalia,True,C-m0.10,0.100000,Smallanthus uvedalia,True,Smallanthus uvedalia,0.000000,False,False,,False
Smallanthus_uvedalia_0.jpg,Smallanthus uvedalia,True,T,0.000000,Smallanthus uvedalia,True,Smallanthus uvedalia,0.000000,False,False,,False
Smallanthus_uvedalia_0.jpg,Smallanthus uvedalia,True,T-veto2,0.000000,Smallanthus uvedalia,True,Smallanthus uvedalia,0.000000,False,False,,False
Smallanthus_uvedalia_0.jpg,Smallanthus uvedalia,True,T-veto3,0.000000,Smallanthus uvedalia,True,Smallanthus uvedalia,0.000000,False,False,,False
Smallanthus_uvedalia_0.jpg,Smallanthus uvedalia,True,T-veto5,0.000000,Smallanthus uvedalia,True,Smallanthus uvedalia,0.000000,False,False,,False
Smallanthus_uvedalia_0.jpg,Smallanthus uvedalia,True,W,0.000000,Smallanthus uvedalia,True,Smallanthus uvedalia,0.000000,False,False,,False
Smallanthus_uvedalia_0.jpg,Smallanthus uvedalia,True,C-m*raw,0.047722,Smallanthus uvedalia,True,Smallanthus uvedalia,0.000000,False,False,,False
Smallanthus_uvedalia_0.jpg,Smallanthus uvedalia,True,C-m*hazard,0.047722,Smallanthus uvedalia,True,Smallanthus uvedalia,0.000000,False,False,,False
Smallanthus_uvedalia_1.jpg,Smallanthus uvedalia,True,A,0.000000,Erechtites hieraciifolius,False,,inf,False,True,Erechtites hieraciifolius,False
Smallanthus_uvedalia_1.jpg,Smallanthus uvedalia,True,B,0.000000,Solanum carolinense,True,Solanum carolinense,0.000000,False,False,,False
Smallanthus_uvedalia_1.jpg,Smallanthus uvedalia,True,C,0.000000,Smallanthus uvedalia,True,Smallanthus uvedalia,0.000000,False,False,,False
Smallanthus_uvedalia_1.jpg,Smallanthus uvedalia,True,C-veto2,0.000000,Smallanthus uvedalia,True,Smallanthus uvedalia,0.000000,False,False,,False
Smallanthus_uvedalia_1.jpg,Smallanthus uvedalia,True,C-veto3,0.000000,Smallanthus uvedalia,True,Smallanthus uvedalia,0.000000,False,False,,False
Smallanthus_uvedalia_1.jpg,Smallanthus uvedalia,True,C-veto5,0.000000,Smallanthus uvedalia,True,Smallanthus uvedalia,0.000000,False,False,,False
Smallanthus_uvedalia_1.jpg,Smallanthus uvedalia,True,C-m0.01,0.010000,Smallanthus uvedalia,True,Smallanthus uvedalia,0.000000,False,False,,False
Smallanthus_uvedalia_1.jpg,Smallanthus uvedalia,True,C-m0.02,0.020000,Smallanthus uvedalia,True,Smallanthus uvedalia,0.000000,False,False,,False
Smallanthus_uvedalia_1.jpg,Smallanthus uvedalia,True,C-m0.03,0.030000,Smallanthus uvedalia,True,Smallanthus uvedalia,0.000000,False,False,,False
Smallanthus_uvedalia_1.jpg,Smallanthus uvedalia,True,C-m0.04,0.040000,Smallanthus uvedalia,True,Smallanthus uvedalia,0.000000,False,False,,False
Smallanthus_uvedalia_1.jpg,Smallanthus uvedalia,True,C-m0.05,0.050000,Smallanthus uvedalia,True,Smallanthus uvedalia,0.000000,False,False,,False
Smallanthus_uvedalia_1.jpg,Smallanthus uvedalia,True,C-m0.06,0.060000,Smallanthus uvedalia,True,Smallanthus uvedalia,0.000000,False,False,,False
Smallanthus_uvedalia_1.jpg,Smallanthus uvedalia,True,C-m0.08,0.080000,Smallanthus uvedalia,True,Smallanthus uvedalia,0.000000,False,False,,False
Smallanthus_uvedalia_1.jpg,Smallanthus uvedalia,True,C-m0.10,0.100000,Smallanthus uvedalia,True,Smallanthus uvedalia,0.000000,False,False,,False
Smallanthus_uvedalia_1.jpg,Smallanthus uvedalia,True,T,0.000000,Smallanthus uvedalia,True,Smallanthus uvedalia,0.000000,False,False,,False
Smallanthus_uvedalia_1.jpg,Smallanthus uvedalia,True,T-veto2,0.000000,Smallanthus uvedalia,True,Smallanthus uvedalia,0.000000,False,False,,False
Smallanthus_uvedalia_1.jpg,Smallanthus uvedalia,True,T-veto3,0.000000,Smallanthus uvedalia,True,Smallanthus uvedalia,0.000000,False,False,,False
Smallanthus_uvedalia_1.jpg,Smallanthus uvedalia,True,T-veto5,0.000000,Smallanthus uvedalia,True,Smallanthus uvedalia,0.000000,False,False,,False
Smallanthus_uvedalia_1.jpg,Smallanthus uvedalia,True,W,0.000000,Smallanthus uvedalia,True,Smallanthus uvedalia,0.000000,False,False,,False
Smallanthus_uvedalia_1.jpg,Smallanthus uvedalia,True,C-m*raw,0.047722,Smallanthus uvedalia,True,Smallanthus uvedalia,0.000000,False,False,,False
Smallanthus_uvedalia_1.jpg,Smallanthus uvedalia,True,C-m*hazard,0.047722,Smallanthus uvedalia,True,Smallanthus uvedalia,0.000000,False,False,,False
Smallanthus_uvedalia_2.jpg,Smallanthus uvedalia,True,A,0.000000,Callicarpa americana,False,,inf,False,True,Callicarpa americana,False
Smallanthus_uvedalia_2.jpg,Smallanthus uvedalia,True,B,0.000000,Solanum carolinense,True,Solanum carolinense,0.000000,False,False,,False
Smallanthus_uvedalia_2.jpg,Smallanthus uvedalia,True,C,0.000000,Smallanthus uvedalia,True,Smallanthus uvedalia,0.000000,False,False,,False
Smallanthus_uvedalia_2.jpg,Smallanthus uvedalia,True,C-veto2,0.000000,Smallanthus uvedalia,True,Smallanthus uvedalia,0.000000,False,False,,False
Smallanthus_uvedalia_2.jpg,Smallanthus uvedalia,True,C-veto3,0.000000,Smallanthus uvedalia,True,Smallanthus uvedalia,0.000000,False,False,,False
Smallanthus_uvedalia_2.jpg,Smallanthus uvedalia,True,C-veto5,0.000000,Smallanthus uvedalia,True,Smallanthus uvedalia,0.000000,False,False,,False
Smallanthus_uvedalia_2.jpg,Smallanthus uvedalia,True,C-m0.01,0.010000,Smallanthus uvedalia,True,Smallanthus uvedalia,0.000000,False,False,,False
Smallanthus_uvedalia_2.jpg,Smallanthus uvedalia,True,C-m0.02,0.020000,Smallanthus uvedalia,True,Smallanthus uvedalia,0.000000,False,False,,False
Smallanthus_uvedalia_2.jpg,Smallanthus uvedalia,True,C-m0.03,0.030000,Smallanthus uvedalia,True,Smallanthus uvedalia,0.000000,False,False,,False
Smallanthus_uvedalia_2.jpg,Smallanthus uvedalia,True,C-m0.04,0.040000,Smallanthus uvedalia,True,Smallanthus uvedalia,0.000000,False,False,,False
Smallanthus_uvedalia_2.jpg,Smallanthus uvedalia,True,C-m0.05,0.050000,Smallanthus uvedalia,True,Smallanthus uvedalia,0.000000,False,False,,False
Smallanthus_uvedalia_2.jpg,Smallanthus uvedalia,True,C-m0.06,0.060000,Smallanthus uvedalia,True,Smallanthus uvedalia,0.000000,False,False,,False
Smallanthus_uvedalia_2.jpg,Smallanthus uvedalia,True,C-m0.08,0.080000,Smallanthus uvedalia,True,Smallanthus uvedalia,0.000000,False,False,,False
Smallanthus_uvedalia_2.jpg,Smallanthus uvedalia,True,C-m0.10,0.100000,Smallanthus uvedalia,True,Smallanthus uvedalia,0.000000,False,False,,False
Smallanthus_uvedalia_2.jpg,Smallanthus uvedalia,True,T,0.000000,Smallanthus uvedalia,True,Smallanthus uvedalia,0.000000,False,False,,False
Smallanthus_uvedalia_2.jpg,Smallanthus uvedalia,True,T-veto2,0.000000,Smallanthus uvedalia,True,Smallanthus uvedalia,0.000000,False,False,,False
Smallanthus_uvedalia_2.jpg,Smallanthus uvedalia,True,T-veto3,0.000000,Smallanthus uvedalia,True,Smallanthus uvedalia,0.000000,False,False,,False
Smallanthus_uvedalia_2.jpg,Smallanthus uvedalia,True,T-veto5,0.000000,Smallanthus uvedalia,True,Smallanthus uvedalia,0.000000,False,False,,False
Smallanthus_uvedalia_2.jpg,Smallanthus uvedalia,True,W,0.000000,Smallanthus uvedalia,True,Smallanthus uvedalia,0.000000,False,False,,False
Smallanthus_uvedalia_2.jpg,Smallanthus uvedalia,True,C-m*raw,0.047722,Smallanthus uvedalia,True,Smallanthus uvedalia,0.000000,False,False,,False
Smallanthus_uvedalia_2.jpg,Smallanthus uvedalia,True,C-m*hazard,0.047722,Smallanthus uvedalia,True,Smallanthus uvedalia,0.000000,False,False,,False
Fallopia_scandens_0.jpg,Fallopia scandens,True,A,0.000000,Rhus copallinum,False,,inf,False,True,Rhus copallinum,False
Fallopia_scandens_0.jpg,Fallopia scandens,True,B,0.000000,Ligustrum sinense,True,Ligustrum sinense,0.000000,False,False,,False
Fallopia_scandens_0.jpg,Fallopia scandens,True,C,0.000000,Berberis bealei,True,Berberis bealei,0.000000,False,False,,False
Fallopia_scandens_0.jpg,Fallopia scandens,True,C-veto2,0.000000,Berberis bealei,True,Berberis bealei,0.000000,False,False,,False
Fallopia_scandens_0.jpg,Fallopia scandens,True,C-veto3,0.000000,Berberis bealei,True,Berberis bealei,0.000000,False,False,,False
Fallopia_scandens_0.jpg,Fallopia scandens,True,C-veto5,0.000000,Berberis bealei,True,Berberis bealei,0.000000,False,False,,False
Fallopia_scandens_0.jpg,Fallopia scandens,True,C-m0.01,0.010000,Berberis bealei,True,Berberis bealei,0.000000,False,False,,False
Fallopia_scandens_0.jpg,Fallopia scandens,True,C-m0.02,0.020000,Berberis bealei,True,Berberis bealei,0.000000,False,False,,False
Fallopia_scandens_0.jpg,Fallopia scandens,True,C-m0.03,0.030000,Berberis bealei,True,Berberis bealei,0.000000,False,False,,False
Fallopia_scandens_0.jpg,Fallopia scandens,True,C-m0.04,0.040000,Berberis bealei,True,Berberis bealei,0.000000,False,False,,False
Fallopia_scandens_0.jpg,Fallopia scandens,True,C-m0.05,0.050000,Berberis bealei,True,Berberis bealei,0.000000,False,False,,False
Fallopia_scandens_0.jpg,Fallopia scandens,True,C-m0.06,0.060000,Berberis bealei,True,Berberis bealei,0.000000,False,False,,False
Fallopia_scandens_0.jpg,Fallopia scandens,True,C-m0.08,0.080000,Berberis bealei,True,Berberis bealei,0.000000,False,False,,False
Fallopia_scandens_0.jpg,Fallopia scandens,True,C-m0.10,0.100000,Berberis bealei,True,Berberis bealei,0.000000,False,False,,False
Fallopia_scandens_0.jpg,Fallopia scandens,True,T,0.000000,Ribes speciosum,True,Ribes speciosum,0.000000,False,False,,False
Fallopia_scandens_0.jpg,Fallopia scandens,True,T-veto2,0.000000,Ribes speciosum,True,Ribes speciosum,0.000000,False,False,,False
Fallopia_scandens_0.jpg,Fallopia scandens,True,T-veto3,0.000000,Ribes speciosum,True,Ribes speciosum,0.000000,False,False,,False
Fallopia_scandens_0.jpg,Fallopia scandens,True,T-veto5,0.000000,Ribes speciosum,True,Ribes speciosum,0.000000,False,False,,False
Fallopia_scandens_0.jpg,Fallopia scandens,True,W,0.000000,Ribes speciosum,True,Ribes speciosum,0.000000,False,False,,False
Fallopia_scandens_0.jpg,Fallopia scandens,True,C-m*raw,0.047722,Berberis bealei,True,Berberis bealei,0.000000,False,False,,False
Fallopia_scandens_0.jpg,Fallopia scandens,True,C-m*hazard,0.047722,Berberis bealei,True,Berberis bealei,0.000000,False,False,,False
Fallopia_scandens_1.jpg,Fallopia scandens,True,A,0.000000,Ampelopsis glandulosa,False,,inf,False,True,Ampelopsis glandulosa,False
Fallopia_scandens_1.jpg,Fallopia scandens,True,B,0.000000,Phytolacca americana,True,Phytolacca americana,0.000000,False,False,,False
Fallopia_scandens_1.jpg,Fallopia scandens,True,C,0.000000,Fallopia scandens,True,Fallopia scandens,0.000000,False,False,,False
Fallopia_scandens_1.jpg,Fallopia scandens,True,C-veto2,0.000000,Fallopia scandens,True,Fallopia scandens,0.000000,False,False,,False
Fallopia_scandens_1.jpg,Fallopia scandens,True,C-veto3,0.000000,Fallopia scandens,True,Fallopia scandens,0.000000,False,False,,False
Fallopia_scandens_1.jpg,Fallopia scandens,True,C-veto5,0.000000,Fallopia scandens,True,Fallopia scandens,0.000000,False,False,,False
Fallopia_scandens_1.jpg,Fallopia scandens,True,C-m0.01,0.010000,Fallopia scandens,True,Fallopia scandens,0.000000,False,False,,False
Fallopia_scandens_1.jpg,Fallopia scandens,True,C-m0.02,0.020000,Fallopia scandens,True,Fallopia scandens,0.000000,False,False,,False
Fallopia_scandens_1.jpg,Fallopia scandens,True,C-m0.03,0.030000,Fallopia scandens,True,Fallopia scandens,0.000000,False,False,,False
Fallopia_scandens_1.jpg,Fallopia scandens,True,C-m0.04,0.040000,Fallopia scandens,True,Fallopia scandens,0.000000,False,False,,False
Fallopia_scandens_1.jpg,Fallopia scandens,True,C-m0.05,0.050000,Fallopia scandens,True,Fallopia scandens,0.000000,False,False,,False
Fallopia_scandens_1.jpg,Fallopia scandens,True,C-m0.06,0.060000,Fallopia scandens,True,Fallopia scandens,0.000000,False,False,,False
Fallopia_scandens_1.jpg,Fallopia scandens,True,C-m0.08,0.080000,Fallopia scandens,True,Fallopia scandens,0.000000,False,False,,False
Fallopia_scandens_1.jpg,Fallopia scandens,True,C-m0.10,0.100000,Fallopia scandens,True,Fallopia scandens,0.000000,False,False,,False
Fallopia_scandens_1.jpg,Fallopia scandens,True,T,0.000000,Fallopia dumetorum,True,Fallopia dumetorum,0.000000,False,False,,False
Fallopia_scandens_1.jpg,Fallopia scandens,True,T-veto2,0.000000,Fallopia dumetorum,True,Fallopia dumetorum,0.000000,False,False,,False
Fallopia_scandens_1.jpg,Fallopia scandens,True,T-veto3,0.000000,Fallopia dumetorum,True,Fallopia dumetorum,0.000000,False,False,,False
Fallopia_scandens_1.jpg,Fallopia scandens,True,T-veto5,0.000000,Fallopia dumetorum,True,Fallopia dumetorum,0.000000,False,False,,False
Fallopia_scandens_1.jpg,Fallopia scandens,True,W,0.000000,Fallopia dumetorum,True,Fallopia dumetorum,0.000000,False,False,,False
Fallopia_scandens_1.jpg,Fallopia scandens,True,C-m*raw,0.047722,Fallopia scandens,True,Fallopia scandens,0.000000,False,False,,False
Fallopia_scandens_1.jpg,Fallopia scandens,True,C-m*hazard,0.047722,Fallopia scandens,True,Fallopia scandens,0.000000,False,False,,False
Fallopia_scandens_2.jpg,Fallopia scandens,True,A,0.000000,Ampelopsis glandulosa,False,,inf,False,True,Ampelopsis glandulosa,False
Fallopia_scandens_2.jpg,Fallopia scandens,True,B,0.000000,Phytolacca americana,True,Phytolacca americana,0.000000,False,False,,False
Fallopia_scandens_2.jpg,Fallopia scandens,True,C,0.000000,Fallopia scandens,True,Fallopia scandens,0.000000,False,False,,False
Fallopia_scandens_2.jpg,Fallopia scandens,True,C-veto2,0.000000,Fallopia scandens,True,Fallopia scandens,0.000000,False,False,,False
Fallopia_scandens_2.jpg,Fallopia scandens,True,C-veto3,0.000000,Fallopia scandens,True,Fallopia scandens,0.000000,False,False,,False
Fallopia_scandens_2.jpg,Fallopia scandens,True,C-veto5,0.000000,Fallopia scandens,True,Fallopia scandens,0.000000,False,False,,False
Fallopia_scandens_2.jpg,Fallopia scandens,True,C-m0.01,0.010000,Fallopia scandens,True,Fallopia scandens,0.000000,False,False,,False
Fallopia_scandens_2.jpg,Fallopia scandens,True,C-m0.02,0.020000,Fallopia scandens,True,Fallopia scandens,0.000000,False,False,,False
Fallopia_scandens_2.jpg,Fallopia scandens,True,C-m0.03,0.030000,Fallopia scandens,True,Fallopia scandens,0.000000,False,False,,False
Fallopia_scandens_2.jpg,Fallopia scandens,True,C-m0.04,0.040000,Fallopia scandens,True,Fallopia scandens,0.000000,False,False,,False
Fallopia_scandens_2.jpg,Fallopia scandens,True,C-m0.05,0.050000,Fallopia scandens,True,Fallopia scandens,0.000000,False,False,,False
Fallopia_scandens_2.jpg,Fallopia scandens,True,C-m0.06,0.060000,Fallopia scandens,True,Fallopia scandens,0.000000,False,False,,False
Fallopia_scandens_2.jpg,Fallopia scandens,True,C-m0.08,0.080000,Fallopia scandens,True,Fallopia scandens,0.000000,False,False,,False
Fallopia_scandens_2.jpg,Fallopia scandens,True,C-m0.10,0.100000,Fallopia scandens,True,Fallopia scandens,0.000000,False,False,,False
Fallopia_scandens_2.jpg,Fallopia scandens,True,T,0.000000,Fallopia scandens,True,Fallopia scandens,0.000000,False,False,,False
Fallopia_scandens_2.jpg,Fallopia scandens,True,T-veto2,0.000000,Fallopia scandens,True,Fallopia scandens,0.000000,False,False,,False
Fallopia_scandens_2.jpg,Fallopia scandens,True,T-veto3,0.000000,Fallopia scandens,True,Fallopia scandens,0.000000,False,False,,False
Fallopia_scandens_2.jpg,Fallopia scandens,True,T-veto5,0.000000,Fallopia scandens,True,Fallopia scandens,0.000000,False,False,,False
Fallopia_scandens_2.jpg,Fallopia scandens,True,W,0.000000,Fallopia scandens,True,Fallopia scandens,0.000000,False,False,,False
Fallopia_scandens_2.jpg,Fallopia scandens,True,C-m*raw,0.047722,Fallopia scandens,True,Fallopia scandens,0.000000,False,False,,False
Fallopia_scandens_2.jpg,Fallopia scandens,True,C-m*hazard,0.047722,Fallopia scandens,True,Fallopia scandens,0.000000,False,False,,False
Prunus_serotina_0.jpg,Prunus serotina,True,A,0.000000,Diospyros virginiana,False,,inf,False,True,Diospyros virginiana,False
Prunus_serotina_0.jpg,Prunus serotina,True,B,0.000000,Diospyros virginiana,False,Cornus florida,0.013362,False,True,Diospyros virginiana,False
Prunus_serotina_0.jpg,Prunus serotina,True,C,0.000000,Prunus serotina,True,Prunus serotina,0.000000,False,False,,False
Prunus_serotina_0.jpg,Prunus serotina,True,C-veto2,0.000000,Prunus serotina,True,Prunus serotina,0.000000,False,False,,False
Prunus_serotina_0.jpg,Prunus serotina,True,C-veto3,0.000000,Prunus serotina,True,Prunus serotina,0.000000,False,False,,False
Prunus_serotina_0.jpg,Prunus serotina,True,C-veto5,0.000000,Prunus serotina,True,Prunus serotina,0.000000,False,False,,False
Prunus_serotina_0.jpg,Prunus serotina,True,C-m0.01,0.010000,Prunus serotina,True,Prunus serotina,0.000000,False,False,,False
Prunus_serotina_0.jpg,Prunus serotina,True,C-m0.02,0.020000,Prunus serotina,True,Prunus serotina,0.000000,False,False,,False
Prunus_serotina_0.jpg,Prunus serotina,True,C-m0.03,0.030000,Prunus serotina,True,Prunus serotina,0.000000,False,False,,False
Prunus_serotina_0.jpg,Prunus serotina,True,C-m0.04,0.040000,Prunus serotina,True,Prunus serotina,0.000000,False,False,,False
Prunus_serotina_0.jpg,Prunus serotina,True,C-m0.05,0.050000,Prunus serotina,True,Prunus serotina,0.000000,False,False,,False
Prunus_serotina_0.jpg,Prunus serotina,True,C-m0.06,0.060000,Prunus serotina,True,Prunus serotina,0.000000,False,False,,False
Prunus_serotina_0.jpg,Prunus serotina,True,C-m0.08,0.080000,Prunus serotina,True,Prunus serotina,0.000000,False,False,,False
Prunus_serotina_0.jpg,Prunus serotina,True,C-m0.10,0.100000,Prunus serotina,True,Prunus serotina,0.000000,False,False,,False
Prunus_serotina_0.jpg,Prunus serotina,True,T,0.000000,Prunus serotina,True,Prunus serotina,0.000000,False,False,,False
Prunus_serotina_0.jpg,Prunus serotina,True,T-veto2,0.000000,Prunus serotina,True,Prunus serotina,0.000000,False,False,,False
Prunus_serotina_0.jpg,Prunus serotina,True,T-veto3,0.000000,Prunus serotina,True,Prunus serotina,0.000000,False,False,,False
Prunus_serotina_0.jpg,Prunus serotina,True,T-veto5,0.000000,Prunus serotina,True,Prunus serotina,0.000000,False,False,,False
Prunus_serotina_0.jpg,Prunus serotina,True,W,0.000000,Pinus echinata,False,Prunus serotina,0.036038,False,False,,False
Prunus_serotina_0.jpg,Prunus serotina,True,C-m*raw,0.047722,Prunus serotina,True,Prunus serotina,0.000000,False,False,,False
Prunus_serotina_0.jpg,Prunus serotina,True,C-m*hazard,0.047722,Prunus serotina,True,Prunus serotina,0.000000,False,False,,False
Prunus_serotina_1.jpg,Prunus serotina,True,A,0.000000,Quercus nigra,False,,inf,False,True,Quercus nigra,False
Prunus_serotina_1.jpg,Prunus serotina,True,B,0.000000,Quercus nigra,False,Juglans nigra,0.006226,False,True,Quercus nigra,False
Prunus_serotina_1.jpg,Prunus serotina,True,C,0.000000,Quercus marilandica,True,Quercus marilandica,0.000000,False,False,,False
Prunus_serotina_1.jpg,Prunus serotina,True,C-veto2,0.000000,Quercus marilandica,True,Quercus marilandica,0.000000,False,False,,False
Prunus_serotina_1.jpg,Prunus serotina,True,C-veto3,0.000000,Quercus marilandica,True,Quercus marilandica,0.000000,False,False,,False
Prunus_serotina_1.jpg,Prunus serotina,True,C-veto5,0.000000,Quercus marilandica,True,Quercus marilandica,0.000000,False,False,,False
Prunus_serotina_1.jpg,Prunus serotina,True,C-m0.01,0.010000,Quercus marilandica,True,Quercus marilandica,0.000000,False,False,,False
Prunus_serotina_1.jpg,Prunus serotina,True,C-m0.02,0.020000,Quercus marilandica,True,Quercus marilandica,0.000000,False,False,,False
Prunus_serotina_1.jpg,Prunus serotina,True,C-m0.03,0.030000,Quercus marilandica,True,Quercus marilandica,0.000000,False,False,,False
Prunus_serotina_1.jpg,Prunus serotina,True,C-m0.04,0.040000,Quercus marilandica,True,Quercus marilandica,0.000000,False,False,,False
Prunus_serotina_1.jpg,Prunus serotina,True,C-m0.05,0.050000,Quercus marilandica,True,Quercus marilandica,0.000000,False,False,,False
Prunus_serotina_1.jpg,Prunus serotina,True,C-m0.06,0.060000,Quercus marilandica,True,Quercus marilandica,0.000000,False,False,,False
Prunus_serotina_1.jpg,Prunus serotina,True,C-m0.08,0.080000,Quercus marilandica,True,Quercus marilandica,0.000000,False,False,,False
Prunus_serotina_1.jpg,Prunus serotina,True,C-m0.10,0.100000,Quercus marilandica,True,Quercus marilandica,0.000000,False,False,,False
Prunus_serotina_1.jpg,Prunus serotina,True,T,0.000000,Quercus marilandica,True,Quercus marilandica,0.000000,False,False,,False
Prunus_serotina_1.jpg,Prunus serotina,True,T-veto2,0.000000,Quercus marilandica,True,Quercus marilandica,0.000000,False,False,,False
Prunus_serotina_1.jpg,Prunus serotina,True,T-veto3,0.000000,Quercus marilandica,True,Quercus marilandica,0.000000,False,False,,False
Prunus_serotina_1.jpg,Prunus serotina,True,T-veto5,0.000000,Quercus marilandica,True,Quercus marilandica,0.000000,False,False,,False
Prunus_serotina_1.jpg,Prunus serotina,True,W,0.000000,Nyssa sylvatica,False,Quercus marilandica,0.035488,False,False,,False
Prunus_serotina_1.jpg,Prunus serotina,True,C-m*raw,0.047722,Quercus marilandica,True,Quercus marilandica,0.000000,False,False,,False
Prunus_serotina_1.jpg,Prunus serotina,True,C-m*hazard,0.047722,Quercus marilandica,True,Quercus marilandica,0.000000,False,False,,False
Prunus_serotina_2.jpg,Prunus serotina,True,A,0.000000,Quercus nigra,False,,inf,False,True,Quercus nigra,False
Prunus_serotina_2.jpg,Prunus serotina,True,B,0.000000,Quercus nigra,False,Toxicodendron radicans,0.021335,False,True,Quercus nigra,False
Prunus_serotina_2.jpg,Prunus serotina,True,C,0.000000,Pleopeltis michauxiana,True,Pleopeltis michauxiana,0.000000,False,False,,False
Prunus_serotina_2.jpg,Prunus serotina,True,C-veto2,0.000000,Pleopeltis michauxiana,True,Pleopeltis michauxiana,0.000000,False,False,,False
Prunus_serotina_2.jpg,Prunus serotina,True,C-veto3,0.000000,Pleopeltis michauxiana,True,Pleopeltis michauxiana,0.000000,False,False,,False
Prunus_serotina_2.jpg,Prunus serotina,True,C-veto5,0.000000,Pleopeltis michauxiana,True,Pleopeltis michauxiana,0.000000,False,False,,False
Prunus_serotina_2.jpg,Prunus serotina,True,C-m0.01,0.010000,Pleopeltis michauxiana,True,Pleopeltis michauxiana,0.000000,False,False,,False
Prunus_serotina_2.jpg,Prunus serotina,True,C-m0.02,0.020000,Pleopeltis michauxiana,True,Pleopeltis michauxiana,0.000000,False,False,,False
Prunus_serotina_2.jpg,Prunus serotina,True,C-m0.03,0.030000,Pleopeltis michauxiana,True,Pleopeltis michauxiana,0.000000,False,False,,False
Prunus_serotina_2.jpg,Prunus serotina,True,C-m0.04,0.040000,Pleopeltis michauxiana,True,Pleopeltis michauxiana,0.000000,False,False,,False
Prunus_serotina_2.jpg,Prunus serotina,True,C-m0.05,0.050000,Pleopeltis michauxiana,True,Pleopeltis michauxiana,0.000000,False,False,,False
Prunus_serotina_2.jpg,Prunus serotina,True,C-m0.06,0.060000,Pleopeltis michauxiana,True,Pleopeltis michauxiana,0.000000,False,False,,False
Prunus_serotina_2.jpg,Prunus serotina,True,C-m0.08,0.080000,Pleopeltis michauxiana,True,Pleopeltis michauxiana,0.000000,False,False,,False
Prunus_serotina_2.jpg,Prunus serotina,True,C-m0.10,0.100000,Pleopeltis michauxiana,True,Pleopeltis michauxiana,0.000000,False,False,,False
Prunus_serotina_2.jpg,Prunus serotina,True,T,0.000000,Pleopeltis michauxiana,True,Pleopeltis michauxiana,0.000000,False,False,,False
Prunus_serotina_2.jpg,Prunus serotina,True,T-veto2,0.000000,Pleopeltis michauxiana,True,Pleopeltis michauxiana,0.000000,False,False,,False
Prunus_serotina_2.jpg,Prunus serotina,True,T-veto3,0.000000,Pleopeltis michauxiana,True,Pleopeltis michauxiana,0.000000,False,False,,False
Prunus_serotina_2.jpg,Prunus serotina,True,T-veto5,0.000000,Pleopeltis michauxiana,True,Pleopeltis michauxiana,0.000000,False,False,,False
Prunus_serotina_2.jpg,Prunus serotina,True,W,0.000000,Pinus taeda,False,Pleopeltis michauxiana,0.217664,False,False,,False
Prunus_serotina_2.jpg,Prunus serotina,True,C-m*raw,0.047722,Pleopeltis michauxiana,True,Pleopeltis michauxiana,0.000000,False,False,,False
Prunus_serotina_2.jpg,Prunus serotina,True,C-m*hazard,0.047722,Pleopeltis michauxiana,True,Pleopeltis michauxiana,0.000000,False,False,,False
Helenium_amarum_0.jpg,Helenium amarum,True,A,0.000000,Conoclinium coelestinum,False,,inf,False,True,Conoclinium coelestinum,False
Helenium_amarum_0.jpg,Helenium amarum,True,B,0.000000,Eupatorium capillifolium,True,Eupatorium capillifolium,0.000000,False,False,,False
Helenium_amarum_0.jpg,Helenium amarum,True,C,0.000000,Helenium amarum,True,Helenium amarum,0.000000,False,False,,False
Helenium_amarum_0.jpg,Helenium amarum,True,C-veto2,0.000000,Helenium amarum,True,Helenium amarum,0.000000,False,False,,False
Helenium_amarum_0.jpg,Helenium amarum,True,C-veto3,0.000000,Helenium amarum,True,Helenium amarum,0.000000,False,False,,False
Helenium_amarum_0.jpg,Helenium amarum,True,C-veto5,0.000000,Helenium amarum,True,Helenium amarum,0.000000,False,False,,False
Helenium_amarum_0.jpg,Helenium amarum,True,C-m0.01,0.010000,Helenium amarum,True,Helenium amarum,0.000000,False,False,,False
Helenium_amarum_0.jpg,Helenium amarum,True,C-m0.02,0.020000,Helenium amarum,True,Helenium amarum,0.000000,False,False,,False
Helenium_amarum_0.jpg,Helenium amarum,True,C-m0.03,0.030000,Helenium amarum,True,Helenium amarum,0.000000,False,False,,False
Helenium_amarum_0.jpg,Helenium amarum,True,C-m0.04,0.040000,Helenium amarum,True,Helenium amarum,0.000000,False,False,,False
Helenium_amarum_0.jpg,Helenium amarum,True,C-m0.05,0.050000,Helenium amarum,True,Helenium amarum,0.000000,False,False,,False
Helenium_amarum_0.jpg,Helenium amarum,True,C-m0.06,0.060000,Helenium amarum,True,Helenium amarum,0.000000,False,False,,False
Helenium_amarum_0.jpg,Helenium amarum,True,C-m0.08,0.080000,Helenium amarum,True,Helenium amarum,0.000000,False,False,,False
Helenium_amarum_0.jpg,Helenium amarum,True,C-m0.10,0.100000,Helenium amarum,True,Helenium amarum,0.000000,False,False,,False
Helenium_amarum_0.jpg,Helenium amarum,True,T,0.000000,Helenium amarum,True,Helenium amarum,0.000000,False,False,,False
Helenium_amarum_0.jpg,Helenium amarum,True,T-veto2,0.000000,Helenium amarum,True,Helenium amarum,0.000000,False,False,,False
Helenium_amarum_0.jpg,Helenium amarum,True,T-veto3,0.000000,Helenium amarum,True,Helenium amarum,0.000000,False,False,,False
Helenium_amarum_0.jpg,Helenium amarum,True,T-veto5,0.000000,Helenium amarum,True,Helenium amarum,0.000000,False,False,,False
Helenium_amarum_0.jpg,Helenium amarum,True,W,0.000000,Helenium amarum,True,Helenium amarum,0.000000,False,False,,False
Helenium_amarum_0.jpg,Helenium amarum,True,C-m*raw,0.047722,Helenium amarum,True,Helenium amarum,0.000000,False,False,,False
Helenium_amarum_0.jpg,Helenium amarum,True,C-m*hazard,0.047722,Helenium amarum,True,Helenium amarum,0.000000,False,False,,False
Helenium_amarum_1.jpg,Helenium amarum,True,A,0.000000,Conoclinium coelestinum,False,,inf,False,True,Conoclinium coelestinum,False
Helenium_amarum_1.jpg,Helenium amarum,True,B,0.000000,Eupatorium capillifolium,True,Eupatorium capillifolium,0.000000,False,False,,False
Helenium_amarum_1.jpg,Helenium amarum,True,C,0.000000,Helenium amarum,True,Helenium amarum,0.000000,False,False,,False
Helenium_amarum_1.jpg,Helenium amarum,True,C-veto2,0.000000,Helenium amarum,True,Helenium amarum,0.000000,False,False,,False
Helenium_amarum_1.jpg,Helenium amarum,True,C-veto3,0.000000,Helenium amarum,True,Helenium amarum,0.000000,False,False,,False
Helenium_amarum_1.jpg,Helenium amarum,True,C-veto5,0.000000,Helenium amarum,True,Helenium amarum,0.000000,False,False,,False
Helenium_amarum_1.jpg,Helenium amarum,True,C-m0.01,0.010000,Helenium amarum,True,Helenium amarum,0.000000,False,False,,False
Helenium_amarum_1.jpg,Helenium amarum,True,C-m0.02,0.020000,Helenium amarum,True,Helenium amarum,0.000000,False,False,,False
Helenium_amarum_1.jpg,Helenium amarum,True,C-m0.03,0.030000,Helenium amarum,True,Helenium amarum,0.000000,False,False,,False
Helenium_amarum_1.jpg,Helenium amarum,True,C-m0.04,0.040000,Helenium amarum,True,Helenium amarum,0.000000,False,False,,False
Helenium_amarum_1.jpg,Helenium amarum,True,C-m0.05,0.050000,Helenium amarum,True,Helenium amarum,0.000000,False,False,,False
Helenium_amarum_1.jpg,Helenium amarum,True,C-m0.06,0.060000,Helenium amarum,True,Helenium amarum,0.000000,False,False,,False
Helenium_amarum_1.jpg,Helenium amarum,True,C-m0.08,0.080000,Helenium amarum,True,Helenium amarum,0.000000,False,False,,False
Helenium_amarum_1.jpg,Helenium amarum,True,C-m0.10,0.100000,Helenium amarum,True,Helenium amarum,0.000000,False,False,,False
Helenium_amarum_1.jpg,Helenium amarum,True,T,0.000000,Helenium amarum,True,Helenium amarum,0.000000,False,False,,False
Helenium_amarum_1.jpg,Helenium amarum,True,T-veto2,0.000000,Helenium amarum,True,Helenium amarum,0.000000,False,False,,False
Helenium_amarum_1.jpg,Helenium amarum,True,T-veto3,0.000000,Helenium amarum,True,Helenium amarum,0.000000,False,False,,False
Helenium_amarum_1.jpg,Helenium amarum,True,T-veto5,0.000000,Helenium amarum,True,Helenium amarum,0.000000,False,False,,False
Helenium_amarum_1.jpg,Helenium amarum,True,W,0.000000,Helenium amarum,True,Helenium amarum,0.000000,False,False,,False
Helenium_amarum_1.jpg,Helenium amarum,True,C-m*raw,0.047722,Helenium amarum,True,Helenium amarum,0.000000,False,False,,False
Helenium_amarum_1.jpg,Helenium amarum,True,C-m*hazard,0.047722,Helenium amarum,True,Helenium amarum,0.000000,False,False,,False
Helenium_amarum_2.jpg,Helenium amarum,True,A,0.000000,Solidago altissima,False,,inf,False,True,Solidago altissima,False
Helenium_amarum_2.jpg,Helenium amarum,True,B,0.000000,Solidago altissima,False,Eupatorium serotinum,0.007958,False,True,Solidago altissima,False
Helenium_amarum_2.jpg,Helenium amarum,True,C,0.000000,Helenium amarum,True,Helenium amarum,0.000000,False,False,,False
Helenium_amarum_2.jpg,Helenium amarum,True,C-veto2,0.000000,Helenium amarum,True,Helenium amarum,0.000000,False,False,,False
Helenium_amarum_2.jpg,Helenium amarum,True,C-veto3,0.000000,Helenium amarum,True,Helenium amarum,0.000000,False,False,,False
Helenium_amarum_2.jpg,Helenium amarum,True,C-veto5,0.000000,Helenium amarum,True,Helenium amarum,0.000000,False,False,,False
Helenium_amarum_2.jpg,Helenium amarum,True,C-m0.01,0.010000,Helenium amarum,True,Helenium amarum,0.000000,False,False,,False
Helenium_amarum_2.jpg,Helenium amarum,True,C-m0.02,0.020000,Helenium amarum,True,Helenium amarum,0.000000,False,False,,False
Helenium_amarum_2.jpg,Helenium amarum,True,C-m0.03,0.030000,Helenium amarum,True,Helenium amarum,0.000000,False,False,,False
Helenium_amarum_2.jpg,Helenium amarum,True,C-m0.04,0.040000,Helenium amarum,True,Helenium amarum,0.000000,False,False,,False
Helenium_amarum_2.jpg,Helenium amarum,True,C-m0.05,0.050000,Helenium amarum,True,Helenium amarum,0.000000,False,False,,False
Helenium_amarum_2.jpg,Helenium amarum,True,C-m0.06,0.060000,Helenium amarum,True,Helenium amarum,0.000000,False,False,,False
Helenium_amarum_2.jpg,Helenium amarum,True,C-m0.08,0.080000,Helenium amarum,True,Helenium amarum,0.000000,False,False,,False
Helenium_amarum_2.jpg,Helenium amarum,True,C-m0.10,0.100000,Helenium amarum,True,Helenium amarum,0.000000,False,False,,False
Helenium_amarum_2.jpg,Helenium amarum,True,T,0.000000,Helenium amarum,True,Helenium amarum,0.000000,False,False,,False
Helenium_amarum_2.jpg,Helenium amarum,True,T-veto2,0.000000,Helenium amarum,True,Helenium amarum,0.000000,False,False,,False
Helenium_amarum_2.jpg,Helenium amarum,True,T-veto3,0.000000,Helenium amarum,True,Helenium amarum,0.000000,False,False,,False
Helenium_amarum_2.jpg,Helenium amarum,True,T-veto5,0.000000,Helenium amarum,True,Helenium amarum,0.000000,False,False,,False
Helenium_amarum_2.jpg,Helenium amarum,True,W,0.000000,Helenium amarum,True,Helenium amarum,0.000000,False,False,,False
Helenium_amarum_2.jpg,Helenium amarum,True,C-m*raw,0.047722,Helenium amarum,True,Helenium amarum,0.000000,False,False,,False
Helenium_amarum_2.jpg,Helenium amarum,True,C-m*hazard,0.047722,Helenium amarum,True,Helenium amarum,0.000000,False,False,,False
Trichostema_dichotomum_0.jpg,Trichostema dichotomum,True,A,0.000000,Erechtites hieraciifolius,False,,inf,False,True,Erechtites hieraciifolius,False
Trichostema_dichotomum_0.jpg,Trichostema dichotomum,True,B,0.000000,Erechtites hieraciifolius,False,Eupatorium serotinum,0.035227,False,True,Erechtites hieraciifolius,False
Trichostema_dichotomum_0.jpg,Trichostema dichotomum,True,C,0.000000,Brickellia eupatorioides,True,Brickellia eupatorioides,0.000000,False,False,,False
Trichostema_dichotomum_0.jpg,Trichostema dichotomum,True,C-veto2,0.000000,Brickellia eupatorioides,True,Brickellia eupatorioides,0.000000,False,False,,False
Trichostema_dichotomum_0.jpg,Trichostema dichotomum,True,C-veto3,0.000000,Brickellia eupatorioides,True,Brickellia eupatorioides,0.000000,False,False,,False
Trichostema_dichotomum_0.jpg,Trichostema dichotomum,True,C-veto5,0.000000,Brickellia eupatorioides,True,Brickellia eupatorioides,0.000000,False,False,,False
Trichostema_dichotomum_0.jpg,Trichostema dichotomum,True,C-m0.01,0.010000,Brickellia eupatorioides,True,Brickellia eupatorioides,0.000000,False,False,,False
Trichostema_dichotomum_0.jpg,Trichostema dichotomum,True,C-m0.02,0.020000,Brickellia eupatorioides,True,Brickellia eupatorioides,0.000000,False,False,,False
Trichostema_dichotomum_0.jpg,Trichostema dichotomum,True,C-m0.03,0.030000,Brickellia eupatorioides,True,Brickellia eupatorioides,0.000000,False,False,,False
Trichostema_dichotomum_0.jpg,Trichostema dichotomum,True,C-m0.04,0.040000,Brickellia eupatorioides,True,Brickellia eupatorioides,0.000000,False,False,,False
Trichostema_dichotomum_0.jpg,Trichostema dichotomum,True,C-m0.05,0.050000,Brickellia eupatorioides,True,Brickellia eupatorioides,0.000000,False,False,,False
Trichostema_dichotomum_0.jpg,Trichostema dichotomum,True,C-m0.06,0.060000,Brickellia eupatorioides,True,Brickellia eupatorioides,0.000000,False,False,,False
Trichostema_dichotomum_0.jpg,Trichostema dichotomum,True,C-m0.08,0.080000,Brickellia eupatorioides,True,Brickellia eupatorioides,0.000000,False,False,,False
Trichostema_dichotomum_0.jpg,Trichostema dichotomum,True,C-m0.10,0.100000,Brickellia eupatorioides,True,Brickellia eupatorioides,0.000000,False,False,,False
Trichostema_dichotomum_0.jpg,Trichostema dichotomum,True,T,0.000000,Nicotiana obtusifolia,True,Nicotiana obtusifolia,0.000000,False,False,,False
Trichostema_dichotomum_0.jpg,Trichostema dichotomum,True,T-veto2,0.000000,Nicotiana obtusifolia,True,Nicotiana obtusifolia,0.000000,False,False,,False
Trichostema_dichotomum_0.jpg,Trichostema dichotomum,True,T-veto3,0.000000,Nicotiana obtusifolia,True,Nicotiana obtusifolia,0.000000,False,False,,False
Trichostema_dichotomum_0.jpg,Trichostema dichotomum,True,T-veto5,0.000000,Nicotiana obtusifolia,True,Nicotiana obtusifolia,0.000000,False,False,,False
Trichostema_dichotomum_0.jpg,Trichostema dichotomum,True,W,0.000000,Nicotiana obtusifolia,True,Nicotiana obtusifolia,0.000000,False,False,,False
Trichostema_dichotomum_0.jpg,Trichostema dichotomum,True,C-m*raw,0.047722,Brickellia eupatorioides,True,Brickellia eupatorioides,0.000000,False,False,,False
Trichostema_dichotomum_0.jpg,Trichostema dichotomum,True,C-m*hazard,0.047722,Brickellia eupatorioides,True,Brickellia eupatorioides,0.000000,False,False,,False
Trichostema_dichotomum_1.jpg,Trichostema dichotomum,True,A,0.000000,Conoclinium coelestinum,False,,inf,False,True,Conoclinium coelestinum,False
Trichostema_dichotomum_1.jpg,Trichostema dichotomum,True,B,0.000000,Ligustrum sinense,True,Ligustrum sinense,0.000000,False,False,,False
Trichostema_dichotomum_1.jpg,Trichostema dichotomum,True,C,0.000000,Trichostema dichotomum,True,Trichostema dichotomum,0.000000,False,False,,False
Trichostema_dichotomum_1.jpg,Trichostema dichotomum,True,C-veto2,0.000000,Trichostema dichotomum,True,Trichostema dichotomum,0.000000,False,False,,False
Trichostema_dichotomum_1.jpg,Trichostema dichotomum,True,C-veto3,0.000000,Trichostema dichotomum,True,Trichostema dichotomum,0.000000,False,False,,False
Trichostema_dichotomum_1.jpg,Trichostema dichotomum,True,C-veto5,0.000000,Trichostema dichotomum,True,Trichostema dichotomum,0.000000,False,False,,False
Trichostema_dichotomum_1.jpg,Trichostema dichotomum,True,C-m0.01,0.010000,Trichostema dichotomum,True,Trichostema dichotomum,0.000000,False,False,,False
Trichostema_dichotomum_1.jpg,Trichostema dichotomum,True,C-m0.02,0.020000,Trichostema dichotomum,True,Trichostema dichotomum,0.000000,False,False,,False
Trichostema_dichotomum_1.jpg,Trichostema dichotomum,True,C-m0.03,0.030000,Trichostema dichotomum,True,Trichostema dichotomum,0.000000,False,False,,False
Trichostema_dichotomum_1.jpg,Trichostema dichotomum,True,C-m0.04,0.040000,Trichostema dichotomum,True,Trichostema dichotomum,0.000000,False,False,,False
Trichostema_dichotomum_1.jpg,Trichostema dichotomum,True,C-m0.05,0.050000,Trichostema dichotomum,True,Trichostema dichotomum,0.000000,False,False,,False
Trichostema_dichotomum_1.jpg,Trichostema dichotomum,True,C-m0.06,0.060000,Trichostema dichotomum,True,Trichostema dichotomum,0.000000,False,False,,False
Trichostema_dichotomum_1.jpg,Trichostema dichotomum,True,C-m0.08,0.080000,Trichostema dichotomum,True,Trichostema dichotomum,0.000000,False,False,,False
Trichostema_dichotomum_1.jpg,Trichostema dichotomum,True,C-m0.10,0.100000,Trichostema dichotomum,True,Trichostema dichotomum,0.000000,False,False,,False
Trichostema_dichotomum_1.jpg,Trichostema dichotomum,True,T,0.000000,Trichostema dichotomum,True,Trichostema dichotomum,0.000000,False,False,,False
Trichostema_dichotomum_1.jpg,Trichostema dichotomum,True,T-veto2,0.000000,Trichostema dichotomum,True,Trichostema dichotomum,0.000000,False,False,,False
Trichostema_dichotomum_1.jpg,Trichostema dichotomum,True,T-veto3,0.000000,Trichostema dichotomum,True,Trichostema dichotomum,0.000000,False,False,,False
Trichostema_dichotomum_1.jpg,Trichostema dichotomum,True,T-veto5,0.000000,Trichostema dichotomum,True,Trichostema dichotomum,0.000000,False,False,,False
Trichostema_dichotomum_1.jpg,Trichostema dichotomum,True,W,0.000000,Trichostema dichotomum,True,Trichostema dichotomum,0.000000,False,False,,False
Trichostema_dichotomum_1.jpg,Trichostema dichotomum,True,C-m*raw,0.047722,Trichostema dichotomum,True,Trichostema dichotomum,0.000000,False,False,,False
Trichostema_dichotomum_1.jpg,Trichostema dichotomum,True,C-m*hazard,0.047722,Trichostema dichotomum,True,Trichostema dichotomum,0.000000,False,False,,False
Trichostema_dichotomum_2.jpg,Trichostema dichotomum,True,A,0.000000,Conoclinium coelestinum,False,,inf,False,True,Conoclinium coelestinum,False
Trichostema_dichotomum_2.jpg,Trichostema dichotomum,True,B,0.000000,Conoclinium coelestinum,False,Ligustrum sinense,0.061001,False,True,Conoclinium coelestinum,False
Trichostema_dichotomum_2.jpg,Trichostema dichotomum,True,C,0.000000,Trichostema dichotomum,True,Trichostema dichotomum,0.000000,False,False,,False
Trichostema_dichotomum_2.jpg,Trichostema dichotomum,True,C-veto2,0.000000,Trichostema dichotomum,True,Trichostema dichotomum,0.000000,False,False,,False
Trichostema_dichotomum_2.jpg,Trichostema dichotomum,True,C-veto3,0.000000,Trichostema dichotomum,True,Trichostema dichotomum,0.000000,False,False,,False
Trichostema_dichotomum_2.jpg,Trichostema dichotomum,True,C-veto5,0.000000,Trichostema dichotomum,True,Trichostema dichotomum,0.000000,False,False,,False
Trichostema_dichotomum_2.jpg,Trichostema dichotomum,True,C-m0.01,0.010000,Trichostema dichotomum,True,Trichostema dichotomum,0.000000,False,False,,False
Trichostema_dichotomum_2.jpg,Trichostema dichotomum,True,C-m0.02,0.020000,Trichostema dichotomum,True,Trichostema dichotomum,0.000000,False,False,,False
Trichostema_dichotomum_2.jpg,Trichostema dichotomum,True,C-m0.03,0.030000,Trichostema dichotomum,True,Trichostema dichotomum,0.000000,False,False,,False
Trichostema_dichotomum_2.jpg,Trichostema dichotomum,True,C-m0.04,0.040000,Trichostema dichotomum,True,Trichostema dichotomum,0.000000,False,False,,False
Trichostema_dichotomum_2.jpg,Trichostema dichotomum,True,C-m0.05,0.050000,Trichostema dichotomum,True,Trichostema dichotomum,0.000000,False,False,,False
Trichostema_dichotomum_2.jpg,Trichostema dichotomum,True,C-m0.06,0.060000,Trichostema dichotomum,True,Trichostema dichotomum,0.000000,False,False,,False
Trichostema_dichotomum_2.jpg,Trichostema dichotomum,True,C-m0.08,0.080000,Trichostema dichotomum,True,Trichostema dichotomum,0.000000,False,False,,False
Trichostema_dichotomum_2.jpg,Trichostema dichotomum,True,C-m0.10,0.100000,Trichostema dichotomum,True,Trichostema dichotomum,0.000000,False,False,,False
Trichostema_dichotomum_2.jpg,Trichostema dichotomum,True,T,0.000000,Trichostema dichotomum,True,Trichostema dichotomum,0.000000,False,False,,False
Trichostema_dichotomum_2.jpg,Trichostema dichotomum,True,T-veto2,0.000000,Trichostema dichotomum,True,Trichostema dichotomum,0.000000,False,False,,False
Trichostema_dichotomum_2.jpg,Trichostema dichotomum,True,T-veto3,0.000000,Trichostema dichotomum,True,Trichostema dichotomum,0.000000,False,False,,False
Trichostema_dichotomum_2.jpg,Trichostema dichotomum,True,T-veto5,0.000000,Trichostema dichotomum,True,Trichostema dichotomum,0.000000,False,False,,False
Trichostema_dichotomum_2.jpg,Trichostema dichotomum,True,W,0.000000,Trichostema dichotomum,True,Trichostema dichotomum,0.000000,False,False,,False
Trichostema_dichotomum_2.jpg,Trichostema dichotomum,True,C-m*raw,0.047722,Trichostema dichotomum,True,Trichostema dichotomum,0.000000,False,False,,False
Trichostema_dichotomum_2.jpg,Trichostema dichotomum,True,C-m*hazard,0.047722,Trichostema dichotomum,True,Trichostema dichotomum,0.000000,False,False,,False
Solanum_emulans_0.jpg,Solanum emulans,True,A,0.000000,Conoclinium coelestinum,False,,inf,True,True,Conoclinium coelestinum,False
Solanum_emulans_0.jpg,Solanum emulans,True,B,0.000000,Solanum carolinense,True,Solanum carolinense,0.000000,True,False,,False
Solanum_emulans_0.jpg,Solanum emulans,True,C,0.000000,Physalis angulata,True,Physalis angulata,0.000000,True,False,,False
Solanum_emulans_0.jpg,Solanum emulans,True,C-veto2,0.000000,Physalis angulata,True,Physalis angulata,0.000000,True,False,,False
Solanum_emulans_0.jpg,Solanum emulans,True,C-veto3,0.000000,Physalis angulata,True,Physalis angulata,0.000000,True,False,,False
Solanum_emulans_0.jpg,Solanum emulans,True,C-veto5,0.000000,Physalis angulata,True,Physalis angulata,0.000000,True,False,,False
Solanum_emulans_0.jpg,Solanum emulans,True,C-m0.01,0.010000,Physalis angulata,True,Physalis angulata,0.000000,True,False,,False
Solanum_emulans_0.jpg,Solanum emulans,True,C-m0.02,0.020000,Physalis angulata,True,Physalis angulata,0.000000,True,False,,False
Solanum_emulans_0.jpg,Solanum emulans,True,C-m0.03,0.030000,Physalis angulata,True,Physalis angulata,0.000000,True,False,,False
Solanum_emulans_0.jpg,Solanum emulans,True,C-m0.04,0.040000,Physalis angulata,True,Physalis angulata,0.000000,True,False,,False
Solanum_emulans_0.jpg,Solanum emulans,True,C-m0.05,0.050000,Physalis angulata,True,Physalis angulata,0.000000,True,False,,False
Solanum_emulans_0.jpg,Solanum emulans,True,C-m0.06,0.060000,Physalis angulata,True,Physalis angulata,0.000000,True,False,,False
Solanum_emulans_0.jpg,Solanum emulans,True,C-m0.08,0.080000,Physalis angulata,True,Physalis angulata,0.000000,True,False,,False
Solanum_emulans_0.jpg,Solanum emulans,True,C-m0.10,0.100000,Physalis angulata,True,Physalis angulata,0.000000,True,False,,False
Solanum_emulans_0.jpg,Solanum emulans,True,T,0.000000,Physalis heterophylla,True,Physalis heterophylla,0.000000,True,False,,False
Solanum_emulans_0.jpg,Solanum emulans,True,T-veto2,0.000000,Physalis heterophylla,True,Physalis heterophylla,0.000000,True,False,,False
Solanum_emulans_0.jpg,Solanum emulans,True,T-veto3,0.000000,Physalis heterophylla,True,Physalis heterophylla,0.000000,True,False,,False
Solanum_emulans_0.jpg,Solanum emulans,True,T-veto5,0.000000,Physalis heterophylla,True,Physalis heterophylla,0.000000,True,False,,False
Solanum_emulans_0.jpg,Solanum emulans,True,W,0.000000,Physalis heterophylla,True,Physalis heterophylla,0.000000,True,False,,False
Solanum_emulans_0.jpg,Solanum emulans,True,C-m*raw,0.047722,Physalis angulata,True,Physalis angulata,0.000000,True,False,,False
Solanum_emulans_0.jpg,Solanum emulans,True,C-m*hazard,0.047722,Physalis angulata,True,Physalis angulata,0.000000,True,False,,False
Solanum_emulans_1.jpg,Solanum emulans,True,A,0.000000,Phyllanthus urinaria,False,,inf,False,True,Phyllanthus urinaria,False
Solanum_emulans_1.jpg,Solanum emulans,True,B,0.000000,Phyllanthus urinaria,False,Persicaria longiseta,0.019364,False,True,Phyllanthus urinaria,False
Solanum_emulans_1.jpg,Solanum emulans,True,C,0.000000,Persicaria sagittata,True,Persicaria sagittata,0.000000,False,False,,False
Solanum_emulans_1.jpg,Solanum emulans,True,C-veto2,0.000000,Persicaria sagittata,True,Persicaria sagittata,0.000000,False,False,,False
Solanum_emulans_1.jpg,Solanum emulans,True,C-veto3,0.000000,Persicaria sagittata,True,Persicaria sagittata,0.000000,False,False,,False
Solanum_emulans_1.jpg,Solanum emulans,True,C-veto5,0.000000,Persicaria sagittata,True,Persicaria sagittata,0.000000,False,False,,False
Solanum_emulans_1.jpg,Solanum emulans,True,C-m0.01,0.010000,Persicaria sagittata,True,Persicaria sagittata,0.000000,False,False,,False
Solanum_emulans_1.jpg,Solanum emulans,True,C-m0.02,0.020000,Persicaria sagittata,True,Persicaria sagittata,0.000000,False,False,,False
Solanum_emulans_1.jpg,Solanum emulans,True,C-m0.03,0.030000,Persicaria sagittata,True,Persicaria sagittata,0.000000,False,False,,False
Solanum_emulans_1.jpg,Solanum emulans,True,C-m0.04,0.040000,Persicaria sagittata,True,Persicaria sagittata,0.000000,False,False,,False
Solanum_emulans_1.jpg,Solanum emulans,True,C-m0.05,0.050000,Persicaria sagittata,True,Persicaria sagittata,0.000000,False,False,,False
Solanum_emulans_1.jpg,Solanum emulans,True,C-m0.06,0.060000,Persicaria sagittata,True,Persicaria sagittata,0.000000,False,False,,False
Solanum_emulans_1.jpg,Solanum emulans,True,C-m0.08,0.080000,Persicaria sagittata,True,Persicaria sagittata,0.000000,False,False,,False
Solanum_emulans_1.jpg,Solanum emulans,True,C-m0.10,0.100000,Persicaria sagittata,True,Persicaria sagittata,0.000000,False,False,,False
Solanum_emulans_1.jpg,Solanum emulans,True,T,0.000000,Galium palustre,True,Galium palustre,0.000000,False,False,,False
Solanum_emulans_1.jpg,Solanum emulans,True,T-veto2,0.000000,Galium palustre,True,Galium palustre,0.000000,False,False,,False
Solanum_emulans_1.jpg,Solanum emulans,True,T-veto3,0.000000,Galium palustre,True,Galium palustre,0.000000,False,False,,False
Solanum_emulans_1.jpg,Solanum emulans,True,T-veto5,0.000000,Galium palustre,True,Galium palustre,0.000000,False,False,,False
Solanum_emulans_1.jpg,Solanum emulans,True,W,0.000000,Galium palustre,True,Galium palustre,0.000000,False,False,,False
Solanum_emulans_1.jpg,Solanum emulans,True,C-m*raw,0.047722,Persicaria sagittata,True,Persicaria sagittata,0.000000,False,False,,False
Solanum_emulans_1.jpg,Solanum emulans,True,C-m*hazard,0.047722,Persicaria sagittata,True,Persicaria sagittata,0.000000,False,False,,False
Solanum_emulans_2.jpg,Solanum emulans,True,A,0.000000,Vitis rotundifolia,False,,inf,True,True,Vitis rotundifolia,False
Solanum_emulans_2.jpg,Solanum emulans,True,B,0.000000,Solanum carolinense,True,Solanum carolinense,0.000000,True,False,,False
Solanum_emulans_2.jpg,Solanum emulans,True,C,0.000000,Solanum emulans,True,Solanum emulans,0.000000,True,False,,False
Solanum_emulans_2.jpg,Solanum emulans,True,C-veto2,0.000000,Solanum emulans,True,Solanum emulans,0.000000,True,False,,False
Solanum_emulans_2.jpg,Solanum emulans,True,C-veto3,0.000000,Solanum emulans,True,Solanum emulans,0.000000,True,False,,False
Solanum_emulans_2.jpg,Solanum emulans,True,C-veto5,0.000000,Solanum emulans,True,Solanum emulans,0.000000,True,False,,False
Solanum_emulans_2.jpg,Solanum emulans,True,C-m0.01,0.010000,Solanum emulans,True,Solanum emulans,0.000000,True,False,,False
Solanum_emulans_2.jpg,Solanum emulans,True,C-m0.02,0.020000,Solanum emulans,True,Solanum emulans,0.000000,True,False,,False
Solanum_emulans_2.jpg,Solanum emulans,True,C-m0.03,0.030000,Solanum emulans,True,Solanum emulans,0.000000,True,False,,False
Solanum_emulans_2.jpg,Solanum emulans,True,C-m0.04,0.040000,Solanum emulans,True,Solanum emulans,0.000000,True,False,,False
Solanum_emulans_2.jpg,Solanum emulans,True,C-m0.05,0.050000,Solanum emulans,True,Solanum emulans,0.000000,True,False,,False
Solanum_emulans_2.jpg,Solanum emulans,True,C-m0.06,0.060000,Solanum emulans,True,Solanum emulans,0.000000,True,False,,False
Solanum_emulans_2.jpg,Solanum emulans,True,C-m0.08,0.080000,Solanum emulans,True,Solanum emulans,0.000000,True,False,,False
Solanum_emulans_2.jpg,Solanum emulans,True,C-m0.10,0.100000,Solanum emulans,True,Solanum emulans,0.000000,True,False,,False
Solanum_emulans_2.jpg,Solanum emulans,True,T,0.000000,Solanum emulans,True,Solanum emulans,0.000000,True,False,,False
Solanum_emulans_2.jpg,Solanum emulans,True,T-veto2,0.000000,Solanum emulans,True,Solanum emulans,0.000000,True,False,,False
Solanum_emulans_2.jpg,Solanum emulans,True,T-veto3,0.000000,Solanum emulans,True,Solanum emulans,0.000000,True,False,,False
Solanum_emulans_2.jpg,Solanum emulans,True,T-veto5,0.000000,Solanum emulans,True,Solanum emulans,0.000000,True,False,,False
Solanum_emulans_2.jpg,Solanum emulans,True,W,0.000000,Solanum emulans,True,Solanum emulans,0.000000,True,False,,False
Solanum_emulans_2.jpg,Solanum emulans,True,C-m*raw,0.047722,Solanum emulans,True,Solanum emulans,0.000000,True,False,,False
Solanum_emulans_2.jpg,Solanum emulans,True,C-m*hazard,0.047722,Solanum emulans,True,Solanum emulans,0.000000,True,False,,False
Conocephalum_salebrosum_0.jpg,Conocephalum salebrosum,True,A,0.000000,Platanus occidentalis,False,,inf,False,True,Platanus occidentalis,False
Conocephalum_salebrosum_0.jpg,Conocephalum salebrosum,True,B,0.000000,Platanus occidentalis,False,Hedera helix,0.076714,False,True,Platanus occidentalis,False
Conocephalum_salebrosum_0.jpg,Conocephalum salebrosum,True,C,0.000000,Conocephalum salebrosum,True,Conocephalum salebrosum,0.000000,False,False,,False
Conocephalum_salebrosum_0.jpg,Conocephalum salebrosum,True,C-veto2,0.000000,Conocephalum salebrosum,True,Conocephalum salebrosum,0.000000,False,False,,False
Conocephalum_salebrosum_0.jpg,Conocephalum salebrosum,True,C-veto3,0.000000,Conocephalum salebrosum,True,Conocephalum salebrosum,0.000000,False,False,,False
Conocephalum_salebrosum_0.jpg,Conocephalum salebrosum,True,C-veto5,0.000000,Conocephalum salebrosum,True,Conocephalum salebrosum,0.000000,False,False,,False
Conocephalum_salebrosum_0.jpg,Conocephalum salebrosum,True,C-m0.01,0.010000,Conocephalum salebrosum,True,Conocephalum salebrosum,0.000000,False,False,,False
Conocephalum_salebrosum_0.jpg,Conocephalum salebrosum,True,C-m0.02,0.020000,Conocephalum salebrosum,True,Conocephalum salebrosum,0.000000,False,False,,False
Conocephalum_salebrosum_0.jpg,Conocephalum salebrosum,True,C-m0.03,0.030000,Conocephalum salebrosum,True,Conocephalum salebrosum,0.000000,False,False,,False
Conocephalum_salebrosum_0.jpg,Conocephalum salebrosum,True,C-m0.04,0.040000,Conocephalum salebrosum,True,Conocephalum salebrosum,0.000000,False,False,,False
Conocephalum_salebrosum_0.jpg,Conocephalum salebrosum,True,C-m0.05,0.050000,Conocephalum salebrosum,True,Conocephalum salebrosum,0.000000,False,False,,False
Conocephalum_salebrosum_0.jpg,Conocephalum salebrosum,True,C-m0.06,0.060000,Conocephalum salebrosum,True,Conocephalum salebrosum,0.000000,False,False,,False
Conocephalum_salebrosum_0.jpg,Conocephalum salebrosum,True,C-m0.08,0.080000,Conocephalum salebrosum,True,Conocephalum salebrosum,0.000000,False,False,,False
Conocephalum_salebrosum_0.jpg,Conocephalum salebrosum,True,C-m0.10,0.100000,Conocephalum salebrosum,True,Conocephalum salebrosum,0.000000,False,False,,False
Conocephalum_salebrosum_0.jpg,Conocephalum salebrosum,True,T,0.000000,Conocephalum salebrosum,True,Conocephalum salebrosum,0.000000,False,False,,False
Conocephalum_salebrosum_0.jpg,Conocephalum salebrosum,True,T-veto2,0.000000,Conocephalum salebrosum,True,Conocephalum salebrosum,0.000000,False,False,,False
Conocephalum_salebrosum_0.jpg,Conocephalum salebrosum,True,T-veto3,0.000000,Conocephalum salebrosum,True,Conocephalum salebrosum,0.000000,False,False,,False
Conocephalum_salebrosum_0.jpg,Conocephalum salebrosum,True,T-veto5,0.000000,Conocephalum salebrosum,True,Conocephalum salebrosum,0.000000,False,False,,False
Conocephalum_salebrosum_0.jpg,Conocephalum salebrosum,True,W,0.000000,Conocephalum salebrosum,True,Conocephalum salebrosum,0.000000,False,False,,False
Conocephalum_salebrosum_0.jpg,Conocephalum salebrosum,True,C-m*raw,0.047722,Conocephalum salebrosum,True,Conocephalum salebrosum,0.000000,False,False,,False
Conocephalum_salebrosum_0.jpg,Conocephalum salebrosum,True,C-m*hazard,0.047722,Conocephalum salebrosum,True,Conocephalum salebrosum,0.000000,False,False,,False
Conocephalum_salebrosum_1.jpg,Conocephalum salebrosum,True,A,0.000000,Platanus occidentalis,False,,inf,False,True,Platanus occidentalis,False
Conocephalum_salebrosum_1.jpg,Conocephalum salebrosum,True,B,0.000000,Platanus occidentalis,False,Hedera helix,0.067377,False,True,Platanus occidentalis,False
Conocephalum_salebrosum_1.jpg,Conocephalum salebrosum,True,C,0.000000,Conocephalum salebrosum,True,Conocephalum salebrosum,0.000000,False,False,,False
Conocephalum_salebrosum_1.jpg,Conocephalum salebrosum,True,C-veto2,0.000000,Conocephalum salebrosum,True,Conocephalum salebrosum,0.000000,False,False,,False
Conocephalum_salebrosum_1.jpg,Conocephalum salebrosum,True,C-veto3,0.000000,Conocephalum salebrosum,True,Conocephalum salebrosum,0.000000,False,False,,False
Conocephalum_salebrosum_1.jpg,Conocephalum salebrosum,True,C-veto5,0.000000,Conocephalum salebrosum,True,Conocephalum salebrosum,0.000000,False,False,,False
Conocephalum_salebrosum_1.jpg,Conocephalum salebrosum,True,C-m0.01,0.010000,Conocephalum salebrosum,True,Conocephalum salebrosum,0.000000,False,False,,False
Conocephalum_salebrosum_1.jpg,Conocephalum salebrosum,True,C-m0.02,0.020000,Conocephalum salebrosum,True,Conocephalum salebrosum,0.000000,False,False,,False
Conocephalum_salebrosum_1.jpg,Conocephalum salebrosum,True,C-m0.03,0.030000,Conocephalum salebrosum,True,Conocephalum salebrosum,0.000000,False,False,,False
Conocephalum_salebrosum_1.jpg,Conocephalum salebrosum,True,C-m0.04,0.040000,Conocephalum salebrosum,True,Conocephalum salebrosum,0.000000,False,False,,False
Conocephalum_salebrosum_1.jpg,Conocephalum salebrosum,True,C-m0.05,0.050000,Conocephalum salebrosum,True,Conocephalum salebrosum,0.000000,False,False,,False
Conocephalum_salebrosum_1.jpg,Conocephalum salebrosum,True,C-m0.06,0.060000,Conocephalum salebrosum,True,Conocephalum salebrosum,0.000000,False,False,,False
Conocephalum_salebrosum_1.jpg,Conocephalum salebrosum,True,C-m0.08,0.080000,Conocephalum salebrosum,True,Conocephalum salebrosum,0.000000,False,False,,False
Conocephalum_salebrosum_1.jpg,Conocephalum salebrosum,True,C-m0.10,0.100000,Conocephalum salebrosum,True,Conocephalum salebrosum,0.000000,False,False,,False
Conocephalum_salebrosum_1.jpg,Conocephalum salebrosum,True,T,0.000000,Conocephalum salebrosum,True,Conocephalum salebrosum,0.000000,False,False,,False
Conocephalum_salebrosum_1.jpg,Conocephalum salebrosum,True,T-veto2,0.000000,Conocephalum salebrosum,True,Conocephalum salebrosum,0.000000,False,False,,False
Conocephalum_salebrosum_1.jpg,Conocephalum salebrosum,True,T-veto3,0.000000,Conocephalum salebrosum,True,Conocephalum salebrosum,0.000000,False,False,,False
Conocephalum_salebrosum_1.jpg,Conocephalum salebrosum,True,T-veto5,0.000000,Conocephalum salebrosum,True,Conocephalum salebrosum,0.000000,False,False,,False
Conocephalum_salebrosum_1.jpg,Conocephalum salebrosum,True,W,0.000000,Conocephalum salebrosum,True,Conocephalum salebrosum,0.000000,False,False,,False
Conocephalum_salebrosum_1.jpg,Conocephalum salebrosum,True,C-m*raw,0.047722,Conocephalum salebrosum,True,Conocephalum salebrosum,0.000000,False,False,,False
Conocephalum_salebrosum_1.jpg,Conocephalum salebrosum,True,C-m*hazard,0.047722,Conocephalum salebrosum,True,Conocephalum salebrosum,0.000000,False,False,,False
Conocephalum_salebrosum_2.jpg,Conocephalum salebrosum,True,A,0.000000,Platanus occidentalis,False,,inf,False,True,Platanus occidentalis,False
Conocephalum_salebrosum_2.jpg,Conocephalum salebrosum,True,B,0.000000,Platanus occidentalis,False,Hedera helix,0.053212,False,True,Platanus occidentalis,False
Conocephalum_salebrosum_2.jpg,Conocephalum salebrosum,True,C,0.000000,Conocephalum salebrosum,True,Conocephalum salebrosum,0.000000,False,False,,False
Conocephalum_salebrosum_2.jpg,Conocephalum salebrosum,True,C-veto2,0.000000,Conocephalum salebrosum,True,Conocephalum salebrosum,0.000000,False,False,,False
Conocephalum_salebrosum_2.jpg,Conocephalum salebrosum,True,C-veto3,0.000000,Conocephalum salebrosum,True,Conocephalum salebrosum,0.000000,False,False,,False
Conocephalum_salebrosum_2.jpg,Conocephalum salebrosum,True,C-veto5,0.000000,Conocephalum salebrosum,True,Conocephalum salebrosum,0.000000,False,False,,False
Conocephalum_salebrosum_2.jpg,Conocephalum salebrosum,True,C-m0.01,0.010000,Conocephalum salebrosum,True,Conocephalum salebrosum,0.000000,False,False,,False
Conocephalum_salebrosum_2.jpg,Conocephalum salebrosum,True,C-m0.02,0.020000,Conocephalum salebrosum,True,Conocephalum salebrosum,0.000000,False,False,,False
Conocephalum_salebrosum_2.jpg,Conocephalum salebrosum,True,C-m0.03,0.030000,Conocephalum salebrosum,True,Conocephalum salebrosum,0.000000,False,False,,False
Conocephalum_salebrosum_2.jpg,Conocephalum salebrosum,True,C-m0.04,0.040000,Conocephalum salebrosum,True,Conocephalum salebrosum,0.000000,False,False,,False
Conocephalum_salebrosum_2.jpg,Conocephalum salebrosum,True,C-m0.05,0.050000,Conocephalum salebrosum,True,Conocephalum salebrosum,0.000000,False,False,,False
Conocephalum_salebrosum_2.jpg,Conocephalum salebrosum,True,C-m0.06,0.060000,Conocephalum salebrosum,True,Conocephalum salebrosum,0.000000,False,False,,False
Conocephalum_salebrosum_2.jpg,Conocephalum salebrosum,True,C-m0.08,0.080000,Conocephalum salebrosum,True,Conocephalum salebrosum,0.000000,False,False,,False
Conocephalum_salebrosum_2.jpg,Conocephalum salebrosum,True,C-m0.10,0.100000,Conocephalum salebrosum,True,Conocephalum salebrosum,0.000000,False,False,,False
Conocephalum_salebrosum_2.jpg,Conocephalum salebrosum,True,T,0.000000,Conocephalum salebrosum,True,Conocephalum salebrosum,0.000000,False,False,,False
Conocephalum_salebrosum_2.jpg,Conocephalum salebrosum,True,T-veto2,0.000000,Conocephalum salebrosum,True,Conocephalum salebrosum,0.000000,False,False,,False
Conocephalum_salebrosum_2.jpg,Conocephalum salebrosum,True,T-veto3,0.000000,Conocephalum salebrosum,True,Conocephalum salebrosum,0.000000,False,False,,False
Conocephalum_salebrosum_2.jpg,Conocephalum salebrosum,True,T-veto5,0.000000,Conocephalum salebrosum,True,Conocephalum salebrosum,0.000000,False,False,,False
Conocephalum_salebrosum_2.jpg,Conocephalum salebrosum,True,W,0.000000,Conocephalum salebrosum,True,Conocephalum salebrosum,0.000000,False,False,,False
Conocephalum_salebrosum_2.jpg,Conocephalum salebrosum,True,C-m*raw,0.047722,Conocephalum salebrosum,True,Conocephalum salebrosum,0.000000,False,False,,False
Conocephalum_salebrosum_2.jpg,Conocephalum salebrosum,True,C-m*hazard,0.047722,Conocephalum salebrosum,True,Conocephalum salebrosum,0.000000,False,False,,False
Woodwardia_areolata_0.jpg,Woodwardia areolata,True,A,0.000000,Polystichum acrostichoides,False,,inf,False,True,Polystichum acrostichoides,False
Woodwardia_areolata_0.jpg,Woodwardia areolata,True,B,0.000000,Polystichum acrostichoides,False,Ligustrum sinense,0.022655,False,True,Polystichum acrostichoides,False
Woodwardia_areolata_0.jpg,Woodwardia areolata,True,C,0.000000,Woodwardia areolata,True,Woodwardia areolata,0.000000,False,False,,False
Woodwardia_areolata_0.jpg,Woodwardia areolata,True,C-veto2,0.000000,Woodwardia areolata,True,Woodwardia areolata,0.000000,False,False,,False
Woodwardia_areolata_0.jpg,Woodwardia areolata,True,C-veto3,0.000000,Woodwardia areolata,True,Woodwardia areolata,0.000000,False,False,,False
Woodwardia_areolata_0.jpg,Woodwardia areolata,True,C-veto5,0.000000,Woodwardia areolata,True,Woodwardia areolata,0.000000,False,False,,False
Woodwardia_areolata_0.jpg,Woodwardia areolata,True,C-m0.01,0.010000,Woodwardia areolata,True,Woodwardia areolata,0.000000,False,False,,False
Woodwardia_areolata_0.jpg,Woodwardia areolata,True,C-m0.02,0.020000,Woodwardia areolata,True,Woodwardia areolata,0.000000,False,False,,False
Woodwardia_areolata_0.jpg,Woodwardia areolata,True,C-m0.03,0.030000,Woodwardia areolata,True,Woodwardia areolata,0.000000,False,False,,False
Woodwardia_areolata_0.jpg,Woodwardia areolata,True,C-m0.04,0.040000,Woodwardia areolata,True,Woodwardia areolata,0.000000,False,False,,False
Woodwardia_areolata_0.jpg,Woodwardia areolata,True,C-m0.05,0.050000,Woodwardia areolata,True,Woodwardia areolata,0.000000,False,False,,False
Woodwardia_areolata_0.jpg,Woodwardia areolata,True,C-m0.06,0.060000,Woodwardia areolata,True,Woodwardia areolata,0.000000,False,False,,False
Woodwardia_areolata_0.jpg,Woodwardia areolata,True,C-m0.08,0.080000,Woodwardia areolata,True,Woodwardia areolata,0.000000,False,False,,False
Woodwardia_areolata_0.jpg,Woodwardia areolata,True,C-m0.10,0.100000,Woodwardia areolata,True,Woodwardia areolata,0.000000,False,False,,False
Woodwardia_areolata_0.jpg,Woodwardia areolata,True,T,0.000000,Blechnum procerum,True,Blechnum procerum,0.000000,False,False,,False
Woodwardia_areolata_0.jpg,Woodwardia areolata,True,T-veto2,0.000000,Blechnum procerum,True,Blechnum procerum,0.000000,False,False,,False
Woodwardia_areolata_0.jpg,Woodwardia areolata,True,T-veto3,0.000000,Blechnum procerum,True,Blechnum procerum,0.000000,False,False,,False
Woodwardia_areolata_0.jpg,Woodwardia areolata,True,T-veto5,0.000000,Blechnum procerum,True,Blechnum procerum,0.000000,False,False,,False
Woodwardia_areolata_0.jpg,Woodwardia areolata,True,W,0.000000,Cranfillia fluviatilis,False,Blechnum procerum,0.011723,False,False,,False
Woodwardia_areolata_0.jpg,Woodwardia areolata,True,C-m*raw,0.047722,Woodwardia areolata,True,Woodwardia areolata,0.000000,False,False,,False
Woodwardia_areolata_0.jpg,Woodwardia areolata,True,C-m*hazard,0.047722,Woodwardia areolata,True,Woodwardia areolata,0.000000,False,False,,False
Woodwardia_areolata_1.jpg,Woodwardia areolata,True,A,0.000000,Phyllanthus urinaria,False,,inf,False,True,Phyllanthus urinaria,False
Woodwardia_areolata_1.jpg,Woodwardia areolata,True,B,0.000000,Phyllanthus urinaria,False,Ligustrum sinense,0.018872,False,True,Phyllanthus urinaria,False
Woodwardia_areolata_1.jpg,Woodwardia areolata,True,C,0.000000,Ageratum conyzoides,True,Ageratum conyzoides,0.000000,False,False,,False
Woodwardia_areolata_1.jpg,Woodwardia areolata,True,C-veto2,0.000000,Ageratum conyzoides,True,Ageratum conyzoides,0.000000,False,False,,False
Woodwardia_areolata_1.jpg,Woodwardia areolata,True,C-veto3,0.000000,Ageratum conyzoides,True,Ageratum conyzoides,0.000000,False,False,,False
Woodwardia_areolata_1.jpg,Woodwardia areolata,True,C-veto5,0.000000,Ageratum conyzoides,True,Ageratum conyzoides,0.000000,False,False,,False
Woodwardia_areolata_1.jpg,Woodwardia areolata,True,C-m0.01,0.010000,Ageratum conyzoides,True,Ageratum conyzoides,0.000000,False,False,,False
Woodwardia_areolata_1.jpg,Woodwardia areolata,True,C-m0.02,0.020000,Ageratum conyzoides,True,Ageratum conyzoides,0.000000,False,False,,False
Woodwardia_areolata_1.jpg,Woodwardia areolata,True,C-m0.03,0.030000,Ageratum conyzoides,True,Ageratum conyzoides,0.000000,False,False,,False
Woodwardia_areolata_1.jpg,Woodwardia areolata,True,C-m0.04,0.040000,Ageratum conyzoides,True,Ageratum conyzoides,0.000000,False,False,,False
Woodwardia_areolata_1.jpg,Woodwardia areolata,True,C-m0.05,0.050000,Ageratum conyzoides,True,Ageratum conyzoides,0.000000,False,False,,False
Woodwardia_areolata_1.jpg,Woodwardia areolata,True,C-m0.06,0.060000,Ageratum conyzoides,True,Ageratum conyzoides,0.000000,False,False,,False
Woodwardia_areolata_1.jpg,Woodwardia areolata,True,C-m0.08,0.080000,Ageratum conyzoides,True,Ageratum conyzoides,0.000000,False,False,,False
Woodwardia_areolata_1.jpg,Woodwardia areolata,True,C-m0.10,0.100000,Ageratum conyzoides,True,Ageratum conyzoides,0.000000,False,False,,False
Woodwardia_areolata_1.jpg,Woodwardia areolata,True,T,0.000000,Passiflora tripartita,True,Passiflora tripartita,0.000000,False,False,,False
Woodwardia_areolata_1.jpg,Woodwardia areolata,True,T-veto2,0.000000,Passiflora tripartita,True,Passiflora tripartita,0.000000,False,False,,False
Woodwardia_areolata_1.jpg,Woodwardia areolata,True,T-veto3,0.000000,Passiflora tripartita,True,Passiflora tripartita,0.000000,False,False,,False
Woodwardia_areolata_1.jpg,Woodwardia areolata,True,T-veto5,0.000000,Passiflora tripartita,True,Passiflora tripartita,0.000000,False,False,,False
Woodwardia_areolata_1.jpg,Woodwardia areolata,True,W,0.000000,Passiflora tripartita,True,Passiflora tripartita,0.000000,False,False,,False
Woodwardia_areolata_1.jpg,Woodwardia areolata,True,C-m*raw,0.047722,Ageratum conyzoides,True,Ageratum conyzoides,0.000000,False,False,,False
Woodwardia_areolata_1.jpg,Woodwardia areolata,True,C-m*hazard,0.047722,Ageratum conyzoides,True,Ageratum conyzoides,0.000000,False,False,,False
Woodwardia_areolata_2.jpg,Woodwardia areolata,True,A,0.000000,Ampelopsis glandulosa,False,,inf,False,True,Ampelopsis glandulosa,False
Woodwardia_areolata_2.jpg,Woodwardia areolata,True,B,0.000000,Ampelopsis glandulosa,False,Solanum carolinense,0.020436,False,True,Ampelopsis glandulosa,False
Woodwardia_areolata_2.jpg,Woodwardia areolata,True,C,0.000000,Crataegus marshallii,True,Crataegus marshallii,0.000000,False,False,,False
Woodwardia_areolata_2.jpg,Woodwardia areolata,True,C-veto2,0.000000,Crataegus marshallii,True,Crataegus marshallii,0.000000,False,False,,False
Woodwardia_areolata_2.jpg,Woodwardia areolata,True,C-veto3,0.000000,Crataegus marshallii,True,Crataegus marshallii,0.000000,False,False,,False
Woodwardia_areolata_2.jpg,Woodwardia areolata,True,C-veto5,0.000000,Crataegus marshallii,True,Crataegus marshallii,0.000000,False,False,,False
Woodwardia_areolata_2.jpg,Woodwardia areolata,True,C-m0.01,0.010000,Crataegus marshallii,True,Crataegus marshallii,0.000000,False,False,,False
Woodwardia_areolata_2.jpg,Woodwardia areolata,True,C-m0.02,0.020000,Crataegus marshallii,True,Crataegus marshallii,0.000000,False,False,,False
Woodwardia_areolata_2.jpg,Woodwardia areolata,True,C-m0.03,0.030000,Crataegus marshallii,True,Crataegus marshallii,0.000000,False,False,,False
Woodwardia_areolata_2.jpg,Woodwardia areolata,True,C-m0.04,0.040000,Crataegus marshallii,True,Crataegus marshallii,0.000000,False,False,,False
Woodwardia_areolata_2.jpg,Woodwardia areolata,True,C-m0.05,0.050000,Crataegus marshallii,True,Crataegus marshallii,0.000000,False,False,,False
Woodwardia_areolata_2.jpg,Woodwardia areolata,True,C-m0.06,0.060000,Crataegus marshallii,True,Crataegus marshallii,0.000000,False,False,,False
Woodwardia_areolata_2.jpg,Woodwardia areolata,True,C-m0.08,0.080000,Crataegus marshallii,True,Crataegus marshallii,0.000000,False,False,,False
Woodwardia_areolata_2.jpg,Woodwardia areolata,True,C-m0.10,0.100000,Crataegus marshallii,True,Crataegus marshallii,0.000000,False,False,,False
Woodwardia_areolata_2.jpg,Woodwardia areolata,True,T,0.000000,Distimake dissectus,True,Distimake dissectus,0.000000,False,False,,False
Woodwardia_areolata_2.jpg,Woodwardia areolata,True,T-veto2,0.000000,Distimake dissectus,True,Distimake dissectus,0.000000,False,False,,False
Woodwardia_areolata_2.jpg,Woodwardia areolata,True,T-veto3,0.000000,Distimake dissectus,True,Distimake dissectus,0.000000,False,False,,False
Woodwardia_areolata_2.jpg,Woodwardia areolata,True,T-veto5,0.000000,Distimake dissectus,True,Distimake dissectus,0.000000,False,False,,False
Woodwardia_areolata_2.jpg,Woodwardia areolata,True,W,0.000000,Lygodium japonicum,False,Distimake dissectus,0.027048,False,False,,False
Woodwardia_areolata_2.jpg,Woodwardia areolata,True,C-m*raw,0.047722,Crataegus marshallii,True,Crataegus marshallii,0.000000,False,False,,False
Woodwardia_areolata_2.jpg,Woodwardia areolata,True,C-m*hazard,0.047722,Crataegus marshallii,True,Crataegus marshallii,0.000000,False,False,,False
Collinsonia_canadensis_0.jpg,Collinsonia canadensis,True,A,0.000000,Erechtites hieraciifolius,False,,inf,False,True,Erechtites hieraciifolius,False
Collinsonia_canadensis_0.jpg,Collinsonia canadensis,True,B,0.000000,Erechtites hieraciifolius,False,Phytolacca americana,0.042870,False,True,Erechtites hieraciifolius,False
Collinsonia_canadensis_0.jpg,Collinsonia canadensis,True,C,0.000000,Collinsonia canadensis,True,Collinsonia canadensis,0.000000,False,False,,False
Collinsonia_canadensis_0.jpg,Collinsonia canadensis,True,C-veto2,0.000000,Collinsonia canadensis,True,Collinsonia canadensis,0.000000,False,False,,False
Collinsonia_canadensis_0.jpg,Collinsonia canadensis,True,C-veto3,0.000000,Collinsonia canadensis,True,Collinsonia canadensis,0.000000,False,False,,False
Collinsonia_canadensis_0.jpg,Collinsonia canadensis,True,C-veto5,0.000000,Collinsonia canadensis,True,Collinsonia canadensis,0.000000,False,False,,False
Collinsonia_canadensis_0.jpg,Collinsonia canadensis,True,C-m0.01,0.010000,Collinsonia canadensis,True,Collinsonia canadensis,0.000000,False,False,,False
Collinsonia_canadensis_0.jpg,Collinsonia canadensis,True,C-m0.02,0.020000,Collinsonia canadensis,True,Collinsonia canadensis,0.000000,False,False,,False
Collinsonia_canadensis_0.jpg,Collinsonia canadensis,True,C-m0.03,0.030000,Collinsonia canadensis,True,Collinsonia canadensis,0.000000,False,False,,False
Collinsonia_canadensis_0.jpg,Collinsonia canadensis,True,C-m0.04,0.040000,Collinsonia canadensis,True,Collinsonia canadensis,0.000000,False,False,,False
Collinsonia_canadensis_0.jpg,Collinsonia canadensis,True,C-m0.05,0.050000,Collinsonia canadensis,True,Collinsonia canadensis,0.000000,False,False,,False
Collinsonia_canadensis_0.jpg,Collinsonia canadensis,True,C-m0.06,0.060000,Collinsonia canadensis,True,Collinsonia canadensis,0.000000,False,False,,False
Collinsonia_canadensis_0.jpg,Collinsonia canadensis,True,C-m0.08,0.080000,Collinsonia canadensis,True,Collinsonia canadensis,0.000000,False,False,,False
Collinsonia_canadensis_0.jpg,Collinsonia canadensis,True,C-m0.10,0.100000,Collinsonia canadensis,True,Collinsonia canadensis,0.000000,False,False,,False
Collinsonia_canadensis_0.jpg,Collinsonia canadensis,True,T,0.000000,Collinsonia canadensis,True,Collinsonia canadensis,0.000000,False,False,,False
Collinsonia_canadensis_0.jpg,Collinsonia canadensis,True,T-veto2,0.000000,Collinsonia canadensis,True,Collinsonia canadensis,0.000000,False,False,,False
Collinsonia_canadensis_0.jpg,Collinsonia canadensis,True,T-veto3,0.000000,Collinsonia canadensis,True,Collinsonia canadensis,0.000000,False,False,,False
Collinsonia_canadensis_0.jpg,Collinsonia canadensis,True,T-veto5,0.000000,Collinsonia canadensis,True,Collinsonia canadensis,0.000000,False,False,,False
Collinsonia_canadensis_0.jpg,Collinsonia canadensis,True,W,0.000000,Collinsonia canadensis,True,Collinsonia canadensis,0.000000,False,False,,False
Collinsonia_canadensis_0.jpg,Collinsonia canadensis,True,C-m*raw,0.047722,Collinsonia canadensis,True,Collinsonia canadensis,0.000000,False,False,,False
Collinsonia_canadensis_0.jpg,Collinsonia canadensis,True,C-m*hazard,0.047722,Collinsonia canadensis,True,Collinsonia canadensis,0.000000,False,False,,False
Collinsonia_canadensis_1.jpg,Collinsonia canadensis,True,A,0.000000,Callicarpa americana,False,,inf,False,True,Callicarpa americana,False
Collinsonia_canadensis_1.jpg,Collinsonia canadensis,True,B,0.000000,Callicarpa americana,False,Acer negundo,0.062815,False,True,Callicarpa americana,False
Collinsonia_canadensis_1.jpg,Collinsonia canadensis,True,C,0.000000,Collinsonia canadensis,True,Collinsonia canadensis,0.000000,False,False,,False
Collinsonia_canadensis_1.jpg,Collinsonia canadensis,True,C-veto2,0.000000,Collinsonia canadensis,True,Collinsonia canadensis,0.000000,False,False,,False
Collinsonia_canadensis_1.jpg,Collinsonia canadensis,True,C-veto3,0.000000,Collinsonia canadensis,True,Collinsonia canadensis,0.000000,False,False,,False
Collinsonia_canadensis_1.jpg,Collinsonia canadensis,True,C-veto5,0.000000,Collinsonia canadensis,True,Collinsonia canadensis,0.000000,False,False,,False
Collinsonia_canadensis_1.jpg,Collinsonia canadensis,True,C-m0.01,0.010000,Collinsonia canadensis,True,Collinsonia canadensis,0.000000,False,False,,False
Collinsonia_canadensis_1.jpg,Collinsonia canadensis,True,C-m0.02,0.020000,Collinsonia canadensis,True,Collinsonia canadensis,0.000000,False,False,,False
Collinsonia_canadensis_1.jpg,Collinsonia canadensis,True,C-m0.03,0.030000,Collinsonia canadensis,True,Collinsonia canadensis,0.000000,False,False,,False
Collinsonia_canadensis_1.jpg,Collinsonia canadensis,True,C-m0.04,0.040000,Collinsonia canadensis,True,Collinsonia canadensis,0.000000,False,False,,False
Collinsonia_canadensis_1.jpg,Collinsonia canadensis,True,C-m0.05,0.050000,Collinsonia canadensis,True,Collinsonia canadensis,0.000000,False,False,,False
Collinsonia_canadensis_1.jpg,Collinsonia canadensis,True,C-m0.06,0.060000,Collinsonia canadensis,True,Collinsonia canadensis,0.000000,False,False,,False
Collinsonia_canadensis_1.jpg,Collinsonia canadensis,True,C-m0.08,0.080000,Collinsonia canadensis,True,Collinsonia canadensis,0.000000,False,False,,False
Collinsonia_canadensis_1.jpg,Collinsonia canadensis,True,C-m0.10,0.100000,Collinsonia canadensis,True,Collinsonia canadensis,0.000000,False,False,,False
Collinsonia_canadensis_1.jpg,Collinsonia canadensis,True,T,0.000000,Collinsonia canadensis,True,Collinsonia canadensis,0.000000,False,False,,False
Collinsonia_canadensis_1.jpg,Collinsonia canadensis,True,T-veto2,0.000000,Collinsonia canadensis,True,Collinsonia canadensis,0.000000,False,False,,False
Collinsonia_canadensis_1.jpg,Collinsonia canadensis,True,T-veto3,0.000000,Collinsonia canadensis,True,Collinsonia canadensis,0.000000,False,False,,False
Collinsonia_canadensis_1.jpg,Collinsonia canadensis,True,T-veto5,0.000000,Collinsonia canadensis,True,Collinsonia canadensis,0.000000,False,False,,False
Collinsonia_canadensis_1.jpg,Collinsonia canadensis,True,W,0.000000,Collinsonia canadensis,True,Collinsonia canadensis,0.000000,False,False,,False
Collinsonia_canadensis_1.jpg,Collinsonia canadensis,True,C-m*raw,0.047722,Collinsonia canadensis,True,Collinsonia canadensis,0.000000,False,False,,False
Collinsonia_canadensis_1.jpg,Collinsonia canadensis,True,C-m*hazard,0.047722,Collinsonia canadensis,True,Collinsonia canadensis,0.000000,False,False,,False
Collinsonia_canadensis_2.jpg,Collinsonia canadensis,True,A,0.000000,Albizia julibrissin,False,,inf,False,True,Albizia julibrissin,False
Collinsonia_canadensis_2.jpg,Collinsonia canadensis,True,B,0.000000,Albizia julibrissin,False,Nandina domestica,0.030199,False,True,Albizia julibrissin,False
Collinsonia_canadensis_2.jpg,Collinsonia canadensis,True,C,0.000000,Brickellia eupatorioides,True,Brickellia eupatorioides,0.000000,False,False,,False
Collinsonia_canadensis_2.jpg,Collinsonia canadensis,True,C-veto2,0.000000,Brickellia eupatorioides,True,Brickellia eupatorioides,0.000000,False,False,,False
Collinsonia_canadensis_2.jpg,Collinsonia canadensis,True,C-veto3,0.000000,Brickellia eupatorioides,True,Brickellia eupatorioides,0.000000,False,False,,False
Collinsonia_canadensis_2.jpg,Collinsonia canadensis,True,C-veto5,0.000000,Brickellia eupatorioides,True,Brickellia eupatorioides,0.000000,False,False,,False
Collinsonia_canadensis_2.jpg,Collinsonia canadensis,True,C-m0.01,0.010000,Brickellia eupatorioides,True,Brickellia eupatorioides,0.000000,False,False,,False
Collinsonia_canadensis_2.jpg,Collinsonia canadensis,True,C-m0.02,0.020000,Brickellia eupatorioides,True,Brickellia eupatorioides,0.000000,False,False,,False
Collinsonia_canadensis_2.jpg,Collinsonia canadensis,True,C-m0.03,0.030000,Brickellia eupatorioides,True,Brickellia eupatorioides,0.000000,False,False,,False
Collinsonia_canadensis_2.jpg,Collinsonia canadensis,True,C-m0.04,0.040000,Brickellia eupatorioides,True,Brickellia eupatorioides,0.000000,False,False,,False
Collinsonia_canadensis_2.jpg,Collinsonia canadensis,True,C-m0.05,0.050000,Brickellia eupatorioides,True,Brickellia eupatorioides,0.000000,False,False,,False
Collinsonia_canadensis_2.jpg,Collinsonia canadensis,True,C-m0.06,0.060000,Brickellia eupatorioides,True,Brickellia eupatorioides,0.000000,False,False,,False
Collinsonia_canadensis_2.jpg,Collinsonia canadensis,True,C-m0.08,0.080000,Brickellia eupatorioides,True,Brickellia eupatorioides,0.000000,False,False,,False
Collinsonia_canadensis_2.jpg,Collinsonia canadensis,True,C-m0.10,0.100000,Brickellia eupatorioides,True,Brickellia eupatorioides,0.000000,False,False,,False
Collinsonia_canadensis_2.jpg,Collinsonia canadensis,True,T,0.000000,Erythrostemon gilliesii,True,Erythrostemon gilliesii,0.000000,False,False,,False
Collinsonia_canadensis_2.jpg,Collinsonia canadensis,True,T-veto2,0.000000,Erythrostemon gilliesii,True,Erythrostemon gilliesii,0.000000,False,False,,False
Collinsonia_canadensis_2.jpg,Collinsonia canadensis,True,T-veto3,0.000000,Erythrostemon gilliesii,True,Erythrostemon gilliesii,0.000000,False,False,,False
Collinsonia_canadensis_2.jpg,Collinsonia canadensis,True,T-veto5,0.000000,Erythrostemon gilliesii,True,Erythrostemon gilliesii,0.000000,False,False,,False
Collinsonia_canadensis_2.jpg,Collinsonia canadensis,True,W,0.000000,Erythrostemon gilliesii,True,Erythrostemon gilliesii,0.000000,False,False,,False
Collinsonia_canadensis_2.jpg,Collinsonia canadensis,True,C-m*raw,0.047722,Brickellia eupatorioides,True,Brickellia eupatorioides,0.000000,False,False,,False
Collinsonia_canadensis_2.jpg,Collinsonia canadensis,True,C-m*hazard,0.047722,Brickellia eupatorioides,True,Brickellia eupatorioides,0.000000,False,False,,False
Mazus_pumilus_0.jpg,Mazus pumilus,True,A,0.000000,Pueraria montana,False,,inf,False,True,Pueraria montana,False
Mazus_pumilus_0.jpg,Mazus pumilus,True,B,0.000000,Pueraria montana,False,Solanum carolinense,0.031539,False,True,Pueraria montana,False
Mazus_pumilus_0.jpg,Mazus pumilus,True,C,0.000000,Oxalis violacea,True,Oxalis violacea,0.000000,False,False,,False
Mazus_pumilus_0.jpg,Mazus pumilus,True,C-veto2,0.000000,Oxalis violacea,True,Oxalis violacea,0.000000,False,False,,False
Mazus_pumilus_0.jpg,Mazus pumilus,True,C-veto3,0.000000,Oxalis violacea,True,Oxalis violacea,0.000000,False,False,,False
Mazus_pumilus_0.jpg,Mazus pumilus,True,C-veto5,0.000000,Oxalis violacea,True,Oxalis violacea,0.000000,False,False,,False
Mazus_pumilus_0.jpg,Mazus pumilus,True,C-m0.01,0.010000,Oxalis violacea,True,Oxalis violacea,0.000000,False,False,,False
Mazus_pumilus_0.jpg,Mazus pumilus,True,C-m0.02,0.020000,Oxalis violacea,True,Oxalis violacea,0.000000,False,False,,False
Mazus_pumilus_0.jpg,Mazus pumilus,True,C-m0.03,0.030000,Oxalis violacea,True,Oxalis violacea,0.000000,False,False,,False
Mazus_pumilus_0.jpg,Mazus pumilus,True,C-m0.04,0.040000,Oxalis violacea,True,Oxalis violacea,0.000000,False,False,,False
Mazus_pumilus_0.jpg,Mazus pumilus,True,C-m0.05,0.050000,Oxalis violacea,True,Oxalis violacea,0.000000,False,False,,False
Mazus_pumilus_0.jpg,Mazus pumilus,True,C-m0.06,0.060000,Oxalis violacea,True,Oxalis violacea,0.000000,False,False,,False
Mazus_pumilus_0.jpg,Mazus pumilus,True,C-m0.08,0.080000,Oxalis violacea,True,Oxalis violacea,0.000000,False,False,,False
Mazus_pumilus_0.jpg,Mazus pumilus,True,C-m0.10,0.100000,Oxalis violacea,True,Oxalis violacea,0.000000,False,False,,False
Mazus_pumilus_0.jpg,Mazus pumilus,True,T,0.000000,Oxalis drummondii,True,Oxalis drummondii,0.000000,False,False,,False
Mazus_pumilus_0.jpg,Mazus pumilus,True,T-veto2,0.000000,Oxalis drummondii,True,Oxalis drummondii,0.000000,False,False,,False
Mazus_pumilus_0.jpg,Mazus pumilus,True,T-veto3,0.000000,Oxalis drummondii,True,Oxalis drummondii,0.000000,False,False,,False
Mazus_pumilus_0.jpg,Mazus pumilus,True,T-veto5,0.000000,Oxalis drummondii,True,Oxalis drummondii,0.000000,False,False,,False
Mazus_pumilus_0.jpg,Mazus pumilus,True,W,0.000000,Oxalis drummondii,True,Oxalis drummondii,0.000000,False,False,,False
Mazus_pumilus_0.jpg,Mazus pumilus,True,C-m*raw,0.047722,Oxalis violacea,True,Oxalis violacea,0.000000,False,False,,False
Mazus_pumilus_0.jpg,Mazus pumilus,True,C-m*hazard,0.047722,Oxalis violacea,True,Oxalis violacea,0.000000,False,False,,False
Mazus_pumilus_1.jpg,Mazus pumilus,True,A,0.000000,Phyllanthus urinaria,False,,inf,False,True,Phyllanthus urinaria,False
Mazus_pumilus_1.jpg,Mazus pumilus,True,B,0.000000,Phyllanthus urinaria,False,Solanum carolinense,0.016823,False,True,Phyllanthus urinaria,False
Mazus_pumilus_1.jpg,Mazus pumilus,True,C,0.000000,Mazus pumilus,True,Mazus pumilus,0.000000,False,False,,False
Mazus_pumilus_1.jpg,Mazus pumilus,True,C-veto2,0.000000,Mazus pumilus,True,Mazus pumilus,0.000000,False,False,,False
Mazus_pumilus_1.jpg,Mazus pumilus,True,C-veto3,0.000000,Mazus pumilus,True,Mazus pumilus,0.000000,False,False,,False
Mazus_pumilus_1.jpg,Mazus pumilus,True,C-veto5,0.000000,Mazus pumilus,True,Mazus pumilus,0.000000,False,False,,False
Mazus_pumilus_1.jpg,Mazus pumilus,True,C-m0.01,0.010000,Mazus pumilus,True,Mazus pumilus,0.000000,False,False,,False
Mazus_pumilus_1.jpg,Mazus pumilus,True,C-m0.02,0.020000,Mazus pumilus,True,Mazus pumilus,0.000000,False,False,,False
Mazus_pumilus_1.jpg,Mazus pumilus,True,C-m0.03,0.030000,Mazus pumilus,True,Mazus pumilus,0.000000,False,False,,False
Mazus_pumilus_1.jpg,Mazus pumilus,True,C-m0.04,0.040000,Mazus pumilus,True,Mazus pumilus,0.000000,False,False,,False
Mazus_pumilus_1.jpg,Mazus pumilus,True,C-m0.05,0.050000,Mazus pumilus,True,Mazus pumilus,0.000000,False,False,,False
Mazus_pumilus_1.jpg,Mazus pumilus,True,C-m0.06,0.060000,Mazus pumilus,True,Mazus pumilus,0.000000,False,False,,False
Mazus_pumilus_1.jpg,Mazus pumilus,True,C-m0.08,0.080000,Mazus pumilus,True,Mazus pumilus,0.000000,False,False,,False
Mazus_pumilus_1.jpg,Mazus pumilus,True,C-m0.10,0.100000,Mazus pumilus,True,Mazus pumilus,0.000000,False,False,,False
Mazus_pumilus_1.jpg,Mazus pumilus,True,T,0.000000,Mazus pumilus,True,Mazus pumilus,0.000000,False,False,,False
Mazus_pumilus_1.jpg,Mazus pumilus,True,T-veto2,0.000000,Mazus pumilus,True,Mazus pumilus,0.000000,False,False,,False
Mazus_pumilus_1.jpg,Mazus pumilus,True,T-veto3,0.000000,Mazus pumilus,True,Mazus pumilus,0.000000,False,False,,False
Mazus_pumilus_1.jpg,Mazus pumilus,True,T-veto5,0.000000,Mazus pumilus,True,Mazus pumilus,0.000000,False,False,,False
Mazus_pumilus_1.jpg,Mazus pumilus,True,W,0.000000,Mazus pumilus,True,Mazus pumilus,0.000000,False,False,,False
Mazus_pumilus_1.jpg,Mazus pumilus,True,C-m*raw,0.047722,Mazus pumilus,True,Mazus pumilus,0.000000,False,False,,False
Mazus_pumilus_1.jpg,Mazus pumilus,True,C-m*hazard,0.047722,Mazus pumilus,True,Mazus pumilus,0.000000,False,False,,False
Mazus_pumilus_2.jpg,Mazus pumilus,True,A,0.000000,Cercis canadensis,False,,inf,False,True,Cercis canadensis,False
Mazus_pumilus_2.jpg,Mazus pumilus,True,B,0.000000,Cercis canadensis,False,Solanum carolinense,0.023891,False,True,Cercis canadensis,False
Mazus_pumilus_2.jpg,Mazus pumilus,True,C,0.000000,Iris verna,True,Iris verna,0.000000,False,False,,False
Mazus_pumilus_2.jpg,Mazus pumilus,True,C-veto2,0.000000,Iris verna,True,Iris verna,0.000000,False,False,,False
Mazus_pumilus_2.jpg,Mazus pumilus,True,C-veto3,0.000000,Iris verna,True,Iris verna,0.000000,False,False,,False
Mazus_pumilus_2.jpg,Mazus pumilus,True,C-veto5,0.000000,Iris verna,True,Iris verna,0.000000,False,False,,False
Mazus_pumilus_2.jpg,Mazus pumilus,True,C-m0.01,0.010000,Iris verna,True,Iris verna,0.000000,False,False,,False
Mazus_pumilus_2.jpg,Mazus pumilus,True,C-m0.02,0.020000,Iris verna,True,Iris verna,0.000000,False,False,,False
Mazus_pumilus_2.jpg,Mazus pumilus,True,C-m0.03,0.030000,Iris verna,True,Iris verna,0.000000,False,False,,False
Mazus_pumilus_2.jpg,Mazus pumilus,True,C-m0.04,0.040000,Iris verna,True,Iris verna,0.000000,False,False,,False
Mazus_pumilus_2.jpg,Mazus pumilus,True,C-m0.05,0.050000,Iris verna,True,Iris verna,0.000000,False,False,,False
Mazus_pumilus_2.jpg,Mazus pumilus,True,C-m0.06,0.060000,Iris verna,True,Iris verna,0.000000,False,False,,False
Mazus_pumilus_2.jpg,Mazus pumilus,True,C-m0.08,0.080000,Iris verna,True,Iris verna,0.000000,False,False,,False
Mazus_pumilus_2.jpg,Mazus pumilus,True,C-m0.10,0.100000,Iris verna,True,Iris verna,0.000000,False,False,,False
Mazus_pumilus_2.jpg,Mazus pumilus,True,T,0.000000,Polygaloides paucifolia,True,Polygaloides paucifolia,0.000000,False,False,,False
Mazus_pumilus_2.jpg,Mazus pumilus,True,T-veto2,0.000000,Polygaloides paucifolia,True,Polygaloides paucifolia,0.000000,False,False,,False
Mazus_pumilus_2.jpg,Mazus pumilus,True,T-veto3,0.000000,Polygaloides paucifolia,True,Polygaloides paucifolia,0.000000,False,False,,False
Mazus_pumilus_2.jpg,Mazus pumilus,True,T-veto5,0.000000,Polygaloides paucifolia,True,Polygaloides paucifolia,0.000000,False,False,,False
Mazus_pumilus_2.jpg,Mazus pumilus,True,W,0.000000,Crocus tommasinianus,False,Polygaloides paucifolia,0.012960,False,False,,False
Mazus_pumilus_2.jpg,Mazus pumilus,True,C-m*raw,0.047722,Iris verna,True,Iris verna,0.000000,False,False,,False
Mazus_pumilus_2.jpg,Mazus pumilus,True,C-m*hazard,0.047722,Iris verna,True,Iris verna,0.000000,False,False,,False
