set,photo,region,label,kind,prompt,score
non-plant,computer_monitor_1.jpg,full,grass,plant,a photo of Poaceae.,0.489836
non-plant,computer_monitor_1.jpg,full,oak,plant,a photo of Quercus.,0.395214
non-plant,computer_monitor_1.jpg,full,fern,plant,a photo of Polypodiopsida.,0.450585
non-plant,computer_monitor_1.jpg,full,clover,plant,a photo of Trifolium.,0.428867
non-plant,computer_monitor_1.jpg,full,pine,plant,a photo of Pinus.,0.362563
non-plant,computer_monitor_1.jpg,full,dandelion,plant,a photo of Taraxacum.,0.428405
non-plant,computer_monitor_1.jpg,full,poison ivy,hazard,a photo of Toxicodendron radicans.,0.415154
non-plant,computer_monitor_1.jpg,full,poison oak,hazard,a photo of Toxicodendron pubescens.,0.447741
non-plant,computer_monitor_1.jpg,full,poison sumac,hazard,a photo of Toxicodendron vernix.,0.451390
non-plant,computer_monitor_1.jpg,full,pokeweed,hazard,a photo of Phytolacca americana.,0.397370
non-plant,computer_monitor_1.jpg,full,Carolina horsenettle,hazard,a photo of Solanum carolinense.,0.346269
non-plant,computer_monitor_1.jpg,full,lawn,scene,a photo of lawn.,0.413733
non-plant,computer_monitor_1.jpg,full,field,scene,a photo of field.,0.433558
non-plant,computer_monitor_1.jpg,full,weedy garden bed,scene,a photo of weedy garden bed.,0.429795
non-plant,computer_monitor_1.jpg,full,pavement,scene,a photo of pavement.,0.453171
non-plant,computer_monitor_1.jpg,full,person,scene,a photo of person.,0.470485
non-plant,computer_monitor_1.jpg,full,screen,scene,a photo of screen.,0.437730
non-plant,computer_monitor_1.jpg,reticle,grass,plant,a photo of Poaceae.,0.532085
non-plant,computer_monitor_1.jpg,reticle,oak,plant,a photo of Quercus.,0.422230
non-plant,computer_monitor_1.jpg,reticle,fern,plant,a photo of Polypodiopsida.,0.486710
non-plant,computer_monitor_1.jpg,reticle,clover,plant,a photo of Trifolium.,0.448535
non-plant,computer_monitor_1.jpg,reticle,pine,plant,a photo of Pinus.,0.410668
non-plant,computer_monitor_1.jpg,reticle,dandelion,plant,a photo of Taraxacum.,0.427033
non-plant,computer_monitor_1.jpg,reticle,poison ivy,hazard,a photo of Toxicodendron radicans.,0.372442
non-plant,computer_monitor_1.jpg,reticle,poison oak,hazard,a photo of Toxicodendron pubescens.,0.393500
non-plant,computer_monitor_1.jpg,reticle,poison sumac,hazard,a photo of Toxicodendron vernix.,0.421316
non-plant,computer_monitor_1.jpg,reticle,pokeweed,hazard,a photo of Phytolacca americana.,0.341543
non-plant,computer_monitor_1.jpg,reticle,Carolina horsenettle,hazard,a photo of Solanum carolinense.,0.372949
non-plant,computer_monitor_1.jpg,reticle,lawn,scene,a photo of lawn.,0.474518
non-plant,computer_monitor_1.jpg,reticle,field,scene,a photo of field.,0.441267
non-plant,computer_monitor_1.jpg,reticle,weedy garden bed,scene,a photo of weedy garden bed.,0.426131
non-plant,computer_monitor_1.jpg,reticle,pavement,scene,a photo of pavement.,0.476411
non-plant,computer_monitor_1.jpg,reticle,person,scene,a photo of person.,0.488905
non-plant,computer_monitor_1.jpg,reticle,screen,scene,a photo of screen.,0.470870
non-plant,computer_monitor_2.jpg,full,grass,plant,a photo of Poaceae.,0.371294
non-plant,computer_monitor_2.jpg,full,oak,plant,a photo of Quercus.,0.367083
non-plant,computer_monitor_2.jpg,full,fern,plant,a photo of Polypodiopsida.,0.465118
non-plant,computer_monitor_2.jpg,full,clover,plant,a photo of Trifolium.,0.312096
non-plant,computer_monitor_2.jpg,full,pine,plant,a photo of Pinus.,0.371817
non-plant,computer_monitor_2.jpg,full,dandelion,plant,a photo of Taraxacum.,0.357207
non-plant,computer_monitor_2.jpg,full,poison ivy,hazard,a photo of Toxicodendron radicans.,0.325736
non-plant,computer_monitor_2.jpg,full,poison oak,hazard,a photo of Toxicodendron pubescens.,0.242893
non-plant,computer_monitor_2.jpg,full,poison sumac,hazard,a photo of Toxicodendron vernix.,0.299733
non-plant,computer_monitor_2.jpg,full,pokeweed,hazard,a photo of Phytolacca americana.,0.320675
non-plant,computer_monitor_2.jpg,full,Carolina horsenettle,hazard,a photo of Solanum carolinense.,0.219814
non-plant,computer_monitor_2.jpg,full,lawn,scene,a photo of lawn.,0.370905
non-plant,computer_monitor_2.jpg,full,field,scene,a photo of field.,0.422932
non-plant,computer_monitor_2.jpg,full,weedy garden bed,scene,a photo of weedy garden bed.,0.379592
non-plant,computer_monitor_2.jpg,full,pavement,scene,a photo of pavement.,0.444036
non-plant,computer_monitor_2.jpg,full,person,scene,a photo of person.,0.456086
non-plant,computer_monitor_2.jpg,full,screen,scene,a photo of screen.,0.514275
non-plant,computer_monitor_2.jpg,reticle,grass,plant,a photo of Poaceae.,0.423723
non-plant,computer_monitor_2.jpg,reticle,oak,plant,a photo of Quercus.,0.430194
non-plant,computer_monitor_2.jpg,reticle,fern,plant,a photo of Polypodiopsida.,0.480655
non-plant,computer_monitor_2.jpg,reticle,clover,plant,a photo of Trifolium.,0.356792
non-plant,computer_monitor_2.jpg,reticle,pine,plant,a photo of Pinus.,0.416259
non-plant,computer_monitor_2.jpg,reticle,dandelion,plant,a photo of Taraxacum.,0.392403
non-plant,computer_monitor_2.jpg,reticle,poison ivy,hazard,a photo of Toxicodendron radicans.,0.392877
non-plant,computer_monitor_2.jpg,reticle,poison oak,hazard,a photo of Toxicodendron pubescens.,0.302803
non-plant,computer_monitor_2.jpg,reticle,poison sumac,hazard,a photo of Toxicodendron vernix.,0.376160
non-plant,computer_monitor_2.jpg,reticle,pokeweed,hazard,a photo of Phytolacca americana.,0.403360
non-plant,computer_monitor_2.jpg,reticle,Carolina horsenettle,hazard,a photo of Solanum carolinense.,0.309739
non-plant,computer_monitor_2.jpg,reticle,lawn,scene,a photo of lawn.,0.374936
non-plant,computer_monitor_2.jpg,reticle,field,scene,a photo of field.,0.428393
non-plant,computer_monitor_2.jpg,reticle,weedy garden bed,scene,a photo of weedy garden bed.,0.380448
non-plant,computer_monitor_2.jpg,reticle,pavement,scene,a photo of pavement.,0.450943
non-plant,computer_monitor_2.jpg,reticle,person,scene,a photo of person.,0.433580
non-plant,computer_monitor_2.jpg,reticle,screen,scene,a photo of screen.,0.509902
non-plant,smartphone_display_3.jpg,full,grass,plant,a photo of Poaceae.,0.503458
non-plant,smartphone_display_3.jpg,full,oak,plant,a photo of Quercus.,0.536960
non-plant,smartphone_display_3.jpg,full,fern,plant,a photo of Polypodiopsida.,0.514030
non-plant,smartphone_display_3.jpg,full,clover,plant,a photo of Trifolium.,0.455788
non-plant,smartphone_display_3.jpg,full,pine,plant,a photo of Pinus.,0.502769
non-plant,smartphone_display_3.jpg,full,dandelion,plant,a photo of Taraxacum.,0.412568
non-plant,smartphone_display_3.jpg,full,poison ivy,hazard,a photo of Toxicodendron radicans.,0.402470
non-plant,smartphone_display_3.jpg,full,poison oak,hazard,a photo of Toxicodendron pubescens.,0.438109
non-plant,smartphone_display_3.jpg,full,poison sumac,hazard,a photo of Toxicodendron vernix.,0.443067
non-plant,smartphone_display_3.jpg,full,pokeweed,hazard,a photo of Phytolacca americana.,0.401137
non-plant,smartphone_display_3.jpg,full,Carolina horsenettle,hazard,a photo of Solanum carolinense.,0.381343
non-plant,smartphone_display_3.jpg,full,lawn,scene,a photo of lawn.,0.503768
non-plant,smartphone_display_3.jpg,full,field,scene,a photo of field.,0.478182
non-plant,smartphone_display_3.jpg,full,weedy garden bed,scene,a photo of weedy garden bed.,0.505024
non-plant,smartphone_display_3.jpg,full,pavement,scene,a photo of pavement.,0.477905
non-plant,smartphone_display_3.jpg,full,person,scene,a photo of person.,0.533602
non-plant,smartphone_display_3.jpg,full,screen,scene,a photo of screen.,0.578544
non-plant,smartphone_display_3.jpg,reticle,grass,plant,a photo of Poaceae.,0.525273
non-plant,smartphone_display_3.jpg,reticle,oak,plant,a photo of Quercus.,0.506648
non-plant,smartphone_display_3.jpg,reticle,fern,plant,a photo of Polypodiopsida.,0.535106
non-plant,smartphone_display_3.jpg,reticle,clover,plant,a photo of Trifolium.,0.477509
non-plant,smartphone_display_3.jpg,reticle,pine,plant,a photo of Pinus.,0.506031
non-plant,smartphone_display_3.jpg,reticle,dandelion,plant,a photo of Taraxacum.,0.447111
non-plant,smartphone_display_3.jpg,reticle,poison ivy,hazard,a photo of Toxicodendron radicans.,0.407173
non-plant,smartphone_display_3.jpg,reticle,poison oak,hazard,a photo of Toxicodendron pubescens.,0.438592
non-plant,smartphone_display_3.jpg,reticle,poison sumac,hazard,a photo of Toxicodendron vernix.,0.423804
non-plant,smartphone_display_3.jpg,reticle,pokeweed,hazard,a photo of Phytolacca americana.,0.411978
non-plant,smartphone_display_3.jpg,reticle,Carolina horsenettle,hazard,a photo of Solanum carolinense.,0.404504
non-plant,smartphone_display_3.jpg,reticle,lawn,scene,a photo of lawn.,0.529351
non-plant,smartphone_display_3.jpg,reticle,field,scene,a photo of field.,0.495214
non-plant,smartphone_display_3.jpg,reticle,weedy garden bed,scene,a photo of weedy garden bed.,0.506985
non-plant,smartphone_display_3.jpg,reticle,pavement,scene,a photo of pavement.,0.508732
non-plant,smartphone_display_3.jpg,reticle,person,scene,a photo of person.,0.534453
non-plant,smartphone_display_3.jpg,reticle,screen,scene,a photo of screen.,0.580208
non-plant,smartphone_display_4.jpg,full,grass,plant,a photo of Poaceae.,0.508285
non-plant,smartphone_display_4.jpg,full,oak,plant,a photo of Quercus.,0.483789
non-plant,smartphone_display_4.jpg,full,fern,plant,a photo of Polypodiopsida.,0.520127
non-plant,smartphone_display_4.jpg,full,clover,plant,a photo of Trifolium.,0.442899
non-plant,smartphone_display_4.jpg,full,pine,plant,a photo of Pinus.,0.451991
non-plant,smartphone_display_4.jpg,full,dandelion,plant,a photo of Taraxacum.,0.426884
non-plant,smartphone_display_4.jpg,full,poison ivy,hazard,a photo of Toxicodendron radicans.,0.377285
non-plant,smartphone_display_4.jpg,full,poison oak,hazard,a photo of Toxicodendron pubescens.,0.391275
non-plant,smartphone_display_4.jpg,full,poison sumac,hazard,a photo of Toxicodendron vernix.,0.410119
non-plant,smartphone_display_4.jpg,full,pokeweed,hazard,a photo of Phytolacca americana.,0.387722
non-plant,smartphone_display_4.jpg,full,Carolina horsenettle,hazard,a photo of Solanum carolinense.,0.344221
non-plant,smartphone_display_4.jpg,full,lawn,scene,a photo of lawn.,0.469834
non-plant,smartphone_display_4.jpg,full,field,scene,a photo of field.,0.437109
non-plant,smartphone_display_4.jpg,full,weedy garden bed,scene,a photo of weedy garden bed.,0.427505
non-plant,smartphone_display_4.jpg,full,pavement,scene,a photo of pavement.,0.439231
non-plant,smartphone_display_4.jpg,full,person,scene,a photo of person.,0.506676
non-plant,smartphone_display_4.jpg,full,screen,scene,a photo of screen.,0.512128
non-plant,smartphone_display_4.jpg,reticle,grass,plant,a photo of Poaceae.,0.537319
non-plant,smartphone_display_4.jpg,reticle,oak,plant,a photo of Quercus.,0.477312
non-plant,smartphone_display_4.jpg,reticle,fern,plant,a photo of Polypodiopsida.,0.519842
non-plant,smartphone_display_4.jpg,reticle,clover,plant,a photo of Trifolium.,0.451737
non-plant,smartphone_display_4.jpg,reticle,pine,plant,a photo of Pinus.,0.466049
non-plant,smartphone_display_4.jpg,reticle,dandelion,plant,a photo of Taraxacum.,0.430066
non-plant,smartphone_display_4.jpg,reticle,poison ivy,hazard,a photo of Toxicodendron radicans.,0.388925
non-plant,smartphone_display_4.jpg,reticle,poison oak,hazard,a photo of Toxicodendron pubescens.,0.401674
non-plant,smartphone_display_4.jpg,reticle,poison sumac,hazard,a photo of Toxicodendron vernix.,0.389434
non-plant,smartphone_display_4.jpg,reticle,pokeweed,hazard,a photo of Phytolacca americana.,0.395951
non-plant,smartphone_display_4.jpg,reticle,Carolina horsenettle,hazard,a photo of Solanum carolinense.,0.367029
non-plant,smartphone_display_4.jpg,reticle,lawn,scene,a photo of lawn.,0.512056
non-plant,smartphone_display_4.jpg,reticle,field,scene,a photo of field.,0.469178
non-plant,smartphone_display_4.jpg,reticle,weedy garden bed,scene,a photo of weedy garden bed.,0.492145
non-plant,smartphone_display_4.jpg,reticle,pavement,scene,a photo of pavement.,0.458917
non-plant,smartphone_display_4.jpg,reticle,person,scene,a photo of person.,0.514236
non-plant,smartphone_display_4.jpg,reticle,screen,scene,a photo of screen.,0.557509
non-plant,laptop_screen_5.jpg,full,grass,plant,a photo of Poaceae.,0.591398
non-plant,laptop_screen_5.jpg,full,oak,plant,a photo of Quercus.,0.414379
non-plant,laptop_screen_5.jpg,full,fern,plant,a photo of Polypodiopsida.,0.468885
non-plant,laptop_screen_5.jpg,full,clover,plant,a photo of Trifolium.,0.457227
non-plant,laptop_screen_5.jpg,full,pine,plant,a photo of Pinus.,0.435704
non-plant,laptop_screen_5.jpg,full,dandelion,plant,a photo of Taraxacum.,0.409834
non-plant,laptop_screen_5.jpg,full,poison ivy,hazard,a photo of Toxicodendron radicans.,0.372787
non-plant,laptop_screen_5.jpg,full,poison oak,hazard,a photo of Toxicodendron pubescens.,0.347743
non-plant,laptop_screen_5.jpg,full,poison sumac,hazard,a photo of Toxicodendron vernix.,0.403145
non-plant,laptop_screen_5.jpg,full,pokeweed,hazard,a photo of Phytolacca americana.,0.353064
non-plant,laptop_screen_5.jpg,full,Carolina horsenettle,hazard,a photo of Solanum carolinense.,0.418466
non-plant,laptop_screen_5.jpg,full,lawn,scene,a photo of lawn.,0.481479
non-plant,laptop_screen_5.jpg,full,field,scene,a photo of field.,0.417198
non-plant,laptop_screen_5.jpg,full,weedy garden bed,scene,a photo of weedy garden bed.,0.410739
non-plant,laptop_screen_5.jpg,full,pavement,scene,a photo of pavement.,0.434621
non-plant,laptop_screen_5.jpg,full,person,scene,a photo of person.,0.420594
non-plant,laptop_screen_5.jpg,full,screen,scene,a photo of screen.,0.412924
non-plant,laptop_screen_5.jpg,reticle,grass,plant,a photo of Poaceae.,0.615559
non-plant,laptop_screen_5.jpg,reticle,oak,plant,a photo of Quercus.,0.394838
non-plant,laptop_screen_5.jpg,reticle,fern,plant,a photo of Polypodiopsida.,0.482167
non-plant,laptop_screen_5.jpg,reticle,clover,plant,a photo of Trifolium.,0.410761
non-plant,laptop_screen_5.jpg,reticle,pine,plant,a photo of Pinus.,0.406563
non-plant,laptop_screen_5.jpg,reticle,dandelion,plant,a photo of Taraxacum.,0.385417
non-plant,laptop_screen_5.jpg,reticle,poison ivy,hazard,a photo of Toxicodendron radicans.,0.371749
non-plant,laptop_screen_5.jpg,reticle,poison oak,hazard,a photo of Toxicodendron pubescens.,0.379149
non-plant,laptop_screen_5.jpg,reticle,poison sumac,hazard,a photo of Toxicodendron vernix.,0.329005
non-plant,laptop_screen_5.jpg,reticle,pokeweed,hazard,a photo of Phytolacca americana.,0.345138
non-plant,laptop_screen_5.jpg,reticle,Carolina horsenettle,hazard,a photo of Solanum carolinense.,0.386374
non-plant,laptop_screen_5.jpg,reticle,lawn,scene,a photo of lawn.,0.531000
non-plant,laptop_screen_5.jpg,reticle,field,scene,a photo of field.,0.448184
non-plant,laptop_screen_5.jpg,reticle,weedy garden bed,scene,a photo of weedy garden bed.,0.417923
non-plant,laptop_screen_5.jpg,reticle,pavement,scene,a photo of pavement.,0.435619
non-plant,laptop_screen_5.jpg,reticle,person,scene,a photo of person.,0.456693
non-plant,laptop_screen_5.jpg,reticle,screen,scene,a photo of screen.,0.456623
non-plant,laptop_screen_6.jpg,full,grass,plant,a photo of Poaceae.,0.499241
non-plant,laptop_screen_6.jpg,full,oak,plant,a photo of Quercus.,0.489913
non-plant,laptop_screen_6.jpg,full,fern,plant,a photo of Polypodiopsida.,0.492981
non-plant,laptop_screen_6.jpg,full,clover,plant,a photo of Trifolium.,0.461074
non-plant,laptop_screen_6.jpg,full,pine,plant,a photo of Pinus.,0.444749
non-plant,laptop_screen_6.jpg,full,dandelion,plant,a photo of Taraxacum.,0.427350
non-plant,laptop_screen_6.jpg,full,poison ivy,hazard,a photo of Toxicodendron radicans.,0.390200
non-plant,laptop_screen_6.jpg,full,poison oak,hazard,a photo of Toxicodendron pubescens.,0.437898
non-plant,laptop_screen_6.jpg,full,poison sumac,hazard,a photo of Toxicodendron vernix.,0.418306
non-plant,laptop_screen_6.jpg,full,pokeweed,hazard,a photo of Phytolacca americana.,0.390903
non-plant,laptop_screen_6.jpg,full,Carolina horsenettle,hazard,a photo of Solanum carolinense.,0.368045
non-plant,laptop_screen_6.jpg,full,lawn,scene,a photo of lawn.,0.467439
non-plant,laptop_screen_6.jpg,full,field,scene,a photo of field.,0.471925
non-plant,laptop_screen_6.jpg,full,weedy garden bed,scene,a photo of weedy garden bed.,0.474641
non-plant,laptop_screen_6.jpg,full,pavement,scene,a photo of pavement.,0.447303
non-plant,laptop_screen_6.jpg,full,person,scene,a photo of person.,0.522461
non-plant,laptop_screen_6.jpg,full,screen,scene,a photo of screen.,0.514429
non-plant,laptop_screen_6.jpg,reticle,grass,plant,a photo of Poaceae.,0.367503
non-plant,laptop_screen_6.jpg,reticle,oak,plant,a photo of Quercus.,0.376326
non-plant,laptop_screen_6.jpg,reticle,fern,plant,a photo of Polypodiopsida.,0.359747
non-plant,laptop_screen_6.jpg,reticle,clover,plant,a photo of Trifolium.,0.393087
non-plant,laptop_screen_6.jpg,reticle,pine,plant,a photo of Pinus.,0.373274
non-plant,laptop_screen_6.jpg,reticle,dandelion,plant,a photo of Taraxacum.,0.366444
non-plant,laptop_screen_6.jpg,reticle,poison ivy,hazard,a photo of Toxicodendron radicans.,0.248636
non-plant,laptop_screen_6.jpg,reticle,poison oak,hazard,a photo of Toxicodendron pubescens.,0.246671
non-plant,laptop_screen_6.jpg,reticle,poison sumac,hazard,a photo of Toxicodendron vernix.,0.372205
non-plant,laptop_screen_6.jpg,reticle,pokeweed,hazard,a photo of Phytolacca americana.,0.338392
non-plant,laptop_screen_6.jpg,reticle,Carolina horsenettle,hazard,a photo of Solanum carolinense.,0.249283
non-plant,laptop_screen_6.jpg,reticle,lawn,scene,a photo of lawn.,0.272357
non-plant,laptop_screen_6.jpg,reticle,field,scene,a photo of field.,0.337214
non-plant,laptop_screen_6.jpg,reticle,weedy garden bed,scene,a photo of weedy garden bed.,0.330111
non-plant,laptop_screen_6.jpg,reticle,pavement,scene,a photo of pavement.,0.345748
non-plant,laptop_screen_6.jpg,reticle,person,scene,a photo of person.,0.408668
non-plant,laptop_screen_6.jpg,reticle,screen,scene,a photo of screen.,0.354714
non-plant,asphalt_road_7.jpg,full,grass,plant,a photo of Poaceae.,0.387430
non-plant,asphalt_road_7.jpg,full,oak,plant,a photo of Quercus.,0.476739
non-plant,asphalt_road_7.jpg,full,fern,plant,a photo of Polypodiopsida.,0.380942
non-plant,asphalt_road_7.jpg,full,clover,plant,a photo of Trifolium.,0.418348
non-plant,asphalt_road_7.jpg,full,pine,plant,a photo of Pinus.,0.433091
non-plant,asphalt_road_7.jpg,full,dandelion,plant,a photo of Taraxacum.,0.470903
non-plant,asphalt_road_7.jpg,full,poison ivy,hazard,a photo of Toxicodendron radicans.,0.440795
non-plant,asphalt_road_7.jpg,full,poison oak,hazard,a photo of Toxicodendron pubescens.,0.445866
non-plant,asphalt_road_7.jpg,full,poison sumac,hazard,a photo of Toxicodendron vernix.,0.334357
non-plant,asphalt_road_7.jpg,full,pokeweed,hazard,a photo of Phytolacca americana.,0.424446
non-plant,asphalt_road_7.jpg,full,Carolina horsenettle,hazard,a photo of Solanum carolinense.,0.426288
non-plant,asphalt_road_7.jpg,full,lawn,scene,a photo of lawn.,0.382307
non-plant,asphalt_road_7.jpg,full,field,scene,a photo of field.,0.361455
non-plant,asphalt_road_7.jpg,full,weedy garden bed,scene,a photo of weedy garden bed.,0.463083
non-plant,asphalt_road_7.jpg,full,pavement,scene,a photo of pavement.,0.432260
non-plant,asphalt_road_7.jpg,full,person,scene,a photo of person.,0.375382
non-plant,asphalt_road_7.jpg,full,screen,scene,a photo of screen.,0.411090
non-plant,asphalt_road_7.jpg,reticle,grass,plant,a photo of Poaceae.,0.500091
non-plant,asphalt_road_7.jpg,reticle,oak,plant,a photo of Quercus.,0.539738
non-plant,asphalt_road_7.jpg,reticle,fern,plant,a photo of Polypodiopsida.,0.453852
non-plant,asphalt_road_7.jpg,reticle,clover,plant,a photo of Trifolium.,0.467527
non-plant,asphalt_road_7.jpg,reticle,pine,plant,a photo of Pinus.,0.503198
non-plant,asphalt_road_7.jpg,reticle,dandelion,plant,a photo of Taraxacum.,0.480782
non-plant,asphalt_road_7.jpg,reticle,poison ivy,hazard,a photo of Toxicodendron radicans.,0.466622
non-plant,asphalt_road_7.jpg,reticle,poison oak,hazard,a photo of Toxicodendron pubescens.,0.424666
non-plant,asphalt_road_7.jpg,reticle,poison sumac,hazard,a photo of Toxicodendron vernix.,0.363914
non-plant,asphalt_road_7.jpg,reticle,pokeweed,hazard,a photo of Phytolacca americana.,0.451332
non-plant,asphalt_road_7.jpg,reticle,Carolina horsenettle,hazard,a photo of Solanum carolinense.,0.407933
non-plant,asphalt_road_7.jpg,reticle,lawn,scene,a photo of lawn.,0.443169
non-plant,asphalt_road_7.jpg,reticle,field,scene,a photo of field.,0.453882
non-plant,asphalt_road_7.jpg,reticle,weedy garden bed,scene,a photo of weedy garden bed.,0.474876
non-plant,asphalt_road_7.jpg,reticle,pavement,scene,a photo of pavement.,0.460024
non-plant,asphalt_road_7.jpg,reticle,person,scene,a photo of person.,0.453206
non-plant,asphalt_road_7.jpg,reticle,screen,scene,a photo of screen.,0.520097
non-plant,asphalt_road_8.jpg,full,grass,plant,a photo of Poaceae.,0.396170
non-plant,asphalt_road_8.jpg,full,oak,plant,a photo of Quercus.,0.497209
non-plant,asphalt_road_8.jpg,full,fern,plant,a photo of Polypodiopsida.,0.410848
non-plant,asphalt_road_8.jpg,full,clover,plant,a photo of Trifolium.,0.403889
non-plant,asphalt_road_8.jpg,full,pine,plant,a photo of Pinus.,0.501872
non-plant,asphalt_road_8.jpg,full,dandelion,plant,a photo of Taraxacum.,0.378369
non-plant,asphalt_road_8.jpg,full,poison ivy,hazard,a photo of Toxicodendron radicans.,0.354499
non-plant,asphalt_road_8.jpg,full,poison oak,hazard,a photo of Toxicodendron pubescens.,0.347302
non-plant,asphalt_road_8.jpg,full,poison sumac,hazard,a photo of Toxicodendron vernix.,0.305758
non-plant,asphalt_road_8.jpg,full,pokeweed,hazard,a photo of Phytolacca americana.,0.350429
non-plant,asphalt_road_8.jpg,full,Carolina horsenettle,hazard,a photo of Solanum carolinense.,0.281730
non-plant,asphalt_road_8.jpg,full,lawn,scene,a photo of lawn.,0.411781
non-plant,asphalt_road_8.jpg,full,field,scene,a photo of field.,0.387889
non-plant,asphalt_road_8.jpg,full,weedy garden bed,scene,a photo of weedy garden bed.,0.449240
non-plant,asphalt_road_8.jpg,full,pavement,scene,a photo of pavement.,0.394886
non-plant,asphalt_road_8.jpg,full,person,scene,a photo of person.,0.404136
non-plant,asphalt_road_8.jpg,full,screen,scene,a photo of screen.,0.510406
non-plant,asphalt_road_8.jpg,reticle,grass,plant,a photo of Poaceae.,0.508259
non-plant,asphalt_road_8.jpg,reticle,oak,plant,a photo of Quercus.,0.555104
non-plant,asphalt_road_8.jpg,reticle,fern,plant,a photo of Polypodiopsida.,0.491788
non-plant,asphalt_road_8.jpg,reticle,clover,plant,a photo of Trifolium.,0.450777
non-plant,asphalt_road_8.jpg,reticle,pine,plant,a photo of Pinus.,0.533973
non-plant,asphalt_road_8.jpg,reticle,dandelion,plant,a photo of Taraxacum.,0.439874
non-plant,asphalt_road_8.jpg,reticle,poison ivy,hazard,a photo of Toxicodendron radicans.,0.400989
non-plant,asphalt_road_8.jpg,reticle,poison oak,hazard,a photo of Toxicodendron pubescens.,0.385913
non-plant,asphalt_road_8.jpg,reticle,poison sumac,hazard,a photo of Toxicodendron vernix.,0.336023
non-plant,asphalt_road_8.jpg,reticle,pokeweed,hazard,a photo of Phytolacca americana.,0.400824
non-plant,asphalt_road_8.jpg,reticle,Carolina horsenettle,hazard,a photo of Solanum carolinense.,0.324323
non-plant,asphalt_road_8.jpg,reticle,lawn,scene,a photo of lawn.,0.496592
non-plant,asphalt_road_8.jpg,reticle,field,scene,a photo of field.,0.456788
non-plant,asphalt_road_8.jpg,reticle,weedy garden bed,scene,a photo of weedy garden bed.,0.477956
non-plant,asphalt_road_8.jpg,reticle,pavement,scene,a photo of pavement.,0.447914
non-plant,asphalt_road_8.jpg,reticle,person,scene,a photo of person.,0.485074
non-plant,asphalt_road_8.jpg,reticle,screen,scene,a photo of screen.,0.540271
non-plant,concrete_sidewalk_9.jpg,full,grass,plant,a photo of Poaceae.,0.544773
non-plant,concrete_sidewalk_9.jpg,full,oak,plant,a photo of Quercus.,0.433089
non-plant,concrete_sidewalk_9.jpg,full,fern,plant,a photo of Polypodiopsida.,0.414957
non-plant,concrete_sidewalk_9.jpg,full,clover,plant,a photo of Trifolium.,0.436818
non-plant,concrete_sidewalk_9.jpg,full,pine,plant,a photo of Pinus.,0.424488
non-plant,concrete_sidewalk_9.jpg,full,dandelion,plant,a photo of Taraxacum.,0.439454
non-plant,concrete_sidewalk_9.jpg,full,poison ivy,hazard,a photo of Toxicodendron radicans.,0.379705
non-plant,concrete_sidewalk_9.jpg,full,poison oak,hazard,a photo of Toxicodendron pubescens.,0.420358
non-plant,concrete_sidewalk_9.jpg,full,poison sumac,hazard,a photo of Toxicodendron vernix.,0.333628
non-plant,concrete_sidewalk_9.jpg,full,pokeweed,hazard,a photo of Phytolacca americana.,0.367548
non-plant,concrete_sidewalk_9.jpg,full,Carolina horsenettle,hazard,a photo of Solanum carolinense.,0.405737
non-plant,concrete_sidewalk_9.jpg,full,lawn,scene,a photo of lawn.,0.529113
non-plant,concrete_sidewalk_9.jpg,full,field,scene,a photo of field.,0.400739
non-plant,concrete_sidewalk_9.jpg,full,weedy garden bed,scene,a photo of weedy garden bed.,0.448450
non-plant,concrete_sidewalk_9.jpg,full,pavement,scene,a photo of pavement.,0.438040
non-plant,concrete_sidewalk_9.jpg,full,person,scene,a photo of person.,0.422796
non-plant,concrete_sidewalk_9.jpg,full,screen,scene,a photo of screen.,0.427284
non-plant,concrete_sidewalk_9.jpg,reticle,grass,plant,a photo of Poaceae.,0.509148
non-plant,concrete_sidewalk_9.jpg,reticle,oak,plant,a photo of Quercus.,0.423178
non-plant,concrete_sidewalk_9.jpg,reticle,fern,plant,a photo of Polypodiopsida.,0.467936
non-plant,concrete_sidewalk_9.jpg,reticle,clover,plant,a photo of Trifolium.,0.406260
non-plant,concrete_sidewalk_9.jpg,reticle,pine,plant,a photo of Pinus.,0.535534
non-plant,concrete_sidewalk_9.jpg,reticle,dandelion,plant,a photo of Taraxacum.,0.411216
non-plant,concrete_sidewalk_9.jpg,reticle,poison ivy,hazard,a photo of Toxicodendron radicans.,0.359061
non-plant,concrete_sidewalk_9.jpg,reticle,poison oak,hazard,a photo of Toxicodendron pubescens.,0.363850
non-plant,concrete_sidewalk_9.jpg,reticle,poison sumac,hazard,a photo of Toxicodendron vernix.,0.403626
non-plant,concrete_sidewalk_9.jpg,reticle,pokeweed,hazard,a photo of Phytolacca americana.,0.379045
non-plant,concrete_sidewalk_9.jpg,reticle,Carolina horsenettle,hazard,a photo of Solanum carolinense.,0.283035
non-plant,concrete_sidewalk_9.jpg,reticle,lawn,scene,a photo of lawn.,0.487164
non-plant,concrete_sidewalk_9.jpg,reticle,field,scene,a photo of field.,0.423075
non-plant,concrete_sidewalk_9.jpg,reticle,weedy garden bed,scene,a photo of weedy garden bed.,0.390327
non-plant,concrete_sidewalk_9.jpg,reticle,pavement,scene,a photo of pavement.,0.437434
non-plant,concrete_sidewalk_9.jpg,reticle,person,scene,a photo of person.,0.468726
non-plant,concrete_sidewalk_9.jpg,reticle,screen,scene,a photo of screen.,0.573594
non-plant,concrete_sidewalk_10.jpg,full,grass,plant,a photo of Poaceae.,0.468220
non-plant,concrete_sidewalk_10.jpg,full,oak,plant,a photo of Quercus.,0.475444
non-plant,concrete_sidewalk_10.jpg,full,fern,plant,a photo of Polypodiopsida.,0.435558
non-plant,concrete_sidewalk_10.jpg,full,clover,plant,a photo of Trifolium.,0.436691
non-plant,concrete_sidewalk_10.jpg,full,pine,plant,a photo of Pinus.,0.446704
non-plant,concrete_sidewalk_10.jpg,full,dandelion,plant,a photo of Taraxacum.,0.427542
non-plant,concrete_sidewalk_10.jpg,full,poison ivy,hazard,a photo of Toxicodendron radicans.,0.383399
non-plant,concrete_sidewalk_10.jpg,full,poison oak,hazard,a photo of Toxicodendron pubescens.,0.393614
non-plant,concrete_sidewalk_10.jpg,full,poison sumac,hazard,a photo of Toxicodendron vernix.,0.346136
non-plant,concrete_sidewalk_10.jpg,full,pokeweed,hazard,a photo of Phytolacca americana.,0.410273
non-plant,concrete_sidewalk_10.jpg,full,Carolina horsenettle,hazard,a photo of Solanum carolinense.,0.372770
non-plant,concrete_sidewalk_10.jpg,full,lawn,scene,a photo of lawn.,0.465965
non-plant,concrete_sidewalk_10.jpg,full,field,scene,a photo of field.,0.450457
non-plant,concrete_sidewalk_10.jpg,full,weedy garden bed,scene,a photo of weedy garden bed.,0.493473
non-plant,concrete_sidewalk_10.jpg,full,pavement,scene,a photo of pavement.,0.474240
non-plant,concrete_sidewalk_10.jpg,full,person,scene,a photo of person.,0.505371
non-plant,concrete_sidewalk_10.jpg,full,screen,scene,a photo of screen.,0.548479
non-plant,concrete_sidewalk_10.jpg,reticle,grass,plant,a photo of Poaceae.,0.501667
non-plant,concrete_sidewalk_10.jpg,reticle,oak,plant,a photo of Quercus.,0.474068
non-plant,concrete_sidewalk_10.jpg,reticle,fern,plant,a photo of Polypodiopsida.,0.483892
non-plant,concrete_sidewalk_10.jpg,reticle,clover,plant,a photo of Trifolium.,0.439415
non-plant,concrete_sidewalk_10.jpg,reticle,pine,plant,a photo of Pinus.,0.471740
non-plant,concrete_sidewalk_10.jpg,reticle,dandelion,plant,a photo of Taraxacum.,0.448881
non-plant,concrete_sidewalk_10.jpg,reticle,poison ivy,hazard,a photo of Toxicodendron radicans.,0.397461
non-plant,concrete_sidewalk_10.jpg,reticle,poison oak,hazard,a photo of Toxicodendron pubescens.,0.374092
non-plant,concrete_sidewalk_10.jpg,reticle,poison sumac,hazard,a photo of Toxicodendron vernix.,0.373258
non-plant,concrete_sidewalk_10.jpg,reticle,pokeweed,hazard,a photo of Phytolacca americana.,0.432098
non-plant,concrete_sidewalk_10.jpg,reticle,Carolina horsenettle,hazard,a photo of Solanum carolinense.,0.345277
non-plant,concrete_sidewalk_10.jpg,reticle,lawn,scene,a photo of lawn.,0.440721
non-plant,concrete_sidewalk_10.jpg,reticle,field,scene,a photo of field.,0.492141
non-plant,concrete_sidewalk_10.jpg,reticle,weedy garden bed,scene,a photo of weedy garden bed.,0.507165
non-plant,concrete_sidewalk_10.jpg,reticle,pavement,scene,a photo of pavement.,0.497180
non-plant,concrete_sidewalk_10.jpg,reticle,person,scene,a photo of person.,0.528427
non-plant,concrete_sidewalk_10.jpg,reticle,screen,scene,a photo of screen.,0.568494
non-plant,portrait_woman_11.jpg,full,grass,plant,a photo of Poaceae.,0.428515
non-plant,portrait_woman_11.jpg,full,oak,plant,a photo of Quercus.,0.551368
non-plant,portrait_woman_11.jpg,full,fern,plant,a photo of Polypodiopsida.,0.421537
non-plant,portrait_woman_11.jpg,full,clover,plant,a photo of Trifolium.,0.427701
non-plant,portrait_woman_11.jpg,full,pine,plant,a photo of Pinus.,0.476086
non-plant,portrait_woman_11.jpg,full,dandelion,plant,a photo of Taraxacum.,0.444281
non-plant,portrait_woman_11.jpg,full,poison ivy,hazard,a photo of Toxicodendron radicans.,0.478660
non-plant,portrait_woman_11.jpg,full,poison oak,hazard,a photo of Toxicodendron pubescens.,0.470691
non-plant,portrait_woman_11.jpg,full,poison sumac,hazard,a photo of Toxicodendron vernix.,0.461090
non-plant,portrait_woman_11.jpg,full,pokeweed,hazard,a photo of Phytolacca americana.,0.420778
non-plant,portrait_woman_11.jpg,full,Carolina horsenettle,hazard,a photo of Solanum carolinense.,0.397055
non-plant,portrait_woman_11.jpg,full,lawn,scene,a photo of lawn.,0.461607
non-plant,portrait_woman_11.jpg,full,field,scene,a photo of field.,0.403845
non-plant,portrait_woman_11.jpg,full,weedy garden bed,scene,a photo of weedy garden bed.,0.446864
non-plant,portrait_woman_11.jpg,full,pavement,scene,a photo of pavement.,0.447349
non-plant,portrait_woman_11.jpg,full,person,scene,a photo of person.,0.496155
non-plant,portrait_woman_11.jpg,full,screen,scene,a photo of screen.,0.529243
non-plant,portrait_woman_11.jpg,reticle,grass,plant,a photo of Poaceae.,0.450452
non-plant,portrait_woman_11.jpg,reticle,oak,plant,a photo of Quercus.,0.592472
non-plant,portrait_woman_11.jpg,reticle,fern,plant,a photo of Polypodiopsida.,0.456007
non-plant,portrait_woman_11.jpg,reticle,clover,plant,a photo of Trifolium.,0.395886
non-plant,portrait_woman_11.jpg,reticle,pine,plant,a photo of Pinus.,0.498296
non-plant,portrait_woman_11.jpg,reticle,dandelion,plant,a photo of Taraxacum.,0.415669
non-plant,portrait_woman_11.jpg,reticle,poison ivy,hazard,a photo of Toxicodendron radicans.,0.480661
non-plant,portrait_woman_11.jpg,reticle,poison oak,hazard,a photo of Toxicodendron pubescens.,0.485293
non-plant,portrait_woman_11.jpg,reticle,poison sumac,hazard,a photo of Toxicodendron vernix.,0.501931
non-plant,portrait_woman_11.jpg,reticle,pokeweed,hazard,a photo of Phytolacca americana.,0.449407
non-plant,portrait_woman_11.jpg,reticle,Carolina horsenettle,hazard,a photo of Solanum carolinense.,0.406899
non-plant,portrait_woman_11.jpg,reticle,lawn,scene,a photo of lawn.,0.458736
non-plant,portrait_woman_11.jpg,reticle,field,scene,a photo of field.,0.404945
non-plant,portrait_woman_11.jpg,reticle,weedy garden bed,scene,a photo of weedy garden bed.,0.390935
non-plant,portrait_woman_11.jpg,reticle,pavement,scene,a photo of pavement.,0.412231
non-plant,portrait_woman_11.jpg,reticle,person,scene,a photo of person.,0.503399
non-plant,portrait_woman_11.jpg,reticle,screen,scene,a photo of screen.,0.563668
non-plant,portrait_woman_12.jpg,full,grass,plant,a photo of Poaceae.,0.471700
non-plant,portrait_woman_12.jpg,full,oak,plant,a photo of Quercus.,0.496091
non-plant,portrait_woman_12.jpg,full,fern,plant,a photo of Polypodiopsida.,0.459879
non-plant,portrait_woman_12.jpg,full,clover,plant,a photo of Trifolium.,0.437822
non-plant,portrait_woman_12.jpg,full,pine,plant,a photo of Pinus.,0.464754
non-plant,portrait_woman_12.jpg,full,dandelion,plant,a photo of Taraxacum.,0.441126
non-plant,portrait_woman_12.jpg,full,poison ivy,hazard,a photo of Toxicodendron radicans.,0.384001
non-plant,portrait_woman_12.jpg,full,poison oak,hazard,a photo of Toxicodendron pubescens.,0.375234
non-plant,portrait_woman_12.jpg,full,poison sumac,hazard,a photo of Toxicodendron vernix.,0.372333
non-plant,portrait_woman_12.jpg,full,pokeweed,hazard,a photo of Phytolacca americana.,0.430931
non-plant,portrait_woman_12.jpg,full,Carolina horsenettle,hazard,a photo of Solanum carolinense.,0.380112
non-plant,portrait_woman_12.jpg,full,lawn,scene,a photo of lawn.,0.456988
non-plant,portrait_woman_12.jpg,full,field,scene,a photo of field.,0.426983
non-plant,portrait_woman_12.jpg,full,weedy garden bed,scene,a photo of weedy garden bed.,0.475681
non-plant,portrait_woman_12.jpg,full,pavement,scene,a photo of pavement.,0.455049
non-plant,portrait_woman_12.jpg,full,person,scene,a photo of person.,0.449159
non-plant,portrait_woman_12.jpg,full,screen,scene,a photo of screen.,0.495541
non-plant,portrait_woman_12.jpg,reticle,grass,plant,a photo of Poaceae.,0.452846
non-plant,portrait_woman_12.jpg,reticle,oak,plant,a photo of Quercus.,0.515999
non-plant,portrait_woman_12.jpg,reticle,fern,plant,a photo of Polypodiopsida.,0.475360
non-plant,portrait_woman_12.jpg,reticle,clover,plant,a photo of Trifolium.,0.437362
non-plant,portrait_woman_12.jpg,reticle,pine,plant,a photo of Pinus.,0.474016
non-plant,portrait_woman_12.jpg,reticle,dandelion,plant,a photo of Taraxacum.,0.462726
non-plant,portrait_woman_12.jpg,reticle,poison ivy,hazard,a photo of Toxicodendron radicans.,0.367336
non-plant,portrait_woman_12.jpg,reticle,poison oak,hazard,a photo of Toxicodendron pubescens.,0.340179
non-plant,portrait_woman_12.jpg,reticle,poison sumac,hazard,a photo of Toxicodendron vernix.,0.349074
non-plant,portrait_woman_12.jpg,reticle,pokeweed,hazard,a photo of Phytolacca americana.,0.409876
non-plant,portrait_woman_12.jpg,reticle,Carolina horsenettle,hazard,a photo of Solanum carolinense.,0.372698
non-plant,portrait_woman_12.jpg,reticle,lawn,scene,a photo of lawn.,0.446493
non-plant,portrait_woman_12.jpg,reticle,field,scene,a photo of field.,0.427150
non-plant,portrait_woman_12.jpg,reticle,weedy garden bed,scene,a photo of weedy garden bed.,0.484301
non-plant,portrait_woman_12.jpg,reticle,pavement,scene,a photo of pavement.,0.449499
non-plant,portrait_woman_12.jpg,reticle,person,scene,a photo of person.,0.470216
non-plant,portrait_woman_12.jpg,reticle,screen,scene,a photo of screen.,0.482173
non-plant,child_playing_13.jpg,full,grass,plant,a photo of Poaceae.,0.474591
non-plant,child_playing_13.jpg,full,oak,plant,a photo of Quercus.,0.467335
non-plant,child_playing_13.jpg,full,fern,plant,a photo of Polypodiopsida.,0.421108
non-plant,child_playing_13.jpg,full,clover,plant,a photo of Trifolium.,0.418480
non-plant,child_playing_13.jpg,full,pine,plant,a photo of Pinus.,0.443856
non-plant,child_playing_13.jpg,full,dandelion,plant,a photo of Taraxacum.,0.391958
non-plant,child_playing_13.jpg,full,poison ivy,hazard,a photo of Toxicodendron radicans.,0.330872
non-plant,child_playing_13.jpg,full,poison oak,hazard,a photo of Toxicodendron pubescens.,0.349642
non-plant,child_playing_13.jpg,full,poison sumac,hazard,a photo of Toxicodendron vernix.,0.361122
non-plant,child_playing_13.jpg,full,pokeweed,hazard,a photo of Phytolacca americana.,0.355901
non-plant,child_playing_13.jpg,full,Carolina horsenettle,hazard,a photo of Solanum carolinense.,0.304319
non-plant,child_playing_13.jpg,full,lawn,scene,a photo of lawn.,0.462455
non-plant,child_playing_13.jpg,full,field,scene,a photo of field.,0.483182
non-plant,child_playing_13.jpg,full,weedy garden bed,scene,a photo of weedy garden bed.,0.463309
non-plant,child_playing_13.jpg,full,pavement,scene,a photo of pavement.,0.451541
non-plant,child_playing_13.jpg,full,person,scene,a photo of person.,0.495070
non-plant,child_playing_13.jpg,full,screen,scene,a photo of screen.,0.595001
non-plant,child_playing_13.jpg,reticle,grass,plant,a photo of Poaceae.,0.456361
non-plant,child_playing_13.jpg,reticle,oak,plant,a photo of Quercus.,0.466214
non-plant,child_playing_13.jpg,reticle,fern,plant,a photo of Polypodiopsida.,0.410229
non-plant,child_playing_13.jpg,reticle,clover,plant,a photo of Trifolium.,0.401854
non-plant,child_playing_13.jpg,reticle,pine,plant,a photo of Pinus.,0.482670
non-plant,child_playing_13.jpg,reticle,dandelion,plant,a photo of Taraxacum.,0.373342
non-plant,child_playing_13.jpg,reticle,poison ivy,hazard,a photo of Toxicodendron radicans.,0.370795
non-plant,child_playing_13.jpg,reticle,poison oak,hazard,a photo of Toxicodendron pubescens.,0.371230
non-plant,child_playing_13.jpg,reticle,poison sumac,hazard,a photo of Toxicodendron vernix.,0.375656
non-plant,child_playing_13.jpg,reticle,pokeweed,hazard,a photo of Phytolacca americana.,0.345570
non-plant,child_playing_13.jpg,reticle,Carolina horsenettle,hazard,a photo of Solanum carolinense.,0.276356
non-plant,child_playing_13.jpg,reticle,lawn,scene,a photo of lawn.,0.480223
non-plant,child_playing_13.jpg,reticle,field,scene,a photo of field.,0.482121
non-plant,child_playing_13.jpg,reticle,weedy garden bed,scene,a photo of weedy garden bed.,0.446188
non-plant,child_playing_13.jpg,reticle,pavement,scene,a photo of pavement.,0.400316
non-plant,child_playing_13.jpg,reticle,person,scene,a photo of person.,0.483504
non-plant,child_playing_13.jpg,reticle,screen,scene,a photo of screen.,0.630207
non-plant,child_playing_14.jpg,full,grass,plant,a photo of Poaceae.,0.493418
non-plant,child_playing_14.jpg,full,oak,plant,a photo of Quercus.,0.459925
non-plant,child_playing_14.jpg,full,fern,plant,a photo of Polypodiopsida.,0.459234
non-plant,child_playing_14.jpg,full,clover,plant,a photo of Trifolium.,0.436399
non-plant,child_playing_14.jpg,full,pine,plant,a photo of Pinus.,0.457049
non-plant,child_playing_14.jpg,full,dandelion,plant,a photo of Taraxacum.,0.420532
non-plant,child_playing_14.jpg,full,poison ivy,hazard,a photo of Toxicodendron radicans.,0.361855
non-plant,child_playing_14.jpg,full,poison oak,hazard,a photo of Toxicodendron pubescens.,0.380990
non-plant,child_playing_14.jpg,full,poison sumac,hazard,a photo of Toxicodendron vernix.,0.373404
non-plant,child_playing_14.jpg,full,pokeweed,hazard,a photo of Phytolacca americana.,0.374552
non-plant,child_playing_14.jpg,full,Carolina horsenettle,hazard,a photo of Solanum carolinense.,0.318810
non-plant,child_playing_14.jpg,full,lawn,scene,a photo of lawn.,0.458421
non-plant,child_playing_14.jpg,full,field,scene,a photo of field.,0.467957
non-plant,child_playing_14.jpg,full,weedy garden bed,scene,a photo of weedy garden bed.,0.454629
non-plant,child_playing_14.jpg,full,pavement,scene,a photo of pavement.,0.444898
non-plant,child_playing_14.jpg,full,person,scene,a photo of person.,0.517514
non-plant,child_playing_14.jpg,full,screen,scene,a photo of screen.,0.554300
non-plant,child_playing_14.jpg,reticle,grass,plant,a photo of Poaceae.,0.519569
non-plant,child_playing_14.jpg,reticle,oak,plant,a photo of Quercus.,0.474323
non-plant,child_playing_14.jpg,reticle,fern,plant,a photo of Polypodiopsida.,0.447444
non-plant,child_playing_14.jpg,reticle,clover,plant,a photo of Trifolium.,0.431959
non-plant,child_playing_14.jpg,reticle,pine,plant,a photo of Pinus.,0.486958
non-plant,child_playing_14.jpg,reticle,dandelion,plant,a photo of Taraxacum.,0.444075
non-plant,child_playing_14.jpg,reticle,poison ivy,hazard,a photo of Toxicodendron radicans.,0.365053
non-plant,child_playing_14.jpg,reticle,poison oak,hazard,a photo of Toxicodendron pubescens.,0.364856
non-plant,child_playing_14.jpg,reticle,poison sumac,hazard,a photo of Toxicodendron vernix.,0.362782
non-plant,child_playing_14.jpg,reticle,pokeweed,hazard,a photo of Phytolacca americana.,0.385913
non-plant,child_playing_14.jpg,reticle,Carolina horsenettle,hazard,a photo of Solanum carolinense.,0.322381
non-plant,child_playing_14.jpg,reticle,lawn,scene,a photo of lawn.,0.476968
non-plant,child_playing_14.jpg,reticle,field,scene,a photo of field.,0.478096
non-plant,child_playing_14.jpg,reticle,weedy garden bed,scene,a photo of weedy garden bed.,0.474756
non-plant,child_playing_14.jpg,reticle,pavement,scene,a photo of pavement.,0.429761
non-plant,child_playing_14.jpg,reticle,person,scene,a photo of person.,0.514752
non-plant,child_playing_14.jpg,reticle,screen,scene,a photo of screen.,0.567208
non-plant,living_room_15.jpg,full,grass,plant,a photo of Poaceae.,0.517979
non-plant,living_room_15.jpg,full,oak,plant,a photo of Quercus.,0.494482
non-plant,living_room_15.jpg,full,fern,plant,a photo of Polypodiopsida.,0.482402
non-plant,living_room_15.jpg,full,clover,plant,a photo of Trifolium.,0.454244
non-plant,living_room_15.jpg,full,pine,plant,a photo of Pinus.,0.437930
non-plant,living_room_15.jpg,full,dandelion,plant,a photo of Taraxacum.,0.438350
non-plant,living_room_15.jpg,full,poison ivy,hazard,a photo of Toxicodendron radicans.,0.393553
non-plant,living_room_15.jpg,full,poison oak,hazard,a photo of Toxicodendron pubescens.,0.450441
non-plant,living_room_15.jpg,full,poison sumac,hazard,a photo of Toxicodendron vernix.,0.388297
non-plant,living_room_15.jpg,full,pokeweed,hazard,a photo of Phytolacca americana.,0.373063
non-plant,living_room_15.jpg,full,Carolina horsenettle,hazard,a photo of Solanum carolinense.,0.413129
non-plant,living_room_15.jpg,full,lawn,scene,a photo of lawn.,0.481610
non-plant,living_room_15.jpg,full,field,scene,a photo of field.,0.471638
non-plant,living_room_15.jpg,full,weedy garden bed,scene,a photo of weedy garden bed.,0.516505
non-plant,living_room_15.jpg,full,pavement,scene,a photo of pavement.,0.510367
non-plant,living_room_15.jpg,full,person,scene,a photo of person.,0.512012
non-plant,living_room_15.jpg,full,screen,scene,a photo of screen.,0.499624
non-plant,living_room_15.jpg,reticle,grass,plant,a photo of Poaceae.,0.502914
non-plant,living_room_15.jpg,reticle,oak,plant,a photo of Quercus.,0.440549
non-plant,living_room_15.jpg,reticle,fern,plant,a photo of Polypodiopsida.,0.433605
non-plant,living_room_15.jpg,reticle,clover,plant,a photo of Trifolium.,0.438484
non-plant,living_room_15.jpg,reticle,pine,plant,a photo of Pinus.,0.392415
non-plant,living_room_15.jpg,reticle,dandelion,plant,a photo of Taraxacum.,0.434514
non-plant,living_room_15.jpg,reticle,poison ivy,hazard,a photo of Toxicodendron radicans.,0.389265
non-plant,living_room_15.jpg,reticle,poison oak,hazard,a photo of Toxicodendron pubescens.,0.430892
non-plant,living_room_15.jpg,reticle,poison sumac,hazard,a photo of Toxicodendron vernix.,0.347578
non-plant,living_room_15.jpg,reticle,pokeweed,hazard,a photo of Phytolacca americana.,0.362116
non-plant,living_room_15.jpg,reticle,Carolina horsenettle,hazard,a photo of Solanum carolinense.,0.427345
non-plant,living_room_15.jpg,reticle,lawn,scene,a photo of lawn.,0.440159
non-plant,living_room_15.jpg,reticle,field,scene,a photo of field.,0.432518
non-plant,living_room_15.jpg,reticle,weedy garden bed,scene,a photo of weedy garden bed.,0.523990
non-plant,living_room_15.jpg,reticle,pavement,scene,a photo of pavement.,0.511361
non-plant,living_room_15.jpg,reticle,person,scene,a photo of person.,0.456195
non-plant,living_room_15.jpg,reticle,screen,scene,a photo of screen.,0.417513
non-plant,living_room_16.jpg,full,grass,plant,a photo of Poaceae.,0.544719
non-plant,living_room_16.jpg,full,oak,plant,a photo of Quercus.,0.496673
non-plant,living_room_16.jpg,full,fern,plant,a photo of Polypodiopsida.,0.503744
non-plant,living_room_16.jpg,full,clover,plant,a photo of Trifolium.,0.484130
non-plant,living_room_16.jpg,full,pine,plant,a photo of Pinus.,0.498184
non-plant,living_room_16.jpg,full,dandelion,plant,a photo of Taraxacum.,0.485412
non-plant,living_room_16.jpg,full,poison ivy,hazard,a photo of Toxicodendron radicans.,0.392078
non-plant,living_room_16.jpg,full,poison oak,hazard,a photo of Toxicodendron pubescens.,0.448052
non-plant,living_room_16.jpg,full,poison sumac,hazard,a photo of Toxicodendron vernix.,0.390134
non-plant,living_room_16.jpg,full,pokeweed,hazard,a photo of Phytolacca americana.,0.384042
non-plant,living_room_16.jpg,full,Carolina horsenettle,hazard,a photo of Solanum carolinense.,0.401787
non-plant,living_room_16.jpg,full,lawn,scene,a photo of lawn.,0.538453
non-plant,living_room_16.jpg,full,field,scene,a photo of field.,0.495301
non-plant,living_room_16.jpg,full,weedy garden bed,scene,a photo of weedy garden bed.,0.521304
non-plant,living_room_16.jpg,full,pavement,scene,a photo of pavement.,0.510824
non-plant,living_room_16.jpg,full,person,scene,a photo of person.,0.545684
non-plant,living_room_16.jpg,full,screen,scene,a photo of screen.,0.556907
non-plant,living_room_16.jpg,reticle,grass,plant,a photo of Poaceae.,0.519288
non-plant,living_room_16.jpg,reticle,oak,plant,a photo of Quercus.,0.491686
non-plant,living_room_16.jpg,reticle,fern,plant,a photo of Polypodiopsida.,0.482524
non-plant,living_room_16.jpg,reticle,clover,plant,a photo of Trifolium.,0.439422
non-plant,living_room_16.jpg,reticle,pine,plant,a photo of Pinus.,0.497891
non-plant,living_room_16.jpg,reticle,dandelion,plant,a photo of Taraxacum.,0.429777
non-plant,living_room_16.jpg,reticle,poison ivy,hazard,a photo of Toxicodendron radicans.,0.400499
non-plant,living_room_16.jpg,reticle,poison oak,hazard,a photo of Toxicodendron pubescens.,0.431802
non-plant,living_room_16.jpg,reticle,poison sumac,hazard,a photo of Toxicodendron vernix.,0.379734
non-plant,living_room_16.jpg,reticle,pokeweed,hazard,a photo of Phytolacca americana.,0.371119
non-plant,living_room_16.jpg,reticle,Carolina horsenettle,hazard,a photo of Solanum carolinense.,0.358291
non-plant,living_room_16.jpg,reticle,lawn,scene,a photo of lawn.,0.498270
non-plant,living_room_16.jpg,reticle,field,scene,a photo of field.,0.476201
non-plant,living_room_16.jpg,reticle,weedy garden bed,scene,a photo of weedy garden bed.,0.488293
non-plant,living_room_16.jpg,reticle,pavement,scene,a photo of pavement.,0.510541
non-plant,living_room_16.jpg,reticle,person,scene,a photo of person.,0.544213
non-plant,living_room_16.jpg,reticle,screen,scene,a photo of screen.,0.572880
non-plant,dog_17.jpg,full,grass,plant,a photo of Poaceae.,0.432348
non-plant,dog_17.jpg,full,oak,plant,a photo of Quercus.,0.438155
non-plant,dog_17.jpg,full,fern,plant,a photo of Polypodiopsida.,0.489046
non-plant,dog_17.jpg,full,clover,plant,a photo of Trifolium.,0.388874
non-plant,dog_17.jpg,full,pine,plant,a photo of Pinus.,0.432843
non-plant,dog_17.jpg,full,dandelion,plant,a photo of Taraxacum.,0.390092
non-plant,dog_17.jpg,full,poison ivy,hazard,a photo of Toxicodendron radicans.,0.373481
non-plant,dog_17.jpg,full,poison oak,hazard,a photo of Toxicodendron pubescens.,0.329401
non-plant,dog_17.jpg,full,poison sumac,hazard,a photo of Toxicodendron vernix.,0.291271
non-plant,dog_17.jpg,full,pokeweed,hazard,a photo of Phytolacca americana.,0.336471
non-plant,dog_17.jpg,full,Carolina horsenettle,hazard,a photo of Solanum carolinense.,0.310828
non-plant,dog_17.jpg,full,lawn,scene,a photo of lawn.,0.397138
non-plant,dog_17.jpg,full,field,scene,a photo of field.,0.403444
non-plant,dog_17.jpg,full,weedy garden bed,scene,a photo of weedy garden bed.,0.405781
non-plant,dog_17.jpg,full,pavement,scene,a photo of pavement.,0.435598
non-plant,dog_17.jpg,full,person,scene,a photo of person.,0.403306
non-plant,dog_17.jpg,full,screen,scene,a photo of screen.,0.471151
non-plant,dog_17.jpg,reticle,grass,plant,a photo of Poaceae.,0.482172
non-plant,dog_17.jpg,reticle,oak,plant,a photo of Quercus.,0.493635
non-plant,dog_17.jpg,reticle,fern,plant,a photo of Polypodiopsida.,0.502426
non-plant,dog_17.jpg,reticle,clover,plant,a photo of Trifolium.,0.425374
non-plant,dog_17.jpg,reticle,pine,plant,a photo of Pinus.,0.464382
non-plant,dog_17.jpg,reticle,dandelion,plant,a photo of Taraxacum.,0.408605
non-plant,dog_17.jpg,reticle,poison ivy,hazard,a photo of Toxicodendron radicans.,0.351471
non-plant,dog_17.jpg,reticle,poison oak,hazard,a photo of Toxicodendron pubescens.,0.322594
non-plant,dog_17.jpg,reticle,poison sumac,hazard,a photo of Toxicodendron vernix.,0.322802
non-plant,dog_17.jpg,reticle,pokeweed,hazard,a photo of Phytolacca americana.,0.351143
non-plant,dog_17.jpg,reticle,Carolina horsenettle,hazard,a photo of Solanum carolinense.,0.326389
non-plant,dog_17.jpg,reticle,lawn,scene,a photo of lawn.,0.450633
non-plant,dog_17.jpg,reticle,field,scene,a photo of field.,0.455083
non-plant,dog_17.jpg,reticle,weedy garden bed,scene,a photo of weedy garden bed.,0.485024
non-plant,dog_17.jpg,reticle,pavement,scene,a photo of pavement.,0.420221
non-plant,dog_17.jpg,reticle,person,scene,a photo of person.,0.490719
non-plant,dog_17.jpg,reticle,screen,scene,a photo of screen.,0.526384
non-plant,dog_18.jpg,full,grass,plant,a photo of Poaceae.,0.438572
non-plant,dog_18.jpg,full,oak,plant,a photo of Quercus.,0.414544
non-plant,dog_18.jpg,full,fern,plant,a photo of Polypodiopsida.,0.441753
non-plant,dog_18.jpg,full,clover,plant,a photo of Trifolium.,0.401241
non-plant,dog_18.jpg,full,pine,plant,a photo of Pinus.,0.451777
non-plant,dog_18.jpg,full,dandelion,plant,a photo of Taraxacum.,0.391779
non-plant,dog_18.jpg,full,poison ivy,hazard,a photo of Toxicodendron radicans.,0.321112
non-plant,dog_18.jpg,full,poison oak,hazard,a photo of Toxicodendron pubescens.,0.286226
non-plant,dog_18.jpg,full,poison sumac,hazard,a photo of Toxicodendron vernix.,0.320022
non-plant,dog_18.jpg,full,pokeweed,hazard,a photo of Phytolacca americana.,0.350731
non-plant,dog_18.jpg,full,Carolina horsenettle,hazard,a photo of Solanum carolinense.,0.256668
non-plant,dog_18.jpg,full,lawn,scene,a photo of lawn.,0.390257
non-plant,dog_18.jpg,full,field,scene,a photo of field.,0.384289
non-plant,dog_18.jpg,full,weedy garden bed,scene,a photo of weedy garden bed.,0.371814
non-plant,dog_18.jpg,full,pavement,scene,a photo of pavement.,0.417609
non-plant,dog_18.jpg,full,person,scene,a photo of person.,0.427303
non-plant,dog_18.jpg,full,screen,scene,a photo of screen.,0.464740
non-plant,dog_18.jpg,reticle,grass,plant,a photo of Poaceae.,0.460146
non-plant,dog_18.jpg,reticle,oak,plant,a photo of Quercus.,0.377240
non-plant,dog_18.jpg,reticle,fern,plant,a photo of Polypodiopsida.,0.447344
non-plant,dog_18.jpg,reticle,clover,plant,a photo of Trifolium.,0.395027
non-plant,dog_18.jpg,reticle,pine,plant,a photo of Pinus.,0.420461
non-plant,dog_18.jpg,reticle,dandelion,plant,a photo of Taraxacum.,0.362027
non-plant,dog_18.jpg,reticle,poison ivy,hazard,a photo of Toxicodendron radicans.,0.288206
non-plant,dog_18.jpg,reticle,poison oak,hazard,a photo of Toxicodendron pubescens.,0.245464
non-plant,dog_18.jpg,reticle,poison sumac,hazard,a photo of Toxicodendron vernix.,0.264419
non-plant,dog_18.jpg,reticle,pokeweed,hazard,a photo of Phytolacca americana.,0.311672
non-plant,dog_18.jpg,reticle,Carolina horsenettle,hazard,a photo of Solanum carolinense.,0.233067
non-plant,dog_18.jpg,reticle,lawn,scene,a photo of lawn.,0.404229
non-plant,dog_18.jpg,reticle,field,scene,a photo of field.,0.395941
non-plant,dog_18.jpg,reticle,weedy garden bed,scene,a photo of weedy garden bed.,0.393580
non-plant,dog_18.jpg,reticle,pavement,scene,a photo of pavement.,0.424873
non-plant,dog_18.jpg,reticle,person,scene,a photo of person.,0.442583
non-plant,dog_18.jpg,reticle,screen,scene,a photo of screen.,0.472474
non-plant,car_19.jpg,full,grass,plant,a photo of Poaceae.,0.469621
non-plant,car_19.jpg,full,oak,plant,a photo of Quercus.,0.466903
non-plant,car_19.jpg,full,fern,plant,a photo of Polypodiopsida.,0.441114
non-plant,car_19.jpg,full,clover,plant,a photo of Trifolium.,0.417163
non-plant,car_19.jpg,full,pine,plant,a photo of Pinus.,0.431082
non-plant,car_19.jpg,full,dandelion,plant,a photo of Taraxacum.,0.433273
non-plant,car_19.jpg,full,poison ivy,hazard,a photo of Toxicodendron radicans.,0.399138
non-plant,car_19.jpg,full,poison oak,hazard,a photo of Toxicodendron pubescens.,0.326742
non-plant,car_19.jpg,full,poison sumac,hazard,a photo of Toxicodendron vernix.,0.312335
non-plant,car_19.jpg,full,pokeweed,hazard,a photo of Phytolacca americana.,0.425536
non-plant,car_19.jpg,full,Carolina horsenettle,hazard,a photo of Solanum carolinense.,0.359097
non-plant,car_19.jpg,full,lawn,scene,a photo of lawn.,0.407525
non-plant,car_19.jpg,full,field,scene,a photo of field.,0.361767
non-plant,car_19.jpg,full,weedy garden bed,scene,a photo of weedy garden bed.,0.415491
non-plant,car_19.jpg,full,pavement,scene,a photo of pavement.,0.413772
non-plant,car_19.jpg,full,person,scene,a photo of person.,0.403788
non-plant,car_19.jpg,full,screen,scene,a photo of screen.,0.381987
non-plant,car_19.jpg,reticle,grass,plant,a photo of Poaceae.,0.542427
non-plant,car_19.jpg,reticle,oak,plant,a photo of Quercus.,0.494160
non-plant,car_19.jpg,reticle,fern,plant,a photo of Polypodiopsida.,0.508235
non-plant,car_19.jpg,reticle,clover,plant,a photo of Trifolium.,0.451413
non-plant,car_19.jpg,reticle,pine,plant,a photo of Pinus.,0.462837
non-plant,car_19.jpg,reticle,dandelion,plant,a photo of Taraxacum.,0.475340
non-plant,car_19.jpg,reticle,poison ivy,hazard,a photo of Toxicodendron radicans.,0.445801
non-plant,car_19.jpg,reticle,poison oak,hazard,a photo of Toxicodendron pubescens.,0.393279
non-plant,car_19.jpg,reticle,poison sumac,hazard,a photo of Toxicodendron vernix.,0.400477
non-plant,car_19.jpg,reticle,pokeweed,hazard,a photo of Phytolacca americana.,0.465302
non-plant,car_19.jpg,reticle,Carolina horsenettle,hazard,a photo of Solanum carolinense.,0.430821
non-plant,car_19.jpg,reticle,lawn,scene,a photo of lawn.,0.484084
non-plant,car_19.jpg,reticle,field,scene,a photo of field.,0.435148
non-plant,car_19.jpg,reticle,weedy garden bed,scene,a photo of weedy garden bed.,0.451554
non-plant,car_19.jpg,reticle,pavement,scene,a photo of pavement.,0.472891
non-plant,car_19.jpg,reticle,person,scene,a photo of person.,0.470457
non-plant,car_19.jpg,reticle,screen,scene,a photo of screen.,0.471091
non-plant,car_20.jpg,full,grass,plant,a photo of Poaceae.,0.503216
non-plant,car_20.jpg,full,oak,plant,a photo of Quercus.,0.482765
non-plant,car_20.jpg,full,fern,plant,a photo of Polypodiopsida.,0.507394
non-plant,car_20.jpg,full,clover,plant,a photo of Trifolium.,0.462893
non-plant,car_20.jpg,full,pine,plant,a photo of Pinus.,0.538917
non-plant,car_20.jpg,full,dandelion,plant,a photo of Taraxacum.,0.437937
non-plant,car_20.jpg,full,poison ivy,hazard,a photo of Toxicodendron radicans.,0.346237
non-plant,car_20.jpg,full,poison oak,hazard,a photo of Toxicodendron pubescens.,0.332963
non-plant,car_20.jpg,full,poison sumac,hazard,a photo of Toxicodendron vernix.,0.400191
non-plant,car_20.jpg,full,pokeweed,hazard,a photo of Phytolacca americana.,0.394658
non-plant,car_20.jpg,full,Carolina horsenettle,hazard,a photo of Solanum carolinense.,0.339591
non-plant,car_20.jpg,full,lawn,scene,a photo of lawn.,0.424060
non-plant,car_20.jpg,full,field,scene,a photo of field.,0.430128
non-plant,car_20.jpg,full,weedy garden bed,scene,a photo of weedy garden bed.,0.486547
non-plant,car_20.jpg,full,pavement,scene,a photo of pavement.,0.441611
non-plant,car_20.jpg,full,person,scene,a photo of person.,0.482907
non-plant,car_20.jpg,full,screen,scene,a photo of screen.,0.502164
non-plant,car_20.jpg,reticle,grass,plant,a photo of Poaceae.,0.478165
non-plant,car_20.jpg,reticle,oak,plant,a photo of Quercus.,0.479372
non-plant,car_20.jpg,reticle,fern,plant,a photo of Polypodiopsida.,0.467681
non-plant,car_20.jpg,reticle,clover,plant,a photo of Trifolium.,0.429828
non-plant,car_20.jpg,reticle,pine,plant,a photo of Pinus.,0.479593
non-plant,car_20.jpg,reticle,dandelion,plant,a photo of Taraxacum.,0.384222
non-plant,car_20.jpg,reticle,poison ivy,hazard,a photo of Toxicodendron radicans.,0.376375
non-plant,car_20.jpg,reticle,poison oak,hazard,a photo of Toxicodendron pubescens.,0.354597
non-plant,car_20.jpg,reticle,poison sumac,hazard,a photo of Toxicodendron vernix.,0.420399
non-plant,car_20.jpg,reticle,pokeweed,hazard,a photo of Phytolacca americana.,0.394615
non-plant,car_20.jpg,reticle,Carolina horsenettle,hazard,a photo of Solanum carolinense.,0.320267
non-plant,car_20.jpg,reticle,lawn,scene,a photo of lawn.,0.405641
non-plant,car_20.jpg,reticle,field,scene,a photo of field.,0.459062
non-plant,car_20.jpg,reticle,weedy garden bed,scene,a photo of weedy garden bed.,0.464792
non-plant,car_20.jpg,reticle,pavement,scene,a photo of pavement.,0.437927
non-plant,car_20.jpg,reticle,person,scene,a photo of person.,0.478049
non-plant,car_20.jpg,reticle,screen,scene,a photo of screen.,0.514398
non-plant,lawn_mowed_21.jpg,full,grass,plant,a photo of Poaceae.,0.494102
non-plant,lawn_mowed_21.jpg,full,oak,plant,a photo of Quercus.,0.505149
non-plant,lawn_mowed_21.jpg,full,fern,plant,a photo of Polypodiopsida.,0.497158
non-plant,lawn_mowed_21.jpg,full,clover,plant,a photo of Trifolium.,0.477867
non-plant,lawn_mowed_21.jpg,full,pine,plant,a photo of Pinus.,0.532763
non-plant,lawn_mowed_21.jpg,full,dandelion,plant,a photo of Taraxacum.,0.435762
non-plant,lawn_mowed_21.jpg,full,poison ivy,hazard,a photo of Toxicodendron radicans.,0.352865
non-plant,lawn_mowed_21.jpg,full,poison oak,hazard,a photo of Toxicodendron pubescens.,0.345017
non-plant,lawn_mowed_21.jpg,full,poison sumac,hazard,a photo of Toxicodendron vernix.,0.345258
non-plant,lawn_mowed_21.jpg,full,pokeweed,hazard,a photo of Phytolacca americana.,0.384792
non-plant,lawn_mowed_21.jpg,full,Carolina horsenettle,hazard,a photo of Solanum carolinense.,0.303258
non-plant,lawn_mowed_21.jpg,full,lawn,scene,a photo of lawn.,0.472068
non-plant,lawn_mowed_21.jpg,full,field,scene,a photo of field.,0.471024
non-plant,lawn_mowed_21.jpg,full,weedy garden bed,scene,a photo of weedy garden bed.,0.500880
non-plant,lawn_mowed_21.jpg,full,pavement,scene,a photo of pavement.,0.482850
non-plant,lawn_mowed_21.jpg,full,person,scene,a photo of person.,0.501753
non-plant,lawn_mowed_21.jpg,full,screen,scene,a photo of screen.,0.540011
non-plant,lawn_mowed_21.jpg,reticle,grass,plant,a photo of Poaceae.,0.511694
non-plant,lawn_mowed_21.jpg,reticle,oak,plant,a photo of Quercus.,0.488547
non-plant,lawn_mowed_21.jpg,reticle,fern,plant,a photo of Polypodiopsida.,0.472297
non-plant,lawn_mowed_21.jpg,reticle,clover,plant,a photo of Trifolium.,0.464565
non-plant,lawn_mowed_21.jpg,reticle,pine,plant,a photo of Pinus.,0.509218
non-plant,lawn_mowed_21.jpg,reticle,dandelion,plant,a photo of Taraxacum.,0.433225
non-plant,lawn_mowed_21.jpg,reticle,poison ivy,hazard,a photo of Toxicodendron radicans.,0.334526
non-plant,lawn_mowed_21.jpg,reticle,poison oak,hazard,a photo of Toxicodendron pubescens.,0.330256
non-plant,lawn_mowed_21.jpg,reticle,poison sumac,hazard,a photo of Toxicodendron vernix.,0.359180
non-plant,lawn_mowed_21.jpg,reticle,pokeweed,hazard,a photo of Phytolacca americana.,0.381514
non-plant,lawn_mowed_21.jpg,reticle,Carolina horsenettle,hazard,a photo of Solanum carolinense.,0.316199
non-plant,lawn_mowed_21.jpg,reticle,lawn,scene,a photo of lawn.,0.485096
non-plant,lawn_mowed_21.jpg,reticle,field,scene,a photo of field.,0.463521
non-plant,lawn_mowed_21.jpg,reticle,weedy garden bed,scene,a photo of weedy garden bed.,0.464989
non-plant,lawn_mowed_21.jpg,reticle,pavement,scene,a photo of pavement.,0.468973
non-plant,lawn_mowed_21.jpg,reticle,person,scene,a photo of person.,0.486082
non-plant,lawn_mowed_21.jpg,reticle,screen,scene,a photo of screen.,0.513105
non-plant,lawn_mowed_22.jpg,full,grass,plant,a photo of Poaceae.,0.493569
non-plant,lawn_mowed_22.jpg,full,oak,plant,a photo of Quercus.,0.402207
non-plant,lawn_mowed_22.jpg,full,fern,plant,a photo of Polypodiopsida.,0.457325
non-plant,lawn_mowed_22.jpg,full,clover,plant,a photo of Trifolium.,0.435646
non-plant,lawn_mowed_22.jpg,full,pine,plant,a photo of Pinus.,0.458875
non-plant,lawn_mowed_22.jpg,full,dandelion,plant,a photo of Taraxacum.,0.409204
non-plant,lawn_mowed_22.jpg,full,poison ivy,hazard,a photo of Toxicodendron radicans.,0.303401
non-plant,lawn_mowed_22.jpg,full,poison oak,hazard,a photo of Toxicodendron pubescens.,0.322174
non-plant,lawn_mowed_22.jpg,full,poison sumac,hazard,a photo of Toxicodendron vernix.,0.264595
non-plant,lawn_mowed_22.jpg,full,pokeweed,hazard,a photo of Phytolacca americana.,0.307737
non-plant,lawn_mowed_22.jpg,full,Carolina horsenettle,hazard,a photo of Solanum carolinense.,0.319890
non-plant,lawn_mowed_22.jpg,full,lawn,scene,a photo of lawn.,0.462609
non-plant,lawn_mowed_22.jpg,full,field,scene,a photo of field.,0.384814
non-plant,lawn_mowed_22.jpg,full,weedy garden bed,scene,a photo of weedy garden bed.,0.475172
non-plant,lawn_mowed_22.jpg,full,pavement,scene,a photo of pavement.,0.461385
non-plant,lawn_mowed_22.jpg,full,person,scene,a photo of person.,0.447483
non-plant,lawn_mowed_22.jpg,full,screen,scene,a photo of screen.,0.451551
non-plant,lawn_mowed_22.jpg,reticle,grass,plant,a photo of Poaceae.,0.510556
non-plant,lawn_mowed_22.jpg,reticle,oak,plant,a photo of Quercus.,0.449026
non-plant,lawn_mowed_22.jpg,reticle,fern,plant,a photo of Polypodiopsida.,0.464809
non-plant,lawn_mowed_22.jpg,reticle,clover,plant,a photo of Trifolium.,0.410623
non-plant,lawn_mowed_22.jpg,reticle,pine,plant,a photo of Pinus.,0.475663
non-plant,lawn_mowed_22.jpg,reticle,dandelion,plant,a photo of Taraxacum.,0.436061
non-plant,lawn_mowed_22.jpg,reticle,poison ivy,hazard,a photo of Toxicodendron radicans.,0.346102
non-plant,lawn_mowed_22.jpg,reticle,poison oak,hazard,a photo of Toxicodendron pubescens.,0.348808
non-plant,lawn_mowed_22.jpg,reticle,poison sumac,hazard,a photo of Toxicodendron vernix.,0.325288
non-plant,lawn_mowed_22.jpg,reticle,pokeweed,hazard,a photo of Phytolacca americana.,0.402464
non-plant,lawn_mowed_22.jpg,reticle,Carolina horsenettle,hazard,a photo of Solanum carolinense.,0.381615
non-plant,lawn_mowed_22.jpg,reticle,lawn,scene,a photo of lawn.,0.412542
non-plant,lawn_mowed_22.jpg,reticle,field,scene,a photo of field.,0.451627
non-plant,lawn_mowed_22.jpg,reticle,weedy garden bed,scene,a photo of weedy garden bed.,0.480011
non-plant,lawn_mowed_22.jpg,reticle,pavement,scene,a photo of pavement.,0.469807
non-plant,lawn_mowed_22.jpg,reticle,person,scene,a photo of person.,0.427296
non-plant,lawn_mowed_22.jpg,reticle,screen,scene,a photo of screen.,0.444473
plant,oak_1.jpg,full,grass,plant,a photo of Poaceae.,0.434948
plant,oak_1.jpg,full,oak,plant,a photo of Quercus.,0.479635
plant,oak_1.jpg,full,fern,plant,a photo of Polypodiopsida.,0.409678
plant,oak_1.jpg,full,clover,plant,a photo of Trifolium.,0.402683
plant,oak_1.jpg,full,pine,plant,a photo of Pinus.,0.433038
plant,oak_1.jpg,full,dandelion,plant,a photo of Taraxacum.,0.439637
plant,oak_1.jpg,full,poison ivy,hazard,a photo of Toxicodendron radicans.,0.363931
plant,oak_1.jpg,full,poison oak,hazard,a photo of Toxicodendron pubescens.,0.346418
plant,oak_1.jpg,full,poison sumac,hazard,a photo of Toxicodendron vernix.,0.301320
plant,oak_1.jpg,full,pokeweed,hazard,a photo of Phytolacca americana.,0.389940
plant,oak_1.jpg,full,Carolina horsenettle,hazard,a photo of Solanum carolinense.,0.357249
plant,oak_1.jpg,full,lawn,scene,a photo of lawn.,0.407203
plant,oak_1.jpg,full,field,scene,a photo of field.,0.411638
plant,oak_1.jpg,full,weedy garden bed,scene,a photo of weedy garden bed.,0.441902
plant,oak_1.jpg,full,pavement,scene,a photo of pavement.,0.465785
plant,oak_1.jpg,full,person,scene,a photo of person.,0.461063
plant,oak_1.jpg,full,screen,scene,a photo of screen.,0.459431
plant,oak_1.jpg,reticle,grass,plant,a photo of Poaceae.,0.445056
plant,oak_1.jpg,reticle,oak,plant,a photo of Quercus.,0.443700
plant,oak_1.jpg,reticle,fern,plant,a photo of Polypodiopsida.,0.406894
plant,oak_1.jpg,reticle,clover,plant,a photo of Trifolium.,0.412854
plant,oak_1.jpg,reticle,pine,plant,a photo of Pinus.,0.436193
plant,oak_1.jpg,reticle,dandelion,plant,a photo of Taraxacum.,0.423897
plant,oak_1.jpg,reticle,poison ivy,hazard,a photo of Toxicodendron radicans.,0.339722
plant,oak_1.jpg,reticle,poison oak,hazard,a photo of Toxicodendron pubescens.,0.348420
plant,oak_1.jpg,reticle,poison sumac,hazard,a photo of Toxicodendron vernix.,0.341732
plant,oak_1.jpg,reticle,pokeweed,hazard,a photo of Phytolacca americana.,0.424277
plant,oak_1.jpg,reticle,Carolina horsenettle,hazard,a photo of Solanum carolinense.,0.363268
plant,oak_1.jpg,reticle,lawn,scene,a photo of lawn.,0.406127
plant,oak_1.jpg,reticle,field,scene,a photo of field.,0.465773
plant,oak_1.jpg,reticle,weedy garden bed,scene,a photo of weedy garden bed.,0.451049
plant,oak_1.jpg,reticle,pavement,scene,a photo of pavement.,0.440487
plant,oak_1.jpg,reticle,person,scene,a photo of person.,0.431700
plant,oak_1.jpg,reticle,screen,scene,a photo of screen.,0.516793
plant,oak_2.jpg,full,grass,plant,a photo of Poaceae.,0.282391
plant,oak_2.jpg,full,oak,plant,a photo of Quercus.,0.501342
plant,oak_2.jpg,full,fern,plant,a photo of Polypodiopsida.,0.285102
plant,oak_2.jpg,full,clover,plant,a photo of Trifolium.,0.300933
plant,oak_2.jpg,full,pine,plant,a photo of Pinus.,0.364176
plant,oak_2.jpg,full,dandelion,plant,a photo of Taraxacum.,0.351734
plant,oak_2.jpg,full,poison ivy,hazard,a photo of Toxicodendron radicans.,0.412718
plant,oak_2.jpg,full,poison oak,hazard,a photo of Toxicodendron pubescens.,0.433481
plant,oak_2.jpg,full,poison sumac,hazard,a photo of Toxicodendron vernix.,0.346673
plant,oak_2.jpg,full,pokeweed,hazard,a photo of Phytolacca americana.,0.357266
plant,oak_2.jpg,full,Carolina horsenettle,hazard,a photo of Solanum carolinense.,0.364624
plant,oak_2.jpg,full,lawn,scene,a photo of lawn.,0.270650
plant,oak_2.jpg,full,field,scene,a photo of field.,0.302777
plant,oak_2.jpg,full,weedy garden bed,scene,a photo of weedy garden bed.,0.215476
plant,oak_2.jpg,full,pavement,scene,a photo of pavement.,0.283641
plant,oak_2.jpg,full,person,scene,a photo of person.,0.286159
plant,oak_2.jpg,full,screen,scene,a photo of screen.,0.362354
plant,oak_2.jpg,reticle,grass,plant,a photo of Poaceae.,0.334869
plant,oak_2.jpg,reticle,oak,plant,a photo of Quercus.,0.582851
plant,oak_2.jpg,reticle,fern,plant,a photo of Polypodiopsida.,0.315376
plant,oak_2.jpg,reticle,clover,plant,a photo of Trifolium.,0.373685
plant,oak_2.jpg,reticle,pine,plant,a photo of Pinus.,0.412841
plant,oak_2.jpg,reticle,dandelion,plant,a photo of Taraxacum.,0.406965
plant,oak_2.jpg,reticle,poison ivy,hazard,a photo of Toxicodendron radicans.,0.386043
plant,oak_2.jpg,reticle,poison oak,hazard,a photo of Toxicodendron pubescens.,0.410863
plant,oak_2.jpg,reticle,poison sumac,hazard,a photo of Toxicodendron vernix.,0.363269
plant,oak_2.jpg,reticle,pokeweed,hazard,a photo of Phytolacca americana.,0.348259
plant,oak_2.jpg,reticle,Carolina horsenettle,hazard,a photo of Solanum carolinense.,0.334943
plant,oak_2.jpg,reticle,lawn,scene,a photo of lawn.,0.305428
plant,oak_2.jpg,reticle,field,scene,a photo of field.,0.326245
plant,oak_2.jpg,reticle,weedy garden bed,scene,a photo of weedy garden bed.,0.272154
plant,oak_2.jpg,reticle,pavement,scene,a photo of pavement.,0.306023
plant,oak_2.jpg,reticle,person,scene,a photo of person.,0.341741
plant,oak_2.jpg,reticle,screen,scene,a photo of screen.,0.402858
plant,fern_1.jpg,full,grass,plant,a photo of Poaceae.,0.253235
plant,fern_1.jpg,full,oak,plant,a photo of Quercus.,0.275132
plant,fern_1.jpg,full,fern,plant,a photo of Polypodiopsida.,0.380391
plant,fern_1.jpg,full,clover,plant,a photo of Trifolium.,0.309674
plant,fern_1.jpg,full,pine,plant,a photo of Pinus.,0.328324
plant,fern_1.jpg,full,dandelion,plant,a photo of Taraxacum.,0.325630
plant,fern_1.jpg,full,poison ivy,hazard,a photo of Toxicodendron radicans.,0.266467
plant,fern_1.jpg,full,poison oak,hazard,a photo of Toxicodendron pubescens.,0.285622
plant,fern_1.jpg,full,poison sumac,hazard,a photo of Toxicodendron vernix.,0.303923
plant,fern_1.jpg,full,pokeweed,hazard,a photo of Phytolacca americana.,0.227574
plant,fern_1.jpg,full,Carolina horsenettle,hazard,a photo of Solanum carolinense.,0.216329
plant,fern_1.jpg,full,lawn,scene,a photo of lawn.,0.244441
plant,fern_1.jpg,full,field,scene,a photo of field.,0.301849
plant,fern_1.jpg,full,weedy garden bed,scene,a photo of weedy garden bed.,0.302993
plant,fern_1.jpg,full,pavement,scene,a photo of pavement.,0.378282
plant,fern_1.jpg,full,person,scene,a photo of person.,0.232116
plant,fern_1.jpg,full,screen,scene,a photo of screen.,0.274606
plant,fern_1.jpg,reticle,grass,plant,a photo of Poaceae.,0.298161
plant,fern_1.jpg,reticle,oak,plant,a photo of Quercus.,0.301317
plant,fern_1.jpg,reticle,fern,plant,a photo of Polypodiopsida.,0.460982
plant,fern_1.jpg,reticle,clover,plant,a photo of Trifolium.,0.311503
plant,fern_1.jpg,reticle,pine,plant,a photo of Pinus.,0.326797
plant,fern_1.jpg,reticle,dandelion,plant,a photo of Taraxacum.,0.358287
plant,fern_1.jpg,reticle,poison ivy,hazard,a photo of Toxicodendron radicans.,0.334539
plant,fern_1.jpg,reticle,poison oak,hazard,a photo of Toxicodendron pubescens.,0.322994
plant,fern_1.jpg,reticle,poison sumac,hazard,a photo of Toxicodendron vernix.,0.319377
plant,fern_1.jpg,reticle,pokeweed,hazard,a photo of Phytolacca americana.,0.295857
plant,fern_1.jpg,reticle,Carolina horsenettle,hazard,a photo of Solanum carolinense.,0.285011
plant,fern_1.jpg,reticle,lawn,scene,a photo of lawn.,0.296554
plant,fern_1.jpg,reticle,field,scene,a photo of field.,0.371670
plant,fern_1.jpg,reticle,weedy garden bed,scene,a photo of weedy garden bed.,0.321023
plant,fern_1.jpg,reticle,pavement,scene,a photo of pavement.,0.440764
plant,fern_1.jpg,reticle,person,scene,a photo of person.,0.298002
plant,fern_1.jpg,reticle,screen,scene,a photo of screen.,0.351773
plant,fern_2.jpg,full,grass,plant,a photo of Poaceae.,0.355333
plant,fern_2.jpg,full,oak,plant,a photo of Quercus.,0.348675
plant,fern_2.jpg,full,fern,plant,a photo of Polypodiopsida.,0.493567
plant,fern_2.jpg,full,clover,plant,a photo of Trifolium.,0.316946
plant,fern_2.jpg,full,pine,plant,a photo of Pinus.,0.365209
plant,fern_2.jpg,full,dandelion,plant,a photo of Taraxacum.,0.324569
plant,fern_2.jpg,full,poison ivy,hazard,a photo of Toxicodendron radicans.,0.240931
plant,fern_2.jpg,full,poison oak,hazard,a photo of Toxicodendron pubescens.,0.200835
plant,fern_2.jpg,full,poison sumac,hazard,a photo of Toxicodendron vernix.,0.260486
plant,fern_2.jpg,full,pokeweed,hazard,a photo of Phytolacca americana.,0.269465
plant,fern_2.jpg,full,Carolina horsenettle,hazard,a photo of Solanum carolinense.,0.240632
plant,fern_2.jpg,full,lawn,scene,a photo of lawn.,0.290828
plant,fern_2.jpg,full,field,scene,a photo of field.,0.320366
plant,fern_2.jpg,full,weedy garden bed,scene,a photo of weedy garden bed.,0.355069
plant,fern_2.jpg,full,pavement,scene,a photo of pavement.,0.338702
plant,fern_2.jpg,full,person,scene,a photo of person.,0.360673
plant,fern_2.jpg,full,screen,scene,a photo of screen.,0.361571
plant,fern_2.jpg,reticle,grass,plant,a photo of Poaceae.,0.288064
plant,fern_2.jpg,reticle,oak,plant,a photo of Quercus.,0.283721
plant,fern_2.jpg,reticle,fern,plant,a photo of Polypodiopsida.,0.499277
plant,fern_2.jpg,reticle,clover,plant,a photo of Trifolium.,0.257657
plant,fern_2.jpg,reticle,pine,plant,a photo of Pinus.,0.315391
plant,fern_2.jpg,reticle,dandelion,plant,a photo of Taraxacum.,0.300954
plant,fern_2.jpg,reticle,poison ivy,hazard,a photo of Toxicodendron radicans.,0.343758
plant,fern_2.jpg,reticle,poison oak,hazard,a photo of Toxicodendron pubescens.,0.313000
plant,fern_2.jpg,reticle,poison sumac,hazard,a photo of Toxicodendron vernix.,0.327729
plant,fern_2.jpg,reticle,pokeweed,hazard,a photo of Phytolacca americana.,0.354329
plant,fern_2.jpg,reticle,Carolina horsenettle,hazard,a photo of Solanum carolinense.,0.287724
plant,fern_2.jpg,reticle,lawn,scene,a photo of lawn.,0.253239
plant,fern_2.jpg,reticle,field,scene,a photo of field.,0.300500
plant,fern_2.jpg,reticle,weedy garden bed,scene,a photo of weedy garden bed.,0.295653
plant,fern_2.jpg,reticle,pavement,scene,a photo of pavement.,0.307095
plant,fern_2.jpg,reticle,person,scene,a photo of person.,0.281913
plant,fern_2.jpg,reticle,screen,scene,a photo of screen.,0.364857
plant,clover_1.jpg,full,grass,plant,a photo of Poaceae.,0.367975
plant,clover_1.jpg,full,oak,plant,a photo of Quercus.,0.263084
plant,clover_1.jpg,full,fern,plant,a photo of Polypodiopsida.,0.306591
plant,clover_1.jpg,full,clover,plant,a photo of Trifolium.,0.293158
plant,clover_1.jpg,full,pine,plant,a photo of Pinus.,0.246342
plant,clover_1.jpg,full,dandelion,plant,a photo of Taraxacum.,0.312602
plant,clover_1.jpg,full,poison ivy,hazard,a photo of Toxicodendron radicans.,0.324247
plant,clover_1.jpg,full,poison oak,hazard,a photo of Toxicodendron pubescens.,0.200689
plant,clover_1.jpg,full,poison sumac,hazard,a photo of Toxicodendron vernix.,0.222236
plant,clover_1.jpg,full,pokeweed,hazard,a photo of Phytolacca americana.,0.350568
plant,clover_1.jpg,full,Carolina horsenettle,hazard,a photo of Solanum carolinense.,0.344398
plant,clover_1.jpg,full,lawn,scene,a photo of lawn.,0.341746
plant,clover_1.jpg,full,field,scene,a photo of field.,0.336383
plant,clover_1.jpg,full,weedy garden bed,scene,a photo of weedy garden bed.,0.293577
plant,clover_1.jpg,full,pavement,scene,a photo of pavement.,0.295167
plant,clover_1.jpg,full,person,scene,a photo of person.,0.293419
plant,clover_1.jpg,full,screen,scene,a photo of screen.,0.324610
plant,clover_1.jpg,reticle,grass,plant,a photo of Poaceae.,0.340525
plant,clover_1.jpg,reticle,oak,plant,a photo of Quercus.,0.232724
plant,clover_1.jpg,reticle,fern,plant,a photo of Polypodiopsida.,0.306557
plant,clover_1.jpg,reticle,clover,plant,a photo of Trifolium.,0.268919
plant,clover_1.jpg,reticle,pine,plant,a photo of Pinus.,0.229502
plant,clover_1.jpg,reticle,dandelion,plant,a photo of Taraxacum.,0.296447
plant,clover_1.jpg,reticle,poison ivy,hazard,a photo of Toxicodendron radicans.,0.283760
plant,clover_1.jpg,reticle,poison oak,hazard,a photo of Toxicodendron pubescens.,0.146472
plant,clover_1.jpg,reticle,poison sumac,hazard,a photo of Toxicodendron vernix.,0.166391
plant,clover_1.jpg,reticle,pokeweed,hazard,a photo of Phytolacca americana.,0.313923
plant,clover_1.jpg,reticle,Carolina horsenettle,hazard,a photo of Solanum carolinense.,0.290082
plant,clover_1.jpg,reticle,lawn,scene,a photo of lawn.,0.271430
plant,clover_1.jpg,reticle,field,scene,a photo of field.,0.311748
plant,clover_1.jpg,reticle,weedy garden bed,scene,a photo of weedy garden bed.,0.256449
plant,clover_1.jpg,reticle,pavement,scene,a photo of pavement.,0.243760
plant,clover_1.jpg,reticle,person,scene,a photo of person.,0.239534
plant,clover_1.jpg,reticle,screen,scene,a photo of screen.,0.263504
plant,clover_2.jpg,full,grass,plant,a photo of Poaceae.,0.416568
plant,clover_2.jpg,full,oak,plant,a photo of Quercus.,0.446203
plant,clover_2.jpg,full,fern,plant,a photo of Polypodiopsida.,0.419067
plant,clover_2.jpg,full,clover,plant,a photo of Trifolium.,0.453922
plant,clover_2.jpg,full,pine,plant,a photo of Pinus.,0.423196
plant,clover_2.jpg,full,dandelion,plant,a photo of Taraxacum.,0.387299
plant,clover_2.jpg,full,poison ivy,hazard,a photo of Toxicodendron radicans.,0.384630
plant,clover_2.jpg,full,poison oak,hazard,a photo of Toxicodendron pubescens.,0.356514
plant,clover_2.jpg,full,poison sumac,hazard,a photo of Toxicodendron vernix.,0.376059
plant,clover_2.jpg,full,pokeweed,hazard,a photo of Phytolacca americana.,0.429993
plant,clover_2.jpg,full,Carolina horsenettle,hazard,a photo of Solanum carolinense.,0.402485
plant,clover_2.jpg,full,lawn,scene,a photo of lawn.,0.444050
plant,clover_2.jpg,full,field,scene,a photo of field.,0.411266
plant,clover_2.jpg,full,weedy garden bed,scene,a photo of weedy garden bed.,0.447151
plant,clover_2.jpg,full,pavement,scene,a photo of pavement.,0.500264
plant,clover_2.jpg,full,person,scene,a photo of person.,0.479958
plant,clover_2.jpg,full,screen,scene,a photo of screen.,0.538407
plant,clover_2.jpg,reticle,grass,plant,a photo of Poaceae.,0.334168
plant,clover_2.jpg,reticle,oak,plant,a photo of Quercus.,0.440985
plant,clover_2.jpg,reticle,fern,plant,a photo of Polypodiopsida.,0.299176
plant,clover_2.jpg,reticle,clover,plant,a photo of Trifolium.,0.327840
plant,clover_2.jpg,reticle,pine,plant,a photo of Pinus.,0.348705
plant,clover_2.jpg,reticle,dandelion,plant,a photo of Taraxacum.,0.303974
plant,clover_2.jpg,reticle,poison ivy,hazard,a photo of Toxicodendron radicans.,0.451456
plant,clover_2.jpg,reticle,poison oak,hazard,a photo of Toxicodendron pubescens.,0.396766
plant,clover_2.jpg,reticle,poison sumac,hazard,a photo of Toxicodendron vernix.,0.421793
plant,clover_2.jpg,reticle,pokeweed,hazard,a photo of Phytolacca americana.,0.371933
plant,clover_2.jpg,reticle,Carolina horsenettle,hazard,a photo of Solanum carolinense.,0.375465
plant,clover_2.jpg,reticle,lawn,scene,a photo of lawn.,0.380282
plant,clover_2.jpg,reticle,field,scene,a photo of field.,0.363991
plant,clover_2.jpg,reticle,weedy garden bed,scene,a photo of weedy garden bed.,0.325934
plant,clover_2.jpg,reticle,pavement,scene,a photo of pavement.,0.351511
plant,clover_2.jpg,reticle,person,scene,a photo of person.,0.382418
plant,clover_2.jpg,reticle,screen,scene,a photo of screen.,0.513535
plant,pine_1.jpg,full,grass,plant,a photo of Poaceae.,0.371456
plant,pine_1.jpg,full,oak,plant,a photo of Quercus.,0.508762
plant,pine_1.jpg,full,fern,plant,a photo of Polypodiopsida.,0.380048
plant,pine_1.jpg,full,clover,plant,a photo of Trifolium.,0.346779
plant,pine_1.jpg,full,pine,plant,a photo of Pinus.,0.492046
plant,pine_1.jpg,full,dandelion,plant,a photo of Taraxacum.,0.374166
plant,pine_1.jpg,full,poison ivy,hazard,a photo of Toxicodendron radicans.,0.463972
plant,pine_1.jpg,full,poison oak,hazard,a photo of Toxicodendron pubescens.,0.383593
plant,pine_1.jpg,full,poison sumac,hazard,a photo of Toxicodendron vernix.,0.454778
plant,pine_1.jpg,full,pokeweed,hazard,a photo of Phytolacca americana.,0.383677
plant,pine_1.jpg,full,Carolina horsenettle,hazard,a photo of Solanum carolinense.,0.321693
plant,pine_1.jpg,full,lawn,scene,a photo of lawn.,0.292940
plant,pine_1.jpg,full,field,scene,a photo of field.,0.315055
plant,pine_1.jpg,full,weedy garden bed,scene,a photo of weedy garden bed.,0.266617
plant,pine_1.jpg,full,pavement,scene,a photo of pavement.,0.308111
plant,pine_1.jpg,full,person,scene,a photo of person.,0.344994
plant,pine_1.jpg,full,screen,scene,a photo of screen.,0.451372
plant,pine_1.jpg,reticle,grass,plant,a photo of Poaceae.,0.461055
plant,pine_1.jpg,reticle,oak,plant,a photo of Quercus.,0.558513
plant,pine_1.jpg,reticle,fern,plant,a photo of Polypodiopsida.,0.449899
plant,pine_1.jpg,reticle,clover,plant,a photo of Trifolium.,0.443270
plant,pine_1.jpg,reticle,pine,plant,a photo of Pinus.,0.511143
plant,pine_1.jpg,reticle,dandelion,plant,a photo of Taraxacum.,0.434199
plant,pine_1.jpg,reticle,poison ivy,hazard,a photo of Toxicodendron radicans.,0.525169
plant,pine_1.jpg,reticle,poison oak,hazard,a photo of Toxicodendron pubescens.,0.490365
plant,pine_1.jpg,reticle,poison sumac,hazard,a photo of Toxicodendron vernix.,0.520304
plant,pine_1.jpg,reticle,pokeweed,hazard,a photo of Phytolacca americana.,0.400488
plant,pine_1.jpg,reticle,Carolina horsenettle,hazard,a photo of Solanum carolinense.,0.400223
plant,pine_1.jpg,reticle,lawn,scene,a photo of lawn.,0.401281
plant,pine_1.jpg,reticle,field,scene,a photo of field.,0.409069
plant,pine_1.jpg,reticle,weedy garden bed,scene,a photo of weedy garden bed.,0.347092
plant,pine_1.jpg,reticle,pavement,scene,a photo of pavement.,0.428023
plant,pine_1.jpg,reticle,person,scene,a photo of person.,0.454949
plant,pine_1.jpg,reticle,screen,scene,a photo of screen.,0.477001
plant,pine_2.jpg,full,grass,plant,a photo of Poaceae.,0.389130
plant,pine_2.jpg,full,oak,plant,a photo of Quercus.,0.549034
plant,pine_2.jpg,full,fern,plant,a photo of Polypodiopsida.,0.357258
plant,pine_2.jpg,full,clover,plant,a photo of Trifolium.,0.370884
plant,pine_2.jpg,full,pine,plant,a photo of Pinus.,0.541571
plant,pine_2.jpg,full,dandelion,plant,a photo of Taraxacum.,0.410716
plant,pine_2.jpg,full,poison ivy,hazard,a photo of Toxicodendron radicans.,0.502221
plant,pine_2.jpg,full,poison oak,hazard,a photo of Toxicodendron pubescens.,0.474240
plant,pine_2.jpg,full,poison sumac,hazard,a photo of Toxicodendron vernix.,0.417407
plant,pine_2.jpg,full,pokeweed,hazard,a photo of Phytolacca americana.,0.408103
plant,pine_2.jpg,full,Carolina horsenettle,hazard,a photo of Solanum carolinense.,0.381150
plant,pine_2.jpg,full,lawn,scene,a photo of lawn.,0.307877
plant,pine_2.jpg,full,field,scene,a photo of field.,0.327805
plant,pine_2.jpg,full,weedy garden bed,scene,a photo of weedy garden bed.,0.283079
plant,pine_2.jpg,full,pavement,scene,a photo of pavement.,0.314176
plant,pine_2.jpg,full,person,scene,a photo of person.,0.346900
plant,pine_2.jpg,full,screen,scene,a photo of screen.,0.412051
plant,pine_2.jpg,reticle,grass,plant,a photo of Poaceae.,0.402978
plant,pine_2.jpg,reticle,oak,plant,a photo of Quercus.,0.496617
plant,pine_2.jpg,reticle,fern,plant,a photo of Polypodiopsida.,0.378248
plant,pine_2.jpg,reticle,clover,plant,a photo of Trifolium.,0.369841
plant,pine_2.jpg,reticle,pine,plant,a photo of Pinus.,0.635905
plant,pine_2.jpg,reticle,dandelion,plant,a photo of Taraxacum.,0.378961
plant,pine_2.jpg,reticle,poison ivy,hazard,a photo of Toxicodendron radicans.,0.457752
plant,pine_2.jpg,reticle,poison oak,hazard,a photo of Toxicodendron pubescens.,0.474551
plant,pine_2.jpg,reticle,poison sumac,hazard,a photo of Toxicodendron vernix.,0.359549
plant,pine_2.jpg,reticle,pokeweed,hazard,a photo of Phytolacca americana.,0.391817
plant,pine_2.jpg,reticle,Carolina horsenettle,hazard,a photo of Solanum carolinense.,0.339447
plant,pine_2.jpg,reticle,lawn,scene,a photo of lawn.,0.325938
plant,pine_2.jpg,reticle,field,scene,a photo of field.,0.337899
plant,pine_2.jpg,reticle,weedy garden bed,scene,a photo of weedy garden bed.,0.264879
plant,pine_2.jpg,reticle,pavement,scene,a photo of pavement.,0.294233
plant,pine_2.jpg,reticle,person,scene,a photo of person.,0.338931
plant,pine_2.jpg,reticle,screen,scene,a photo of screen.,0.407859
plant,dandelion_1.jpg,full,grass,plant,a photo of Poaceae.,0.419733
plant,dandelion_1.jpg,full,oak,plant,a photo of Quercus.,0.364631
plant,dandelion_1.jpg,full,fern,plant,a photo of Polypodiopsida.,0.342796
plant,dandelion_1.jpg,full,clover,plant,a photo of Trifolium.,0.373492
plant,dandelion_1.jpg,full,pine,plant,a photo of Pinus.,0.364422
plant,dandelion_1.jpg,full,dandelion,plant,a photo of Taraxacum.,0.325049
plant,dandelion_1.jpg,full,poison ivy,hazard,a photo of Toxicodendron radicans.,0.318549
plant,dandelion_1.jpg,full,poison oak,hazard,a photo of Toxicodendron pubescens.,0.284281
plant,dandelion_1.jpg,full,poison sumac,hazard,a photo of Toxicodendron vernix.,0.258629
plant,dandelion_1.jpg,full,pokeweed,hazard,a photo of Phytolacca americana.,0.367297
plant,dandelion_1.jpg,full,Carolina horsenettle,hazard,a photo of Solanum carolinense.,0.352871
plant,dandelion_1.jpg,full,lawn,scene,a photo of lawn.,0.360732
plant,dandelion_1.jpg,full,field,scene,a photo of field.,0.305365
plant,dandelion_1.jpg,full,weedy garden bed,scene,a photo of weedy garden bed.,0.389201
plant,dandelion_1.jpg,full,pavement,scene,a photo of pavement.,0.387533
plant,dandelion_1.jpg,full,person,scene,a photo of person.,0.392100
plant,dandelion_1.jpg,full,screen,scene,a photo of screen.,0.429295
plant,dandelion_1.jpg,reticle,grass,plant,a photo of Poaceae.,0.498954
plant,dandelion_1.jpg,reticle,oak,plant,a photo of Quercus.,0.369451
plant,dandelion_1.jpg,reticle,fern,plant,a photo of Polypodiopsida.,0.434269
plant,dandelion_1.jpg,reticle,clover,plant,a photo of Trifolium.,0.354925
plant,dandelion_1.jpg,reticle,pine,plant,a photo of Pinus.,0.400108
plant,dandelion_1.jpg,reticle,dandelion,plant,a photo of Taraxacum.,0.338343
plant,dandelion_1.jpg,reticle,poison ivy,hazard,a photo of Toxicodendron radicans.,0.322899
plant,dandelion_1.jpg,reticle,poison oak,hazard,a photo of Toxicodendron pubescens.,0.263702
plant,dandelion_1.jpg,reticle,poison sumac,hazard,a photo of Toxicodendron vernix.,0.273229
plant,dandelion_1.jpg,reticle,pokeweed,hazard,a photo of Phytolacca americana.,0.374107
plant,dandelion_1.jpg,reticle,Carolina horsenettle,hazard,a photo of Solanum carolinense.,0.349796
plant,dandelion_1.jpg,reticle,lawn,scene,a photo of lawn.,0.451166
plant,dandelion_1.jpg,reticle,field,scene,a photo of field.,0.394847
plant,dandelion_1.jpg,reticle,weedy garden bed,scene,a photo of weedy garden bed.,0.381202
plant,dandelion_1.jpg,reticle,pavement,scene,a photo of pavement.,0.393772
plant,dandelion_1.jpg,reticle,person,scene,a photo of person.,0.379836
plant,dandelion_1.jpg,reticle,screen,scene,a photo of screen.,0.437684
plant,dandelion_2.jpg,full,grass,plant,a photo of Poaceae.,0.395363
plant,dandelion_2.jpg,full,oak,plant,a photo of Quercus.,0.347956
plant,dandelion_2.jpg,full,fern,plant,a photo of Polypodiopsida.,0.339834
plant,dandelion_2.jpg,full,clover,plant,a photo of Trifolium.,0.357507
plant,dandelion_2.jpg,full,pine,plant,a photo of Pinus.,0.366568
plant,dandelion_2.jpg,full,dandelion,plant,a photo of Taraxacum.,0.280529
plant,dandelion_2.jpg,full,poison ivy,hazard,a photo of Toxicodendron radicans.,0.349645
plant,dandelion_2.jpg,full,poison oak,hazard,a photo of Toxicodendron pubescens.,0.340296
plant,dandelion_2.jpg,full,poison sumac,hazard,a photo of Toxicodendron vernix.,0.336311
plant,dandelion_2.jpg,full,pokeweed,hazard,a photo of Phytolacca americana.,0.280470
plant,dandelion_2.jpg,full,Carolina horsenettle,hazard,a photo of Solanum carolinense.,0.305698
plant,dandelion_2.jpg,full,lawn,scene,a photo of lawn.,0.317013
plant,dandelion_2.jpg,full,field,scene,a photo of field.,0.330411
plant,dandelion_2.jpg,full,weedy garden bed,scene,a photo of weedy garden bed.,0.353590
plant,dandelion_2.jpg,full,pavement,scene,a photo of pavement.,0.399620
plant,dandelion_2.jpg,full,person,scene,a photo of person.,0.334788
plant,dandelion_2.jpg,full,screen,scene,a photo of screen.,0.371910
plant,dandelion_2.jpg,reticle,grass,plant,a photo of Poaceae.,0.416195
plant,dandelion_2.jpg,reticle,oak,plant,a photo of Quercus.,0.375263
plant,dandelion_2.jpg,reticle,fern,plant,a photo of Polypodiopsida.,0.389301
plant,dandelion_2.jpg,reticle,clover,plant,a photo of Trifolium.,0.360289
plant,dandelion_2.jpg,reticle,pine,plant,a photo of Pinus.,0.383436
plant,dandelion_2.jpg,reticle,dandelion,plant,a photo of Taraxacum.,0.286485
plant,dandelion_2.jpg,reticle,poison ivy,hazard,a photo of Toxicodendron radicans.,0.348466
plant,dandelion_2.jpg,reticle,poison oak,hazard,a photo of Toxicodendron pubescens.,0.342650
plant,dandelion_2.jpg,reticle,poison sumac,hazard,a photo of Toxicodendron vernix.,0.358651
plant,dandelion_2.jpg,reticle,pokeweed,hazard,a photo of Phytolacca americana.,0.282845
plant,dandelion_2.jpg,reticle,Carolina horsenettle,hazard,a photo of Solanum carolinense.,0.281847
plant,dandelion_2.jpg,reticle,lawn,scene,a photo of lawn.,0.318736
plant,dandelion_2.jpg,reticle,field,scene,a photo of field.,0.380721
plant,dandelion_2.jpg,reticle,weedy garden bed,scene,a photo of weedy garden bed.,0.396669
plant,dandelion_2.jpg,reticle,pavement,scene,a photo of pavement.,0.421886
plant,dandelion_2.jpg,reticle,person,scene,a photo of person.,0.381040
plant,dandelion_2.jpg,reticle,screen,scene,a photo of screen.,0.397417
plant,grass_1.jpg,full,grass,plant,a photo of Poaceae.,0.443628
plant,grass_1.jpg,full,oak,plant,a photo of Quercus.,0.378969
plant,grass_1.jpg,full,fern,plant,a photo of Polypodiopsida.,0.356267
plant,grass_1.jpg,full,clover,plant,a photo of Trifolium.,0.364137
plant,grass_1.jpg,full,pine,plant,a photo of Pinus.,0.429837
plant,grass_1.jpg,full,dandelion,plant,a photo of Taraxacum.,0.346531
plant,grass_1.jpg,full,poison ivy,hazard,a photo of Toxicodendron radicans.,0.391750
plant,grass_1.jpg,full,poison oak,hazard,a photo of Toxicodendron pubescens.,0.336712
plant,grass_1.jpg,full,poison sumac,hazard,a photo of Toxicodendron vernix.,0.374024
plant,grass_1.jpg,full,pokeweed,hazard,a photo of Phytolacca americana.,0.341251
plant,grass_1.jpg,full,Carolina horsenettle,hazard,a photo of Solanum carolinense.,0.357493
plant,grass_1.jpg,full,lawn,scene,a photo of lawn.,0.370110
plant,grass_1.jpg,full,field,scene,a photo of field.,0.253427
plant,grass_1.jpg,full,weedy garden bed,scene,a photo of weedy garden bed.,0.285206
plant,grass_1.jpg,full,pavement,scene,a photo of pavement.,0.343237
plant,grass_1.jpg,full,person,scene,a photo of person.,0.313067
plant,grass_1.jpg,full,screen,scene,a photo of screen.,0.302683
plant,grass_1.jpg,reticle,grass,plant,a photo of Poaceae.,0.478284
plant,grass_1.jpg,reticle,oak,plant,a photo of Quercus.,0.341772
plant,grass_1.jpg,reticle,fern,plant,a photo of Polypodiopsida.,0.357760
plant,grass_1.jpg,reticle,clover,plant,a photo of Trifolium.,0.337435
plant,grass_1.jpg,reticle,pine,plant,a photo of Pinus.,0.368481
plant,grass_1.jpg,reticle,dandelion,plant,a photo of Taraxacum.,0.331712
plant,grass_1.jpg,reticle,poison ivy,hazard,a photo of Toxicodendron radicans.,0.373156
plant,grass_1.jpg,reticle,poison oak,hazard,a photo of Toxicodendron pubescens.,0.304084
plant,grass_1.jpg,reticle,poison sumac,hazard,a photo of Toxicodendron vernix.,0.379051
plant,grass_1.jpg,reticle,pokeweed,hazard,a photo of Phytolacca americana.,0.344187
plant,grass_1.jpg,reticle,Carolina horsenettle,hazard,a photo of Solanum carolinense.,0.359577
plant,grass_1.jpg,reticle,lawn,scene,a photo of lawn.,0.427386
plant,grass_1.jpg,reticle,field,scene,a photo of field.,0.285238
plant,grass_1.jpg,reticle,weedy garden bed,scene,a photo of weedy garden bed.,0.265625
plant,grass_1.jpg,reticle,pavement,scene,a photo of pavement.,0.341488
plant,grass_1.jpg,reticle,person,scene,a photo of person.,0.310107
plant,grass_1.jpg,reticle,screen,scene,a photo of screen.,0.310088
plant,grass_2.jpg,full,grass,plant,a photo of Poaceae.,0.513898
plant,grass_2.jpg,full,oak,plant,a photo of Quercus.,0.320611
plant,grass_2.jpg,full,fern,plant,a photo of Polypodiopsida.,0.375851
plant,grass_2.jpg,full,clover,plant,a photo of Trifolium.,0.358829
plant,grass_2.jpg,full,pine,plant,a photo of Pinus.,0.304207
plant,grass_2.jpg,full,dandelion,plant,a photo of Taraxacum.,0.366463
plant,grass_2.jpg,full,poison ivy,hazard,a photo of Toxicodendron radicans.,0.287932
plant,grass_2.jpg,full,poison oak,hazard,a photo of Toxicodendron pubescens.,0.330967
plant,grass_2.jpg,full,poison sumac,hazard,a photo of Toxicodendron vernix.,0.238497
plant,grass_2.jpg,full,pokeweed,hazard,a photo of Phytolacca americana.,0.297457
plant,grass_2.jpg,full,Carolina horsenettle,hazard,a photo of Solanum carolinense.,0.361436
plant,grass_2.jpg,full,lawn,scene,a photo of lawn.,0.419932
plant,grass_2.jpg,full,field,scene,a photo of field.,0.372703
plant,grass_2.jpg,full,weedy garden bed,scene,a photo of weedy garden bed.,0.443014
plant,grass_2.jpg,full,pavement,scene,a photo of pavement.,0.328441
plant,grass_2.jpg,full,person,scene,a photo of person.,0.362204
plant,grass_2.jpg,full,screen,scene,a photo of screen.,0.329394
plant,grass_2.jpg,reticle,grass,plant,a photo of Poaceae.,0.509299
plant,grass_2.jpg,reticle,oak,plant,a photo of Quercus.,0.292856
plant,grass_2.jpg,reticle,fern,plant,a photo of Polypodiopsida.,0.357115
plant,grass_2.jpg,reticle,clover,plant,a photo of Trifolium.,0.337601
plant,grass_2.jpg,reticle,pine,plant,a photo of Pinus.,0.288382
plant,grass_2.jpg,reticle,dandelion,plant,a photo of Taraxacum.,0.329946
plant,grass_2.jpg,reticle,poison ivy,hazard,a photo of Toxicodendron radicans.,0.281215
plant,grass_2.jpg,reticle,poison oak,hazard,a photo of Toxicodendron pubescens.,0.331679
plant,grass_2.jpg,reticle,poison sumac,hazard,a photo of Toxicodendron vernix.,0.238512
plant,grass_2.jpg,reticle,pokeweed,hazard,a photo of Phytolacca americana.,0.274308
plant,grass_2.jpg,reticle,Carolina horsenettle,hazard,a photo of Solanum carolinense.,0.327460
plant,grass_2.jpg,reticle,lawn,scene,a photo of lawn.,0.418747
plant,grass_2.jpg,reticle,field,scene,a photo of field.,0.352233
plant,grass_2.jpg,reticle,weedy garden bed,scene,a photo of weedy garden bed.,0.437960
plant,grass_2.jpg,reticle,pavement,scene,a photo of pavement.,0.310952
plant,grass_2.jpg,reticle,person,scene,a photo of person.,0.340637
plant,grass_2.jpg,reticle,screen,scene,a photo of screen.,0.325801
plant,moss_1.jpg,full,grass,plant,a photo of Poaceae.,0.372655
plant,moss_1.jpg,full,oak,plant,a photo of Quercus.,0.421936
plant,moss_1.jpg,full,fern,plant,a photo of Polypodiopsida.,0.552286
plant,moss_1.jpg,full,clover,plant,a photo of Trifolium.,0.338756
plant,moss_1.jpg,full,pine,plant,a photo of Pinus.,0.401528
plant,moss_1.jpg,full,dandelion,plant,a photo of Taraxacum.,0.368760
plant,moss_1.jpg,full,poison ivy,hazard,a photo of Toxicodendron radicans.,0.370426
plant,moss_1.jpg,full,poison oak,hazard,a photo of Toxicodendron pubescens.,0.295192
plant,moss_1.jpg,full,poison sumac,hazard,a photo of Toxicodendron vernix.,0.337596
plant,moss_1.jpg,full,pokeweed,hazard,a photo of Phytolacca americana.,0.315644
plant,moss_1.jpg,full,Carolina horsenettle,hazard,a photo of Solanum carolinense.,0.286185
plant,moss_1.jpg,full,lawn,scene,a photo of lawn.,0.328577
plant,moss_1.jpg,full,field,scene,a photo of field.,0.314082
plant,moss_1.jpg,full,weedy garden bed,scene,a photo of weedy garden bed.,0.292024
plant,moss_1.jpg,full,pavement,scene,a photo of pavement.,0.349669
plant,moss_1.jpg,full,person,scene,a photo of person.,0.378548
plant,moss_1.jpg,full,screen,scene,a photo of screen.,0.405822
plant,moss_1.jpg,reticle,grass,plant,a photo of Poaceae.,0.402954
plant,moss_1.jpg,reticle,oak,plant,a photo of Quercus.,0.408019
plant,moss_1.jpg,reticle,fern,plant,a photo of Polypodiopsida.,0.521575
plant,moss_1.jpg,reticle,clover,plant,a photo of Trifolium.,0.357459
plant,moss_1.jpg,reticle,pine,plant,a photo of Pinus.,0.460692
plant,moss_1.jpg,reticle,dandelion,plant,a photo of Taraxacum.,0.347170
plant,moss_1.jpg,reticle,poison ivy,hazard,a photo of Toxicodendron radicans.,0.317279
plant,moss_1.jpg,reticle,poison oak,hazard,a photo of Toxicodendron pubescens.,0.254952
plant,moss_1.jpg,reticle,poison sumac,hazard,a photo of Toxicodendron vernix.,0.330990
plant,moss_1.jpg,reticle,pokeweed,hazard,a photo of Phytolacca americana.,0.300823
plant,moss_1.jpg,reticle,Carolina horsenettle,hazard,a photo of Solanum carolinense.,0.207909
plant,moss_1.jpg,reticle,lawn,scene,a photo of lawn.,0.357225
plant,moss_1.jpg,reticle,field,scene,a photo of field.,0.366617
plant,moss_1.jpg,reticle,weedy garden bed,scene,a photo of weedy garden bed.,0.343892
plant,moss_1.jpg,reticle,pavement,scene,a photo of pavement.,0.378708
plant,moss_1.jpg,reticle,person,scene,a photo of person.,0.430685
plant,moss_1.jpg,reticle,screen,scene,a photo of screen.,0.456903
plant,moss_2.jpg,full,grass,plant,a photo of Poaceae.,0.367890
plant,moss_2.jpg,full,oak,plant,a photo of Quercus.,0.320226
plant,moss_2.jpg,full,fern,plant,a photo of Polypodiopsida.,0.379788
plant,moss_2.jpg,full,clover,plant,a photo of Trifolium.,0.314380
plant,moss_2.jpg,full,pine,plant,a photo of Pinus.,0.284517
plant,moss_2.jpg,full,dandelion,plant,a photo of Taraxacum.,0.357970
plant,moss_2.jpg,full,poison ivy,hazard,a photo of Toxicodendron radicans.,0.282797
plant,moss_2.jpg,full,poison oak,hazard,a photo of Toxicodendron pubescens.,0.232876
plant,moss_2.jpg,full,poison sumac,hazard,a photo of Toxicodendron vernix.,0.233580
plant,moss_2.jpg,full,pokeweed,hazard,a photo of Phytolacca americana.,0.318423
plant,moss_2.jpg,full,Carolina horsenettle,hazard,a photo of Solanum carolinense.,0.283436
plant,moss_2.jpg,full,lawn,scene,a photo of lawn.,0.366196
plant,moss_2.jpg,full,field,scene,a photo of field.,0.335351
plant,moss_2.jpg,full,weedy garden bed,scene,a photo of weedy garden bed.,0.337366
plant,moss_2.jpg,full,pavement,scene,a photo of pavement.,0.425917
plant,moss_2.jpg,full,person,scene,a photo of person.,0.364409
plant,moss_2.jpg,full,screen,scene,a photo of screen.,0.329456
plant,moss_2.jpg,reticle,grass,plant,a photo of Poaceae.,0.363853
plant,moss_2.jpg,reticle,oak,plant,a photo of Quercus.,0.299649
plant,moss_2.jpg,reticle,fern,plant,a photo of Polypodiopsida.,0.388013
plant,moss_2.jpg,reticle,clover,plant,a photo of Trifolium.,0.292297
plant,moss_2.jpg,reticle,pine,plant,a photo of Pinus.,0.266882
plant,moss_2.jpg,reticle,dandelion,plant,a photo of Taraxacum.,0.341904
plant,moss_2.jpg,reticle,poison ivy,hazard,a photo of Toxicodendron radicans.,0.267620
plant,moss_2.jpg,reticle,poison oak,hazard,a photo of Toxicodendron pubescens.,0.202151
plant,moss_2.jpg,reticle,poison sumac,hazard,a photo of Toxicodendron vernix.,0.225206
plant,moss_2.jpg,reticle,pokeweed,hazard,a photo of Phytolacca americana.,0.309811
plant,moss_2.jpg,reticle,Carolina horsenettle,hazard,a photo of Solanum carolinense.,0.285271
plant,moss_2.jpg,reticle,lawn,scene,a photo of lawn.,0.334113
plant,moss_2.jpg,reticle,field,scene,a photo of field.,0.327648
plant,moss_2.jpg,reticle,weedy garden bed,scene,a photo of weedy garden bed.,0.282229
plant,moss_2.jpg,reticle,pavement,scene,a photo of pavement.,0.372111
plant,moss_2.jpg,reticle,person,scene,a photo of person.,0.345187
plant,moss_2.jpg,reticle,screen,scene,a photo of screen.,0.277138
plant,poisonivy_1.jpg,full,grass,plant,a photo of Poaceae.,0.251978
plant,poisonivy_1.jpg,full,oak,plant,a photo of Quercus.,0.296140
plant,poisonivy_1.jpg,full,fern,plant,a photo of Polypodiopsida.,0.248001
plant,poisonivy_1.jpg,full,clover,plant,a photo of Trifolium.,0.253578
plant,poisonivy_1.jpg,full,pine,plant,a photo of Pinus.,0.228471
plant,poisonivy_1.jpg,full,dandelion,plant,a photo of Taraxacum.,0.255643
plant,poisonivy_1.jpg,full,poison ivy,hazard,a photo of Toxicodendron radicans.,0.571763
plant,poisonivy_1.jpg,full,poison oak,hazard,a photo of Toxicodendron pubescens.,0.437592
plant,poisonivy_1.jpg,full,poison sumac,hazard,a photo of Toxicodendron vernix.,0.330165
plant,poisonivy_1.jpg,full,pokeweed,hazard,a photo of Phytolacca americana.,0.407905
plant,poisonivy_1.jpg,full,Carolina horsenettle,hazard,a photo of Solanum carolinense.,0.346682
plant,poisonivy_1.jpg,full,lawn,scene,a photo of lawn.,0.227824
plant,poisonivy_1.jpg,full,field,scene,a photo of field.,0.246726
plant,poisonivy_1.jpg,full,weedy garden bed,scene,a photo of weedy garden bed.,0.162184
plant,poisonivy_1.jpg,full,pavement,scene,a photo of pavement.,0.229866
plant,poisonivy_1.jpg,full,person,scene,a photo of person.,0.265131
plant,poisonivy_1.jpg,full,screen,scene,a photo of screen.,0.259021
plant,poisonivy_1.jpg,reticle,grass,plant,a photo of Poaceae.,0.310724
plant,poisonivy_1.jpg,reticle,oak,plant,a photo of Quercus.,0.335426
plant,poisonivy_1.jpg,reticle,fern,plant,a photo of Polypodiopsida.,0.306864
plant,poisonivy_1.jpg,reticle,clover,plant,a photo of Trifolium.,0.291464
plant,poisonivy_1.jpg,reticle,pine,plant,a photo of Pinus.,0.307754
plant,poisonivy_1.jpg,reticle,dandelion,plant,a photo of Taraxacum.,0.310909
plant,poisonivy_1.jpg,reticle,poison ivy,hazard,a photo of Toxicodendron radicans.,0.584199
plant,poisonivy_1.jpg,reticle,poison oak,hazard,a photo of Toxicodendron pubescens.,0.453491
plant,poisonivy_1.jpg,reticle,poison sumac,hazard,a photo of Toxicodendron vernix.,0.411060
plant,poisonivy_1.jpg,reticle,pokeweed,hazard,a photo of Phytolacca americana.,0.454035
plant,poisonivy_1.jpg,reticle,Carolina horsenettle,hazard,a photo of Solanum carolinense.,0.370247
plant,poisonivy_1.jpg,reticle,lawn,scene,a photo of lawn.,0.243256
plant,poisonivy_1.jpg,reticle,field,scene,a photo of field.,0.280229
plant,poisonivy_1.jpg,reticle,weedy garden bed,scene,a photo of weedy garden bed.,0.216968
plant,poisonivy_1.jpg,reticle,pavement,scene,a photo of pavement.,0.265497
plant,poisonivy_1.jpg,reticle,person,scene,a photo of person.,0.279276
plant,poisonivy_1.jpg,reticle,screen,scene,a photo of screen.,0.272865
plant,poisonivy_2.jpg,full,grass,plant,a photo of Poaceae.,0.377705
plant,poisonivy_2.jpg,full,oak,plant,a photo of Quercus.,0.340620
plant,poisonivy_2.jpg,full,fern,plant,a photo of Polypodiopsida.,0.358827
plant,poisonivy_2.jpg,full,clover,plant,a photo of Trifolium.,0.258260
plant,poisonivy_2.jpg,full,pine,plant,a photo of Pinus.,0.305886
plant,poisonivy_2.jpg,full,dandelion,plant,a photo of Taraxacum.,0.290383
plant,poisonivy_2.jpg,full,poison ivy,hazard,a photo of Toxicodendron radicans.,0.471142
plant,poisonivy_2.jpg,full,poison oak,hazard,a photo of Toxicodendron pubescens.,0.426088
plant,poisonivy_2.jpg,full,poison sumac,hazard,a photo of Toxicodendron vernix.,0.459453
plant,poisonivy_2.jpg,full,pokeweed,hazard,a photo of Phytolacca americana.,0.411924
plant,poisonivy_2.jpg,full,Carolina horsenettle,hazard,a photo of Solanum carolinense.,0.286368
plant,poisonivy_2.jpg,full,lawn,scene,a photo of lawn.,0.358886
plant,poisonivy_2.jpg,full,field,scene,a photo of field.,0.346233
plant,poisonivy_2.jpg,full,weedy garden bed,scene,a photo of weedy garden bed.,0.294634
plant,poisonivy_2.jpg,full,pavement,scene,a photo of pavement.,0.345133
plant,poisonivy_2.jpg,full,person,scene,a photo of person.,0.375350
plant,poisonivy_2.jpg,full,screen,scene,a photo of screen.,0.444720
plant,poisonivy_2.jpg,reticle,grass,plant,a photo of Poaceae.,0.393800
plant,poisonivy_2.jpg,reticle,oak,plant,a photo of Quercus.,0.351582
plant,poisonivy_2.jpg,reticle,fern,plant,a photo of Polypodiopsida.,0.370325
plant,poisonivy_2.jpg,reticle,clover,plant,a photo of Trifolium.,0.313713
plant,poisonivy_2.jpg,reticle,pine,plant,a photo of Pinus.,0.353476
plant,poisonivy_2.jpg,reticle,dandelion,plant,a photo of Taraxacum.,0.301300
plant,poisonivy_2.jpg,reticle,poison ivy,hazard,a photo of Toxicodendron radicans.,0.365469
plant,poisonivy_2.jpg,reticle,poison oak,hazard,a photo of Toxicodendron pubescens.,0.369355
plant,poisonivy_2.jpg,reticle,poison sumac,hazard,a photo of Toxicodendron vernix.,0.370955
plant,poisonivy_2.jpg,reticle,pokeweed,hazard,a photo of Phytolacca americana.,0.394893
plant,poisonivy_2.jpg,reticle,Carolina horsenettle,hazard,a photo of Solanum carolinense.,0.261428
plant,poisonivy_2.jpg,reticle,lawn,scene,a photo of lawn.,0.398913
plant,poisonivy_2.jpg,reticle,field,scene,a photo of field.,0.369638
plant,poisonivy_2.jpg,reticle,weedy garden bed,scene,a photo of weedy garden bed.,0.346109
plant,poisonivy_2.jpg,reticle,pavement,scene,a photo of pavement.,0.387740
plant,poisonivy_2.jpg,reticle,person,scene,a photo of person.,0.412648
plant,poisonivy_2.jpg,reticle,screen,scene,a photo of screen.,0.474821
grass,grass_236380113.jpg,full,grass,plant,a photo of Poaceae.,0.485878
grass,grass_236380113.jpg,full,oak,plant,a photo of Quercus.,0.306006
grass,grass_236380113.jpg,full,fern,plant,a photo of Polypodiopsida.,0.362194
grass,grass_236380113.jpg,full,clover,plant,a photo of Trifolium.,0.312888
grass,grass_236380113.jpg,full,pine,plant,a photo of Pinus.,0.364544
grass,grass_236380113.jpg,full,dandelion,plant,a photo of Taraxacum.,0.297960
grass,grass_236380113.jpg,full,poison ivy,hazard,a photo of Toxicodendron radicans.,0.384409
grass,grass_236380113.jpg,full,poison oak,hazard,a photo of Toxicodendron pubescens.,0.408485
grass,grass_236380113.jpg,full,poison sumac,hazard,a photo of Toxicodendron vernix.,0.342889
grass,grass_236380113.jpg,full,pokeweed,hazard,a photo of Phytolacca americana.,0.339726
grass,grass_236380113.jpg,full,Carolina horsenettle,hazard,a photo of Solanum carolinense.,0.373755
grass,grass_236380113.jpg,full,lawn,scene,a photo of lawn.,0.465781
grass,grass_236380113.jpg,full,field,scene,a photo of field.,0.322196
grass,grass_236380113.jpg,full,weedy garden bed,scene,a photo of weedy garden bed.,0.309858
grass,grass_236380113.jpg,full,pavement,scene,a photo of pavement.,0.333076
grass,grass_236380113.jpg,full,person,scene,a photo of person.,0.321239
grass,grass_236380113.jpg,full,screen,scene,a photo of screen.,0.333614
grass,grass_236380113.jpg,reticle,grass,plant,a photo of Poaceae.,0.547499
grass,grass_236380113.jpg,reticle,oak,plant,a photo of Quercus.,0.360687
grass,grass_236380113.jpg,reticle,fern,plant,a photo of Polypodiopsida.,0.419111
grass,grass_236380113.jpg,reticle,clover,plant,a photo of Trifolium.,0.392912
grass,grass_236380113.jpg,reticle,pine,plant,a photo of Pinus.,0.412906
grass,grass_236380113.jpg,reticle,dandelion,plant,a photo of Taraxacum.,0.338247
grass,grass_236380113.jpg,reticle,poison ivy,hazard,a photo of Toxicodendron radicans.,0.362038
grass,grass_236380113.jpg,reticle,poison oak,hazard,a photo of Toxicodendron pubescens.,0.388825
grass,grass_236380113.jpg,reticle,poison sumac,hazard,a photo of Toxicodendron vernix.,0.358050
grass,grass_236380113.jpg,reticle,pokeweed,hazard,a photo of Phytolacca americana.,0.335301
grass,grass_236380113.jpg,reticle,Carolina horsenettle,hazard,a photo of Solanum carolinense.,0.397309
grass,grass_236380113.jpg,reticle,lawn,scene,a photo of lawn.,0.495943
grass,grass_236380113.jpg,reticle,field,scene,a photo of field.,0.365275
grass,grass_236380113.jpg,reticle,weedy garden bed,scene,a photo of weedy garden bed.,0.339279
grass,grass_236380113.jpg,reticle,pavement,scene,a photo of pavement.,0.360967
grass,grass_236380113.jpg,reticle,person,scene,a photo of person.,0.342929
grass,grass_236380113.jpg,reticle,screen,scene,a photo of screen.,0.344425
grass,grass_77707956.jpg,full,grass,plant,a photo of Poaceae.,0.328879
grass,grass_77707956.jpg,full,oak,plant,a photo of Quercus.,0.346966
grass,grass_77707956.jpg,full,fern,plant,a photo of Polypodiopsida.,0.291285
grass,grass_77707956.jpg,full,clover,plant,a photo of Trifolium.,0.230828
grass,grass_77707956.jpg,full,pine,plant,a photo of Pinus.,0.263922
grass,grass_77707956.jpg,full,dandelion,plant,a photo of Taraxacum.,0.255159
grass,grass_77707956.jpg,full,poison ivy,hazard,a photo of Toxicodendron radicans.,0.467221
grass,grass_77707956.jpg,full,poison oak,hazard,a photo of Toxicodendron pubescens.,0.356975
grass,grass_77707956.jpg,full,poison sumac,hazard,a photo of Toxicodendron vernix.,0.392342
grass,grass_77707956.jpg,full,pokeweed,hazard,a photo of Phytolacca americana.,0.424631
grass,grass_77707956.jpg,full,Carolina horsenettle,hazard,a photo of Solanum carolinense.,0.419922
grass,grass_77707956.jpg,full,lawn,scene,a photo of lawn.,0.273335
grass,grass_77707956.jpg,full,field,scene,a photo of field.,0.272956
grass,grass_77707956.jpg,full,weedy garden bed,scene,a photo of weedy garden bed.,0.262059
grass,grass_77707956.jpg,full,pavement,scene,a photo of pavement.,0.267367
grass,grass_77707956.jpg,full,person,scene,a photo of person.,0.350154
grass,grass_77707956.jpg,full,screen,scene,a photo of screen.,0.341167
grass,grass_77707956.jpg,reticle,grass,plant,a photo of Poaceae.,0.301658
grass,grass_77707956.jpg,reticle,oak,plant,a photo of Quercus.,0.346482
grass,grass_77707956.jpg,reticle,fern,plant,a photo of Polypodiopsida.,0.291978
grass,grass_77707956.jpg,reticle,clover,plant,a photo of Trifolium.,0.233056
grass,grass_77707956.jpg,reticle,pine,plant,a photo of Pinus.,0.281478
grass,grass_77707956.jpg,reticle,dandelion,plant,a photo of Taraxacum.,0.280433
grass,grass_77707956.jpg,reticle,poison ivy,hazard,a photo of Toxicodendron radicans.,0.642735
grass,grass_77707956.jpg,reticle,poison oak,hazard,a photo of Toxicodendron pubescens.,0.529015
grass,grass_77707956.jpg,reticle,poison sumac,hazard,a photo of Toxicodendron vernix.,0.499330
grass,grass_77707956.jpg,reticle,pokeweed,hazard,a photo of Phytolacca americana.,0.454181
grass,grass_77707956.jpg,reticle,Carolina horsenettle,hazard,a photo of Solanum carolinense.,0.391716
grass,grass_77707956.jpg,reticle,lawn,scene,a photo of lawn.,0.238679
grass,grass_77707956.jpg,reticle,field,scene,a photo of field.,0.267074
grass,grass_77707956.jpg,reticle,weedy garden bed,scene,a photo of weedy garden bed.,0.238621
grass,grass_77707956.jpg,reticle,pavement,scene,a photo of pavement.,0.265895
grass,grass_77707956.jpg,reticle,person,scene,a photo of person.,0.302480
grass,grass_77707956.jpg,reticle,screen,scene,a photo of screen.,0.326495
grass,grass_7872367.jpg,full,grass,plant,a photo of Poaceae.,0.424792
grass,grass_7872367.jpg,full,oak,plant,a photo of Quercus.,0.261864
grass,grass_7872367.jpg,full,fern,plant,a photo of Polypodiopsida.,0.336954
grass,grass_7872367.jpg,full,clover,plant,a photo of Trifolium.,0.264246
grass,grass_7872367.jpg,full,pine,plant,a photo of Pinus.,0.281017
grass,grass_7872367.jpg,full,dandelion,plant,a photo of Taraxacum.,0.259592
grass,grass_7872367.jpg,full,poison ivy,hazard,a photo of Toxicodendron radicans.,0.363101
grass,grass_7872367.jpg,full,poison oak,hazard,a photo of Toxicodendron pubescens.,0.301071
grass,grass_7872367.jpg,full,poison sumac,hazard,a photo of Toxicodendron vernix.,0.344091
grass,grass_7872367.jpg,full,pokeweed,hazard,a photo of Phytolacca americana.,0.407992
grass,grass_7872367.jpg,full,Carolina horsenettle,hazard,a photo of Solanum carolinense.,0.382744
grass,grass_7872367.jpg,full,lawn,scene,a photo of lawn.,0.366217
grass,grass_7872367.jpg,full,field,scene,a photo of field.,0.296313
grass,grass_7872367.jpg,full,weedy garden bed,scene,a photo of weedy garden bed.,0.258636
grass,grass_7872367.jpg,full,pavement,scene,a photo of pavement.,0.346418
grass,grass_7872367.jpg,full,person,scene,a photo of person.,0.296018
grass,grass_7872367.jpg,full,screen,scene,a photo of screen.,0.310812
grass,grass_7872367.jpg,reticle,grass,plant,a photo of Poaceae.,0.474149
grass,grass_7872367.jpg,reticle,oak,plant,a photo of Quercus.,0.283594
grass,grass_7872367.jpg,reticle,fern,plant,a photo of Polypodiopsida.,0.388724
grass,grass_7872367.jpg,reticle,clover,plant,a photo of Trifolium.,0.305231
grass,grass_7872367.jpg,reticle,pine,plant,a photo of Pinus.,0.308478
grass,grass_7872367.jpg,reticle,dandelion,plant,a photo of Taraxacum.,0.283576
grass,grass_7872367.jpg,reticle,poison ivy,hazard,a photo of Toxicodendron radicans.,0.344105
grass,grass_7872367.jpg,reticle,poison oak,hazard,a photo of Toxicodendron pubescens.,0.308038
grass,grass_7872367.jpg,reticle,poison sumac,hazard,a photo of Toxicodendron vernix.,0.338062
grass,grass_7872367.jpg,reticle,pokeweed,hazard,a photo of Phytolacca americana.,0.379392
grass,grass_7872367.jpg,reticle,Carolina horsenettle,hazard,a photo of Solanum carolinense.,0.343624
grass,grass_7872367.jpg,reticle,lawn,scene,a photo of lawn.,0.433170
grass,grass_7872367.jpg,reticle,field,scene,a photo of field.,0.338667
grass,grass_7872367.jpg,reticle,weedy garden bed,scene,a photo of weedy garden bed.,0.303467
grass,grass_7872367.jpg,reticle,pavement,scene,a photo of pavement.,0.362045
grass,grass_7872367.jpg,reticle,person,scene,a photo of person.,0.338185
grass,grass_7872367.jpg,reticle,screen,scene,a photo of screen.,0.368468
grass,grass_173869047.jpg,full,grass,plant,a photo of Poaceae.,0.381492
grass,grass_173869047.jpg,full,oak,plant,a photo of Quercus.,0.266367
grass,grass_173869047.jpg,full,fern,plant,a photo of Polypodiopsida.,0.263745
grass,grass_173869047.jpg,full,clover,plant,a photo of Trifolium.,0.312029
grass,grass_173869047.jpg,full,pine,plant,a photo of Pinus.,0.215176
grass,grass_173869047.jpg,full,dandelion,plant,a photo of Taraxacum.,0.272708
grass,grass_173869047.jpg,full,poison ivy,hazard,a photo of Toxicodendron radicans.,0.287762
grass,grass_173869047.jpg,full,poison oak,hazard,a photo of Toxicodendron pubescens.,0.259218
grass,grass_173869047.jpg,full,poison sumac,hazard,a photo of Toxicodendron vernix.,0.287376
grass,grass_173869047.jpg,full,pokeweed,hazard,a photo of Phytolacca americana.,0.298731
grass,grass_173869047.jpg,full,Carolina horsenettle,hazard,a photo of Solanum carolinense.,0.287906
grass,grass_173869047.jpg,full,lawn,scene,a photo of lawn.,0.351526
grass,grass_173869047.jpg,full,field,scene,a photo of field.,0.326495
grass,grass_173869047.jpg,full,weedy garden bed,scene,a photo of weedy garden bed.,0.363659
grass,grass_173869047.jpg,full,pavement,scene,a photo of pavement.,0.352600
grass,grass_173869047.jpg,full,person,scene,a photo of person.,0.304035
grass,grass_173869047.jpg,full,screen,scene,a photo of screen.,0.366989
grass,grass_173869047.jpg,reticle,grass,plant,a photo of Poaceae.,0.462317
grass,grass_173869047.jpg,reticle,oak,plant,a photo of Quercus.,0.357620
grass,grass_173869047.jpg,reticle,fern,plant,a photo of Polypodiopsida.,0.382639
grass,grass_173869047.jpg,reticle,clover,plant,a photo of Trifolium.,0.421993
grass,grass_173869047.jpg,reticle,pine,plant,a photo of Pinus.,0.336073
grass,grass_173869047.jpg,reticle,dandelion,plant,a photo of Taraxacum.,0.378991
grass,grass_173869047.jpg,reticle,poison ivy,hazard,a photo of Toxicodendron radicans.,0.290393
grass,grass_173869047.jpg,reticle,poison oak,hazard,a photo of Toxicodendron pubescens.,0.249923
grass,grass_173869047.jpg,reticle,poison sumac,hazard,a photo of Toxicodendron vernix.,0.270112
grass,grass_173869047.jpg,reticle,pokeweed,hazard,a photo of Phytolacca americana.,0.326227
grass,grass_173869047.jpg,reticle,Carolina horsenettle,hazard,a photo of Solanum carolinense.,0.297214
grass,grass_173869047.jpg,reticle,lawn,scene,a photo of lawn.,0.390251
grass,grass_173869047.jpg,reticle,field,scene,a photo of field.,0.417276
grass,grass_173869047.jpg,reticle,weedy garden bed,scene,a photo of weedy garden bed.,0.345536
grass,grass_173869047.jpg,reticle,pavement,scene,a photo of pavement.,0.404438
grass,grass_173869047.jpg,reticle,person,scene,a photo of person.,0.343589
grass,grass_173869047.jpg,reticle,screen,scene,a photo of screen.,0.404698
grass,grass_154415697.jpg,full,grass,plant,a photo of Poaceae.,0.370082
grass,grass_154415697.jpg,full,oak,plant,a photo of Quercus.,0.340027
grass,grass_154415697.jpg,full,fern,plant,a photo of Polypodiopsida.,0.376112
grass,grass_154415697.jpg,full,clover,plant,a photo of Trifolium.,0.399641
grass,grass_154415697.jpg,full,pine,plant,a photo of Pinus.,0.347410
grass,grass_154415697.jpg,full,dandelion,plant,a photo of Taraxacum.,0.393517
grass,grass_154415697.jpg,full,poison ivy,hazard,a photo of Toxicodendron radicans.,0.293147
grass,grass_154415697.jpg,full,poison oak,hazard,a photo of Toxicodendron pubescens.,0.282027
grass,grass_154415697.jpg,full,poison sumac,hazard,a photo of Toxicodendron vernix.,0.315819
grass,grass_154415697.jpg,full,pokeweed,hazard,a photo of Phytolacca americana.,0.318600
grass,grass_154415697.jpg,full,Carolina horsenettle,hazard,a photo of Solanum carolinense.,0.266004
grass,grass_154415697.jpg,full,lawn,scene,a photo of lawn.,0.324126
grass,grass_154415697.jpg,full,field,scene,a photo of field.,0.298743
grass,grass_154415697.jpg,full,weedy garden bed,scene,a photo of weedy garden bed.,0.322356
grass,grass_154415697.jpg,full,pavement,scene,a photo of pavement.,0.405171
grass,grass_154415697.jpg,full,person,scene,a photo of person.,0.335344
grass,grass_154415697.jpg,full,screen,scene,a photo of screen.,0.310436
grass,grass_154415697.jpg,reticle,grass,plant,a photo of Poaceae.,0.301242
grass,grass_154415697.jpg,reticle,oak,plant,a photo of Quercus.,0.339738
grass,grass_154415697.jpg,reticle,fern,plant,a photo of Polypodiopsida.,0.342594
grass,grass_154415697.jpg,reticle,clover,plant,a photo of Trifolium.,0.297674
grass,grass_154415697.jpg,reticle,pine,plant,a photo of Pinus.,0.319447
grass,grass_154415697.jpg,reticle,dandelion,plant,a photo of Taraxacum.,0.363017
grass,grass_154415697.jpg,reticle,poison ivy,hazard,a photo of Toxicodendron radicans.,0.268247
grass,grass_154415697.jpg,reticle,poison oak,hazard,a photo of Toxicodendron pubescens.,0.215131
grass,grass_154415697.jpg,reticle,poison sumac,hazard,a photo of Toxicodendron vernix.,0.291006
grass,grass_154415697.jpg,reticle,pokeweed,hazard,a photo of Phytolacca americana.,0.277051
grass,grass_154415697.jpg,reticle,Carolina horsenettle,hazard,a photo of Solanum carolinense.,0.265382
grass,grass_154415697.jpg,reticle,lawn,scene,a photo of lawn.,0.260206
grass,grass_154415697.jpg,reticle,field,scene,a photo of field.,0.245213
grass,grass_154415697.jpg,reticle,weedy garden bed,scene,a photo of weedy garden bed.,0.287730
grass,grass_154415697.jpg,reticle,pavement,scene,a photo of pavement.,0.322948
grass,grass_154415697.jpg,reticle,person,scene,a photo of person.,0.291486
grass,grass_154415697.jpg,reticle,screen,scene,a photo of screen.,0.277511
grass,grass_296659010.jpg,full,grass,plant,a photo of Poaceae.,0.352988
grass,grass_296659010.jpg,full,oak,plant,a photo of Quercus.,0.255852
grass,grass_296659010.jpg,full,fern,plant,a photo of Polypodiopsida.,0.250222
grass,grass_296659010.jpg,full,clover,plant,a photo of Trifolium.,0.337726
grass,grass_296659010.jpg,full,pine,plant,a photo of Pinus.,0.225891
grass,grass_296659010.jpg,full,dandelion,plant,a photo of Taraxacum.,0.272450
grass,grass_296659010.jpg,full,poison ivy,hazard,a photo of Toxicodendron radicans.,0.318727
grass,grass_296659010.jpg,full,poison oak,hazard,a photo of Toxicodendron pubescens.,0.235846
grass,grass_296659010.jpg,full,poison sumac,hazard,a photo of Toxicodendron vernix.,0.333195
grass,grass_296659010.jpg,full,pokeweed,hazard,a photo of Phytolacca americana.,0.312891
grass,grass_296659010.jpg,full,Carolina horsenettle,hazard,a photo of Solanum carolinense.,0.346719
grass,grass_296659010.jpg,full,lawn,scene,a photo of lawn.,0.321903
grass,grass_296659010.jpg,full,field,scene,a photo of field.,0.280224
grass,grass_296659010.jpg,full,weedy garden bed,scene,a photo of weedy garden bed.,0.288588
grass,grass_296659010.jpg,full,pavement,scene,a photo of pavement.,0.327309
grass,grass_296659010.jpg,full,person,scene,a photo of person.,0.232949
grass,grass_296659010.jpg,full,screen,scene,a photo of screen.,0.290734
grass,grass_296659010.jpg,reticle,grass,plant,a photo of Poaceae.,0.423307
grass,grass_296659010.jpg,reticle,oak,plant,a photo of Quercus.,0.328493
grass,grass_296659010.jpg,reticle,fern,plant,a photo of Polypodiopsida.,0.326798
grass,grass_296659010.jpg,reticle,clover,plant,a photo of Trifolium.,0.394652
grass,grass_296659010.jpg,reticle,pine,plant,a photo of Pinus.,0.296926
grass,grass_296659010.jpg,reticle,dandelion,plant,a photo of Taraxacum.,0.356951
grass,grass_296659010.jpg,reticle,poison ivy,hazard,a photo of Toxicodendron radicans.,0.337531
grass,grass_296659010.jpg,reticle,poison oak,hazard,a photo of Toxicodendron pubescens.,0.284254
grass,grass_296659010.jpg,reticle,poison sumac,hazard,a photo of Toxicodendron vernix.,0.319924
grass,grass_296659010.jpg,reticle,pokeweed,hazard,a photo of Phytolacca americana.,0.336059
grass,grass_296659010.jpg,reticle,Carolina horsenettle,hazard,a photo of Solanum carolinense.,0.344346
grass,grass_296659010.jpg,reticle,lawn,scene,a photo of lawn.,0.377516
grass,grass_296659010.jpg,reticle,field,scene,a photo of field.,0.328749
grass,grass_296659010.jpg,reticle,weedy garden bed,scene,a photo of weedy garden bed.,0.349197
grass,grass_296659010.jpg,reticle,pavement,scene,a photo of pavement.,0.386341
grass,grass_296659010.jpg,reticle,person,scene,a photo of person.,0.317359
grass,grass_296659010.jpg,reticle,screen,scene,a photo of screen.,0.377988
grass,grass_8498527.jpg,full,grass,plant,a photo of Poaceae.,0.449002
grass,grass_8498527.jpg,full,oak,plant,a photo of Quercus.,0.320221
grass,grass_8498527.jpg,full,fern,plant,a photo of Polypodiopsida.,0.302475
grass,grass_8498527.jpg,full,clover,plant,a photo of Trifolium.,0.308457
grass,grass_8498527.jpg,full,pine,plant,a photo of Pinus.,0.298686
grass,grass_8498527.jpg,full,dandelion,plant,a photo of Taraxacum.,0.332319
grass,grass_8498527.jpg,full,poison ivy,hazard,a photo of Toxicodendron radicans.,0.405401
grass,grass_8498527.jpg,full,poison oak,hazard,a photo of Toxicodendron pubescens.,0.383667
grass,grass_8498527.jpg,full,poison sumac,hazard,a photo of Toxicodendron vernix.,0.320281
grass,grass_8498527.jpg,full,pokeweed,hazard,a photo of Phytolacca americana.,0.293231
grass,grass_8498527.jpg,full,Carolina horsenettle,hazard,a photo of Solanum carolinense.,0.368664
grass,grass_8498527.jpg,full,lawn,scene,a photo of lawn.,0.324624
grass,grass_8498527.jpg,full,field,scene,a photo of field.,0.263776
grass,grass_8498527.jpg,full,weedy garden bed,scene,a photo of weedy garden bed.,0.250799
grass,grass_8498527.jpg,full,pavement,scene,a photo of pavement.,0.306318
grass,grass_8498527.jpg,full,person,scene,a photo of person.,0.250117
grass,grass_8498527.jpg,full,screen,scene,a photo of screen.,0.243124
grass,grass_8498527.jpg,reticle,grass,plant,a photo of Poaceae.,0.477331
grass,grass_8498527.jpg,reticle,oak,plant,a photo of Quercus.,0.328435
grass,grass_8498527.jpg,reticle,fern,plant,a photo of Polypodiopsida.,0.321375
grass,grass_8498527.jpg,reticle,clover,plant,a photo of Trifolium.,0.315265
grass,grass_8498527.jpg,reticle,pine,plant,a photo of Pinus.,0.307502
grass,grass_8498527.jpg,reticle,dandelion,plant,a photo of Taraxacum.,0.348873
grass,grass_8498527.jpg,reticle,poison ivy,hazard,a photo of Toxicodendron radicans.,0.404428
grass,grass_8498527.jpg,reticle,poison oak,hazard,a photo of Toxicodendron pubescens.,0.375237
grass,grass_8498527.jpg,reticle,poison sumac,hazard,a photo of Toxicodendron vernix.,0.293907
grass,grass_8498527.jpg,reticle,pokeweed,hazard,a photo of Phytolacca americana.,0.301140
grass,grass_8498527.jpg,reticle,Carolina horsenettle,hazard,a photo of Solanum carolinense.,0.360669
grass,grass_8498527.jpg,reticle,lawn,scene,a photo of lawn.,0.368321
grass,grass_8498527.jpg,reticle,field,scene,a photo of field.,0.287729
grass,grass_8498527.jpg,reticle,weedy garden bed,scene,a photo of weedy garden bed.,0.270116
grass,grass_8498527.jpg,reticle,pavement,scene,a photo of pavement.,0.319857
grass,grass_8498527.jpg,reticle,person,scene,a photo of person.,0.273309
grass,grass_8498527.jpg,reticle,screen,scene,a photo of screen.,0.258480
grass,grass_74700812.jpg,full,grass,plant,a photo of Poaceae.,0.492394
grass,grass_74700812.jpg,full,oak,plant,a photo of Quercus.,0.337929
grass,grass_74700812.jpg,full,fern,plant,a photo of Polypodiopsida.,0.384788
grass,grass_74700812.jpg,full,clover,plant,a photo of Trifolium.,0.344941
grass,grass_74700812.jpg,full,pine,plant,a photo of Pinus.,0.372431
grass,grass_74700812.jpg,full,dandelion,plant,a photo of Taraxacum.,0.387822
grass,grass_74700812.jpg,full,poison ivy,hazard,a photo of Toxicodendron radicans.,0.382245
grass,grass_74700812.jpg,full,poison oak,hazard,a photo of Toxicodendron pubescens.,0.382716
grass,grass_74700812.jpg,full,poison sumac,hazard,a photo of Toxicodendron vernix.,0.363309
grass,grass_74700812.jpg,full,pokeweed,hazard,a photo of Phytolacca americana.,0.312955
grass,grass_74700812.jpg,full,Carolina horsenettle,hazard,a photo of Solanum carolinense.,0.357776
grass,grass_74700812.jpg,full,lawn,scene,a photo of lawn.,0.384205
grass,grass_74700812.jpg,full,field,scene,a photo of field.,0.247032
grass,grass_74700812.jpg,full,weedy garden bed,scene,a photo of weedy garden bed.,0.241911
grass,grass_74700812.jpg,full,pavement,scene,a photo of pavement.,0.281825
grass,grass_74700812.jpg,full,person,scene,a photo of person.,0.273333
grass,grass_74700812.jpg,full,screen,scene,a photo of screen.,0.269696
grass,grass_74700812.jpg,reticle,grass,plant,a photo of Poaceae.,0.517524
grass,grass_74700812.jpg,reticle,oak,plant,a photo of Quercus.,0.345338
grass,grass_74700812.jpg,reticle,fern,plant,a photo of Polypodiopsida.,0.436230
grass,grass_74700812.jpg,reticle,clover,plant,a photo of Trifolium.,0.386096
grass,grass_74700812.jpg,reticle,pine,plant,a photo of Pinus.,0.386813
grass,grass_74700812.jpg,reticle,dandelion,plant,a photo of Taraxacum.,0.407061
grass,grass_74700812.jpg,reticle,poison ivy,hazard,a photo of Toxicodendron radicans.,0.454957
grass,grass_74700812.jpg,reticle,poison oak,hazard,a photo of Toxicodendron pubescens.,0.440375
grass,grass_74700812.jpg,reticle,poison sumac,hazard,a photo of Toxicodendron vernix.,0.490494
grass,grass_74700812.jpg,reticle,pokeweed,hazard,a photo of Phytolacca americana.,0.369771
grass,grass_74700812.jpg,reticle,Carolina horsenettle,hazard,a photo of Solanum carolinense.,0.421803
grass,grass_74700812.jpg,reticle,lawn,scene,a photo of lawn.,0.415971
grass,grass_74700812.jpg,reticle,field,scene,a photo of field.,0.301173
grass,grass_74700812.jpg,reticle,weedy garden bed,scene,a photo of weedy garden bed.,0.301306
grass,grass_74700812.jpg,reticle,pavement,scene,a photo of pavement.,0.336190
grass,grass_74700812.jpg,reticle,person,scene,a photo of person.,0.310949
grass,grass_74700812.jpg,reticle,screen,scene,a photo of screen.,0.312486
grass,grass_316210519.jpg,full,grass,plant,a photo of Poaceae.,0.402865
grass,grass_316210519.jpg,full,oak,plant,a photo of Quercus.,0.389169
grass,grass_316210519.jpg,full,fern,plant,a photo of Polypodiopsida.,0.371962
grass,grass_316210519.jpg,full,clover,plant,a photo of Trifolium.,0.350112
grass,grass_316210519.jpg,full,pine,plant,a photo of Pinus.,0.343059
grass,grass_316210519.jpg,full,dandelion,plant,a photo of Taraxacum.,0.326891
grass,grass_316210519.jpg,full,poison ivy,hazard,a photo of Toxicodendron radicans.,0.354783
grass,grass_316210519.jpg,full,poison oak,hazard,a photo of Toxicodendron pubescens.,0.286606
grass,grass_316210519.jpg,full,poison sumac,hazard,a photo of Toxicodendron vernix.,0.419420
grass,grass_316210519.jpg,full,pokeweed,hazard,a photo of Phytolacca americana.,0.400010
grass,grass_316210519.jpg,full,Carolina horsenettle,hazard,a photo of Solanum carolinense.,0.357895
grass,grass_316210519.jpg,full,lawn,scene,a photo of lawn.,0.319987
grass,grass_316210519.jpg,full,field,scene,a photo of field.,0.330366
grass,grass_316210519.jpg,full,weedy garden bed,scene,a photo of weedy garden bed.,0.341254
grass,grass_316210519.jpg,full,pavement,scene,a photo of pavement.,0.383123
grass,grass_316210519.jpg,full,person,scene,a photo of person.,0.396111
grass,grass_316210519.jpg,full,screen,scene,a photo of screen.,0.430657
grass,grass_316210519.jpg,reticle,grass,plant,a photo of Poaceae.,0.417269
grass,grass_316210519.jpg,reticle,oak,plant,a photo of Quercus.,0.404593
grass,grass_316210519.jpg,reticle,fern,plant,a photo of Polypodiopsida.,0.398345
grass,grass_316210519.jpg,reticle,clover,plant,a photo of Trifolium.,0.354598
grass,grass_316210519.jpg,reticle,pine,plant,a photo of Pinus.,0.337732
grass,grass_316210519.jpg,reticle,dandelion,plant,a photo of Taraxacum.,0.317659
grass,grass_316210519.jpg,reticle,poison ivy,hazard,a photo of Toxicodendron radicans.,0.337348
grass,grass_316210519.jpg,reticle,poison oak,hazard,a photo of Toxicodendron pubescens.,0.314208
grass,grass_316210519.jpg,reticle,poison sumac,hazard,a photo of Toxicodendron vernix.,0.406755
grass,grass_316210519.jpg,reticle,pokeweed,hazard,a photo of Phytolacca americana.,0.332216
grass,grass_316210519.jpg,reticle,Carolina horsenettle,hazard,a photo of Solanum carolinense.,0.327362
grass,grass_316210519.jpg,reticle,lawn,scene,a photo of lawn.,0.374212
grass,grass_316210519.jpg,reticle,field,scene,a photo of field.,0.330478
grass,grass_316210519.jpg,reticle,weedy garden bed,scene,a photo of weedy garden bed.,0.372187
grass,grass_316210519.jpg,reticle,pavement,scene,a photo of pavement.,0.330243
grass,grass_316210519.jpg,reticle,person,scene,a photo of person.,0.418571
grass,grass_316210519.jpg,reticle,screen,scene,a photo of screen.,0.447292
grass,grass_377482183.jpg,full,grass,plant,a photo of Poaceae.,0.439253
grass,grass_377482183.jpg,full,oak,plant,a photo of Quercus.,0.332670
grass,grass_377482183.jpg,full,fern,plant,a photo of Polypodiopsida.,0.306137
grass,grass_377482183.jpg,full,clover,plant,a photo of Trifolium.,0.284569
grass,grass_377482183.jpg,full,pine,plant,a photo of Pinus.,0.306511
grass,grass_377482183.jpg,full,dandelion,plant,a photo of Taraxacum.,0.361067
grass,grass_377482183.jpg,full,poison ivy,hazard,a photo of Toxicodendron radicans.,0.417516
grass,grass_377482183.jpg,full,poison oak,hazard,a photo of Toxicodendron pubescens.,0.313930
grass,grass_377482183.jpg,full,poison sumac,hazard,a photo of Toxicodendron vernix.,0.359114
grass,grass_377482183.jpg,full,pokeweed,hazard,a photo of Phytolacca americana.,0.317495
grass,grass_377482183.jpg,full,Carolina horsenettle,hazard,a photo of Solanum carolinense.,0.360302
grass,grass_377482183.jpg,full,lawn,scene,a photo of lawn.,0.354079
grass,grass_377482183.jpg,full,field,scene,a photo of field.,0.235370
grass,grass_377482183.jpg,full,weedy garden bed,scene,a photo of weedy garden bed.,0.195417
grass,grass_377482183.jpg,full,pavement,scene,a photo of pavement.,0.243888
grass,grass_377482183.jpg,full,person,scene,a photo of person.,0.253306
grass,grass_377482183.jpg,full,screen,scene,a photo of screen.,0.310758
grass,grass_377482183.jpg,reticle,grass,plant,a photo of Poaceae.,0.455218
grass,grass_377482183.jpg,reticle,oak,plant,a photo of Quercus.,0.355951
grass,grass_377482183.jpg,reticle,fern,plant,a photo of Polypodiopsida.,0.331561
grass,grass_377482183.jpg,reticle,clover,plant,a photo of Trifolium.,0.356114
grass,grass_377482183.jpg,reticle,pine,plant,a photo of Pinus.,0.312757
grass,grass_377482183.jpg,reticle,dandelion,plant,a photo of Taraxacum.,0.368307
grass,grass_377482183.jpg,reticle,poison ivy,hazard,a photo of Toxicodendron radicans.,0.439653
grass,grass_377482183.jpg,reticle,poison oak,hazard,a photo of Toxicodendron pubescens.,0.363805
grass,grass_377482183.jpg,reticle,poison sumac,hazard,a photo of Toxicodendron vernix.,0.389622
grass,grass_377482183.jpg,reticle,pokeweed,hazard,a photo of Phytolacca americana.,0.372667
grass,grass_377482183.jpg,reticle,Carolina horsenettle,hazard,a photo of Solanum carolinense.,0.391528
grass,grass_377482183.jpg,reticle,lawn,scene,a photo of lawn.,0.409082
grass,grass_377482183.jpg,reticle,field,scene,a photo of field.,0.308079
grass,grass_377482183.jpg,reticle,weedy garden bed,scene,a photo of weedy garden bed.,0.293306
grass,grass_377482183.jpg,reticle,pavement,scene,a photo of pavement.,0.279368
grass,grass_377482183.jpg,reticle,person,scene,a photo of person.,0.312409
grass,grass_377482183.jpg,reticle,screen,scene,a photo of screen.,0.349143
grass,grass_377471108.jpg,full,grass,plant,a photo of Poaceae.,0.471485
grass,grass_377471108.jpg,full,oak,plant,a photo of Quercus.,0.296418
grass,grass_377471108.jpg,full,fern,plant,a photo of Polypodiopsida.,0.280606
grass,grass_377471108.jpg,full,clover,plant,a photo of Trifolium.,0.317484
grass,grass_377471108.jpg,full,pine,plant,a photo of Pinus.,0.254715
grass,grass_377471108.jpg,full,dandelion,plant,a photo of Taraxacum.,0.312816
grass,grass_377471108.jpg,full,poison ivy,hazard,a photo of Toxicodendron radicans.,0.358462
grass,grass_377471108.jpg,full,poison oak,hazard,a photo of Toxicodendron pubescens.,0.278866
grass,grass_377471108.jpg,full,poison sumac,hazard,a photo of Toxicodendron vernix.,0.253623
grass,grass_377471108.jpg,full,pokeweed,hazard,a photo of Phytolacca americana.,0.304077
grass,grass_377471108.jpg,full,Carolina horsenettle,hazard,a photo of Solanum carolinense.,0.373789
grass,grass_377471108.jpg,full,lawn,scene,a photo of lawn.,0.362774
grass,grass_377471108.jpg,full,field,scene,a photo of field.,0.255151
grass,grass_377471108.jpg,full,weedy garden bed,scene,a photo of weedy garden bed.,0.182515
grass,grass_377471108.jpg,full,pavement,scene,a photo of pavement.,0.275276
grass,grass_377471108.jpg,full,person,scene,a photo of person.,0.199421
grass,grass_377471108.jpg,full,screen,scene,a photo of screen.,0.262360
grass,grass_377471108.jpg,reticle,grass,plant,a photo of Poaceae.,0.485482
grass,grass_377471108.jpg,reticle,oak,plant,a photo of Quercus.,0.287873
grass,grass_377471108.jpg,reticle,fern,plant,a photo of Polypodiopsida.,0.309583
grass,grass_377471108.jpg,reticle,clover,plant,a photo of Trifolium.,0.288241
grass,grass_377471108.jpg,reticle,pine,plant,a photo of Pinus.,0.271282
grass,grass_377471108.jpg,reticle,dandelion,plant,a photo of Taraxacum.,0.288841
grass,grass_377471108.jpg,reticle,poison ivy,hazard,a photo of Toxicodendron radicans.,0.353134
grass,grass_377471108.jpg,reticle,poison oak,hazard,a photo of Toxicodendron pubescens.,0.301747
grass,grass_377471108.jpg,reticle,poison sumac,hazard,a photo of Toxicodendron vernix.,0.265208
grass,grass_377471108.jpg,reticle,pokeweed,hazard,a photo of Phytolacca americana.,0.286829
grass,grass_377471108.jpg,reticle,Carolina horsenettle,hazard,a photo of Solanum carolinense.,0.361628
grass,grass_377471108.jpg,reticle,lawn,scene,a photo of lawn.,0.368201
grass,grass_377471108.jpg,reticle,field,scene,a photo of field.,0.264986
grass,grass_377471108.jpg,reticle,weedy garden bed,scene,a photo of weedy garden bed.,0.199324
grass,grass_377471108.jpg,reticle,pavement,scene,a photo of pavement.,0.290664
grass,grass_377471108.jpg,reticle,person,scene,a photo of person.,0.232760
grass,grass_377471108.jpg,reticle,screen,scene,a photo of screen.,0.279154
grass,grass_378253206.jpg,full,grass,plant,a photo of Poaceae.,0.407772
grass,grass_378253206.jpg,full,oak,plant,a photo of Quercus.,0.217751
grass,grass_378253206.jpg,full,fern,plant,a photo of Polypodiopsida.,0.294925
grass,grass_378253206.jpg,full,clover,plant,a photo of Trifolium.,0.238493
grass,grass_378253206.jpg,full,pine,plant,a photo of Pinus.,0.228153
grass,grass_378253206.jpg,full,dandelion,plant,a photo of Taraxacum.,0.303353
grass,grass_378253206.jpg,full,poison ivy,hazard,a photo of Toxicodendron radicans.,0.327774
grass,grass_378253206.jpg,full,poison oak,hazard,a photo of Toxicodendron pubescens.,0.229808
grass,grass_378253206.jpg,full,poison sumac,hazard,a photo of Toxicodendron vernix.,0.260323
grass,grass_378253206.jpg,full,pokeweed,hazard,a photo of Phytolacca americana.,0.325620
grass,grass_378253206.jpg,full,Carolina horsenettle,hazard,a photo of Solanum carolinense.,0.321300
grass,grass_378253206.jpg,full,lawn,scene,a photo of lawn.,0.282363
grass,grass_378253206.jpg,full,field,scene,a photo of field.,0.300925
grass,grass_378253206.jpg,full,weedy garden bed,scene,a photo of weedy garden bed.,0.179076
grass,grass_378253206.jpg,full,pavement,scene,a photo of pavement.,0.275753
grass,grass_378253206.jpg,full,person,scene,a photo of person.,0.214974
grass,grass_378253206.jpg,full,screen,scene,a photo of screen.,0.201837
grass,grass_378253206.jpg,reticle,grass,plant,a photo of Poaceae.,0.470961
grass,grass_378253206.jpg,reticle,oak,plant,a photo of Quercus.,0.256756
grass,grass_378253206.jpg,reticle,fern,plant,a photo of Polypodiopsida.,0.305012
grass,grass_378253206.jpg,reticle,clover,plant,a photo of Trifolium.,0.294906
grass,grass_378253206.jpg,reticle,pine,plant,a photo of Pinus.,0.238992
grass,grass_378253206.jpg,reticle,dandelion,plant,a photo of Taraxacum.,0.303890
grass,grass_378253206.jpg,reticle,poison ivy,hazard,a photo of Toxicodendron radicans.,0.300696
grass,grass_378253206.jpg,reticle,poison oak,hazard,a photo of Toxicodendron pubescens.,0.240157
grass,grass_378253206.jpg,reticle,poison sumac,hazard,a photo of Toxicodendron vernix.,0.282236
grass,grass_378253206.jpg,reticle,pokeweed,hazard,a photo of Phytolacca americana.,0.268598
grass,grass_378253206.jpg,reticle,Carolina horsenettle,hazard,a photo of Solanum carolinense.,0.300668
grass,grass_378253206.jpg,reticle,lawn,scene,a photo of lawn.,0.395738
grass,grass_378253206.jpg,reticle,field,scene,a photo of field.,0.327656
grass,grass_378253206.jpg,reticle,weedy garden bed,scene,a photo of weedy garden bed.,0.240947
grass,grass_378253206.jpg,reticle,pavement,scene,a photo of pavement.,0.324928
grass,grass_378253206.jpg,reticle,person,scene,a photo of person.,0.243560
grass,grass_378253206.jpg,reticle,screen,scene,a photo of screen.,0.261138
grass,grass_135189154.jpg,full,grass,plant,a photo of Poaceae.,0.474231
grass,grass_135189154.jpg,full,oak,plant,a photo of Quercus.,0.255010
grass,grass_135189154.jpg,full,fern,plant,a photo of Polypodiopsida.,0.322986
grass,grass_135189154.jpg,full,clover,plant,a photo of Trifolium.,0.255556
grass,grass_135189154.jpg,full,pine,plant,a photo of Pinus.,0.241009
grass,grass_135189154.jpg,full,dandelion,plant,a photo of Taraxacum.,0.227862
grass,grass_135189154.jpg,full,poison ivy,hazard,a photo of Toxicodendron radicans.,0.369058
grass,grass_135189154.jpg,full,poison oak,hazard,a photo of Toxicodendron pubescens.,0.282519
grass,grass_135189154.jpg,full,poison sumac,hazard,a photo of Toxicodendron vernix.,0.410284
grass,grass_135189154.jpg,full,pokeweed,hazard,a photo of Phytolacca americana.,0.325119
grass,grass_135189154.jpg,full,Carolina horsenettle,hazard,a photo of Solanum carolinense.,0.306280
grass,grass_135189154.jpg,full,lawn,scene,a photo of lawn.,0.391401
grass,grass_135189154.jpg,full,field,scene,a photo of field.,0.234125
grass,grass_135189154.jpg,full,weedy garden bed,scene,a photo of weedy garden bed.,0.184948
grass,grass_135189154.jpg,full,pavement,scene,a photo of pavement.,0.275237
grass,grass_135189154.jpg,full,person,scene,a photo of person.,0.248988
grass,grass_135189154.jpg,full,screen,scene,a photo of screen.,0.272644
grass,grass_135189154.jpg,reticle,grass,plant,a photo of Poaceae.,0.454874
grass,grass_135189154.jpg,reticle,oak,plant,a photo of Quercus.,0.232527
grass,grass_135189154.jpg,reticle,fern,plant,a photo of Polypodiopsida.,0.307400
grass,grass_135189154.jpg,reticle,clover,plant,a photo of Trifolium.,0.249506
grass,grass_135189154.jpg,reticle,pine,plant,a photo of Pinus.,0.206698
grass,grass_135189154.jpg,reticle,dandelion,plant,a photo of Taraxacum.,0.219797
grass,grass_135189154.jpg,reticle,poison ivy,hazard,a photo of Toxicodendron radicans.,0.330376
grass,grass_135189154.jpg,reticle,poison oak,hazard,a photo of Toxicodendron pubescens.,0.251642
grass,grass_135189154.jpg,reticle,poison sumac,hazard,a photo of Toxicodendron vernix.,0.373697
grass,grass_135189154.jpg,reticle,pokeweed,hazard,a photo of Phytolacca americana.,0.316186
grass,grass_135189154.jpg,reticle,Carolina horsenettle,hazard,a photo of Solanum carolinense.,0.286696
grass,grass_135189154.jpg,reticle,lawn,scene,a photo of lawn.,0.407023
grass,grass_135189154.jpg,reticle,field,scene,a photo of field.,0.208280
grass,grass_135189154.jpg,reticle,weedy garden bed,scene,a photo of weedy garden bed.,0.190835
grass,grass_135189154.jpg,reticle,pavement,scene,a photo of pavement.,0.273047
grass,grass_135189154.jpg,reticle,person,scene,a photo of person.,0.224299
grass,grass_135189154.jpg,reticle,screen,scene,a photo of screen.,0.254578
grass,grass_135427649.jpg,full,grass,plant,a photo of Poaceae.,0.487900
grass,grass_135427649.jpg,full,oak,plant,a photo of Quercus.,0.341864
grass,grass_135427649.jpg,full,fern,plant,a photo of Polypodiopsida.,0.294846
grass,grass_135427649.jpg,full,clover,plant,a photo of Trifolium.,0.345907
grass,grass_135427649.jpg,full,pine,plant,a photo of Pinus.,0.311848
grass,grass_135427649.jpg,full,dandelion,plant,a photo of Taraxacum.,0.355061
grass,grass_135427649.jpg,full,poison ivy,hazard,a photo of Toxicodendron radicans.,0.350706
grass,grass_135427649.jpg,full,poison oak,hazard,a photo of Toxicodendron pubescens.,0.324045
grass,grass_135427649.jpg,full,poison sumac,hazard,a photo of Toxicodendron vernix.,0.283093
grass,grass_135427649.jpg,full,pokeweed,hazard,a photo of Phytolacca americana.,0.255772
grass,grass_135427649.jpg,full,Carolina horsenettle,hazard,a photo of Solanum carolinense.,0.368038
grass,grass_135427649.jpg,full,lawn,scene,a photo of lawn.,0.392531
grass,grass_135427649.jpg,full,field,scene,a photo of field.,0.248260
grass,grass_135427649.jpg,full,weedy garden bed,scene,a photo of weedy garden bed.,0.263431
grass,grass_135427649.jpg,full,pavement,scene,a photo of pavement.,0.299794
grass,grass_135427649.jpg,full,person,scene,a photo of person.,0.264591
grass,grass_135427649.jpg,full,screen,scene,a photo of screen.,0.240353
grass,grass_135427649.jpg,reticle,grass,plant,a photo of Poaceae.,0.484537
grass,grass_135427649.jpg,reticle,oak,plant,a photo of Quercus.,0.334873
grass,grass_135427649.jpg,reticle,fern,plant,a photo of Polypodiopsida.,0.290681
grass,grass_135427649.jpg,reticle,clover,plant,a photo of Trifolium.,0.331779
grass,grass_135427649.jpg,reticle,pine,plant,a photo of Pinus.,0.303876
grass,grass_135427649.jpg,reticle,dandelion,plant,a photo of Taraxacum.,0.350571
grass,grass_135427649.jpg,reticle,poison ivy,hazard,a photo of Toxicodendron radicans.,0.361836
grass,grass_135427649.jpg,reticle,poison oak,hazard,a photo of Toxicodendron pubescens.,0.337592
grass,grass_135427649.jpg,reticle,poison sumac,hazard,a photo of Toxicodendron vernix.,0.280049
grass,grass_135427649.jpg,reticle,pokeweed,hazard,a photo of Phytolacca americana.,0.266293
grass,grass_135427649.jpg,reticle,Carolina horsenettle,hazard,a photo of Solanum carolinense.,0.397896
grass,grass_135427649.jpg,reticle,lawn,scene,a photo of lawn.,0.361650
grass,grass_135427649.jpg,reticle,field,scene,a photo of field.,0.261743
grass,grass_135427649.jpg,reticle,weedy garden bed,scene,a photo of weedy garden bed.,0.254296
grass,grass_135427649.jpg,reticle,pavement,scene,a photo of pavement.,0.305759
grass,grass_135427649.jpg,reticle,person,scene,a photo of person.,0.262851
grass,grass_135427649.jpg,reticle,screen,scene,a photo of screen.,0.237220
grass,grass_237659126.jpg,full,grass,plant,a photo of Poaceae.,0.418967
grass,grass_237659126.jpg,full,oak,plant,a photo of Quercus.,0.260516
grass,grass_237659126.jpg,full,fern,plant,a photo of Polypodiopsida.,0.288360
grass,grass_237659126.jpg,full,clover,plant,a photo of Trifolium.,0.281677
grass,grass_237659126.jpg,full,pine,plant,a photo of Pinus.,0.257523
grass,grass_237659126.jpg,full,dandelion,plant,a photo of Taraxacum.,0.239102
grass,grass_237659126.jpg,full,poison ivy,hazard,a photo of Toxicodendron radicans.,0.402026
grass,grass_237659126.jpg,full,poison oak,hazard,a photo of Toxicodendron pubescens.,0.324686
grass,grass_237659126.jpg,full,poison sumac,hazard,a photo of Toxicodendron vernix.,0.289118
grass,grass_237659126.jpg,full,pokeweed,hazard,a photo of Phytolacca americana.,0.358348
grass,grass_237659126.jpg,full,Carolina horsenettle,hazard,a photo of Solanum carolinense.,0.405515
grass,grass_237659126.jpg,full,lawn,scene,a photo of lawn.,0.378025
grass,grass_237659126.jpg,full,field,scene,a photo of field.,0.265446
grass,grass_237659126.jpg,full,weedy garden bed,scene,a photo of weedy garden bed.,0.210531
grass,grass_237659126.jpg,full,pavement,scene,a photo of pavement.,0.276536
grass,grass_237659126.jpg,full,person,scene,a photo of person.,0.237067
grass,grass_237659126.jpg,full,screen,scene,a photo of screen.,0.245318
grass,grass_237659126.jpg,reticle,grass,plant,a photo of Poaceae.,0.368739
grass,grass_237659126.jpg,reticle,oak,plant,a photo of Quercus.,0.250762
grass,grass_237659126.jpg,reticle,fern,plant,a photo of Polypodiopsida.,0.248658
grass,grass_237659126.jpg,reticle,clover,plant,a photo of Trifolium.,0.279018
grass,grass_237659126.jpg,reticle,pine,plant,a photo of Pinus.,0.242430
grass,grass_237659126.jpg,reticle,dandelion,plant,a photo of Taraxacum.,0.217039
grass,grass_237659126.jpg,reticle,poison ivy,hazard,a photo of Toxicodendron radicans.,0.354503
grass,grass_237659126.jpg,reticle,poison oak,hazard,a photo of Toxicodendron pubescens.,0.278069
grass,grass_237659126.jpg,reticle,poison sumac,hazard,a photo of Toxicodendron vernix.,0.249400
grass,grass_237659126.jpg,reticle,pokeweed,hazard,a photo of Phytolacca americana.,0.353937
grass,grass_237659126.jpg,reticle,Carolina horsenettle,hazard,a photo of Solanum carolinense.,0.367429
grass,grass_237659126.jpg,reticle,lawn,scene,a photo of lawn.,0.317088
grass,grass_237659126.jpg,reticle,field,scene,a photo of field.,0.266751
grass,grass_237659126.jpg,reticle,weedy garden bed,scene,a photo of weedy garden bed.,0.215125
grass,grass_237659126.jpg,reticle,pavement,scene,a photo of pavement.,0.259212
grass,grass_237659126.jpg,reticle,person,scene,a photo of person.,0.187827
grass,grass_237659126.jpg,reticle,screen,scene,a photo of screen.,0.243676
grass,grass_295152432.jpg,full,grass,plant,a photo of Poaceae.,0.532709
grass,grass_295152432.jpg,full,oak,plant,a photo of Quercus.,0.348015
grass,grass_295152432.jpg,full,fern,plant,a photo of Polypodiopsida.,0.384917
grass,grass_295152432.jpg,full,clover,plant,a photo of Trifolium.,0.402579
grass,grass_295152432.jpg,full,pine,plant,a photo of Pinus.,0.337387
grass,grass_295152432.jpg,full,dandelion,plant,a photo of Taraxacum.,0.379790
grass,grass_295152432.jpg,full,poison ivy,hazard,a photo of Toxicodendron radicans.,0.353683
grass,grass_295152432.jpg,full,poison oak,hazard,a photo of Toxicodendron pubescens.,0.358365
grass,grass_295152432.jpg,full,poison sumac,hazard,a photo of Toxicodendron vernix.,0.285777
grass,grass_295152432.jpg,full,pokeweed,hazard,a photo of Phytolacca americana.,0.374682
grass,grass_295152432.jpg,full,Carolina horsenettle,hazard,a photo of Solanum carolinense.,0.411341
grass,grass_295152432.jpg,full,lawn,scene,a photo of lawn.,0.508462
grass,grass_295152432.jpg,full,field,scene,a photo of field.,0.367636
grass,grass_295152432.jpg,full,weedy garden bed,scene,a photo of weedy garden bed.,0.386033
grass,grass_295152432.jpg,full,pavement,scene,a photo of pavement.,0.371860
grass,grass_295152432.jpg,full,person,scene,a photo of person.,0.350983
grass,grass_295152432.jpg,full,screen,scene,a photo of screen.,0.400934
grass,grass_295152432.jpg,reticle,grass,plant,a photo of Poaceae.,0.543668
grass,grass_295152432.jpg,reticle,oak,plant,a photo of Quercus.,0.334654
grass,grass_295152432.jpg,reticle,fern,plant,a photo of Polypodiopsida.,0.372025
grass,grass_295152432.jpg,reticle,clover,plant,a photo of Trifolium.,0.387972
grass,grass_295152432.jpg,reticle,pine,plant,a photo of Pinus.,0.322146
grass,grass_295152432.jpg,reticle,dandelion,plant,a photo of Taraxacum.,0.333262
grass,grass_295152432.jpg,reticle,poison ivy,hazard,a photo of Toxicodendron radicans.,0.356155
grass,grass_295152432.jpg,reticle,poison oak,hazard,a photo of Toxicodendron pubescens.,0.308344
grass,grass_295152432.jpg,reticle,poison sumac,hazard,a photo of Toxicodendron vernix.,0.291895
grass,grass_295152432.jpg,reticle,pokeweed,hazard,a photo of Phytolacca americana.,0.363225
grass,grass_295152432.jpg,reticle,Carolina horsenettle,hazard,a photo of Solanum carolinense.,0.383617
grass,grass_295152432.jpg,reticle,lawn,scene,a photo of lawn.,0.464325
grass,grass_295152432.jpg,reticle,field,scene,a photo of field.,0.329295
grass,grass_295152432.jpg,reticle,weedy garden bed,scene,a photo of weedy garden bed.,0.319370
grass,grass_295152432.jpg,reticle,pavement,scene,a photo of pavement.,0.337307
grass,grass_295152432.jpg,reticle,person,scene,a photo of person.,0.298249
grass,grass_295152432.jpg,reticle,screen,scene,a photo of screen.,0.324450
grass,grass_351436420.jpg,full,grass,plant,a photo of Poaceae.,0.445415
grass,grass_351436420.jpg,full,oak,plant,a photo of Quercus.,0.301529
grass,grass_351436420.jpg,full,fern,plant,a photo of Polypodiopsida.,0.287398
grass,grass_351436420.jpg,full,clover,plant,a photo of Trifolium.,0.307242
grass,grass_351436420.jpg,full,pine,plant,a photo of Pinus.,0.292137
grass,grass_351436420.jpg,full,dandelion,plant,a photo of Taraxacum.,0.260553
grass,grass_351436420.jpg,full,poison ivy,hazard,a photo of Toxicodendron radicans.,0.282002
grass,grass_351436420.jpg,full,poison oak,hazard,a photo of Toxicodendron pubescens.,0.290876
grass,grass_351436420.jpg,full,poison sumac,hazard,a photo of Toxicodendron vernix.,0.278768
grass,grass_351436420.jpg,full,pokeweed,hazard,a photo of Phytolacca americana.,0.222596
grass,grass_351436420.jpg,full,Carolina horsenettle,hazard,a photo of Solanum carolinense.,0.256262
grass,grass_351436420.jpg,full,lawn,scene,a photo of lawn.,0.343331
grass,grass_351436420.jpg,full,field,scene,a photo of field.,0.262577
grass,grass_351436420.jpg,full,weedy garden bed,scene,a photo of weedy garden bed.,0.283153
grass,grass_351436420.jpg,full,pavement,scene,a photo of pavement.,0.336318
grass,grass_351436420.jpg,full,person,scene,a photo of person.,0.267782
grass,grass_351436420.jpg,full,screen,scene,a photo of screen.,0.282533
grass,grass_351436420.jpg,reticle,grass,plant,a photo of Poaceae.,0.480373
grass,grass_351436420.jpg,reticle,oak,plant,a photo of Quercus.,0.308749
grass,grass_351436420.jpg,reticle,fern,plant,a photo of Polypodiopsida.,0.314549
grass,grass_351436420.jpg,reticle,clover,plant,a photo of Trifolium.,0.324348
grass,grass_351436420.jpg,reticle,pine,plant,a photo of Pinus.,0.295485
grass,grass_351436420.jpg,reticle,dandelion,plant,a photo of Taraxacum.,0.285278
grass,grass_351436420.jpg,reticle,poison ivy,hazard,a photo of Toxicodendron radicans.,0.310578
grass,grass_351436420.jpg,reticle,poison oak,hazard,a photo of Toxicodendron pubescens.,0.328966
grass,grass_351436420.jpg,reticle,poison sumac,hazard,a photo of Toxicodendron vernix.,0.281165
grass,grass_351436420.jpg,reticle,pokeweed,hazard,a photo of Phytolacca americana.,0.250367
grass,grass_351436420.jpg,reticle,Carolina horsenettle,hazard,a photo of Solanum carolinense.,0.287377
grass,grass_351436420.jpg,reticle,lawn,scene,a photo of lawn.,0.390519
grass,grass_351436420.jpg,reticle,field,scene,a photo of field.,0.284039
grass,grass_351436420.jpg,reticle,weedy garden bed,scene,a photo of weedy garden bed.,0.307144
grass,grass_351436420.jpg,reticle,pavement,scene,a photo of pavement.,0.359315
grass,grass_351436420.jpg,reticle,person,scene,a photo of person.,0.296410
grass,grass_351436420.jpg,reticle,screen,scene,a photo of screen.,0.297158
grass,grass_295592913.jpg,full,grass,plant,a photo of Poaceae.,0.379424
grass,grass_295592913.jpg,full,oak,plant,a photo of Quercus.,0.305203
grass,grass_295592913.jpg,full,fern,plant,a photo of Polypodiopsida.,0.328045
grass,grass_295592913.jpg,full,clover,plant,a photo of Trifolium.,0.331264
grass,grass_295592913.jpg,full,pine,plant,a photo of Pinus.,0.283163
grass,grass_295592913.jpg,full,dandelion,plant,a photo of Taraxacum.,0.328617
grass,grass_295592913.jpg,full,poison ivy,hazard,a photo of Toxicodendron radicans.,0.395055
grass,grass_295592913.jpg,full,poison oak,hazard,a photo of Toxicodendron pubescens.,0.366339
grass,grass_295592913.jpg,full,poison sumac,hazard,a photo of Toxicodendron vernix.,0.436029
grass,grass_295592913.jpg,full,pokeweed,hazard,a photo of Phytolacca americana.,0.410977
grass,grass_295592913.jpg,full,Carolina horsenettle,hazard,a photo of Solanum carolinense.,0.433283
grass,grass_295592913.jpg,full,lawn,scene,a photo of lawn.,0.376241
grass,grass_295592913.jpg,full,field,scene,a photo of field.,0.279017
grass,grass_295592913.jpg,full,weedy garden bed,scene,a photo of weedy garden bed.,0.317575
grass,grass_295592913.jpg,full,pavement,scene,a photo of pavement.,0.321838
grass,grass_295592913.jpg,full,person,scene,a photo of person.,0.311580
grass,grass_295592913.jpg,full,screen,scene,a photo of screen.,0.320648
grass,grass_295592913.jpg,reticle,grass,plant,a photo of Poaceae.,0.424086
grass,grass_295592913.jpg,reticle,oak,plant,a photo of Quercus.,0.328422
grass,grass_295592913.jpg,reticle,fern,plant,a photo of Polypodiopsida.,0.329997
grass,grass_295592913.jpg,reticle,clover,plant,a photo of Trifolium.,0.306522
grass,grass_295592913.jpg,reticle,pine,plant,a photo of Pinus.,0.311070
grass,grass_295592913.jpg,reticle,dandelion,plant,a photo of Taraxacum.,0.323325
grass,grass_295592913.jpg,reticle,poison ivy,hazard,a photo of Toxicodendron radicans.,0.391411
grass,grass_295592913.jpg,reticle,poison oak,hazard,a photo of Toxicodendron pubescens.,0.334127
grass,grass_295592913.jpg,reticle,poison sumac,hazard,a photo of Toxicodendron vernix.,0.420761
grass,grass_295592913.jpg,reticle,pokeweed,hazard,a photo of Phytolacca americana.,0.376797
grass,grass_295592913.jpg,reticle,Carolina horsenettle,hazard,a photo of Solanum carolinense.,0.407203
grass,grass_295592913.jpg,reticle,lawn,scene,a photo of lawn.,0.384740
grass,grass_295592913.jpg,reticle,field,scene,a photo of field.,0.265656
grass,grass_295592913.jpg,reticle,weedy garden bed,scene,a photo of weedy garden bed.,0.268145
grass,grass_295592913.jpg,reticle,pavement,scene,a photo of pavement.,0.305152
grass,grass_295592913.jpg,reticle,person,scene,a photo of person.,0.332810
grass,grass_295592913.jpg,reticle,screen,scene,a photo of screen.,0.363154
grass,grass_348391973.jpg,full,grass,plant,a photo of Poaceae.,0.355245
grass,grass_348391973.jpg,full,oak,plant,a photo of Quercus.,0.310965
grass,grass_348391973.jpg,full,fern,plant,a photo of Polypodiopsida.,0.316252
grass,grass_348391973.jpg,full,clover,plant,a photo of Trifolium.,0.299972
grass,grass_348391973.jpg,full,pine,plant,a photo of Pinus.,0.269374
grass,grass_348391973.jpg,full,dandelion,plant,a photo of Taraxacum.,0.328426
grass,grass_348391973.jpg,full,poison ivy,hazard,a photo of Toxicodendron radicans.,0.446461
grass,grass_348391973.jpg,full,poison oak,hazard,a photo of Toxicodendron pubescens.,0.410594
grass,grass_348391973.jpg,full,poison sumac,hazard,a photo of Toxicodendron vernix.,0.398827
grass,grass_348391973.jpg,full,pokeweed,hazard,a photo of Phytolacca americana.,0.427088
grass,grass_348391973.jpg,full,Carolina horsenettle,hazard,a photo of Solanum carolinense.,0.406610
grass,grass_348391973.jpg,full,lawn,scene,a photo of lawn.,0.281976
grass,grass_348391973.jpg,full,field,scene,a photo of field.,0.281903
grass,grass_348391973.jpg,full,weedy garden bed,scene,a photo of weedy garden bed.,0.224446
grass,grass_348391973.jpg,full,pavement,scene,a photo of pavement.,0.292240
grass,grass_348391973.jpg,full,person,scene,a photo of person.,0.263784
grass,grass_348391973.jpg,full,screen,scene,a photo of screen.,0.250164
grass,grass_348391973.jpg,reticle,grass,plant,a photo of Poaceae.,0.409636
grass,grass_348391973.jpg,reticle,oak,plant,a photo of Quercus.,0.311009
grass,grass_348391973.jpg,reticle,fern,plant,a photo of Polypodiopsida.,0.344728
grass,grass_348391973.jpg,reticle,clover,plant,a photo of Trifolium.,0.372985
grass,grass_348391973.jpg,reticle,pine,plant,a photo of Pinus.,0.292792
grass,grass_348391973.jpg,reticle,dandelion,plant,a photo of Taraxacum.,0.282354
grass,grass_348391973.jpg,reticle,poison ivy,hazard,a photo of Toxicodendron radicans.,0.354667
grass,grass_348391973.jpg,reticle,poison oak,hazard,a photo of Toxicodendron pubescens.,0.355766
grass,grass_348391973.jpg,reticle,poison sumac,hazard,a photo of Toxicodendron vernix.,0.320990
grass,grass_348391973.jpg,reticle,pokeweed,hazard,a photo of Phytolacca americana.,0.324159
grass,grass_348391973.jpg,reticle,Carolina horsenettle,hazard,a photo of Solanum carolinense.,0.323644
grass,grass_348391973.jpg,reticle,lawn,scene,a photo of lawn.,0.396141
grass,grass_348391973.jpg,reticle,field,scene,a photo of field.,0.280133
grass,grass_348391973.jpg,reticle,weedy garden bed,scene,a photo of weedy garden bed.,0.320531
grass,grass_348391973.jpg,reticle,pavement,scene,a photo of pavement.,0.329584
grass,grass_348391973.jpg,reticle,person,scene,a photo of person.,0.338540
grass,grass_348391973.jpg,reticle,screen,scene,a photo of screen.,0.301129
grass,grass_170173654.jpg,full,grass,plant,a photo of Poaceae.,0.403816
grass,grass_170173654.jpg,full,oak,plant,a photo of Quercus.,0.193330
grass,grass_170173654.jpg,full,fern,plant,a photo of Polypodiopsida.,0.249424
grass,grass_170173654.jpg,full,clover,plant,a photo of Trifolium.,0.272620
grass,grass_170173654.jpg,full,pine,plant,a photo of Pinus.,0.187808
grass,grass_170173654.jpg,full,dandelion,plant,a photo of Taraxacum.,0.266260
grass,grass_170173654.jpg,full,poison ivy,hazard,a photo of Toxicodendron radicans.,0.305913
grass,grass_170173654.jpg,full,poison oak,hazard,a photo of Toxicodendron pubescens.,0.249782
grass,grass_170173654.jpg,full,poison sumac,hazard,a photo of Toxicodendron vernix.,0.236769
grass,grass_170173654.jpg,full,pokeweed,hazard,a photo of Phytolacca americana.,0.307318
grass,grass_170173654.jpg,full,Carolina horsenettle,hazard,a photo of Solanum carolinense.,0.330277
grass,grass_170173654.jpg,full,lawn,scene,a photo of lawn.,0.341818
grass,grass_170173654.jpg,full,field,scene,a photo of field.,0.251385
grass,grass_170173654.jpg,full,weedy garden bed,scene,a photo of weedy garden bed.,0.243600
grass,grass_170173654.jpg,full,pavement,scene,a photo of pavement.,0.294766
grass,grass_170173654.jpg,full,person,scene,a photo of person.,0.229946
grass,grass_170173654.jpg,full,screen,scene,a photo of screen.,0.224832
grass,grass_170173654.jpg,reticle,grass,plant,a photo of Poaceae.,0.453743
grass,grass_170173654.jpg,reticle,oak,plant,a photo of Quercus.,0.289799
grass,grass_170173654.jpg,reticle,fern,plant,a photo of Polypodiopsida.,0.375673
grass,grass_170173654.jpg,reticle,clover,plant,a photo of Trifolium.,0.342899
grass,grass_170173654.jpg,reticle,pine,plant,a photo of Pinus.,0.321933
grass,grass_170173654.jpg,reticle,dandelion,plant,a photo of Taraxacum.,0.296079
grass,grass_170173654.jpg,reticle,poison ivy,hazard,a photo of Toxicodendron radicans.,0.354113
grass,grass_170173654.jpg,reticle,poison oak,hazard,a photo of Toxicodendron pubescens.,0.339747
grass,grass_170173654.jpg,reticle,poison sumac,hazard,a photo of Toxicodendron vernix.,0.283044
grass,grass_170173654.jpg,reticle,pokeweed,hazard,a photo of Phytolacca americana.,0.347493
grass,grass_170173654.jpg,reticle,Carolina horsenettle,hazard,a photo of Solanum carolinense.,0.363370
grass,grass_170173654.jpg,reticle,lawn,scene,a photo of lawn.,0.454274
grass,grass_170173654.jpg,reticle,field,scene,a photo of field.,0.342728
grass,grass_170173654.jpg,reticle,weedy garden bed,scene,a photo of weedy garden bed.,0.374876
grass,grass_170173654.jpg,reticle,pavement,scene,a photo of pavement.,0.363249
grass,grass_170173654.jpg,reticle,person,scene,a photo of person.,0.345910
grass,grass_170173654.jpg,reticle,screen,scene,a photo of screen.,0.363654
grass,grass_53684067.jpg,full,grass,plant,a photo of Poaceae.,0.367286
grass,grass_53684067.jpg,full,oak,plant,a photo of Quercus.,0.246765
grass,grass_53684067.jpg,full,fern,plant,a photo of Polypodiopsida.,0.237747
grass,grass_53684067.jpg,full,clover,plant,a photo of Trifolium.,0.322639
grass,grass_53684067.jpg,full,pine,plant,a photo of Pinus.,0.216112
grass,grass_53684067.jpg,full,dandelion,plant,a photo of Taraxacum.,0.296203
grass,grass_53684067.jpg,full,poison ivy,hazard,a photo of Toxicodendron radicans.,0.359024
grass,grass_53684067.jpg,full,poison oak,hazard,a photo of Toxicodendron pubescens.,0.336732
grass,grass_53684067.jpg,full,poison sumac,hazard,a photo of Toxicodendron vernix.,0.249964
grass,grass_53684067.jpg,full,pokeweed,hazard,a photo of Phytolacca americana.,0.343449
grass,grass_53684067.jpg,full,Carolina horsenettle,hazard,a photo of Solanum carolinense.,0.389106
grass,grass_53684067.jpg,full,lawn,scene,a photo of lawn.,0.408732
grass,grass_53684067.jpg,full,field,scene,a photo of field.,0.271669
grass,grass_53684067.jpg,full,weedy garden bed,scene,a photo of weedy garden bed.,0.270288
grass,grass_53684067.jpg,full,pavement,scene,a photo of pavement.,0.307515
grass,grass_53684067.jpg,full,person,scene,a photo of person.,0.269575
grass,grass_53684067.jpg,full,screen,scene,a photo of screen.,0.276711
grass,grass_53684067.jpg,reticle,grass,plant,a photo of Poaceae.,0.391862
grass,grass_53684067.jpg,reticle,oak,plant,a photo of Quercus.,0.299621
grass,grass_53684067.jpg,reticle,fern,plant,a photo of Polypodiopsida.,0.303680
grass,grass_53684067.jpg,reticle,clover,plant,a photo of Trifolium.,0.378694
grass,grass_53684067.jpg,reticle,pine,plant,a photo of Pinus.,0.266863
grass,grass_53684067.jpg,reticle,dandelion,plant,a photo of Taraxacum.,0.357817
grass,grass_53684067.jpg,reticle,poison ivy,hazard,a photo of Toxicodendron radicans.,0.373258
grass,grass_53684067.jpg,reticle,poison oak,hazard,a photo of Toxicodendron pubescens.,0.339531
grass,grass_53684067.jpg,reticle,poison sumac,hazard,a photo of Toxicodendron vernix.,0.260697
grass,grass_53684067.jpg,reticle,pokeweed,hazard,a photo of Phytolacca americana.,0.368058
grass,grass_53684067.jpg,reticle,Carolina horsenettle,hazard,a photo of Solanum carolinense.,0.446894
grass,grass_53684067.jpg,reticle,lawn,scene,a photo of lawn.,0.408086
grass,grass_53684067.jpg,reticle,field,scene,a photo of field.,0.335525
grass,grass_53684067.jpg,reticle,weedy garden bed,scene,a photo of weedy garden bed.,0.329278
grass,grass_53684067.jpg,reticle,pavement,scene,a photo of pavement.,0.336087
grass,grass_53684067.jpg,reticle,person,scene,a photo of person.,0.252979
grass,grass_53684067.jpg,reticle,screen,scene,a photo of screen.,0.309839
grass,grass_303516861.jpg,full,grass,plant,a photo of Poaceae.,0.413634
grass,grass_303516861.jpg,full,oak,plant,a photo of Quercus.,0.246424
grass,grass_303516861.jpg,full,fern,plant,a photo of Polypodiopsida.,0.321695
grass,grass_303516861.jpg,full,clover,plant,a photo of Trifolium.,0.252126
grass,grass_303516861.jpg,full,pine,plant,a photo of Pinus.,0.260406
grass,grass_303516861.jpg,full,dandelion,plant,a photo of Taraxacum.,0.207065
grass,grass_303516861.jpg,full,poison ivy,hazard,a photo of Toxicodendron radicans.,0.401425
grass,grass_303516861.jpg,full,poison oak,hazard,a photo of Toxicodendron pubescens.,0.341275
grass,grass_303516861.jpg,full,poison sumac,hazard,a photo of Toxicodendron vernix.,0.304307
grass,grass_303516861.jpg,full,pokeweed,hazard,a photo of Phytolacca americana.,0.388528
grass,grass_303516861.jpg,full,Carolina horsenettle,hazard,a photo of Solanum carolinense.,0.362486
grass,grass_303516861.jpg,full,lawn,scene,a photo of lawn.,0.375572
grass,grass_303516861.jpg,full,field,scene,a photo of field.,0.309791
grass,grass_303516861.jpg,full,weedy garden bed,scene,a photo of weedy garden bed.,0.202135
grass,grass_303516861.jpg,full,pavement,scene,a photo of pavement.,0.303100
grass,grass_303516861.jpg,full,person,scene,a photo of person.,0.310821
grass,grass_303516861.jpg,full,screen,scene,a photo of screen.,0.311921
grass,grass_303516861.jpg,reticle,grass,plant,a photo of Poaceae.,0.378043
grass,grass_303516861.jpg,reticle,oak,plant,a photo of Quercus.,0.326794
grass,grass_303516861.jpg,reticle,fern,plant,a photo of Polypodiopsida.,0.332407
grass,grass_303516861.jpg,reticle,clover,plant,a photo of Trifolium.,0.258550
grass,grass_303516861.jpg,reticle,pine,plant,a photo of Pinus.,0.275027
grass,grass_303516861.jpg,reticle,dandelion,plant,a photo of Taraxacum.,0.238165
grass,grass_303516861.jpg,reticle,poison ivy,hazard,a photo of Toxicodendron radicans.,0.368021
grass,grass_303516861.jpg,reticle,poison oak,hazard,a photo of Toxicodendron pubescens.,0.350167
grass,grass_303516861.jpg,reticle,poison sumac,hazard,a photo of Toxicodendron vernix.,0.284865
grass,grass_303516861.jpg,reticle,pokeweed,hazard,a photo of Phytolacca americana.,0.352412
grass,grass_303516861.jpg,reticle,Carolina horsenettle,hazard,a photo of Solanum carolinense.,0.340931
grass,grass_303516861.jpg,reticle,lawn,scene,a photo of lawn.,0.371624
grass,grass_303516861.jpg,reticle,field,scene,a photo of field.,0.279771
grass,grass_303516861.jpg,reticle,weedy garden bed,scene,a photo of weedy garden bed.,0.224290
grass,grass_303516861.jpg,reticle,pavement,scene,a photo of pavement.,0.298714
grass,grass_303516861.jpg,reticle,person,scene,a photo of person.,0.343750
grass,grass_303516861.jpg,reticle,screen,scene,a photo of screen.,0.334951
grass,grass_305790189.jpg,full,grass,plant,a photo of Poaceae.,0.381868
grass,grass_305790189.jpg,full,oak,plant,a photo of Quercus.,0.214207
grass,grass_305790189.jpg,full,fern,plant,a photo of Polypodiopsida.,0.264143
grass,grass_305790189.jpg,full,clover,plant,a photo of Trifolium.,0.265304
grass,grass_305790189.jpg,full,pine,plant,a photo of Pinus.,0.185017
grass,grass_305790189.jpg,full,dandelion,plant,a photo of Taraxacum.,0.270285
grass,grass_305790189.jpg,full,poison ivy,hazard,a photo of Toxicodendron radicans.,0.347723
grass,grass_305790189.jpg,full,poison oak,hazard,a photo of Toxicodendron pubescens.,0.238819
grass,grass_305790189.jpg,full,poison sumac,hazard,a photo of Toxicodendron vernix.,0.274255
grass,grass_305790189.jpg,full,pokeweed,hazard,a photo of Phytolacca americana.,0.339485
grass,grass_305790189.jpg,full,Carolina horsenettle,hazard,a photo of Solanum carolinense.,0.419121
grass,grass_305790189.jpg,full,lawn,scene,a photo of lawn.,0.375050
grass,grass_305790189.jpg,full,field,scene,a photo of field.,0.253387
grass,grass_305790189.jpg,full,weedy garden bed,scene,a photo of weedy garden bed.,0.206211
grass,grass_305790189.jpg,full,pavement,scene,a photo of pavement.,0.252004
grass,grass_305790189.jpg,full,person,scene,a photo of person.,0.199730
grass,grass_305790189.jpg,full,screen,scene,a photo of screen.,0.236724
grass,grass_305790189.jpg,reticle,grass,plant,a photo of Poaceae.,0.397728
grass,grass_305790189.jpg,reticle,oak,plant,a photo of Quercus.,0.235956
grass,grass_305790189.jpg,reticle,fern,plant,a photo of Polypodiopsida.,0.255877
grass,grass_305790189.jpg,reticle,clover,plant,a photo of Trifolium.,0.321565
grass,grass_305790189.jpg,reticle,pine,plant,a photo of Pinus.,0.206660
grass,grass_305790189.jpg,reticle,dandelion,plant,a photo of Taraxacum.,0.301996
grass,grass_305790189.jpg,reticle,poison ivy,hazard,a photo of Toxicodendron radicans.,0.368319
grass,grass_305790189.jpg,reticle,poison oak,hazard,a photo of Toxicodendron pubescens.,0.252394
grass,grass_305790189.jpg,reticle,poison sumac,hazard,a photo of Toxicodendron vernix.,0.276649
grass,grass_305790189.jpg,reticle,pokeweed,hazard,a photo of Phytolacca americana.,0.367849
grass,grass_305790189.jpg,reticle,Carolina horsenettle,hazard,a photo of Solanum carolinense.,0.445935
grass,grass_305790189.jpg,reticle,lawn,scene,a photo of lawn.,0.400443
grass,grass_305790189.jpg,reticle,field,scene,a photo of field.,0.267200
grass,grass_305790189.jpg,reticle,weedy garden bed,scene,a photo of weedy garden bed.,0.266959
grass,grass_305790189.jpg,reticle,pavement,scene,a photo of pavement.,0.288667
grass,grass_305790189.jpg,reticle,person,scene,a photo of person.,0.201044
grass,grass_305790189.jpg,reticle,screen,scene,a photo of screen.,0.235031
grass,grass_330436491.jpg,full,grass,plant,a photo of Poaceae.,0.518589
grass,grass_330436491.jpg,full,oak,plant,a photo of Quercus.,0.295582
grass,grass_330436491.jpg,full,fern,plant,a photo of Polypodiopsida.,0.347740
grass,grass_330436491.jpg,full,clover,plant,a photo of Trifolium.,0.271995
grass,grass_330436491.jpg,full,pine,plant,a photo of Pinus.,0.312313
grass,grass_330436491.jpg,full,dandelion,plant,a photo of Taraxacum.,0.265981
grass,grass_330436491.jpg,full,poison ivy,hazard,a photo of Toxicodendron radicans.,0.370239
grass,grass_330436491.jpg,full,poison oak,hazard,a photo of Toxicodendron pubescens.,0.309986
grass,grass_330436491.jpg,full,poison sumac,hazard,a photo of Toxicodendron vernix.,0.332999
grass,grass_330436491.jpg,full,pokeweed,hazard,a photo of Phytolacca americana.,0.345511
grass,grass_330436491.jpg,full,Carolina horsenettle,hazard,a photo of Solanum carolinense.,0.327279
grass,grass_330436491.jpg,full,lawn,scene,a photo of lawn.,0.425537
grass,grass_330436491.jpg,full,field,scene,a photo of field.,0.279847
grass,grass_330436491.jpg,full,weedy garden bed,scene,a photo of weedy garden bed.,0.246239
grass,grass_330436491.jpg,full,pavement,scene,a photo of pavement.,0.307577
grass,grass_330436491.jpg,full,person,scene,a photo of person.,0.311656
grass,grass_330436491.jpg,full,screen,scene,a photo of screen.,0.355656
grass,grass_330436491.jpg,reticle,grass,plant,a photo of Poaceae.,0.395283
grass,grass_330436491.jpg,reticle,oak,plant,a photo of Quercus.,0.312503
grass,grass_330436491.jpg,reticle,fern,plant,a photo of Polypodiopsida.,0.311794
grass,grass_330436491.jpg,reticle,clover,plant,a photo of Trifolium.,0.276525
grass,grass_330436491.jpg,reticle,pine,plant,a photo of Pinus.,0.326993
grass,grass_330436491.jpg,reticle,dandelion,plant,a photo of Taraxacum.,0.249606
grass,grass_330436491.jpg,reticle,poison ivy,hazard,a photo of Toxicodendron radicans.,0.295571
grass,grass_330436491.jpg,reticle,poison oak,hazard,a photo of Toxicodendron pubescens.,0.270621
grass,grass_330436491.jpg,reticle,poison sumac,hazard,a photo of Toxicodendron vernix.,0.283176
grass,grass_330436491.jpg,reticle,pokeweed,hazard,a photo of Phytolacca americana.,0.298877
grass,grass_330436491.jpg,reticle,Carolina horsenettle,hazard,a photo of Solanum carolinense.,0.278755
grass,grass_330436491.jpg,reticle,lawn,scene,a photo of lawn.,0.342183
grass,grass_330436491.jpg,reticle,field,scene,a photo of field.,0.285873
grass,grass_330436491.jpg,reticle,weedy garden bed,scene,a photo of weedy garden bed.,0.302244
grass,grass_330436491.jpg,reticle,pavement,scene,a photo of pavement.,0.321527
grass,grass_330436491.jpg,reticle,person,scene,a photo of person.,0.322734
grass,grass_330436491.jpg,reticle,screen,scene,a photo of screen.,0.399906
grass,grass_186771405.jpg,full,grass,plant,a photo of Poaceae.,0.496581
grass,grass_186771405.jpg,full,oak,plant,a photo of Quercus.,0.334796
grass,grass_186771405.jpg,full,fern,plant,a photo of Polypodiopsida.,0.353920
grass,grass_186771405.jpg,full,clover,plant,a photo of Trifolium.,0.335769
grass,grass_186771405.jpg,full,pine,plant,a photo of Pinus.,0.333124
grass,grass_186771405.jpg,full,dandelion,plant,a photo of Taraxacum.,0.367670
grass,grass_186771405.jpg,full,poison ivy,hazard,a photo of Toxicodendron radicans.,0.339321
grass,grass_186771405.jpg,full,poison oak,hazard,a photo of Toxicodendron pubescens.,0.362819
grass,grass_186771405.jpg,full,poison sumac,hazard,a photo of Toxicodendron vernix.,0.287273
grass,grass_186771405.jpg,full,pokeweed,hazard,a photo of Phytolacca americana.,0.318880
grass,grass_186771405.jpg,full,Carolina horsenettle,hazard,a photo of Solanum carolinense.,0.361857
grass,grass_186771405.jpg,full,lawn,scene,a photo of lawn.,0.359609
grass,grass_186771405.jpg,full,field,scene,a photo of field.,0.317328
grass,grass_186771405.jpg,full,weedy garden bed,scene,a photo of weedy garden bed.,0.323176
grass,grass_186771405.jpg,full,pavement,scene,a photo of pavement.,0.321363
grass,grass_186771405.jpg,full,person,scene,a photo of person.,0.310671
grass,grass_186771405.jpg,full,screen,scene,a photo of screen.,0.276753
grass,grass_186771405.jpg,reticle,grass,plant,a photo of Poaceae.,0.523482
grass,grass_186771405.jpg,reticle,oak,plant,a photo of Quercus.,0.372062
grass,grass_186771405.jpg,reticle,fern,plant,a photo of Polypodiopsida.,0.382959
grass,grass_186771405.jpg,reticle,clover,plant,a photo of Trifolium.,0.372098
grass,grass_186771405.jpg,reticle,pine,plant,a photo of Pinus.,0.366239
grass,grass_186771405.jpg,reticle,dandelion,plant,a photo of Taraxacum.,0.389494
grass,grass_186771405.jpg,reticle,poison ivy,hazard,a photo of Toxicodendron radicans.,0.338734
grass,grass_186771405.jpg,reticle,poison oak,hazard,a photo of Toxicodendron pubescens.,0.368135
grass,grass_186771405.jpg,reticle,poison sumac,hazard,a photo of Toxicodendron vernix.,0.302359
grass,grass_186771405.jpg,reticle,pokeweed,hazard,a photo of Phytolacca americana.,0.317836
grass,grass_186771405.jpg,reticle,Carolina horsenettle,hazard,a photo of Solanum carolinense.,0.372177
grass,grass_186771405.jpg,reticle,lawn,scene,a photo of lawn.,0.348460
grass,grass_186771405.jpg,reticle,field,scene,a photo of field.,0.342268
grass,grass_186771405.jpg,reticle,weedy garden bed,scene,a photo of weedy garden bed.,0.330309
grass,grass_186771405.jpg,reticle,pavement,scene,a photo of pavement.,0.337751
grass,grass_186771405.jpg,reticle,person,scene,a photo of person.,0.337310
grass,grass_186771405.jpg,reticle,screen,scene,a photo of screen.,0.283689
grass,grass_7870802.jpg,full,grass,plant,a photo of Poaceae.,0.410885
grass,grass_7870802.jpg,full,oak,plant,a photo of Quercus.,0.263239
grass,grass_7870802.jpg,full,fern,plant,a photo of Polypodiopsida.,0.312235
grass,grass_7870802.jpg,full,clover,plant,a photo of Trifolium.,0.306735
grass,grass_7870802.jpg,full,pine,plant,a photo of Pinus.,0.235932
grass,grass_7870802.jpg,full,dandelion,plant,a photo of Taraxacum.,0.298686
grass,grass_7870802.jpg,full,poison ivy,hazard,a photo of Toxicodendron radicans.,0.365348
grass,grass_7870802.jpg,full,poison oak,hazard,a photo of Toxicodendron pubescens.,0.231243
grass,grass_7870802.jpg,full,poison sumac,hazard,a photo of Toxicodendron vernix.,0.368098
grass,grass_7870802.jpg,full,pokeweed,hazard,a photo of Phytolacca americana.,0.395950
grass,grass_7870802.jpg,full,Carolina horsenettle,hazard,a photo of Solanum carolinense.,0.420211
grass,grass_7870802.jpg,full,lawn,scene,a photo of lawn.,0.353756
grass,grass_7870802.jpg,full,field,scene,a photo of field.,0.235215
grass,grass_7870802.jpg,full,weedy garden bed,scene,a photo of weedy garden bed.,0.272994
grass,grass_7870802.jpg,full,pavement,scene,a photo of pavement.,0.303195
grass,grass_7870802.jpg,full,person,scene,a photo of person.,0.254899
grass,grass_7870802.jpg,full,screen,scene,a photo of screen.,0.253129
grass,grass_7870802.jpg,reticle,grass,plant,a photo of Poaceae.,0.499831
grass,grass_7870802.jpg,reticle,oak,plant,a photo of Quercus.,0.300222
grass,grass_7870802.jpg,reticle,fern,plant,a photo of Polypodiopsida.,0.361064
grass,grass_7870802.jpg,reticle,clover,plant,a photo of Trifolium.,0.354796
grass,grass_7870802.jpg,reticle,pine,plant,a photo of Pinus.,0.261402
grass,grass_7870802.jpg,reticle,dandelion,plant,a photo of Taraxacum.,0.344016
grass,grass_7870802.jpg,reticle,poison ivy,hazard,a photo of Toxicodendron radicans.,0.353142
grass,grass_7870802.jpg,reticle,poison oak,hazard,a photo of Toxicodendron pubescens.,0.264129
grass,grass_7870802.jpg,reticle,poison sumac,hazard,a photo of Toxicodendron vernix.,0.328954
grass,grass_7870802.jpg,reticle,pokeweed,hazard,a photo of Phytolacca americana.,0.389557
grass,grass_7870802.jpg,reticle,Carolina horsenettle,hazard,a photo of Solanum carolinense.,0.447154
grass,grass_7870802.jpg,reticle,lawn,scene,a photo of lawn.,0.484959
grass,grass_7870802.jpg,reticle,field,scene,a photo of field.,0.281122
grass,grass_7870802.jpg,reticle,weedy garden bed,scene,a photo of weedy garden bed.,0.349042
grass,grass_7870802.jpg,reticle,pavement,scene,a photo of pavement.,0.338420
grass,grass_7870802.jpg,reticle,person,scene,a photo of person.,0.302391
grass,grass_7870802.jpg,reticle,screen,scene,a photo of screen.,0.314052
grass,grass_272094434.jpg,full,grass,plant,a photo of Poaceae.,0.408669
grass,grass_272094434.jpg,full,oak,plant,a photo of Quercus.,0.196522
grass,grass_272094434.jpg,full,fern,plant,a photo of Polypodiopsida.,0.283256
grass,grass_272094434.jpg,full,clover,plant,a photo of Trifolium.,0.287540
grass,grass_272094434.jpg,full,pine,plant,a photo of Pinus.,0.210123
grass,grass_272094434.jpg,full,dandelion,plant,a photo of Taraxacum.,0.194175
grass,grass_272094434.jpg,full,poison ivy,hazard,a photo of Toxicodendron radicans.,0.237994
grass,grass_272094434.jpg,full,poison oak,hazard,a photo of Toxicodendron pubescens.,0.246800
grass,grass_272094434.jpg,full,poison sumac,hazard,a photo of Toxicodendron vernix.,0.214886
grass,grass_272094434.jpg,full,pokeweed,hazard,a photo of Phytolacca americana.,0.270164
grass,grass_272094434.jpg,full,Carolina horsenettle,hazard,a photo of Solanum carolinense.,0.269779
grass,grass_272094434.jpg,full,lawn,scene,a photo of lawn.,0.376158
grass,grass_272094434.jpg,full,field,scene,a photo of field.,0.270010
grass,grass_272094434.jpg,full,weedy garden bed,scene,a photo of weedy garden bed.,0.280900
grass,grass_272094434.jpg,full,pavement,scene,a photo of pavement.,0.258177
grass,grass_272094434.jpg,full,person,scene,a photo of person.,0.235531
grass,grass_272094434.jpg,full,screen,scene,a photo of screen.,0.284548
grass,grass_272094434.jpg,reticle,grass,plant,a photo of Poaceae.,0.441375
grass,grass_272094434.jpg,reticle,oak,plant,a photo of Quercus.,0.224129
grass,grass_272094434.jpg,reticle,fern,plant,a photo of Polypodiopsida.,0.304843
grass,grass_272094434.jpg,reticle,clover,plant,a photo of Trifolium.,0.329565
grass,grass_272094434.jpg,reticle,pine,plant,a photo of Pinus.,0.253971
grass,grass_272094434.jpg,reticle,dandelion,plant,a photo of Taraxacum.,0.204231
grass,grass_272094434.jpg,reticle,poison ivy,hazard,a photo of Toxicodendron radicans.,0.211113
grass,grass_272094434.jpg,reticle,poison oak,hazard,a photo of Toxicodendron pubescens.,0.226784
grass,grass_272094434.jpg,reticle,poison sumac,hazard,a photo of Toxicodendron vernix.,0.203146
grass,grass_272094434.jpg,reticle,pokeweed,hazard,a photo of Phytolacca americana.,0.258422
grass,grass_272094434.jpg,reticle,Carolina horsenettle,hazard,a photo of Solanum carolinense.,0.267851
grass,grass_272094434.jpg,reticle,lawn,scene,a photo of lawn.,0.351652
grass,grass_272094434.jpg,reticle,field,scene,a photo of field.,0.260480
grass,grass_272094434.jpg,reticle,weedy garden bed,scene,a photo of weedy garden bed.,0.253106
grass,grass_272094434.jpg,reticle,pavement,scene,a photo of pavement.,0.258524
grass,grass_272094434.jpg,reticle,person,scene,a photo of person.,0.230092
grass,grass_272094434.jpg,reticle,screen,scene,a photo of screen.,0.259662
grass,grass_26326668.jpg,full,grass,plant,a photo of Poaceae.,0.468026
grass,grass_26326668.jpg,full,oak,plant,a photo of Quercus.,0.255452
grass,grass_26326668.jpg,full,fern,plant,a photo of Polypodiopsida.,0.320201
grass,grass_26326668.jpg,full,clover,plant,a photo of Trifolium.,0.294268
grass,grass_26326668.jpg,full,pine,plant,a photo of Pinus.,0.282731
grass,grass_26326668.jpg,full,dandelion,plant,a photo of Taraxacum.,0.296721
grass,grass_26326668.jpg,full,poison ivy,hazard,a photo of Toxicodendron radicans.,0.315801
grass,grass_26326668.jpg,full,poison oak,hazard,a photo of Toxicodendron pubescens.,0.239000
grass,grass_26326668.jpg,full,poison sumac,hazard,a photo of Toxicodendron vernix.,0.270387
grass,grass_26326668.jpg,full,pokeweed,hazard,a photo of Phytolacca americana.,0.346644
grass,grass_26326668.jpg,full,Carolina horsenettle,hazard,a photo of Solanum carolinense.,0.322409
grass,grass_26326668.jpg,full,lawn,scene,a photo of lawn.,0.339455
grass,grass_26326668.jpg,full,field,scene,a photo of field.,0.280032
grass,grass_26326668.jpg,full,weedy garden bed,scene,a photo of weedy garden bed.,0.242551
grass,grass_26326668.jpg,full,pavement,scene,a photo of pavement.,0.299722
grass,grass_26326668.jpg,full,person,scene,a photo of person.,0.242492
grass,grass_26326668.jpg,full,screen,scene,a photo of screen.,0.282419
grass,grass_26326668.jpg,reticle,grass,plant,a photo of Poaceae.,0.490632
grass,grass_26326668.jpg,reticle,oak,plant,a photo of Quercus.,0.258164
grass,grass_26326668.jpg,reticle,fern,plant,a photo of Polypodiopsida.,0.353688
grass,grass_26326668.jpg,reticle,clover,plant,a photo of Trifolium.,0.322348
grass,grass_26326668.jpg,reticle,pine,plant,a photo of Pinus.,0.269408
grass,grass_26326668.jpg,reticle,dandelion,plant,a photo of Taraxacum.,0.310600
grass,grass_26326668.jpg,reticle,poison ivy,hazard,a photo of Toxicodendron radicans.,0.287367
grass,grass_26326668.jpg,reticle,poison oak,hazard,a photo of Toxicodendron pubescens.,0.223872
grass,grass_26326668.jpg,reticle,poison sumac,hazard,a photo of Toxicodendron vernix.,0.295527
grass,grass_26326668.jpg,reticle,pokeweed,hazard,a photo of Phytolacca americana.,0.337456
grass,grass_26326668.jpg,reticle,Carolina horsenettle,hazard,a photo of Solanum carolinense.,0.315322
grass,grass_26326668.jpg,reticle,lawn,scene,a photo of lawn.,0.387846
grass,grass_26326668.jpg,reticle,field,scene,a photo of field.,0.305389
grass,grass_26326668.jpg,reticle,weedy garden bed,scene,a photo of weedy garden bed.,0.282417
grass,grass_26326668.jpg,reticle,pavement,scene,a photo of pavement.,0.303037
grass,grass_26326668.jpg,reticle,person,scene,a photo of person.,0.276557
grass,grass_26326668.jpg,reticle,screen,scene,a photo of screen.,0.299343
grass,grass_32624622.jpg,full,grass,plant,a photo of Poaceae.,0.480081
grass,grass_32624622.jpg,full,oak,plant,a photo of Quercus.,0.294021
grass,grass_32624622.jpg,full,fern,plant,a photo of Polypodiopsida.,0.339387
grass,grass_32624622.jpg,full,clover,plant,a photo of Trifolium.,0.268415
grass,grass_32624622.jpg,full,pine,plant,a photo of Pinus.,0.294197
grass,grass_32624622.jpg,full,dandelion,plant,a photo of Taraxacum.,0.251073
grass,grass_32624622.jpg,full,poison ivy,hazard,a photo of Toxicodendron radicans.,0.387953
grass,grass_32624622.jpg,full,poison oak,hazard,a photo of Toxicodendron pubescens.,0.312279
grass,grass_32624622.jpg,full,poison sumac,hazard,a photo of Toxicodendron vernix.,0.274888
grass,grass_32624622.jpg,full,pokeweed,hazard,a photo of Phytolacca americana.,0.387122
grass,grass_32624622.jpg,full,Carolina horsenettle,hazard,a photo of Solanum carolinense.,0.351373
grass,grass_32624622.jpg,full,lawn,scene,a photo of lawn.,0.382229
grass,grass_32624622.jpg,full,field,scene,a photo of field.,0.266063
grass,grass_32624622.jpg,full,weedy garden bed,scene,a photo of weedy garden bed.,0.198202
grass,grass_32624622.jpg,full,pavement,scene,a photo of pavement.,0.254593
grass,grass_32624622.jpg,full,person,scene,a photo of person.,0.251785
grass,grass_32624622.jpg,full,screen,scene,a photo of screen.,0.273356
grass,grass_32624622.jpg,reticle,grass,plant,a photo of Poaceae.,0.506009
grass,grass_32624622.jpg,reticle,oak,plant,a photo of Quercus.,0.298780
grass,grass_32624622.jpg,reticle,fern,plant,a photo of Polypodiopsida.,0.362349
grass,grass_32624622.jpg,reticle,clover,plant,a photo of Trifolium.,0.282445
grass,grass_32624622.jpg,reticle,pine,plant,a photo of Pinus.,0.299065
grass,grass_32624622.jpg,reticle,dandelion,plant,a photo of Taraxacum.,0.262201
grass,grass_32624622.jpg,reticle,poison ivy,hazard,a photo of Toxicodendron radicans.,0.392192
grass,grass_32624622.jpg,reticle,poison oak,hazard,a photo of Toxicodendron pubescens.,0.299272
grass,grass_32624622.jpg,reticle,poison sumac,hazard,a photo of Toxicodendron vernix.,0.271777
grass,grass_32624622.jpg,reticle,pokeweed,hazard,a photo of Phytolacca americana.,0.377939
grass,grass_32624622.jpg,reticle,Carolina horsenettle,hazard,a photo of Solanum carolinense.,0.359018
grass,grass_32624622.jpg,reticle,lawn,scene,a photo of lawn.,0.394824
grass,grass_32624622.jpg,reticle,field,scene,a photo of field.,0.311972
grass,grass_32624622.jpg,reticle,weedy garden bed,scene,a photo of weedy garden bed.,0.207130
grass,grass_32624622.jpg,reticle,pavement,scene,a photo of pavement.,0.275962
grass,grass_32624622.jpg,reticle,person,scene,a photo of person.,0.262506
grass,grass_32624622.jpg,reticle,screen,scene,a photo of screen.,0.284560
grass,lawn_45980991.jpg,full,grass,plant,a photo of Poaceae.,0.502670
grass,lawn_45980991.jpg,full,oak,plant,a photo of Quercus.,0.382292
grass,lawn_45980991.jpg,full,fern,plant,a photo of Polypodiopsida.,0.402267
grass,lawn_45980991.jpg,full,clover,plant,a photo of Trifolium.,0.423414
grass,lawn_45980991.jpg,full,pine,plant,a photo of Pinus.,0.386645
grass,lawn_45980991.jpg,full,dandelion,plant,a photo of Taraxacum.,0.427633
grass,lawn_45980991.jpg,full,poison ivy,hazard,a photo of Toxicodendron radicans.,0.360152
grass,lawn_45980991.jpg,full,poison oak,hazard,a photo of Toxicodendron pubescens.,0.388592
grass,lawn_45980991.jpg,full,poison sumac,hazard,a photo of Toxicodendron vernix.,0.304684
grass,lawn_45980991.jpg,full,pokeweed,hazard,a photo of Phytolacca americana.,0.310991
grass,lawn_45980991.jpg,full,Carolina horsenettle,hazard,a photo of Solanum carolinense.,0.362865
grass,lawn_45980991.jpg,full,lawn,scene,a photo of lawn.,0.507529
grass,lawn_45980991.jpg,full,field,scene,a photo of field.,0.327574
grass,lawn_45980991.jpg,full,weedy garden bed,scene,a photo of weedy garden bed.,0.373075
grass,lawn_45980991.jpg,full,pavement,scene,a photo of pavement.,0.394985
grass,lawn_45980991.jpg,full,person,scene,a photo of person.,0.353318
grass,lawn_45980991.jpg,full,screen,scene,a photo of screen.,0.356600
grass,lawn_45980991.jpg,reticle,grass,plant,a photo of Poaceae.,0.413778
grass,lawn_45980991.jpg,reticle,oak,plant,a photo of Quercus.,0.371082
grass,lawn_45980991.jpg,reticle,fern,plant,a photo of Polypodiopsida.,0.381752
grass,lawn_45980991.jpg,reticle,clover,plant,a photo of Trifolium.,0.408943
grass,lawn_45980991.jpg,reticle,pine,plant,a photo of Pinus.,0.394902
grass,lawn_45980991.jpg,reticle,dandelion,plant,a photo of Taraxacum.,0.368064
grass,lawn_45980991.jpg,reticle,poison ivy,hazard,a photo of Toxicodendron radicans.,0.311652
grass,lawn_45980991.jpg,reticle,poison oak,hazard,a photo of Toxicodendron pubescens.,0.354282
grass,lawn_45980991.jpg,reticle,poison sumac,hazard,a photo of Toxicodendron vernix.,0.279692
grass,lawn_45980991.jpg,reticle,pokeweed,hazard,a photo of Phytolacca americana.,0.294445
grass,lawn_45980991.jpg,reticle,Carolina horsenettle,hazard,a photo of Solanum carolinense.,0.276844
grass,lawn_45980991.jpg,reticle,lawn,scene,a photo of lawn.,0.397005
grass,lawn_45980991.jpg,reticle,field,scene,a photo of field.,0.378945
grass,lawn_45980991.jpg,reticle,weedy garden bed,scene,a photo of weedy garden bed.,0.383203
grass,lawn_45980991.jpg,reticle,pavement,scene,a photo of pavement.,0.370742
grass,lawn_45980991.jpg,reticle,person,scene,a photo of person.,0.372859
grass,lawn_45980991.jpg,reticle,screen,scene,a photo of screen.,0.356760
grass,lawn_114051027.jpg,full,grass,plant,a photo of Poaceae.,0.430507
grass,lawn_114051027.jpg,full,oak,plant,a photo of Quercus.,0.318618
grass,lawn_114051027.jpg,full,fern,plant,a photo of Polypodiopsida.,0.317592
grass,lawn_114051027.jpg,full,clover,plant,a photo of Trifolium.,0.411418
grass,lawn_114051027.jpg,full,pine,plant,a photo of Pinus.,0.306318
grass,lawn_114051027.jpg,full,dandelion,plant,a photo of Taraxacum.,0.414052
grass,lawn_114051027.jpg,full,poison ivy,hazard,a photo of Toxicodendron radicans.,0.303421
grass,lawn_114051027.jpg,full,poison oak,hazard,a photo of Toxicodendron pubescens.,0.340426
grass,lawn_114051027.jpg,full,poison sumac,hazard,a photo of Toxicodendron vernix.,0.210754
grass,lawn_114051027.jpg,full,pokeweed,hazard,a photo of Phytolacca americana.,0.271737
grass,lawn_114051027.jpg,full,Carolina horsenettle,hazard,a photo of Solanum carolinense.,0.355085
grass,lawn_114051027.jpg,full,lawn,scene,a photo of lawn.,0.445004
grass,lawn_114051027.jpg,full,field,scene,a photo of field.,0.321203
grass,lawn_114051027.jpg,full,weedy garden bed,scene,a photo of weedy garden bed.,0.349282
grass,lawn_114051027.jpg,full,pavement,scene,a photo of pavement.,0.366070
grass,lawn_114051027.jpg,full,person,scene,a photo of person.,0.359790
grass,lawn_114051027.jpg,full,screen,scene,a photo of screen.,0.309716
grass,lawn_114051027.jpg,reticle,grass,plant,a photo of Poaceae.,0.461491
grass,lawn_114051027.jpg,reticle,oak,plant,a photo of Quercus.,0.360396
grass,lawn_114051027.jpg,reticle,fern,plant,a photo of Polypodiopsida.,0.357486
grass,lawn_114051027.jpg,reticle,clover,plant,a photo of Trifolium.,0.486266
grass,lawn_114051027.jpg,reticle,pine,plant,a photo of Pinus.,0.351362
grass,lawn_114051027.jpg,reticle,dandelion,plant,a photo of Taraxacum.,0.393979
grass,lawn_114051027.jpg,reticle,poison ivy,hazard,a photo of Toxicodendron radicans.,0.391782
grass,lawn_114051027.jpg,reticle,poison oak,hazard,a photo of Toxicodendron pubescens.,0.430328
grass,lawn_114051027.jpg,reticle,poison sumac,hazard,a photo of Toxicodendron vernix.,0.306371
grass,lawn_114051027.jpg,reticle,pokeweed,hazard,a photo of Phytolacca americana.,0.322769
grass,lawn_114051027.jpg,reticle,Carolina horsenettle,hazard,a photo of Solanum carolinense.,0.389117
grass,lawn_114051027.jpg,reticle,lawn,scene,a photo of lawn.,0.450183
grass,lawn_114051027.jpg,reticle,field,scene,a photo of field.,0.399091
grass,lawn_114051027.jpg,reticle,weedy garden bed,scene,a photo of weedy garden bed.,0.417386
grass,lawn_114051027.jpg,reticle,pavement,scene,a photo of pavement.,0.396091
grass,lawn_114051027.jpg,reticle,person,scene,a photo of person.,0.383032
grass,lawn_114051027.jpg,reticle,screen,scene,a photo of screen.,0.383996
grass,lawn_97354508.jpg,full,grass,plant,a photo of Poaceae.,0.487490
grass,lawn_97354508.jpg,full,oak,plant,a photo of Quercus.,0.260533
grass,lawn_97354508.jpg,full,fern,plant,a photo of Polypodiopsida.,0.309201
grass,lawn_97354508.jpg,full,clover,plant,a photo of Trifolium.,0.348092
grass,lawn_97354508.jpg,full,pine,plant,a photo of Pinus.,0.251107
grass,lawn_97354508.jpg,full,dandelion,plant,a photo of Taraxacum.,0.336527
grass,lawn_97354508.jpg,full,poison ivy,hazard,a photo of Toxicodendron radicans.,0.303814
grass,lawn_97354508.jpg,full,poison oak,hazard,a photo of Toxicodendron pubescens.,0.243753
grass,lawn_97354508.jpg,full,poison sumac,hazard,a photo of Toxicodendron vernix.,0.206982
grass,lawn_97354508.jpg,full,pokeweed,hazard,a photo of Phytolacca americana.,0.304996
grass,lawn_97354508.jpg,full,Carolina horsenettle,hazard,a photo of Solanum carolinense.,0.350946
grass,lawn_97354508.jpg,full,lawn,scene,a photo of lawn.,0.517399
grass,lawn_97354508.jpg,full,field,scene,a photo of field.,0.347728
grass,lawn_97354508.jpg,full,weedy garden bed,scene,a photo of weedy garden bed.,0.307356
grass,lawn_97354508.jpg,full,pavement,scene,a photo of pavement.,0.368908
grass,lawn_97354508.jpg,full,person,scene,a photo of person.,0.332588
grass,lawn_97354508.jpg,full,screen,scene,a photo of screen.,0.323675
grass,lawn_97354508.jpg,reticle,grass,plant,a photo of Poaceae.,0.538465
grass,lawn_97354508.jpg,reticle,oak,plant,a photo of Quercus.,0.278765
grass,lawn_97354508.jpg,reticle,fern,plant,a photo of Polypodiopsida.,0.333955
grass,lawn_97354508.jpg,reticle,clover,plant,a photo of Trifolium.,0.351549
grass,lawn_97354508.jpg,reticle,pine,plant,a photo of Pinus.,0.244476
grass,lawn_97354508.jpg,reticle,dandelion,plant,a photo of Taraxacum.,0.313960
grass,lawn_97354508.jpg,reticle,poison ivy,hazard,a photo of Toxicodendron radicans.,0.382125
grass,lawn_97354508.jpg,reticle,poison oak,hazard,a photo of Toxicodendron pubescens.,0.315073
grass,lawn_97354508.jpg,reticle,poison sumac,hazard,a photo of Toxicodendron vernix.,0.350127
grass,lawn_97354508.jpg,reticle,pokeweed,hazard,a photo of Phytolacca americana.,0.376139
grass,lawn_97354508.jpg,reticle,Carolina horsenettle,hazard,a photo of Solanum carolinense.,0.411305
grass,lawn_97354508.jpg,reticle,lawn,scene,a photo of lawn.,0.500090
grass,lawn_97354508.jpg,reticle,field,scene,a photo of field.,0.358251
grass,lawn_97354508.jpg,reticle,weedy garden bed,scene,a photo of weedy garden bed.,0.314789
grass,lawn_97354508.jpg,reticle,pavement,scene,a photo of pavement.,0.390070
grass,lawn_97354508.jpg,reticle,person,scene,a photo of person.,0.335609
grass,lawn_97354508.jpg,reticle,screen,scene,a photo of screen.,0.330651
grass,lawn_91483513.jpg,full,grass,plant,a photo of Poaceae.,0.519608
grass,lawn_91483513.jpg,full,oak,plant,a photo of Quercus.,0.324456
grass,lawn_91483513.jpg,full,fern,plant,a photo of Polypodiopsida.,0.358149
grass,lawn_91483513.jpg,full,clover,plant,a photo of Trifolium.,0.373360
grass,lawn_91483513.jpg,full,pine,plant,a photo of Pinus.,0.329277
grass,lawn_91483513.jpg,full,dandelion,plant,a photo of Taraxacum.,0.367229
grass,lawn_91483513.jpg,full,poison ivy,hazard,a photo of Toxicodendron radicans.,0.279001
grass,lawn_91483513.jpg,full,poison oak,hazard,a photo of Toxicodendron pubescens.,0.219021
grass,lawn_91483513.jpg,full,poison sumac,hazard,a photo of Toxicodendron vernix.,0.186785
grass,lawn_91483513.jpg,full,pokeweed,hazard,a photo of Phytolacca americana.,0.291565
grass,lawn_91483513.jpg,full,Carolina horsenettle,hazard,a photo of Solanum carolinense.,0.343981
grass,lawn_91483513.jpg,full,lawn,scene,a photo of lawn.,0.520355
grass,lawn_91483513.jpg,full,field,scene,a photo of field.,0.376184
grass,lawn_91483513.jpg,full,weedy garden bed,scene,a photo of weedy garden bed.,0.286026
grass,lawn_91483513.jpg,full,pavement,scene,a photo of pavement.,0.375946
grass,lawn_91483513.jpg,full,person,scene,a photo of person.,0.319362
grass,lawn_91483513.jpg,full,screen,scene,a photo of screen.,0.319129
grass,lawn_91483513.jpg,reticle,grass,plant,a photo of Poaceae.,0.506656
grass,lawn_91483513.jpg,reticle,oak,plant,a photo of Quercus.,0.283936
grass,lawn_91483513.jpg,reticle,fern,plant,a photo of Polypodiopsida.,0.366866
grass,lawn_91483513.jpg,reticle,clover,plant,a photo of Trifolium.,0.351493
grass,lawn_91483513.jpg,reticle,pine,plant,a photo of Pinus.,0.318714
grass,lawn_91483513.jpg,reticle,dandelion,plant,a photo of Taraxacum.,0.300997
grass,lawn_91483513.jpg,reticle,poison ivy,hazard,a photo of Toxicodendron radicans.,0.262298
grass,lawn_91483513.jpg,reticle,poison oak,hazard,a photo of Toxicodendron pubescens.,0.216423
grass,lawn_91483513.jpg,reticle,poison sumac,hazard,a photo of Toxicodendron vernix.,0.184872
grass,lawn_91483513.jpg,reticle,pokeweed,hazard,a photo of Phytolacca americana.,0.331308
grass,lawn_91483513.jpg,reticle,Carolina horsenettle,hazard,a photo of Solanum carolinense.,0.331168
grass,lawn_91483513.jpg,reticle,lawn,scene,a photo of lawn.,0.543740
grass,lawn_91483513.jpg,reticle,field,scene,a photo of field.,0.406395
grass,lawn_91483513.jpg,reticle,weedy garden bed,scene,a photo of weedy garden bed.,0.327550
grass,lawn_91483513.jpg,reticle,pavement,scene,a photo of pavement.,0.378607
grass,lawn_91483513.jpg,reticle,person,scene,a photo of person.,0.306685
grass,lawn_91483513.jpg,reticle,screen,scene,a photo of screen.,0.351358
grass,lawn_127194613.jpg,full,grass,plant,a photo of Poaceae.,0.470171
grass,lawn_127194613.jpg,full,oak,plant,a photo of Quercus.,0.241998
grass,lawn_127194613.jpg,full,fern,plant,a photo of Polypodiopsida.,0.329283
grass,lawn_127194613.jpg,full,clover,plant,a photo of Trifolium.,0.301331
grass,lawn_127194613.jpg,full,pine,plant,a photo of Pinus.,0.236743
grass,lawn_127194613.jpg,full,dandelion,plant,a photo of Taraxacum.,0.297155
grass,lawn_127194613.jpg,full,poison ivy,hazard,a photo of Toxicodendron radicans.,0.296866
grass,lawn_127194613.jpg,full,poison oak,hazard,a photo of Toxicodendron pubescens.,0.238016
grass,lawn_127194613.jpg,full,poison sumac,hazard,a photo of Toxicodendron vernix.,0.216505
grass,lawn_127194613.jpg,full,pokeweed,hazard,a photo of Phytolacca americana.,0.296215
grass,lawn_127194613.jpg,full,Carolina horsenettle,hazard,a photo of Solanum carolinense.,0.408762
grass,lawn_127194613.jpg,full,lawn,scene,a photo of lawn.,0.470875
grass,lawn_127194613.jpg,full,field,scene,a photo of field.,0.283420
grass,lawn_127194613.jpg,full,weedy garden bed,scene,a photo of weedy garden bed.,0.322241
grass,lawn_127194613.jpg,full,pavement,scene,a photo of pavement.,0.341819
grass,lawn_127194613.jpg,full,person,scene,a photo of person.,0.277857
grass,lawn_127194613.jpg,full,screen,scene,a photo of screen.,0.285037
grass,lawn_127194613.jpg,reticle,grass,plant,a photo of Poaceae.,0.500391
grass,lawn_127194613.jpg,reticle,oak,plant,a photo of Quercus.,0.325074
grass,lawn_127194613.jpg,reticle,fern,plant,a photo of Polypodiopsida.,0.391697
grass,lawn_127194613.jpg,reticle,clover,plant,a photo of Trifolium.,0.370443
grass,lawn_127194613.jpg,reticle,pine,plant,a photo of Pinus.,0.316006
grass,lawn_127194613.jpg,reticle,dandelion,plant,a photo of Taraxacum.,0.346523
grass,lawn_127194613.jpg,reticle,poison ivy,hazard,a photo of Toxicodendron radicans.,0.318965
grass,lawn_127194613.jpg,reticle,poison oak,hazard,a photo of Toxicodendron pubescens.,0.280862
grass,lawn_127194613.jpg,reticle,poison sumac,hazard,a photo of Toxicodendron vernix.,0.252218
grass,lawn_127194613.jpg,reticle,pokeweed,hazard,a photo of Phytolacca americana.,0.339068
grass,lawn_127194613.jpg,reticle,Carolina horsenettle,hazard,a photo of Solanum carolinense.,0.425466
grass,lawn_127194613.jpg,reticle,lawn,scene,a photo of lawn.,0.490308
grass,lawn_127194613.jpg,reticle,field,scene,a photo of field.,0.345543
grass,lawn_127194613.jpg,reticle,weedy garden bed,scene,a photo of weedy garden bed.,0.379578
grass,lawn_127194613.jpg,reticle,pavement,scene,a photo of pavement.,0.385386
grass,lawn_127194613.jpg,reticle,person,scene,a photo of person.,0.334414
grass,lawn_127194613.jpg,reticle,screen,scene,a photo of screen.,0.355540
grass,lawn_150536682.jpg,full,grass,plant,a photo of Poaceae.,0.472467
grass,lawn_150536682.jpg,full,oak,plant,a photo of Quercus.,0.270392
grass,lawn_150536682.jpg,full,fern,plant,a photo of Polypodiopsida.,0.334557
grass,lawn_150536682.jpg,full,clover,plant,a photo of Trifolium.,0.341149
grass,lawn_150536682.jpg,full,pine,plant,a photo of Pinus.,0.279480
grass,lawn_150536682.jpg,full,dandelion,plant,a photo of Taraxacum.,0.357441
grass,lawn_150536682.jpg,full,poison ivy,hazard,a photo of Toxicodendron radicans.,0.304786
grass,lawn_150536682.jpg,full,poison oak,hazard,a photo of Toxicodendron pubescens.,0.244923
grass,lawn_150536682.jpg,full,poison sumac,hazard,a photo of Toxicodendron vernix.,0.167663
grass,lawn_150536682.jpg,full,pokeweed,hazard,a photo of Phytolacca americana.,0.331076
grass,lawn_150536682.jpg,full,Carolina horsenettle,hazard,a photo of Solanum carolinense.,0.372389
grass,lawn_150536682.jpg,full,lawn,scene,a photo of lawn.,0.512339
grass,lawn_150536682.jpg,full,field,scene,a photo of field.,0.361115
grass,lawn_150536682.jpg,full,weedy garden bed,scene,a photo of weedy garden bed.,0.330883
grass,lawn_150536682.jpg,full,pavement,scene,a photo of pavement.,0.364367
grass,lawn_150536682.jpg,full,person,scene,a photo of person.,0.306684
grass,lawn_150536682.jpg,full,screen,scene,a photo of screen.,0.323043
grass,lawn_150536682.jpg,reticle,grass,plant,a photo of Poaceae.,0.481405
grass,lawn_150536682.jpg,reticle,oak,plant,a photo of Quercus.,0.290170
grass,lawn_150536682.jpg,reticle,fern,plant,a photo of Polypodiopsida.,0.340829
grass,lawn_150536682.jpg,reticle,clover,plant,a photo of Trifolium.,0.348618
grass,lawn_150536682.jpg,reticle,pine,plant,a photo of Pinus.,0.270473
grass,lawn_150536682.jpg,reticle,dandelion,plant,a photo of Taraxacum.,0.352970
grass,lawn_150536682.jpg,reticle,poison ivy,hazard,a photo of Toxicodendron radicans.,0.310950
grass,lawn_150536682.jpg,reticle,poison oak,hazard,a photo of Toxicodendron pubescens.,0.252058
grass,lawn_150536682.jpg,reticle,poison sumac,hazard,a photo of Toxicodendron vernix.,0.193854
grass,lawn_150536682.jpg,reticle,pokeweed,hazard,a photo of Phytolacca americana.,0.356643
grass,lawn_150536682.jpg,reticle,Carolina horsenettle,hazard,a photo of Solanum carolinense.,0.400061
grass,lawn_150536682.jpg,reticle,lawn,scene,a photo of lawn.,0.497923
grass,lawn_150536682.jpg,reticle,field,scene,a photo of field.,0.350178
grass,lawn_150536682.jpg,reticle,weedy garden bed,scene,a photo of weedy garden bed.,0.308066
grass,lawn_150536682.jpg,reticle,pavement,scene,a photo of pavement.,0.357939
grass,lawn_150536682.jpg,reticle,person,scene,a photo of person.,0.276599
grass,lawn_150536682.jpg,reticle,screen,scene,a photo of screen.,0.288091
grass,lawn_127362421.jpg,full,grass,plant,a photo of Poaceae.,0.467731
grass,lawn_127362421.jpg,full,oak,plant,a photo of Quercus.,0.268501
grass,lawn_127362421.jpg,full,fern,plant,a photo of Polypodiopsida.,0.347285
grass,lawn_127362421.jpg,full,clover,plant,a photo of Trifolium.,0.335014
grass,lawn_127362421.jpg,full,pine,plant,a photo of Pinus.,0.266171
grass,lawn_127362421.jpg,full,dandelion,plant,a photo of Taraxacum.,0.315694
grass,lawn_127362421.jpg,full,poison ivy,hazard,a photo of Toxicodendron radicans.,0.249411
grass,lawn_127362421.jpg,full,poison oak,hazard,a photo of Toxicodendron pubescens.,0.221698
grass,lawn_127362421.jpg,full,poison sumac,hazard,a photo of Toxicodendron vernix.,0.207625
grass,lawn_127362421.jpg,full,pokeweed,hazard,a photo of Phytolacca americana.,0.310361
grass,lawn_127362421.jpg,full,Carolina horsenettle,hazard,a photo of Solanum carolinense.,0.392020
grass,lawn_127362421.jpg,full,lawn,scene,a photo of lawn.,0.493165
grass,lawn_127362421.jpg,full,field,scene,a photo of field.,0.299089
grass,lawn_127362421.jpg,full,weedy garden bed,scene,a photo of weedy garden bed.,0.335978
grass,lawn_127362421.jpg,full,pavement,scene,a photo of pavement.,0.371908
grass,lawn_127362421.jpg,full,person,scene,a photo of person.,0.325983
grass,lawn_127362421.jpg,full,screen,scene,a photo of screen.,0.299859
grass,lawn_127362421.jpg,reticle,grass,plant,a photo of Poaceae.,0.492600
grass,lawn_127362421.jpg,reticle,oak,plant,a photo of Quercus.,0.265348
grass,lawn_127362421.jpg,reticle,fern,plant,a photo of Polypodiopsida.,0.372703
grass,lawn_127362421.jpg,reticle,clover,plant,a photo of Trifolium.,0.342743
grass,lawn_127362421.jpg,reticle,pine,plant,a photo of Pinus.,0.258678
grass,lawn_127362421.jpg,reticle,dandelion,plant,a photo of Taraxacum.,0.325835
grass,lawn_127362421.jpg,reticle,poison ivy,hazard,a photo of Toxicodendron radicans.,0.247306
grass,lawn_127362421.jpg,reticle,poison oak,hazard,a photo of Toxicodendron pubescens.,0.218803
grass,lawn_127362421.jpg,reticle,poison sumac,hazard,a photo of Toxicodendron vernix.,0.200354
grass,lawn_127362421.jpg,reticle,pokeweed,hazard,a photo of Phytolacca americana.,0.310767
grass,lawn_127362421.jpg,reticle,Carolina horsenettle,hazard,a photo of Solanum carolinense.,0.382675
grass,lawn_127362421.jpg,reticle,lawn,scene,a photo of lawn.,0.511018
grass,lawn_127362421.jpg,reticle,field,scene,a photo of field.,0.301368
grass,lawn_127362421.jpg,reticle,weedy garden bed,scene,a photo of weedy garden bed.,0.362995
grass,lawn_127362421.jpg,reticle,pavement,scene,a photo of pavement.,0.364403
grass,lawn_127362421.jpg,reticle,person,scene,a photo of person.,0.333893
grass,lawn_127362421.jpg,reticle,screen,scene,a photo of screen.,0.305906
grass,lawn_173273463.jpg,full,grass,plant,a photo of Poaceae.,0.500644
grass,lawn_173273463.jpg,full,oak,plant,a photo of Quercus.,0.318665
grass,lawn_173273463.jpg,full,fern,plant,a photo of Polypodiopsida.,0.359525
grass,lawn_173273463.jpg,full,clover,plant,a photo of Trifolium.,0.369716
grass,lawn_173273463.jpg,full,pine,plant,a photo of Pinus.,0.324443
grass,lawn_173273463.jpg,full,dandelion,plant,a photo of Taraxacum.,0.385479
grass,lawn_173273463.jpg,full,poison ivy,hazard,a photo of Toxicodendron radicans.,0.348457
grass,lawn_173273463.jpg,full,poison oak,hazard,a photo of Toxicodendron pubescens.,0.351594
grass,lawn_173273463.jpg,full,poison sumac,hazard,a photo of Toxicodendron vernix.,0.222178
grass,lawn_173273463.jpg,full,pokeweed,hazard,a photo of Phytolacca americana.,0.339305
grass,lawn_173273463.jpg,full,Carolina horsenettle,hazard,a photo of Solanum carolinense.,0.374301
grass,lawn_173273463.jpg,full,lawn,scene,a photo of lawn.,0.576107
grass,lawn_173273463.jpg,full,field,scene,a photo of field.,0.352554
grass,lawn_173273463.jpg,full,weedy garden bed,scene,a photo of weedy garden bed.,0.360415
grass,lawn_173273463.jpg,full,pavement,scene,a photo of pavement.,0.346865
grass,lawn_173273463.jpg,full,person,scene,a photo of person.,0.373371
grass,lawn_173273463.jpg,full,screen,scene,a photo of screen.,0.391701
grass,lawn_173273463.jpg,reticle,grass,plant,a photo of Poaceae.,0.504441
grass,lawn_173273463.jpg,reticle,oak,plant,a photo of Quercus.,0.311131
grass,lawn_173273463.jpg,reticle,fern,plant,a photo of Polypodiopsida.,0.365880
grass,lawn_173273463.jpg,reticle,clover,plant,a photo of Trifolium.,0.363207
grass,lawn_173273463.jpg,reticle,pine,plant,a photo of Pinus.,0.332719
grass,lawn_173273463.jpg,reticle,dandelion,plant,a photo of Taraxacum.,0.363036
grass,lawn_173273463.jpg,reticle,poison ivy,hazard,a photo of Toxicodendron radicans.,0.363133
grass,lawn_173273463.jpg,reticle,poison oak,hazard,a photo of Toxicodendron pubescens.,0.369375
grass,lawn_173273463.jpg,reticle,poison sumac,hazard,a photo of Toxicodendron vernix.,0.216464
grass,lawn_173273463.jpg,reticle,pokeweed,hazard,a photo of Phytolacca americana.,0.349884
grass,lawn_173273463.jpg,reticle,Carolina horsenettle,hazard,a photo of Solanum carolinense.,0.382263
grass,lawn_173273463.jpg,reticle,lawn,scene,a photo of lawn.,0.577144
grass,lawn_173273463.jpg,reticle,field,scene,a photo of field.,0.365058
grass,lawn_173273463.jpg,reticle,weedy garden bed,scene,a photo of weedy garden bed.,0.363353
grass,lawn_173273463.jpg,reticle,pavement,scene,a photo of pavement.,0.349140
grass,lawn_173273463.jpg,reticle,person,scene,a photo of person.,0.362735
grass,lawn_173273463.jpg,reticle,screen,scene,a photo of screen.,0.381884
grass,lawn_316745594.jpg,full,grass,plant,a photo of Poaceae.,0.484174
grass,lawn_316745594.jpg,full,oak,plant,a photo of Quercus.,0.289412
grass,lawn_316745594.jpg,full,fern,plant,a photo of Polypodiopsida.,0.311329
grass,lawn_316745594.jpg,full,clover,plant,a photo of Trifolium.,0.301840
grass,lawn_316745594.jpg,full,pine,plant,a photo of Pinus.,0.268323
grass,lawn_316745594.jpg,full,dandelion,plant,a photo of Taraxacum.,0.292522
grass,lawn_316745594.jpg,full,poison ivy,hazard,a photo of Toxicodendron radicans.,0.353976
grass,lawn_316745594.jpg,full,poison oak,hazard,a photo of Toxicodendron pubescens.,0.289196
grass,lawn_316745594.jpg,full,poison sumac,hazard,a photo of Toxicodendron vernix.,0.250481
grass,lawn_316745594.jpg,full,pokeweed,hazard,a photo of Phytolacca americana.,0.356299
grass,lawn_316745594.jpg,full,Carolina horsenettle,hazard,a photo of Solanum carolinense.,0.395614
grass,lawn_316745594.jpg,full,lawn,scene,a photo of lawn.,0.471562
grass,lawn_316745594.jpg,full,field,scene,a photo of field.,0.297920
grass,lawn_316745594.jpg,full,weedy garden bed,scene,a photo of weedy garden bed.,0.331745
grass,lawn_316745594.jpg,full,pavement,scene,a photo of pavement.,0.353085
grass,lawn_316745594.jpg,full,person,scene,a photo of person.,0.323806
grass,lawn_316745594.jpg,full,screen,scene,a photo of screen.,0.322038
grass,lawn_316745594.jpg,reticle,grass,plant,a photo of Poaceae.,0.455476
grass,lawn_316745594.jpg,reticle,oak,plant,a photo of Quercus.,0.273049
grass,lawn_316745594.jpg,reticle,fern,plant,a photo of Polypodiopsida.,0.321956
grass,lawn_316745594.jpg,reticle,clover,plant,a photo of Trifolium.,0.305477
grass,lawn_316745594.jpg,reticle,pine,plant,a photo of Pinus.,0.242989
grass,lawn_316745594.jpg,reticle,dandelion,plant,a photo of Taraxacum.,0.317074
grass,lawn_316745594.jpg,reticle,poison ivy,hazard,a photo of Toxicodendron radicans.,0.353579
grass,lawn_316745594.jpg,reticle,poison oak,hazard,a photo of Toxicodendron pubescens.,0.310933
grass,lawn_316745594.jpg,reticle,poison sumac,hazard,a photo of Toxicodendron vernix.,0.242883
grass,lawn_316745594.jpg,reticle,pokeweed,hazard,a photo of Phytolacca americana.,0.364360
grass,lawn_316745594.jpg,reticle,Carolina horsenettle,hazard,a photo of Solanum carolinense.,0.417522
grass,lawn_316745594.jpg,reticle,lawn,scene,a photo of lawn.,0.475276
grass,lawn_316745594.jpg,reticle,field,scene,a photo of field.,0.332660
grass,lawn_316745594.jpg,reticle,weedy garden bed,scene,a photo of weedy garden bed.,0.372707
grass,lawn_316745594.jpg,reticle,pavement,scene,a photo of pavement.,0.374683
grass,lawn_316745594.jpg,reticle,person,scene,a photo of person.,0.354209
grass,lawn_316745594.jpg,reticle,screen,scene,a photo of screen.,0.328060
grass,lawn_336602143.jpg,full,grass,plant,a photo of Poaceae.,0.385925
grass,lawn_336602143.jpg,full,oak,plant,a photo of Quercus.,0.327829
grass,lawn_336602143.jpg,full,fern,plant,a photo of Polypodiopsida.,0.304699
grass,lawn_336602143.jpg,full,clover,plant,a photo of Trifolium.,0.324546
grass,lawn_336602143.jpg,full,pine,plant,a photo of Pinus.,0.355604
grass,lawn_336602143.jpg,full,dandelion,plant,a photo of Taraxacum.,0.299950
grass,lawn_336602143.jpg,full,poison ivy,hazard,a photo of Toxicodendron radicans.,0.417489
grass,lawn_336602143.jpg,full,poison oak,hazard,a photo of Toxicodendron pubescens.,0.413167
grass,lawn_336602143.jpg,full,poison sumac,hazard,a photo of Toxicodendron vernix.,0.321680
grass,lawn_336602143.jpg,full,pokeweed,hazard,a photo of Phytolacca americana.,0.342246
grass,lawn_336602143.jpg,full,Carolina horsenettle,hazard,a photo of Solanum carolinense.,0.363871
grass,lawn_336602143.jpg,full,lawn,scene,a photo of lawn.,0.332971
grass,lawn_336602143.jpg,full,field,scene,a photo of field.,0.317297
grass,lawn_336602143.jpg,full,weedy garden bed,scene,a photo of weedy garden bed.,0.293749
grass,lawn_336602143.jpg,full,pavement,scene,a photo of pavement.,0.342800
grass,lawn_336602143.jpg,full,person,scene,a photo of person.,0.304301
grass,lawn_336602143.jpg,full,screen,scene,a photo of screen.,0.325796
grass,lawn_336602143.jpg,reticle,grass,plant,a photo of Poaceae.,0.388163
grass,lawn_336602143.jpg,reticle,oak,plant,a photo of Quercus.,0.307255
grass,lawn_336602143.jpg,reticle,fern,plant,a photo of Polypodiopsida.,0.306036
grass,lawn_336602143.jpg,reticle,clover,plant,a photo of Trifolium.,0.331262
grass,lawn_336602143.jpg,reticle,pine,plant,a photo of Pinus.,0.338864
grass,lawn_336602143.jpg,reticle,dandelion,plant,a photo of Taraxacum.,0.330039
grass,lawn_336602143.jpg,reticle,poison ivy,hazard,a photo of Toxicodendron radicans.,0.441924
grass,lawn_336602143.jpg,reticle,poison oak,hazard,a photo of Toxicodendron pubescens.,0.432936
grass,lawn_336602143.jpg,reticle,poison sumac,hazard,a photo of Toxicodendron vernix.,0.359398
grass,lawn_336602143.jpg,reticle,pokeweed,hazard,a photo of Phytolacca americana.,0.366611
grass,lawn_336602143.jpg,reticle,Carolina horsenettle,hazard,a photo of Solanum carolinense.,0.380413
grass,lawn_336602143.jpg,reticle,lawn,scene,a photo of lawn.,0.326920
grass,lawn_336602143.jpg,reticle,field,scene,a photo of field.,0.308774
grass,lawn_336602143.jpg,reticle,weedy garden bed,scene,a photo of weedy garden bed.,0.290095
grass,lawn_336602143.jpg,reticle,pavement,scene,a photo of pavement.,0.339489
grass,lawn_336602143.jpg,reticle,person,scene,a photo of person.,0.328744
grass,lawn_336602143.jpg,reticle,screen,scene,a photo of screen.,0.334476
grass,lawn_125107257.jpg,full,grass,plant,a photo of Poaceae.,0.404908
grass,lawn_125107257.jpg,full,oak,plant,a photo of Quercus.,0.329540
grass,lawn_125107257.jpg,full,fern,plant,a photo of Polypodiopsida.,0.342287
grass,lawn_125107257.jpg,full,clover,plant,a photo of Trifolium.,0.366275
grass,lawn_125107257.jpg,full,pine,plant,a photo of Pinus.,0.341384
grass,lawn_125107257.jpg,full,dandelion,plant,a photo of Taraxacum.,0.345841
grass,lawn_125107257.jpg,full,poison ivy,hazard,a photo of Toxicodendron radicans.,0.380605
grass,lawn_125107257.jpg,full,poison oak,hazard,a photo of Toxicodendron pubescens.,0.371891
grass,lawn_125107257.jpg,full,poison sumac,hazard,a photo of Toxicodendron vernix.,0.336239
grass,lawn_125107257.jpg,full,pokeweed,hazard,a photo of Phytolacca americana.,0.346234
grass,lawn_125107257.jpg,full,Carolina horsenettle,hazard,a photo of Solanum carolinense.,0.383605
grass,lawn_125107257.jpg,full,lawn,scene,a photo of lawn.,0.378339
grass,lawn_125107257.jpg,full,field,scene,a photo of field.,0.273331
grass,lawn_125107257.jpg,full,weedy garden bed,scene,a photo of weedy garden bed.,0.360649
grass,lawn_125107257.jpg,full,pavement,scene,a photo of pavement.,0.352866
grass,lawn_125107257.jpg,full,person,scene,a photo of person.,0.336128
grass,lawn_125107257.jpg,full,screen,scene,a photo of screen.,0.315801
grass,lawn_125107257.jpg,reticle,grass,plant,a photo of Poaceae.,0.355124
grass,lawn_125107257.jpg,reticle,oak,plant,a photo of Quercus.,0.233955
grass,lawn_125107257.jpg,reticle,fern,plant,a photo of Polypodiopsida.,0.317517
grass,lawn_125107257.jpg,reticle,clover,plant,a photo of Trifolium.,0.304212
grass,lawn_125107257.jpg,reticle,pine,plant,a photo of Pinus.,0.255829
grass,lawn_125107257.jpg,reticle,dandelion,plant,a photo of Taraxacum.,0.269424
grass,lawn_125107257.jpg,reticle,poison ivy,hazard,a photo of Toxicodendron radicans.,0.302663
grass,lawn_125107257.jpg,reticle,poison oak,hazard,a photo of Toxicodendron pubescens.,0.267019
grass,lawn_125107257.jpg,reticle,poison sumac,hazard,a photo of Toxicodendron vernix.,0.323873
grass,lawn_125107257.jpg,reticle,pokeweed,hazard,a photo of Phytolacca americana.,0.285902
grass,lawn_125107257.jpg,reticle,Carolina horsenettle,hazard,a photo of Solanum carolinense.,0.362720
grass,lawn_125107257.jpg,reticle,lawn,scene,a photo of lawn.,0.308862
grass,lawn_125107257.jpg,reticle,field,scene,a photo of field.,0.256258
grass,lawn_125107257.jpg,reticle,weedy garden bed,scene,a photo of weedy garden bed.,0.294262
grass,lawn_125107257.jpg,reticle,pavement,scene,a photo of pavement.,0.289826
grass,lawn_125107257.jpg,reticle,person,scene,a photo of person.,0.245405
grass,lawn_125107257.jpg,reticle,screen,scene,a photo of screen.,0.277153
grass,lawn_341810778.jpg,full,grass,plant,a photo of Poaceae.,0.438215
grass,lawn_341810778.jpg,full,oak,plant,a photo of Quercus.,0.288191
grass,lawn_341810778.jpg,full,fern,plant,a photo of Polypodiopsida.,0.336280
grass,lawn_341810778.jpg,full,clover,plant,a photo of Trifolium.,0.323360
grass,lawn_341810778.jpg,full,pine,plant,a photo of Pinus.,0.371344
grass,lawn_341810778.jpg,full,dandelion,plant,a photo of Taraxacum.,0.272730
grass,lawn_341810778.jpg,full,poison ivy,hazard,a photo of Toxicodendron radicans.,0.249897
grass,lawn_341810778.jpg,full,poison oak,hazard,a photo of Toxicodendron pubescens.,0.268602
grass,lawn_341810778.jpg,full,poison sumac,hazard,a photo of Toxicodendron vernix.,0.204462
grass,lawn_341810778.jpg,full,pokeweed,hazard,a photo of Phytolacca americana.,0.189747
grass,lawn_341810778.jpg,full,Carolina horsenettle,hazard,a photo of Solanum carolinense.,0.237321
grass,lawn_341810778.jpg,full,lawn,scene,a photo of lawn.,0.367495
grass,lawn_341810778.jpg,full,field,scene,a photo of field.,0.336135
grass,lawn_341810778.jpg,full,weedy garden bed,scene,a photo of weedy garden bed.,0.304999
grass,lawn_341810778.jpg,full,pavement,scene,a photo of pavement.,0.341111
grass,lawn_341810778.jpg,full,person,scene,a photo of person.,0.342389
grass,lawn_341810778.jpg,full,screen,scene,a photo of screen.,0.367687
grass,lawn_341810778.jpg,reticle,grass,plant,a photo of Poaceae.,0.483963
grass,lawn_341810778.jpg,reticle,oak,plant,a photo of Quercus.,0.339728
grass,lawn_341810778.jpg,reticle,fern,plant,a photo of Polypodiopsida.,0.360698
grass,lawn_341810778.jpg,reticle,clover,plant,a photo of Trifolium.,0.363750
grass,lawn_341810778.jpg,reticle,pine,plant,a photo of Pinus.,0.407060
grass,lawn_341810778.jpg,reticle,dandelion,plant,a photo of Taraxacum.,0.315158
grass,lawn_341810778.jpg,reticle,poison ivy,hazard,a photo of Toxicodendron radicans.,0.302254
grass,lawn_341810778.jpg,reticle,poison oak,hazard,a photo of Toxicodendron pubescens.,0.294373
grass,lawn_341810778.jpg,reticle,poison sumac,hazard,a photo of Toxicodendron vernix.,0.238673
grass,lawn_341810778.jpg,reticle,pokeweed,hazard,a photo of Phytolacca americana.,0.272090
grass,lawn_341810778.jpg,reticle,Carolina horsenettle,hazard,a photo of Solanum carolinense.,0.304553
grass,lawn_341810778.jpg,reticle,lawn,scene,a photo of lawn.,0.408269
grass,lawn_341810778.jpg,reticle,field,scene,a photo of field.,0.369903
grass,lawn_341810778.jpg,reticle,weedy garden bed,scene,a photo of weedy garden bed.,0.331431
grass,lawn_341810778.jpg,reticle,pavement,scene,a photo of pavement.,0.369386
grass,lawn_341810778.jpg,reticle,person,scene,a photo of person.,0.351691
grass,lawn_341810778.jpg,reticle,screen,scene,a photo of screen.,0.382307
grass,lawn_250873860.jpg,full,grass,plant,a photo of Poaceae.,0.433496
grass,lawn_250873860.jpg,full,oak,plant,a photo of Quercus.,0.343958
grass,lawn_250873860.jpg,full,fern,plant,a photo of Polypodiopsida.,0.359164
grass,lawn_250873860.jpg,full,clover,plant,a photo of Trifolium.,0.397168
grass,lawn_250873860.jpg,full,pine,plant,a photo of Pinus.,0.360015
grass,lawn_250873860.jpg,full,dandelion,plant,a photo of Taraxacum.,0.317965
grass,lawn_250873860.jpg,full,poison ivy,hazard,a photo of Toxicodendron radicans.,0.336569
grass,lawn_250873860.jpg,full,poison oak,hazard,a photo of Toxicodendron pubescens.,0.366121
grass,lawn_250873860.jpg,full,poison sumac,hazard,a photo of Toxicodendron vernix.,0.359437
grass,lawn_250873860.jpg,full,pokeweed,hazard,a photo of Phytolacca americana.,0.305561
grass,lawn_250873860.jpg,full,Carolina horsenettle,hazard,a photo of Solanum carolinense.,0.295608
grass,lawn_250873860.jpg,full,lawn,scene,a photo of lawn.,0.408108
grass,lawn_250873860.jpg,full,field,scene,a photo of field.,0.295783
grass,lawn_250873860.jpg,full,weedy garden bed,scene,a photo of weedy garden bed.,0.385067
grass,lawn_250873860.jpg,full,pavement,scene,a photo of pavement.,0.375317
grass,lawn_250873860.jpg,full,person,scene,a photo of person.,0.399004
grass,lawn_250873860.jpg,full,screen,scene,a photo of screen.,0.381471
grass,lawn_250873860.jpg,reticle,grass,plant,a photo of Poaceae.,0.530703
grass,lawn_250873860.jpg,reticle,oak,plant,a photo of Quercus.,0.358006
grass,lawn_250873860.jpg,reticle,fern,plant,a photo of Polypodiopsida.,0.370789
grass,lawn_250873860.jpg,reticle,clover,plant,a photo of Trifolium.,0.395656
grass,lawn_250873860.jpg,reticle,pine,plant,a photo of Pinus.,0.368970
grass,lawn_250873860.jpg,reticle,dandelion,plant,a photo of Taraxacum.,0.339354
grass,lawn_250873860.jpg,reticle,poison ivy,hazard,a photo of Toxicodendron radicans.,0.335060
grass,lawn_250873860.jpg,reticle,poison oak,hazard,a photo of Toxicodendron pubescens.,0.337894
grass,lawn_250873860.jpg,reticle,poison sumac,hazard,a photo of Toxicodendron vernix.,0.336166
grass,lawn_250873860.jpg,reticle,pokeweed,hazard,a photo of Phytolacca americana.,0.288787
grass,lawn_250873860.jpg,reticle,Carolina horsenettle,hazard,a photo of Solanum carolinense.,0.334781
grass,lawn_250873860.jpg,reticle,lawn,scene,a photo of lawn.,0.461342
grass,lawn_250873860.jpg,reticle,field,scene,a photo of field.,0.350087
grass,lawn_250873860.jpg,reticle,weedy garden bed,scene,a photo of weedy garden bed.,0.388879
grass,lawn_250873860.jpg,reticle,pavement,scene,a photo of pavement.,0.401501
grass,lawn_250873860.jpg,reticle,person,scene,a photo of person.,0.421646
grass,lawn_250873860.jpg,reticle,screen,scene,a photo of screen.,0.411985
grass,lawn_250390361.jpg,full,grass,plant,a photo of Poaceae.,0.577882
grass,lawn_250390361.jpg,full,oak,plant,a photo of Quercus.,0.329387
grass,lawn_250390361.jpg,full,fern,plant,a photo of Polypodiopsida.,0.350613
grass,lawn_250390361.jpg,full,clover,plant,a photo of Trifolium.,0.383670
grass,lawn_250390361.jpg,full,pine,plant,a photo of Pinus.,0.332778
grass,lawn_250390361.jpg,full,dandelion,plant,a photo of Taraxacum.,0.351309
grass,lawn_250390361.jpg,full,poison ivy,hazard,a photo of Toxicodendron radicans.,0.317085
grass,lawn_250390361.jpg,full,poison oak,hazard,a photo of Toxicodendron pubescens.,0.307532
grass,lawn_250390361.jpg,full,poison sumac,hazard,a photo of Toxicodendron vernix.,0.293427
grass,lawn_250390361.jpg,full,pokeweed,hazard,a photo of Phytolacca americana.,0.303522
grass,lawn_250390361.jpg,full,Carolina horsenettle,hazard,a photo of Solanum carolinense.,0.316520
grass,lawn_250390361.jpg,full,lawn,scene,a photo of lawn.,0.453254
grass,lawn_250390361.jpg,full,field,scene,a photo of field.,0.319600
grass,lawn_250390361.jpg,full,weedy garden bed,scene,a photo of weedy garden bed.,0.344057
grass,lawn_250390361.jpg,full,pavement,scene,a photo of pavement.,0.336038
grass,lawn_250390361.jpg,full,person,scene,a photo of person.,0.318054
grass,lawn_250390361.jpg,full,screen,scene,a photo of screen.,0.310254
grass,lawn_250390361.jpg,reticle,grass,plant,a photo of Poaceae.,0.556591
grass,lawn_250390361.jpg,reticle,oak,plant,a photo of Quercus.,0.357182
grass,lawn_250390361.jpg,reticle,fern,plant,a photo of Polypodiopsida.,0.353450
grass,lawn_250390361.jpg,reticle,clover,plant,a photo of Trifolium.,0.381832
grass,lawn_250390361.jpg,reticle,pine,plant,a photo of Pinus.,0.355642
grass,lawn_250390361.jpg,reticle,dandelion,plant,a photo of Taraxacum.,0.333658
grass,lawn_250390361.jpg,reticle,poison ivy,hazard,a photo of Toxicodendron radicans.,0.306142
grass,lawn_250390361.jpg,reticle,poison oak,hazard,a photo of Toxicodendron pubescens.,0.292573
grass,lawn_250390361.jpg,reticle,poison sumac,hazard,a photo of Toxicodendron vernix.,0.304778
grass,lawn_250390361.jpg,reticle,pokeweed,hazard,a photo of Phytolacca americana.,0.243098
grass,lawn_250390361.jpg,reticle,Carolina horsenettle,hazard,a photo of Solanum carolinense.,0.282894
grass,lawn_250390361.jpg,reticle,lawn,scene,a photo of lawn.,0.436460
grass,lawn_250390361.jpg,reticle,field,scene,a photo of field.,0.307526
grass,lawn_250390361.jpg,reticle,weedy garden bed,scene,a photo of weedy garden bed.,0.339551
grass,lawn_250390361.jpg,reticle,pavement,scene,a photo of pavement.,0.354439
grass,lawn_250390361.jpg,reticle,person,scene,a photo of person.,0.326998
grass,lawn_250390361.jpg,reticle,screen,scene,a photo of screen.,0.345285
grass,lawn_368459775.jpg,full,grass,plant,a photo of Poaceae.,0.402523
grass,lawn_368459775.jpg,full,oak,plant,a photo of Quercus.,0.246361
grass,lawn_368459775.jpg,full,fern,plant,a photo of Polypodiopsida.,0.319688
grass,lawn_368459775.jpg,full,clover,plant,a photo of Trifolium.,0.381675
grass,lawn_368459775.jpg,full,pine,plant,a photo of Pinus.,0.298334
grass,lawn_368459775.jpg,full,dandelion,plant,a photo of Taraxacum.,0.383146
grass,lawn_368459775.jpg,full,poison ivy,hazard,a photo of Toxicodendron radicans.,0.281726
grass,lawn_368459775.jpg,full,poison oak,hazard,a photo of Toxicodendron pubescens.,0.207210
grass,lawn_368459775.jpg,full,poison sumac,hazard,a photo of Toxicodendron vernix.,0.180673
grass,lawn_368459775.jpg,full,pokeweed,hazard,a photo of Phytolacca americana.,0.289550
grass,lawn_368459775.jpg,full,Carolina horsenettle,hazard,a photo of Solanum carolinense.,0.273258
grass,lawn_368459775.jpg,full,lawn,scene,a photo of lawn.,0.367807
grass,lawn_368459775.jpg,full,field,scene,a photo of field.,0.305641
grass,lawn_368459775.jpg,full,weedy garden bed,scene,a photo of weedy garden bed.,0.277906
grass,lawn_368459775.jpg,full,pavement,scene,a photo of pavement.,0.352511
grass,lawn_368459775.jpg,full,person,scene,a photo of person.,0.292742
grass,lawn_368459775.jpg,full,screen,scene,a photo of screen.,0.279451
grass,lawn_368459775.jpg,reticle,grass,plant,a photo of Poaceae.,0.468912
grass,lawn_368459775.jpg,reticle,oak,plant,a photo of Quercus.,0.283776
grass,lawn_368459775.jpg,reticle,fern,plant,a photo of Polypodiopsida.,0.359911
grass,lawn_368459775.jpg,reticle,clover,plant,a photo of Trifolium.,0.396735
grass,lawn_368459775.jpg,reticle,pine,plant,a photo of Pinus.,0.349803
grass,lawn_368459775.jpg,reticle,dandelion,plant,a photo of Taraxacum.,0.368306
grass,lawn_368459775.jpg,reticle,poison ivy,hazard,a photo of Toxicodendron radicans.,0.288484
grass,lawn_368459775.jpg,reticle,poison oak,hazard,a photo of Toxicodendron pubescens.,0.230035
grass,lawn_368459775.jpg,reticle,poison sumac,hazard,a photo of Toxicodendron vernix.,0.237528
grass,lawn_368459775.jpg,reticle,pokeweed,hazard,a photo of Phytolacca americana.,0.320283
grass,lawn_368459775.jpg,reticle,Carolina horsenettle,hazard,a photo of Solanum carolinense.,0.275549
grass,lawn_368459775.jpg,reticle,lawn,scene,a photo of lawn.,0.398988
grass,lawn_368459775.jpg,reticle,field,scene,a photo of field.,0.347161
grass,lawn_368459775.jpg,reticle,weedy garden bed,scene,a photo of weedy garden bed.,0.309927
grass,lawn_368459775.jpg,reticle,pavement,scene,a photo of pavement.,0.376509
grass,lawn_368459775.jpg,reticle,person,scene,a photo of person.,0.320068
grass,lawn_368459775.jpg,reticle,screen,scene,a photo of screen.,0.314101
grass,lawn_187127381.jpg,full,grass,plant,a photo of Poaceae.,0.527838
grass,lawn_187127381.jpg,full,oak,plant,a photo of Quercus.,0.306166
grass,lawn_187127381.jpg,full,fern,plant,a photo of Polypodiopsida.,0.346118
grass,lawn_187127381.jpg,full,clover,plant,a photo of Trifolium.,0.342527
grass,lawn_187127381.jpg,full,pine,plant,a photo of Pinus.,0.281802
grass,lawn_187127381.jpg,full,dandelion,plant,a photo of Taraxacum.,0.345979
grass,lawn_187127381.jpg,full,poison ivy,hazard,a photo of Toxicodendron radicans.,0.292361
grass,lawn_187127381.jpg,full,poison oak,hazard,a photo of Toxicodendron pubescens.,0.212542
grass,lawn_187127381.jpg,full,poison sumac,hazard,a photo of Toxicodendron vernix.,0.238189
grass,lawn_187127381.jpg,full,pokeweed,hazard,a photo of Phytolacca americana.,0.277719
grass,lawn_187127381.jpg,full,Carolina horsenettle,hazard,a photo of Solanum carolinense.,0.308788
grass,lawn_187127381.jpg,full,lawn,scene,a photo of lawn.,0.407175
grass,lawn_187127381.jpg,full,field,scene,a photo of field.,0.310001
grass,lawn_187127381.jpg,full,weedy garden bed,scene,a photo of weedy garden bed.,0.207609
grass,lawn_187127381.jpg,full,pavement,scene,a photo of pavement.,0.306124
grass,lawn_187127381.jpg,full,person,scene,a photo of person.,0.273842
grass,lawn_187127381.jpg,full,screen,scene,a photo of screen.,0.300267
grass,lawn_187127381.jpg,reticle,grass,plant,a photo of Poaceae.,0.607005
grass,lawn_187127381.jpg,reticle,oak,plant,a photo of Quercus.,0.357067
grass,lawn_187127381.jpg,reticle,fern,plant,a photo of Polypodiopsida.,0.383920
grass,lawn_187127381.jpg,reticle,clover,plant,a photo of Trifolium.,0.407436
grass,lawn_187127381.jpg,reticle,pine,plant,a photo of Pinus.,0.334689
grass,lawn_187127381.jpg,reticle,dandelion,plant,a photo of Taraxacum.,0.380798
grass,lawn_187127381.jpg,reticle,poison ivy,hazard,a photo of Toxicodendron radicans.,0.298588
grass,lawn_187127381.jpg,reticle,poison oak,hazard,a photo of Toxicodendron pubescens.,0.251282
grass,lawn_187127381.jpg,reticle,poison sumac,hazard,a photo of Toxicodendron vernix.,0.268753
grass,lawn_187127381.jpg,reticle,pokeweed,hazard,a photo of Phytolacca americana.,0.274547
grass,lawn_187127381.jpg,reticle,Carolina horsenettle,hazard,a photo of Solanum carolinense.,0.301013
grass,lawn_187127381.jpg,reticle,lawn,scene,a photo of lawn.,0.502681
grass,lawn_187127381.jpg,reticle,field,scene,a photo of field.,0.378036
grass,lawn_187127381.jpg,reticle,weedy garden bed,scene,a photo of weedy garden bed.,0.293890
grass,lawn_187127381.jpg,reticle,pavement,scene,a photo of pavement.,0.359989
grass,lawn_187127381.jpg,reticle,person,scene,a photo of person.,0.331764
grass,lawn_187127381.jpg,reticle,screen,scene,a photo of screen.,0.367186
grass,lawn_46413391.jpg,full,grass,plant,a photo of Poaceae.,0.516922
grass,lawn_46413391.jpg,full,oak,plant,a photo of Quercus.,0.335070
grass,lawn_46413391.jpg,full,fern,plant,a photo of Polypodiopsida.,0.341770
grass,lawn_46413391.jpg,full,clover,plant,a photo of Trifolium.,0.386649
grass,lawn_46413391.jpg,full,pine,plant,a photo of Pinus.,0.307461
grass,lawn_46413391.jpg,full,dandelion,plant,a photo of Taraxacum.,0.394428
grass,lawn_46413391.jpg,full,poison ivy,hazard,a photo of Toxicodendron radicans.,0.309835
grass,lawn_46413391.jpg,full,poison oak,hazard,a photo of Toxicodendron pubescens.,0.259644
grass,lawn_46413391.jpg,full,poison sumac,hazard,a photo of Toxicodendron vernix.,0.263875
grass,lawn_46413391.jpg,full,pokeweed,hazard,a photo of Phytolacca americana.,0.293920
grass,lawn_46413391.jpg,full,Carolina horsenettle,hazard,a photo of Solanum carolinense.,0.340205
grass,lawn_46413391.jpg,full,lawn,scene,a photo of lawn.,0.456012
grass,lawn_46413391.jpg,full,field,scene,a photo of field.,0.335915
grass,lawn_46413391.jpg,full,weedy garden bed,scene,a photo of weedy garden bed.,0.261378
grass,lawn_46413391.jpg,full,pavement,scene,a photo of pavement.,0.374942
grass,lawn_46413391.jpg,full,person,scene,a photo of person.,0.346481
grass,lawn_46413391.jpg,full,screen,scene,a photo of screen.,0.286805
grass,lawn_46413391.jpg,reticle,grass,plant,a photo of Poaceae.,0.552819
grass,lawn_46413391.jpg,reticle,oak,plant,a photo of Quercus.,0.342565
grass,lawn_46413391.jpg,reticle,fern,plant,a photo of Polypodiopsida.,0.379482
grass,lawn_46413391.jpg,reticle,clover,plant,a photo of Trifolium.,0.389656
grass,lawn_46413391.jpg,reticle,pine,plant,a photo of Pinus.,0.325050
grass,lawn_46413391.jpg,reticle,dandelion,plant,a photo of Taraxacum.,0.378609
grass,lawn_46413391.jpg,reticle,poison ivy,hazard,a photo of Toxicodendron radicans.,0.321937
grass,lawn_46413391.jpg,reticle,poison oak,hazard,a photo of Toxicodendron pubescens.,0.281617
grass,lawn_46413391.jpg,reticle,poison sumac,hazard,a photo of Toxicodendron vernix.,0.262031
grass,lawn_46413391.jpg,reticle,pokeweed,hazard,a photo of Phytolacca americana.,0.331665
grass,lawn_46413391.jpg,reticle,Carolina horsenettle,hazard,a photo of Solanum carolinense.,0.386051
grass,lawn_46413391.jpg,reticle,lawn,scene,a photo of lawn.,0.510437
grass,lawn_46413391.jpg,reticle,field,scene,a photo of field.,0.371566
grass,lawn_46413391.jpg,reticle,weedy garden bed,scene,a photo of weedy garden bed.,0.322462
grass,lawn_46413391.jpg,reticle,pavement,scene,a photo of pavement.,0.375967
grass,lawn_46413391.jpg,reticle,person,scene,a photo of person.,0.350042
grass,lawn_46413391.jpg,reticle,screen,scene,a photo of screen.,0.333102
grass,lawn_65731819.jpg,full,grass,plant,a photo of Poaceae.,0.555905
grass,lawn_65731819.jpg,full,oak,plant,a photo of Quercus.,0.353955
grass,lawn_65731819.jpg,full,fern,plant,a photo of Polypodiopsida.,0.408828
grass,lawn_65731819.jpg,full,clover,plant,a photo of Trifolium.,0.381447
grass,lawn_65731819.jpg,full,pine,plant,a photo of Pinus.,0.354178
grass,lawn_65731819.jpg,full,dandelion,plant,a photo of Taraxacum.,0.373255
grass,lawn_65731819.jpg,full,poison ivy,hazard,a photo of Toxicodendron radicans.,0.344881
grass,lawn_65731819.jpg,full,poison oak,hazard,a photo of Toxicodendron pubescens.,0.305323
grass,lawn_65731819.jpg,full,poison sumac,hazard,a photo of Toxicodendron vernix.,0.354731
grass,lawn_65731819.jpg,full,pokeweed,hazard,a photo of Phytolacca americana.,0.315625
grass,lawn_65731819.jpg,full,Carolina horsenettle,hazard,a photo of Solanum carolinense.,0.400214
grass,lawn_65731819.jpg,full,lawn,scene,a photo of lawn.,0.467522
grass,lawn_65731819.jpg,full,field,scene,a photo of field.,0.396575
grass,lawn_65731819.jpg,full,weedy garden bed,scene,a photo of weedy garden bed.,0.326154
grass,lawn_65731819.jpg,full,pavement,scene,a photo of pavement.,0.403155
grass,lawn_65731819.jpg,full,person,scene,a photo of person.,0.378155
grass,lawn_65731819.jpg,full,screen,scene,a photo of screen.,0.386333
grass,lawn_65731819.jpg,reticle,grass,plant,a photo of Poaceae.,0.617141
grass,lawn_65731819.jpg,reticle,oak,plant,a photo of Quercus.,0.371941
grass,lawn_65731819.jpg,reticle,fern,plant,a photo of Polypodiopsida.,0.421346
grass,lawn_65731819.jpg,reticle,clover,plant,a photo of Trifolium.,0.399297
grass,lawn_65731819.jpg,reticle,pine,plant,a photo of Pinus.,0.361014
grass,lawn_65731819.jpg,reticle,dandelion,plant,a photo of Taraxacum.,0.361646
grass,lawn_65731819.jpg,reticle,poison ivy,hazard,a photo of Toxicodendron radicans.,0.356285
grass,lawn_65731819.jpg,reticle,poison oak,hazard,a photo of Toxicodendron pubescens.,0.333831
grass,lawn_65731819.jpg,reticle,poison sumac,hazard,a photo of Toxicodendron vernix.,0.310893
grass,lawn_65731819.jpg,reticle,pokeweed,hazard,a photo of Phytolacca americana.,0.322827
grass,lawn_65731819.jpg,reticle,Carolina horsenettle,hazard,a photo of Solanum carolinense.,0.419788
grass,lawn_65731819.jpg,reticle,lawn,scene,a photo of lawn.,0.511002
grass,lawn_65731819.jpg,reticle,field,scene,a photo of field.,0.392940
grass,lawn_65731819.jpg,reticle,weedy garden bed,scene,a photo of weedy garden bed.,0.360721
grass,lawn_65731819.jpg,reticle,pavement,scene,a photo of pavement.,0.396328
grass,lawn_65731819.jpg,reticle,person,scene,a photo of person.,0.351209
grass,lawn_65731819.jpg,reticle,screen,scene,a photo of screen.,0.328787
grass,lawn_197068291.jpg,full,grass,plant,a photo of Poaceae.,0.487561
grass,lawn_197068291.jpg,full,oak,plant,a photo of Quercus.,0.307372
grass,lawn_197068291.jpg,full,fern,plant,a photo of Polypodiopsida.,0.281915
grass,lawn_197068291.jpg,full,clover,plant,a photo of Trifolium.,0.365148
grass,lawn_197068291.jpg,full,pine,plant,a photo of Pinus.,0.258610
grass,lawn_197068291.jpg,full,dandelion,plant,a photo of Taraxacum.,0.321900
grass,lawn_197068291.jpg,full,poison ivy,hazard,a photo of Toxicodendron radicans.,0.246874
grass,lawn_197068291.jpg,full,poison oak,hazard,a photo of Toxicodendron pubescens.,0.200881
grass,lawn_197068291.jpg,full,poison sumac,hazard,a photo of Toxicodendron vernix.,0.169374
grass,lawn_197068291.jpg,full,pokeweed,hazard,a photo of Phytolacca americana.,0.212306
grass,lawn_197068291.jpg,full,Carolina horsenettle,hazard,a photo of Solanum carolinense.,0.275221
grass,lawn_197068291.jpg,full,lawn,scene,a photo of lawn.,0.363429
grass,lawn_197068291.jpg,full,field,scene,a photo of field.,0.299788
grass,lawn_197068291.jpg,full,weedy garden bed,scene,a photo of weedy garden bed.,0.225679
grass,lawn_197068291.jpg,full,pavement,scene,a photo of pavement.,0.278451
grass,lawn_197068291.jpg,full,person,scene,a photo of person.,0.250227
grass,lawn_197068291.jpg,full,screen,scene,a photo of screen.,0.268976
grass,lawn_197068291.jpg,reticle,grass,plant,a photo of Poaceae.,0.552957
grass,lawn_197068291.jpg,reticle,oak,plant,a photo of Quercus.,0.341955
grass,lawn_197068291.jpg,reticle,fern,plant,a photo of Polypodiopsida.,0.332516
grass,lawn_197068291.jpg,reticle,clover,plant,a photo of Trifolium.,0.397393
grass,lawn_197068291.jpg,reticle,pine,plant,a photo of Pinus.,0.312507
grass,lawn_197068291.jpg,reticle,dandelion,plant,a photo of Taraxacum.,0.336067
grass,lawn_197068291.jpg,reticle,poison ivy,hazard,a photo of Toxicodendron radicans.,0.251988
grass,lawn_197068291.jpg,reticle,poison oak,hazard,a photo of Toxicodendron pubescens.,0.212254
grass,lawn_197068291.jpg,reticle,poison sumac,hazard,a photo of Toxicodendron vernix.,0.190004
grass,lawn_197068291.jpg,reticle,pokeweed,hazard,a photo of Phytolacca americana.,0.240592
grass,lawn_197068291.jpg,reticle,Carolina horsenettle,hazard,a photo of Solanum carolinense.,0.280024
grass,lawn_197068291.jpg,reticle,lawn,scene,a photo of lawn.,0.409497
grass,lawn_197068291.jpg,reticle,field,scene,a photo of field.,0.361837
grass,lawn_197068291.jpg,reticle,weedy garden bed,scene,a photo of weedy garden bed.,0.255126
grass,lawn_197068291.jpg,reticle,pavement,scene,a photo of pavement.,0.331129
grass,lawn_197068291.jpg,reticle,person,scene,a photo of person.,0.303547
grass,lawn_197068291.jpg,reticle,screen,scene,a photo of screen.,0.326099
grass,lawn_226635883.jpg,full,grass,plant,a photo of Poaceae.,0.469158
grass,lawn_226635883.jpg,full,oak,plant,a photo of Quercus.,0.266260
grass,lawn_226635883.jpg,full,fern,plant,a photo of Polypodiopsida.,0.282795
grass,lawn_226635883.jpg,full,clover,plant,a photo of Trifolium.,0.358309
grass,lawn_226635883.jpg,full,pine,plant,a photo of Pinus.,0.276069
grass,lawn_226635883.jpg,full,dandelion,plant,a photo of Taraxacum.,0.327210
grass,lawn_226635883.jpg,full,poison ivy,hazard,a photo of Toxicodendron radicans.,0.293502
grass,lawn_226635883.jpg,full,poison oak,hazard,a photo of Toxicodendron pubescens.,0.262397
grass,lawn_226635883.jpg,full,poison sumac,hazard,a photo of Toxicodendron vernix.,0.145909
grass,lawn_226635883.jpg,full,pokeweed,hazard,a photo of Phytolacca americana.,0.328654
grass,lawn_226635883.jpg,full,Carolina horsenettle,hazard,a photo of Solanum carolinense.,0.324860
grass,lawn_226635883.jpg,full,lawn,scene,a photo of lawn.,0.494718
grass,lawn_226635883.jpg,full,field,scene,a photo of field.,0.320513
grass,lawn_226635883.jpg,full,weedy garden bed,scene,a photo of weedy garden bed.,0.306893
grass,lawn_226635883.jpg,full,pavement,scene,a photo of pavement.,0.382599
grass,lawn_226635883.jpg,full,person,scene,a photo of person.,0.331281
grass,lawn_226635883.jpg,full,screen,scene,a photo of screen.,0.331005
grass,lawn_226635883.jpg,reticle,grass,plant,a photo of Poaceae.,0.440274
grass,lawn_226635883.jpg,reticle,oak,plant,a photo of Quercus.,0.271864
grass,lawn_226635883.jpg,reticle,fern,plant,a photo of Polypodiopsida.,0.263841
grass,lawn_226635883.jpg,reticle,clover,plant,a photo of Trifolium.,0.342155
grass,lawn_226635883.jpg,reticle,pine,plant,a photo of Pinus.,0.278008
grass,lawn_226635883.jpg,reticle,dandelion,plant,a photo of Taraxacum.,0.324069
grass,lawn_226635883.jpg,reticle,poison ivy,hazard,a photo of Toxicodendron radicans.,0.315492
grass,lawn_226635883.jpg,reticle,poison oak,hazard,a photo of Toxicodendron pubescens.,0.277489
grass,lawn_226635883.jpg,reticle,poison sumac,hazard,a photo of Toxicodendron vernix.,0.152854
grass,lawn_226635883.jpg,reticle,pokeweed,hazard,a photo of Phytolacca americana.,0.318331
grass,lawn_226635883.jpg,reticle,Carolina horsenettle,hazard,a photo of Solanum carolinense.,0.363647
grass,lawn_226635883.jpg,reticle,lawn,scene,a photo of lawn.,0.500745
grass,lawn_226635883.jpg,reticle,field,scene,a photo of field.,0.318579
grass,lawn_226635883.jpg,reticle,weedy garden bed,scene,a photo of weedy garden bed.,0.308811
grass,lawn_226635883.jpg,reticle,pavement,scene,a photo of pavement.,0.363254
grass,lawn_226635883.jpg,reticle,person,scene,a photo of person.,0.298000
grass,lawn_226635883.jpg,reticle,screen,scene,a photo of screen.,0.334542
grass,lawn_103738138.jpg,full,grass,plant,a photo of Poaceae.,0.401845
grass,lawn_103738138.jpg,full,oak,plant,a photo of Quercus.,0.180911
grass,lawn_103738138.jpg,full,fern,plant,a photo of Polypodiopsida.,0.327526
grass,lawn_103738138.jpg,full,clover,plant,a photo of Trifolium.,0.274218
grass,lawn_103738138.jpg,full,pine,plant,a photo of Pinus.,0.233977
grass,lawn_103738138.jpg,full,dandelion,plant,a photo of Taraxacum.,0.261235
grass,lawn_103738138.jpg,full,poison ivy,hazard,a photo of Toxicodendron radicans.,0.312197
grass,lawn_103738138.jpg,full,poison oak,hazard,a photo of Toxicodendron pubescens.,0.223431
grass,lawn_103738138.jpg,full,poison sumac,hazard,a photo of Toxicodendron vernix.,0.280221
grass,lawn_103738138.jpg,full,pokeweed,hazard,a photo of Phytolacca americana.,0.297010
grass,lawn_103738138.jpg,full,Carolina horsenettle,hazard,a photo of Solanum carolinense.,0.294615
grass,lawn_103738138.jpg,full,lawn,scene,a photo of lawn.,0.409274
grass,lawn_103738138.jpg,full,field,scene,a photo of field.,0.269399
grass,lawn_103738138.jpg,full,weedy garden bed,scene,a photo of weedy garden bed.,0.227600
grass,lawn_103738138.jpg,full,pavement,scene,a photo of pavement.,0.321999
grass,lawn_103738138.jpg,full,person,scene,a photo of person.,0.258494
grass,lawn_103738138.jpg,full,screen,scene,a photo of screen.,0.264515
grass,lawn_103738138.jpg,reticle,grass,plant,a photo of Poaceae.,0.399649
grass,lawn_103738138.jpg,reticle,oak,plant,a photo of Quercus.,0.170834
grass,lawn_103738138.jpg,reticle,fern,plant,a photo of Polypodiopsida.,0.294011
grass,lawn_103738138.jpg,reticle,clover,plant,a photo of Trifolium.,0.246075
grass,lawn_103738138.jpg,reticle,pine,plant,a photo of Pinus.,0.223939
grass,lawn_103738138.jpg,reticle,dandelion,plant,a photo of Taraxacum.,0.234406
grass,lawn_103738138.jpg,reticle,poison ivy,hazard,a photo of Toxicodendron radicans.,0.320162
grass,lawn_103738138.jpg,reticle,poison oak,hazard,a photo of Toxicodendron pubescens.,0.205273
grass,lawn_103738138.jpg,reticle,poison sumac,hazard,a photo of Toxicodendron vernix.,0.308702
grass,lawn_103738138.jpg,reticle,pokeweed,hazard,a photo of Phytolacca americana.,0.279409
grass,lawn_103738138.jpg,reticle,Carolina horsenettle,hazard,a photo of Solanum carolinense.,0.298252
grass,lawn_103738138.jpg,reticle,lawn,scene,a photo of lawn.,0.362363
grass,lawn_103738138.jpg,reticle,field,scene,a photo of field.,0.224180
grass,lawn_103738138.jpg,reticle,weedy garden bed,scene,a photo of weedy garden bed.,0.162404
grass,lawn_103738138.jpg,reticle,pavement,scene,a photo of pavement.,0.272445
grass,lawn_103738138.jpg,reticle,person,scene,a photo of person.,0.218685
grass,lawn_103738138.jpg,reticle,screen,scene,a photo of screen.,0.222376
grass,lawn_212637121.jpg,full,grass,plant,a photo of Poaceae.,0.457289
grass,lawn_212637121.jpg,full,oak,plant,a photo of Quercus.,0.299767
grass,lawn_212637121.jpg,full,fern,plant,a photo of Polypodiopsida.,0.316881
grass,lawn_212637121.jpg,full,clover,plant,a photo of Trifolium.,0.394798
grass,lawn_212637121.jpg,full,pine,plant,a photo of Pinus.,0.329863
grass,lawn_212637121.jpg,full,dandelion,plant,a photo of Taraxacum.,0.354062
grass,lawn_212637121.jpg,full,poison ivy,hazard,a photo of Toxicodendron radicans.,0.310903
grass,lawn_212637121.jpg,full,poison oak,hazard,a photo of Toxicodendron pubescens.,0.275410
grass,lawn_212637121.jpg,full,poison sumac,hazard,a photo of Toxicodendron vernix.,0.147940
grass,lawn_212637121.jpg,full,pokeweed,hazard,a photo of Phytolacca americana.,0.343518
grass,lawn_212637121.jpg,full,Carolina horsenettle,hazard,a photo of Solanum carolinense.,0.332598
grass,lawn_212637121.jpg,full,lawn,scene,a photo of lawn.,0.518018
grass,lawn_212637121.jpg,full,field,scene,a photo of field.,0.367697
grass,lawn_212637121.jpg,full,weedy garden bed,scene,a photo of weedy garden bed.,0.366237
grass,lawn_212637121.jpg,full,pavement,scene,a photo of pavement.,0.365199
grass,lawn_212637121.jpg,full,person,scene,a photo of person.,0.349143
grass,lawn_212637121.jpg,full,screen,scene,a photo of screen.,0.390348
grass,lawn_212637121.jpg,reticle,grass,plant,a photo of Poaceae.,0.461181
grass,lawn_212637121.jpg,reticle,oak,plant,a photo of Quercus.,0.284935
grass,lawn_212637121.jpg,reticle,fern,plant,a photo of Polypodiopsida.,0.325421
grass,lawn_212637121.jpg,reticle,clover,plant,a photo of Trifolium.,0.415078
grass,lawn_212637121.jpg,reticle,pine,plant,a photo of Pinus.,0.334053
grass,lawn_212637121.jpg,reticle,dandelion,plant,a photo of Taraxacum.,0.341434
grass,lawn_212637121.jpg,reticle,poison ivy,hazard,a photo of Toxicodendron radicans.,0.291753
grass,lawn_212637121.jpg,reticle,poison oak,hazard,a photo of Toxicodendron pubescens.,0.295096
grass,lawn_212637121.jpg,reticle,poison sumac,hazard,a photo of Toxicodendron vernix.,0.146510
grass,lawn_212637121.jpg,reticle,pokeweed,hazard,a photo of Phytolacca americana.,0.345836
grass,lawn_212637121.jpg,reticle,Carolina horsenettle,hazard,a photo of Solanum carolinense.,0.331745
grass,lawn_212637121.jpg,reticle,lawn,scene,a photo of lawn.,0.509845
grass,lawn_212637121.jpg,reticle,field,scene,a photo of field.,0.393238
grass,lawn_212637121.jpg,reticle,weedy garden bed,scene,a photo of weedy garden bed.,0.427415
grass,lawn_212637121.jpg,reticle,pavement,scene,a photo of pavement.,0.370435
grass,lawn_212637121.jpg,reticle,person,scene,a photo of person.,0.363069
grass,lawn_212637121.jpg,reticle,screen,scene,a photo of screen.,0.392595
grass,lawn_90616877.jpg,full,grass,plant,a photo of Poaceae.,0.437918
grass,lawn_90616877.jpg,full,oak,plant,a photo of Quercus.,0.213941
grass,lawn_90616877.jpg,full,fern,plant,a photo of Polypodiopsida.,0.288256
grass,lawn_90616877.jpg,full,clover,plant,a photo of Trifolium.,0.297949
grass,lawn_90616877.jpg,full,pine,plant,a photo of Pinus.,0.217982
grass,lawn_90616877.jpg,full,dandelion,plant,a photo of Taraxacum.,0.285001
grass,lawn_90616877.jpg,full,poison ivy,hazard,a photo of Toxicodendron radicans.,0.299239
grass,lawn_90616877.jpg,full,poison oak,hazard,a photo of Toxicodendron pubescens.,0.268788
grass,lawn_90616877.jpg,full,poison sumac,hazard,a photo of Toxicodendron vernix.,0.227787
grass,lawn_90616877.jpg,full,pokeweed,hazard,a photo of Phytolacca americana.,0.352475
grass,lawn_90616877.jpg,full,Carolina horsenettle,hazard,a photo of Solanum carolinense.,0.384190
grass,lawn_90616877.jpg,full,lawn,scene,a photo of lawn.,0.444322
grass,lawn_90616877.jpg,full,field,scene,a photo of field.,0.280408
grass,lawn_90616877.jpg,full,weedy garden bed,scene,a photo of weedy garden bed.,0.327055
grass,lawn_90616877.jpg,full,pavement,scene,a photo of pavement.,0.316332
grass,lawn_90616877.jpg,full,person,scene,a photo of person.,0.269997
grass,lawn_90616877.jpg,full,screen,scene,a photo of screen.,0.305051
grass,lawn_90616877.jpg,reticle,grass,plant,a photo of Poaceae.,0.415721
grass,lawn_90616877.jpg,reticle,oak,plant,a photo of Quercus.,0.222960
grass,lawn_90616877.jpg,reticle,fern,plant,a photo of Polypodiopsida.,0.286685
grass,lawn_90616877.jpg,reticle,clover,plant,a photo of Trifolium.,0.295521
grass,lawn_90616877.jpg,reticle,pine,plant,a photo of Pinus.,0.232759
grass,lawn_90616877.jpg,reticle,dandelion,plant,a photo of Taraxacum.,0.278561
grass,lawn_90616877.jpg,reticle,poison ivy,hazard,a photo of Toxicodendron radicans.,0.318299
grass,lawn_90616877.jpg,reticle,poison oak,hazard,a photo of Toxicodendron pubescens.,0.267069
grass,lawn_90616877.jpg,reticle,poison sumac,hazard,a photo of Toxicodendron vernix.,0.263100
grass,lawn_90616877.jpg,reticle,pokeweed,hazard,a photo of Phytolacca americana.,0.339070
grass,lawn_90616877.jpg,reticle,Carolina horsenettle,hazard,a photo of Solanum carolinense.,0.375725
grass,lawn_90616877.jpg,reticle,lawn,scene,a photo of lawn.,0.403591
grass,lawn_90616877.jpg,reticle,field,scene,a photo of field.,0.275619
grass,lawn_90616877.jpg,reticle,weedy garden bed,scene,a photo of weedy garden bed.,0.345224
grass,lawn_90616877.jpg,reticle,pavement,scene,a photo of pavement.,0.334096
grass,lawn_90616877.jpg,reticle,person,scene,a photo of person.,0.282677
grass,lawn_90616877.jpg,reticle,screen,scene,a photo of screen.,0.290759
label-format,white_oak_211670015.jpg,full,grass,plant,a photo of Poaceae.,0.251880
label-format,white_oak_211670015.jpg,full,oak,plant,a photo of Quercus.,0.477667
label-format,white_oak_211670015.jpg,full,fern,plant,a photo of Polypodiopsida.,0.231633
label-format,white_oak_211670015.jpg,full,clover,plant,a photo of Trifolium.,0.220856
label-format,white_oak_211670015.jpg,full,pine,plant,a photo of Pinus.,0.266700
label-format,white_oak_211670015.jpg,full,dandelion,plant,a photo of Taraxacum.,0.263035
label-format,white_oak_211670015.jpg,full,poison ivy,hazard,a photo of Toxicodendron radicans.,0.392408
label-format,white_oak_211670015.jpg,full,poison oak,hazard,a photo of Toxicodendron pubescens.,0.456133
label-format,white_oak_211670015.jpg,full,poison sumac,hazard,a photo of Toxicodendron vernix.,0.347275
label-format,white_oak_211670015.jpg,full,pokeweed,hazard,a photo of Phytolacca americana.,0.370351
label-format,white_oak_211670015.jpg,full,Carolina horsenettle,hazard,a photo of Solanum carolinense.,0.391890
label-format,white_oak_211670015.jpg,full,lawn,scene,a photo of lawn.,0.195165
label-format,white_oak_211670015.jpg,full,field,scene,a photo of field.,0.185605
label-format,white_oak_211670015.jpg,full,weedy garden bed,scene,a photo of weedy garden bed.,0.160025
label-format,white_oak_211670015.jpg,full,pavement,scene,a photo of pavement.,0.203498
label-format,white_oak_211670015.jpg,full,person,scene,a photo of person.,0.274197
label-format,white_oak_211670015.jpg,full,screen,scene,a photo of screen.,0.283516
label-format,white_oak_211670015.jpg,reticle,grass,plant,a photo of Poaceae.,0.302427
label-format,white_oak_211670015.jpg,reticle,oak,plant,a photo of Quercus.,0.493883
label-format,white_oak_211670015.jpg,reticle,fern,plant,a photo of Polypodiopsida.,0.303264
label-format,white_oak_211670015.jpg,reticle,clover,plant,a photo of Trifolium.,0.245111
label-format,white_oak_211670015.jpg,reticle,pine,plant,a photo of Pinus.,0.298326
label-format,white_oak_211670015.jpg,reticle,dandelion,plant,a photo of Taraxacum.,0.291544
label-format,white_oak_211670015.jpg,reticle,poison ivy,hazard,a photo of Toxicodendron radicans.,0.396928
label-format,white_oak_211670015.jpg,reticle,poison oak,hazard,a photo of Toxicodendron pubescens.,0.453603
label-format,white_oak_211670015.jpg,reticle,poison sumac,hazard,a photo of Toxicodendron vernix.,0.372580
label-format,white_oak_211670015.jpg,reticle,pokeweed,hazard,a photo of Phytolacca americana.,0.384711
label-format,white_oak_211670015.jpg,reticle,Carolina horsenettle,hazard,a photo of Solanum carolinense.,0.395743
label-format,white_oak_211670015.jpg,reticle,lawn,scene,a photo of lawn.,0.225120
label-format,white_oak_211670015.jpg,reticle,field,scene,a photo of field.,0.251792
label-format,white_oak_211670015.jpg,reticle,weedy garden bed,scene,a photo of weedy garden bed.,0.208789
label-format,white_oak_211670015.jpg,reticle,pavement,scene,a photo of pavement.,0.251904
label-format,white_oak_211670015.jpg,reticle,person,scene,a photo of person.,0.335590
label-format,white_oak_211670015.jpg,reticle,screen,scene,a photo of screen.,0.314452
fixture,red_oak_363799243.jpg,full,grass,plant,a photo of Poaceae.,0.226984
fixture,red_oak_363799243.jpg,full,oak,plant,a photo of Quercus.,0.519902
fixture,red_oak_363799243.jpg,full,fern,plant,a photo of Polypodiopsida.,0.221094
fixture,red_oak_363799243.jpg,full,clover,plant,a photo of Trifolium.,0.209772
fixture,red_oak_363799243.jpg,full,pine,plant,a photo of Pinus.,0.283049
fixture,red_oak_363799243.jpg,full,dandelion,plant,a photo of Taraxacum.,0.304820
fixture,red_oak_363799243.jpg,full,poison ivy,hazard,a photo of Toxicodendron radicans.,0.344492
fixture,red_oak_363799243.jpg,full,poison oak,hazard,a photo of Toxicodendron pubescens.,0.375283
fixture,red_oak_363799243.jpg,full,poison sumac,hazard,a photo of Toxicodendron vernix.,0.293772
fixture,red_oak_363799243.jpg,full,pokeweed,hazard,a photo of Phytolacca americana.,0.342609
fixture,red_oak_363799243.jpg,full,Carolina horsenettle,hazard,a photo of Solanum carolinense.,0.382783
fixture,red_oak_363799243.jpg,full,lawn,scene,a photo of lawn.,0.163140
fixture,red_oak_363799243.jpg,full,field,scene,a photo of field.,0.187333
fixture,red_oak_363799243.jpg,full,weedy garden bed,scene,a photo of weedy garden bed.,0.150714
fixture,red_oak_363799243.jpg,full,pavement,scene,a photo of pavement.,0.173471
fixture,red_oak_363799243.jpg,full,person,scene,a photo of person.,0.186908
fixture,red_oak_363799243.jpg,full,screen,scene,a photo of screen.,0.253310
fixture,red_oak_363799243.jpg,reticle,grass,plant,a photo of Poaceae.,0.317647
fixture,red_oak_363799243.jpg,reticle,oak,plant,a photo of Quercus.,0.572167
fixture,red_oak_363799243.jpg,reticle,fern,plant,a photo of Polypodiopsida.,0.333389
fixture,red_oak_363799243.jpg,reticle,clover,plant,a photo of Trifolium.,0.273872
fixture,red_oak_363799243.jpg,reticle,pine,plant,a photo of Pinus.,0.324832
fixture,red_oak_363799243.jpg,reticle,dandelion,plant,a photo of Taraxacum.,0.388042
fixture,red_oak_363799243.jpg,reticle,poison ivy,hazard,a photo of Toxicodendron radicans.,0.396863
fixture,red_oak_363799243.jpg,reticle,poison oak,hazard,a photo of Toxicodendron pubescens.,0.433549
fixture,red_oak_363799243.jpg,reticle,poison sumac,hazard,a photo of Toxicodendron vernix.,0.338145
fixture,red_oak_363799243.jpg,reticle,pokeweed,hazard,a photo of Phytolacca americana.,0.458088
fixture,red_oak_363799243.jpg,reticle,Carolina horsenettle,hazard,a photo of Solanum carolinense.,0.504532
fixture,red_oak_363799243.jpg,reticle,lawn,scene,a photo of lawn.,0.267921
fixture,red_oak_363799243.jpg,reticle,field,scene,a photo of field.,0.297666
fixture,red_oak_363799243.jpg,reticle,weedy garden bed,scene,a photo of weedy garden bed.,0.283075
fixture,red_oak_363799243.jpg,reticle,pavement,scene,a photo of pavement.,0.260253
fixture,red_oak_363799243.jpg,reticle,person,scene,a photo of person.,0.278900
fixture,red_oak_363799243.jpg,reticle,screen,scene,a photo of screen.,0.345686
plant,oak_398522729.jpg,full,grass,plant,a photo of Poaceae.,0.252254
plant,oak_398522729.jpg,full,oak,plant,a photo of Quercus.,0.547704
plant,oak_398522729.jpg,full,fern,plant,a photo of Polypodiopsida.,0.218601
plant,oak_398522729.jpg,full,clover,plant,a photo of Trifolium.,0.260406
plant,oak_398522729.jpg,full,pine,plant,a photo of Pinus.,0.272627
plant,oak_398522729.jpg,full,dandelion,plant,a photo of Taraxacum.,0.288610
plant,oak_398522729.jpg,full,poison ivy,hazard,a photo of Toxicodendron radicans.,0.324612
plant,oak_398522729.jpg,full,poison oak,hazard,a photo of Toxicodendron pubescens.,0.396626
plant,oak_398522729.jpg,full,poison sumac,hazard,a photo of Toxicodendron vernix.,0.247233
plant,oak_398522729.jpg,full,pokeweed,hazard,a photo of Phytolacca americana.,0.309760
plant,oak_398522729.jpg,full,Carolina horsenettle,hazard,a photo of Solanum carolinense.,0.340411
plant,oak_398522729.jpg,full,lawn,scene,a photo of lawn.,0.249749
plant,oak_398522729.jpg,full,field,scene,a photo of field.,0.238427
plant,oak_398522729.jpg,full,weedy garden bed,scene,a photo of weedy garden bed.,0.218940
plant,oak_398522729.jpg,full,pavement,scene,a photo of pavement.,0.242203
plant,oak_398522729.jpg,full,person,scene,a photo of person.,0.310871
plant,oak_398522729.jpg,full,screen,scene,a photo of screen.,0.342161
plant,oak_398522729.jpg,reticle,grass,plant,a photo of Poaceae.,0.264016
plant,oak_398522729.jpg,reticle,oak,plant,a photo of Quercus.,0.532839
plant,oak_398522729.jpg,reticle,fern,plant,a photo of Polypodiopsida.,0.236509
plant,oak_398522729.jpg,reticle,clover,plant,a photo of Trifolium.,0.231533
plant,oak_398522729.jpg,reticle,pine,plant,a photo of Pinus.,0.260693
plant,oak_398522729.jpg,reticle,dandelion,plant,a photo of Taraxacum.,0.267378
plant,oak_398522729.jpg,reticle,poison ivy,hazard,a photo of Toxicodendron radicans.,0.354909
plant,oak_398522729.jpg,reticle,poison oak,hazard,a photo of Toxicodendron pubescens.,0.440273
plant,oak_398522729.jpg,reticle,poison sumac,hazard,a photo of Toxicodendron vernix.,0.266922
plant,oak_398522729.jpg,reticle,pokeweed,hazard,a photo of Phytolacca americana.,0.351631
plant,oak_398522729.jpg,reticle,Carolina horsenettle,hazard,a photo of Solanum carolinense.,0.385951
plant,oak_398522729.jpg,reticle,lawn,scene,a photo of lawn.,0.276990
plant,oak_398522729.jpg,reticle,field,scene,a photo of field.,0.255826
plant,oak_398522729.jpg,reticle,weedy garden bed,scene,a photo of weedy garden bed.,0.224923
plant,oak_398522729.jpg,reticle,pavement,scene,a photo of pavement.,0.243372
plant,oak_398522729.jpg,reticle,person,scene,a photo of person.,0.299753
plant,oak_398522729.jpg,reticle,screen,scene,a photo of screen.,0.359612
plant,oak_398522443.jpg,full,grass,plant,a photo of Poaceae.,0.310640
plant,oak_398522443.jpg,full,oak,plant,a photo of Quercus.,0.567289
plant,oak_398522443.jpg,full,fern,plant,a photo of Polypodiopsida.,0.305463
plant,oak_398522443.jpg,full,clover,plant,a photo of Trifolium.,0.344059
plant,oak_398522443.jpg,full,pine,plant,a photo of Pinus.,0.416374
plant,oak_398522443.jpg,full,dandelion,plant,a photo of Taraxacum.,0.302484
plant,oak_398522443.jpg,full,poison ivy,hazard,a photo of Toxicodendron radicans.,0.340152
plant,oak_398522443.jpg,full,poison oak,hazard,a photo of Toxicodendron pubescens.,0.382244
plant,oak_398522443.jpg,full,poison sumac,hazard,a photo of Toxicodendron vernix.,0.380132
plant,oak_398522443.jpg,full,pokeweed,hazard,a photo of Phytolacca americana.,0.352075
plant,oak_398522443.jpg,full,Carolina horsenettle,hazard,a photo of Solanum carolinense.,0.307106
plant,oak_398522443.jpg,full,lawn,scene,a photo of lawn.,0.225428
plant,oak_398522443.jpg,full,field,scene,a photo of field.,0.242701
plant,oak_398522443.jpg,full,weedy garden bed,scene,a photo of weedy garden bed.,0.225179
plant,oak_398522443.jpg,full,pavement,scene,a photo of pavement.,0.273495
plant,oak_398522443.jpg,full,person,scene,a photo of person.,0.327598
plant,oak_398522443.jpg,full,screen,scene,a photo of screen.,0.377143
plant,oak_398522443.jpg,reticle,grass,plant,a photo of Poaceae.,0.322752
plant,oak_398522443.jpg,reticle,oak,plant,a photo of Quercus.,0.549276
plant,oak_398522443.jpg,reticle,fern,plant,a photo of Polypodiopsida.,0.317578
plant,oak_398522443.jpg,reticle,clover,plant,a photo of Trifolium.,0.326364
plant,oak_398522443.jpg,reticle,pine,plant,a photo of Pinus.,0.402771
plant,oak_398522443.jpg,reticle,dandelion,plant,a photo of Taraxacum.,0.316431
plant,oak_398522443.jpg,reticle,poison ivy,hazard,a photo of Toxicodendron radicans.,0.391326
plant,oak_398522443.jpg,reticle,poison oak,hazard,a photo of Toxicodendron pubescens.,0.439400
plant,oak_398522443.jpg,reticle,poison sumac,hazard,a photo of Toxicodendron vernix.,0.451881
plant,oak_398522443.jpg,reticle,pokeweed,hazard,a photo of Phytolacca americana.,0.417839
plant,oak_398522443.jpg,reticle,Carolina horsenettle,hazard,a photo of Solanum carolinense.,0.363163
plant,oak_398522443.jpg,reticle,lawn,scene,a photo of lawn.,0.281645
plant,oak_398522443.jpg,reticle,field,scene,a photo of field.,0.306016
plant,oak_398522443.jpg,reticle,weedy garden bed,scene,a photo of weedy garden bed.,0.219754
plant,oak_398522443.jpg,reticle,pavement,scene,a photo of pavement.,0.312019
plant,oak_398522443.jpg,reticle,person,scene,a photo of person.,0.365327
plant,oak_398522443.jpg,reticle,screen,scene,a photo of screen.,0.465985
plant,oak_43604874.jpg,full,grass,plant,a photo of Poaceae.,0.279785
plant,oak_43604874.jpg,full,oak,plant,a photo of Quercus.,0.531269
plant,oak_43604874.jpg,full,fern,plant,a photo of Polypodiopsida.,0.263885
plant,oak_43604874.jpg,full,clover,plant,a photo of Trifolium.,0.256017
plant,oak_43604874.jpg,full,pine,plant,a photo of Pinus.,0.313134
plant,oak_43604874.jpg,full,dandelion,plant,a photo of Taraxacum.,0.281452
plant,oak_43604874.jpg,full,poison ivy,hazard,a photo of Toxicodendron radicans.,0.373335
plant,oak_43604874.jpg,full,poison oak,hazard,a photo of Toxicodendron pubescens.,0.454940
plant,oak_43604874.jpg,full,poison sumac,hazard,a photo of Toxicodendron vernix.,0.259761
plant,oak_43604874.jpg,full,pokeweed,hazard,a photo of Phytolacca americana.,0.341052
plant,oak_43604874.jpg,full,Carolina horsenettle,hazard,a photo of Solanum carolinense.,0.356716
plant,oak_43604874.jpg,full,lawn,scene,a photo of lawn.,0.249805
plant,oak_43604874.jpg,full,field,scene,a photo of field.,0.244196
plant,oak_43604874.jpg,full,weedy garden bed,scene,a photo of weedy garden bed.,0.232952
plant,oak_43604874.jpg,full,pavement,scene,a photo of pavement.,0.242102
plant,oak_43604874.jpg,full,person,scene,a photo of person.,0.293852
plant,oak_43604874.jpg,full,screen,scene,a photo of screen.,0.344482
plant,oak_43604874.jpg,reticle,grass,plant,a photo of Poaceae.,0.278128
plant,oak_43604874.jpg,reticle,oak,plant,a photo of Quercus.,0.492875
plant,oak_43604874.jpg,reticle,fern,plant,a photo of Polypodiopsida.,0.260330
plant,oak_43604874.jpg,reticle,clover,plant,a photo of Trifolium.,0.247487
plant,oak_43604874.jpg,reticle,pine,plant,a photo of Pinus.,0.302583
plant,oak_43604874.jpg,reticle,dandelion,plant,a photo of Taraxacum.,0.268017
plant,oak_43604874.jpg,reticle,poison ivy,hazard,a photo of Toxicodendron radicans.,0.353941
plant,oak_43604874.jpg,reticle,poison oak,hazard,a photo of Toxicodendron pubescens.,0.445599
plant,oak_43604874.jpg,reticle,poison sumac,hazard,a photo of Toxicodendron vernix.,0.238760
plant,oak_43604874.jpg,reticle,pokeweed,hazard,a photo of Phytolacca americana.,0.343071
plant,oak_43604874.jpg,reticle,Carolina horsenettle,hazard,a photo of Solanum carolinense.,0.368569
plant,oak_43604874.jpg,reticle,lawn,scene,a photo of lawn.,0.245112
plant,oak_43604874.jpg,reticle,field,scene,a photo of field.,0.229015
plant,oak_43604874.jpg,reticle,weedy garden bed,scene,a photo of weedy garden bed.,0.209903
plant,oak_43604874.jpg,reticle,pavement,scene,a photo of pavement.,0.236724
plant,oak_43604874.jpg,reticle,person,scene,a photo of person.,0.281727
plant,oak_43604874.jpg,reticle,screen,scene,a photo of screen.,0.333631
plant,oak_309119391.jpg,full,grass,plant,a photo of Poaceae.,0.260634
plant,oak_309119391.jpg,full,oak,plant,a photo of Quercus.,0.450335
plant,oak_309119391.jpg,full,fern,plant,a photo of Polypodiopsida.,0.254169
plant,oak_309119391.jpg,full,clover,plant,a photo of Trifolium.,0.256046
plant,oak_309119391.jpg,full,pine,plant,a photo of Pinus.,0.315480
plant,oak_309119391.jpg,full,dandelion,plant,a photo of Taraxacum.,0.260809
plant,oak_309119391.jpg,full,poison ivy,hazard,a photo of Toxicodendron radicans.,0.349750
plant,oak_309119391.jpg,full,poison oak,hazard,a photo of Toxicodendron pubescens.,0.436486
plant,oak_309119391.jpg,full,poison sumac,hazard,a photo of Toxicodendron vernix.,0.318969
plant,oak_309119391.jpg,full,pokeweed,hazard,a photo of Phytolacca americana.,0.372041
plant,oak_309119391.jpg,full,Carolina horsenettle,hazard,a photo of Solanum carolinense.,0.371976
plant,oak_309119391.jpg,full,lawn,scene,a photo of lawn.,0.210097
plant,oak_309119391.jpg,full,field,scene,a photo of field.,0.221319
plant,oak_309119391.jpg,full,weedy garden bed,scene,a photo of weedy garden bed.,0.172491
plant,oak_309119391.jpg,full,pavement,scene,a photo of pavement.,0.243090
plant,oak_309119391.jpg,full,person,scene,a photo of person.,0.272430
plant,oak_309119391.jpg,full,screen,scene,a photo of screen.,0.309591
plant,oak_309119391.jpg,reticle,grass,plant,a photo of Poaceae.,0.303704
plant,oak_309119391.jpg,reticle,oak,plant,a photo of Quercus.,0.375539
plant,oak_309119391.jpg,reticle,fern,plant,a photo of Polypodiopsida.,0.330289
plant,oak_309119391.jpg,reticle,clover,plant,a photo of Trifolium.,0.286726
plant,oak_309119391.jpg,reticle,pine,plant,a photo of Pinus.,0.304878
plant,oak_309119391.jpg,reticle,dandelion,plant,a photo of Taraxacum.,0.295180
plant,oak_309119391.jpg,reticle,poison ivy,hazard,a photo of Toxicodendron radicans.,0.353863
plant,oak_309119391.jpg,reticle,poison oak,hazard,a photo of Toxicodendron pubescens.,0.364193
plant,oak_309119391.jpg,reticle,poison sumac,hazard,a photo of Toxicodendron vernix.,0.387129
plant,oak_309119391.jpg,reticle,pokeweed,hazard,a photo of Phytolacca americana.,0.409626
plant,oak_309119391.jpg,reticle,Carolina horsenettle,hazard,a photo of Solanum carolinense.,0.385820
plant,oak_309119391.jpg,reticle,lawn,scene,a photo of lawn.,0.353271
plant,oak_309119391.jpg,reticle,field,scene,a photo of field.,0.345862
plant,oak_309119391.jpg,reticle,weedy garden bed,scene,a photo of weedy garden bed.,0.362788
plant,oak_309119391.jpg,reticle,pavement,scene,a photo of pavement.,0.363730
plant,oak_309119391.jpg,reticle,person,scene,a photo of person.,0.448687
plant,oak_309119391.jpg,reticle,screen,scene,a photo of screen.,0.428458
plant,oak_53007204.jpg,full,grass,plant,a photo of Poaceae.,0.254854
plant,oak_53007204.jpg,full,oak,plant,a photo of Quercus.,0.495622
plant,oak_53007204.jpg,full,fern,plant,a photo of Polypodiopsida.,0.233895
plant,oak_53007204.jpg,full,clover,plant,a photo of Trifolium.,0.250788
plant,oak_53007204.jpg,full,pine,plant,a photo of Pinus.,0.305395
plant,oak_53007204.jpg,full,dandelion,plant,a photo of Taraxacum.,0.286115
plant,oak_53007204.jpg,full,poison ivy,hazard,a photo of Toxicodendron radicans.,0.342799
plant,oak_53007204.jpg,full,poison oak,hazard,a photo of Toxicodendron pubescens.,0.351210
plant,oak_53007204.jpg,full,poison sumac,hazard,a photo of Toxicodendron vernix.,0.269316
plant,oak_53007204.jpg,full,pokeweed,hazard,a photo of Phytolacca americana.,0.306070
plant,oak_53007204.jpg,full,Carolina horsenettle,hazard,a photo of Solanum carolinense.,0.291199
plant,oak_53007204.jpg,full,lawn,scene,a photo of lawn.,0.231736
plant,oak_53007204.jpg,full,field,scene,a photo of field.,0.244618
plant,oak_53007204.jpg,full,weedy garden bed,scene,a photo of weedy garden bed.,0.213940
plant,oak_53007204.jpg,full,pavement,scene,a photo of pavement.,0.255218
plant,oak_53007204.jpg,full,person,scene,a photo of person.,0.241077
plant,oak_53007204.jpg,full,screen,scene,a photo of screen.,0.314102
plant,oak_53007204.jpg,reticle,grass,plant,a photo of Poaceae.,0.315919
plant,oak_53007204.jpg,reticle,oak,plant,a photo of Quercus.,0.515876
plant,oak_53007204.jpg,reticle,fern,plant,a photo of Polypodiopsida.,0.280184
plant,oak_53007204.jpg,reticle,clover,plant,a photo of Trifolium.,0.294381
plant,oak_53007204.jpg,reticle,pine,plant,a photo of Pinus.,0.351496
plant,oak_53007204.jpg,reticle,dandelion,plant,a photo of Taraxacum.,0.317644
plant,oak_53007204.jpg,reticle,poison ivy,hazard,a photo of Toxicodendron radicans.,0.348351
plant,oak_53007204.jpg,reticle,poison oak,hazard,a photo of Toxicodendron pubescens.,0.359230
plant,oak_53007204.jpg,reticle,poison sumac,hazard,a photo of Toxicodendron vernix.,0.290097
plant,oak_53007204.jpg,reticle,pokeweed,hazard,a photo of Phytolacca americana.,0.340383
plant,oak_53007204.jpg,reticle,Carolina horsenettle,hazard,a photo of Solanum carolinense.,0.320069
plant,oak_53007204.jpg,reticle,lawn,scene,a photo of lawn.,0.266834
plant,oak_53007204.jpg,reticle,field,scene,a photo of field.,0.285786
plant,oak_53007204.jpg,reticle,weedy garden bed,scene,a photo of weedy garden bed.,0.248470
plant,oak_53007204.jpg,reticle,pavement,scene,a photo of pavement.,0.283364
plant,oak_53007204.jpg,reticle,person,scene,a photo of person.,0.264259
plant,oak_53007204.jpg,reticle,screen,scene,a photo of screen.,0.340421
plant,oak_318311909.jpg,full,grass,plant,a photo of Poaceae.,0.379618
plant,oak_318311909.jpg,full,oak,plant,a photo of Quercus.,0.526545
plant,oak_318311909.jpg,full,fern,plant,a photo of Polypodiopsida.,0.344694
plant,oak_318311909.jpg,full,clover,plant,a photo of Trifolium.,0.356651
plant,oak_318311909.jpg,full,pine,plant,a photo of Pinus.,0.393159
plant,oak_318311909.jpg,full,dandelion,plant,a photo of Taraxacum.,0.355854
plant,oak_318311909.jpg,full,poison ivy,hazard,a photo of Toxicodendron radicans.,0.391479
plant,oak_318311909.jpg,full,poison oak,hazard,a photo of Toxicodendron pubescens.,0.325723
plant,oak_318311909.jpg,full,poison sumac,hazard,a photo of Toxicodendron vernix.,0.301493
plant,oak_318311909.jpg,full,pokeweed,hazard,a photo of Phytolacca americana.,0.334160
plant,oak_318311909.jpg,full,Carolina horsenettle,hazard,a photo of Solanum carolinense.,0.321135
plant,oak_318311909.jpg,full,lawn,scene,a photo of lawn.,0.443839
plant,oak_318311909.jpg,full,field,scene,a photo of field.,0.389793
plant,oak_318311909.jpg,full,weedy garden bed,scene,a photo of weedy garden bed.,0.341802
plant,oak_318311909.jpg,full,pavement,scene,a photo of pavement.,0.351721
plant,oak_318311909.jpg,full,person,scene,a photo of person.,0.406221
plant,oak_318311909.jpg,full,screen,scene,a photo of screen.,0.499147
plant,oak_318311909.jpg,reticle,grass,plant,a photo of Poaceae.,0.396447
plant,oak_318311909.jpg,reticle,oak,plant,a photo of Quercus.,0.482518
plant,oak_318311909.jpg,reticle,fern,plant,a photo of Polypodiopsida.,0.379647
plant,oak_318311909.jpg,reticle,clover,plant,a photo of Trifolium.,0.355095
plant,oak_318311909.jpg,reticle,pine,plant,a photo of Pinus.,0.402729
plant,oak_318311909.jpg,reticle,dandelion,plant,a photo of Taraxacum.,0.355399
plant,oak_318311909.jpg,reticle,poison ivy,hazard,a photo of Toxicodendron radicans.,0.401595
plant,oak_318311909.jpg,reticle,poison oak,hazard,a photo of Toxicodendron pubescens.,0.334555
plant,oak_318311909.jpg,reticle,poison sumac,hazard,a photo of Toxicodendron vernix.,0.372160
plant,oak_318311909.jpg,reticle,pokeweed,hazard,a photo of Phytolacca americana.,0.369267
plant,oak_318311909.jpg,reticle,Carolina horsenettle,hazard,a photo of Solanum carolinense.,0.358038
plant,oak_318311909.jpg,reticle,lawn,scene,a photo of lawn.,0.444150
plant,oak_318311909.jpg,reticle,field,scene,a photo of field.,0.435389
plant,oak_318311909.jpg,reticle,weedy garden bed,scene,a photo of weedy garden bed.,0.366844
plant,oak_318311909.jpg,reticle,pavement,scene,a photo of pavement.,0.378622
plant,oak_318311909.jpg,reticle,person,scene,a photo of person.,0.415478
plant,oak_318311909.jpg,reticle,screen,scene,a photo of screen.,0.524329
plant,oak_363790437.jpg,full,grass,plant,a photo of Poaceae.,0.246014
plant,oak_363790437.jpg,full,oak,plant,a photo of Quercus.,0.482314
plant,oak_363790437.jpg,full,fern,plant,a photo of Polypodiopsida.,0.224463
plant,oak_363790437.jpg,full,clover,plant,a photo of Trifolium.,0.244902
plant,oak_363790437.jpg,full,pine,plant,a photo of Pinus.,0.307844
plant,oak_363790437.jpg,full,dandelion,plant,a photo of Taraxacum.,0.283097
plant,oak_363790437.jpg,full,poison ivy,hazard,a photo of Toxicodendron radicans.,0.375049
plant,oak_363790437.jpg,full,poison oak,hazard,a photo of Toxicodendron pubescens.,0.433061
plant,oak_363790437.jpg,full,poison sumac,hazard,a photo of Toxicodendron vernix.,0.289554
plant,oak_363790437.jpg,full,pokeweed,hazard,a photo of Phytolacca americana.,0.352321
plant,oak_363790437.jpg,full,Carolina horsenettle,hazard,a photo of Solanum carolinense.,0.399842
plant,oak_363790437.jpg,full,lawn,scene,a photo of lawn.,0.174853
plant,oak_363790437.jpg,full,field,scene,a photo of field.,0.190288
plant,oak_363790437.jpg,full,weedy garden bed,scene,a photo of weedy garden bed.,0.185060
plant,oak_363790437.jpg,full,pavement,scene,a photo of pavement.,0.210467
plant,oak_363790437.jpg,full,person,scene,a photo of person.,0.207897
plant,oak_363790437.jpg,full,screen,scene,a photo of screen.,0.272601
plant,oak_363790437.jpg,reticle,grass,plant,a photo of Poaceae.,0.331264
plant,oak_363790437.jpg,reticle,oak,plant,a photo of Quercus.,0.515338
plant,oak_363790437.jpg,reticle,fern,plant,a photo of Polypodiopsida.,0.314877
plant,oak_363790437.jpg,reticle,clover,plant,a photo of Trifolium.,0.312623
plant,oak_363790437.jpg,reticle,pine,plant,a photo of Pinus.,0.358269
plant,oak_363790437.jpg,reticle,dandelion,plant,a photo of Taraxacum.,0.341640
plant,oak_363790437.jpg,reticle,poison ivy,hazard,a photo of Toxicodendron radicans.,0.391273
plant,oak_363790437.jpg,reticle,poison oak,hazard,a photo of Toxicodendron pubescens.,0.441087
plant,oak_363790437.jpg,reticle,poison sumac,hazard,a photo of Toxicodendron vernix.,0.336641
plant,oak_363790437.jpg,reticle,pokeweed,hazard,a photo of Phytolacca americana.,0.388483
plant,oak_363790437.jpg,reticle,Carolina horsenettle,hazard,a photo of Solanum carolinense.,0.420040
plant,oak_363790437.jpg,reticle,lawn,scene,a photo of lawn.,0.243408
plant,oak_363790437.jpg,reticle,field,scene,a photo of field.,0.283716
plant,oak_363790437.jpg,reticle,weedy garden bed,scene,a photo of weedy garden bed.,0.282739
plant,oak_363790437.jpg,reticle,pavement,scene,a photo of pavement.,0.300499
plant,oak_363790437.jpg,reticle,person,scene,a photo of person.,0.284245
plant,oak_363790437.jpg,reticle,screen,scene,a photo of screen.,0.322150
plant,oak_328991174.jpg,full,grass,plant,a photo of Poaceae.,0.216368
plant,oak_328991174.jpg,full,oak,plant,a photo of Quercus.,0.504664
plant,oak_328991174.jpg,full,fern,plant,a photo of Polypodiopsida.,0.197318
plant,oak_328991174.jpg,full,clover,plant,a photo of Trifolium.,0.195387
plant,oak_328991174.jpg,full,pine,plant,a photo of Pinus.,0.260619
plant,oak_328991174.jpg,full,dandelion,plant,a photo of Taraxacum.,0.283370
plant,oak_328991174.jpg,full,poison ivy,hazard,a photo of Toxicodendron radicans.,0.336530
plant,oak_328991174.jpg,full,poison oak,hazard,a photo of Toxicodendron pubescens.,0.300616
plant,oak_328991174.jpg,full,poison sumac,hazard,a photo of Toxicodendron vernix.,0.300551
plant,oak_328991174.jpg,full,pokeweed,hazard,a photo of Phytolacca americana.,0.299340
plant,oak_328991174.jpg,full,Carolina horsenettle,hazard,a photo of Solanum carolinense.,0.316318
plant,oak_328991174.jpg,full,lawn,scene,a photo of lawn.,0.162784
plant,oak_328991174.jpg,full,field,scene,a photo of field.,0.191477
plant,oak_328991174.jpg,full,weedy garden bed,scene,a photo of weedy garden bed.,0.137274
plant,oak_328991174.jpg,full,pavement,scene,a photo of pavement.,0.202331
plant,oak_328991174.jpg,full,person,scene,a photo of person.,0.206270
plant,oak_328991174.jpg,full,screen,scene,a photo of screen.,0.260019
plant,oak_328991174.jpg,reticle,grass,plant,a photo of Poaceae.,0.248537
plant,oak_328991174.jpg,reticle,oak,plant,a photo of Quercus.,0.549530
plant,oak_328991174.jpg,reticle,fern,plant,a photo of Polypodiopsida.,0.230507
plant,oak_328991174.jpg,reticle,clover,plant,a photo of Trifolium.,0.248910
plant,oak_328991174.jpg,reticle,pine,plant,a photo of Pinus.,0.324600
plant,oak_328991174.jpg,reticle,dandelion,plant,a photo of Taraxacum.,0.316198
plant,oak_328991174.jpg,reticle,poison ivy,hazard,a photo of Toxicodendron radicans.,0.321022
plant,oak_328991174.jpg,reticle,poison oak,hazard,a photo of Toxicodendron pubescens.,0.348748
plant,oak_328991174.jpg,reticle,poison sumac,hazard,a photo of Toxicodendron vernix.,0.312126
plant,oak_328991174.jpg,reticle,pokeweed,hazard,a photo of Phytolacca americana.,0.294294
plant,oak_328991174.jpg,reticle,Carolina horsenettle,hazard,a photo of Solanum carolinense.,0.319781
plant,oak_328991174.jpg,reticle,lawn,scene,a photo of lawn.,0.202601
plant,oak_328991174.jpg,reticle,field,scene,a photo of field.,0.229402
plant,oak_328991174.jpg,reticle,weedy garden bed,scene,a photo of weedy garden bed.,0.200304
plant,oak_328991174.jpg,reticle,pavement,scene,a photo of pavement.,0.236172
plant,oak_328991174.jpg,reticle,person,scene,a photo of person.,0.265855
plant,oak_328991174.jpg,reticle,screen,scene,a photo of screen.,0.313856
plant,oak_314494391.jpg,full,grass,plant,a photo of Poaceae.,0.269153
plant,oak_314494391.jpg,full,oak,plant,a photo of Quercus.,0.473584
plant,oak_314494391.jpg,full,fern,plant,a photo of Polypodiopsida.,0.243274
plant,oak_314494391.jpg,full,clover,plant,a photo of Trifolium.,0.287802
plant,oak_314494391.jpg,full,pine,plant,a photo of Pinus.,0.329142
plant,oak_314494391.jpg,full,dandelion,plant,a photo of Taraxacum.,0.273903
plant,oak_314494391.jpg,full,poison ivy,hazard,a photo of Toxicodendron radicans.,0.341792
plant,oak_314494391.jpg,full,poison oak,hazard,a photo of Toxicodendron pubescens.,0.424808
plant,oak_314494391.jpg,full,poison sumac,hazard,a photo of Toxicodendron vernix.,0.270613
plant,oak_314494391.jpg,full,pokeweed,hazard,a photo of Phytolacca americana.,0.346931
plant,oak_314494391.jpg,full,Carolina horsenettle,hazard,a photo of Solanum carolinense.,0.384384
plant,oak_314494391.jpg,full,lawn,scene,a photo of lawn.,0.172853
plant,oak_314494391.jpg,full,field,scene,a photo of field.,0.205113
plant,oak_314494391.jpg,full,weedy garden bed,scene,a photo of weedy garden bed.,0.206740
plant,oak_314494391.jpg,full,pavement,scene,a photo of pavement.,0.229186
plant,oak_314494391.jpg,full,person,scene,a photo of person.,0.242959
plant,oak_314494391.jpg,full,screen,scene,a photo of screen.,0.278829
plant,oak_314494391.jpg,reticle,grass,plant,a photo of Poaceae.,0.282982
plant,oak_314494391.jpg,reticle,oak,plant,a photo of Quercus.,0.482315
plant,oak_314494391.jpg,reticle,fern,plant,a photo of Polypodiopsida.,0.275790
plant,oak_314494391.jpg,reticle,clover,plant,a photo of Trifolium.,0.283997
plant,oak_314494391.jpg,reticle,pine,plant,a photo of Pinus.,0.332098
plant,oak_314494391.jpg,reticle,dandelion,plant,a photo of Taraxacum.,0.272749
plant,oak_314494391.jpg,reticle,poison ivy,hazard,a photo of Toxicodendron radicans.,0.346401
plant,oak_314494391.jpg,reticle,poison oak,hazard,a photo of Toxicodendron pubescens.,0.425441
plant,oak_314494391.jpg,reticle,poison sumac,hazard,a photo of Toxicodendron vernix.,0.270689
plant,oak_314494391.jpg,reticle,pokeweed,hazard,a photo of Phytolacca americana.,0.364962
plant,oak_314494391.jpg,reticle,Carolina horsenettle,hazard,a photo of Solanum carolinense.,0.374795
plant,oak_314494391.jpg,reticle,lawn,scene,a photo of lawn.,0.186093
plant,oak_314494391.jpg,reticle,field,scene,a photo of field.,0.239196
plant,oak_314494391.jpg,reticle,weedy garden bed,scene,a photo of weedy garden bed.,0.201711
plant,oak_314494391.jpg,reticle,pavement,scene,a photo of pavement.,0.238465
plant,oak_314494391.jpg,reticle,person,scene,a photo of person.,0.256510
plant,oak_314494391.jpg,reticle,screen,scene,a photo of screen.,0.291004
plant,oak_237720737.jpg,full,grass,plant,a photo of Poaceae.,0.272201
plant,oak_237720737.jpg,full,oak,plant,a photo of Quercus.,0.509392
plant,oak_237720737.jpg,full,fern,plant,a photo of Polypodiopsida.,0.248273
plant,oak_237720737.jpg,full,clover,plant,a photo of Trifolium.,0.262585
plant,oak_237720737.jpg,full,pine,plant,a photo of Pinus.,0.325904
plant,oak_237720737.jpg,full,dandelion,plant,a photo of Taraxacum.,0.276986
plant,oak_237720737.jpg,full,poison ivy,hazard,a photo of Toxicodendron radicans.,0.363126
plant,oak_237720737.jpg,full,poison oak,hazard,a photo of Toxicodendron pubescens.,0.436932
plant,oak_237720737.jpg,full,poison sumac,hazard,a photo of Toxicodendron vernix.,0.297455
plant,oak_237720737.jpg,full,pokeweed,hazard,a photo of Phytolacca americana.,0.349426
plant,oak_237720737.jpg,full,Carolina horsenettle,hazard,a photo of Solanum carolinense.,0.376757
plant,oak_237720737.jpg,full,lawn,scene,a photo of lawn.,0.213217
plant,oak_237720737.jpg,full,field,scene,a photo of field.,0.245643
plant,oak_237720737.jpg,full,weedy garden bed,scene,a photo of weedy garden bed.,0.233624
plant,oak_237720737.jpg,full,pavement,scene,a photo of pavement.,0.251491
plant,oak_237720737.jpg,full,person,scene,a photo of person.,0.268598
plant,oak_237720737.jpg,full,screen,scene,a photo of screen.,0.330787
plant,oak_237720737.jpg,reticle,grass,plant,a photo of Poaceae.,0.242316
plant,oak_237720737.jpg,reticle,oak,plant,a photo of Quercus.,0.504809
plant,oak_237720737.jpg,reticle,fern,plant,a photo of Polypodiopsida.,0.237758
plant,oak_237720737.jpg,reticle,clover,plant,a photo of Trifolium.,0.227584
plant,oak_237720737.jpg,reticle,pine,plant,a photo of Pinus.,0.294076
plant,oak_237720737.jpg,reticle,dandelion,plant,a photo of Taraxacum.,0.259475
plant,oak_237720737.jpg,reticle,poison ivy,hazard,a photo of Toxicodendron radicans.,0.324719
plant,oak_237720737.jpg,reticle,poison oak,hazard,a photo of Toxicodendron pubescens.,0.375954
plant,oak_237720737.jpg,reticle,poison sumac,hazard,a photo of Toxicodendron vernix.,0.277176
plant,oak_237720737.jpg,reticle,pokeweed,hazard,a photo of Phytolacca americana.,0.312344
plant,oak_237720737.jpg,reticle,Carolina horsenettle,hazard,a photo of Solanum carolinense.,0.349973
plant,oak_237720737.jpg,reticle,lawn,scene,a photo of lawn.,0.213893
plant,oak_237720737.jpg,reticle,field,scene,a photo of field.,0.247415
plant,oak_237720737.jpg,reticle,weedy garden bed,scene,a photo of weedy garden bed.,0.207508
plant,oak_237720737.jpg,reticle,pavement,scene,a photo of pavement.,0.238531
plant,oak_237720737.jpg,reticle,person,scene,a photo of person.,0.240265
plant,oak_237720737.jpg,reticle,screen,scene,a photo of screen.,0.314402
plant,pine_71622438.jpg,full,grass,plant,a photo of Poaceae.,0.373130
plant,pine_71622438.jpg,full,oak,plant,a photo of Quercus.,0.406248
plant,pine_71622438.jpg,full,fern,plant,a photo of Polypodiopsida.,0.319291
plant,pine_71622438.jpg,full,clover,plant,a photo of Trifolium.,0.334319
plant,pine_71622438.jpg,full,pine,plant,a photo of Pinus.,0.549239
plant,pine_71622438.jpg,full,dandelion,plant,a photo of Taraxacum.,0.315802
plant,pine_71622438.jpg,full,poison ivy,hazard,a photo of Toxicodendron radicans.,0.311496
plant,pine_71622438.jpg,full,poison oak,hazard,a photo of Toxicodendron pubescens.,0.295282
plant,pine_71622438.jpg,full,poison sumac,hazard,a photo of Toxicodendron vernix.,0.285399
plant,pine_71622438.jpg,full,pokeweed,hazard,a photo of Phytolacca americana.,0.272464
plant,pine_71622438.jpg,full,Carolina horsenettle,hazard,a photo of Solanum carolinense.,0.218230
plant,pine_71622438.jpg,full,lawn,scene,a photo of lawn.,0.355619
plant,pine_71622438.jpg,full,field,scene,a photo of field.,0.290063
plant,pine_71622438.jpg,full,weedy garden bed,scene,a photo of weedy garden bed.,0.288009
plant,pine_71622438.jpg,full,pavement,scene,a photo of pavement.,0.272035
plant,pine_71622438.jpg,full,person,scene,a photo of person.,0.309895
plant,pine_71622438.jpg,full,screen,scene,a photo of screen.,0.453170
plant,pine_71622438.jpg,reticle,grass,plant,a photo of Poaceae.,0.368995
plant,pine_71622438.jpg,reticle,oak,plant,a photo of Quercus.,0.380854
plant,pine_71622438.jpg,reticle,fern,plant,a photo of Polypodiopsida.,0.322783
plant,pine_71622438.jpg,reticle,clover,plant,a photo of Trifolium.,0.316907
plant,pine_71622438.jpg,reticle,pine,plant,a photo of Pinus.,0.553623
plant,pine_71622438.jpg,reticle,dandelion,plant,a photo of Taraxacum.,0.305611
plant,pine_71622438.jpg,reticle,poison ivy,hazard,a photo of Toxicodendron radicans.,0.331680
plant,pine_71622438.jpg,reticle,poison oak,hazard,a photo of Toxicodendron pubescens.,0.325964
plant,pine_71622438.jpg,reticle,poison sumac,hazard,a photo of Toxicodendron vernix.,0.287617
plant,pine_71622438.jpg,reticle,pokeweed,hazard,a photo of Phytolacca americana.,0.293418
plant,pine_71622438.jpg,reticle,Carolina horsenettle,hazard,a photo of Solanum carolinense.,0.247072
plant,pine_71622438.jpg,reticle,lawn,scene,a photo of lawn.,0.332088
plant,pine_71622438.jpg,reticle,field,scene,a photo of field.,0.314642
plant,pine_71622438.jpg,reticle,weedy garden bed,scene,a photo of weedy garden bed.,0.270489
plant,pine_71622438.jpg,reticle,pavement,scene,a photo of pavement.,0.254115
plant,pine_71622438.jpg,reticle,person,scene,a photo of person.,0.281251
plant,pine_71622438.jpg,reticle,screen,scene,a photo of screen.,0.434111
plant,pine_360502159.jpg,full,grass,plant,a photo of Poaceae.,0.424626
plant,pine_360502159.jpg,full,oak,plant,a photo of Quercus.,0.411607
plant,pine_360502159.jpg,full,fern,plant,a photo of Polypodiopsida.,0.398966
plant,pine_360502159.jpg,full,clover,plant,a photo of Trifolium.,0.360267
plant,pine_360502159.jpg,full,pine,plant,a photo of Pinus.,0.463990
plant,pine_360502159.jpg,full,dandelion,plant,a photo of Taraxacum.,0.356560
plant,pine_360502159.jpg,full,poison ivy,hazard,a photo of Toxicodendron radicans.,0.409736
plant,pine_360502159.jpg,full,poison oak,hazard,a photo of Toxicodendron pubescens.,0.469614
plant,pine_360502159.jpg,full,poison sumac,hazard,a photo of Toxicodendron vernix.,0.372970
plant,pine_360502159.jpg,full,pokeweed,hazard,a photo of Phytolacca americana.,0.368931
plant,pine_360502159.jpg,full,Carolina horsenettle,hazard,a photo of Solanum carolinense.,0.360740
plant,pine_360502159.jpg,full,lawn,scene,a photo of lawn.,0.323669
plant,pine_360502159.jpg,full,field,scene,a photo of field.,0.319326
plant,pine_360502159.jpg,full,weedy garden bed,scene,a photo of weedy garden bed.,0.292518
plant,pine_360502159.jpg,full,pavement,scene,a photo of pavement.,0.320663
plant,pine_360502159.jpg,full,person,scene,a photo of person.,0.383579
plant,pine_360502159.jpg,full,screen,scene,a photo of screen.,0.360162
plant,pine_360502159.jpg,reticle,grass,plant,a photo of Poaceae.,0.454813
plant,pine_360502159.jpg,reticle,oak,plant,a photo of Quercus.,0.382916
plant,pine_360502159.jpg,reticle,fern,plant,a photo of Polypodiopsida.,0.432477
plant,pine_360502159.jpg,reticle,clover,plant,a photo of Trifolium.,0.378268
plant,pine_360502159.jpg,reticle,pine,plant,a photo of Pinus.,0.455696
plant,pine_360502159.jpg,reticle,dandelion,plant,a photo of Taraxacum.,0.397053
plant,pine_360502159.jpg,reticle,poison ivy,hazard,a photo of Toxicodendron radicans.,0.330898
plant,pine_360502159.jpg,reticle,poison oak,hazard,a photo of Toxicodendron pubescens.,0.413410
plant,pine_360502159.jpg,reticle,poison sumac,hazard,a photo of Toxicodendron vernix.,0.322389
plant,pine_360502159.jpg,reticle,pokeweed,hazard,a photo of Phytolacca americana.,0.324902
plant,pine_360502159.jpg,reticle,Carolina horsenettle,hazard,a photo of Solanum carolinense.,0.323444
plant,pine_360502159.jpg,reticle,lawn,scene,a photo of lawn.,0.411671
plant,pine_360502159.jpg,reticle,field,scene,a photo of field.,0.415638
plant,pine_360502159.jpg,reticle,weedy garden bed,scene,a photo of weedy garden bed.,0.415970
plant,pine_360502159.jpg,reticle,pavement,scene,a photo of pavement.,0.376542
plant,pine_360502159.jpg,reticle,person,scene,a photo of person.,0.433524
plant,pine_360502159.jpg,reticle,screen,scene,a photo of screen.,0.467309
plant,pine_109885814.jpg,full,grass,plant,a photo of Poaceae.,0.354309
plant,pine_109885814.jpg,full,oak,plant,a photo of Quercus.,0.507201
plant,pine_109885814.jpg,full,fern,plant,a photo of Polypodiopsida.,0.331607
plant,pine_109885814.jpg,full,clover,plant,a photo of Trifolium.,0.352961
plant,pine_109885814.jpg,full,pine,plant,a photo of Pinus.,0.494758
plant,pine_109885814.jpg,full,dandelion,plant,a photo of Taraxacum.,0.318582
plant,pine_109885814.jpg,full,poison ivy,hazard,a photo of Toxicodendron radicans.,0.272997
plant,pine_109885814.jpg,full,poison oak,hazard,a photo of Toxicodendron pubescens.,0.300813
plant,pine_109885814.jpg,full,poison sumac,hazard,a photo of Toxicodendron vernix.,0.351617
plant,pine_109885814.jpg,full,pokeweed,hazard,a photo of Phytolacca americana.,0.262413
plant,pine_109885814.jpg,full,Carolina horsenettle,hazard,a photo of Solanum carolinense.,0.210273
plant,pine_109885814.jpg,full,lawn,scene,a photo of lawn.,0.258804
plant,pine_109885814.jpg,full,field,scene,a photo of field.,0.308660
plant,pine_109885814.jpg,full,weedy garden bed,scene,a photo of weedy garden bed.,0.326064
plant,pine_109885814.jpg,full,pavement,scene,a photo of pavement.,0.321689
plant,pine_109885814.jpg,full,person,scene,a photo of person.,0.380161
plant,pine_109885814.jpg,full,screen,scene,a photo of screen.,0.449544
plant,pine_109885814.jpg,reticle,grass,plant,a photo of Poaceae.,0.379993
plant,pine_109885814.jpg,reticle,oak,plant,a photo of Quercus.,0.507372
plant,pine_109885814.jpg,reticle,fern,plant,a photo of Polypodiopsida.,0.362090
plant,pine_109885814.jpg,reticle,clover,plant,a photo of Trifolium.,0.362342
plant,pine_109885814.jpg,reticle,pine,plant,a photo of Pinus.,0.578921
plant,pine_109885814.jpg,reticle,dandelion,plant,a photo of Taraxacum.,0.333849
plant,pine_109885814.jpg,reticle,poison ivy,hazard,a photo of Toxicodendron radicans.,0.284198
plant,pine_109885814.jpg,reticle,poison oak,hazard,a photo of Toxicodendron pubescens.,0.304968
plant,pine_109885814.jpg,reticle,poison sumac,hazard,a photo of Toxicodendron vernix.,0.333331
plant,pine_109885814.jpg,reticle,pokeweed,hazard,a photo of Phytolacca americana.,0.282560
plant,pine_109885814.jpg,reticle,Carolina horsenettle,hazard,a photo of Solanum carolinense.,0.211018
plant,pine_109885814.jpg,reticle,lawn,scene,a photo of lawn.,0.269838
plant,pine_109885814.jpg,reticle,field,scene,a photo of field.,0.371983
plant,pine_109885814.jpg,reticle,weedy garden bed,scene,a photo of weedy garden bed.,0.350944
plant,pine_109885814.jpg,reticle,pavement,scene,a photo of pavement.,0.344677
plant,pine_109885814.jpg,reticle,person,scene,a photo of person.,0.377631
plant,pine_109885814.jpg,reticle,screen,scene,a photo of screen.,0.462098
plant,pine_360501929.jpg,full,grass,plant,a photo of Poaceae.,0.390756
plant,pine_360501929.jpg,full,oak,plant,a photo of Quercus.,0.364720
plant,pine_360501929.jpg,full,fern,plant,a photo of Polypodiopsida.,0.332898
plant,pine_360501929.jpg,full,clover,plant,a photo of Trifolium.,0.339380
plant,pine_360501929.jpg,full,pine,plant,a photo of Pinus.,0.434271
plant,pine_360501929.jpg,full,dandelion,plant,a photo of Taraxacum.,0.299734
plant,pine_360501929.jpg,full,poison ivy,hazard,a photo of Toxicodendron radicans.,0.307698
plant,pine_360501929.jpg,full,poison oak,hazard,a photo of Toxicodendron pubescens.,0.357223
plant,pine_360501929.jpg,full,poison sumac,hazard,a photo of Toxicodendron vernix.,0.260341
plant,pine_360501929.jpg,full,pokeweed,hazard,a photo of Phytolacca americana.,0.287820
plant,pine_360501929.jpg,full,Carolina horsenettle,hazard,a photo of Solanum carolinense.,0.314321
plant,pine_360501929.jpg,full,lawn,scene,a photo of lawn.,0.324205
plant,pine_360501929.jpg,full,field,scene,a photo of field.,0.282425
plant,pine_360501929.jpg,full,weedy garden bed,scene,a photo of weedy garden bed.,0.306961
plant,pine_360501929.jpg,full,pavement,scene,a photo of pavement.,0.264828
plant,pine_360501929.jpg,full,person,scene,a photo of person.,0.313093
plant,pine_360501929.jpg,full,screen,scene,a photo of screen.,0.365348
plant,pine_360501929.jpg,reticle,grass,plant,a photo of Poaceae.,0.383908
plant,pine_360501929.jpg,reticle,oak,plant,a photo of Quercus.,0.322493
plant,pine_360501929.jpg,reticle,fern,plant,a photo of Polypodiopsida.,0.318292
plant,pine_360501929.jpg,reticle,clover,plant,a photo of Trifolium.,0.321304
plant,pine_360501929.jpg,reticle,pine,plant,a photo of Pinus.,0.503610
plant,pine_360501929.jpg,reticle,dandelion,plant,a photo of Taraxacum.,0.317501
plant,pine_360501929.jpg,reticle,poison ivy,hazard,a photo of Toxicodendron radicans.,0.264931
plant,pine_360501929.jpg,reticle,poison oak,hazard,a photo of Toxicodendron pubescens.,0.311286
plant,pine_360501929.jpg,reticle,poison sumac,hazard,a photo of Toxicodendron vernix.,0.267189
plant,pine_360501929.jpg,reticle,pokeweed,hazard,a photo of Phytolacca americana.,0.228802
plant,pine_360501929.jpg,reticle,Carolina horsenettle,hazard,a photo of Solanum carolinense.,0.238023
plant,pine_360501929.jpg,reticle,lawn,scene,a photo of lawn.,0.339239
plant,pine_360501929.jpg,reticle,field,scene,a photo of field.,0.313092
plant,pine_360501929.jpg,reticle,weedy garden bed,scene,a photo of weedy garden bed.,0.316026
plant,pine_360501929.jpg,reticle,pavement,scene,a photo of pavement.,0.270763
plant,pine_360501929.jpg,reticle,person,scene,a photo of person.,0.310192
plant,pine_360501929.jpg,reticle,screen,scene,a photo of screen.,0.393999
plant,pine_353810852.jpg,full,grass,plant,a photo of Poaceae.,0.380945
plant,pine_353810852.jpg,full,oak,plant,a photo of Quercus.,0.371651
plant,pine_353810852.jpg,full,fern,plant,a photo of Polypodiopsida.,0.323260
plant,pine_353810852.jpg,full,clover,plant,a photo of Trifolium.,0.337686
plant,pine_353810852.jpg,full,pine,plant,a photo of Pinus.,0.568721
plant,pine_353810852.jpg,full,dandelion,plant,a photo of Taraxacum.,0.304518
plant,pine_353810852.jpg,full,poison ivy,hazard,a photo of Toxicodendron radicans.,0.308905
plant,pine_353810852.jpg,full,poison oak,hazard,a photo of Toxicodendron pubescens.,0.337073
plant,pine_353810852.jpg,full,poison sumac,hazard,a photo of Toxicodendron vernix.,0.318496
plant,pine_353810852.jpg,full,pokeweed,hazard,a photo of Phytolacca americana.,0.250364
plant,pine_353810852.jpg,full,Carolina horsenettle,hazard,a photo of Solanum carolinense.,0.218191
plant,pine_353810852.jpg,full,lawn,scene,a photo of lawn.,0.296009
plant,pine_353810852.jpg,full,field,scene,a photo of field.,0.312734
plant,pine_353810852.jpg,full,weedy garden bed,scene,a photo of weedy garden bed.,0.239723
plant,pine_353810852.jpg,full,pavement,scene,a photo of pavement.,0.264559
plant,pine_353810852.jpg,full,person,scene,a photo of person.,0.312376
plant,pine_353810852.jpg,full,screen,scene,a photo of screen.,0.425777
plant,pine_353810852.jpg,reticle,grass,plant,a photo of Poaceae.,0.493904
plant,pine_353810852.jpg,reticle,oak,plant,a photo of Quercus.,0.408010
plant,pine_353810852.jpg,reticle,fern,plant,a photo of Polypodiopsida.,0.444475
plant,pine_353810852.jpg,reticle,clover,plant,a photo of Trifolium.,0.450406
plant,pine_353810852.jpg,reticle,pine,plant,a photo of Pinus.,0.521022
plant,pine_353810852.jpg,reticle,dandelion,plant,a photo of Taraxacum.,0.381017
plant,pine_353810852.jpg,reticle,poison ivy,hazard,a photo of Toxicodendron radicans.,0.338805
plant,pine_353810852.jpg,reticle,poison oak,hazard,a photo of Toxicodendron pubescens.,0.361137
plant,pine_353810852.jpg,reticle,poison sumac,hazard,a photo of Toxicodendron vernix.,0.334835
plant,pine_353810852.jpg,reticle,pokeweed,hazard,a photo of Phytolacca americana.,0.339124
plant,pine_353810852.jpg,reticle,Carolina horsenettle,hazard,a photo of Solanum carolinense.,0.295230
plant,pine_353810852.jpg,reticle,lawn,scene,a photo of lawn.,0.378863
plant,pine_353810852.jpg,reticle,field,scene,a photo of field.,0.467171
plant,pine_353810852.jpg,reticle,weedy garden bed,scene,a photo of weedy garden bed.,0.433153
plant,pine_353810852.jpg,reticle,pavement,scene,a photo of pavement.,0.435359
plant,pine_353810852.jpg,reticle,person,scene,a photo of person.,0.427602
plant,pine_353810852.jpg,reticle,screen,scene,a photo of screen.,0.490633
plant,pine_305411590.jpg,full,grass,plant,a photo of Poaceae.,0.279139
plant,pine_305411590.jpg,full,oak,plant,a photo of Quercus.,0.339703
plant,pine_305411590.jpg,full,fern,plant,a photo of Polypodiopsida.,0.255040
plant,pine_305411590.jpg,full,clover,plant,a photo of Trifolium.,0.249958
plant,pine_305411590.jpg,full,pine,plant,a photo of Pinus.,0.494953
plant,pine_305411590.jpg,full,dandelion,plant,a photo of Taraxacum.,0.279710
plant,pine_305411590.jpg,full,poison ivy,hazard,a photo of Toxicodendron radicans.,0.357033
plant,pine_305411590.jpg,full,poison oak,hazard,a photo of Toxicodendron pubescens.,0.311095
plant,pine_305411590.jpg,full,poison sumac,hazard,a photo of Toxicodendron vernix.,0.304928
plant,pine_305411590.jpg,full,pokeweed,hazard,a photo of Phytolacca americana.,0.301344
plant,pine_305411590.jpg,full,Carolina horsenettle,hazard,a photo of Solanum carolinense.,0.297642
plant,pine_305411590.jpg,full,lawn,scene,a photo of lawn.,0.205590
plant,pine_305411590.jpg,full,field,scene,a photo of field.,0.219328
plant,pine_305411590.jpg,full,weedy garden bed,scene,a photo of weedy garden bed.,0.144152
plant,pine_305411590.jpg,full,pavement,scene,a photo of pavement.,0.166247
plant,pine_305411590.jpg,full,person,scene,a photo of person.,0.196523
plant,pine_305411590.jpg,full,screen,scene,a photo of screen.,0.298169
plant,pine_305411590.jpg,reticle,grass,plant,a photo of Poaceae.,0.273096
plant,pine_305411590.jpg,reticle,oak,plant,a photo of Quercus.,0.318745
plant,pine_305411590.jpg,reticle,fern,plant,a photo of Polypodiopsida.,0.252934
plant,pine_305411590.jpg,reticle,clover,plant,a photo of Trifolium.,0.243419
plant,pine_305411590.jpg,reticle,pine,plant,a photo of Pinus.,0.488442
plant,pine_305411590.jpg,reticle,dandelion,plant,a photo of Taraxacum.,0.265382
plant,pine_305411590.jpg,reticle,poison ivy,hazard,a photo of Toxicodendron radicans.,0.349218
plant,pine_305411590.jpg,reticle,poison oak,hazard,a photo of Toxicodendron pubescens.,0.329564
plant,pine_305411590.jpg,reticle,poison sumac,hazard,a photo of Toxicodendron vernix.,0.323810
plant,pine_305411590.jpg,reticle,pokeweed,hazard,a photo of Phytolacca americana.,0.286120
plant,pine_305411590.jpg,reticle,Carolina horsenettle,hazard,a photo of Solanum carolinense.,0.290203
plant,pine_305411590.jpg,reticle,lawn,scene,a photo of lawn.,0.184333
plant,pine_305411590.jpg,reticle,field,scene,a photo of field.,0.219906
plant,pine_305411590.jpg,reticle,weedy garden bed,scene,a photo of weedy garden bed.,0.135080
plant,pine_305411590.jpg,reticle,pavement,scene,a photo of pavement.,0.175522
plant,pine_305411590.jpg,reticle,person,scene,a photo of person.,0.206054
plant,pine_305411590.jpg,reticle,screen,scene,a photo of screen.,0.284511
plant,pine_368827308.jpg,full,grass,plant,a photo of Poaceae.,0.327183
plant,pine_368827308.jpg,full,oak,plant,a photo of Quercus.,0.345440
plant,pine_368827308.jpg,full,fern,plant,a photo of Polypodiopsida.,0.275690
plant,pine_368827308.jpg,full,clover,plant,a photo of Trifolium.,0.309852
plant,pine_368827308.jpg,full,pine,plant,a photo of Pinus.,0.528726
plant,pine_368827308.jpg,full,dandelion,plant,a photo of Taraxacum.,0.318058
plant,pine_368827308.jpg,full,poison ivy,hazard,a photo of Toxicodendron radicans.,0.312530
plant,pine_368827308.jpg,full,poison oak,hazard,a photo of Toxicodendron pubescens.,0.328330
plant,pine_368827308.jpg,full,poison sumac,hazard,a photo of Toxicodendron vernix.,0.278001
plant,pine_368827308.jpg,full,pokeweed,hazard,a photo of Phytolacca americana.,0.260800
plant,pine_368827308.jpg,full,Carolina horsenettle,hazard,a photo of Solanum carolinense.,0.273124
plant,pine_368827308.jpg,full,lawn,scene,a photo of lawn.,0.255447
plant,pine_368827308.jpg,full,field,scene,a photo of field.,0.246478
plant,pine_368827308.jpg,full,weedy garden bed,scene,a photo of weedy garden bed.,0.198599
plant,pine_368827308.jpg,full,pavement,scene,a photo of pavement.,0.218748
plant,pine_368827308.jpg,full,person,scene,a photo of person.,0.239995
plant,pine_368827308.jpg,full,screen,scene,a photo of screen.,0.325681
plant,pine_368827308.jpg,reticle,grass,plant,a photo of Poaceae.,0.349165
plant,pine_368827308.jpg,reticle,oak,plant,a photo of Quercus.,0.348869
plant,pine_368827308.jpg,reticle,fern,plant,a photo of Polypodiopsida.,0.307467
plant,pine_368827308.jpg,reticle,clover,plant,a photo of Trifolium.,0.334737
plant,pine_368827308.jpg,reticle,pine,plant,a photo of Pinus.,0.549679
plant,pine_368827308.jpg,reticle,dandelion,plant,a photo of Taraxacum.,0.312636
plant,pine_368827308.jpg,reticle,poison ivy,hazard,a photo of Toxicodendron radicans.,0.277893
plant,pine_368827308.jpg,reticle,poison oak,hazard,a photo of Toxicodendron pubescens.,0.311741
plant,pine_368827308.jpg,reticle,poison sumac,hazard,a photo of Toxicodendron vernix.,0.262091
plant,pine_368827308.jpg,reticle,pokeweed,hazard,a photo of Phytolacca americana.,0.253548
plant,pine_368827308.jpg,reticle,Carolina horsenettle,hazard,a photo of Solanum carolinense.,0.221821
plant,pine_368827308.jpg,reticle,lawn,scene,a photo of lawn.,0.279680
plant,pine_368827308.jpg,reticle,field,scene,a photo of field.,0.263720
plant,pine_368827308.jpg,reticle,weedy garden bed,scene,a photo of weedy garden bed.,0.233426
plant,pine_368827308.jpg,reticle,pavement,scene,a photo of pavement.,0.231953
plant,pine_368827308.jpg,reticle,person,scene,a photo of person.,0.250633
plant,pine_368827308.jpg,reticle,screen,scene,a photo of screen.,0.354565
plant,pine_274979130.jpg,full,grass,plant,a photo of Poaceae.,0.318416
plant,pine_274979130.jpg,full,oak,plant,a photo of Quercus.,0.461218
plant,pine_274979130.jpg,full,fern,plant,a photo of Polypodiopsida.,0.303354
plant,pine_274979130.jpg,full,clover,plant,a photo of Trifolium.,0.260173
plant,pine_274979130.jpg,full,pine,plant,a photo of Pinus.,0.475703
plant,pine_274979130.jpg,full,dandelion,plant,a photo of Taraxacum.,0.318999
plant,pine_274979130.jpg,full,poison ivy,hazard,a photo of Toxicodendron radicans.,0.513016
plant,pine_274979130.jpg,full,poison oak,hazard,a photo of Toxicodendron pubescens.,0.476932
plant,pine_274979130.jpg,full,poison sumac,hazard,a photo of Toxicodendron vernix.,0.421307
plant,pine_274979130.jpg,full,pokeweed,hazard,a photo of Phytolacca americana.,0.422465
plant,pine_274979130.jpg,full,Carolina horsenettle,hazard,a photo of Solanum carolinense.,0.359880
plant,pine_274979130.jpg,full,lawn,scene,a photo of lawn.,0.260145
plant,pine_274979130.jpg,full,field,scene,a photo of field.,0.252118
plant,pine_274979130.jpg,full,weedy garden bed,scene,a photo of weedy garden bed.,0.203150
plant,pine_274979130.jpg,full,pavement,scene,a photo of pavement.,0.223232
plant,pine_274979130.jpg,full,person,scene,a photo of person.,0.258128
plant,pine_274979130.jpg,full,screen,scene,a photo of screen.,0.360571
plant,pine_274979130.jpg,reticle,grass,plant,a photo of Poaceae.,0.341814
plant,pine_274979130.jpg,reticle,oak,plant,a photo of Quercus.,0.443069
plant,pine_274979130.jpg,reticle,fern,plant,a photo of Polypodiopsida.,0.345441
plant,pine_274979130.jpg,reticle,clover,plant,a photo of Trifolium.,0.264928
plant,pine_274979130.jpg,reticle,pine,plant,a photo of Pinus.,0.491966
plant,pine_274979130.jpg,reticle,dandelion,plant,a photo of Taraxacum.,0.313415
plant,pine_274979130.jpg,reticle,poison ivy,hazard,a photo of Toxicodendron radicans.,0.490489
plant,pine_274979130.jpg,reticle,poison oak,hazard,a photo of Toxicodendron pubescens.,0.463788
plant,pine_274979130.jpg,reticle,poison sumac,hazard,a photo of Toxicodendron vernix.,0.419845
plant,pine_274979130.jpg,reticle,pokeweed,hazard,a photo of Phytolacca americana.,0.413536
plant,pine_274979130.jpg,reticle,Carolina horsenettle,hazard,a photo of Solanum carolinense.,0.359460
plant,pine_274979130.jpg,reticle,lawn,scene,a photo of lawn.,0.282117
plant,pine_274979130.jpg,reticle,field,scene,a photo of field.,0.282290
plant,pine_274979130.jpg,reticle,weedy garden bed,scene,a photo of weedy garden bed.,0.226928
plant,pine_274979130.jpg,reticle,pavement,scene,a photo of pavement.,0.236871
plant,pine_274979130.jpg,reticle,person,scene,a photo of person.,0.259018
plant,pine_274979130.jpg,reticle,screen,scene,a photo of screen.,0.369180
plant,pine_277025434.jpg,full,grass,plant,a photo of Poaceae.,0.322519
plant,pine_277025434.jpg,full,oak,plant,a photo of Quercus.,0.504867
plant,pine_277025434.jpg,full,fern,plant,a photo of Polypodiopsida.,0.315580
plant,pine_277025434.jpg,full,clover,plant,a photo of Trifolium.,0.340119
plant,pine_277025434.jpg,full,pine,plant,a photo of Pinus.,0.460024
plant,pine_277025434.jpg,full,dandelion,plant,a photo of Taraxacum.,0.342048
plant,pine_277025434.jpg,full,poison ivy,hazard,a photo of Toxicodendron radicans.,0.349604
plant,pine_277025434.jpg,full,poison oak,hazard,a photo of Toxicodendron pubescens.,0.301703
plant,pine_277025434.jpg,full,poison sumac,hazard,a photo of Toxicodendron vernix.,0.291709
plant,pine_277025434.jpg,full,pokeweed,hazard,a photo of Phytolacca americana.,0.312015
plant,pine_277025434.jpg,full,Carolina horsenettle,hazard,a photo of Solanum carolinense.,0.246122
plant,pine_277025434.jpg,full,lawn,scene,a photo of lawn.,0.342946
plant,pine_277025434.jpg,full,field,scene,a photo of field.,0.278251
plant,pine_277025434.jpg,full,weedy garden bed,scene,a photo of weedy garden bed.,0.331221
plant,pine_277025434.jpg,full,pavement,scene,a photo of pavement.,0.259994
plant,pine_277025434.jpg,full,person,scene,a photo of person.,0.307173
plant,pine_277025434.jpg,full,screen,scene,a photo of screen.,0.443715
plant,pine_277025434.jpg,reticle,grass,plant,a photo of Poaceae.,0.294713
plant,pine_277025434.jpg,reticle,oak,plant,a photo of Quercus.,0.374652
plant,pine_277025434.jpg,reticle,fern,plant,a photo of Polypodiopsida.,0.323235
plant,pine_277025434.jpg,reticle,clover,plant,a photo of Trifolium.,0.286793
plant,pine_277025434.jpg,reticle,pine,plant,a photo of Pinus.,0.466238
plant,pine_277025434.jpg,reticle,dandelion,plant,a photo of Taraxacum.,0.308088
plant,pine_277025434.jpg,reticle,poison ivy,hazard,a photo of Toxicodendron radicans.,0.368923
plant,pine_277025434.jpg,reticle,poison oak,hazard,a photo of Toxicodendron pubescens.,0.278987
plant,pine_277025434.jpg,reticle,poison sumac,hazard,a photo of Toxicodendron vernix.,0.294478
plant,pine_277025434.jpg,reticle,pokeweed,hazard,a photo of Phytolacca americana.,0.318197
plant,pine_277025434.jpg,reticle,Carolina horsenettle,hazard,a photo of Solanum carolinense.,0.255412
plant,pine_277025434.jpg,reticle,lawn,scene,a photo of lawn.,0.247085
plant,pine_277025434.jpg,reticle,field,scene,a photo of field.,0.273956
plant,pine_277025434.jpg,reticle,weedy garden bed,scene,a photo of weedy garden bed.,0.280413
plant,pine_277025434.jpg,reticle,pavement,scene,a photo of pavement.,0.235154
plant,pine_277025434.jpg,reticle,person,scene,a photo of person.,0.221263
plant,pine_277025434.jpg,reticle,screen,scene,a photo of screen.,0.358008
plant,pine_197008810.jpg,full,grass,plant,a photo of Poaceae.,0.391525
plant,pine_197008810.jpg,full,oak,plant,a photo of Quercus.,0.517225
plant,pine_197008810.jpg,full,fern,plant,a photo of Polypodiopsida.,0.355171
plant,pine_197008810.jpg,full,clover,plant,a photo of Trifolium.,0.346430
plant,pine_197008810.jpg,full,pine,plant,a photo of Pinus.,0.413768
plant,pine_197008810.jpg,full,dandelion,plant,a photo of Taraxacum.,0.347719
plant,pine_197008810.jpg,full,poison ivy,hazard,a photo of Toxicodendron radicans.,0.482845
plant,pine_197008810.jpg,full,poison oak,hazard,a photo of Toxicodendron pubescens.,0.421284
plant,pine_197008810.jpg,full,poison sumac,hazard,a photo of Toxicodendron vernix.,0.480679
plant,pine_197008810.jpg,full,pokeweed,hazard,a photo of Phytolacca americana.,0.443496
plant,pine_197008810.jpg,full,Carolina horsenettle,hazard,a photo of Solanum carolinense.,0.425422
plant,pine_197008810.jpg,full,lawn,scene,a photo of lawn.,0.318808
plant,pine_197008810.jpg,full,field,scene,a photo of field.,0.351386
plant,pine_197008810.jpg,full,weedy garden bed,scene,a photo of weedy garden bed.,0.283360
plant,pine_197008810.jpg,full,pavement,scene,a photo of pavement.,0.331434
plant,pine_197008810.jpg,full,person,scene,a photo of person.,0.363915
plant,pine_197008810.jpg,full,screen,scene,a photo of screen.,0.432574
plant,pine_197008810.jpg,reticle,grass,plant,a photo of Poaceae.,0.478810
plant,pine_197008810.jpg,reticle,oak,plant,a photo of Quercus.,0.487825
plant,pine_197008810.jpg,reticle,fern,plant,a photo of Polypodiopsida.,0.438120
plant,pine_197008810.jpg,reticle,clover,plant,a photo of Trifolium.,0.396951
plant,pine_197008810.jpg,reticle,pine,plant,a photo of Pinus.,0.461660
plant,pine_197008810.jpg,reticle,dandelion,plant,a photo of Taraxacum.,0.372121
plant,pine_197008810.jpg,reticle,poison ivy,hazard,a photo of Toxicodendron radicans.,0.378707
plant,pine_197008810.jpg,reticle,poison oak,hazard,a photo of Toxicodendron pubescens.,0.363871
plant,pine_197008810.jpg,reticle,poison sumac,hazard,a photo of Toxicodendron vernix.,0.424669
plant,pine_197008810.jpg,reticle,pokeweed,hazard,a photo of Phytolacca americana.,0.392114
plant,pine_197008810.jpg,reticle,Carolina horsenettle,hazard,a photo of Solanum carolinense.,0.311316
plant,pine_197008810.jpg,reticle,lawn,scene,a photo of lawn.,0.475809
plant,pine_197008810.jpg,reticle,field,scene,a photo of field.,0.469277
plant,pine_197008810.jpg,reticle,weedy garden bed,scene,a photo of weedy garden bed.,0.435096
plant,pine_197008810.jpg,reticle,pavement,scene,a photo of pavement.,0.429159
plant,pine_197008810.jpg,reticle,person,scene,a photo of person.,0.489358
plant,pine_197008810.jpg,reticle,screen,scene,a photo of screen.,0.586213
plant,maple_185909345.jpg,full,grass,plant,a photo of Poaceae.,0.369699
plant,maple_185909345.jpg,full,oak,plant,a photo of Quercus.,0.343653
plant,maple_185909345.jpg,full,fern,plant,a photo of Polypodiopsida.,0.355293
plant,maple_185909345.jpg,full,clover,plant,a photo of Trifolium.,0.351246
plant,maple_185909345.jpg,full,pine,plant,a photo of Pinus.,0.352922
plant,maple_185909345.jpg,full,dandelion,plant,a photo of Taraxacum.,0.293430
plant,maple_185909345.jpg,full,poison ivy,hazard,a photo of Toxicodendron radicans.,0.324909
plant,maple_185909345.jpg,full,poison oak,hazard,a photo of Toxicodendron pubescens.,0.302674
plant,maple_185909345.jpg,full,poison sumac,hazard,a photo of Toxicodendron vernix.,0.294034
plant,maple_185909345.jpg,full,pokeweed,hazard,a photo of Phytolacca americana.,0.321598
plant,maple_185909345.jpg,full,Carolina horsenettle,hazard,a photo of Solanum carolinense.,0.257191
plant,maple_185909345.jpg,full,lawn,scene,a photo of lawn.,0.355651
plant,maple_185909345.jpg,full,field,scene,a photo of field.,0.324355
plant,maple_185909345.jpg,full,weedy garden bed,scene,a photo of weedy garden bed.,0.239779
plant,maple_185909345.jpg,full,pavement,scene,a photo of pavement.,0.316295
plant,maple_185909345.jpg,full,person,scene,a photo of person.,0.350785
plant,maple_185909345.jpg,full,screen,scene,a photo of screen.,0.388334
plant,maple_185909345.jpg,reticle,grass,plant,a photo of Poaceae.,0.401180
plant,maple_185909345.jpg,reticle,oak,plant,a photo of Quercus.,0.386415
plant,maple_185909345.jpg,reticle,fern,plant,a photo of Polypodiopsida.,0.399888
plant,maple_185909345.jpg,reticle,clover,plant,a photo of Trifolium.,0.394156
plant,maple_185909345.jpg,reticle,pine,plant,a photo of Pinus.,0.387791
plant,maple_185909345.jpg,reticle,dandelion,plant,a photo of Taraxacum.,0.331845
plant,maple_185909345.jpg,reticle,poison ivy,hazard,a photo of Toxicodendron radicans.,0.320624
plant,maple_185909345.jpg,reticle,poison oak,hazard,a photo of Toxicodendron pubescens.,0.295986
plant,maple_185909345.jpg,reticle,poison sumac,hazard,a photo of Toxicodendron vernix.,0.305890
plant,maple_185909345.jpg,reticle,pokeweed,hazard,a photo of Phytolacca americana.,0.341841
plant,maple_185909345.jpg,reticle,Carolina horsenettle,hazard,a photo of Solanum carolinense.,0.263691
plant,maple_185909345.jpg,reticle,lawn,scene,a photo of lawn.,0.387461
plant,maple_185909345.jpg,reticle,field,scene,a photo of field.,0.393207
plant,maple_185909345.jpg,reticle,weedy garden bed,scene,a photo of weedy garden bed.,0.309285
plant,maple_185909345.jpg,reticle,pavement,scene,a photo of pavement.,0.346078
plant,maple_185909345.jpg,reticle,person,scene,a photo of person.,0.381760
plant,maple_185909345.jpg,reticle,screen,scene,a photo of screen.,0.442779
plant,maple_354467072.jpg,full,grass,plant,a photo of Poaceae.,0.237814
plant,maple_354467072.jpg,full,oak,plant,a photo of Quercus.,0.326666
plant,maple_354467072.jpg,full,fern,plant,a photo of Polypodiopsida.,0.250660
plant,maple_354467072.jpg,full,clover,plant,a photo of Trifolium.,0.249474
plant,maple_354467072.jpg,full,pine,plant,a photo of Pinus.,0.284015
plant,maple_354467072.jpg,full,dandelion,plant,a photo of Taraxacum.,0.301347
plant,maple_354467072.jpg,full,poison ivy,hazard,a photo of Toxicodendron radicans.,0.408528
plant,maple_354467072.jpg,full,poison oak,hazard,a photo of Toxicodendron pubescens.,0.345260
plant,maple_354467072.jpg,full,poison sumac,hazard,a photo of Toxicodendron vernix.,0.324701
plant,maple_354467072.jpg,full,pokeweed,hazard,a photo of Phytolacca americana.,0.350241
plant,maple_354467072.jpg,full,Carolina horsenettle,hazard,a photo of Solanum carolinense.,0.364703
plant,maple_354467072.jpg,full,lawn,scene,a photo of lawn.,0.238982
plant,maple_354467072.jpg,full,field,scene,a photo of field.,0.206314
plant,maple_354467072.jpg,full,weedy garden bed,scene,a photo of weedy garden bed.,0.180875
plant,maple_354467072.jpg,full,pavement,scene,a photo of pavement.,0.233912
plant,maple_354467072.jpg,full,person,scene,a photo of person.,0.245719
plant,maple_354467072.jpg,full,screen,scene,a photo of screen.,0.311051
plant,maple_354467072.jpg,reticle,grass,plant,a photo of Poaceae.,0.273469
plant,maple_354467072.jpg,reticle,oak,plant,a photo of Quercus.,0.325599
plant,maple_354467072.jpg,reticle,fern,plant,a photo of Polypodiopsida.,0.308204
plant,maple_354467072.jpg,reticle,clover,plant,a photo of Trifolium.,0.281134
plant,maple_354467072.jpg,reticle,pine,plant,a photo of Pinus.,0.316808
plant,maple_354467072.jpg,reticle,dandelion,plant,a photo of Taraxacum.,0.300518
plant,maple_354467072.jpg,reticle,poison ivy,hazard,a photo of Toxicodendron radicans.,0.397105
plant,maple_354467072.jpg,reticle,poison oak,hazard,a photo of Toxicodendron pubescens.,0.334612
plant,maple_354467072.jpg,reticle,poison sumac,hazard,a photo of Toxicodendron vernix.,0.312012
plant,maple_354467072.jpg,reticle,pokeweed,hazard,a photo of Phytolacca americana.,0.362433
plant,maple_354467072.jpg,reticle,Carolina horsenettle,hazard,a photo of Solanum carolinense.,0.349343
plant,maple_354467072.jpg,reticle,lawn,scene,a photo of lawn.,0.314479
plant,maple_354467072.jpg,reticle,field,scene,a photo of field.,0.281854
plant,maple_354467072.jpg,reticle,weedy garden bed,scene,a photo of weedy garden bed.,0.236691
plant,maple_354467072.jpg,reticle,pavement,scene,a photo of pavement.,0.259432
plant,maple_354467072.jpg,reticle,person,scene,a photo of person.,0.265255
plant,maple_354467072.jpg,reticle,screen,scene,a photo of screen.,0.364418
plant,maple_295533115.jpg,full,grass,plant,a photo of Poaceae.,0.250354
plant,maple_295533115.jpg,full,oak,plant,a photo of Quercus.,0.302356
plant,maple_295533115.jpg,full,fern,plant,a photo of Polypodiopsida.,0.217251
plant,maple_295533115.jpg,full,clover,plant,a photo of Trifolium.,0.241514
plant,maple_295533115.jpg,full,pine,plant,a photo of Pinus.,0.199346
plant,maple_295533115.jpg,full,dandelion,plant,a photo of Taraxacum.,0.260318
plant,maple_295533115.jpg,full,poison ivy,hazard,a photo of Toxicodendron radicans.,0.429474
plant,maple_295533115.jpg,full,poison oak,hazard,a photo of Toxicodendron pubescens.,0.372986
plant,maple_295533115.jpg,full,poison sumac,hazard,a photo of Toxicodendron vernix.,0.374634
plant,maple_295533115.jpg,full,pokeweed,hazard,a photo of Phytolacca americana.,0.338322
plant,maple_295533115.jpg,full,Carolina horsenettle,hazard,a photo of Solanum carolinense.,0.300492
plant,maple_295533115.jpg,full,lawn,scene,a photo of lawn.,0.282109
plant,maple_295533115.jpg,full,field,scene,a photo of field.,0.240784
plant,maple_295533115.jpg,full,weedy garden bed,scene,a photo of weedy garden bed.,0.209905
plant,maple_295533115.jpg,full,pavement,scene,a photo of pavement.,0.288491
plant,maple_295533115.jpg,full,person,scene,a photo of person.,0.248812
plant,maple_295533115.jpg,full,screen,scene,a photo of screen.,0.335777
plant,maple_295533115.jpg,reticle,grass,plant,a photo of Poaceae.,0.262252
plant,maple_295533115.jpg,reticle,oak,plant,a photo of Quercus.,0.356197
plant,maple_295533115.jpg,reticle,fern,plant,a photo of Polypodiopsida.,0.247855
plant,maple_295533115.jpg,reticle,clover,plant,a photo of Trifolium.,0.251006
plant,maple_295533115.jpg,reticle,pine,plant,a photo of Pinus.,0.247034
plant,maple_295533115.jpg,reticle,dandelion,plant,a photo of Taraxacum.,0.283661
plant,maple_295533115.jpg,reticle,poison ivy,hazard,a photo of Toxicodendron radicans.,0.421130
plant,maple_295533115.jpg,reticle,poison oak,hazard,a photo of Toxicodendron pubescens.,0.380957
plant,maple_295533115.jpg,reticle,poison sumac,hazard,a photo of Toxicodendron vernix.,0.420729
plant,maple_295533115.jpg,reticle,pokeweed,hazard,a photo of Phytolacca americana.,0.382760
plant,maple_295533115.jpg,reticle,Carolina horsenettle,hazard,a photo of Solanum carolinense.,0.335268
plant,maple_295533115.jpg,reticle,lawn,scene,a photo of lawn.,0.268894
plant,maple_295533115.jpg,reticle,field,scene,a photo of field.,0.238029
plant,maple_295533115.jpg,reticle,weedy garden bed,scene,a photo of weedy garden bed.,0.264857
plant,maple_295533115.jpg,reticle,pavement,scene,a photo of pavement.,0.281696
plant,maple_295533115.jpg,reticle,person,scene,a photo of person.,0.276802
plant,maple_295533115.jpg,reticle,screen,scene,a photo of screen.,0.380437
plant,maple_295533286.jpg,full,grass,plant,a photo of Poaceae.,0.277472
plant,maple_295533286.jpg,full,oak,plant,a photo of Quercus.,0.445082
plant,maple_295533286.jpg,full,fern,plant,a photo of Polypodiopsida.,0.242242
plant,maple_295533286.jpg,full,clover,plant,a photo of Trifolium.,0.245677
plant,maple_295533286.jpg,full,pine,plant,a photo of Pinus.,0.298803
plant,maple_295533286.jpg,full,dandelion,plant,a photo of Taraxacum.,0.321221
plant,maple_295533286.jpg,full,poison ivy,hazard,a photo of Toxicodendron radicans.,0.417009
plant,maple_295533286.jpg,full,poison oak,hazard,a photo of Toxicodendron pubescens.,0.400691
plant,maple_295533286.jpg,full,poison sumac,hazard,a photo of Toxicodendron vernix.,0.287468
plant,maple_295533286.jpg,full,pokeweed,hazard,a photo of Phytolacca americana.,0.384768
plant,maple_295533286.jpg,full,Carolina horsenettle,hazard,a photo of Solanum carolinense.,0.386437
plant,maple_295533286.jpg,full,lawn,scene,a photo of lawn.,0.230082
plant,maple_295533286.jpg,full,field,scene,a photo of field.,0.215913
plant,maple_295533286.jpg,full,weedy garden bed,scene,a photo of weedy garden bed.,0.189344
plant,maple_295533286.jpg,full,pavement,scene,a photo of pavement.,0.237649
plant,maple_295533286.jpg,full,person,scene,a photo of person.,0.203918
plant,maple_295533286.jpg,full,screen,scene,a photo of screen.,0.287878
plant,maple_295533286.jpg,reticle,grass,plant,a photo of Poaceae.,0.289170
plant,maple_295533286.jpg,reticle,oak,plant,a photo of Quercus.,0.462263
plant,maple_295533286.jpg,reticle,fern,plant,a photo of Polypodiopsida.,0.243837
plant,maple_295533286.jpg,reticle,clover,plant,a photo of Trifolium.,0.244000
plant,maple_295533286.jpg,reticle,pine,plant,a photo of Pinus.,0.303121
plant,maple_295533286.jpg,reticle,dandelion,plant,a photo of Taraxacum.,0.284556
plant,maple_295533286.jpg,reticle,poison ivy,hazard,a photo of Toxicodendron radicans.,0.397531
plant,maple_295533286.jpg,reticle,poison oak,hazard,a photo of Toxicodendron pubescens.,0.409144
plant,maple_295533286.jpg,reticle,poison sumac,hazard,a photo of Toxicodendron vernix.,0.269629
plant,maple_295533286.jpg,reticle,pokeweed,hazard,a photo of Phytolacca americana.,0.392096
plant,maple_295533286.jpg,reticle,Carolina horsenettle,hazard,a photo of Solanum carolinense.,0.377130
plant,maple_295533286.jpg,reticle,lawn,scene,a photo of lawn.,0.229701
plant,maple_295533286.jpg,reticle,field,scene,a photo of field.,0.218857
plant,maple_295533286.jpg,reticle,weedy garden bed,scene,a photo of weedy garden bed.,0.183725
plant,maple_295533286.jpg,reticle,pavement,scene,a photo of pavement.,0.229085
plant,maple_295533286.jpg,reticle,person,scene,a photo of person.,0.220571
plant,maple_295533286.jpg,reticle,screen,scene,a photo of screen.,0.307039
plant,maple_292509018.jpg,full,grass,plant,a photo of Poaceae.,0.256753
plant,maple_292509018.jpg,full,oak,plant,a photo of Quercus.,0.322636
plant,maple_292509018.jpg,full,fern,plant,a photo of Polypodiopsida.,0.272872
plant,maple_292509018.jpg,full,clover,plant,a photo of Trifolium.,0.255995
plant,maple_292509018.jpg,full,pine,plant,a photo of Pinus.,0.259159
plant,maple_292509018.jpg,full,dandelion,plant,a photo of Taraxacum.,0.269216
plant,maple_292509018.jpg,full,poison ivy,hazard,a photo of Toxicodendron radicans.,0.386996
plant,maple_292509018.jpg,full,poison oak,hazard,a photo of Toxicodendron pubescens.,0.369692
plant,maple_292509018.jpg,full,poison sumac,hazard,a photo of Toxicodendron vernix.,0.348554
plant,maple_292509018.jpg,full,pokeweed,hazard,a photo of Phytolacca americana.,0.327761
plant,maple_292509018.jpg,full,Carolina horsenettle,hazard,a photo of Solanum carolinense.,0.324202
plant,maple_292509018.jpg,full,lawn,scene,a photo of lawn.,0.307420
plant,maple_292509018.jpg,full,field,scene,a photo of field.,0.252081
plant,maple_292509018.jpg,full,weedy garden bed,scene,a photo of weedy garden bed.,0.228549
plant,maple_292509018.jpg,full,pavement,scene,a photo of pavement.,0.301663
plant,maple_292509018.jpg,full,person,scene,a photo of person.,0.363391
plant,maple_292509018.jpg,full,screen,scene,a photo of screen.,0.364804
plant,maple_292509018.jpg,reticle,grass,plant,a photo of Poaceae.,0.228757
plant,maple_292509018.jpg,reticle,oak,plant,a photo of Quercus.,0.314756
plant,maple_292509018.jpg,reticle,fern,plant,a photo of Polypodiopsida.,0.271705
plant,maple_292509018.jpg,reticle,clover,plant,a photo of Trifolium.,0.257680
plant,maple_292509018.jpg,reticle,pine,plant,a photo of Pinus.,0.263300
plant,maple_292509018.jpg,reticle,dandelion,plant,a photo of Taraxacum.,0.287602
plant,maple_292509018.jpg,reticle,poison ivy,hazard,a photo of Toxicodendron radicans.,0.371250
plant,maple_292509018.jpg,reticle,poison oak,hazard,a photo of Toxicodendron pubescens.,0.344705
plant,maple_292509018.jpg,reticle,poison sumac,hazard,a photo of Toxicodendron vernix.,0.327902
plant,maple_292509018.jpg,reticle,pokeweed,hazard,a photo of Phytolacca americana.,0.300336
plant,maple_292509018.jpg,reticle,Carolina horsenettle,hazard,a photo of Solanum carolinense.,0.281370
plant,maple_292509018.jpg,reticle,lawn,scene,a photo of lawn.,0.285125
plant,maple_292509018.jpg,reticle,field,scene,a photo of field.,0.244779
plant,maple_292509018.jpg,reticle,weedy garden bed,scene,a photo of weedy garden bed.,0.201945
plant,maple_292509018.jpg,reticle,pavement,scene,a photo of pavement.,0.271549
plant,maple_292509018.jpg,reticle,person,scene,a photo of person.,0.310645
plant,maple_292509018.jpg,reticle,screen,scene,a photo of screen.,0.336161
plant,maple_285639441.jpg,full,grass,plant,a photo of Poaceae.,0.276497
plant,maple_285639441.jpg,full,oak,plant,a photo of Quercus.,0.350086
plant,maple_285639441.jpg,full,fern,plant,a photo of Polypodiopsida.,0.277834
plant,maple_285639441.jpg,full,clover,plant,a photo of Trifolium.,0.241159
plant,maple_285639441.jpg,full,pine,plant,a photo of Pinus.,0.287825
plant,maple_285639441.jpg,full,dandelion,plant,a photo of Taraxacum.,0.336043
plant,maple_285639441.jpg,full,poison ivy,hazard,a photo of Toxicodendron radicans.,0.401156
plant,maple_285639441.jpg,full,poison oak,hazard,a photo of Toxicodendron pubescens.,0.366472
plant,maple_285639441.jpg,full,poison sumac,hazard,a photo of Toxicodendron vernix.,0.297420
plant,maple_285639441.jpg,full,pokeweed,hazard,a photo of Phytolacca americana.,0.329025
plant,maple_285639441.jpg,full,Carolina horsenettle,hazard,a photo of Solanum carolinense.,0.346062
plant,maple_285639441.jpg,full,lawn,scene,a photo of lawn.,0.277972
plant,maple_285639441.jpg,full,field,scene,a photo of field.,0.269257
plant,maple_285639441.jpg,full,weedy garden bed,scene,a photo of weedy garden bed.,0.196227
plant,maple_285639441.jpg,full,pavement,scene,a photo of pavement.,0.267101
plant,maple_285639441.jpg,full,person,scene,a photo of person.,0.269364
plant,maple_285639441.jpg,full,screen,scene,a photo of screen.,0.337701
plant,maple_285639441.jpg,reticle,grass,plant,a photo of Poaceae.,0.278753
plant,maple_285639441.jpg,reticle,oak,plant,a photo of Quercus.,0.341105
plant,maple_285639441.jpg,reticle,fern,plant,a photo of Polypodiopsida.,0.296618
plant,maple_285639441.jpg,reticle,clover,plant,a photo of Trifolium.,0.242417
plant,maple_285639441.jpg,reticle,pine,plant,a photo of Pinus.,0.285312
plant,maple_285639441.jpg,reticle,dandelion,plant,a photo of Taraxacum.,0.348716
plant,maple_285639441.jpg,reticle,poison ivy,hazard,a photo of Toxicodendron radicans.,0.402985
plant,maple_285639441.jpg,reticle,poison oak,hazard,a photo of Toxicodendron pubescens.,0.337011
plant,maple_285639441.jpg,reticle,poison sumac,hazard,a photo of Toxicodendron vernix.,0.281290
plant,maple_285639441.jpg,reticle,pokeweed,hazard,a photo of Phytolacca americana.,0.343677
plant,maple_285639441.jpg,reticle,Carolina horsenettle,hazard,a photo of Solanum carolinense.,0.362865
plant,maple_285639441.jpg,reticle,lawn,scene,a photo of lawn.,0.269372
plant,maple_285639441.jpg,reticle,field,scene,a photo of field.,0.268430
plant,maple_285639441.jpg,reticle,weedy garden bed,scene,a photo of weedy garden bed.,0.199475
plant,maple_285639441.jpg,reticle,pavement,scene,a photo of pavement.,0.273239
plant,maple_285639441.jpg,reticle,person,scene,a photo of person.,0.254706
plant,maple_285639441.jpg,reticle,screen,scene,a photo of screen.,0.333022
plant,maple_72135812.jpg,full,grass,plant,a photo of Poaceae.,0.415043
plant,maple_72135812.jpg,full,oak,plant,a photo of Quercus.,0.404316
plant,maple_72135812.jpg,full,fern,plant,a photo of Polypodiopsida.,0.368011
plant,maple_72135812.jpg,full,clover,plant,a photo of Trifolium.,0.325636
plant,maple_72135812.jpg,full,pine,plant,a photo of Pinus.,0.384556
plant,maple_72135812.jpg,full,dandelion,plant,a photo of Taraxacum.,0.382852
plant,maple_72135812.jpg,full,poison ivy,hazard,a photo of Toxicodendron radicans.,0.355796
plant,maple_72135812.jpg,full,poison oak,hazard,a photo of Toxicodendron pubescens.,0.270648
plant,maple_72135812.jpg,full,poison sumac,hazard,a photo of Toxicodendron vernix.,0.386707
plant,maple_72135812.jpg,full,pokeweed,hazard,a photo of Phytolacca americana.,0.351693
plant,maple_72135812.jpg,full,Carolina horsenettle,hazard,a photo of Solanum carolinense.,0.300518
plant,maple_72135812.jpg,full,lawn,scene,a photo of lawn.,0.296127
plant,maple_72135812.jpg,full,field,scene,a photo of field.,0.373778
plant,maple_72135812.jpg,full,weedy garden bed,scene,a photo of weedy garden bed.,0.360782
plant,maple_72135812.jpg,full,pavement,scene,a photo of pavement.,0.346533
plant,maple_72135812.jpg,full,person,scene,a photo of person.,0.358354
plant,maple_72135812.jpg,full,screen,scene,a photo of screen.,0.447439
plant,maple_72135812.jpg,reticle,grass,plant,a photo of Poaceae.,0.468342
plant,maple_72135812.jpg,reticle,oak,plant,a photo of Quercus.,0.454595
plant,maple_72135812.jpg,reticle,fern,plant,a photo of Polypodiopsida.,0.448656
plant,maple_72135812.jpg,reticle,clover,plant,a photo of Trifolium.,0.370721
plant,maple_72135812.jpg,reticle,pine,plant,a photo of Pinus.,0.454113
plant,maple_72135812.jpg,reticle,dandelion,plant,a photo of Taraxacum.,0.386436
plant,maple_72135812.jpg,reticle,poison ivy,hazard,a photo of Toxicodendron radicans.,0.379480
plant,maple_72135812.jpg,reticle,poison oak,hazard,a photo of Toxicodendron pubescens.,0.355707
plant,maple_72135812.jpg,reticle,poison sumac,hazard,a photo of Toxicodendron vernix.,0.343096
plant,maple_72135812.jpg,reticle,pokeweed,hazard,a photo of Phytolacca americana.,0.390101
plant,maple_72135812.jpg,reticle,Carolina horsenettle,hazard,a photo of Solanum carolinense.,0.307843
plant,maple_72135812.jpg,reticle,lawn,scene,a photo of lawn.,0.366876
plant,maple_72135812.jpg,reticle,field,scene,a photo of field.,0.458453
plant,maple_72135812.jpg,reticle,weedy garden bed,scene,a photo of weedy garden bed.,0.435748
plant,maple_72135812.jpg,reticle,pavement,scene,a photo of pavement.,0.408640
plant,maple_72135812.jpg,reticle,person,scene,a photo of person.,0.388284
plant,maple_72135812.jpg,reticle,screen,scene,a photo of screen.,0.474801
plant,maple_74594102.jpg,full,grass,plant,a photo of Poaceae.,0.279171
plant,maple_74594102.jpg,full,oak,plant,a photo of Quercus.,0.342245
plant,maple_74594102.jpg,full,fern,plant,a photo of Polypodiopsida.,0.288576
plant,maple_74594102.jpg,full,clover,plant,a photo of Trifolium.,0.239902
plant,maple_74594102.jpg,full,pine,plant,a photo of Pinus.,0.270206
plant,maple_74594102.jpg,full,dandelion,plant,a photo of Taraxacum.,0.324066
plant,maple_74594102.jpg,full,poison ivy,hazard,a photo of Toxicodendron radicans.,0.422666
plant,maple_74594102.jpg,full,poison oak,hazard,a photo of Toxicodendron pubescens.,0.419628
plant,maple_74594102.jpg,full,poison sumac,hazard,a photo of Toxicodendron vernix.,0.318790
plant,maple_74594102.jpg,full,pokeweed,hazard,a photo of Phytolacca americana.,0.361913
plant,maple_74594102.jpg,full,Carolina horsenettle,hazard,a photo of Solanum carolinense.,0.390706
plant,maple_74594102.jpg,full,lawn,scene,a photo of lawn.,0.260127
plant,maple_74594102.jpg,full,field,scene,a photo of field.,0.245346
plant,maple_74594102.jpg,full,weedy garden bed,scene,a photo of weedy garden bed.,0.204409
plant,maple_74594102.jpg,full,pavement,scene,a photo of pavement.,0.247562
plant,maple_74594102.jpg,full,person,scene,a photo of person.,0.275746
plant,maple_74594102.jpg,full,screen,scene,a photo of screen.,0.316262
plant,maple_74594102.jpg,reticle,grass,plant,a photo of Poaceae.,0.270028
plant,maple_74594102.jpg,reticle,oak,plant,a photo of Quercus.,0.336641
plant,maple_74594102.jpg,reticle,fern,plant,a photo of Polypodiopsida.,0.286961
plant,maple_74594102.jpg,reticle,clover,plant,a photo of Trifolium.,0.243158
plant,maple_74594102.jpg,reticle,pine,plant,a photo of Pinus.,0.272269
plant,maple_74594102.jpg,reticle,dandelion,plant,a photo of Taraxacum.,0.330182
plant,maple_74594102.jpg,reticle,poison ivy,hazard,a photo of Toxicodendron radicans.,0.448552
plant,maple_74594102.jpg,reticle,poison oak,hazard,a photo of Toxicodendron pubescens.,0.418252
plant,maple_74594102.jpg,reticle,poison sumac,hazard,a photo of Toxicodendron vernix.,0.326364
plant,maple_74594102.jpg,reticle,pokeweed,hazard,a photo of Phytolacca americana.,0.363116
plant,maple_74594102.jpg,reticle,Carolina horsenettle,hazard,a photo of Solanum carolinense.,0.365321
plant,maple_74594102.jpg,reticle,lawn,scene,a photo of lawn.,0.255293
plant,maple_74594102.jpg,reticle,field,scene,a photo of field.,0.235018
plant,maple_74594102.jpg,reticle,weedy garden bed,scene,a photo of weedy garden bed.,0.199451
plant,maple_74594102.jpg,reticle,pavement,scene,a photo of pavement.,0.246697
plant,maple_74594102.jpg,reticle,person,scene,a photo of person.,0.255065
plant,maple_74594102.jpg,reticle,screen,scene,a photo of screen.,0.309149
plant,maple_241038100.jpg,full,grass,plant,a photo of Poaceae.,0.302793
plant,maple_241038100.jpg,full,oak,plant,a photo of Quercus.,0.356001
plant,maple_241038100.jpg,full,fern,plant,a photo of Polypodiopsida.,0.308013
plant,maple_241038100.jpg,full,clover,plant,a photo of Trifolium.,0.231308
plant,maple_241038100.jpg,full,pine,plant,a photo of Pinus.,0.252995
plant,maple_241038100.jpg,full,dandelion,plant,a photo of Taraxacum.,0.251232
plant,maple_241038100.jpg,full,poison ivy,hazard,a photo of Toxicodendron radicans.,0.455449
plant,maple_241038100.jpg,full,poison oak,hazard,a photo of Toxicodendron pubescens.,0.352206
plant,maple_241038100.jpg,full,poison sumac,hazard,a photo of Toxicodendron vernix.,0.402903
plant,maple_241038100.jpg,full,pokeweed,hazard,a photo of Phytolacca americana.,0.397688
plant,maple_241038100.jpg,full,Carolina horsenettle,hazard,a photo of Solanum carolinense.,0.349244
plant,maple_241038100.jpg,full,lawn,scene,a photo of lawn.,0.252587
plant,maple_241038100.jpg,full,field,scene,a photo of field.,0.230987
plant,maple_241038100.jpg,full,weedy garden bed,scene,a photo of weedy garden bed.,0.219287
plant,maple_241038100.jpg,full,pavement,scene,a photo of pavement.,0.280899
plant,maple_241038100.jpg,full,person,scene,a photo of person.,0.339263
plant,maple_241038100.jpg,full,screen,scene,a photo of screen.,0.329246
plant,maple_241038100.jpg,reticle,grass,plant,a photo of Poaceae.,0.318456
plant,maple_241038100.jpg,reticle,oak,plant,a photo of Quercus.,0.370689
plant,maple_241038100.jpg,reticle,fern,plant,a photo of Polypodiopsida.,0.332716
plant,maple_241038100.jpg,reticle,clover,plant,a photo of Trifolium.,0.249548
plant,maple_241038100.jpg,reticle,pine,plant,a photo of Pinus.,0.296431
plant,maple_241038100.jpg,reticle,dandelion,plant,a photo of Taraxacum.,0.251374
plant,maple_241038100.jpg,reticle,poison ivy,hazard,a photo of Toxicodendron radicans.,0.374534
plant,maple_241038100.jpg,reticle,poison oak,hazard,a photo of Toxicodendron pubescens.,0.308833
plant,maple_241038100.jpg,reticle,poison sumac,hazard,a photo of Toxicodendron vernix.,0.340665
plant,maple_241038100.jpg,reticle,pokeweed,hazard,a photo of Phytolacca americana.,0.374560
plant,maple_241038100.jpg,reticle,Carolina horsenettle,hazard,a photo of Solanum carolinense.,0.303637
plant,maple_241038100.jpg,reticle,lawn,scene,a photo of lawn.,0.240388
plant,maple_241038100.jpg,reticle,field,scene,a photo of field.,0.269044
plant,maple_241038100.jpg,reticle,weedy garden bed,scene,a photo of weedy garden bed.,0.231800
plant,maple_241038100.jpg,reticle,pavement,scene,a photo of pavement.,0.281621
plant,maple_241038100.jpg,reticle,person,scene,a photo of person.,0.367118
plant,maple_241038100.jpg,reticle,screen,scene,a photo of screen.,0.334226
plant,maple_174967757.jpg,full,grass,plant,a photo of Poaceae.,0.236674
plant,maple_174967757.jpg,full,oak,plant,a photo of Quercus.,0.272958
plant,maple_174967757.jpg,full,fern,plant,a photo of Polypodiopsida.,0.279469
plant,maple_174967757.jpg,full,clover,plant,a photo of Trifolium.,0.235460
plant,maple_174967757.jpg,full,pine,plant,a photo of Pinus.,0.251386
plant,maple_174967757.jpg,full,dandelion,plant,a photo of Taraxacum.,0.255289
plant,maple_174967757.jpg,full,poison ivy,hazard,a photo of Toxicodendron radicans.,0.340352
plant,maple_174967757.jpg,full,poison oak,hazard,a photo of Toxicodendron pubescens.,0.304051
plant,maple_174967757.jpg,full,poison sumac,hazard,a photo of Toxicodendron vernix.,0.353101
plant,maple_174967757.jpg,full,pokeweed,hazard,a photo of Phytolacca americana.,0.310675
plant,maple_174967757.jpg,full,Carolina horsenettle,hazard,a photo of Solanum carolinense.,0.277307
plant,maple_174967757.jpg,full,lawn,scene,a photo of lawn.,0.210424
plant,maple_174967757.jpg,full,field,scene,a photo of field.,0.205402
plant,maple_174967757.jpg,full,weedy garden bed,scene,a photo of weedy garden bed.,0.211140
plant,maple_174967757.jpg,full,pavement,scene,a photo of pavement.,0.230691
plant,maple_174967757.jpg,full,person,scene,a photo of person.,0.208433
plant,maple_174967757.jpg,full,screen,scene,a photo of screen.,0.289727
plant,maple_174967757.jpg,reticle,grass,plant,a photo of Poaceae.,0.266775
plant,maple_174967757.jpg,reticle,oak,plant,a photo of Quercus.,0.274557
plant,maple_174967757.jpg,reticle,fern,plant,a photo of Polypodiopsida.,0.304959
plant,maple_174967757.jpg,reticle,clover,plant,a photo of Trifolium.,0.253879
plant,maple_174967757.jpg,reticle,pine,plant,a photo of Pinus.,0.262168
plant,maple_174967757.jpg,reticle,dandelion,plant,a photo of Taraxacum.,0.263431
plant,maple_174967757.jpg,reticle,poison ivy,hazard,a photo of Toxicodendron radicans.,0.332624
plant,maple_174967757.jpg,reticle,poison oak,hazard,a photo of Toxicodendron pubescens.,0.301128
plant,maple_174967757.jpg,reticle,poison sumac,hazard,a photo of Toxicodendron vernix.,0.330959
plant,maple_174967757.jpg,reticle,pokeweed,hazard,a photo of Phytolacca americana.,0.320150
plant,maple_174967757.jpg,reticle,Carolina horsenettle,hazard,a photo of Solanum carolinense.,0.278679
plant,maple_174967757.jpg,reticle,lawn,scene,a photo of lawn.,0.252093
plant,maple_174967757.jpg,reticle,field,scene,a photo of field.,0.245153
plant,maple_174967757.jpg,reticle,weedy garden bed,scene,a photo of weedy garden bed.,0.257818
plant,maple_174967757.jpg,reticle,pavement,scene,a photo of pavement.,0.263848
plant,maple_174967757.jpg,reticle,person,scene,a photo of person.,0.238133
plant,maple_174967757.jpg,reticle,screen,scene,a photo of screen.,0.332438
plant,sweetgum_267797916.jpg,full,grass,plant,a photo of Poaceae.,0.291340
plant,sweetgum_267797916.jpg,full,oak,plant,a photo of Quercus.,0.387989
plant,sweetgum_267797916.jpg,full,fern,plant,a photo of Polypodiopsida.,0.296194
plant,sweetgum_267797916.jpg,full,clover,plant,a photo of Trifolium.,0.318114
plant,sweetgum_267797916.jpg,full,pine,plant,a photo of Pinus.,0.327239
plant,sweetgum_267797916.jpg,full,dandelion,plant,a photo of Taraxacum.,0.372782
plant,sweetgum_267797916.jpg,full,poison ivy,hazard,a photo of Toxicodendron radicans.,0.331377
plant,sweetgum_267797916.jpg,full,poison oak,hazard,a photo of Toxicodendron pubescens.,0.248532
plant,sweetgum_267797916.jpg,full,poison sumac,hazard,a photo of Toxicodendron vernix.,0.222298
plant,sweetgum_267797916.jpg,full,pokeweed,hazard,a photo of Phytolacca americana.,0.335673
plant,sweetgum_267797916.jpg,full,Carolina horsenettle,hazard,a photo of Solanum carolinense.,0.282913
plant,sweetgum_267797916.jpg,full,lawn,scene,a photo of lawn.,0.273359
plant,sweetgum_267797916.jpg,full,field,scene,a photo of field.,0.304009
plant,sweetgum_267797916.jpg,full,weedy garden bed,scene,a photo of weedy garden bed.,0.233311
plant,sweetgum_267797916.jpg,full,pavement,scene,a photo of pavement.,0.304768
plant,sweetgum_267797916.jpg,full,person,scene,a photo of person.,0.251451
plant,sweetgum_267797916.jpg,full,screen,scene,a photo of screen.,0.357713
plant,sweetgum_267797916.jpg,reticle,grass,plant,a photo of Poaceae.,0.355685
plant,sweetgum_267797916.jpg,reticle,oak,plant,a photo of Quercus.,0.417681
plant,sweetgum_267797916.jpg,reticle,fern,plant,a photo of Polypodiopsida.,0.371400
plant,sweetgum_267797916.jpg,reticle,clover,plant,a photo of Trifolium.,0.360718
plant,sweetgum_267797916.jpg,reticle,pine,plant,a photo of Pinus.,0.378243
plant,sweetgum_267797916.jpg,reticle,dandelion,plant,a photo of Taraxacum.,0.393262
plant,sweetgum_267797916.jpg,reticle,poison ivy,hazard,a photo of Toxicodendron radicans.,0.356954
plant,sweetgum_267797916.jpg,reticle,poison oak,hazard,a photo of Toxicodendron pubescens.,0.294119
plant,sweetgum_267797916.jpg,reticle,poison sumac,hazard,a photo of Toxicodendron vernix.,0.264773
plant,sweetgum_267797916.jpg,reticle,pokeweed,hazard,a photo of Phytolacca americana.,0.349851
plant,sweetgum_267797916.jpg,reticle,Carolina horsenettle,hazard,a photo of Solanum carolinense.,0.293880
plant,sweetgum_267797916.jpg,reticle,lawn,scene,a photo of lawn.,0.338721
plant,sweetgum_267797916.jpg,reticle,field,scene,a photo of field.,0.413513
plant,sweetgum_267797916.jpg,reticle,weedy garden bed,scene,a photo of weedy garden bed.,0.288389
plant,sweetgum_267797916.jpg,reticle,pavement,scene,a photo of pavement.,0.365637
plant,sweetgum_267797916.jpg,reticle,person,scene,a photo of person.,0.330706
plant,sweetgum_267797916.jpg,reticle,screen,scene,a photo of screen.,0.419828
plant,sweetgum_186693668.jpg,full,grass,plant,a photo of Poaceae.,0.352189
plant,sweetgum_186693668.jpg,full,oak,plant,a photo of Quercus.,0.420852
plant,sweetgum_186693668.jpg,full,fern,plant,a photo of Polypodiopsida.,0.342166
plant,sweetgum_186693668.jpg,full,clover,plant,a photo of Trifolium.,0.381152
plant,sweetgum_186693668.jpg,full,pine,plant,a photo of Pinus.,0.370957
plant,sweetgum_186693668.jpg,full,dandelion,plant,a photo of Taraxacum.,0.355815
plant,sweetgum_186693668.jpg,full,poison ivy,hazard,a photo of Toxicodendron radicans.,0.400514
plant,sweetgum_186693668.jpg,full,poison oak,hazard,a photo of Toxicodendron pubescens.,0.333792
plant,sweetgum_186693668.jpg,full,poison sumac,hazard,a photo of Toxicodendron vernix.,0.318575
plant,sweetgum_186693668.jpg,full,pokeweed,hazard,a photo of Phytolacca americana.,0.397960
plant,sweetgum_186693668.jpg,full,Carolina horsenettle,hazard,a photo of Solanum carolinense.,0.349208
plant,sweetgum_186693668.jpg,full,lawn,scene,a photo of lawn.,0.330288
plant,sweetgum_186693668.jpg,full,field,scene,a photo of field.,0.338383
plant,sweetgum_186693668.jpg,full,weedy garden bed,scene,a photo of weedy garden bed.,0.291066
plant,sweetgum_186693668.jpg,full,pavement,scene,a photo of pavement.,0.348288
plant,sweetgum_186693668.jpg,full,person,scene,a photo of person.,0.315312
plant,sweetgum_186693668.jpg,full,screen,scene,a photo of screen.,0.379529
plant,sweetgum_186693668.jpg,reticle,grass,plant,a photo of Poaceae.,0.409691
plant,sweetgum_186693668.jpg,reticle,oak,plant,a photo of Quercus.,0.428782
plant,sweetgum_186693668.jpg,reticle,fern,plant,a photo of Polypodiopsida.,0.385121
plant,sweetgum_186693668.jpg,reticle,clover,plant,a photo of Trifolium.,0.406063
plant,sweetgum_186693668.jpg,reticle,pine,plant,a photo of Pinus.,0.385717
plant,sweetgum_186693668.jpg,reticle,dandelion,plant,a photo of Taraxacum.,0.397102
plant,sweetgum_186693668.jpg,reticle,poison ivy,hazard,a photo of Toxicodendron radicans.,0.388826
plant,sweetgum_186693668.jpg,reticle,poison oak,hazard,a photo of Toxicodendron pubescens.,0.315704
plant,sweetgum_186693668.jpg,reticle,poison sumac,hazard,a photo of Toxicodendron vernix.,0.376594
plant,sweetgum_186693668.jpg,reticle,pokeweed,hazard,a photo of Phytolacca americana.,0.430007
plant,sweetgum_186693668.jpg,reticle,Carolina horsenettle,hazard,a photo of Solanum carolinense.,0.374868
plant,sweetgum_186693668.jpg,reticle,lawn,scene,a photo of lawn.,0.345121
plant,sweetgum_186693668.jpg,reticle,field,scene,a photo of field.,0.388685
plant,sweetgum_186693668.jpg,reticle,weedy garden bed,scene,a photo of weedy garden bed.,0.318936
plant,sweetgum_186693668.jpg,reticle,pavement,scene,a photo of pavement.,0.390797
plant,sweetgum_186693668.jpg,reticle,person,scene,a photo of person.,0.334394
plant,sweetgum_186693668.jpg,reticle,screen,scene,a photo of screen.,0.383092
plant,sweetgum_93428583.jpg,full,grass,plant,a photo of Poaceae.,0.254327
plant,sweetgum_93428583.jpg,full,oak,plant,a photo of Quercus.,0.362972
plant,sweetgum_93428583.jpg,full,fern,plant,a photo of Polypodiopsida.,0.253857
plant,sweetgum_93428583.jpg,full,clover,plant,a photo of Trifolium.,0.265906
plant,sweetgum_93428583.jpg,full,pine,plant,a photo of Pinus.,0.308604
plant,sweetgum_93428583.jpg,full,dandelion,plant,a photo of Taraxacum.,0.319222
plant,sweetgum_93428583.jpg,full,poison ivy,hazard,a photo of Toxicodendron radicans.,0.415088
plant,sweetgum_93428583.jpg,full,poison oak,hazard,a photo of Toxicodendron pubescens.,0.327677
plant,sweetgum_93428583.jpg,full,poison sumac,hazard,a photo of Toxicodendron vernix.,0.322344
plant,sweetgum_93428583.jpg,full,pokeweed,hazard,a photo of Phytolacca americana.,0.382686
plant,sweetgum_93428583.jpg,full,Carolina horsenettle,hazard,a photo of Solanum carolinense.,0.361910
plant,sweetgum_93428583.jpg,full,lawn,scene,a photo of lawn.,0.258626
plant,sweetgum_93428583.jpg,full,field,scene,a photo of field.,0.266898
plant,sweetgum_93428583.jpg,full,weedy garden bed,scene,a photo of weedy garden bed.,0.184260
plant,sweetgum_93428583.jpg,full,pavement,scene,a photo of pavement.,0.252837
plant,sweetgum_93428583.jpg,full,person,scene,a photo of person.,0.259843
plant,sweetgum_93428583.jpg,full,screen,scene,a photo of screen.,0.347857
plant,sweetgum_93428583.jpg,reticle,grass,plant,a photo of Poaceae.,0.243352
plant,sweetgum_93428583.jpg,reticle,oak,plant,a photo of Quercus.,0.353621
plant,sweetgum_93428583.jpg,reticle,fern,plant,a photo of Polypodiopsida.,0.255201
plant,sweetgum_93428583.jpg,reticle,clover,plant,a photo of Trifolium.,0.253402
plant,sweetgum_93428583.jpg,reticle,pine,plant,a photo of Pinus.,0.278314
plant,sweetgum_93428583.jpg,reticle,dandelion,plant,a photo of Taraxacum.,0.323937
plant,sweetgum_93428583.jpg,reticle,poison ivy,hazard,a photo of Toxicodendron radicans.,0.395446
plant,sweetgum_93428583.jpg,reticle,poison oak,hazard,a photo of Toxicodendron pubescens.,0.326930
plant,sweetgum_93428583.jpg,reticle,poison sumac,hazard,a photo of Toxicodendron vernix.,0.293420
plant,sweetgum_93428583.jpg,reticle,pokeweed,hazard,a photo of Phytolacca americana.,0.334116
plant,sweetgum_93428583.jpg,reticle,Carolina horsenettle,hazard,a photo of Solanum carolinense.,0.343925
plant,sweetgum_93428583.jpg,reticle,lawn,scene,a photo of lawn.,0.266505
plant,sweetgum_93428583.jpg,reticle,field,scene,a photo of field.,0.254892
plant,sweetgum_93428583.jpg,reticle,weedy garden bed,scene,a photo of weedy garden bed.,0.169651
plant,sweetgum_93428583.jpg,reticle,pavement,scene,a photo of pavement.,0.250343
plant,sweetgum_93428583.jpg,reticle,person,scene,a photo of person.,0.253482
plant,sweetgum_93428583.jpg,reticle,screen,scene,a photo of screen.,0.337495
plant,sweetgum_96329510.jpg,full,grass,plant,a photo of Poaceae.,0.225133
plant,sweetgum_96329510.jpg,full,oak,plant,a photo of Quercus.,0.262255
plant,sweetgum_96329510.jpg,full,fern,plant,a photo of Polypodiopsida.,0.258899
plant,sweetgum_96329510.jpg,full,clover,plant,a photo of Trifolium.,0.214756
plant,sweetgum_96329510.jpg,full,pine,plant,a photo of Pinus.,0.273179
plant,sweetgum_96329510.jpg,full,dandelion,plant,a photo of Taraxacum.,0.223739
plant,sweetgum_96329510.jpg,full,poison ivy,hazard,a photo of Toxicodendron radicans.,0.393809
plant,sweetgum_96329510.jpg,full,poison oak,hazard,a photo of Toxicodendron pubescens.,0.338617
plant,sweetgum_96329510.jpg,full,poison sumac,hazard,a photo of Toxicodendron vernix.,0.300137
plant,sweetgum_96329510.jpg,full,pokeweed,hazard,a photo of Phytolacca americana.,0.392966
plant,sweetgum_96329510.jpg,full,Carolina horsenettle,hazard,a photo of Solanum carolinense.,0.384855
plant,sweetgum_96329510.jpg,full,lawn,scene,a photo of lawn.,0.238587
plant,sweetgum_96329510.jpg,full,field,scene,a photo of field.,0.234038
plant,sweetgum_96329510.jpg,full,weedy garden bed,scene,a photo of weedy garden bed.,0.180701
plant,sweetgum_96329510.jpg,full,pavement,scene,a photo of pavement.,0.237142
plant,sweetgum_96329510.jpg,full,person,scene,a photo of person.,0.262495
plant,sweetgum_96329510.jpg,full,screen,scene,a photo of screen.,0.288515
plant,sweetgum_96329510.jpg,reticle,grass,plant,a photo of Poaceae.,0.332962
plant,sweetgum_96329510.jpg,reticle,oak,plant,a photo of Quercus.,0.321230
plant,sweetgum_96329510.jpg,reticle,fern,plant,a photo of Polypodiopsida.,0.363858
plant,sweetgum_96329510.jpg,reticle,clover,plant,a photo of Trifolium.,0.261164
plant,sweetgum_96329510.jpg,reticle,pine,plant,a photo of Pinus.,0.293575
plant,sweetgum_96329510.jpg,reticle,dandelion,plant,a photo of Taraxacum.,0.262169
plant,sweetgum_96329510.jpg,reticle,poison ivy,hazard,a photo of Toxicodendron radicans.,0.405374
plant,sweetgum_96329510.jpg,reticle,poison oak,hazard,a photo of Toxicodendron pubescens.,0.369438
plant,sweetgum_96329510.jpg,reticle,poison sumac,hazard,a photo of Toxicodendron vernix.,0.317405
plant,sweetgum_96329510.jpg,reticle,pokeweed,hazard,a photo of Phytolacca americana.,0.375414
plant,sweetgum_96329510.jpg,reticle,Carolina horsenettle,hazard,a photo of Solanum carolinense.,0.407931
plant,sweetgum_96329510.jpg,reticle,lawn,scene,a photo of lawn.,0.343712
plant,sweetgum_96329510.jpg,reticle,field,scene,a photo of field.,0.353165
plant,sweetgum_96329510.jpg,reticle,weedy garden bed,scene,a photo of weedy garden bed.,0.279562
plant,sweetgum_96329510.jpg,reticle,pavement,scene,a photo of pavement.,0.315933
plant,sweetgum_96329510.jpg,reticle,person,scene,a photo of person.,0.406498
plant,sweetgum_96329510.jpg,reticle,screen,scene,a photo of screen.,0.378638
plant,sweetgum_75817784.jpg,full,grass,plant,a photo of Poaceae.,0.313125
plant,sweetgum_75817784.jpg,full,oak,plant,a photo of Quercus.,0.386677
plant,sweetgum_75817784.jpg,full,fern,plant,a photo of Polypodiopsida.,0.296597
plant,sweetgum_75817784.jpg,full,clover,plant,a photo of Trifolium.,0.392005
plant,sweetgum_75817784.jpg,full,pine,plant,a photo of Pinus.,0.388323
plant,sweetgum_75817784.jpg,full,dandelion,plant,a photo of Taraxacum.,0.429569
plant,sweetgum_75817784.jpg,full,poison ivy,hazard,a photo of Toxicodendron radicans.,0.335417
plant,sweetgum_75817784.jpg,full,poison oak,hazard,a photo of Toxicodendron pubescens.,0.248416
plant,sweetgum_75817784.jpg,full,poison sumac,hazard,a photo of Toxicodendron vernix.,0.267474
plant,sweetgum_75817784.jpg,full,pokeweed,hazard,a photo of Phytolacca americana.,0.366908
plant,sweetgum_75817784.jpg,full,Carolina horsenettle,hazard,a photo of Solanum carolinense.,0.316963
plant,sweetgum_75817784.jpg,full,lawn,scene,a photo of lawn.,0.286419
plant,sweetgum_75817784.jpg,full,field,scene,a photo of field.,0.284963
plant,sweetgum_75817784.jpg,full,weedy garden bed,scene,a photo of weedy garden bed.,0.306436
plant,sweetgum_75817784.jpg,full,pavement,scene,a photo of pavement.,0.268194
plant,sweetgum_75817784.jpg,full,person,scene,a photo of person.,0.329642
plant,sweetgum_75817784.jpg,full,screen,scene,a photo of screen.,0.331347
plant,sweetgum_75817784.jpg,reticle,grass,plant,a photo of Poaceae.,0.394075
plant,sweetgum_75817784.jpg,reticle,oak,plant,a photo of Quercus.,0.370963
plant,sweetgum_75817784.jpg,reticle,fern,plant,a photo of Polypodiopsida.,0.394040
plant,sweetgum_75817784.jpg,reticle,clover,plant,a photo of Trifolium.,0.347068
plant,sweetgum_75817784.jpg,reticle,pine,plant,a photo of Pinus.,0.295529
plant,sweetgum_75817784.jpg,reticle,dandelion,plant,a photo of Taraxacum.,0.383860
plant,sweetgum_75817784.jpg,reticle,poison ivy,hazard,a photo of Toxicodendron radicans.,0.364952
plant,sweetgum_75817784.jpg,reticle,poison oak,hazard,a photo of Toxicodendron pubescens.,0.352595
plant,sweetgum_75817784.jpg,reticle,poison sumac,hazard,a photo of Toxicodendron vernix.,0.332759
plant,sweetgum_75817784.jpg,reticle,pokeweed,hazard,a photo of Phytolacca americana.,0.300362
plant,sweetgum_75817784.jpg,reticle,Carolina horsenettle,hazard,a photo of Solanum carolinense.,0.319253
plant,sweetgum_75817784.jpg,reticle,lawn,scene,a photo of lawn.,0.415635
plant,sweetgum_75817784.jpg,reticle,field,scene,a photo of field.,0.342447
plant,sweetgum_75817784.jpg,reticle,weedy garden bed,scene,a photo of weedy garden bed.,0.513440
plant,sweetgum_75817784.jpg,reticle,pavement,scene,a photo of pavement.,0.450978
plant,sweetgum_75817784.jpg,reticle,person,scene,a photo of person.,0.455649
plant,sweetgum_75817784.jpg,reticle,screen,scene,a photo of screen.,0.393045
plant,sweetgum_388029933.jpg,full,grass,plant,a photo of Poaceae.,0.405317
plant,sweetgum_388029933.jpg,full,oak,plant,a photo of Quercus.,0.483716
plant,sweetgum_388029933.jpg,full,fern,plant,a photo of Polypodiopsida.,0.364414
plant,sweetgum_388029933.jpg,full,clover,plant,a photo of Trifolium.,0.368357
plant,sweetgum_388029933.jpg,full,pine,plant,a photo of Pinus.,0.445381
plant,sweetgum_388029933.jpg,full,dandelion,plant,a photo of Taraxacum.,0.382030
plant,sweetgum_388029933.jpg,full,poison ivy,hazard,a photo of Toxicodendron radicans.,0.403496
plant,sweetgum_388029933.jpg,full,poison oak,hazard,a photo of Toxicodendron pubescens.,0.358664
plant,sweetgum_388029933.jpg,full,poison sumac,hazard,a photo of Toxicodendron vernix.,0.336620
plant,sweetgum_388029933.jpg,full,pokeweed,hazard,a photo of Phytolacca americana.,0.391061
plant,sweetgum_388029933.jpg,full,Carolina horsenettle,hazard,a photo of Solanum carolinense.,0.339886
plant,sweetgum_388029933.jpg,full,lawn,scene,a photo of lawn.,0.364509
plant,sweetgum_388029933.jpg,full,field,scene,a photo of field.,0.328586
plant,sweetgum_388029933.jpg,full,weedy garden bed,scene,a photo of weedy garden bed.,0.356997
plant,sweetgum_388029933.jpg,full,pavement,scene,a photo of pavement.,0.356550
plant,sweetgum_388029933.jpg,full,person,scene,a photo of person.,0.372289
plant,sweetgum_388029933.jpg,full,screen,scene,a photo of screen.,0.428800
plant,sweetgum_388029933.jpg,reticle,grass,plant,a photo of Poaceae.,0.441564
plant,sweetgum_388029933.jpg,reticle,oak,plant,a photo of Quercus.,0.495876
plant,sweetgum_388029933.jpg,reticle,fern,plant,a photo of Polypodiopsida.,0.475248
plant,sweetgum_388029933.jpg,reticle,clover,plant,a photo of Trifolium.,0.398713
plant,sweetgum_388029933.jpg,reticle,pine,plant,a photo of Pinus.,0.506402
plant,sweetgum_388029933.jpg,reticle,dandelion,plant,a photo of Taraxacum.,0.386238
plant,sweetgum_388029933.jpg,reticle,poison ivy,hazard,a photo of Toxicodendron radicans.,0.360613
plant,sweetgum_388029933.jpg,reticle,poison oak,hazard,a photo of Toxicodendron pubescens.,0.336133
plant,sweetgum_388029933.jpg,reticle,poison sumac,hazard,a photo of Toxicodendron vernix.,0.336747
plant,sweetgum_388029933.jpg,reticle,pokeweed,hazard,a photo of Phytolacca americana.,0.362792
plant,sweetgum_388029933.jpg,reticle,Carolina horsenettle,hazard,a photo of Solanum carolinense.,0.300875
plant,sweetgum_388029933.jpg,reticle,lawn,scene,a photo of lawn.,0.403953
plant,sweetgum_388029933.jpg,reticle,field,scene,a photo of field.,0.477723
plant,sweetgum_388029933.jpg,reticle,weedy garden bed,scene,a photo of weedy garden bed.,0.447275
plant,sweetgum_388029933.jpg,reticle,pavement,scene,a photo of pavement.,0.386915
plant,sweetgum_388029933.jpg,reticle,person,scene,a photo of person.,0.440595
plant,sweetgum_388029933.jpg,reticle,screen,scene,a photo of screen.,0.554744
plant,sweetgum_162228324.jpg,full,grass,plant,a photo of Poaceae.,0.292865
plant,sweetgum_162228324.jpg,full,oak,plant,a photo of Quercus.,0.418764
plant,sweetgum_162228324.jpg,full,fern,plant,a photo of Polypodiopsida.,0.266741
plant,sweetgum_162228324.jpg,full,clover,plant,a photo of Trifolium.,0.268891
plant,sweetgum_162228324.jpg,full,pine,plant,a photo of Pinus.,0.314320
plant,sweetgum_162228324.jpg,full,dandelion,plant,a photo of Taraxacum.,0.296806
plant,sweetgum_162228324.jpg,full,poison ivy,hazard,a photo of Toxicodendron radicans.,0.423356
plant,sweetgum_162228324.jpg,full,poison oak,hazard,a photo of Toxicodendron pubescens.,0.311786
plant,sweetgum_162228324.jpg,full,poison sumac,hazard,a photo of Toxicodendron vernix.,0.354607
plant,sweetgum_162228324.jpg,full,pokeweed,hazard,a photo of Phytolacca americana.,0.409958
plant,sweetgum_162228324.jpg,full,Carolina horsenettle,hazard,a photo of Solanum carolinense.,0.339676
plant,sweetgum_162228324.jpg,full,lawn,scene,a photo of lawn.,0.283196
plant,sweetgum_162228324.jpg,full,field,scene,a photo of field.,0.243875
plant,sweetgum_162228324.jpg,full,weedy garden bed,scene,a photo of weedy garden bed.,0.212190
plant,sweetgum_162228324.jpg,full,pavement,scene,a photo of pavement.,0.243258
plant,sweetgum_162228324.jpg,full,person,scene,a photo of person.,0.253798
plant,sweetgum_162228324.jpg,full,screen,scene,a photo of screen.,0.359673
plant,sweetgum_162228324.jpg,reticle,grass,plant,a photo of Poaceae.,0.313123
plant,sweetgum_162228324.jpg,reticle,oak,plant,a photo of Quercus.,0.451889
plant,sweetgum_162228324.jpg,reticle,fern,plant,a photo of Polypodiopsida.,0.283174
plant,sweetgum_162228324.jpg,reticle,clover,plant,a photo of Trifolium.,0.281099
plant,sweetgum_162228324.jpg,reticle,pine,plant,a photo of Pinus.,0.340488
plant,sweetgum_162228324.jpg,reticle,dandelion,plant,a photo of Taraxacum.,0.306848
plant,sweetgum_162228324.jpg,reticle,poison ivy,hazard,a photo of Toxicodendron radicans.,0.378391
plant,sweetgum_162228324.jpg,reticle,poison oak,hazard,a photo of Toxicodendron pubescens.,0.330921
plant,sweetgum_162228324.jpg,reticle,poison sumac,hazard,a photo of Toxicodendron vernix.,0.265555
plant,sweetgum_162228324.jpg,reticle,pokeweed,hazard,a photo of Phytolacca americana.,0.414105
plant,sweetgum_162228324.jpg,reticle,Carolina horsenettle,hazard,a photo of Solanum carolinense.,0.346714
plant,sweetgum_162228324.jpg,reticle,lawn,scene,a photo of lawn.,0.290687
plant,sweetgum_162228324.jpg,reticle,field,scene,a photo of field.,0.308448
plant,sweetgum_162228324.jpg,reticle,weedy garden bed,scene,a photo of weedy garden bed.,0.249678
plant,sweetgum_162228324.jpg,reticle,pavement,scene,a photo of pavement.,0.278893
plant,sweetgum_162228324.jpg,reticle,person,scene,a photo of person.,0.249151
plant,sweetgum_162228324.jpg,reticle,screen,scene,a photo of screen.,0.375119
plant,sweetgum_235845659.jpg,full,grass,plant,a photo of Poaceae.,0.220730
plant,sweetgum_235845659.jpg,full,oak,plant,a photo of Quercus.,0.299131
plant,sweetgum_235845659.jpg,full,fern,plant,a photo of Polypodiopsida.,0.233775
plant,sweetgum_235845659.jpg,full,clover,plant,a photo of Trifolium.,0.236711
plant,sweetgum_235845659.jpg,full,pine,plant,a photo of Pinus.,0.276180
plant,sweetgum_235845659.jpg,full,dandelion,plant,a photo of Taraxacum.,0.249782
plant,sweetgum_235845659.jpg,full,poison ivy,hazard,a photo of Toxicodendron radicans.,0.356412
plant,sweetgum_235845659.jpg,full,poison oak,hazard,a photo of Toxicodendron pubescens.,0.280257
plant,sweetgum_235845659.jpg,full,poison sumac,hazard,a photo of Toxicodendron vernix.,0.286727
plant,sweetgum_235845659.jpg,full,pokeweed,hazard,a photo of Phytolacca americana.,0.329485
plant,sweetgum_235845659.jpg,full,Carolina horsenettle,hazard,a photo of Solanum carolinense.,0.311644
plant,sweetgum_235845659.jpg,full,lawn,scene,a photo of lawn.,0.226618
plant,sweetgum_235845659.jpg,full,field,scene,a photo of field.,0.231212
plant,sweetgum_235845659.jpg,full,weedy garden bed,scene,a photo of weedy garden bed.,0.141896
plant,sweetgum_235845659.jpg,full,pavement,scene,a photo of pavement.,0.206562
plant,sweetgum_235845659.jpg,full,person,scene,a photo of person.,0.215181
plant,sweetgum_235845659.jpg,full,screen,scene,a photo of screen.,0.298225
plant,sweetgum_235845659.jpg,reticle,grass,plant,a photo of Poaceae.,0.256662
plant,sweetgum_235845659.jpg,reticle,oak,plant,a photo of Quercus.,0.301768
plant,sweetgum_235845659.jpg,reticle,fern,plant,a photo of Polypodiopsida.,0.271719
plant,sweetgum_235845659.jpg,reticle,clover,plant,a photo of Trifolium.,0.275534
plant,sweetgum_235845659.jpg,reticle,pine,plant,a photo of Pinus.,0.300473
plant,sweetgum_235845659.jpg,reticle,dandelion,plant,a photo of Taraxacum.,0.256519
plant,sweetgum_235845659.jpg,reticle,poison ivy,hazard,a photo of Toxicodendron radicans.,0.347030
plant,sweetgum_235845659.jpg,reticle,poison oak,hazard,a photo of Toxicodendron pubescens.,0.278458
plant,sweetgum_235845659.jpg,reticle,poison sumac,hazard,a photo of Toxicodendron vernix.,0.268690
plant,sweetgum_235845659.jpg,reticle,pokeweed,hazard,a photo of Phytolacca americana.,0.334559
plant,sweetgum_235845659.jpg,reticle,Carolina horsenettle,hazard,a photo of Solanum carolinense.,0.310956
plant,sweetgum_235845659.jpg,reticle,lawn,scene,a photo of lawn.,0.254332
plant,sweetgum_235845659.jpg,reticle,field,scene,a photo of field.,0.250045
plant,sweetgum_235845659.jpg,reticle,weedy garden bed,scene,a photo of weedy garden bed.,0.181399
plant,sweetgum_235845659.jpg,reticle,pavement,scene,a photo of pavement.,0.223928
plant,sweetgum_235845659.jpg,reticle,person,scene,a photo of person.,0.228284
plant,sweetgum_235845659.jpg,reticle,screen,scene,a photo of screen.,0.300258
plant,sweetgum_196672785.jpg,full,grass,plant,a photo of Poaceae.,0.270573
plant,sweetgum_196672785.jpg,full,oak,plant,a photo of Quercus.,0.339679
plant,sweetgum_196672785.jpg,full,fern,plant,a photo of Polypodiopsida.,0.255255
plant,sweetgum_196672785.jpg,full,clover,plant,a photo of Trifolium.,0.324397
plant,sweetgum_196672785.jpg,full,pine,plant,a photo of Pinus.,0.359136
plant,sweetgum_196672785.jpg,full,dandelion,plant,a photo of Taraxacum.,0.336010
plant,sweetgum_196672785.jpg,full,poison ivy,hazard,a photo of Toxicodendron radicans.,0.334251
plant,sweetgum_196672785.jpg,full,poison oak,hazard,a photo of Toxicodendron pubescens.,0.250324
plant,sweetgum_196672785.jpg,full,poison sumac,hazard,a photo of Toxicodendron vernix.,0.228039
plant,sweetgum_196672785.jpg,full,pokeweed,hazard,a photo of Phytolacca americana.,0.353154
plant,sweetgum_196672785.jpg,full,Carolina horsenettle,hazard,a photo of Solanum carolinense.,0.316626
plant,sweetgum_196672785.jpg,full,lawn,scene,a photo of lawn.,0.250313
plant,sweetgum_196672785.jpg,full,field,scene,a photo of field.,0.237977
plant,sweetgum_196672785.jpg,full,weedy garden bed,scene,a photo of weedy garden bed.,0.225184
plant,sweetgum_196672785.jpg,full,pavement,scene,a photo of pavement.,0.231932
plant,sweetgum_196672785.jpg,full,person,scene,a photo of person.,0.252310
plant,sweetgum_196672785.jpg,full,screen,scene,a photo of screen.,0.266719
plant,sweetgum_196672785.jpg,reticle,grass,plant,a photo of Poaceae.,0.373900
plant,sweetgum_196672785.jpg,reticle,oak,plant,a photo of Quercus.,0.386764
plant,sweetgum_196672785.jpg,reticle,fern,plant,a photo of Polypodiopsida.,0.351117
plant,sweetgum_196672785.jpg,reticle,clover,plant,a photo of Trifolium.,0.405525
plant,sweetgum_196672785.jpg,reticle,pine,plant,a photo of Pinus.,0.426302
plant,sweetgum_196672785.jpg,reticle,dandelion,plant,a photo of Taraxacum.,0.387888
plant,sweetgum_196672785.jpg,reticle,poison ivy,hazard,a photo of Toxicodendron radicans.,0.389318
plant,sweetgum_196672785.jpg,reticle,poison oak,hazard,a photo of Toxicodendron pubescens.,0.369683
plant,sweetgum_196672785.jpg,reticle,poison sumac,hazard,a photo of Toxicodendron vernix.,0.300237
plant,sweetgum_196672785.jpg,reticle,pokeweed,hazard,a photo of Phytolacca americana.,0.384779
plant,sweetgum_196672785.jpg,reticle,Carolina horsenettle,hazard,a photo of Solanum carolinense.,0.347010
plant,sweetgum_196672785.jpg,reticle,lawn,scene,a photo of lawn.,0.358174
plant,sweetgum_196672785.jpg,reticle,field,scene,a photo of field.,0.332923
plant,sweetgum_196672785.jpg,reticle,weedy garden bed,scene,a photo of weedy garden bed.,0.342663
plant,sweetgum_196672785.jpg,reticle,pavement,scene,a photo of pavement.,0.352245
plant,sweetgum_196672785.jpg,reticle,person,scene,a photo of person.,0.388741
plant,sweetgum_196672785.jpg,reticle,screen,scene,a photo of screen.,0.362989
plant,sweetgum_267206868.jpg,full,grass,plant,a photo of Poaceae.,0.200461
plant,sweetgum_267206868.jpg,full,oak,plant,a photo of Quercus.,0.272994
plant,sweetgum_267206868.jpg,full,fern,plant,a photo of Polypodiopsida.,0.225349
plant,sweetgum_267206868.jpg,full,clover,plant,a photo of Trifolium.,0.220459
plant,sweetgum_267206868.jpg,full,pine,plant,a photo of Pinus.,0.239362
plant,sweetgum_267206868.jpg,full,dandelion,plant,a photo of Taraxacum.,0.303414
plant,sweetgum_267206868.jpg,full,poison ivy,hazard,a photo of Toxicodendron radicans.,0.344443
plant,sweetgum_267206868.jpg,full,poison oak,hazard,a photo of Toxicodendron pubescens.,0.229108
plant,sweetgum_267206868.jpg,full,poison sumac,hazard,a photo of Toxicodendron vernix.,0.272767
plant,sweetgum_267206868.jpg,full,pokeweed,hazard,a photo of Phytolacca americana.,0.326371
plant,sweetgum_267206868.jpg,full,Carolina horsenettle,hazard,a photo of Solanum carolinense.,0.307636
plant,sweetgum_267206868.jpg,full,lawn,scene,a photo of lawn.,0.183263
plant,sweetgum_267206868.jpg,full,field,scene,a photo of field.,0.203286
plant,sweetgum_267206868.jpg,full,weedy garden bed,scene,a photo of weedy garden bed.,0.145037
plant,sweetgum_267206868.jpg,full,pavement,scene,a photo of pavement.,0.220616
plant,sweetgum_267206868.jpg,full,person,scene,a photo of person.,0.183038
plant,sweetgum_267206868.jpg,full,screen,scene,a photo of screen.,0.256934
plant,sweetgum_267206868.jpg,reticle,grass,plant,a photo of Poaceae.,0.310174
plant,sweetgum_267206868.jpg,reticle,oak,plant,a photo of Quercus.,0.300589
plant,sweetgum_267206868.jpg,reticle,fern,plant,a photo of Polypodiopsida.,0.316921
plant,sweetgum_267206868.jpg,reticle,clover,plant,a photo of Trifolium.,0.302824
plant,sweetgum_267206868.jpg,reticle,pine,plant,a photo of Pinus.,0.301130
plant,sweetgum_267206868.jpg,reticle,dandelion,plant,a photo of Taraxacum.,0.337471
plant,sweetgum_267206868.jpg,reticle,poison ivy,hazard,a photo of Toxicodendron radicans.,0.352344
plant,sweetgum_267206868.jpg,reticle,poison oak,hazard,a photo of Toxicodendron pubescens.,0.264964
plant,sweetgum_267206868.jpg,reticle,poison sumac,hazard,a photo of Toxicodendron vernix.,0.299485
plant,sweetgum_267206868.jpg,reticle,pokeweed,hazard,a photo of Phytolacca americana.,0.393616
plant,sweetgum_267206868.jpg,reticle,Carolina horsenettle,hazard,a photo of Solanum carolinense.,0.392410
plant,sweetgum_267206868.jpg,reticle,lawn,scene,a photo of lawn.,0.260706
plant,sweetgum_267206868.jpg,reticle,field,scene,a photo of field.,0.307463
plant,sweetgum_267206868.jpg,reticle,weedy garden bed,scene,a photo of weedy garden bed.,0.270769
plant,sweetgum_267206868.jpg,reticle,pavement,scene,a photo of pavement.,0.305332
plant,sweetgum_267206868.jpg,reticle,person,scene,a photo of person.,0.258102
plant,sweetgum_267206868.jpg,reticle,screen,scene,a photo of screen.,0.322440
plant,fern_198652148.jpg,full,grass,plant,a photo of Poaceae.,0.387766
plant,fern_198652148.jpg,full,oak,plant,a photo of Quercus.,0.291871
plant,fern_198652148.jpg,full,fern,plant,a photo of Polypodiopsida.,0.531401
plant,fern_198652148.jpg,full,clover,plant,a photo of Trifolium.,0.281673
plant,fern_198652148.jpg,full,pine,plant,a photo of Pinus.,0.337320
plant,fern_198652148.jpg,full,dandelion,plant,a photo of Taraxacum.,0.311261
plant,fern_198652148.jpg,full,poison ivy,hazard,a photo of Toxicodendron radicans.,0.320583
plant,fern_198652148.jpg,full,poison oak,hazard,a photo of Toxicodendron pubescens.,0.304372
plant,fern_198652148.jpg,full,poison sumac,hazard,a photo of Toxicodendron vernix.,0.314861
plant,fern_198652148.jpg,full,pokeweed,hazard,a photo of Phytolacca americana.,0.289123
plant,fern_198652148.jpg,full,Carolina horsenettle,hazard,a photo of Solanum carolinense.,0.268748
plant,fern_198652148.jpg,full,lawn,scene,a photo of lawn.,0.363120
plant,fern_198652148.jpg,full,field,scene,a photo of field.,0.350707
plant,fern_198652148.jpg,full,weedy garden bed,scene,a photo of weedy garden bed.,0.306318
plant,fern_198652148.jpg,full,pavement,scene,a photo of pavement.,0.314796
plant,fern_198652148.jpg,full,person,scene,a photo of person.,0.355128
plant,fern_198652148.jpg,full,screen,scene,a photo of screen.,0.383675
plant,fern_198652148.jpg,reticle,grass,plant,a photo of Poaceae.,0.378039
plant,fern_198652148.jpg,reticle,oak,plant,a photo of Quercus.,0.379177
plant,fern_198652148.jpg,reticle,fern,plant,a photo of Polypodiopsida.,0.459287
plant,fern_198652148.jpg,reticle,clover,plant,a photo of Trifolium.,0.328351
plant,fern_198652148.jpg,reticle,pine,plant,a photo of Pinus.,0.394422
plant,fern_198652148.jpg,reticle,dandelion,plant,a photo of Taraxacum.,0.322273
plant,fern_198652148.jpg,reticle,poison ivy,hazard,a photo of Toxicodendron radicans.,0.320962
plant,fern_198652148.jpg,reticle,poison oak,hazard,a photo of Toxicodendron pubescens.,0.346449
plant,fern_198652148.jpg,reticle,poison sumac,hazard,a photo of Toxicodendron vernix.,0.299826
plant,fern_198652148.jpg,reticle,pokeweed,hazard,a photo of Phytolacca americana.,0.280557
plant,fern_198652148.jpg,reticle,Carolina horsenettle,hazard,a photo of Solanum carolinense.,0.290816
plant,fern_198652148.jpg,reticle,lawn,scene,a photo of lawn.,0.379406
plant,fern_198652148.jpg,reticle,field,scene,a photo of field.,0.340745
plant,fern_198652148.jpg,reticle,weedy garden bed,scene,a photo of weedy garden bed.,0.327822
plant,fern_198652148.jpg,reticle,pavement,scene,a photo of pavement.,0.340806
plant,fern_198652148.jpg,reticle,person,scene,a photo of person.,0.352271
plant,fern_198652148.jpg,reticle,screen,scene,a photo of screen.,0.391905
plant,fern_357862311.jpg,full,grass,plant,a photo of Poaceae.,0.290534
plant,fern_357862311.jpg,full,oak,plant,a photo of Quercus.,0.284265
plant,fern_357862311.jpg,full,fern,plant,a photo of Polypodiopsida.,0.446708
plant,fern_357862311.jpg,full,clover,plant,a photo of Trifolium.,0.240162
plant,fern_357862311.jpg,full,pine,plant,a photo of Pinus.,0.346671
plant,fern_357862311.jpg,full,dandelion,plant,a photo of Taraxacum.,0.266056
plant,fern_357862311.jpg,full,poison ivy,hazard,a photo of Toxicodendron radicans.,0.376540
plant,fern_357862311.jpg,full,poison oak,hazard,a photo of Toxicodendron pubescens.,0.366170
plant,fern_357862311.jpg,full,poison sumac,hazard,a photo of Toxicodendron vernix.,0.273247
plant,fern_357862311.jpg,full,pokeweed,hazard,a photo of Phytolacca americana.,0.366524
plant,fern_357862311.jpg,full,Carolina horsenettle,hazard,a photo of Solanum carolinense.,0.351633
plant,fern_357862311.jpg,full,lawn,scene,a photo of lawn.,0.264070
plant,fern_357862311.jpg,full,field,scene,a photo of field.,0.262204
plant,fern_357862311.jpg,full,weedy garden bed,scene,a photo of weedy garden bed.,0.255366
plant,fern_357862311.jpg,full,pavement,scene,a photo of pavement.,0.235346
plant,fern_357862311.jpg,full,person,scene,a photo of person.,0.262785
plant,fern_357862311.jpg,full,screen,scene,a photo of screen.,0.320055
plant,fern_357862311.jpg,reticle,grass,plant,a photo of Poaceae.,0.296184
plant,fern_357862311.jpg,reticle,oak,plant,a photo of Quercus.,0.317915
plant,fern_357862311.jpg,reticle,fern,plant,a photo of Polypodiopsida.,0.467722
plant,fern_357862311.jpg,reticle,clover,plant,a photo of Trifolium.,0.246159
plant,fern_357862311.jpg,reticle,pine,plant,a photo of Pinus.,0.345012
plant,fern_357862311.jpg,reticle,dandelion,plant,a photo of Taraxacum.,0.290807
plant,fern_357862311.jpg,reticle,poison ivy,hazard,a photo of Toxicodendron radicans.,0.416683
plant,fern_357862311.jpg,reticle,poison oak,hazard,a photo of Toxicodendron pubescens.,0.415497
plant,fern_357862311.jpg,reticle,poison sumac,hazard,a photo of Toxicodendron vernix.,0.306217
plant,fern_357862311.jpg,reticle,pokeweed,hazard,a photo of Phytolacca americana.,0.387107
plant,fern_357862311.jpg,reticle,Carolina horsenettle,hazard,a photo of Solanum carolinense.,0.383189
plant,fern_357862311.jpg,reticle,lawn,scene,a photo of lawn.,0.277031
plant,fern_357862311.jpg,reticle,field,scene,a photo of field.,0.287111
plant,fern_357862311.jpg,reticle,weedy garden bed,scene,a photo of weedy garden bed.,0.235734
plant,fern_357862311.jpg,reticle,pavement,scene,a photo of pavement.,0.258861
plant,fern_357862311.jpg,reticle,person,scene,a photo of person.,0.294088
plant,fern_357862311.jpg,reticle,screen,scene,a photo of screen.,0.317515
plant,fern_322314909.jpg,full,grass,plant,a photo of Poaceae.,0.373127
plant,fern_322314909.jpg,full,oak,plant,a photo of Quercus.,0.287025
plant,fern_322314909.jpg,full,fern,plant,a photo of Polypodiopsida.,0.364964
plant,fern_322314909.jpg,full,clover,plant,a photo of Trifolium.,0.357485
plant,fern_322314909.jpg,full,pine,plant,a photo of Pinus.,0.276010
plant,fern_322314909.jpg,full,dandelion,plant,a photo of Taraxacum.,0.446309
plant,fern_322314909.jpg,full,poison ivy,hazard,a photo of Toxicodendron radicans.,0.318568
plant,fern_322314909.jpg,full,poison oak,hazard,a photo of Toxicodendron pubescens.,0.287584
plant,fern_322314909.jpg,full,poison sumac,hazard,a photo of Toxicodendron vernix.,0.299973
plant,fern_322314909.jpg,full,pokeweed,hazard,a photo of Phytolacca americana.,0.418025
plant,fern_322314909.jpg,full,Carolina horsenettle,hazard,a photo of Solanum carolinense.,0.413125
plant,fern_322314909.jpg,full,lawn,scene,a photo of lawn.,0.346249
plant,fern_322314909.jpg,full,field,scene,a photo of field.,0.314143
plant,fern_322314909.jpg,full,weedy garden bed,scene,a photo of weedy garden bed.,0.297354
plant,fern_322314909.jpg,full,pavement,scene,a photo of pavement.,0.331658
plant,fern_322314909.jpg,full,person,scene,a photo of person.,0.312019
plant,fern_322314909.jpg,full,screen,scene,a photo of screen.,0.345297
plant,fern_322314909.jpg,reticle,grass,plant,a photo of Poaceae.,0.398360
plant,fern_322314909.jpg,reticle,oak,plant,a photo of Quercus.,0.331205
plant,fern_322314909.jpg,reticle,fern,plant,a photo of Polypodiopsida.,0.436970
plant,fern_322314909.jpg,reticle,clover,plant,a photo of Trifolium.,0.377726
plant,fern_322314909.jpg,reticle,pine,plant,a photo of Pinus.,0.333703
plant,fern_322314909.jpg,reticle,dandelion,plant,a photo of Taraxacum.,0.421455
plant,fern_322314909.jpg,reticle,poison ivy,hazard,a photo of Toxicodendron radicans.,0.399750
plant,fern_322314909.jpg,reticle,poison oak,hazard,a photo of Toxicodendron pubescens.,0.304586
plant,fern_322314909.jpg,reticle,poison sumac,hazard,a photo of Toxicodendron vernix.,0.332395
plant,fern_322314909.jpg,reticle,pokeweed,hazard,a photo of Phytolacca americana.,0.445296
plant,fern_322314909.jpg,reticle,Carolina horsenettle,hazard,a photo of Solanum carolinense.,0.433121
plant,fern_322314909.jpg,reticle,lawn,scene,a photo of lawn.,0.374225
plant,fern_322314909.jpg,reticle,field,scene,a photo of field.,0.390107
plant,fern_322314909.jpg,reticle,weedy garden bed,scene,a photo of weedy garden bed.,0.320019
plant,fern_322314909.jpg,reticle,pavement,scene,a photo of pavement.,0.389065
plant,fern_322314909.jpg,reticle,person,scene,a photo of person.,0.368342
plant,fern_322314909.jpg,reticle,screen,scene,a photo of screen.,0.425027
plant,fern_143646740.jpg,full,grass,plant,a photo of Poaceae.,0.323405
plant,fern_143646740.jpg,full,oak,plant,a photo of Quercus.,0.295116
plant,fern_143646740.jpg,full,fern,plant,a photo of Polypodiopsida.,0.376798
plant,fern_143646740.jpg,full,clover,plant,a photo of Trifolium.,0.255544
plant,fern_143646740.jpg,full,pine,plant,a photo of Pinus.,0.267381
plant,fern_143646740.jpg,full,dandelion,plant,a photo of Taraxacum.,0.297338
plant,fern_143646740.jpg,full,poison ivy,hazard,a photo of Toxicodendron radicans.,0.362627
plant,fern_143646740.jpg,full,poison oak,hazard,a photo of Toxicodendron pubescens.,0.318931
plant,fern_143646740.jpg,full,poison sumac,hazard,a photo of Toxicodendron vernix.,0.194432
plant,fern_143646740.jpg,full,pokeweed,hazard,a photo of Phytolacca americana.,0.317747
plant,fern_143646740.jpg,full,Carolina horsenettle,hazard,a photo of Solanum carolinense.,0.334522
plant,fern_143646740.jpg,full,lawn,scene,a photo of lawn.,0.339719
plant,fern_143646740.jpg,full,field,scene,a photo of field.,0.340597
plant,fern_143646740.jpg,full,weedy garden bed,scene,a photo of weedy garden bed.,0.253294
plant,fern_143646740.jpg,full,pavement,scene,a photo of pavement.,0.254185
plant,fern_143646740.jpg,full,person,scene,a photo of person.,0.274221
plant,fern_143646740.jpg,full,screen,scene,a photo of screen.,0.286578
plant,fern_143646740.jpg,reticle,grass,plant,a photo of Poaceae.,0.445294
plant,fern_143646740.jpg,reticle,oak,plant,a photo of Quercus.,0.416334
plant,fern_143646740.jpg,reticle,fern,plant,a photo of Polypodiopsida.,0.432548
plant,fern_143646740.jpg,reticle,clover,plant,a photo of Trifolium.,0.392131
plant,fern_143646740.jpg,reticle,pine,plant,a photo of Pinus.,0.372667
plant,fern_143646740.jpg,reticle,dandelion,plant,a photo of Taraxacum.,0.406691
plant,fern_143646740.jpg,reticle,poison ivy,hazard,a photo of Toxicodendron radicans.,0.447604
plant,fern_143646740.jpg,reticle,poison oak,hazard,a photo of Toxicodendron pubescens.,0.420624
plant,fern_143646740.jpg,reticle,poison sumac,hazard,a photo of Toxicodendron vernix.,0.274672
plant,fern_143646740.jpg,reticle,pokeweed,hazard,a photo of Phytolacca americana.,0.427691
plant,fern_143646740.jpg,reticle,Carolina horsenettle,hazard,a photo of Solanum carolinense.,0.426566
plant,fern_143646740.jpg,reticle,lawn,scene,a photo of lawn.,0.469136
plant,fern_143646740.jpg,reticle,field,scene,a photo of field.,0.410087
plant,fern_143646740.jpg,reticle,weedy garden bed,scene,a photo of weedy garden bed.,0.380905
plant,fern_143646740.jpg,reticle,pavement,scene,a photo of pavement.,0.345117
plant,fern_143646740.jpg,reticle,person,scene,a photo of person.,0.350067
plant,fern_143646740.jpg,reticle,screen,scene,a photo of screen.,0.387911
plant,fern_162459455.jpg,full,grass,plant,a photo of Poaceae.,0.228513
plant,fern_162459455.jpg,full,oak,plant,a photo of Quercus.,0.220148
plant,fern_162459455.jpg,full,fern,plant,a photo of Polypodiopsida.,0.324987
plant,fern_162459455.jpg,full,clover,plant,a photo of Trifolium.,0.218668
plant,fern_162459455.jpg,full,pine,plant,a photo of Pinus.,0.195845
plant,fern_162459455.jpg,full,dandelion,plant,a photo of Taraxacum.,0.258264
plant,fern_162459455.jpg,full,poison ivy,hazard,a photo of Toxicodendron radicans.,0.323506
plant,fern_162459455.jpg,full,poison oak,hazard,a photo of Toxicodendron pubescens.,0.252595
plant,fern_162459455.jpg,full,poison sumac,hazard,a photo of Toxicodendron vernix.,0.263283
plant,fern_162459455.jpg,full,pokeweed,hazard,a photo of Phytolacca americana.,0.275365
plant,fern_162459455.jpg,full,Carolina horsenettle,hazard,a photo of Solanum carolinense.,0.339280
plant,fern_162459455.jpg,full,lawn,scene,a photo of lawn.,0.194135
plant,fern_162459455.jpg,full,field,scene,a photo of field.,0.241867
plant,fern_162459455.jpg,full,weedy garden bed,scene,a photo of weedy garden bed.,0.211841
plant,fern_162459455.jpg,full,pavement,scene,a photo of pavement.,0.244639
plant,fern_162459455.jpg,full,person,scene,a photo of person.,0.168144
plant,fern_162459455.jpg,full,screen,scene,a photo of screen.,0.219025
plant,fern_162459455.jpg,reticle,grass,plant,a photo of Poaceae.,0.241864
plant,fern_162459455.jpg,reticle,oak,plant,a photo of Quercus.,0.232980
plant,fern_162459455.jpg,reticle,fern,plant,a photo of Polypodiopsida.,0.337747
plant,fern_162459455.jpg,reticle,clover,plant,a photo of Trifolium.,0.253346
plant,fern_162459455.jpg,reticle,pine,plant,a photo of Pinus.,0.211885
plant,fern_162459455.jpg,reticle,dandelion,plant,a photo of Taraxacum.,0.261182
plant,fern_162459455.jpg,reticle,poison ivy,hazard,a photo of Toxicodendron radicans.,0.297372
plant,fern_162459455.jpg,reticle,poison oak,hazard,a photo of Toxicodendron pubescens.,0.238820
plant,fern_162459455.jpg,reticle,poison sumac,hazard,a photo of Toxicodendron vernix.,0.256867
plant,fern_162459455.jpg,reticle,pokeweed,hazard,a photo of Phytolacca americana.,0.250877
plant,fern_162459455.jpg,reticle,Carolina horsenettle,hazard,a photo of Solanum carolinense.,0.300153
plant,fern_162459455.jpg,reticle,lawn,scene,a photo of lawn.,0.213264
plant,fern_162459455.jpg,reticle,field,scene,a photo of field.,0.240078
plant,fern_162459455.jpg,reticle,weedy garden bed,scene,a photo of weedy garden bed.,0.230343
plant,fern_162459455.jpg,reticle,pavement,scene,a photo of pavement.,0.244287
plant,fern_162459455.jpg,reticle,person,scene,a photo of person.,0.176781
plant,fern_162459455.jpg,reticle,screen,scene,a photo of screen.,0.231557
plant,fern_174559357.jpg,full,grass,plant,a photo of Poaceae.,0.252997
plant,fern_174559357.jpg,full,oak,plant,a photo of Quercus.,0.288569
plant,fern_174559357.jpg,full,fern,plant,a photo of Polypodiopsida.,0.419708
plant,fern_174559357.jpg,full,clover,plant,a photo of Trifolium.,0.242264
plant,fern_174559357.jpg,full,pine,plant,a photo of Pinus.,0.274411
plant,fern_174559357.jpg,full,dandelion,plant,a photo of Taraxacum.,0.300639
plant,fern_174559357.jpg,full,poison ivy,hazard,a photo of Toxicodendron radicans.,0.375826
plant,fern_174559357.jpg,full,poison oak,hazard,a photo of Toxicodendron pubescens.,0.314982
plant,fern_174559357.jpg,full,poison sumac,hazard,a photo of Toxicodendron vernix.,0.388607
plant,fern_174559357.jpg,full,pokeweed,hazard,a photo of Phytolacca americana.,0.369158
plant,fern_174559357.jpg,full,Carolina horsenettle,hazard,a photo of Solanum carolinense.,0.325041
plant,fern_174559357.jpg,full,lawn,scene,a photo of lawn.,0.244306
plant,fern_174559357.jpg,full,field,scene,a photo of field.,0.290160
plant,fern_174559357.jpg,full,weedy garden bed,scene,a photo of weedy garden bed.,0.280316
plant,fern_174559357.jpg,full,pavement,scene,a photo of pavement.,0.278396
plant,fern_174559357.jpg,full,person,scene,a photo of person.,0.288883
plant,fern_174559357.jpg,full,screen,scene,a photo of screen.,0.360125
plant,fern_174559357.jpg,reticle,grass,plant,a photo of Poaceae.,0.363068
plant,fern_174559357.jpg,reticle,oak,plant,a photo of Quercus.,0.303954
plant,fern_174559357.jpg,reticle,fern,plant,a photo of Polypodiopsida.,0.441041
plant,fern_174559357.jpg,reticle,clover,plant,a photo of Trifolium.,0.335877
plant,fern_174559357.jpg,reticle,pine,plant,a photo of Pinus.,0.321231
plant,fern_174559357.jpg,reticle,dandelion,plant,a photo of Taraxacum.,0.336560
plant,fern_174559357.jpg,reticle,poison ivy,hazard,a photo of Toxicodendron radicans.,0.407251
plant,fern_174559357.jpg,reticle,poison oak,hazard,a photo of Toxicodendron pubescens.,0.381050
plant,fern_174559357.jpg,reticle,poison sumac,hazard,a photo of Toxicodendron vernix.,0.390827
plant,fern_174559357.jpg,reticle,pokeweed,hazard,a photo of Phytolacca americana.,0.428618
plant,fern_174559357.jpg,reticle,Carolina horsenettle,hazard,a photo of Solanum carolinense.,0.407526
plant,fern_174559357.jpg,reticle,lawn,scene,a photo of lawn.,0.334492
plant,fern_174559357.jpg,reticle,field,scene,a photo of field.,0.374740
plant,fern_174559357.jpg,reticle,weedy garden bed,scene,a photo of weedy garden bed.,0.372285
plant,fern_174559357.jpg,reticle,pavement,scene,a photo of pavement.,0.330735
plant,fern_174559357.jpg,reticle,person,scene,a photo of person.,0.316759
plant,fern_174559357.jpg,reticle,screen,scene,a photo of screen.,0.417517
plant,fern_190724351.jpg,full,grass,plant,a photo of Poaceae.,0.303876
plant,fern_190724351.jpg,full,oak,plant,a photo of Quercus.,0.330446
plant,fern_190724351.jpg,full,fern,plant,a photo of Polypodiopsida.,0.464633
plant,fern_190724351.jpg,full,clover,plant,a photo of Trifolium.,0.290771
plant,fern_190724351.jpg,full,pine,plant,a photo of Pinus.,0.279632
plant,fern_190724351.jpg,full,dandelion,plant,a photo of Taraxacum.,0.321783
plant,fern_190724351.jpg,full,poison ivy,hazard,a photo of Toxicodendron radicans.,0.299160
plant,fern_190724351.jpg,full,poison oak,hazard,a photo of Toxicodendron pubescens.,0.300970
plant,fern_190724351.jpg,full,poison sumac,hazard,a photo of Toxicodendron vernix.,0.210512
plant,fern_190724351.jpg,full,pokeweed,hazard,a photo of Phytolacca americana.,0.267343
plant,fern_190724351.jpg,full,Carolina horsenettle,hazard,a photo of Solanum carolinense.,0.212757
plant,fern_190724351.jpg,full,lawn,scene,a photo of lawn.,0.317603
plant,fern_190724351.jpg,full,field,scene,a photo of field.,0.326297
plant,fern_190724351.jpg,full,weedy garden bed,scene,a photo of weedy garden bed.,0.350792
plant,fern_190724351.jpg,full,pavement,scene,a photo of pavement.,0.364748
plant,fern_190724351.jpg,full,person,scene,a photo of person.,0.349400
plant,fern_190724351.jpg,full,screen,scene,a photo of screen.,0.398282
plant,fern_190724351.jpg,reticle,grass,plant,a photo of Poaceae.,0.332114
plant,fern_190724351.jpg,reticle,oak,plant,a photo of Quercus.,0.359996
plant,fern_190724351.jpg,reticle,fern,plant,a photo of Polypodiopsida.,0.497709
plant,fern_190724351.jpg,reticle,clover,plant,a photo of Trifolium.,0.294857
plant,fern_190724351.jpg,reticle,pine,plant,a photo of Pinus.,0.305678
plant,fern_190724351.jpg,reticle,dandelion,plant,a photo of Taraxacum.,0.349084
plant,fern_190724351.jpg,reticle,poison ivy,hazard,a photo of Toxicodendron radicans.,0.333413
plant,fern_190724351.jpg,reticle,poison oak,hazard,a photo of Toxicodendron pubescens.,0.285905
plant,fern_190724351.jpg,reticle,poison sumac,hazard,a photo of Toxicodendron vernix.,0.259266
plant,fern_190724351.jpg,reticle,pokeweed,hazard,a photo of Phytolacca americana.,0.330358
plant,fern_190724351.jpg,reticle,Carolina horsenettle,hazard,a photo of Solanum carolinense.,0.248982
plant,fern_190724351.jpg,reticle,lawn,scene,a photo of lawn.,0.342337
plant,fern_190724351.jpg,reticle,field,scene,a photo of field.,0.378136
plant,fern_190724351.jpg,reticle,weedy garden bed,scene,a photo of weedy garden bed.,0.347334
plant,fern_190724351.jpg,reticle,pavement,scene,a photo of pavement.,0.402346
plant,fern_190724351.jpg,reticle,person,scene,a photo of person.,0.389059
plant,fern_190724351.jpg,reticle,screen,scene,a photo of screen.,0.431821
plant,fern_324782570.jpg,full,grass,plant,a photo of Poaceae.,0.257289
plant,fern_324782570.jpg,full,oak,plant,a photo of Quercus.,0.263862
plant,fern_324782570.jpg,full,fern,plant,a photo of Polypodiopsida.,0.429975
plant,fern_324782570.jpg,full,clover,plant,a photo of Trifolium.,0.238496
plant,fern_324782570.jpg,full,pine,plant,a photo of Pinus.,0.276180
plant,fern_324782570.jpg,full,dandelion,plant,a photo of Taraxacum.,0.289108
plant,fern_324782570.jpg,full,poison ivy,hazard,a photo of Toxicodendron radicans.,0.377775
plant,fern_324782570.jpg,full,poison oak,hazard,a photo of Toxicodendron pubescens.,0.370783
plant,fern_324782570.jpg,full,poison sumac,hazard,a photo of Toxicodendron vernix.,0.256286
plant,fern_324782570.jpg,full,pokeweed,hazard,a photo of Phytolacca americana.,0.306307
plant,fern_324782570.jpg,full,Carolina horsenettle,hazard,a photo of Solanum carolinense.,0.337631
plant,fern_324782570.jpg,full,lawn,scene,a photo of lawn.,0.262924
plant,fern_324782570.jpg,full,field,scene,a photo of field.,0.286955
plant,fern_324782570.jpg,full,weedy garden bed,scene,a photo of weedy garden bed.,0.311499
plant,fern_324782570.jpg,full,pavement,scene,a photo of pavement.,0.273588
plant,fern_324782570.jpg,full,person,scene,a photo of person.,0.253925
plant,fern_324782570.jpg,full,screen,scene,a photo of screen.,0.292185
plant,fern_324782570.jpg,reticle,grass,plant,a photo of Poaceae.,0.291552
plant,fern_324782570.jpg,reticle,oak,plant,a photo of Quercus.,0.281789
plant,fern_324782570.jpg,reticle,fern,plant,a photo of Polypodiopsida.,0.443804
plant,fern_324782570.jpg,reticle,clover,plant,a photo of Trifolium.,0.282118
plant,fern_324782570.jpg,reticle,pine,plant,a photo of Pinus.,0.296407
plant,fern_324782570.jpg,reticle,dandelion,plant,a photo of Taraxacum.,0.339880
plant,fern_324782570.jpg,reticle,poison ivy,hazard,a photo of Toxicodendron radicans.,0.370301
plant,fern_324782570.jpg,reticle,poison oak,hazard,a photo of Toxicodendron pubescens.,0.329146
plant,fern_324782570.jpg,reticle,poison sumac,hazard,a photo of Toxicodendron vernix.,0.261100
plant,fern_324782570.jpg,reticle,pokeweed,hazard,a photo of Phytolacca americana.,0.325987
plant,fern_324782570.jpg,reticle,Carolina horsenettle,hazard,a photo of Solanum carolinense.,0.368858
plant,fern_324782570.jpg,reticle,lawn,scene,a photo of lawn.,0.251788
plant,fern_324782570.jpg,reticle,field,scene,a photo of field.,0.326951
plant,fern_324782570.jpg,reticle,weedy garden bed,scene,a photo of weedy garden bed.,0.308546
plant,fern_324782570.jpg,reticle,pavement,scene,a photo of pavement.,0.309266
plant,fern_324782570.jpg,reticle,person,scene,a photo of person.,0.248178
plant,fern_324782570.jpg,reticle,screen,scene,a photo of screen.,0.284793
plant,fern_113298380.jpg,full,grass,plant,a photo of Poaceae.,0.251544
plant,fern_113298380.jpg,full,oak,plant,a photo of Quercus.,0.225498
plant,fern_113298380.jpg,full,fern,plant,a photo of Polypodiopsida.,0.434109
plant,fern_113298380.jpg,full,clover,plant,a photo of Trifolium.,0.231293
plant,fern_113298380.jpg,full,pine,plant,a photo of Pinus.,0.213038
plant,fern_113298380.jpg,full,dandelion,plant,a photo of Taraxacum.,0.329924
plant,fern_113298380.jpg,full,poison ivy,hazard,a photo of Toxicodendron radicans.,0.332045
plant,fern_113298380.jpg,full,poison oak,hazard,a photo of Toxicodendron pubescens.,0.238267
plant,fern_113298380.jpg,full,poison sumac,hazard,a photo of Toxicodendron vernix.,0.252382
plant,fern_113298380.jpg,full,pokeweed,hazard,a photo of Phytolacca americana.,0.318484
plant,fern_113298380.jpg,full,Carolina horsenettle,hazard,a photo of Solanum carolinense.,0.369719
plant,fern_113298380.jpg,full,lawn,scene,a photo of lawn.,0.242976
plant,fern_113298380.jpg,full,field,scene,a photo of field.,0.347604
plant,fern_113298380.jpg,full,weedy garden bed,scene,a photo of weedy garden bed.,0.186110
plant,fern_113298380.jpg,full,pavement,scene,a photo of pavement.,0.284714
plant,fern_113298380.jpg,full,person,scene,a photo of person.,0.209230
plant,fern_113298380.jpg,full,screen,scene,a photo of screen.,0.269528
plant,fern_113298380.jpg,reticle,grass,plant,a photo of Poaceae.,0.246819
plant,fern_113298380.jpg,reticle,oak,plant,a photo of Quercus.,0.208043
plant,fern_113298380.jpg,reticle,fern,plant,a photo of Polypodiopsida.,0.394864
plant,fern_113298380.jpg,reticle,clover,plant,a photo of Trifolium.,0.221081
plant,fern_113298380.jpg,reticle,pine,plant,a photo of Pinus.,0.211150
plant,fern_113298380.jpg,reticle,dandelion,plant,a photo of Taraxacum.,0.313359
plant,fern_113298380.jpg,reticle,poison ivy,hazard,a photo of Toxicodendron radicans.,0.311483
plant,fern_113298380.jpg,reticle,poison oak,hazard,a photo of Toxicodendron pubescens.,0.220759
plant,fern_113298380.jpg,reticle,poison sumac,hazard,a photo of Toxicodendron vernix.,0.205994
plant,fern_113298380.jpg,reticle,pokeweed,hazard,a photo of Phytolacca americana.,0.298926
plant,fern_113298380.jpg,reticle,Carolina horsenettle,hazard,a photo of Solanum carolinense.,0.356927
plant,fern_113298380.jpg,reticle,lawn,scene,a photo of lawn.,0.223939
plant,fern_113298380.jpg,reticle,field,scene,a photo of field.,0.332392
plant,fern_113298380.jpg,reticle,weedy garden bed,scene,a photo of weedy garden bed.,0.173175
plant,fern_113298380.jpg,reticle,pavement,scene,a photo of pavement.,0.263287
plant,fern_113298380.jpg,reticle,person,scene,a photo of person.,0.146176
plant,fern_113298380.jpg,reticle,screen,scene,a photo of screen.,0.236668
plant,fern_7288531.jpg,full,grass,plant,a photo of Poaceae.,0.418776
plant,fern_7288531.jpg,full,oak,plant,a photo of Quercus.,0.457794
plant,fern_7288531.jpg,full,fern,plant,a photo of Polypodiopsida.,0.532195
plant,fern_7288531.jpg,full,clover,plant,a photo of Trifolium.,0.361967
plant,fern_7288531.jpg,full,pine,plant,a photo of Pinus.,0.363697
plant,fern_7288531.jpg,full,dandelion,plant,a photo of Taraxacum.,0.388254
plant,fern_7288531.jpg,full,poison ivy,hazard,a photo of Toxicodendron radicans.,0.437268
plant,fern_7288531.jpg,full,poison oak,hazard,a photo of Toxicodendron pubescens.,0.361214
plant,fern_7288531.jpg,full,poison sumac,hazard,a photo of Toxicodendron vernix.,0.366078
plant,fern_7288531.jpg,full,pokeweed,hazard,a photo of Phytolacca americana.,0.349626
plant,fern_7288531.jpg,full,Carolina horsenettle,hazard,a photo of Solanum carolinense.,0.329075
plant,fern_7288531.jpg,full,lawn,scene,a photo of lawn.,0.404623
plant,fern_7288531.jpg,full,field,scene,a photo of field.,0.335100
plant,fern_7288531.jpg,full,weedy garden bed,scene,a photo of weedy garden bed.,0.352683
plant,fern_7288531.jpg,full,pavement,scene,a photo of pavement.,0.408675
plant,fern_7288531.jpg,full,person,scene,a photo of person.,0.389560
plant,fern_7288531.jpg,full,screen,scene,a photo of screen.,0.406166
plant,fern_7288531.jpg,reticle,grass,plant,a photo of Poaceae.,0.440742
plant,fern_7288531.jpg,reticle,oak,plant,a photo of Quercus.,0.528609
plant,fern_7288531.jpg,reticle,fern,plant,a photo of Polypodiopsida.,0.504777
plant,fern_7288531.jpg,reticle,clover,plant,a photo of Trifolium.,0.383415
plant,fern_7288531.jpg,reticle,pine,plant,a photo of Pinus.,0.435141
plant,fern_7288531.jpg,reticle,dandelion,plant,a photo of Taraxacum.,0.401020
plant,fern_7288531.jpg,reticle,poison ivy,hazard,a photo of Toxicodendron radicans.,0.461818
plant,fern_7288531.jpg,reticle,poison oak,hazard,a photo of Toxicodendron pubescens.,0.399543
plant,fern_7288531.jpg,reticle,poison sumac,hazard,a photo of Toxicodendron vernix.,0.415433
plant,fern_7288531.jpg,reticle,pokeweed,hazard,a photo of Phytolacca americana.,0.383912
plant,fern_7288531.jpg,reticle,Carolina horsenettle,hazard,a photo of Solanum carolinense.,0.335993
plant,fern_7288531.jpg,reticle,lawn,scene,a photo of lawn.,0.418104
plant,fern_7288531.jpg,reticle,field,scene,a photo of field.,0.386048
plant,fern_7288531.jpg,reticle,weedy garden bed,scene,a photo of weedy garden bed.,0.411349
plant,fern_7288531.jpg,reticle,pavement,scene,a photo of pavement.,0.413456
plant,fern_7288531.jpg,reticle,person,scene,a photo of person.,0.430042
plant,fern_7288531.jpg,reticle,screen,scene,a photo of screen.,0.500081
plant,clover_360420143.jpg,full,grass,plant,a photo of Poaceae.,0.355721
plant,clover_360420143.jpg,full,oak,plant,a photo of Quercus.,0.280391
plant,clover_360420143.jpg,full,fern,plant,a photo of Polypodiopsida.,0.243375
plant,clover_360420143.jpg,full,clover,plant,a photo of Trifolium.,0.480295
plant,clover_360420143.jpg,full,pine,plant,a photo of Pinus.,0.249752
plant,clover_360420143.jpg,full,dandelion,plant,a photo of Taraxacum.,0.346909
plant,clover_360420143.jpg,full,poison ivy,hazard,a photo of Toxicodendron radicans.,0.365468
plant,clover_360420143.jpg,full,poison oak,hazard,a photo of Toxicodendron pubescens.,0.345311
plant,clover_360420143.jpg,full,poison sumac,hazard,a photo of Toxicodendron vernix.,0.250214
plant,clover_360420143.jpg,full,pokeweed,hazard,a photo of Phytolacca americana.,0.303851
plant,clover_360420143.jpg,full,Carolina horsenettle,hazard,a photo of Solanum carolinense.,0.372439
plant,clover_360420143.jpg,full,lawn,scene,a photo of lawn.,0.323414
plant,clover_360420143.jpg,full,field,scene,a photo of field.,0.261430
plant,clover_360420143.jpg,full,weedy garden bed,scene,a photo of weedy garden bed.,0.263245
plant,clover_360420143.jpg,full,pavement,scene,a photo of pavement.,0.265556
plant,clover_360420143.jpg,full,person,scene,a photo of person.,0.245704
plant,clover_360420143.jpg,full,screen,scene,a photo of screen.,0.246136
plant,clover_360420143.jpg,reticle,grass,plant,a photo of Poaceae.,0.368106
plant,clover_360420143.jpg,reticle,oak,plant,a photo of Quercus.,0.302360
plant,clover_360420143.jpg,reticle,fern,plant,a photo of Polypodiopsida.,0.256311
plant,clover_360420143.jpg,reticle,clover,plant,a photo of Trifolium.,0.552378
plant,clover_360420143.jpg,reticle,pine,plant,a photo of Pinus.,0.268450
plant,clover_360420143.jpg,reticle,dandelion,plant,a photo of Taraxacum.,0.375469
plant,clover_360420143.jpg,reticle,poison ivy,hazard,a photo of Toxicodendron radicans.,0.320543
plant,clover_360420143.jpg,reticle,poison oak,hazard,a photo of Toxicodendron pubescens.,0.330258
plant,clover_360420143.jpg,reticle,poison sumac,hazard,a photo of Toxicodendron vernix.,0.232026
plant,clover_360420143.jpg,reticle,pokeweed,hazard,a photo of Phytolacca americana.,0.273706
plant,clover_360420143.jpg,reticle,Carolina horsenettle,hazard,a photo of Solanum carolinense.,0.312638
plant,clover_360420143.jpg,reticle,lawn,scene,a photo of lawn.,0.352735
plant,clover_360420143.jpg,reticle,field,scene,a photo of field.,0.282214
plant,clover_360420143.jpg,reticle,weedy garden bed,scene,a photo of weedy garden bed.,0.320896
plant,clover_360420143.jpg,reticle,pavement,scene,a photo of pavement.,0.303001
plant,clover_360420143.jpg,reticle,person,scene,a photo of person.,0.301164
plant,clover_360420143.jpg,reticle,screen,scene,a photo of screen.,0.304655
plant,clover_116135166.jpg,full,grass,plant,a photo of Poaceae.,0.322307
plant,clover_116135166.jpg,full,oak,plant,a photo of Quercus.,0.262770
plant,clover_116135166.jpg,full,fern,plant,a photo of Polypodiopsida.,0.239670
plant,clover_116135166.jpg,full,clover,plant,a photo of Trifolium.,0.381805
plant,clover_116135166.jpg,full,pine,plant,a photo of Pinus.,0.249536
plant,clover_116135166.jpg,full,dandelion,plant,a photo of Taraxacum.,0.329141
plant,clover_116135166.jpg,full,poison ivy,hazard,a photo of Toxicodendron radicans.,0.318711
plant,clover_116135166.jpg,full,poison oak,hazard,a photo of Toxicodendron pubescens.,0.317663
plant,clover_116135166.jpg,full,poison sumac,hazard,a photo of Toxicodendron vernix.,0.289610
plant,clover_116135166.jpg,full,pokeweed,hazard,a photo of Phytolacca americana.,0.304587
plant,clover_116135166.jpg,full,Carolina horsenettle,hazard,a photo of Solanum carolinense.,0.374160
plant,clover_116135166.jpg,full,lawn,scene,a photo of lawn.,0.319734
plant,clover_116135166.jpg,full,field,scene,a photo of field.,0.307469
plant,clover_116135166.jpg,full,weedy garden bed,scene,a photo of weedy garden bed.,0.285783
plant,clover_116135166.jpg,full,pavement,scene,a photo of pavement.,0.294949
plant,clover_116135166.jpg,full,person,scene,a photo of person.,0.256562
plant,clover_116135166.jpg,full,screen,scene,a photo of screen.,0.338675
plant,clover_116135166.jpg,reticle,grass,plant,a photo of Poaceae.,0.332066
plant,clover_116135166.jpg,reticle,oak,plant,a photo of Quercus.,0.232189
plant,clover_116135166.jpg,reticle,fern,plant,a photo of Polypodiopsida.,0.254930
plant,clover_116135166.jpg,reticle,clover,plant,a photo of Trifolium.,0.464499
plant,clover_116135166.jpg,reticle,pine,plant,a photo of Pinus.,0.259487
plant,clover_116135166.jpg,reticle,dandelion,plant,a photo of Taraxacum.,0.326888
plant,clover_116135166.jpg,reticle,poison ivy,hazard,a photo of Toxicodendron radicans.,0.269750
plant,clover_116135166.jpg,reticle,poison oak,hazard,a photo of Toxicodendron pubescens.,0.261403
plant,clover_116135166.jpg,reticle,poison sumac,hazard,a photo of Toxicodendron vernix.,0.239958
plant,clover_116135166.jpg,reticle,pokeweed,hazard,a photo of Phytolacca americana.,0.290002
plant,clover_116135166.jpg,reticle,Carolina horsenettle,hazard,a photo of Solanum carolinense.,0.315362
plant,clover_116135166.jpg,reticle,lawn,scene,a photo of lawn.,0.296843
plant,clover_116135166.jpg,reticle,field,scene,a photo of field.,0.259004
plant,clover_116135166.jpg,reticle,weedy garden bed,scene,a photo of weedy garden bed.,0.275361
plant,clover_116135166.jpg,reticle,pavement,scene,a photo of pavement.,0.279971
plant,clover_116135166.jpg,reticle,person,scene,a photo of person.,0.217524
plant,clover_116135166.jpg,reticle,screen,scene,a photo of screen.,0.265625
plant,clover_21647604.jpg,full,grass,plant,a photo of Poaceae.,0.255071
plant,clover_21647604.jpg,full,oak,plant,a photo of Quercus.,0.183060
plant,clover_21647604.jpg,full,fern,plant,a photo of Polypodiopsida.,0.154645
plant,clover_21647604.jpg,full,clover,plant,a photo of Trifolium.,0.467285
plant,clover_21647604.jpg,full,pine,plant,a photo of Pinus.,0.199751
plant,clover_21647604.jpg,full,dandelion,plant,a photo of Taraxacum.,0.264016
plant,clover_21647604.jpg,full,poison ivy,hazard,a photo of Toxicodendron radicans.,0.271845
plant,clover_21647604.jpg,full,poison oak,hazard,a photo of Toxicodendron pubescens.,0.282347
plant,clover_21647604.jpg,full,poison sumac,hazard,a photo of Toxicodendron vernix.,0.163170
plant,clover_21647604.jpg,full,pokeweed,hazard,a photo of Phytolacca americana.,0.261158
plant,clover_21647604.jpg,full,Carolina horsenettle,hazard,a photo of Solanum carolinense.,0.211546
plant,clover_21647604.jpg,full,lawn,scene,a photo of lawn.,0.243461
plant,clover_21647604.jpg,full,field,scene,a photo of field.,0.212145
plant,clover_21647604.jpg,full,weedy garden bed,scene,a photo of weedy garden bed.,0.245047
plant,clover_21647604.jpg,full,pavement,scene,a photo of pavement.,0.247411
plant,clover_21647604.jpg,full,person,scene,a photo of person.,0.245030
plant,clover_21647604.jpg,full,screen,scene,a photo of screen.,0.204635
plant,clover_21647604.jpg,reticle,grass,plant,a photo of Poaceae.,0.280126
plant,clover_21647604.jpg,reticle,oak,plant,a photo of Quercus.,0.204662
plant,clover_21647604.jpg,reticle,fern,plant,a photo of Polypodiopsida.,0.182407
plant,clover_21647604.jpg,reticle,clover,plant,a photo of Trifolium.,0.495780
plant,clover_21647604.jpg,reticle,pine,plant,a photo of Pinus.,0.230949
plant,clover_21647604.jpg,reticle,dandelion,plant,a photo of Taraxacum.,0.287534
plant,clover_21647604.jpg,reticle,poison ivy,hazard,a photo of Toxicodendron radicans.,0.289973
plant,clover_21647604.jpg,reticle,poison oak,hazard,a photo of Toxicodendron pubescens.,0.289697
plant,clover_21647604.jpg,reticle,poison sumac,hazard,a photo of Toxicodendron vernix.,0.184890
plant,clover_21647604.jpg,reticle,pokeweed,hazard,a photo of Phytolacca americana.,0.280188
plant,clover_21647604.jpg,reticle,Carolina horsenettle,hazard,a photo of Solanum carolinense.,0.225138
plant,clover_21647604.jpg,reticle,lawn,scene,a photo of lawn.,0.253571
plant,clover_21647604.jpg,reticle,field,scene,a photo of field.,0.243577
plant,clover_21647604.jpg,reticle,weedy garden bed,scene,a photo of weedy garden bed.,0.244161
plant,clover_21647604.jpg,reticle,pavement,scene,a photo of pavement.,0.267134
plant,clover_21647604.jpg,reticle,person,scene,a photo of person.,0.253092
plant,clover_21647604.jpg,reticle,screen,scene,a photo of screen.,0.221784
plant,clover_148398490.jpg,full,grass,plant,a photo of Poaceae.,0.370965
plant,clover_148398490.jpg,full,oak,plant,a photo of Quercus.,0.366885
plant,clover_148398490.jpg,full,fern,plant,a photo of Polypodiopsida.,0.287373
plant,clover_148398490.jpg,full,clover,plant,a photo of Trifolium.,0.478050
plant,clover_148398490.jpg,full,pine,plant,a photo of Pinus.,0.325926
plant,clover_148398490.jpg,full,dandelion,plant,a photo of Taraxacum.,0.362762
plant,clover_148398490.jpg,full,poison ivy,hazard,a photo of Toxicodendron radicans.,0.464182
plant,clover_148398490.jpg,full,poison oak,hazard,a photo of Toxicodendron pubescens.,0.486603
plant,clover_148398490.jpg,full,poison sumac,hazard,a photo of Toxicodendron vernix.,0.350703
plant,clover_148398490.jpg,full,pokeweed,hazard,a photo of Phytolacca americana.,0.355054
plant,clover_148398490.jpg,full,Carolina horsenettle,hazard,a photo of Solanum carolinense.,0.357785
plant,clover_148398490.jpg,full,lawn,scene,a photo of lawn.,0.349107
plant,clover_148398490.jpg,full,field,scene,a photo of field.,0.262338
plant,clover_148398490.jpg,full,weedy garden bed,scene,a photo of weedy garden bed.,0.295003
plant,clover_148398490.jpg,full,pavement,scene,a photo of pavement.,0.356031
plant,clover_148398490.jpg,full,person,scene,a photo of person.,0.354535
plant,clover_148398490.jpg,full,screen,scene,a photo of screen.,0.332991
plant,clover_148398490.jpg,reticle,grass,plant,a photo of Poaceae.,0.322142
plant,clover_148398490.jpg,reticle,oak,plant,a photo of Quercus.,0.259367
plant,clover_148398490.jpg,reticle,fern,plant,a photo of Polypodiopsida.,0.241398
plant,clover_148398490.jpg,reticle,clover,plant,a photo of Trifolium.,0.516432
plant,clover_148398490.jpg,reticle,pine,plant,a photo of Pinus.,0.239187
plant,clover_148398490.jpg,reticle,dandelion,plant,a photo of Taraxacum.,0.346241
plant,clover_148398490.jpg,reticle,poison ivy,hazard,a photo of Toxicodendron radicans.,0.295704
plant,clover_148398490.jpg,reticle,poison oak,hazard,a photo of Toxicodendron pubescens.,0.261088
plant,clover_148398490.jpg,reticle,poison sumac,hazard,a photo of Toxicodendron vernix.,0.145757
plant,clover_148398490.jpg,reticle,pokeweed,hazard,a photo of Phytolacca americana.,0.268780
plant,clover_148398490.jpg,reticle,Carolina horsenettle,hazard,a photo of Solanum carolinense.,0.287164
plant,clover_148398490.jpg,reticle,lawn,scene,a photo of lawn.,0.321362
plant,clover_148398490.jpg,reticle,field,scene,a photo of field.,0.228055
plant,clover_148398490.jpg,reticle,weedy garden bed,scene,a photo of weedy garden bed.,0.278493
plant,clover_148398490.jpg,reticle,pavement,scene,a photo of pavement.,0.278841
plant,clover_148398490.jpg,reticle,person,scene,a photo of person.,0.233337
plant,clover_148398490.jpg,reticle,screen,scene,a photo of screen.,0.265944
plant,clover_166931416.jpg,full,grass,plant,a photo of Poaceae.,0.246866
plant,clover_166931416.jpg,full,oak,plant,a photo of Quercus.,0.190764
plant,clover_166931416.jpg,full,fern,plant,a photo of Polypodiopsida.,0.194776
plant,clover_166931416.jpg,full,clover,plant,a photo of Trifolium.,0.465450
plant,clover_166931416.jpg,full,pine,plant,a photo of Pinus.,0.162742
plant,clover_166931416.jpg,full,dandelion,plant,a photo of Taraxacum.,0.306850
plant,clover_166931416.jpg,full,poison ivy,hazard,a photo of Toxicodendron radicans.,0.273261
plant,clover_166931416.jpg,full,poison oak,hazard,a photo of Toxicodendron pubescens.,0.217171
plant,clover_166931416.jpg,full,poison sumac,hazard,a photo of Toxicodendron vernix.,0.186747
plant,clover_166931416.jpg,full,pokeweed,hazard,a photo of Phytolacca americana.,0.277627
plant,clover_166931416.jpg,full,Carolina horsenettle,hazard,a photo of Solanum carolinense.,0.273376
plant,clover_166931416.jpg,full,lawn,scene,a photo of lawn.,0.229128
plant,clover_166931416.jpg,full,field,scene,a photo of field.,0.183922
plant,clover_166931416.jpg,full,weedy garden bed,scene,a photo of weedy garden bed.,0.208799
plant,clover_166931416.jpg,full,pavement,scene,a photo of pavement.,0.229372
plant,clover_166931416.jpg,full,person,scene,a photo of person.,0.187877
plant,clover_166931416.jpg,full,screen,scene,a photo of screen.,0.205974
plant,clover_166931416.jpg,reticle,grass,plant,a photo of Poaceae.,0.253418
plant,clover_166931416.jpg,reticle,oak,plant,a photo of Quercus.,0.198295
plant,clover_166931416.jpg,reticle,fern,plant,a photo of Polypodiopsida.,0.205865
plant,clover_166931416.jpg,reticle,clover,plant,a photo of Trifolium.,0.454935
plant,clover_166931416.jpg,reticle,pine,plant,a photo of Pinus.,0.165722
plant,clover_166931416.jpg,reticle,dandelion,plant,a photo of Taraxacum.,0.302972
plant,clover_166931416.jpg,reticle,poison ivy,hazard,a photo of Toxicodendron radicans.,0.266940
plant,clover_166931416.jpg,reticle,poison oak,hazard,a photo of Toxicodendron pubescens.,0.220617
plant,clover_166931416.jpg,reticle,poison sumac,hazard,a photo of Toxicodendron vernix.,0.183777
plant,clover_166931416.jpg,reticle,pokeweed,hazard,a photo of Phytolacca americana.,0.256705
plant,clover_166931416.jpg,reticle,Carolina horsenettle,hazard,a photo of Solanum carolinense.,0.262813
plant,clover_166931416.jpg,reticle,lawn,scene,a photo of lawn.,0.238815
plant,clover_166931416.jpg,reticle,field,scene,a photo of field.,0.210821
plant,clover_166931416.jpg,reticle,weedy garden bed,scene,a photo of weedy garden bed.,0.205036
plant,clover_166931416.jpg,reticle,pavement,scene,a photo of pavement.,0.231243
plant,clover_166931416.jpg,reticle,person,scene,a photo of person.,0.199343
plant,clover_166931416.jpg,reticle,screen,scene,a photo of screen.,0.226528
plant,clover_295532142.jpg,full,grass,plant,a photo of Poaceae.,0.237232
plant,clover_295532142.jpg,full,oak,plant,a photo of Quercus.,0.194326
plant,clover_295532142.jpg,full,fern,plant,a photo of Polypodiopsida.,0.181130
plant,clover_295532142.jpg,full,clover,plant,a photo of Trifolium.,0.428730
plant,clover_295532142.jpg,full,pine,plant,a photo of Pinus.,0.164774
plant,clover_295532142.jpg,full,dandelion,plant,a photo of Taraxacum.,0.305135
plant,clover_295532142.jpg,full,poison ivy,hazard,a photo of Toxicodendron radicans.,0.263784
plant,clover_295532142.jpg,full,poison oak,hazard,a photo of Toxicodendron pubescens.,0.194547
plant,clover_295532142.jpg,full,poison sumac,hazard,a photo of Toxicodendron vernix.,0.120988
plant,clover_295532142.jpg,full,pokeweed,hazard,a photo of Phytolacca americana.,0.224995
plant,clover_295532142.jpg,full,Carolina horsenettle,hazard,a photo of Solanum carolinense.,0.258772
plant,clover_295532142.jpg,full,lawn,scene,a photo of lawn.,0.200298
plant,clover_295532142.jpg,full,field,scene,a photo of field.,0.190702
plant,clover_295532142.jpg,full,weedy garden bed,scene,a photo of weedy garden bed.,0.167139
plant,clover_295532142.jpg,full,pavement,scene,a photo of pavement.,0.194641
plant,clover_295532142.jpg,full,person,scene,a photo of person.,0.164424
plant,clover_295532142.jpg,full,screen,scene,a photo of screen.,0.165039
plant,clover_295532142.jpg,reticle,grass,plant,a photo of Poaceae.,0.283001
plant,clover_295532142.jpg,reticle,oak,plant,a photo of Quercus.,0.224644
plant,clover_295532142.jpg,reticle,fern,plant,a photo of Polypodiopsida.,0.219851
plant,clover_295532142.jpg,reticle,clover,plant,a photo of Trifolium.,0.454278
plant,clover_295532142.jpg,reticle,pine,plant,a photo of Pinus.,0.198102
plant,clover_295532142.jpg,reticle,dandelion,plant,a photo of Taraxacum.,0.323645
plant,clover_295532142.jpg,reticle,poison ivy,hazard,a photo of Toxicodendron radicans.,0.278102
plant,clover_295532142.jpg,reticle,poison oak,hazard,a photo of Toxicodendron pubescens.,0.216397
plant,clover_295532142.jpg,reticle,poison sumac,hazard,a photo of Toxicodendron vernix.,0.147124
plant,clover_295532142.jpg,reticle,pokeweed,hazard,a photo of Phytolacca americana.,0.254663
plant,clover_295532142.jpg,reticle,Carolina horsenettle,hazard,a photo of Solanum carolinense.,0.274484
plant,clover_295532142.jpg,reticle,lawn,scene,a photo of lawn.,0.223469
plant,clover_295532142.jpg,reticle,field,scene,a photo of field.,0.236882
plant,clover_295532142.jpg,reticle,weedy garden bed,scene,a photo of weedy garden bed.,0.205682
plant,clover_295532142.jpg,reticle,pavement,scene,a photo of pavement.,0.219426
plant,clover_295532142.jpg,reticle,person,scene,a photo of person.,0.185385
plant,clover_295532142.jpg,reticle,screen,scene,a photo of screen.,0.199033
plant,clover_347184606.jpg,full,grass,plant,a photo of Poaceae.,0.303654
plant,clover_347184606.jpg,full,oak,plant,a photo of Quercus.,0.212257
plant,clover_347184606.jpg,full,fern,plant,a photo of Polypodiopsida.,0.187918
plant,clover_347184606.jpg,full,clover,plant,a photo of Trifolium.,0.523954
plant,clover_347184606.jpg,full,pine,plant,a photo of Pinus.,0.232854
plant,clover_347184606.jpg,full,dandelion,plant,a photo of Taraxacum.,0.291820
plant,clover_347184606.jpg,full,poison ivy,hazard,a photo of Toxicodendron radicans.,0.282475
plant,clover_347184606.jpg,full,poison oak,hazard,a photo of Toxicodendron pubescens.,0.282665
plant,clover_347184606.jpg,full,poison sumac,hazard,a photo of Toxicodendron vernix.,0.185201
plant,clover_347184606.jpg,full,pokeweed,hazard,a photo of Phytolacca americana.,0.259602
plant,clover_347184606.jpg,full,Carolina horsenettle,hazard,a photo of Solanum carolinense.,0.220006
plant,clover_347184606.jpg,full,lawn,scene,a photo of lawn.,0.275352
plant,clover_347184606.jpg,full,field,scene,a photo of field.,0.234087
plant,clover_347184606.jpg,full,weedy garden bed,scene,a photo of weedy garden bed.,0.261976
plant,clover_347184606.jpg,full,pavement,scene,a photo of pavement.,0.281539
plant,clover_347184606.jpg,full,person,scene,a photo of person.,0.266560
plant,clover_347184606.jpg,full,screen,scene,a photo of screen.,0.229544
plant,clover_347184606.jpg,reticle,grass,plant,a photo of Poaceae.,0.324382
plant,clover_347184606.jpg,reticle,oak,plant,a photo of Quercus.,0.230307
plant,clover_347184606.jpg,reticle,fern,plant,a photo of Polypodiopsida.,0.224322
plant,clover_347184606.jpg,reticle,clover,plant,a photo of Trifolium.,0.520608
plant,clover_347184606.jpg,reticle,pine,plant,a photo of Pinus.,0.253503
plant,clover_347184606.jpg,reticle,dandelion,plant,a photo of Taraxacum.,0.306654
plant,clover_347184606.jpg,reticle,poison ivy,hazard,a photo of Toxicodendron radicans.,0.305847
plant,clover_347184606.jpg,reticle,poison oak,hazard,a photo of Toxicodendron pubescens.,0.312258
plant,clover_347184606.jpg,reticle,poison sumac,hazard,a photo of Toxicodendron vernix.,0.224078
plant,clover_347184606.jpg,reticle,pokeweed,hazard,a photo of Phytolacca americana.,0.303239
plant,clover_347184606.jpg,reticle,Carolina horsenettle,hazard,a photo of Solanum carolinense.,0.239615
plant,clover_347184606.jpg,reticle,lawn,scene,a photo of lawn.,0.294231
plant,clover_347184606.jpg,reticle,field,scene,a photo of field.,0.277402
plant,clover_347184606.jpg,reticle,weedy garden bed,scene,a photo of weedy garden bed.,0.287493
plant,clover_347184606.jpg,reticle,pavement,scene,a photo of pavement.,0.307455
plant,clover_347184606.jpg,reticle,person,scene,a photo of person.,0.297613
plant,clover_347184606.jpg,reticle,screen,scene,a photo of screen.,0.271463
plant,clover_368882118.jpg,full,grass,plant,a photo of Poaceae.,0.397115
plant,clover_368882118.jpg,full,oak,plant,a photo of Quercus.,0.285784
plant,clover_368882118.jpg,full,fern,plant,a photo of Polypodiopsida.,0.285172
plant,clover_368882118.jpg,full,clover,plant,a photo of Trifolium.,0.468017
plant,clover_368882118.jpg,full,pine,plant,a photo of Pinus.,0.316697
plant,clover_368882118.jpg,full,dandelion,plant,a photo of Taraxacum.,0.339262
plant,clover_368882118.jpg,full,poison ivy,hazard,a photo of Toxicodendron radicans.,0.301934
plant,clover_368882118.jpg,full,poison oak,hazard,a photo of Toxicodendron pubescens.,0.289701
plant,clover_368882118.jpg,full,poison sumac,hazard,a photo of Toxicodendron vernix.,0.250048
plant,clover_368882118.jpg,full,pokeweed,hazard,a photo of Phytolacca americana.,0.342727
plant,clover_368882118.jpg,full,Carolina horsenettle,hazard,a photo of Solanum carolinense.,0.314461
plant,clover_368882118.jpg,full,lawn,scene,a photo of lawn.,0.330530
plant,clover_368882118.jpg,full,field,scene,a photo of field.,0.310084
plant,clover_368882118.jpg,full,weedy garden bed,scene,a photo of weedy garden bed.,0.399333
plant,clover_368882118.jpg,full,pavement,scene,a photo of pavement.,0.342690
plant,clover_368882118.jpg,full,person,scene,a photo of person.,0.318866
plant,clover_368882118.jpg,full,screen,scene,a photo of screen.,0.300077
plant,clover_368882118.jpg,reticle,grass,plant,a photo of Poaceae.,0.385182
plant,clover_368882118.jpg,reticle,oak,plant,a photo of Quercus.,0.291798
plant,clover_368882118.jpg,reticle,fern,plant,a photo of Polypodiopsida.,0.269466
plant,clover_368882118.jpg,reticle,clover,plant,a photo of Trifolium.,0.439225
plant,clover_368882118.jpg,reticle,pine,plant,a photo of Pinus.,0.328760
plant,clover_368882118.jpg,reticle,dandelion,plant,a photo of Taraxacum.,0.357324
plant,clover_368882118.jpg,reticle,poison ivy,hazard,a photo of Toxicodendron radicans.,0.349904
plant,clover_368882118.jpg,reticle,poison oak,hazard,a photo of Toxicodendron pubescens.,0.360711
plant,clover_368882118.jpg,reticle,poison sumac,hazard,a photo of Toxicodendron vernix.,0.283978
plant,clover_368882118.jpg,reticle,pokeweed,hazard,a photo of Phytolacca americana.,0.370080
plant,clover_368882118.jpg,reticle,Carolina horsenettle,hazard,a photo of Solanum carolinense.,0.348397
plant,clover_368882118.jpg,reticle,lawn,scene,a photo of lawn.,0.356496
plant,clover_368882118.jpg,reticle,field,scene,a photo of field.,0.312212
plant,clover_368882118.jpg,reticle,weedy garden bed,scene,a photo of weedy garden bed.,0.407865
plant,clover_368882118.jpg,reticle,pavement,scene,a photo of pavement.,0.328182
plant,clover_368882118.jpg,reticle,person,scene,a photo of person.,0.324875
plant,clover_368882118.jpg,reticle,screen,scene,a photo of screen.,0.319053
plant,clover_391225110.jpg,full,grass,plant,a photo of Poaceae.,0.267531
plant,clover_391225110.jpg,full,oak,plant,a photo of Quercus.,0.218606
plant,clover_391225110.jpg,full,fern,plant,a photo of Polypodiopsida.,0.212818
plant,clover_391225110.jpg,full,clover,plant,a photo of Trifolium.,0.452244
plant,clover_391225110.jpg,full,pine,plant,a photo of Pinus.,0.181245
plant,clover_391225110.jpg,full,dandelion,plant,a photo of Taraxacum.,0.306213
plant,clover_391225110.jpg,full,poison ivy,hazard,a photo of Toxicodendron radicans.,0.262831
plant,clover_391225110.jpg,full,poison oak,hazard,a photo of Toxicodendron pubescens.,0.223420
plant,clover_391225110.jpg,full,poison sumac,hazard,a photo of Toxicodendron vernix.,0.157658
plant,clover_391225110.jpg,full,pokeweed,hazard,a photo of Phytolacca americana.,0.260046
plant,clover_391225110.jpg,full,Carolina horsenettle,hazard,a photo of Solanum carolinense.,0.253721
plant,clover_391225110.jpg,full,lawn,scene,a photo of lawn.,0.228800
plant,clover_391225110.jpg,full,field,scene,a photo of field.,0.211585
plant,clover_391225110.jpg,full,weedy garden bed,scene,a photo of weedy garden bed.,0.183708
plant,clover_391225110.jpg,full,pavement,scene,a photo of pavement.,0.203673
plant,clover_391225110.jpg,full,person,scene,a photo of person.,0.219211
plant,clover_391225110.jpg,full,screen,scene,a photo of screen.,0.204212
plant,clover_391225110.jpg,reticle,grass,plant,a photo of Poaceae.,0.316722
plant,clover_391225110.jpg,reticle,oak,plant,a photo of Quercus.,0.240959
plant,clover_391225110.jpg,reticle,fern,plant,a photo of Polypodiopsida.,0.237927
plant,clover_391225110.jpg,reticle,clover,plant,a photo of Trifolium.,0.478228
plant,clover_391225110.jpg,reticle,pine,plant,a photo of Pinus.,0.212295
plant,clover_391225110.jpg,reticle,dandelion,plant,a photo of Taraxacum.,0.323181
plant,clover_391225110.jpg,reticle,poison ivy,hazard,a photo of Toxicodendron radicans.,0.249432
plant,clover_391225110.jpg,reticle,poison oak,hazard,a photo of Toxicodendron pubescens.,0.216891
plant,clover_391225110.jpg,reticle,poison sumac,hazard,a photo of Toxicodendron vernix.,0.132601
plant,clover_391225110.jpg,reticle,pokeweed,hazard,a photo of Phytolacca americana.,0.235157
plant,clover_391225110.jpg,reticle,Carolina horsenettle,hazard,a photo of Solanum carolinense.,0.249277
plant,clover_391225110.jpg,reticle,lawn,scene,a photo of lawn.,0.242756
plant,clover_391225110.jpg,reticle,field,scene,a photo of field.,0.241257
plant,clover_391225110.jpg,reticle,weedy garden bed,scene,a photo of weedy garden bed.,0.183480
plant,clover_391225110.jpg,reticle,pavement,scene,a photo of pavement.,0.215749
plant,clover_391225110.jpg,reticle,person,scene,a photo of person.,0.221136
plant,clover_391225110.jpg,reticle,screen,scene,a photo of screen.,0.199525
plant,clover_270225229.jpg,full,grass,plant,a photo of Poaceae.,0.307801
plant,clover_270225229.jpg,full,oak,plant,a photo of Quercus.,0.194103
plant,clover_270225229.jpg,full,fern,plant,a photo of Polypodiopsida.,0.230929
plant,clover_270225229.jpg,full,clover,plant,a photo of Trifolium.,0.457836
plant,clover_270225229.jpg,full,pine,plant,a photo of Pinus.,0.219824
plant,clover_270225229.jpg,full,dandelion,plant,a photo of Taraxacum.,0.294672
plant,clover_270225229.jpg,full,poison ivy,hazard,a photo of Toxicodendron radicans.,0.225187
plant,clover_270225229.jpg,full,poison oak,hazard,a photo of Toxicodendron pubescens.,0.215017
plant,clover_270225229.jpg,full,poison sumac,hazard,a photo of Toxicodendron vernix.,0.175302
plant,clover_270225229.jpg,full,pokeweed,hazard,a photo of Phytolacca americana.,0.267807
plant,clover_270225229.jpg,full,Carolina horsenettle,hazard,a photo of Solanum carolinense.,0.288571
plant,clover_270225229.jpg,full,lawn,scene,a photo of lawn.,0.272761
plant,clover_270225229.jpg,full,field,scene,a photo of field.,0.203110
plant,clover_270225229.jpg,full,weedy garden bed,scene,a photo of weedy garden bed.,0.281059
plant,clover_270225229.jpg,full,pavement,scene,a photo of pavement.,0.277216
plant,clover_270225229.jpg,full,person,scene,a photo of person.,0.202374
plant,clover_270225229.jpg,full,screen,scene,a photo of screen.,0.221549
plant,clover_270225229.jpg,reticle,grass,plant,a photo of Poaceae.,0.441537
plant,clover_270225229.jpg,reticle,oak,plant,a photo of Quercus.,0.350147
plant,clover_270225229.jpg,reticle,fern,plant,a photo of Polypodiopsida.,0.384667
plant,clover_270225229.jpg,reticle,clover,plant,a photo of Trifolium.,0.500769
plant,clover_270225229.jpg,reticle,pine,plant,a photo of Pinus.,0.319756
plant,clover_270225229.jpg,reticle,dandelion,plant,a photo of Taraxacum.,0.390847
plant,clover_270225229.jpg,reticle,poison ivy,hazard,a photo of Toxicodendron radicans.,0.408161
plant,clover_270225229.jpg,reticle,poison oak,hazard,a photo of Toxicodendron pubescens.,0.379735
plant,clover_270225229.jpg,reticle,poison sumac,hazard,a photo of Toxicodendron vernix.,0.353548
plant,clover_270225229.jpg,reticle,pokeweed,hazard,a photo of Phytolacca americana.,0.357482
plant,clover_270225229.jpg,reticle,Carolina horsenettle,hazard,a photo of Solanum carolinense.,0.413594
plant,clover_270225229.jpg,reticle,lawn,scene,a photo of lawn.,0.428980
plant,clover_270225229.jpg,reticle,field,scene,a photo of field.,0.397048
plant,clover_270225229.jpg,reticle,weedy garden bed,scene,a photo of weedy garden bed.,0.367128
plant,clover_270225229.jpg,reticle,pavement,scene,a photo of pavement.,0.351939
plant,clover_270225229.jpg,reticle,person,scene,a photo of person.,0.344569
plant,clover_270225229.jpg,reticle,screen,scene,a photo of screen.,0.418033
plant,dandelion_345312783.jpg,full,grass,plant,a photo of Poaceae.,0.348266
plant,dandelion_345312783.jpg,full,oak,plant,a photo of Quercus.,0.281714
plant,dandelion_345312783.jpg,full,fern,plant,a photo of Polypodiopsida.,0.307901
plant,dandelion_345312783.jpg,full,clover,plant,a photo of Trifolium.,0.374183
plant,dandelion_345312783.jpg,full,pine,plant,a photo of Pinus.,0.258272
plant,dandelion_345312783.jpg,full,dandelion,plant,a photo of Taraxacum.,0.592317
plant,dandelion_345312783.jpg,full,poison ivy,hazard,a photo of Toxicodendron radicans.,0.298986
plant,dandelion_345312783.jpg,full,poison oak,hazard,a photo of Toxicodendron pubescens.,0.250162
plant,dandelion_345312783.jpg,full,poison sumac,hazard,a photo of Toxicodendron vernix.,0.161724
plant,dandelion_345312783.jpg,full,pokeweed,hazard,a photo of Phytolacca americana.,0.276542
plant,dandelion_345312783.jpg,full,Carolina horsenettle,hazard,a photo of Solanum carolinense.,0.288716
plant,dandelion_345312783.jpg,full,lawn,scene,a photo of lawn.,0.290841
plant,dandelion_345312783.jpg,full,field,scene,a photo of field.,0.268325
plant,dandelion_345312783.jpg,full,weedy garden bed,scene,a photo of weedy garden bed.,0.329819
plant,dandelion_345312783.jpg,full,pavement,scene,a photo of pavement.,0.285557
plant,dandelion_345312783.jpg,full,person,scene,a photo of person.,0.263647
plant,dandelion_345312783.jpg,full,screen,scene,a photo of screen.,0.264409
plant,dandelion_345312783.jpg,reticle,grass,plant,a photo of Poaceae.,0.326638
plant,dandelion_345312783.jpg,reticle,oak,plant,a photo of Quercus.,0.249672
plant,dandelion_345312783.jpg,reticle,fern,plant,a photo of Polypodiopsida.,0.293455
plant,dandelion_345312783.jpg,reticle,clover,plant,a photo of Trifolium.,0.334753
plant,dandelion_345312783.jpg,reticle,pine,plant,a photo of Pinus.,0.237347
plant,dandelion_345312783.jpg,reticle,dandelion,plant,a photo of Taraxacum.,0.538488
plant,dandelion_345312783.jpg,reticle,poison ivy,hazard,a photo of Toxicodendron radicans.,0.298533
plant,dandelion_345312783.jpg,reticle,poison oak,hazard,a photo of Toxicodendron pubescens.,0.253906
plant,dandelion_345312783.jpg,reticle,poison sumac,hazard,a photo of Toxicodendron vernix.,0.169253
plant,dandelion_345312783.jpg,reticle,pokeweed,hazard,a photo of Phytolacca americana.,0.299102
plant,dandelion_345312783.jpg,reticle,Carolina horsenettle,hazard,a photo of Solanum carolinense.,0.303327
plant,dandelion_345312783.jpg,reticle,lawn,scene,a photo of lawn.,0.283381
plant,dandelion_345312783.jpg,reticle,field,scene,a photo of field.,0.269625
plant,dandelion_345312783.jpg,reticle,weedy garden bed,scene,a photo of weedy garden bed.,0.335716
plant,dandelion_345312783.jpg,reticle,pavement,scene,a photo of pavement.,0.278006
plant,dandelion_345312783.jpg,reticle,person,scene,a photo of person.,0.259265
plant,dandelion_345312783.jpg,reticle,screen,scene,a photo of screen.,0.256840
plant,dandelion_21582736.jpg,full,grass,plant,a photo of Poaceae.,0.340323
plant,dandelion_21582736.jpg,full,oak,plant,a photo of Quercus.,0.276305
plant,dandelion_21582736.jpg,full,fern,plant,a photo of Polypodiopsida.,0.298989
plant,dandelion_21582736.jpg,full,clover,plant,a photo of Trifolium.,0.368833
plant,dandelion_21582736.jpg,full,pine,plant,a photo of Pinus.,0.269419
plant,dandelion_21582736.jpg,full,dandelion,plant,a photo of Taraxacum.,0.599780
plant,dandelion_21582736.jpg,full,poison ivy,hazard,a photo of Toxicodendron radicans.,0.312928
plant,dandelion_21582736.jpg,full,poison oak,hazard,a photo of Toxicodendron pubescens.,0.247081
plant,dandelion_21582736.jpg,full,poison sumac,hazard,a photo of Toxicodendron vernix.,0.154788
plant,dandelion_21582736.jpg,full,pokeweed,hazard,a photo of Phytolacca americana.,0.294252
plant,dandelion_21582736.jpg,full,Carolina horsenettle,hazard,a photo of Solanum carolinense.,0.295301
plant,dandelion_21582736.jpg,full,lawn,scene,a photo of lawn.,0.294271
plant,dandelion_21582736.jpg,full,field,scene,a photo of field.,0.271892
plant,dandelion_21582736.jpg,full,weedy garden bed,scene,a photo of weedy garden bed.,0.289008
plant,dandelion_21582736.jpg,full,pavement,scene,a photo of pavement.,0.282641
plant,dandelion_21582736.jpg,full,person,scene,a photo of person.,0.235942
plant,dandelion_21582736.jpg,full,screen,scene,a photo of screen.,0.227885
plant,dandelion_21582736.jpg,reticle,grass,plant,a photo of Poaceae.,0.388047
plant,dandelion_21582736.jpg,reticle,oak,plant,a photo of Quercus.,0.337119
plant,dandelion_21582736.jpg,reticle,fern,plant,a photo of Polypodiopsida.,0.358890
plant,dandelion_21582736.jpg,reticle,clover,plant,a photo of Trifolium.,0.386363
plant,dandelion_21582736.jpg,reticle,pine,plant,a photo of Pinus.,0.322948
plant,dandelion_21582736.jpg,reticle,dandelion,plant,a photo of Taraxacum.,0.545451
plant,dandelion_21582736.jpg,reticle,poison ivy,hazard,a photo of Toxicodendron radicans.,0.315956
plant,dandelion_21582736.jpg,reticle,poison oak,hazard,a photo of Toxicodendron pubescens.,0.324964
plant,dandelion_21582736.jpg,reticle,poison sumac,hazard,a photo of Toxicodendron vernix.,0.266888
plant,dandelion_21582736.jpg,reticle,pokeweed,hazard,a photo of Phytolacca americana.,0.314414
plant,dandelion_21582736.jpg,reticle,Carolina horsenettle,hazard,a photo of Solanum carolinense.,0.303110
plant,dandelion_21582736.jpg,reticle,lawn,scene,a photo of lawn.,0.389514
plant,dandelion_21582736.jpg,reticle,field,scene,a photo of field.,0.322138
plant,dandelion_21582736.jpg,reticle,weedy garden bed,scene,a photo of weedy garden bed.,0.414411
plant,dandelion_21582736.jpg,reticle,pavement,scene,a photo of pavement.,0.394757
plant,dandelion_21582736.jpg,reticle,person,scene,a photo of person.,0.376408
plant,dandelion_21582736.jpg,reticle,screen,scene,a photo of screen.,0.347297
plant,dandelion_108365053.jpg,full,grass,plant,a photo of Poaceae.,0.406948
plant,dandelion_108365053.jpg,full,oak,plant,a photo of Quercus.,0.308335
plant,dandelion_108365053.jpg,full,fern,plant,a photo of Polypodiopsida.,0.371106
plant,dandelion_108365053.jpg,full,clover,plant,a photo of Trifolium.,0.427899
plant,dandelion_108365053.jpg,full,pine,plant,a photo of Pinus.,0.350197
plant,dandelion_108365053.jpg,full,dandelion,plant,a photo of Taraxacum.,0.483182
plant,dandelion_108365053.jpg,full,poison ivy,hazard,a photo of Toxicodendron radicans.,0.352560
plant,dandelion_108365053.jpg,full,poison oak,hazard,a photo of Toxicodendron pubescens.,0.371660
plant,dandelion_108365053.jpg,full,poison sumac,hazard,a photo of Toxicodendron vernix.,0.278728
plant,dandelion_108365053.jpg,full,pokeweed,hazard,a photo of Phytolacca americana.,0.319261
plant,dandelion_108365053.jpg,full,Carolina horsenettle,hazard,a photo of Solanum carolinense.,0.358119
plant,dandelion_108365053.jpg,full,lawn,scene,a photo of lawn.,0.466354
plant,dandelion_108365053.jpg,full,field,scene,a photo of field.,0.361908
plant,dandelion_108365053.jpg,full,weedy garden bed,scene,a photo of weedy garden bed.,0.411971
plant,dandelion_108365053.jpg,full,pavement,scene,a photo of pavement.,0.398943
plant,dandelion_108365053.jpg,full,person,scene,a photo of person.,0.349241
plant,dandelion_108365053.jpg,full,screen,scene,a photo of screen.,0.384185
plant,dandelion_108365053.jpg,reticle,grass,plant,a photo of Poaceae.,0.477169
plant,dandelion_108365053.jpg,reticle,oak,plant,a photo of Quercus.,0.364012
plant,dandelion_108365053.jpg,reticle,fern,plant,a photo of Polypodiopsida.,0.431127
plant,dandelion_108365053.jpg,reticle,clover,plant,a photo of Trifolium.,0.480523
plant,dandelion_108365053.jpg,reticle,pine,plant,a photo of Pinus.,0.394555
plant,dandelion_108365053.jpg,reticle,dandelion,plant,a photo of Taraxacum.,0.543770
plant,dandelion_108365053.jpg,reticle,poison ivy,hazard,a photo of Toxicodendron radicans.,0.357597
plant,dandelion_108365053.jpg,reticle,poison oak,hazard,a photo of Toxicodendron pubescens.,0.364154
plant,dandelion_108365053.jpg,reticle,poison sumac,hazard,a photo of Toxicodendron vernix.,0.280831
plant,dandelion_108365053.jpg,reticle,pokeweed,hazard,a photo of Phytolacca americana.,0.350050
plant,dandelion_108365053.jpg,reticle,Carolina horsenettle,hazard,a photo of Solanum carolinense.,0.363207
plant,dandelion_108365053.jpg,reticle,lawn,scene,a photo of lawn.,0.441705
plant,dandelion_108365053.jpg,reticle,field,scene,a photo of field.,0.376291
plant,dandelion_108365053.jpg,reticle,weedy garden bed,scene,a photo of weedy garden bed.,0.340135
plant,dandelion_108365053.jpg,reticle,pavement,scene,a photo of pavement.,0.392744
plant,dandelion_108365053.jpg,reticle,person,scene,a photo of person.,0.367250
plant,dandelion_108365053.jpg,reticle,screen,scene,a photo of screen.,0.363928
plant,dandelion_109409921.jpg,full,grass,plant,a photo of Poaceae.,0.362153
plant,dandelion_109409921.jpg,full,oak,plant,a photo of Quercus.,0.291834
plant,dandelion_109409921.jpg,full,fern,plant,a photo of Polypodiopsida.,0.321032
plant,dandelion_109409921.jpg,full,clover,plant,a photo of Trifolium.,0.383970
plant,dandelion_109409921.jpg,full,pine,plant,a photo of Pinus.,0.271839
plant,dandelion_109409921.jpg,full,dandelion,plant,a photo of Taraxacum.,0.625788
plant,dandelion_109409921.jpg,full,poison ivy,hazard,a photo of Toxicodendron radicans.,0.330026
plant,dandelion_109409921.jpg,full,poison oak,hazard,a photo of Toxicodendron pubescens.,0.253781
plant,dandelion_109409921.jpg,full,poison sumac,hazard,a photo of Toxicodendron vernix.,0.159780
plant,dandelion_109409921.jpg,full,pokeweed,hazard,a photo of Phytolacca americana.,0.302968
plant,dandelion_109409921.jpg,full,Carolina horsenettle,hazard,a photo of Solanum carolinense.,0.329978
plant,dandelion_109409921.jpg,full,lawn,scene,a photo of lawn.,0.326302
plant,dandelion_109409921.jpg,full,field,scene,a photo of field.,0.327338
plant,dandelion_109409921.jpg,full,weedy garden bed,scene,a photo of weedy garden bed.,0.306903
plant,dandelion_109409921.jpg,full,pavement,scene,a photo of pavement.,0.312209
plant,dandelion_109409921.jpg,full,person,scene,a photo of person.,0.265247
plant,dandelion_109409921.jpg,full,screen,scene,a photo of screen.,0.261296
plant,dandelion_109409921.jpg,reticle,grass,plant,a photo of Poaceae.,0.403044
plant,dandelion_109409921.jpg,reticle,oak,plant,a photo of Quercus.,0.296860
plant,dandelion_109409921.jpg,reticle,fern,plant,a photo of Polypodiopsida.,0.349863
plant,dandelion_109409921.jpg,reticle,clover,plant,a photo of Trifolium.,0.402124
plant,dandelion_109409921.jpg,reticle,pine,plant,a photo of Pinus.,0.308892
plant,dandelion_109409921.jpg,reticle,dandelion,plant,a photo of Taraxacum.,0.615646
plant,dandelion_109409921.jpg,reticle,poison ivy,hazard,a photo of Toxicodendron radicans.,0.315347
plant,dandelion_109409921.jpg,reticle,poison oak,hazard,a photo of Toxicodendron pubescens.,0.238831
plant,dandelion_109409921.jpg,reticle,poison sumac,hazard,a photo of Toxicodendron vernix.,0.164793
plant,dandelion_109409921.jpg,reticle,pokeweed,hazard,a photo of Phytolacca americana.,0.295025
plant,dandelion_109409921.jpg,reticle,Carolina horsenettle,hazard,a photo of Solanum carolinense.,0.322552
plant,dandelion_109409921.jpg,reticle,lawn,scene,a photo of lawn.,0.340476
plant,dandelion_109409921.jpg,reticle,field,scene,a photo of field.,0.321910
plant,dandelion_109409921.jpg,reticle,weedy garden bed,scene,a photo of weedy garden bed.,0.302136
plant,dandelion_109409921.jpg,reticle,pavement,scene,a photo of pavement.,0.326027
plant,dandelion_109409921.jpg,reticle,person,scene,a photo of person.,0.271429
plant,dandelion_109409921.jpg,reticle,screen,scene,a photo of screen.,0.267464
plant,dandelion_201936576.jpg,full,grass,plant,a photo of Poaceae.,0.281452
plant,dandelion_201936576.jpg,full,oak,plant,a photo of Quercus.,0.263991
plant,dandelion_201936576.jpg,full,fern,plant,a photo of Polypodiopsida.,0.260476
plant,dandelion_201936576.jpg,full,clover,plant,a photo of Trifolium.,0.320959
plant,dandelion_201936576.jpg,full,pine,plant,a photo of Pinus.,0.205897
plant,dandelion_201936576.jpg,full,dandelion,plant,a photo of Taraxacum.,0.587582
plant,dandelion_201936576.jpg,full,poison ivy,hazard,a photo of Toxicodendron radicans.,0.325656
plant,dandelion_201936576.jpg,full,poison oak,hazard,a photo of Toxicodendron pubescens.,0.261784
plant,dandelion_201936576.jpg,full,poison sumac,hazard,a photo of Toxicodendron vernix.,0.168313
plant,dandelion_201936576.jpg,full,pokeweed,hazard,a photo of Phytolacca americana.,0.296280
plant,dandelion_201936576.jpg,full,Carolina horsenettle,hazard,a photo of Solanum carolinense.,0.310751
plant,dandelion_201936576.jpg,full,lawn,scene,a photo of lawn.,0.260129
plant,dandelion_201936576.jpg,full,field,scene,a photo of field.,0.280962
plant,dandelion_201936576.jpg,full,weedy garden bed,scene,a photo of weedy garden bed.,0.289434
plant,dandelion_201936576.jpg,full,pavement,scene,a photo of pavement.,0.265185
plant,dandelion_201936576.jpg,full,person,scene,a photo of person.,0.210590
plant,dandelion_201936576.jpg,full,screen,scene,a photo of screen.,0.237761
plant,dandelion_201936576.jpg,reticle,grass,plant,a photo of Poaceae.,0.288897
plant,dandelion_201936576.jpg,reticle,oak,plant,a photo of Quercus.,0.252754
plant,dandelion_201936576.jpg,reticle,fern,plant,a photo of Polypodiopsida.,0.270151
plant,dandelion_201936576.jpg,reticle,clover,plant,a photo of Trifolium.,0.314589
plant,dandelion_201936576.jpg,reticle,pine,plant,a photo of Pinus.,0.193857
plant,dandelion_201936576.jpg,reticle,dandelion,plant,a photo of Taraxacum.,0.566494
plant,dandelion_201936576.jpg,reticle,poison ivy,hazard,a photo of Toxicodendron radicans.,0.302691
plant,dandelion_201936576.jpg,reticle,poison oak,hazard,a photo of Toxicodendron pubescens.,0.233830
plant,dandelion_201936576.jpg,reticle,poison sumac,hazard,a photo of Toxicodendron vernix.,0.163458
plant,dandelion_201936576.jpg,reticle,pokeweed,hazard,a photo of Phytolacca americana.,0.300261
plant,dandelion_201936576.jpg,reticle,Carolina horsenettle,hazard,a photo of Solanum carolinense.,0.317487
plant,dandelion_201936576.jpg,reticle,lawn,scene,a photo of lawn.,0.251641
plant,dandelion_201936576.jpg,reticle,field,scene,a photo of field.,0.269770
plant,dandelion_201936576.jpg,reticle,weedy garden bed,scene,a photo of weedy garden bed.,0.296579
plant,dandelion_201936576.jpg,reticle,pavement,scene,a photo of pavement.,0.269634
plant,dandelion_201936576.jpg,reticle,person,scene,a photo of person.,0.212541
plant,dandelion_201936576.jpg,reticle,screen,scene,a photo of screen.,0.244627
plant,dandelion_114940138.jpg,full,grass,plant,a photo of Poaceae.,0.323351
plant,dandelion_114940138.jpg,full,oak,plant,a photo of Quercus.,0.295236
plant,dandelion_114940138.jpg,full,fern,plant,a photo of Polypodiopsida.,0.256243
plant,dandelion_114940138.jpg,full,clover,plant,a photo of Trifolium.,0.383663
plant,dandelion_114940138.jpg,full,pine,plant,a photo of Pinus.,0.281143
plant,dandelion_114940138.jpg,full,dandelion,plant,a photo of Taraxacum.,0.560873
plant,dandelion_114940138.jpg,full,poison ivy,hazard,a photo of Toxicodendron radicans.,0.351667
plant,dandelion_114940138.jpg,full,poison oak,hazard,a photo of Toxicodendron pubescens.,0.307771
plant,dandelion_114940138.jpg,full,poison sumac,hazard,a photo of Toxicodendron vernix.,0.191237
plant,dandelion_114940138.jpg,full,pokeweed,hazard,a photo of Phytolacca americana.,0.305980
plant,dandelion_114940138.jpg,full,Carolina horsenettle,hazard,a photo of Solanum carolinense.,0.316244
plant,dandelion_114940138.jpg,full,lawn,scene,a photo of lawn.,0.309390
plant,dandelion_114940138.jpg,full,field,scene,a photo of field.,0.280278
plant,dandelion_114940138.jpg,full,weedy garden bed,scene,a photo of weedy garden bed.,0.387834
plant,dandelion_114940138.jpg,full,pavement,scene,a photo of pavement.,0.277893
plant,dandelion_114940138.jpg,full,person,scene,a photo of person.,0.260587
plant,dandelion_114940138.jpg,full,screen,scene,a photo of screen.,0.265647
plant,dandelion_114940138.jpg,reticle,grass,plant,a photo of Poaceae.,0.401275
plant,dandelion_114940138.jpg,reticle,oak,plant,a photo of Quercus.,0.336727
plant,dandelion_114940138.jpg,reticle,fern,plant,a photo of Polypodiopsida.,0.347174
plant,dandelion_114940138.jpg,reticle,clover,plant,a photo of Trifolium.,0.430915
plant,dandelion_114940138.jpg,reticle,pine,plant,a photo of Pinus.,0.360406
plant,dandelion_114940138.jpg,reticle,dandelion,plant,a photo of Taraxacum.,0.567320
plant,dandelion_114940138.jpg,reticle,poison ivy,hazard,a photo of Toxicodendron radicans.,0.367572
plant,dandelion_114940138.jpg,reticle,poison oak,hazard,a photo of Toxicodendron pubescens.,0.322746
plant,dandelion_114940138.jpg,reticle,poison sumac,hazard,a photo of Toxicodendron vernix.,0.232982
plant,dandelion_114940138.jpg,reticle,pokeweed,hazard,a photo of Phytolacca americana.,0.339597
plant,dandelion_114940138.jpg,reticle,Carolina horsenettle,hazard,a photo of Solanum carolinense.,0.346948
plant,dandelion_114940138.jpg,reticle,lawn,scene,a photo of lawn.,0.332556
plant,dandelion_114940138.jpg,reticle,field,scene,a photo of field.,0.340763
plant,dandelion_114940138.jpg,reticle,weedy garden bed,scene,a photo of weedy garden bed.,0.428949
plant,dandelion_114940138.jpg,reticle,pavement,scene,a photo of pavement.,0.327919
plant,dandelion_114940138.jpg,reticle,person,scene,a photo of person.,0.301362
plant,dandelion_114940138.jpg,reticle,screen,scene,a photo of screen.,0.286613
plant,dandelion_39469049.jpg,full,grass,plant,a photo of Poaceae.,0.312246
plant,dandelion_39469049.jpg,full,oak,plant,a photo of Quercus.,0.271591
plant,dandelion_39469049.jpg,full,fern,plant,a photo of Polypodiopsida.,0.292418
plant,dandelion_39469049.jpg,full,clover,plant,a photo of Trifolium.,0.354050
plant,dandelion_39469049.jpg,full,pine,plant,a photo of Pinus.,0.239399
plant,dandelion_39469049.jpg,full,dandelion,plant,a photo of Taraxacum.,0.587809
plant,dandelion_39469049.jpg,full,poison ivy,hazard,a photo of Toxicodendron radicans.,0.313492
plant,dandelion_39469049.jpg,full,poison oak,hazard,a photo of Toxicodendron pubescens.,0.254978
plant,dandelion_39469049.jpg,full,poison sumac,hazard,a photo of Toxicodendron vernix.,0.156555
plant,dandelion_39469049.jpg,full,pokeweed,hazard,a photo of Phytolacca americana.,0.274322
plant,dandelion_39469049.jpg,full,Carolina horsenettle,hazard,a photo of Solanum carolinense.,0.287630
plant,dandelion_39469049.jpg,full,lawn,scene,a photo of lawn.,0.288796
plant,dandelion_39469049.jpg,full,field,scene,a photo of field.,0.287960
plant,dandelion_39469049.jpg,full,weedy garden bed,scene,a photo of weedy garden bed.,0.291919
plant,dandelion_39469049.jpg,full,pavement,scene,a photo of pavement.,0.276208
plant,dandelion_39469049.jpg,full,person,scene,a photo of person.,0.239334
plant,dandelion_39469049.jpg,full,screen,scene,a photo of screen.,0.252368
plant,dandelion_39469049.jpg,reticle,grass,plant,a photo of Poaceae.,0.324589
plant,dandelion_39469049.jpg,reticle,oak,plant,a photo of Quercus.,0.275785
plant,dandelion_39469049.jpg,reticle,fern,plant,a photo of Polypodiopsida.,0.300456
plant,dandelion_39469049.jpg,reticle,clover,plant,a photo of Trifolium.,0.366216
plant,dandelion_39469049.jpg,reticle,pine,plant,a photo of Pinus.,0.259795
plant,dandelion_39469049.jpg,reticle,dandelion,plant,a photo of Taraxacum.,0.596265
plant,dandelion_39469049.jpg,reticle,poison ivy,hazard,a photo of Toxicodendron radicans.,0.316152
plant,dandelion_39469049.jpg,reticle,poison oak,hazard,a photo of Toxicodendron pubescens.,0.267443
plant,dandelion_39469049.jpg,reticle,poison sumac,hazard,a photo of Toxicodendron vernix.,0.162133
plant,dandelion_39469049.jpg,reticle,pokeweed,hazard,a photo of Phytolacca americana.,0.280719
plant,dandelion_39469049.jpg,reticle,Carolina horsenettle,hazard,a photo of Solanum carolinense.,0.285619
plant,dandelion_39469049.jpg,reticle,lawn,scene,a photo of lawn.,0.291533
plant,dandelion_39469049.jpg,reticle,field,scene,a photo of field.,0.298347
plant,dandelion_39469049.jpg,reticle,weedy garden bed,scene,a photo of weedy garden bed.,0.308455
plant,dandelion_39469049.jpg,reticle,pavement,scene,a photo of pavement.,0.287190
plant,dandelion_39469049.jpg,reticle,person,scene,a photo of person.,0.261724
plant,dandelion_39469049.jpg,reticle,screen,scene,a photo of screen.,0.267135
plant,dandelion_65700688.jpg,full,grass,plant,a photo of Poaceae.,0.355004
plant,dandelion_65700688.jpg,full,oak,plant,a photo of Quercus.,0.292141
plant,dandelion_65700688.jpg,full,fern,plant,a photo of Polypodiopsida.,0.323900
plant,dandelion_65700688.jpg,full,clover,plant,a photo of Trifolium.,0.341509
plant,dandelion_65700688.jpg,full,pine,plant,a photo of Pinus.,0.278688
plant,dandelion_65700688.jpg,full,dandelion,plant,a photo of Taraxacum.,0.562237
plant,dandelion_65700688.jpg,full,poison ivy,hazard,a photo of Toxicodendron radicans.,0.309090
plant,dandelion_65700688.jpg,full,poison oak,hazard,a photo of Toxicodendron pubescens.,0.287834
plant,dandelion_65700688.jpg,full,poison sumac,hazard,a photo of Toxicodendron vernix.,0.188644
plant,dandelion_65700688.jpg,full,pokeweed,hazard,a photo of Phytolacca americana.,0.289140
plant,dandelion_65700688.jpg,full,Carolina horsenettle,hazard,a photo of Solanum carolinense.,0.321197
plant,dandelion_65700688.jpg,full,lawn,scene,a photo of lawn.,0.336348
plant,dandelion_65700688.jpg,full,field,scene,a photo of field.,0.304890
plant,dandelion_65700688.jpg,full,weedy garden bed,scene,a photo of weedy garden bed.,0.344548
plant,dandelion_65700688.jpg,full,pavement,scene,a photo of pavement.,0.296469
plant,dandelion_65700688.jpg,full,person,scene,a photo of person.,0.249114
plant,dandelion_65700688.jpg,full,screen,scene,a photo of screen.,0.317841
plant,dandelion_65700688.jpg,reticle,grass,plant,a photo of Poaceae.,0.363012
plant,dandelion_65700688.jpg,reticle,oak,plant,a photo of Quercus.,0.274443
plant,dandelion_65700688.jpg,reticle,fern,plant,a photo of Polypodiopsida.,0.316498
plant,dandelion_65700688.jpg,reticle,clover,plant,a photo of Trifolium.,0.345111
plant,dandelion_65700688.jpg,reticle,pine,plant,a photo of Pinus.,0.252694
plant,dandelion_65700688.jpg,reticle,dandelion,plant,a photo of Taraxacum.,0.568074
plant,dandelion_65700688.jpg,reticle,poison ivy,hazard,a photo of Toxicodendron radicans.,0.309278
plant,dandelion_65700688.jpg,reticle,poison oak,hazard,a photo of Toxicodendron pubescens.,0.255858
plant,dandelion_65700688.jpg,reticle,poison sumac,hazard,a photo of Toxicodendron vernix.,0.180134
plant,dandelion_65700688.jpg,reticle,pokeweed,hazard,a photo of Phytolacca americana.,0.299287
plant,dandelion_65700688.jpg,reticle,Carolina horsenettle,hazard,a photo of Solanum carolinense.,0.339337
plant,dandelion_65700688.jpg,reticle,lawn,scene,a photo of lawn.,0.287719
plant,dandelion_65700688.jpg,reticle,field,scene,a photo of field.,0.284804
plant,dandelion_65700688.jpg,reticle,weedy garden bed,scene,a photo of weedy garden bed.,0.304812
plant,dandelion_65700688.jpg,reticle,pavement,scene,a photo of pavement.,0.270389
plant,dandelion_65700688.jpg,reticle,person,scene,a photo of person.,0.218433
plant,dandelion_65700688.jpg,reticle,screen,scene,a photo of screen.,0.245322
plant,dandelion_143959013.jpg,full,grass,plant,a photo of Poaceae.,0.318905
plant,dandelion_143959013.jpg,full,oak,plant,a photo of Quercus.,0.306330
plant,dandelion_143959013.jpg,full,fern,plant,a photo of Polypodiopsida.,0.297429
plant,dandelion_143959013.jpg,full,clover,plant,a photo of Trifolium.,0.348468
plant,dandelion_143959013.jpg,full,pine,plant,a photo of Pinus.,0.304251
plant,dandelion_143959013.jpg,full,dandelion,plant,a photo of Taraxacum.,0.546465
plant,dandelion_143959013.jpg,full,poison ivy,hazard,a photo of Toxicodendron radicans.,0.377010
plant,dandelion_143959013.jpg,full,poison oak,hazard,a photo of Toxicodendron pubescens.,0.361523
plant,dandelion_143959013.jpg,full,poison sumac,hazard,a photo of Toxicodendron vernix.,0.245862
plant,dandelion_143959013.jpg,full,pokeweed,hazard,a photo of Phytolacca americana.,0.350548
plant,dandelion_143959013.jpg,full,Carolina horsenettle,hazard,a photo of Solanum carolinense.,0.375610
plant,dandelion_143959013.jpg,full,lawn,scene,a photo of lawn.,0.324581
plant,dandelion_143959013.jpg,full,field,scene,a photo of field.,0.269743
plant,dandelion_143959013.jpg,full,weedy garden bed,scene,a photo of weedy garden bed.,0.285576
plant,dandelion_143959013.jpg,full,pavement,scene,a photo of pavement.,0.271277
plant,dandelion_143959013.jpg,full,person,scene,a photo of person.,0.242471
plant,dandelion_143959013.jpg,full,screen,scene,a photo of screen.,0.284780
plant,dandelion_143959013.jpg,reticle,grass,plant,a photo of Poaceae.,0.337353
plant,dandelion_143959013.jpg,reticle,oak,plant,a photo of Quercus.,0.294449
plant,dandelion_143959013.jpg,reticle,fern,plant,a photo of Polypodiopsida.,0.308641
plant,dandelion_143959013.jpg,reticle,clover,plant,a photo of Trifolium.,0.364476
plant,dandelion_143959013.jpg,reticle,pine,plant,a photo of Pinus.,0.287137
plant,dandelion_143959013.jpg,reticle,dandelion,plant,a photo of Taraxacum.,0.544090
plant,dandelion_143959013.jpg,reticle,poison ivy,hazard,a photo of Toxicodendron radicans.,0.357343
plant,dandelion_143959013.jpg,reticle,poison oak,hazard,a photo of Toxicodendron pubescens.,0.331039
plant,dandelion_143959013.jpg,reticle,poison sumac,hazard,a photo of Toxicodendron vernix.,0.194139
plant,dandelion_143959013.jpg,reticle,pokeweed,hazard,a photo of Phytolacca americana.,0.363668
plant,dandelion_143959013.jpg,reticle,Carolina horsenettle,hazard,a photo of Solanum carolinense.,0.364311
plant,dandelion_143959013.jpg,reticle,lawn,scene,a photo of lawn.,0.314948
plant,dandelion_143959013.jpg,reticle,field,scene,a photo of field.,0.300461
plant,dandelion_143959013.jpg,reticle,weedy garden bed,scene,a photo of weedy garden bed.,0.297562
plant,dandelion_143959013.jpg,reticle,pavement,scene,a photo of pavement.,0.286466
plant,dandelion_143959013.jpg,reticle,person,scene,a photo of person.,0.229588
plant,dandelion_143959013.jpg,reticle,screen,scene,a photo of screen.,0.270799
plant,dandelion_96999892.jpg,full,grass,plant,a photo of Poaceae.,0.291741
plant,dandelion_96999892.jpg,full,oak,plant,a photo of Quercus.,0.242138
plant,dandelion_96999892.jpg,full,fern,plant,a photo of Polypodiopsida.,0.292513
plant,dandelion_96999892.jpg,full,clover,plant,a photo of Trifolium.,0.309909
plant,dandelion_96999892.jpg,full,pine,plant,a photo of Pinus.,0.208921
plant,dandelion_96999892.jpg,full,dandelion,plant,a photo of Taraxacum.,0.563674
plant,dandelion_96999892.jpg,full,poison ivy,hazard,a photo of Toxicodendron radicans.,0.311842
plant,dandelion_96999892.jpg,full,poison oak,hazard,a photo of Toxicodendron pubescens.,0.224732
plant,dandelion_96999892.jpg,full,poison sumac,hazard,a photo of Toxicodendron vernix.,0.210818
plant,dandelion_96999892.jpg,full,pokeweed,hazard,a photo of Phytolacca americana.,0.264504
plant,dandelion_96999892.jpg,full,Carolina horsenettle,hazard,a photo of Solanum carolinense.,0.316980
plant,dandelion_96999892.jpg,full,lawn,scene,a photo of lawn.,0.266540
plant,dandelion_96999892.jpg,full,field,scene,a photo of field.,0.222517
plant,dandelion_96999892.jpg,full,weedy garden bed,scene,a photo of weedy garden bed.,0.257556
plant,dandelion_96999892.jpg,full,pavement,scene,a photo of pavement.,0.240040
plant,dandelion_96999892.jpg,full,person,scene,a photo of person.,0.211156
plant,dandelion_96999892.jpg,full,screen,scene,a photo of screen.,0.211051
plant,dandelion_96999892.jpg,reticle,grass,plant,a photo of Poaceae.,0.360181
plant,dandelion_96999892.jpg,reticle,oak,plant,a photo of Quercus.,0.281185
plant,dandelion_96999892.jpg,reticle,fern,plant,a photo of Polypodiopsida.,0.355577
plant,dandelion_96999892.jpg,reticle,clover,plant,a photo of Trifolium.,0.345960
plant,dandelion_96999892.jpg,reticle,pine,plant,a photo of Pinus.,0.266205
plant,dandelion_96999892.jpg,reticle,dandelion,plant,a photo of Taraxacum.,0.557574
plant,dandelion_96999892.jpg,reticle,poison ivy,hazard,a photo of Toxicodendron radicans.,0.342076
plant,dandelion_96999892.jpg,reticle,poison oak,hazard,a photo of Toxicodendron pubescens.,0.248550
plant,dandelion_96999892.jpg,reticle,poison sumac,hazard,a photo of Toxicodendron vernix.,0.253448
plant,dandelion_96999892.jpg,reticle,pokeweed,hazard,a photo of Phytolacca americana.,0.298849
plant,dandelion_96999892.jpg,reticle,Carolina horsenettle,hazard,a photo of Solanum carolinense.,0.343728
plant,dandelion_96999892.jpg,reticle,lawn,scene,a photo of lawn.,0.309531
plant,dandelion_96999892.jpg,reticle,field,scene,a photo of field.,0.264323
plant,dandelion_96999892.jpg,reticle,weedy garden bed,scene,a photo of weedy garden bed.,0.274362
plant,dandelion_96999892.jpg,reticle,pavement,scene,a photo of pavement.,0.290056
plant,dandelion_96999892.jpg,reticle,person,scene,a photo of person.,0.257889
plant,dandelion_96999892.jpg,reticle,screen,scene,a photo of screen.,0.262014
plant,moss_206167235.jpg,full,grass,plant,a photo of Poaceae.,0.356189
plant,moss_206167235.jpg,full,oak,plant,a photo of Quercus.,0.353163
plant,moss_206167235.jpg,full,fern,plant,a photo of Polypodiopsida.,0.559104
plant,moss_206167235.jpg,full,clover,plant,a photo of Trifolium.,0.303534
plant,moss_206167235.jpg,full,pine,plant,a photo of Pinus.,0.324110
plant,moss_206167235.jpg,full,dandelion,plant,a photo of Taraxacum.,0.372241
plant,moss_206167235.jpg,full,poison ivy,hazard,a photo of Toxicodendron radicans.,0.326703
plant,moss_206167235.jpg,full,poison oak,hazard,a photo of Toxicodendron pubescens.,0.268817
plant,moss_206167235.jpg,full,poison sumac,hazard,a photo of Toxicodendron vernix.,0.280689
plant,moss_206167235.jpg,full,pokeweed,hazard,a photo of Phytolacca americana.,0.307695
plant,moss_206167235.jpg,full,Carolina horsenettle,hazard,a photo of Solanum carolinense.,0.273832
plant,moss_206167235.jpg,full,lawn,scene,a photo of lawn.,0.407593
plant,moss_206167235.jpg,full,field,scene,a photo of field.,0.421905
plant,moss_206167235.jpg,full,weedy garden bed,scene,a photo of weedy garden bed.,0.376744
plant,moss_206167235.jpg,full,pavement,scene,a photo of pavement.,0.404126
plant,moss_206167235.jpg,full,person,scene,a photo of person.,0.353642
plant,moss_206167235.jpg,full,screen,scene,a photo of screen.,0.467961
plant,moss_206167235.jpg,reticle,grass,plant,a photo of Poaceae.,0.360536
plant,moss_206167235.jpg,reticle,oak,plant,a photo of Quercus.,0.369794
plant,moss_206167235.jpg,reticle,fern,plant,a photo of Polypodiopsida.,0.566659
plant,moss_206167235.jpg,reticle,clover,plant,a photo of Trifolium.,0.318838
plant,moss_206167235.jpg,reticle,pine,plant,a photo of Pinus.,0.355633
plant,moss_206167235.jpg,reticle,dandelion,plant,a photo of Taraxacum.,0.377694
plant,moss_206167235.jpg,reticle,poison ivy,hazard,a photo of Toxicodendron radicans.,0.328133
plant,moss_206167235.jpg,reticle,poison oak,hazard,a photo of Toxicodendron pubescens.,0.265531
plant,moss_206167235.jpg,reticle,poison sumac,hazard,a photo of Toxicodendron vernix.,0.275843
plant,moss_206167235.jpg,reticle,pokeweed,hazard,a photo of Phytolacca americana.,0.305572
plant,moss_206167235.jpg,reticle,Carolina horsenettle,hazard,a photo of Solanum carolinense.,0.275840
plant,moss_206167235.jpg,reticle,lawn,scene,a photo of lawn.,0.393339
plant,moss_206167235.jpg,reticle,field,scene,a photo of field.,0.455021
plant,moss_206167235.jpg,reticle,weedy garden bed,scene,a photo of weedy garden bed.,0.362426
plant,moss_206167235.jpg,reticle,pavement,scene,a photo of pavement.,0.390781
plant,moss_206167235.jpg,reticle,person,scene,a photo of person.,0.339811
plant,moss_206167235.jpg,reticle,screen,scene,a photo of screen.,0.488511
plant,moss_327767764.jpg,full,grass,plant,a photo of Poaceae.,0.361813
plant,moss_327767764.jpg,full,oak,plant,a photo of Quercus.,0.301144
plant,moss_327767764.jpg,full,fern,plant,a photo of Polypodiopsida.,0.432758
plant,moss_327767764.jpg,full,clover,plant,a photo of Trifolium.,0.323691
plant,moss_327767764.jpg,full,pine,plant,a photo of Pinus.,0.325907
plant,moss_327767764.jpg,full,dandelion,plant,a photo of Taraxacum.,0.327213
plant,moss_327767764.jpg,full,poison ivy,hazard,a photo of Toxicodendron radicans.,0.317357
plant,moss_327767764.jpg,full,poison oak,hazard,a photo of Toxicodendron pubescens.,0.255892
plant,moss_327767764.jpg,full,poison sumac,hazard,a photo of Toxicodendron vernix.,0.193305
plant,moss_327767764.jpg,full,pokeweed,hazard,a photo of Phytolacca americana.,0.273788
plant,moss_327767764.jpg,full,Carolina horsenettle,hazard,a photo of Solanum carolinense.,0.334765
plant,moss_327767764.jpg,full,lawn,scene,a photo of lawn.,0.402660
plant,moss_327767764.jpg,full,field,scene,a photo of field.,0.315839
plant,moss_327767764.jpg,full,weedy garden bed,scene,a photo of weedy garden bed.,0.354167
plant,moss_327767764.jpg,full,pavement,scene,a photo of pavement.,0.390930
plant,moss_327767764.jpg,full,person,scene,a photo of person.,0.325142
plant,moss_327767764.jpg,full,screen,scene,a photo of screen.,0.374533
plant,moss_327767764.jpg,reticle,grass,plant,a photo of Poaceae.,0.341357
plant,moss_327767764.jpg,reticle,oak,plant,a photo of Quercus.,0.346818
plant,moss_327767764.jpg,reticle,fern,plant,a photo of Polypodiopsida.,0.467291
plant,moss_327767764.jpg,reticle,clover,plant,a photo of Trifolium.,0.309622
plant,moss_327767764.jpg,reticle,pine,plant,a photo of Pinus.,0.345811
plant,moss_327767764.jpg,reticle,dandelion,plant,a photo of Taraxacum.,0.322081
plant,moss_327767764.jpg,reticle,poison ivy,hazard,a photo of Toxicodendron radicans.,0.330575
plant,moss_327767764.jpg,reticle,poison oak,hazard,a photo of Toxicodendron pubescens.,0.257214
plant,moss_327767764.jpg,reticle,poison sumac,hazard,a photo of Toxicodendron vernix.,0.229684
plant,moss_327767764.jpg,reticle,pokeweed,hazard,a photo of Phytolacca americana.,0.294973
plant,moss_327767764.jpg,reticle,Carolina horsenettle,hazard,a photo of Solanum carolinense.,0.305049
plant,moss_327767764.jpg,reticle,lawn,scene,a photo of lawn.,0.378703
plant,moss_327767764.jpg,reticle,field,scene,a photo of field.,0.357070
plant,moss_327767764.jpg,reticle,weedy garden bed,scene,a photo of weedy garden bed.,0.336588
plant,moss_327767764.jpg,reticle,pavement,scene,a photo of pavement.,0.383757
plant,moss_327767764.jpg,reticle,person,scene,a photo of person.,0.319781
plant,moss_327767764.jpg,reticle,screen,scene,a photo of screen.,0.384148
plant,moss_99283572.jpg,full,grass,plant,a photo of Poaceae.,0.434215
plant,moss_99283572.jpg,full,oak,plant,a photo of Quercus.,0.429317
plant,moss_99283572.jpg,full,fern,plant,a photo of Polypodiopsida.,0.438141
plant,moss_99283572.jpg,full,clover,plant,a photo of Trifolium.,0.431729
plant,moss_99283572.jpg,full,pine,plant,a photo of Pinus.,0.411538
plant,moss_99283572.jpg,full,dandelion,plant,a photo of Taraxacum.,0.412530
plant,moss_99283572.jpg,full,poison ivy,hazard,a photo of Toxicodendron radicans.,0.370381
plant,moss_99283572.jpg,full,poison oak,hazard,a photo of Toxicodendron pubescens.,0.335813
plant,moss_99283572.jpg,full,poison sumac,hazard,a photo of Toxicodendron vernix.,0.329530
plant,moss_99283572.jpg,full,pokeweed,hazard,a photo of Phytolacca americana.,0.367229
plant,moss_99283572.jpg,full,Carolina horsenettle,hazard,a photo of Solanum carolinense.,0.305206
plant,moss_99283572.jpg,full,lawn,scene,a photo of lawn.,0.479790
plant,moss_99283572.jpg,full,field,scene,a photo of field.,0.415167
plant,moss_99283572.jpg,full,weedy garden bed,scene,a photo of weedy garden bed.,0.509523
plant,moss_99283572.jpg,full,pavement,scene,a photo of pavement.,0.456444
plant,moss_99283572.jpg,full,person,scene,a photo of person.,0.437579
plant,moss_99283572.jpg,full,screen,scene,a photo of screen.,0.510662
plant,moss_99283572.jpg,reticle,grass,plant,a photo of Poaceae.,0.465935
plant,moss_99283572.jpg,reticle,oak,plant,a photo of Quercus.,0.433358
plant,moss_99283572.jpg,reticle,fern,plant,a photo of Polypodiopsida.,0.517111
plant,moss_99283572.jpg,reticle,clover,plant,a photo of Trifolium.,0.420750
plant,moss_99283572.jpg,reticle,pine,plant,a photo of Pinus.,0.412153
plant,moss_99283572.jpg,reticle,dandelion,plant,a photo of Taraxacum.,0.429235
plant,moss_99283572.jpg,reticle,poison ivy,hazard,a photo of Toxicodendron radicans.,0.329965
plant,moss_99283572.jpg,reticle,poison oak,hazard,a photo of Toxicodendron pubescens.,0.241107
plant,moss_99283572.jpg,reticle,poison sumac,hazard,a photo of Toxicodendron vernix.,0.230597
plant,moss_99283572.jpg,reticle,pokeweed,hazard,a photo of Phytolacca americana.,0.351839
plant,moss_99283572.jpg,reticle,Carolina horsenettle,hazard,a photo of Solanum carolinense.,0.297260
plant,moss_99283572.jpg,reticle,lawn,scene,a photo of lawn.,0.502354
plant,moss_99283572.jpg,reticle,field,scene,a photo of field.,0.449789
plant,moss_99283572.jpg,reticle,weedy garden bed,scene,a photo of weedy garden bed.,0.436420
plant,moss_99283572.jpg,reticle,pavement,scene,a photo of pavement.,0.491920
plant,moss_99283572.jpg,reticle,person,scene,a photo of person.,0.431343
plant,moss_99283572.jpg,reticle,screen,scene,a photo of screen.,0.473490
plant,moss_74700272.jpg,full,grass,plant,a photo of Poaceae.,0.380051
plant,moss_74700272.jpg,full,oak,plant,a photo of Quercus.,0.373329
plant,moss_74700272.jpg,full,fern,plant,a photo of Polypodiopsida.,0.392318
plant,moss_74700272.jpg,full,clover,plant,a photo of Trifolium.,0.291467
plant,moss_74700272.jpg,full,pine,plant,a photo of Pinus.,0.382610
plant,moss_74700272.jpg,full,dandelion,plant,a photo of Taraxacum.,0.355586
plant,moss_74700272.jpg,full,poison ivy,hazard,a photo of Toxicodendron radicans.,0.394803
plant,moss_74700272.jpg,full,poison oak,hazard,a photo of Toxicodendron pubescens.,0.316641
plant,moss_74700272.jpg,full,poison sumac,hazard,a photo of Toxicodendron vernix.,0.305285
plant,moss_74700272.jpg,full,pokeweed,hazard,a photo of Phytolacca americana.,0.328992
plant,moss_74700272.jpg,full,Carolina horsenettle,hazard,a photo of Solanum carolinense.,0.283063
plant,moss_74700272.jpg,full,lawn,scene,a photo of lawn.,0.355199
plant,moss_74700272.jpg,full,field,scene,a photo of field.,0.337099
plant,moss_74700272.jpg,full,weedy garden bed,scene,a photo of weedy garden bed.,0.361620
plant,moss_74700272.jpg,full,pavement,scene,a photo of pavement.,0.444638
plant,moss_74700272.jpg,full,person,scene,a photo of person.,0.381406
plant,moss_74700272.jpg,full,screen,scene,a photo of screen.,0.434719
plant,moss_74700272.jpg,reticle,grass,plant,a photo of Poaceae.,0.472729
plant,moss_74700272.jpg,reticle,oak,plant,a photo of Quercus.,0.411288
plant,moss_74700272.jpg,reticle,fern,plant,a photo of Polypodiopsida.,0.473480
plant,moss_74700272.jpg,reticle,clover,plant,a photo of Trifolium.,0.383855
plant,moss_74700272.jpg,reticle,pine,plant,a photo of Pinus.,0.382452
plant,moss_74700272.jpg,reticle,dandelion,plant,a photo of Taraxacum.,0.402475
plant,moss_74700272.jpg,reticle,poison ivy,hazard,a photo of Toxicodendron radicans.,0.367269
plant,moss_74700272.jpg,reticle,poison oak,hazard,a photo of Toxicodendron pubescens.,0.333672
plant,moss_74700272.jpg,reticle,poison sumac,hazard,a photo of Toxicodendron vernix.,0.293243
plant,moss_74700272.jpg,reticle,pokeweed,hazard,a photo of Phytolacca americana.,0.369206
plant,moss_74700272.jpg,reticle,Carolina horsenettle,hazard,a photo of Solanum carolinense.,0.331441
plant,moss_74700272.jpg,reticle,lawn,scene,a photo of lawn.,0.426548
plant,moss_74700272.jpg,reticle,field,scene,a photo of field.,0.417828
plant,moss_74700272.jpg,reticle,weedy garden bed,scene,a photo of weedy garden bed.,0.469684
plant,moss_74700272.jpg,reticle,pavement,scene,a photo of pavement.,0.562582
plant,moss_74700272.jpg,reticle,person,scene,a photo of person.,0.454653
plant,moss_74700272.jpg,reticle,screen,scene,a photo of screen.,0.473534
plant,moss_150743932.jpg,full,grass,plant,a photo of Poaceae.,0.351082
plant,moss_150743932.jpg,full,oak,plant,a photo of Quercus.,0.338556
plant,moss_150743932.jpg,full,fern,plant,a photo of Polypodiopsida.,0.404656
plant,moss_150743932.jpg,full,clover,plant,a photo of Trifolium.,0.268746
plant,moss_150743932.jpg,full,pine,plant,a photo of Pinus.,0.289136
plant,moss_150743932.jpg,full,dandelion,plant,a photo of Taraxacum.,0.320796
plant,moss_150743932.jpg,full,poison ivy,hazard,a photo of Toxicodendron radicans.,0.278787
plant,moss_150743932.jpg,full,poison oak,hazard,a photo of Toxicodendron pubescens.,0.180361
plant,moss_150743932.jpg,full,poison sumac,hazard,a photo of Toxicodendron vernix.,0.192299
plant,moss_150743932.jpg,full,pokeweed,hazard,a photo of Phytolacca americana.,0.300461
plant,moss_150743932.jpg,full,Carolina horsenettle,hazard,a photo of Solanum carolinense.,0.281257
plant,moss_150743932.jpg,full,lawn,scene,a photo of lawn.,0.366541
plant,moss_150743932.jpg,full,field,scene,a photo of field.,0.295752
plant,moss_150743932.jpg,full,weedy garden bed,scene,a photo of weedy garden bed.,0.219086
plant,moss_150743932.jpg,full,pavement,scene,a photo of pavement.,0.389940
plant,moss_150743932.jpg,full,person,scene,a photo of person.,0.313685
plant,moss_150743932.jpg,full,screen,scene,a photo of screen.,0.347574
plant,moss_150743932.jpg,reticle,grass,plant,a photo of Poaceae.,0.404485
plant,moss_150743932.jpg,reticle,oak,plant,a photo of Quercus.,0.364537
plant,moss_150743932.jpg,reticle,fern,plant,a photo of Polypodiopsida.,0.493310
plant,moss_150743932.jpg,reticle,clover,plant,a photo of Trifolium.,0.333299
plant,moss_150743932.jpg,reticle,pine,plant,a photo of Pinus.,0.349789
plant,moss_150743932.jpg,reticle,dandelion,plant,a photo of Taraxacum.,0.369525
plant,moss_150743932.jpg,reticle,poison ivy,hazard,a photo of Toxicodendron radicans.,0.306929
plant,moss_150743932.jpg,reticle,poison oak,hazard,a photo of Toxicodendron pubescens.,0.229857
plant,moss_150743932.jpg,reticle,poison sumac,hazard,a photo of Toxicodendron vernix.,0.250165
plant,moss_150743932.jpg,reticle,pokeweed,hazard,a photo of Phytolacca americana.,0.334729
plant,moss_150743932.jpg,reticle,Carolina horsenettle,hazard,a photo of Solanum carolinense.,0.285475
plant,moss_150743932.jpg,reticle,lawn,scene,a photo of lawn.,0.430848
plant,moss_150743932.jpg,reticle,field,scene,a photo of field.,0.405709
plant,moss_150743932.jpg,reticle,weedy garden bed,scene,a photo of weedy garden bed.,0.315083
plant,moss_150743932.jpg,reticle,pavement,scene,a photo of pavement.,0.483289
plant,moss_150743932.jpg,reticle,person,scene,a photo of person.,0.402455
plant,moss_150743932.jpg,reticle,screen,scene,a photo of screen.,0.433770
plant,moss_35300641.jpg,full,grass,plant,a photo of Poaceae.,0.388322
plant,moss_35300641.jpg,full,oak,plant,a photo of Quercus.,0.389697
plant,moss_35300641.jpg,full,fern,plant,a photo of Polypodiopsida.,0.533159
plant,moss_35300641.jpg,full,clover,plant,a photo of Trifolium.,0.348222
plant,moss_35300641.jpg,full,pine,plant,a photo of Pinus.,0.374894
plant,moss_35300641.jpg,full,dandelion,plant,a photo of Taraxacum.,0.422258
plant,moss_35300641.jpg,full,poison ivy,hazard,a photo of Toxicodendron radicans.,0.346369
plant,moss_35300641.jpg,full,poison oak,hazard,a photo of Toxicodendron pubescens.,0.334328
plant,moss_35300641.jpg,full,poison sumac,hazard,a photo of Toxicodendron vernix.,0.284219
plant,moss_35300641.jpg,full,pokeweed,hazard,a photo of Phytolacca americana.,0.314082
plant,moss_35300641.jpg,full,Carolina horsenettle,hazard,a photo of Solanum carolinense.,0.341595
plant,moss_35300641.jpg,full,lawn,scene,a photo of lawn.,0.418077
plant,moss_35300641.jpg,full,field,scene,a photo of field.,0.403283
plant,moss_35300641.jpg,full,weedy garden bed,scene,a photo of weedy garden bed.,0.439923
plant,moss_35300641.jpg,full,pavement,scene,a photo of pavement.,0.378520
plant,moss_35300641.jpg,full,person,scene,a photo of person.,0.341346
plant,moss_35300641.jpg,full,screen,scene,a photo of screen.,0.413222
plant,moss_35300641.jpg,reticle,grass,plant,a photo of Poaceae.,0.355128
plant,moss_35300641.jpg,reticle,oak,plant,a photo of Quercus.,0.393110
plant,moss_35300641.jpg,reticle,fern,plant,a photo of Polypodiopsida.,0.555796
plant,moss_35300641.jpg,reticle,clover,plant,a photo of Trifolium.,0.331518
plant,moss_35300641.jpg,reticle,pine,plant,a photo of Pinus.,0.381899
plant,moss_35300641.jpg,reticle,dandelion,plant,a photo of Taraxacum.,0.410942
plant,moss_35300641.jpg,reticle,poison ivy,hazard,a photo of Toxicodendron radicans.,0.375560
plant,moss_35300641.jpg,reticle,poison oak,hazard,a photo of Toxicodendron pubescens.,0.389578
plant,moss_35300641.jpg,reticle,poison sumac,hazard,a photo of Toxicodendron vernix.,0.323148
plant,moss_35300641.jpg,reticle,pokeweed,hazard,a photo of Phytolacca americana.,0.327646
plant,moss_35300641.jpg,reticle,Carolina horsenettle,hazard,a photo of Solanum carolinense.,0.350351
plant,moss_35300641.jpg,reticle,lawn,scene,a photo of lawn.,0.363202
plant,moss_35300641.jpg,reticle,field,scene,a photo of field.,0.412098
plant,moss_35300641.jpg,reticle,weedy garden bed,scene,a photo of weedy garden bed.,0.458274
plant,moss_35300641.jpg,reticle,pavement,scene,a photo of pavement.,0.368584
plant,moss_35300641.jpg,reticle,person,scene,a photo of person.,0.355852
plant,moss_35300641.jpg,reticle,screen,scene,a photo of screen.,0.434319
plant,moss_297775299.jpg,full,grass,plant,a photo of Poaceae.,0.325194
plant,moss_297775299.jpg,full,oak,plant,a photo of Quercus.,0.397047
plant,moss_297775299.jpg,full,fern,plant,a photo of Polypodiopsida.,0.452771
plant,moss_297775299.jpg,full,clover,plant,a photo of Trifolium.,0.263054
plant,moss_297775299.jpg,full,pine,plant,a photo of Pinus.,0.317438
plant,moss_297775299.jpg,full,dandelion,plant,a photo of Taraxacum.,0.396134
plant,moss_297775299.jpg,full,poison ivy,hazard,a photo of Toxicodendron radicans.,0.387399
plant,moss_297775299.jpg,full,poison oak,hazard,a photo of Toxicodendron pubescens.,0.282262
plant,moss_297775299.jpg,full,poison sumac,hazard,a photo of Toxicodendron vernix.,0.284260
plant,moss_297775299.jpg,full,pokeweed,hazard,a photo of Phytolacca americana.,0.326424
plant,moss_297775299.jpg,full,Carolina horsenettle,hazard,a photo of Solanum carolinense.,0.354819
plant,moss_297775299.jpg,full,lawn,scene,a photo of lawn.,0.312496
plant,moss_297775299.jpg,full,field,scene,a photo of field.,0.301926
plant,moss_297775299.jpg,full,weedy garden bed,scene,a photo of weedy garden bed.,0.313581
plant,moss_297775299.jpg,full,pavement,scene,a photo of pavement.,0.330183
plant,moss_297775299.jpg,full,person,scene,a photo of person.,0.298110
plant,moss_297775299.jpg,full,screen,scene,a photo of screen.,0.328512
plant,moss_297775299.jpg,reticle,grass,plant,a photo of Poaceae.,0.330005
plant,moss_297775299.jpg,reticle,oak,plant,a photo of Quercus.,0.372803
plant,moss_297775299.jpg,reticle,fern,plant,a photo of Polypodiopsida.,0.428646
plant,moss_297775299.jpg,reticle,clover,plant,a photo of Trifolium.,0.288619
plant,moss_297775299.jpg,reticle,pine,plant,a photo of Pinus.,0.278130
plant,moss_297775299.jpg,reticle,dandelion,plant,a photo of Taraxacum.,0.367842
plant,moss_297775299.jpg,reticle,poison ivy,hazard,a photo of Toxicodendron radicans.,0.351224
plant,moss_297775299.jpg,reticle,poison oak,hazard,a photo of Toxicodendron pubescens.,0.230506
plant,moss_297775299.jpg,reticle,poison sumac,hazard,a photo of Toxicodendron vernix.,0.244926
plant,moss_297775299.jpg,reticle,pokeweed,hazard,a photo of Phytolacca americana.,0.309595
plant,moss_297775299.jpg,reticle,Carolina horsenettle,hazard,a photo of Solanum carolinense.,0.306926
plant,moss_297775299.jpg,reticle,lawn,scene,a photo of lawn.,0.338629
plant,moss_297775299.jpg,reticle,field,scene,a photo of field.,0.342844
plant,moss_297775299.jpg,reticle,weedy garden bed,scene,a photo of weedy garden bed.,0.291640
plant,moss_297775299.jpg,reticle,pavement,scene,a photo of pavement.,0.356107
plant,moss_297775299.jpg,reticle,person,scene,a photo of person.,0.277411
plant,moss_297775299.jpg,reticle,screen,scene,a photo of screen.,0.349166
plant,moss_22263131.jpg,full,grass,plant,a photo of Poaceae.,0.350094
plant,moss_22263131.jpg,full,oak,plant,a photo of Quercus.,0.387993
plant,moss_22263131.jpg,full,fern,plant,a photo of Polypodiopsida.,0.418932
plant,moss_22263131.jpg,full,clover,plant,a photo of Trifolium.,0.311918
plant,moss_22263131.jpg,full,pine,plant,a photo of Pinus.,0.336842
plant,moss_22263131.jpg,full,dandelion,plant,a photo of Taraxacum.,0.335532
plant,moss_22263131.jpg,full,poison ivy,hazard,a photo of Toxicodendron radicans.,0.354131
plant,moss_22263131.jpg,full,poison oak,hazard,a photo of Toxicodendron pubescens.,0.248712
plant,moss_22263131.jpg,full,poison sumac,hazard,a photo of Toxicodendron vernix.,0.264232
plant,moss_22263131.jpg,full,pokeweed,hazard,a photo of Phytolacca americana.,0.325276
plant,moss_22263131.jpg,full,Carolina horsenettle,hazard,a photo of Solanum carolinense.,0.305140
plant,moss_22263131.jpg,full,lawn,scene,a photo of lawn.,0.323679
plant,moss_22263131.jpg,full,field,scene,a photo of field.,0.321744
plant,moss_22263131.jpg,full,weedy garden bed,scene,a photo of weedy garden bed.,0.247449
plant,moss_22263131.jpg,full,pavement,scene,a photo of pavement.,0.365923
plant,moss_22263131.jpg,full,person,scene,a photo of person.,0.303432
plant,moss_22263131.jpg,full,screen,scene,a photo of screen.,0.375273
plant,moss_22263131.jpg,reticle,grass,plant,a photo of Poaceae.,0.322417
plant,moss_22263131.jpg,reticle,oak,plant,a photo of Quercus.,0.363567
plant,moss_22263131.jpg,reticle,fern,plant,a photo of Polypodiopsida.,0.410465
plant,moss_22263131.jpg,reticle,clover,plant,a photo of Trifolium.,0.307031
plant,moss_22263131.jpg,reticle,pine,plant,a photo of Pinus.,0.318043
plant,moss_22263131.jpg,reticle,dandelion,plant,a photo of Taraxacum.,0.334678
plant,moss_22263131.jpg,reticle,poison ivy,hazard,a photo of Toxicodendron radicans.,0.341979
plant,moss_22263131.jpg,reticle,poison oak,hazard,a photo of Toxicodendron pubescens.,0.251630
plant,moss_22263131.jpg,reticle,poison sumac,hazard,a photo of Toxicodendron vernix.,0.270583
plant,moss_22263131.jpg,reticle,pokeweed,hazard,a photo of Phytolacca americana.,0.332644
plant,moss_22263131.jpg,reticle,Carolina horsenettle,hazard,a photo of Solanum carolinense.,0.285128
plant,moss_22263131.jpg,reticle,lawn,scene,a photo of lawn.,0.301150
plant,moss_22263131.jpg,reticle,field,scene,a photo of field.,0.330118
plant,moss_22263131.jpg,reticle,weedy garden bed,scene,a photo of weedy garden bed.,0.261486
plant,moss_22263131.jpg,reticle,pavement,scene,a photo of pavement.,0.367084
plant,moss_22263131.jpg,reticle,person,scene,a photo of person.,0.297742
plant,moss_22263131.jpg,reticle,screen,scene,a photo of screen.,0.362297
plant,moss_257263778.jpg,full,grass,plant,a photo of Poaceae.,0.250231
plant,moss_257263778.jpg,full,oak,plant,a photo of Quercus.,0.225793
plant,moss_257263778.jpg,full,fern,plant,a photo of Polypodiopsida.,0.356354
plant,moss_257263778.jpg,full,clover,plant,a photo of Trifolium.,0.191987
plant,moss_257263778.jpg,full,pine,plant,a photo of Pinus.,0.249246
plant,moss_257263778.jpg,full,dandelion,plant,a photo of Taraxacum.,0.320937
plant,moss_257263778.jpg,full,poison ivy,hazard,a photo of Toxicodendron radicans.,0.267553
plant,moss_257263778.jpg,full,poison oak,hazard,a photo of Toxicodendron pubescens.,0.176521
plant,moss_257263778.jpg,full,poison sumac,hazard,a photo of Toxicodendron vernix.,0.263180
plant,moss_257263778.jpg,full,pokeweed,hazard,a photo of Phytolacca americana.,0.238343
plant,moss_257263778.jpg,full,Carolina horsenettle,hazard,a photo of Solanum carolinense.,0.281263
plant,moss_257263778.jpg,full,lawn,scene,a photo of lawn.,0.227718
plant,moss_257263778.jpg,full,field,scene,a photo of field.,0.236581
plant,moss_257263778.jpg,full,weedy garden bed,scene,a photo of weedy garden bed.,0.220712
plant,moss_257263778.jpg,full,pavement,scene,a photo of pavement.,0.244424
plant,moss_257263778.jpg,full,person,scene,a photo of person.,0.214487
plant,moss_257263778.jpg,full,screen,scene,a photo of screen.,0.222431
plant,moss_257263778.jpg,reticle,grass,plant,a photo of Poaceae.,0.294464
plant,moss_257263778.jpg,reticle,oak,plant,a photo of Quercus.,0.278828
plant,moss_257263778.jpg,reticle,fern,plant,a photo of Polypodiopsida.,0.396428
plant,moss_257263778.jpg,reticle,clover,plant,a photo of Trifolium.,0.227227
plant,moss_257263778.jpg,reticle,pine,plant,a photo of Pinus.,0.292528
plant,moss_257263778.jpg,reticle,dandelion,plant,a photo of Taraxacum.,0.340568
plant,moss_257263778.jpg,reticle,poison ivy,hazard,a photo of Toxicodendron radicans.,0.308478
plant,moss_257263778.jpg,reticle,poison oak,hazard,a photo of Toxicodendron pubescens.,0.210230
plant,moss_257263778.jpg,reticle,poison sumac,hazard,a photo of Toxicodendron vernix.,0.284128
plant,moss_257263778.jpg,reticle,pokeweed,hazard,a photo of Phytolacca americana.,0.271854
plant,moss_257263778.jpg,reticle,Carolina horsenettle,hazard,a photo of Solanum carolinense.,0.318712
plant,moss_257263778.jpg,reticle,lawn,scene,a photo of lawn.,0.263024
plant,moss_257263778.jpg,reticle,field,scene,a photo of field.,0.286920
plant,moss_257263778.jpg,reticle,weedy garden bed,scene,a photo of weedy garden bed.,0.224972
plant,moss_257263778.jpg,reticle,pavement,scene,a photo of pavement.,0.292673
plant,moss_257263778.jpg,reticle,person,scene,a photo of person.,0.233157
plant,moss_257263778.jpg,reticle,screen,scene,a photo of screen.,0.254783
plant,moss_265577121.jpg,full,grass,plant,a photo of Poaceae.,0.311314
plant,moss_265577121.jpg,full,oak,plant,a photo of Quercus.,0.356452
plant,moss_265577121.jpg,full,fern,plant,a photo of Polypodiopsida.,0.416693
plant,moss_265577121.jpg,full,clover,plant,a photo of Trifolium.,0.279292
plant,moss_265577121.jpg,full,pine,plant,a photo of Pinus.,0.314286
plant,moss_265577121.jpg,full,dandelion,plant,a photo of Taraxacum.,0.361072
plant,moss_265577121.jpg,full,poison ivy,hazard,a photo of Toxicodendron radicans.,0.357383
plant,moss_265577121.jpg,full,poison oak,hazard,a photo of Toxicodendron pubescens.,0.327524
plant,moss_265577121.jpg,full,poison sumac,hazard,a photo of Toxicodendron vernix.,0.312192
plant,moss_265577121.jpg,full,pokeweed,hazard,a photo of Phytolacca americana.,0.289076
plant,moss_265577121.jpg,full,Carolina horsenettle,hazard,a photo of Solanum carolinense.,0.360197
plant,moss_265577121.jpg,full,lawn,scene,a photo of lawn.,0.315735
plant,moss_265577121.jpg,full,field,scene,a photo of field.,0.325955
plant,moss_265577121.jpg,full,weedy garden bed,scene,a photo of weedy garden bed.,0.276118
plant,moss_265577121.jpg,full,pavement,scene,a photo of pavement.,0.351152
plant,moss_265577121.jpg,full,person,scene,a photo of person.,0.287167
plant,moss_265577121.jpg,full,screen,scene,a photo of screen.,0.328630
plant,moss_265577121.jpg,reticle,grass,plant,a photo of Poaceae.,0.296219
plant,moss_265577121.jpg,reticle,oak,plant,a photo of Quercus.,0.296921
plant,moss_265577121.jpg,reticle,fern,plant,a photo of Polypodiopsida.,0.381237
plant,moss_265577121.jpg,reticle,clover,plant,a photo of Trifolium.,0.245225
plant,moss_265577121.jpg,reticle,pine,plant,a photo of Pinus.,0.303719
plant,moss_265577121.jpg,reticle,dandelion,plant,a photo of Taraxacum.,0.334028
plant,moss_265577121.jpg,reticle,poison ivy,hazard,a photo of Toxicodendron radicans.,0.317438
plant,moss_265577121.jpg,reticle,poison oak,hazard,a photo of Toxicodendron pubescens.,0.240220
plant,moss_265577121.jpg,reticle,poison sumac,hazard,a photo of Toxicodendron vernix.,0.271617
plant,moss_265577121.jpg,reticle,pokeweed,hazard,a photo of Phytolacca americana.,0.280986
plant,moss_265577121.jpg,reticle,Carolina horsenettle,hazard,a photo of Solanum carolinense.,0.321181
plant,moss_265577121.jpg,reticle,lawn,scene,a photo of lawn.,0.255565
plant,moss_265577121.jpg,reticle,field,scene,a photo of field.,0.288593
plant,moss_265577121.jpg,reticle,weedy garden bed,scene,a photo of weedy garden bed.,0.207813
plant,moss_265577121.jpg,reticle,pavement,scene,a photo of pavement.,0.295153
plant,moss_265577121.jpg,reticle,person,scene,a photo of person.,0.228032
plant,moss_265577121.jpg,reticle,screen,scene,a photo of screen.,0.251998
plant,magnolia_351718841.jpg,full,grass,plant,a photo of Poaceae.,0.291156
plant,magnolia_351718841.jpg,full,oak,plant,a photo of Quercus.,0.329572
plant,magnolia_351718841.jpg,full,fern,plant,a photo of Polypodiopsida.,0.303850
plant,magnolia_351718841.jpg,full,clover,plant,a photo of Trifolium.,0.268509
plant,magnolia_351718841.jpg,full,pine,plant,a photo of Pinus.,0.255825
plant,magnolia_351718841.jpg,full,dandelion,plant,a photo of Taraxacum.,0.308223
plant,magnolia_351718841.jpg,full,poison ivy,hazard,a photo of Toxicodendron radicans.,0.343435
plant,magnolia_351718841.jpg,full,poison oak,hazard,a photo of Toxicodendron pubescens.,0.253445
plant,magnolia_351718841.jpg,full,poison sumac,hazard,a photo of Toxicodendron vernix.,0.397143
plant,magnolia_351718841.jpg,full,pokeweed,hazard,a photo of Phytolacca americana.,0.474814
plant,magnolia_351718841.jpg,full,Carolina horsenettle,hazard,a photo of Solanum carolinense.,0.339857
plant,magnolia_351718841.jpg,full,lawn,scene,a photo of lawn.,0.209328
plant,magnolia_351718841.jpg,full,field,scene,a photo of field.,0.282958
plant,magnolia_351718841.jpg,full,weedy garden bed,scene,a photo of weedy garden bed.,0.270093
plant,magnolia_351718841.jpg,full,pavement,scene,a photo of pavement.,0.271784
plant,magnolia_351718841.jpg,full,person,scene,a photo of person.,0.260304
plant,magnolia_351718841.jpg,full,screen,scene,a photo of screen.,0.350027
plant,magnolia_351718841.jpg,reticle,grass,plant,a photo of Poaceae.,0.314807
plant,magnolia_351718841.jpg,reticle,oak,plant,a photo of Quercus.,0.338139
plant,magnolia_351718841.jpg,reticle,fern,plant,a photo of Polypodiopsida.,0.321017
plant,magnolia_351718841.jpg,reticle,clover,plant,a photo of Trifolium.,0.283471
plant,magnolia_351718841.jpg,reticle,pine,plant,a photo of Pinus.,0.274351
plant,magnolia_351718841.jpg,reticle,dandelion,plant,a photo of Taraxacum.,0.302435
plant,magnolia_351718841.jpg,reticle,poison ivy,hazard,a photo of Toxicodendron radicans.,0.317629
plant,magnolia_351718841.jpg,reticle,poison oak,hazard,a photo of Toxicodendron pubescens.,0.260060
plant,magnolia_351718841.jpg,reticle,poison sumac,hazard,a photo of Toxicodendron vernix.,0.385365
plant,magnolia_351718841.jpg,reticle,pokeweed,hazard,a photo of Phytolacca americana.,0.427292
plant,magnolia_351718841.jpg,reticle,Carolina horsenettle,hazard,a photo of Solanum carolinense.,0.278447
plant,magnolia_351718841.jpg,reticle,lawn,scene,a photo of lawn.,0.224846
plant,magnolia_351718841.jpg,reticle,field,scene,a photo of field.,0.286973
plant,magnolia_351718841.jpg,reticle,weedy garden bed,scene,a photo of weedy garden bed.,0.280574
plant,magnolia_351718841.jpg,reticle,pavement,scene,a photo of pavement.,0.270711
plant,magnolia_351718841.jpg,reticle,person,scene,a photo of person.,0.271717
plant,magnolia_351718841.jpg,reticle,screen,scene,a photo of screen.,0.348190
plant,magnolia_357301974.jpg,full,grass,plant,a photo of Poaceae.,0.319251
plant,magnolia_357301974.jpg,full,oak,plant,a photo of Quercus.,0.377137
plant,magnolia_357301974.jpg,full,fern,plant,a photo of Polypodiopsida.,0.324725
plant,magnolia_357301974.jpg,full,clover,plant,a photo of Trifolium.,0.274273
plant,magnolia_357301974.jpg,full,pine,plant,a photo of Pinus.,0.296754
plant,magnolia_357301974.jpg,full,dandelion,plant,a photo of Taraxacum.,0.287961
plant,magnolia_357301974.jpg,full,poison ivy,hazard,a photo of Toxicodendron radicans.,0.398847
plant,magnolia_357301974.jpg,full,poison oak,hazard,a photo of Toxicodendron pubescens.,0.372778
plant,magnolia_357301974.jpg,full,poison sumac,hazard,a photo of Toxicodendron vernix.,0.452658
plant,magnolia_357301974.jpg,full,pokeweed,hazard,a photo of Phytolacca americana.,0.446950
plant,magnolia_357301974.jpg,full,Carolina horsenettle,hazard,a photo of Solanum carolinense.,0.343463
plant,magnolia_357301974.jpg,full,lawn,scene,a photo of lawn.,0.280650
plant,magnolia_357301974.jpg,full,field,scene,a photo of field.,0.297926
plant,magnolia_357301974.jpg,full,weedy garden bed,scene,a photo of weedy garden bed.,0.299950
plant,magnolia_357301974.jpg,full,pavement,scene,a photo of pavement.,0.305303
plant,magnolia_357301974.jpg,full,person,scene,a photo of person.,0.352483
plant,magnolia_357301974.jpg,full,screen,scene,a photo of screen.,0.379090
plant,magnolia_357301974.jpg,reticle,grass,plant,a photo of Poaceae.,0.314566
plant,magnolia_357301974.jpg,reticle,oak,plant,a photo of Quercus.,0.331235
plant,magnolia_357301974.jpg,reticle,fern,plant,a photo of Polypodiopsida.,0.304157
plant,magnolia_357301974.jpg,reticle,clover,plant,a photo of Trifolium.,0.287731
plant,magnolia_357301974.jpg,reticle,pine,plant,a photo of Pinus.,0.259297
plant,magnolia_357301974.jpg,reticle,dandelion,plant,a photo of Taraxacum.,0.280950
plant,magnolia_357301974.jpg,reticle,poison ivy,hazard,a photo of Toxicodendron radicans.,0.424453
plant,magnolia_357301974.jpg,reticle,poison oak,hazard,a photo of Toxicodendron pubescens.,0.377843
plant,magnolia_357301974.jpg,reticle,poison sumac,hazard,a photo of Toxicodendron vernix.,0.476282
plant,magnolia_357301974.jpg,reticle,pokeweed,hazard,a photo of Phytolacca americana.,0.434191
plant,magnolia_357301974.jpg,reticle,Carolina horsenettle,hazard,a photo of Solanum carolinense.,0.355621
plant,magnolia_357301974.jpg,reticle,lawn,scene,a photo of lawn.,0.284939
plant,magnolia_357301974.jpg,reticle,field,scene,a photo of field.,0.288528
plant,magnolia_357301974.jpg,reticle,weedy garden bed,scene,a photo of weedy garden bed.,0.295627
plant,magnolia_357301974.jpg,reticle,pavement,scene,a photo of pavement.,0.300621
plant,magnolia_357301974.jpg,reticle,person,scene,a photo of person.,0.336140
plant,magnolia_357301974.jpg,reticle,screen,scene,a photo of screen.,0.355865
plant,magnolia_219012133.jpg,full,grass,plant,a photo of Poaceae.,0.329581
plant,magnolia_219012133.jpg,full,oak,plant,a photo of Quercus.,0.369259
plant,magnolia_219012133.jpg,full,fern,plant,a photo of Polypodiopsida.,0.317411
plant,magnolia_219012133.jpg,full,clover,plant,a photo of Trifolium.,0.300800
plant,magnolia_219012133.jpg,full,pine,plant,a photo of Pinus.,0.326736
plant,magnolia_219012133.jpg,full,dandelion,plant,a photo of Taraxacum.,0.308595
plant,magnolia_219012133.jpg,full,poison ivy,hazard,a photo of Toxicodendron radicans.,0.299052
plant,magnolia_219012133.jpg,full,poison oak,hazard,a photo of Toxicodendron pubescens.,0.302478
plant,magnolia_219012133.jpg,full,poison sumac,hazard,a photo of Toxicodendron vernix.,0.355200
plant,magnolia_219012133.jpg,full,pokeweed,hazard,a photo of Phytolacca americana.,0.394233
plant,magnolia_219012133.jpg,full,Carolina horsenettle,hazard,a photo of Solanum carolinense.,0.254436
plant,magnolia_219012133.jpg,full,lawn,scene,a photo of lawn.,0.240409
plant,magnolia_219012133.jpg,full,field,scene,a photo of field.,0.278773
plant,magnolia_219012133.jpg,full,weedy garden bed,scene,a photo of weedy garden bed.,0.263854
plant,magnolia_219012133.jpg,full,pavement,scene,a photo of pavement.,0.254635
plant,magnolia_219012133.jpg,full,person,scene,a photo of person.,0.275942
plant,magnolia_219012133.jpg,full,screen,scene,a photo of screen.,0.317311
plant,magnolia_219012133.jpg,reticle,grass,plant,a photo of Poaceae.,0.338399
plant,magnolia_219012133.jpg,reticle,oak,plant,a photo of Quercus.,0.372691
plant,magnolia_219012133.jpg,reticle,fern,plant,a photo of Polypodiopsida.,0.332575
plant,magnolia_219012133.jpg,reticle,clover,plant,a photo of Trifolium.,0.309438
plant,magnolia_219012133.jpg,reticle,pine,plant,a photo of Pinus.,0.331770
plant,magnolia_219012133.jpg,reticle,dandelion,plant,a photo of Taraxacum.,0.319643
plant,magnolia_219012133.jpg,reticle,poison ivy,hazard,a photo of Toxicodendron radicans.,0.311117
plant,magnolia_219012133.jpg,reticle,poison oak,hazard,a photo of Toxicodendron pubescens.,0.304366
plant,magnolia_219012133.jpg,reticle,poison sumac,hazard,a photo of Toxicodendron vernix.,0.366410
plant,magnolia_219012133.jpg,reticle,pokeweed,hazard,a photo of Phytolacca americana.,0.413330
plant,magnolia_219012133.jpg,reticle,Carolina horsenettle,hazard,a photo of Solanum carolinense.,0.262357
plant,magnolia_219012133.jpg,reticle,lawn,scene,a photo of lawn.,0.242907
plant,magnolia_219012133.jpg,reticle,field,scene,a photo of field.,0.294843
plant,magnolia_219012133.jpg,reticle,weedy garden bed,scene,a photo of weedy garden bed.,0.284847
plant,magnolia_219012133.jpg,reticle,pavement,scene,a photo of pavement.,0.266560
plant,magnolia_219012133.jpg,reticle,person,scene,a photo of person.,0.286627
plant,magnolia_219012133.jpg,reticle,screen,scene,a photo of screen.,0.331824
plant,magnolia_251177662.jpg,full,grass,plant,a photo of Poaceae.,0.308192
plant,magnolia_251177662.jpg,full,oak,plant,a photo of Quercus.,0.375282
plant,magnolia_251177662.jpg,full,fern,plant,a photo of Polypodiopsida.,0.297096
plant,magnolia_251177662.jpg,full,clover,plant,a photo of Trifolium.,0.280479
plant,magnolia_251177662.jpg,full,pine,plant,a photo of Pinus.,0.341067
plant,magnolia_251177662.jpg,full,dandelion,plant,a photo of Taraxacum.,0.266484
plant,magnolia_251177662.jpg,full,poison ivy,hazard,a photo of Toxicodendron radicans.,0.285663
plant,magnolia_251177662.jpg,full,poison oak,hazard,a photo of Toxicodendron pubescens.,0.272713
plant,magnolia_251177662.jpg,full,poison sumac,hazard,a photo of Toxicodendron vernix.,0.354589
plant,magnolia_251177662.jpg,full,pokeweed,hazard,a photo of Phytolacca americana.,0.384494
plant,magnolia_251177662.jpg,full,Carolina horsenettle,hazard,a photo of Solanum carolinense.,0.294559
plant,magnolia_251177662.jpg,full,lawn,scene,a photo of lawn.,0.264285
plant,magnolia_251177662.jpg,full,field,scene,a photo of field.,0.289126
plant,magnolia_251177662.jpg,full,weedy garden bed,scene,a photo of weedy garden bed.,0.265177
plant,magnolia_251177662.jpg,full,pavement,scene,a photo of pavement.,0.309792
plant,magnolia_251177662.jpg,full,person,scene,a photo of person.,0.259565
plant,magnolia_251177662.jpg,full,screen,scene,a photo of screen.,0.395224
plant,magnolia_251177662.jpg,reticle,grass,plant,a photo of Poaceae.,0.389643
plant,magnolia_251177662.jpg,reticle,oak,plant,a photo of Quercus.,0.402302
plant,magnolia_251177662.jpg,reticle,fern,plant,a photo of Polypodiopsida.,0.373906
plant,magnolia_251177662.jpg,reticle,clover,plant,a photo of Trifolium.,0.279077
plant,magnolia_251177662.jpg,reticle,pine,plant,a photo of Pinus.,0.367692
plant,magnolia_251177662.jpg,reticle,dandelion,plant,a photo of Taraxacum.,0.260132
plant,magnolia_251177662.jpg,reticle,poison ivy,hazard,a photo of Toxicodendron radicans.,0.318586
plant,magnolia_251177662.jpg,reticle,poison oak,hazard,a photo of Toxicodendron pubescens.,0.314679
plant,magnolia_251177662.jpg,reticle,poison sumac,hazard,a photo of Toxicodendron vernix.,0.343340
plant,magnolia_251177662.jpg,reticle,pokeweed,hazard,a photo of Phytolacca americana.,0.384208
plant,magnolia_251177662.jpg,reticle,Carolina horsenettle,hazard,a photo of Solanum carolinense.,0.315470
plant,magnolia_251177662.jpg,reticle,lawn,scene,a photo of lawn.,0.387672
plant,magnolia_251177662.jpg,reticle,field,scene,a photo of field.,0.334265
plant,magnolia_251177662.jpg,reticle,weedy garden bed,scene,a photo of weedy garden bed.,0.239261
plant,magnolia_251177662.jpg,reticle,pavement,scene,a photo of pavement.,0.293320
plant,magnolia_251177662.jpg,reticle,person,scene,a photo of person.,0.337522
plant,magnolia_251177662.jpg,reticle,screen,scene,a photo of screen.,0.437360
plant,magnolia_371399763.jpg,full,grass,plant,a photo of Poaceae.,0.350393
plant,magnolia_371399763.jpg,full,oak,plant,a photo of Quercus.,0.370599
plant,magnolia_371399763.jpg,full,fern,plant,a photo of Polypodiopsida.,0.364027
plant,magnolia_371399763.jpg,full,clover,plant,a photo of Trifolium.,0.324385
plant,magnolia_371399763.jpg,full,pine,plant,a photo of Pinus.,0.341089
plant,magnolia_371399763.jpg,full,dandelion,plant,a photo of Taraxacum.,0.339866
plant,magnolia_371399763.jpg,full,poison ivy,hazard,a photo of Toxicodendron radicans.,0.295491
plant,magnolia_371399763.jpg,full,poison oak,hazard,a photo of Toxicodendron pubescens.,0.283894
plant,magnolia_371399763.jpg,full,poison sumac,hazard,a photo of Toxicodendron vernix.,0.316872
plant,magnolia_371399763.jpg,full,pokeweed,hazard,a photo of Phytolacca americana.,0.431724
plant,magnolia_371399763.jpg,full,Carolina horsenettle,hazard,a photo of Solanum carolinense.,0.280597
plant,magnolia_371399763.jpg,full,lawn,scene,a photo of lawn.,0.295583
plant,magnolia_371399763.jpg,full,field,scene,a photo of field.,0.351450
plant,magnolia_371399763.jpg,full,weedy garden bed,scene,a photo of weedy garden bed.,0.375999
plant,magnolia_371399763.jpg,full,pavement,scene,a photo of pavement.,0.356094
plant,magnolia_371399763.jpg,full,person,scene,a photo of person.,0.355887
plant,magnolia_371399763.jpg,full,screen,scene,a photo of screen.,0.414469
plant,magnolia_371399763.jpg,reticle,grass,plant,a photo of Poaceae.,0.351108
plant,magnolia_371399763.jpg,reticle,oak,plant,a photo of Quercus.,0.361006
plant,magnolia_371399763.jpg,reticle,fern,plant,a photo of Polypodiopsida.,0.376966
plant,magnolia_371399763.jpg,reticle,clover,plant,a photo of Trifolium.,0.332396
plant,magnolia_371399763.jpg,reticle,pine,plant,a photo of Pinus.,0.360552
plant,magnolia_371399763.jpg,reticle,dandelion,plant,a photo of Taraxacum.,0.365554
plant,magnolia_371399763.jpg,reticle,poison ivy,hazard,a photo of Toxicodendron radicans.,0.284539
plant,magnolia_371399763.jpg,reticle,poison oak,hazard,a photo of Toxicodendron pubescens.,0.298589
plant,magnolia_371399763.jpg,reticle,poison sumac,hazard,a photo of Toxicodendron vernix.,0.319425
plant,magnolia_371399763.jpg,reticle,pokeweed,hazard,a photo of Phytolacca americana.,0.435335
plant,magnolia_371399763.jpg,reticle,Carolina horsenettle,hazard,a photo of Solanum carolinense.,0.297330
plant,magnolia_371399763.jpg,reticle,lawn,scene,a photo of lawn.,0.306906
plant,magnolia_371399763.jpg,reticle,field,scene,a photo of field.,0.360858
plant,magnolia_371399763.jpg,reticle,weedy garden bed,scene,a photo of weedy garden bed.,0.402425
plant,magnolia_371399763.jpg,reticle,pavement,scene,a photo of pavement.,0.365881
plant,magnolia_371399763.jpg,reticle,person,scene,a photo of person.,0.373098
plant,magnolia_371399763.jpg,reticle,screen,scene,a photo of screen.,0.428104
plant,magnolia_60627713.jpg,full,grass,plant,a photo of Poaceae.,0.346569
plant,magnolia_60627713.jpg,full,oak,plant,a photo of Quercus.,0.368357
plant,magnolia_60627713.jpg,full,fern,plant,a photo of Polypodiopsida.,0.345377
plant,magnolia_60627713.jpg,full,clover,plant,a photo of Trifolium.,0.312637
plant,magnolia_60627713.jpg,full,pine,plant,a photo of Pinus.,0.344501
plant,magnolia_60627713.jpg,full,dandelion,plant,a photo of Taraxacum.,0.328013
plant,magnolia_60627713.jpg,full,poison ivy,hazard,a photo of Toxicodendron radicans.,0.308425
plant,magnolia_60627713.jpg,full,poison oak,hazard,a photo of Toxicodendron pubescens.,0.313542
plant,magnolia_60627713.jpg,full,poison sumac,hazard,a photo of Toxicodendron vernix.,0.380280
plant,magnolia_60627713.jpg,full,pokeweed,hazard,a photo of Phytolacca americana.,0.397253
plant,magnolia_60627713.jpg,full,Carolina horsenettle,hazard,a photo of Solanum carolinense.,0.267716
plant,magnolia_60627713.jpg,full,lawn,scene,a photo of lawn.,0.246055
plant,magnolia_60627713.jpg,full,field,scene,a photo of field.,0.281276
plant,magnolia_60627713.jpg,full,weedy garden bed,scene,a photo of weedy garden bed.,0.308156
plant,magnolia_60627713.jpg,full,pavement,scene,a photo of pavement.,0.274806
plant,magnolia_60627713.jpg,full,person,scene,a photo of person.,0.308279
plant,magnolia_60627713.jpg,full,screen,scene,a photo of screen.,0.330675
plant,magnolia_60627713.jpg,reticle,grass,plant,a photo of Poaceae.,0.382844
plant,magnolia_60627713.jpg,reticle,oak,plant,a photo of Quercus.,0.410863
plant,magnolia_60627713.jpg,reticle,fern,plant,a photo of Polypodiopsida.,0.416820
plant,magnolia_60627713.jpg,reticle,clover,plant,a photo of Trifolium.,0.346024
plant,magnolia_60627713.jpg,reticle,pine,plant,a photo of Pinus.,0.384183
plant,magnolia_60627713.jpg,reticle,dandelion,plant,a photo of Taraxacum.,0.360042
plant,magnolia_60627713.jpg,reticle,poison ivy,hazard,a photo of Toxicodendron radicans.,0.304534
plant,magnolia_60627713.jpg,reticle,poison oak,hazard,a photo of Toxicodendron pubescens.,0.311082
plant,magnolia_60627713.jpg,reticle,poison sumac,hazard,a photo of Toxicodendron vernix.,0.373617
plant,magnolia_60627713.jpg,reticle,pokeweed,hazard,a photo of Phytolacca americana.,0.394706
plant,magnolia_60627713.jpg,reticle,Carolina horsenettle,hazard,a photo of Solanum carolinense.,0.270801
plant,magnolia_60627713.jpg,reticle,lawn,scene,a photo of lawn.,0.313616
plant,magnolia_60627713.jpg,reticle,field,scene,a photo of field.,0.339548
plant,magnolia_60627713.jpg,reticle,weedy garden bed,scene,a photo of weedy garden bed.,0.379491
plant,magnolia_60627713.jpg,reticle,pavement,scene,a photo of pavement.,0.345949
plant,magnolia_60627713.jpg,reticle,person,scene,a photo of person.,0.391877
plant,magnolia_60627713.jpg,reticle,screen,scene,a photo of screen.,0.407531
plant,magnolia_60606688.jpg,full,grass,plant,a photo of Poaceae.,0.323379
plant,magnolia_60606688.jpg,full,oak,plant,a photo of Quercus.,0.382480
plant,magnolia_60606688.jpg,full,fern,plant,a photo of Polypodiopsida.,0.313084
plant,magnolia_60606688.jpg,full,clover,plant,a photo of Trifolium.,0.299692
plant,magnolia_60606688.jpg,full,pine,plant,a photo of Pinus.,0.324385
plant,magnolia_60606688.jpg,full,dandelion,plant,a photo of Taraxacum.,0.321118
plant,magnolia_60606688.jpg,full,poison ivy,hazard,a photo of Toxicodendron radicans.,0.312255
plant,magnolia_60606688.jpg,full,poison oak,hazard,a photo of Toxicodendron pubescens.,0.312910
plant,magnolia_60606688.jpg,full,poison sumac,hazard,a photo of Toxicodendron vernix.,0.378533
plant,magnolia_60606688.jpg,full,pokeweed,hazard,a photo of Phytolacca americana.,0.392003
plant,magnolia_60606688.jpg,full,Carolina horsenettle,hazard,a photo of Solanum carolinense.,0.263354
plant,magnolia_60606688.jpg,full,lawn,scene,a photo of lawn.,0.233351
plant,magnolia_60606688.jpg,full,field,scene,a photo of field.,0.278153
plant,magnolia_60606688.jpg,full,weedy garden bed,scene,a photo of weedy garden bed.,0.271086
plant,magnolia_60606688.jpg,full,pavement,scene,a photo of pavement.,0.256886
plant,magnolia_60606688.jpg,full,person,scene,a photo of person.,0.279059
plant,magnolia_60606688.jpg,full,screen,scene,a photo of screen.,0.331817
plant,magnolia_60606688.jpg,reticle,grass,plant,a photo of Poaceae.,0.344646
plant,magnolia_60606688.jpg,reticle,oak,plant,a photo of Quercus.,0.380751
plant,magnolia_60606688.jpg,reticle,fern,plant,a photo of Polypodiopsida.,0.339332
plant,magnolia_60606688.jpg,reticle,clover,plant,a photo of Trifolium.,0.309850
plant,magnolia_60606688.jpg,reticle,pine,plant,a photo of Pinus.,0.339160
plant,magnolia_60606688.jpg,reticle,dandelion,plant,a photo of Taraxacum.,0.324486
plant,magnolia_60606688.jpg,reticle,poison ivy,hazard,a photo of Toxicodendron radicans.,0.307222
plant,magnolia_60606688.jpg,reticle,poison oak,hazard,a photo of Toxicodendron pubescens.,0.298778
plant,magnolia_60606688.jpg,reticle,poison sumac,hazard,a photo of Toxicodendron vernix.,0.368094
plant,magnolia_60606688.jpg,reticle,pokeweed,hazard,a photo of Phytolacca americana.,0.404716
plant,magnolia_60606688.jpg,reticle,Carolina horsenettle,hazard,a photo of Solanum carolinense.,0.259364
plant,magnolia_60606688.jpg,reticle,lawn,scene,a photo of lawn.,0.251186
plant,magnolia_60606688.jpg,reticle,field,scene,a photo of field.,0.306777
plant,magnolia_60606688.jpg,reticle,weedy garden bed,scene,a photo of weedy garden bed.,0.295302
plant,magnolia_60606688.jpg,reticle,pavement,scene,a photo of pavement.,0.271936
plant,magnolia_60606688.jpg,reticle,person,scene,a photo of person.,0.292941
plant,magnolia_60606688.jpg,reticle,screen,scene,a photo of screen.,0.353371
plant,magnolia_164228758.jpg,full,grass,plant,a photo of Poaceae.,0.353272
plant,magnolia_164228758.jpg,full,oak,plant,a photo of Quercus.,0.388303
plant,magnolia_164228758.jpg,full,fern,plant,a photo of Polypodiopsida.,0.343612
plant,magnolia_164228758.jpg,full,clover,plant,a photo of Trifolium.,0.316582
plant,magnolia_164228758.jpg,full,pine,plant,a photo of Pinus.,0.349193
plant,magnolia_164228758.jpg,full,dandelion,plant,a photo of Taraxacum.,0.323346
plant,magnolia_164228758.jpg,full,poison ivy,hazard,a photo of Toxicodendron radicans.,0.314174
plant,magnolia_164228758.jpg,full,poison oak,hazard,a photo of Toxicodendron pubescens.,0.314978
plant,magnolia_164228758.jpg,full,poison sumac,hazard,a photo of Toxicodendron vernix.,0.361361
plant,magnolia_164228758.jpg,full,pokeweed,hazard,a photo of Phytolacca americana.,0.397550
plant,magnolia_164228758.jpg,full,Carolina horsenettle,hazard,a photo of Solanum carolinense.,0.247782
plant,magnolia_164228758.jpg,full,lawn,scene,a photo of lawn.,0.273600
plant,magnolia_164228758.jpg,full,field,scene,a photo of field.,0.298268
plant,magnolia_164228758.jpg,full,weedy garden bed,scene,a photo of weedy garden bed.,0.305153
plant,magnolia_164228758.jpg,full,pavement,scene,a photo of pavement.,0.280518
plant,magnolia_164228758.jpg,full,person,scene,a photo of person.,0.321297
plant,magnolia_164228758.jpg,full,screen,scene,a photo of screen.,0.352423
plant,magnolia_164228758.jpg,reticle,grass,plant,a photo of Poaceae.,0.370023
plant,magnolia_164228758.jpg,reticle,oak,plant,a photo of Quercus.,0.377149
plant,magnolia_164228758.jpg,reticle,fern,plant,a photo of Polypodiopsida.,0.357201
plant,magnolia_164228758.jpg,reticle,clover,plant,a photo of Trifolium.,0.321221
plant,magnolia_164228758.jpg,reticle,pine,plant,a photo of Pinus.,0.345978
plant,magnolia_164228758.jpg,reticle,dandelion,plant,a photo of Taraxacum.,0.316307
plant,magnolia_164228758.jpg,reticle,poison ivy,hazard,a photo of Toxicodendron radicans.,0.334712
plant,magnolia_164228758.jpg,reticle,poison oak,hazard,a photo of Toxicodendron pubescens.,0.326948
plant,magnolia_164228758.jpg,reticle,poison sumac,hazard,a photo of Toxicodendron vernix.,0.369590
plant,magnolia_164228758.jpg,reticle,pokeweed,hazard,a photo of Phytolacca americana.,0.414734
plant,magnolia_164228758.jpg,reticle,Carolina horsenettle,hazard,a photo of Solanum carolinense.,0.252184
plant,magnolia_164228758.jpg,reticle,lawn,scene,a photo of lawn.,0.287734
plant,magnolia_164228758.jpg,reticle,field,scene,a photo of field.,0.313309
plant,magnolia_164228758.jpg,reticle,weedy garden bed,scene,a photo of weedy garden bed.,0.325263
plant,magnolia_164228758.jpg,reticle,pavement,scene,a photo of pavement.,0.303065
plant,magnolia_164228758.jpg,reticle,person,scene,a photo of person.,0.350346
plant,magnolia_164228758.jpg,reticle,screen,scene,a photo of screen.,0.349391
plant,magnolia_118925907.jpg,full,grass,plant,a photo of Poaceae.,0.280836
plant,magnolia_118925907.jpg,full,oak,plant,a photo of Quercus.,0.429675
plant,magnolia_118925907.jpg,full,fern,plant,a photo of Polypodiopsida.,0.281548
plant,magnolia_118925907.jpg,full,clover,plant,a photo of Trifolium.,0.265732
plant,magnolia_118925907.jpg,full,pine,plant,a photo of Pinus.,0.303102
plant,magnolia_118925907.jpg,full,dandelion,plant,a photo of Taraxacum.,0.317121
plant,magnolia_118925907.jpg,full,poison ivy,hazard,a photo of Toxicodendron radicans.,0.352892
plant,magnolia_118925907.jpg,full,poison oak,hazard,a photo of Toxicodendron pubescens.,0.311669
plant,magnolia_118925907.jpg,full,poison sumac,hazard,a photo of Toxicodendron vernix.,0.406906
plant,magnolia_118925907.jpg,full,pokeweed,hazard,a photo of Phytolacca americana.,0.448300
plant,magnolia_118925907.jpg,full,Carolina horsenettle,hazard,a photo of Solanum carolinense.,0.375561
plant,magnolia_118925907.jpg,full,lawn,scene,a photo of lawn.,0.312022
plant,magnolia_118925907.jpg,full,field,scene,a photo of field.,0.317901
plant,magnolia_118925907.jpg,full,weedy garden bed,scene,a photo of weedy garden bed.,0.262372
plant,magnolia_118925907.jpg,full,pavement,scene,a photo of pavement.,0.273658
plant,magnolia_118925907.jpg,full,person,scene,a photo of person.,0.272015
plant,magnolia_118925907.jpg,full,screen,scene,a photo of screen.,0.448117
plant,magnolia_118925907.jpg,reticle,grass,plant,a photo of Poaceae.,0.380152
plant,magnolia_118925907.jpg,reticle,oak,plant,a photo of Quercus.,0.480648
plant,magnolia_118925907.jpg,reticle,fern,plant,a photo of Polypodiopsida.,0.404379
plant,magnolia_118925907.jpg,reticle,clover,plant,a photo of Trifolium.,0.344694
plant,magnolia_118925907.jpg,reticle,pine,plant,a photo of Pinus.,0.362903
plant,magnolia_118925907.jpg,reticle,dandelion,plant,a photo of Taraxacum.,0.364772
plant,magnolia_118925907.jpg,reticle,poison ivy,hazard,a photo of Toxicodendron radicans.,0.394028
plant,magnolia_118925907.jpg,reticle,poison oak,hazard,a photo of Toxicodendron pubescens.,0.390977
plant,magnolia_118925907.jpg,reticle,poison sumac,hazard,a photo of Toxicodendron vernix.,0.462408
plant,magnolia_118925907.jpg,reticle,pokeweed,hazard,a photo of Phytolacca americana.,0.475918
plant,magnolia_118925907.jpg,reticle,Carolina horsenettle,hazard,a photo of Solanum carolinense.,0.411294
plant,magnolia_118925907.jpg,reticle,lawn,scene,a photo of lawn.,0.383145
plant,magnolia_118925907.jpg,reticle,field,scene,a photo of field.,0.419776
plant,magnolia_118925907.jpg,reticle,weedy garden bed,scene,a photo of weedy garden bed.,0.393081
plant,magnolia_118925907.jpg,reticle,pavement,scene,a photo of pavement.,0.396398
plant,magnolia_118925907.jpg,reticle,person,scene,a photo of person.,0.400298
plant,magnolia_118925907.jpg,reticle,screen,scene,a photo of screen.,0.477980
plant,magnolia_80465557.jpg,full,grass,plant,a photo of Poaceae.,0.290272
plant,magnolia_80465557.jpg,full,oak,plant,a photo of Quercus.,0.360416
plant,magnolia_80465557.jpg,full,fern,plant,a photo of Polypodiopsida.,0.313912
plant,magnolia_80465557.jpg,full,clover,plant,a photo of Trifolium.,0.286274
plant,magnolia_80465557.jpg,full,pine,plant,a photo of Pinus.,0.287445
plant,magnolia_80465557.jpg,full,dandelion,plant,a photo of Taraxacum.,0.321828
plant,magnolia_80465557.jpg,full,poison ivy,hazard,a photo of Toxicodendron radicans.,0.323802
plant,magnolia_80465557.jpg,full,poison oak,hazard,a photo of Toxicodendron pubescens.,0.289795
plant,magnolia_80465557.jpg,full,poison sumac,hazard,a photo of Toxicodendron vernix.,0.362622
plant,magnolia_80465557.jpg,full,pokeweed,hazard,a photo of Phytolacca americana.,0.467589
plant,magnolia_80465557.jpg,full,Carolina horsenettle,hazard,a photo of Solanum carolinense.,0.293975
plant,magnolia_80465557.jpg,full,lawn,scene,a photo of lawn.,0.250331
plant,magnolia_80465557.jpg,full,field,scene,a photo of field.,0.306264
plant,magnolia_80465557.jpg,full,weedy garden bed,scene,a photo of weedy garden bed.,0.288575
plant,magnolia_80465557.jpg,full,pavement,scene,a photo of pavement.,0.292609
plant,magnolia_80465557.jpg,full,person,scene,a photo of person.,0.290276
plant,magnolia_80465557.jpg,full,screen,scene,a photo of screen.,0.395742
plant,magnolia_80465557.jpg,reticle,grass,plant,a photo of Poaceae.,0.365273
plant,magnolia_80465557.jpg,reticle,oak,plant,a photo of Quercus.,0.429364
plant,magnolia_80465557.jpg,reticle,fern,plant,a photo of Polypodiopsida.,0.390371
plant,magnolia_80465557.jpg,reticle,clover,plant,a photo of Trifolium.,0.341825
plant,magnolia_80465557.jpg,reticle,pine,plant,a photo of Pinus.,0.357308
plant,magnolia_80465557.jpg,reticle,dandelion,plant,a photo of Taraxacum.,0.368190
plant,magnolia_80465557.jpg,reticle,poison ivy,hazard,a photo of Toxicodendron radicans.,0.348785
plant,magnolia_80465557.jpg,reticle,poison oak,hazard,a photo of Toxicodendron pubescens.,0.323566
plant,magnolia_80465557.jpg,reticle,poison sumac,hazard,a photo of Toxicodendron vernix.,0.375029
plant,magnolia_80465557.jpg,reticle,pokeweed,hazard,a photo of Phytolacca americana.,0.497035
plant,magnolia_80465557.jpg,reticle,Carolina horsenettle,hazard,a photo of Solanum carolinense.,0.342712
plant,magnolia_80465557.jpg,reticle,lawn,scene,a photo of lawn.,0.321196
plant,magnolia_80465557.jpg,reticle,field,scene,a photo of field.,0.389142
plant,magnolia_80465557.jpg,reticle,weedy garden bed,scene,a photo of weedy garden bed.,0.378767
plant,magnolia_80465557.jpg,reticle,pavement,scene,a photo of pavement.,0.351124
plant,magnolia_80465557.jpg,reticle,person,scene,a photo of person.,0.362713
plant,magnolia_80465557.jpg,reticle,screen,scene,a photo of screen.,0.458506
plant,violet_272831934.jpg,full,grass,plant,a photo of Poaceae.,0.289750
plant,violet_272831934.jpg,full,oak,plant,a photo of Quercus.,0.267491
plant,violet_272831934.jpg,full,fern,plant,a photo of Polypodiopsida.,0.285000
plant,violet_272831934.jpg,full,clover,plant,a photo of Trifolium.,0.320443
plant,violet_272831934.jpg,full,pine,plant,a photo of Pinus.,0.301317
plant,violet_272831934.jpg,full,dandelion,plant,a photo of Taraxacum.,0.366894
plant,violet_272831934.jpg,full,poison ivy,hazard,a photo of Toxicodendron radicans.,0.352629
plant,violet_272831934.jpg,full,poison oak,hazard,a photo of Toxicodendron pubescens.,0.316203
plant,violet_272831934.jpg,full,poison sumac,hazard,a photo of Toxicodendron vernix.,0.214494
plant,violet_272831934.jpg,full,pokeweed,hazard,a photo of Phytolacca americana.,0.285640
plant,violet_272831934.jpg,full,Carolina horsenettle,hazard,a photo of Solanum carolinense.,0.350617
plant,violet_272831934.jpg,full,lawn,scene,a photo of lawn.,0.317069
plant,violet_272831934.jpg,full,field,scene,a photo of field.,0.301131
plant,violet_272831934.jpg,full,weedy garden bed,scene,a photo of weedy garden bed.,0.236146
plant,violet_272831934.jpg,full,pavement,scene,a photo of pavement.,0.283370
plant,violet_272831934.jpg,full,person,scene,a photo of person.,0.250327
plant,violet_272831934.jpg,full,screen,scene,a photo of screen.,0.250691
plant,violet_272831934.jpg,reticle,grass,plant,a photo of Poaceae.,0.320475
plant,violet_272831934.jpg,reticle,oak,plant,a photo of Quercus.,0.307117
plant,violet_272831934.jpg,reticle,fern,plant,a photo of Polypodiopsida.,0.311771
plant,violet_272831934.jpg,reticle,clover,plant,a photo of Trifolium.,0.370204
plant,violet_272831934.jpg,reticle,pine,plant,a photo of Pinus.,0.333529
plant,violet_272831934.jpg,reticle,dandelion,plant,a photo of Taraxacum.,0.393131
plant,violet_272831934.jpg,reticle,poison ivy,hazard,a photo of Toxicodendron radicans.,0.377836
plant,violet_272831934.jpg,reticle,poison oak,hazard,a photo of Toxicodendron pubescens.,0.342046
plant,violet_272831934.jpg,reticle,poison sumac,hazard,a photo of Toxicodendron vernix.,0.246601
plant,violet_272831934.jpg,reticle,pokeweed,hazard,a photo of Phytolacca americana.,0.297268
plant,violet_272831934.jpg,reticle,Carolina horsenettle,hazard,a photo of Solanum carolinense.,0.351376
plant,violet_272831934.jpg,reticle,lawn,scene,a photo of lawn.,0.342610
plant,violet_272831934.jpg,reticle,field,scene,a photo of field.,0.302170
plant,violet_272831934.jpg,reticle,weedy garden bed,scene,a photo of weedy garden bed.,0.250747
plant,violet_272831934.jpg,reticle,pavement,scene,a photo of pavement.,0.310793
plant,violet_272831934.jpg,reticle,person,scene,a photo of person.,0.283013
plant,violet_272831934.jpg,reticle,screen,scene,a photo of screen.,0.263963
plant,violet_347694786.jpg,full,grass,plant,a photo of Poaceae.,0.309207
plant,violet_347694786.jpg,full,oak,plant,a photo of Quercus.,0.365000
plant,violet_347694786.jpg,full,fern,plant,a photo of Polypodiopsida.,0.322089
plant,violet_347694786.jpg,full,clover,plant,a photo of Trifolium.,0.356378
plant,violet_347694786.jpg,full,pine,plant,a photo of Pinus.,0.349323
plant,violet_347694786.jpg,full,dandelion,plant,a photo of Taraxacum.,0.412215
plant,violet_347694786.jpg,full,poison ivy,hazard,a photo of Toxicodendron radicans.,0.385758
plant,violet_347694786.jpg,full,poison oak,hazard,a photo of Toxicodendron pubescens.,0.414448
plant,violet_347694786.jpg,full,poison sumac,hazard,a photo of Toxicodendron vernix.,0.284497
plant,violet_347694786.jpg,full,pokeweed,hazard,a photo of Phytolacca americana.,0.355647
plant,violet_347694786.jpg,full,Carolina horsenettle,hazard,a photo of Solanum carolinense.,0.459320
plant,violet_347694786.jpg,full,lawn,scene,a photo of lawn.,0.301179
plant,violet_347694786.jpg,full,field,scene,a photo of field.,0.283463
plant,violet_347694786.jpg,full,weedy garden bed,scene,a photo of weedy garden bed.,0.238183
plant,violet_347694786.jpg,full,pavement,scene,a photo of pavement.,0.334261
plant,violet_347694786.jpg,full,person,scene,a photo of person.,0.313917
plant,violet_347694786.jpg,full,screen,scene,a photo of screen.,0.329067
plant,violet_347694786.jpg,reticle,grass,plant,a photo of Poaceae.,0.384751
plant,violet_347694786.jpg,reticle,oak,plant,a photo of Quercus.,0.403835
plant,violet_347694786.jpg,reticle,fern,plant,a photo of Polypodiopsida.,0.404335
plant,violet_347694786.jpg,reticle,clover,plant,a photo of Trifolium.,0.395374
plant,violet_347694786.jpg,reticle,pine,plant,a photo of Pinus.,0.376158
plant,violet_347694786.jpg,reticle,dandelion,plant,a photo of Taraxacum.,0.439033
plant,violet_347694786.jpg,reticle,poison ivy,hazard,a photo of Toxicodendron radicans.,0.415409
plant,violet_347694786.jpg,reticle,poison oak,hazard,a photo of Toxicodendron pubescens.,0.408914
plant,violet_347694786.jpg,reticle,poison sumac,hazard,a photo of Toxicodendron vernix.,0.305688
plant,violet_347694786.jpg,reticle,pokeweed,hazard,a photo of Phytolacca americana.,0.418902
plant,violet_347694786.jpg,reticle,Carolina horsenettle,hazard,a photo of Solanum carolinense.,0.479138
plant,violet_347694786.jpg,reticle,lawn,scene,a photo of lawn.,0.358951
plant,violet_347694786.jpg,reticle,field,scene,a photo of field.,0.307177
plant,violet_347694786.jpg,reticle,weedy garden bed,scene,a photo of weedy garden bed.,0.355673
plant,violet_347694786.jpg,reticle,pavement,scene,a photo of pavement.,0.387426
plant,violet_347694786.jpg,reticle,person,scene,a photo of person.,0.360619
plant,violet_347694786.jpg,reticle,screen,scene,a photo of screen.,0.358164
plant,violet_156481315.jpg,full,grass,plant,a photo of Poaceae.,0.293600
plant,violet_156481315.jpg,full,oak,plant,a photo of Quercus.,0.345931
plant,violet_156481315.jpg,full,fern,plant,a photo of Polypodiopsida.,0.320764
plant,violet_156481315.jpg,full,clover,plant,a photo of Trifolium.,0.331649
plant,violet_156481315.jpg,full,pine,plant,a photo of Pinus.,0.333694
plant,violet_156481315.jpg,full,dandelion,plant,a photo of Taraxacum.,0.374032
plant,violet_156481315.jpg,full,poison ivy,hazard,a photo of Toxicodendron radicans.,0.355178
plant,violet_156481315.jpg,full,poison oak,hazard,a photo of Toxicodendron pubescens.,0.418725
plant,violet_156481315.jpg,full,poison sumac,hazard,a photo of Toxicodendron vernix.,0.250494
plant,violet_156481315.jpg,full,pokeweed,hazard,a photo of Phytolacca americana.,0.296634
plant,violet_156481315.jpg,full,Carolina horsenettle,hazard,a photo of Solanum carolinense.,0.384140
plant,violet_156481315.jpg,full,lawn,scene,a photo of lawn.,0.309136
plant,violet_156481315.jpg,full,field,scene,a photo of field.,0.316091
plant,violet_156481315.jpg,full,weedy garden bed,scene,a photo of weedy garden bed.,0.216225
plant,violet_156481315.jpg,full,pavement,scene,a photo of pavement.,0.304818
plant,violet_156481315.jpg,full,person,scene,a photo of person.,0.294780
plant,violet_156481315.jpg,full,screen,scene,a photo of screen.,0.293400
plant,violet_156481315.jpg,reticle,grass,plant,a photo of Poaceae.,0.355619
plant,violet_156481315.jpg,reticle,oak,plant,a photo of Quercus.,0.384160
plant,violet_156481315.jpg,reticle,fern,plant,a photo of Polypodiopsida.,0.369426
plant,violet_156481315.jpg,reticle,clover,plant,a photo of Trifolium.,0.403259
plant,violet_156481315.jpg,reticle,pine,plant,a photo of Pinus.,0.404619
plant,violet_156481315.jpg,reticle,dandelion,plant,a photo of Taraxacum.,0.413806
plant,violet_156481315.jpg,reticle,poison ivy,hazard,a photo of Toxicodendron radicans.,0.389773
plant,violet_156481315.jpg,reticle,poison oak,hazard,a photo of Toxicodendron pubescens.,0.433512
plant,violet_156481315.jpg,reticle,poison sumac,hazard,a photo of Toxicodendron vernix.,0.291065
plant,violet_156481315.jpg,reticle,pokeweed,hazard,a photo of Phytolacca americana.,0.318197
plant,violet_156481315.jpg,reticle,Carolina horsenettle,hazard,a photo of Solanum carolinense.,0.402148
plant,violet_156481315.jpg,reticle,lawn,scene,a photo of lawn.,0.356120
plant,violet_156481315.jpg,reticle,field,scene,a photo of field.,0.353324
plant,violet_156481315.jpg,reticle,weedy garden bed,scene,a photo of weedy garden bed.,0.264669
plant,violet_156481315.jpg,reticle,pavement,scene,a photo of pavement.,0.363939
plant,violet_156481315.jpg,reticle,person,scene,a photo of person.,0.336948
plant,violet_156481315.jpg,reticle,screen,scene,a photo of screen.,0.302619
plant,violet_74595584.jpg,full,grass,plant,a photo of Poaceae.,0.247072
plant,violet_74595584.jpg,full,oak,plant,a photo of Quercus.,0.193514
plant,violet_74595584.jpg,full,fern,plant,a photo of Polypodiopsida.,0.242015
plant,violet_74595584.jpg,full,clover,plant,a photo of Trifolium.,0.246949
plant,violet_74595584.jpg,full,pine,plant,a photo of Pinus.,0.175766
plant,violet_74595584.jpg,full,dandelion,plant,a photo of Taraxacum.,0.294989
plant,violet_74595584.jpg,full,poison ivy,hazard,a photo of Toxicodendron radicans.,0.361824
plant,violet_74595584.jpg,full,poison oak,hazard,a photo of Toxicodendron pubescens.,0.281793
plant,violet_74595584.jpg,full,poison sumac,hazard,a photo of Toxicodendron vernix.,0.333310
plant,violet_74595584.jpg,full,pokeweed,hazard,a photo of Phytolacca americana.,0.363618
plant,violet_74595584.jpg,full,Carolina horsenettle,hazard,a photo of Solanum carolinense.,0.405526
plant,violet_74595584.jpg,full,lawn,scene,a photo of lawn.,0.243008
plant,violet_74595584.jpg,full,field,scene,a photo of field.,0.234064
plant,violet_74595584.jpg,full,weedy garden bed,scene,a photo of weedy garden bed.,0.205036
plant,violet_74595584.jpg,full,pavement,scene,a photo of pavement.,0.263135
plant,violet_74595584.jpg,full,person,scene,a photo of person.,0.184848
plant,violet_74595584.jpg,full,screen,scene,a photo of screen.,0.231912
plant,violet_74595584.jpg,reticle,grass,plant,a photo of Poaceae.,0.322255
plant,violet_74595584.jpg,reticle,oak,plant,a photo of Quercus.,0.229765
plant,violet_74595584.jpg,reticle,fern,plant,a photo of Polypodiopsida.,0.308195
plant,violet_74595584.jpg,reticle,clover,plant,a photo of Trifolium.,0.303025
plant,violet_74595584.jpg,reticle,pine,plant,a photo of Pinus.,0.242307
plant,violet_74595584.jpg,reticle,dandelion,plant,a photo of Taraxacum.,0.360252
plant,violet_74595584.jpg,reticle,poison ivy,hazard,a photo of Toxicodendron radicans.,0.366887
plant,violet_74595584.jpg,reticle,poison oak,hazard,a photo of Toxicodendron pubescens.,0.297789
plant,violet_74595584.jpg,reticle,poison sumac,hazard,a photo of Toxicodendron vernix.,0.319014
plant,violet_74595584.jpg,reticle,pokeweed,hazard,a photo of Phytolacca americana.,0.376606
plant,violet_74595584.jpg,reticle,Carolina horsenettle,hazard,a photo of Solanum carolinense.,0.400235
plant,violet_74595584.jpg,reticle,lawn,scene,a photo of lawn.,0.316209
plant,violet_74595584.jpg,reticle,field,scene,a photo of field.,0.281110
plant,violet_74595584.jpg,reticle,weedy garden bed,scene,a photo of weedy garden bed.,0.242258
plant,violet_74595584.jpg,reticle,pavement,scene,a photo of pavement.,0.304639
plant,violet_74595584.jpg,reticle,person,scene,a photo of person.,0.215019
plant,violet_74595584.jpg,reticle,screen,scene,a photo of screen.,0.283087
plant,violet_113009335.jpg,full,grass,plant,a photo of Poaceae.,0.259993
plant,violet_113009335.jpg,full,oak,plant,a photo of Quercus.,0.233284
plant,violet_113009335.jpg,full,fern,plant,a photo of Polypodiopsida.,0.256982
plant,violet_113009335.jpg,full,clover,plant,a photo of Trifolium.,0.317748
plant,violet_113009335.jpg,full,pine,plant,a photo of Pinus.,0.250618
plant,violet_113009335.jpg,full,dandelion,plant,a photo of Taraxacum.,0.316222
plant,violet_113009335.jpg,full,poison ivy,hazard,a photo of Toxicodendron radicans.,0.287697
plant,violet_113009335.jpg,full,poison oak,hazard,a photo of Toxicodendron pubescens.,0.237678
plant,violet_113009335.jpg,full,poison sumac,hazard,a photo of Toxicodendron vernix.,0.229561
plant,violet_113009335.jpg,full,pokeweed,hazard,a photo of Phytolacca americana.,0.272510
plant,violet_113009335.jpg,full,Carolina horsenettle,hazard,a photo of Solanum carolinense.,0.269832
plant,violet_113009335.jpg,full,lawn,scene,a photo of lawn.,0.235164
plant,violet_113009335.jpg,full,field,scene,a photo of field.,0.226607
plant,violet_113009335.jpg,full,weedy garden bed,scene,a photo of weedy garden bed.,0.276651
plant,violet_113009335.jpg,full,pavement,scene,a photo of pavement.,0.285855
plant,violet_113009335.jpg,full,person,scene,a photo of person.,0.203168
plant,violet_113009335.jpg,full,screen,scene,a photo of screen.,0.206970
plant,violet_113009335.jpg,reticle,grass,plant,a photo of Poaceae.,0.314657
plant,violet_113009335.jpg,reticle,oak,plant,a photo of Quercus.,0.228709
plant,violet_113009335.jpg,reticle,fern,plant,a photo of Polypodiopsida.,0.315949
plant,violet_113009335.jpg,reticle,clover,plant,a photo of Trifolium.,0.321311
plant,violet_113009335.jpg,reticle,pine,plant,a photo of Pinus.,0.245267
plant,violet_113009335.jpg,reticle,dandelion,plant,a photo of Taraxacum.,0.339942
plant,violet_113009335.jpg,reticle,poison ivy,hazard,a photo of Toxicodendron radicans.,0.319373
plant,violet_113009335.jpg,reticle,poison oak,hazard,a photo of Toxicodendron pubescens.,0.248770
plant,violet_113009335.jpg,reticle,poison sumac,hazard,a photo of Toxicodendron vernix.,0.243574
plant,violet_113009335.jpg,reticle,pokeweed,hazard,a photo of Phytolacca americana.,0.304591
plant,violet_113009335.jpg,reticle,Carolina horsenettle,hazard,a photo of Solanum carolinense.,0.317428
plant,violet_113009335.jpg,reticle,lawn,scene,a photo of lawn.,0.290002
plant,violet_113009335.jpg,reticle,field,scene,a photo of field.,0.304097
plant,violet_113009335.jpg,reticle,weedy garden bed,scene,a photo of weedy garden bed.,0.318897
plant,violet_113009335.jpg,reticle,pavement,scene,a photo of pavement.,0.314575
plant,violet_113009335.jpg,reticle,person,scene,a photo of person.,0.251489
plant,violet_113009335.jpg,reticle,screen,scene,a photo of screen.,0.274934
plant,violet_109797658.jpg,full,grass,plant,a photo of Poaceae.,0.225834
plant,violet_109797658.jpg,full,oak,plant,a photo of Quercus.,0.234751
plant,violet_109797658.jpg,full,fern,plant,a photo of Polypodiopsida.,0.252044
plant,violet_109797658.jpg,full,clover,plant,a photo of Trifolium.,0.272277
plant,violet_109797658.jpg,full,pine,plant,a photo of Pinus.,0.246438
plant,violet_109797658.jpg,full,dandelion,plant,a photo of Taraxacum.,0.304759
plant,violet_109797658.jpg,full,poison ivy,hazard,a photo of Toxicodendron radicans.,0.256389
plant,violet_109797658.jpg,full,poison oak,hazard,a photo of Toxicodendron pubescens.,0.283771
plant,violet_109797658.jpg,full,poison sumac,hazard,a photo of Toxicodendron vernix.,0.213809
plant,violet_109797658.jpg,full,pokeweed,hazard,a photo of Phytolacca americana.,0.256412
plant,violet_109797658.jpg,full,Carolina horsenettle,hazard,a photo of Solanum carolinense.,0.292779
plant,violet_109797658.jpg,full,lawn,scene,a photo of lawn.,0.247768
plant,violet_109797658.jpg,full,field,scene,a photo of field.,0.240930
plant,violet_109797658.jpg,full,weedy garden bed,scene,a photo of weedy garden bed.,0.206406
plant,violet_109797658.jpg,full,pavement,scene,a photo of pavement.,0.292133
plant,violet_109797658.jpg,full,person,scene,a photo of person.,0.199935
plant,violet_109797658.jpg,full,screen,scene,a photo of screen.,0.245610
plant,violet_109797658.jpg,reticle,grass,plant,a photo of Poaceae.,0.229213
plant,violet_109797658.jpg,reticle,oak,plant,a photo of Quercus.,0.229287
plant,violet_109797658.jpg,reticle,fern,plant,a photo of Polypodiopsida.,0.250950
plant,violet_109797658.jpg,reticle,clover,plant,a photo of Trifolium.,0.265967
plant,violet_109797658.jpg,reticle,pine,plant,a photo of Pinus.,0.236677
plant,violet_109797658.jpg,reticle,dandelion,plant,a photo of Taraxacum.,0.325567
plant,violet_109797658.jpg,reticle,poison ivy,hazard,a photo of Toxicodendron radicans.,0.289539
plant,violet_109797658.jpg,reticle,poison oak,hazard,a photo of Toxicodendron pubescens.,0.290764
plant,violet_109797658.jpg,reticle,poison sumac,hazard,a photo of Toxicodendron vernix.,0.221359
plant,violet_109797658.jpg,reticle,pokeweed,hazard,a photo of Phytolacca americana.,0.268255
plant,violet_109797658.jpg,reticle,Carolina horsenettle,hazard,a photo of Solanum carolinense.,0.322119
plant,violet_109797658.jpg,reticle,lawn,scene,a photo of lawn.,0.230970
plant,violet_109797658.jpg,reticle,field,scene,a photo of field.,0.223261
plant,violet_109797658.jpg,reticle,weedy garden bed,scene,a photo of weedy garden bed.,0.195267
plant,violet_109797658.jpg,reticle,pavement,scene,a photo of pavement.,0.277341
plant,violet_109797658.jpg,reticle,person,scene,a photo of person.,0.182208
plant,violet_109797658.jpg,reticle,screen,scene,a photo of screen.,0.247777
plant,violet_153884718.jpg,full,grass,plant,a photo of Poaceae.,0.296934
plant,violet_153884718.jpg,full,oak,plant,a photo of Quercus.,0.323812
plant,violet_153884718.jpg,full,fern,plant,a photo of Polypodiopsida.,0.298806
plant,violet_153884718.jpg,full,clover,plant,a photo of Trifolium.,0.324649
plant,violet_153884718.jpg,full,pine,plant,a photo of Pinus.,0.316435
plant,violet_153884718.jpg,full,dandelion,plant,a photo of Taraxacum.,0.415874
plant,violet_153884718.jpg,full,poison ivy,hazard,a photo of Toxicodendron radicans.,0.420131
plant,violet_153884718.jpg,full,poison oak,hazard,a photo of Toxicodendron pubescens.,0.380287
plant,violet_153884718.jpg,full,poison sumac,hazard,a photo of Toxicodendron vernix.,0.319360
plant,violet_153884718.jpg,full,pokeweed,hazard,a photo of Phytolacca americana.,0.398553
plant,violet_153884718.jpg,full,Carolina horsenettle,hazard,a photo of Solanum carolinense.,0.456956
plant,violet_153884718.jpg,full,lawn,scene,a photo of lawn.,0.265041
plant,violet_153884718.jpg,full,field,scene,a photo of field.,0.243878
plant,violet_153884718.jpg,full,weedy garden bed,scene,a photo of weedy garden bed.,0.228978
plant,violet_153884718.jpg,full,pavement,scene,a photo of pavement.,0.280434
plant,violet_153884718.jpg,full,person,scene,a photo of person.,0.281843
plant,violet_153884718.jpg,full,screen,scene,a photo of screen.,0.274420
plant,violet_153884718.jpg,reticle,grass,plant,a photo of Poaceae.,0.350782
plant,violet_153884718.jpg,reticle,oak,plant,a photo of Quercus.,0.343541
plant,violet_153884718.jpg,reticle,fern,plant,a photo of Polypodiopsida.,0.366050
plant,violet_153884718.jpg,reticle,clover,plant,a photo of Trifolium.,0.343906
plant,violet_153884718.jpg,reticle,pine,plant,a photo of Pinus.,0.338109
plant,violet_153884718.jpg,reticle,dandelion,plant,a photo of Taraxacum.,0.368642
plant,violet_153884718.jpg,reticle,poison ivy,hazard,a photo of Toxicodendron radicans.,0.411628
plant,violet_153884718.jpg,reticle,poison oak,hazard,a photo of Toxicodendron pubescens.,0.429610
plant,violet_153884718.jpg,reticle,poison sumac,hazard,a photo of Toxicodendron vernix.,0.313297
plant,violet_153884718.jpg,reticle,pokeweed,hazard,a photo of Phytolacca americana.,0.404562
plant,violet_153884718.jpg,reticle,Carolina horsenettle,hazard,a photo of Solanum carolinense.,0.437836
plant,violet_153884718.jpg,reticle,lawn,scene,a photo of lawn.,0.390819
plant,violet_153884718.jpg,reticle,field,scene,a photo of field.,0.318282
plant,violet_153884718.jpg,reticle,weedy garden bed,scene,a photo of weedy garden bed.,0.346161
plant,violet_153884718.jpg,reticle,pavement,scene,a photo of pavement.,0.314304
plant,violet_153884718.jpg,reticle,person,scene,a photo of person.,0.360808
plant,violet_153884718.jpg,reticle,screen,scene,a photo of screen.,0.323665
plant,violet_151894066.jpg,full,grass,plant,a photo of Poaceae.,0.304851
plant,violet_151894066.jpg,full,oak,plant,a photo of Quercus.,0.251191
plant,violet_151894066.jpg,full,fern,plant,a photo of Polypodiopsida.,0.296874
plant,violet_151894066.jpg,full,clover,plant,a photo of Trifolium.,0.301277
plant,violet_151894066.jpg,full,pine,plant,a photo of Pinus.,0.256524
plant,violet_151894066.jpg,full,dandelion,plant,a photo of Taraxacum.,0.374520
plant,violet_151894066.jpg,full,poison ivy,hazard,a photo of Toxicodendron radicans.,0.350112
plant,violet_151894066.jpg,full,poison oak,hazard,a photo of Toxicodendron pubescens.,0.306631
plant,violet_151894066.jpg,full,poison sumac,hazard,a photo of Toxicodendron vernix.,0.270828
plant,violet_151894066.jpg,full,pokeweed,hazard,a photo of Phytolacca americana.,0.324293
plant,violet_151894066.jpg,full,Carolina horsenettle,hazard,a photo of Solanum carolinense.,0.318056
plant,violet_151894066.jpg,full,lawn,scene,a photo of lawn.,0.280222
plant,violet_151894066.jpg,full,field,scene,a photo of field.,0.283451
plant,violet_151894066.jpg,full,weedy garden bed,scene,a photo of weedy garden bed.,0.252085
plant,violet_151894066.jpg,full,pavement,scene,a photo of pavement.,0.302742
plant,violet_151894066.jpg,full,person,scene,a photo of person.,0.288346
plant,violet_151894066.jpg,full,screen,scene,a photo of screen.,0.255327
plant,violet_151894066.jpg,reticle,grass,plant,a photo of Poaceae.,0.407281
plant,violet_151894066.jpg,reticle,oak,plant,a photo of Quercus.,0.319570
plant,violet_151894066.jpg,reticle,fern,plant,a photo of Polypodiopsida.,0.389352
plant,violet_151894066.jpg,reticle,clover,plant,a photo of Trifolium.,0.400050
plant,violet_151894066.jpg,reticle,pine,plant,a photo of Pinus.,0.340702
plant,violet_151894066.jpg,reticle,dandelion,plant,a photo of Taraxacum.,0.408065
plant,violet_151894066.jpg,reticle,poison ivy,hazard,a photo of Toxicodendron radicans.,0.305250
plant,violet_151894066.jpg,reticle,poison oak,hazard,a photo of Toxicodendron pubescens.,0.288299
plant,violet_151894066.jpg,reticle,poison sumac,hazard,a photo of Toxicodendron vernix.,0.234047
plant,violet_151894066.jpg,reticle,pokeweed,hazard,a photo of Phytolacca americana.,0.354272
plant,violet_151894066.jpg,reticle,Carolina horsenettle,hazard,a photo of Solanum carolinense.,0.315253
plant,violet_151894066.jpg,reticle,lawn,scene,a photo of lawn.,0.378162
plant,violet_151894066.jpg,reticle,field,scene,a photo of field.,0.378079
plant,violet_151894066.jpg,reticle,weedy garden bed,scene,a photo of weedy garden bed.,0.364615
plant,violet_151894066.jpg,reticle,pavement,scene,a photo of pavement.,0.389896
plant,violet_151894066.jpg,reticle,person,scene,a photo of person.,0.379240
plant,violet_151894066.jpg,reticle,screen,scene,a photo of screen.,0.336994
plant,violet_343819870.jpg,full,grass,plant,a photo of Poaceae.,0.204485
plant,violet_343819870.jpg,full,oak,plant,a photo of Quercus.,0.230448
plant,violet_343819870.jpg,full,fern,plant,a photo of Polypodiopsida.,0.211965
plant,violet_343819870.jpg,full,clover,plant,a photo of Trifolium.,0.271630
plant,violet_343819870.jpg,full,pine,plant,a photo of Pinus.,0.220470
plant,violet_343819870.jpg,full,dandelion,plant,a photo of Taraxacum.,0.334480
plant,violet_343819870.jpg,full,poison ivy,hazard,a photo of Toxicodendron radicans.,0.334926
plant,violet_343819870.jpg,full,poison oak,hazard,a photo of Toxicodendron pubescens.,0.267549
plant,violet_343819870.jpg,full,poison sumac,hazard,a photo of Toxicodendron vernix.,0.177223
plant,violet_343819870.jpg,full,pokeweed,hazard,a photo of Phytolacca americana.,0.291952
plant,violet_343819870.jpg,full,Carolina horsenettle,hazard,a photo of Solanum carolinense.,0.345917
plant,violet_343819870.jpg,full,lawn,scene,a photo of lawn.,0.243562
plant,violet_343819870.jpg,full,field,scene,a photo of field.,0.246832
plant,violet_343819870.jpg,full,weedy garden bed,scene,a photo of weedy garden bed.,0.189514
plant,violet_343819870.jpg,full,pavement,scene,a photo of pavement.,0.247393
plant,violet_343819870.jpg,full,person,scene,a photo of person.,0.190377
plant,violet_343819870.jpg,full,screen,scene,a photo of screen.,0.201999
plant,violet_343819870.jpg,reticle,grass,plant,a photo of Poaceae.,0.242356
plant,violet_343819870.jpg,reticle,oak,plant,a photo of Quercus.,0.247279
plant,violet_343819870.jpg,reticle,fern,plant,a photo of Polypodiopsida.,0.250192
plant,violet_343819870.jpg,reticle,clover,plant,a photo of Trifolium.,0.294682
plant,violet_343819870.jpg,reticle,pine,plant,a photo of Pinus.,0.243843
plant,violet_343819870.jpg,reticle,dandelion,plant,a photo of Taraxacum.,0.345623
plant,violet_343819870.jpg,reticle,poison ivy,hazard,a photo of Toxicodendron radicans.,0.332484
plant,violet_343819870.jpg,reticle,poison oak,hazard,a photo of Toxicodendron pubescens.,0.290438
plant,violet_343819870.jpg,reticle,poison sumac,hazard,a photo of Toxicodendron vernix.,0.196009
plant,violet_343819870.jpg,reticle,pokeweed,hazard,a photo of Phytolacca americana.,0.293307
plant,violet_343819870.jpg,reticle,Carolina horsenettle,hazard,a photo of Solanum carolinense.,0.360114
plant,violet_343819870.jpg,reticle,lawn,scene,a photo of lawn.,0.275098
plant,violet_343819870.jpg,reticle,field,scene,a photo of field.,0.271017
plant,violet_343819870.jpg,reticle,weedy garden bed,scene,a photo of weedy garden bed.,0.223861
plant,violet_343819870.jpg,reticle,pavement,scene,a photo of pavement.,0.278250
plant,violet_343819870.jpg,reticle,person,scene,a photo of person.,0.218116
plant,violet_343819870.jpg,reticle,screen,scene,a photo of screen.,0.227492
plant,violet_7871180.jpg,full,grass,plant,a photo of Poaceae.,0.311658
plant,violet_7871180.jpg,full,oak,plant,a photo of Quercus.,0.373792
plant,violet_7871180.jpg,full,fern,plant,a photo of Polypodiopsida.,0.330605
plant,violet_7871180.jpg,full,clover,plant,a photo of Trifolium.,0.278358
plant,violet_7871180.jpg,full,pine,plant,a photo of Pinus.,0.327273
plant,violet_7871180.jpg,full,dandelion,plant,a photo of Taraxacum.,0.332832
plant,violet_7871180.jpg,full,poison ivy,hazard,a photo of Toxicodendron radicans.,0.394059
plant,violet_7871180.jpg,full,poison oak,hazard,a photo of Toxicodendron pubescens.,0.331402
plant,violet_7871180.jpg,full,poison sumac,hazard,a photo of Toxicodendron vernix.,0.349822
plant,violet_7871180.jpg,full,pokeweed,hazard,a photo of Phytolacca americana.,0.369629
plant,violet_7871180.jpg,full,Carolina horsenettle,hazard,a photo of Solanum carolinense.,0.372492
plant,violet_7871180.jpg,full,lawn,scene,a photo of lawn.,0.271450
plant,violet_7871180.jpg,full,field,scene,a photo of field.,0.283112
plant,violet_7871180.jpg,full,weedy garden bed,scene,a photo of weedy garden bed.,0.197098
plant,violet_7871180.jpg,full,pavement,scene,a photo of pavement.,0.286974
plant,violet_7871180.jpg,full,person,scene,a photo of person.,0.331922
plant,violet_7871180.jpg,full,screen,scene,a photo of screen.,0.265626
plant,violet_7871180.jpg,reticle,grass,plant,a photo of Poaceae.,0.365105
plant,violet_7871180.jpg,reticle,oak,plant,a photo of Quercus.,0.365670
plant,violet_7871180.jpg,reticle,fern,plant,a photo of Polypodiopsida.,0.392757
plant,violet_7871180.jpg,reticle,clover,plant,a photo of Trifolium.,0.339841
plant,violet_7871180.jpg,reticle,pine,plant,a photo of Pinus.,0.366996
plant,violet_7871180.jpg,reticle,dandelion,plant,a photo of Taraxacum.,0.375783
plant,violet_7871180.jpg,reticle,poison ivy,hazard,a photo of Toxicodendron radicans.,0.386635
plant,violet_7871180.jpg,reticle,poison oak,hazard,a photo of Toxicodendron pubescens.,0.320665
plant,violet_7871180.jpg,reticle,poison sumac,hazard,a photo of Toxicodendron vernix.,0.342095
plant,violet_7871180.jpg,reticle,pokeweed,hazard,a photo of Phytolacca americana.,0.385369
plant,violet_7871180.jpg,reticle,Carolina horsenettle,hazard,a photo of Solanum carolinense.,0.355321
plant,violet_7871180.jpg,reticle,lawn,scene,a photo of lawn.,0.318140
plant,violet_7871180.jpg,reticle,field,scene,a photo of field.,0.325983
plant,violet_7871180.jpg,reticle,weedy garden bed,scene,a photo of weedy garden bed.,0.255669
plant,violet_7871180.jpg,reticle,pavement,scene,a photo of pavement.,0.338234
plant,violet_7871180.jpg,reticle,person,scene,a photo of person.,0.384541
plant,violet_7871180.jpg,reticle,screen,scene,a photo of screen.,0.316340
plant,honeysuckle_3323351.jpg,full,grass,plant,a photo of Poaceae.,0.268602
plant,honeysuckle_3323351.jpg,full,oak,plant,a photo of Quercus.,0.265765
plant,honeysuckle_3323351.jpg,full,fern,plant,a photo of Polypodiopsida.,0.249895
plant,honeysuckle_3323351.jpg,full,clover,plant,a photo of Trifolium.,0.257720
plant,honeysuckle_3323351.jpg,full,pine,plant,a photo of Pinus.,0.239381
plant,honeysuckle_3323351.jpg,full,dandelion,plant,a photo of Taraxacum.,0.261007
plant,honeysuckle_3323351.jpg,full,poison ivy,hazard,a photo of Toxicodendron radicans.,0.356177
plant,honeysuckle_3323351.jpg,full,poison oak,hazard,a photo of Toxicodendron pubescens.,0.296880
plant,honeysuckle_3323351.jpg,full,poison sumac,hazard,a photo of Toxicodendron vernix.,0.276682
plant,honeysuckle_3323351.jpg,full,pokeweed,hazard,a photo of Phytolacca americana.,0.378638
plant,honeysuckle_3323351.jpg,full,Carolina horsenettle,hazard,a photo of Solanum carolinense.,0.382112
plant,honeysuckle_3323351.jpg,full,lawn,scene,a photo of lawn.,0.247004
plant,honeysuckle_3323351.jpg,full,field,scene,a photo of field.,0.326073
plant,honeysuckle_3323351.jpg,full,weedy garden bed,scene,a photo of weedy garden bed.,0.266513
plant,honeysuckle_3323351.jpg,full,pavement,scene,a photo of pavement.,0.253344
plant,honeysuckle_3323351.jpg,full,person,scene,a photo of person.,0.253067
plant,honeysuckle_3323351.jpg,full,screen,scene,a photo of screen.,0.357903
plant,honeysuckle_3323351.jpg,reticle,grass,plant,a photo of Poaceae.,0.262667
plant,honeysuckle_3323351.jpg,reticle,oak,plant,a photo of Quercus.,0.278890
plant,honeysuckle_3323351.jpg,reticle,fern,plant,a photo of Polypodiopsida.,0.251455
plant,honeysuckle_3323351.jpg,reticle,clover,plant,a photo of Trifolium.,0.263069
plant,honeysuckle_3323351.jpg,reticle,pine,plant,a photo of Pinus.,0.239278
plant,honeysuckle_3323351.jpg,reticle,dandelion,plant,a photo of Taraxacum.,0.275006
plant,honeysuckle_3323351.jpg,reticle,poison ivy,hazard,a photo of Toxicodendron radicans.,0.347333
plant,honeysuckle_3323351.jpg,reticle,poison oak,hazard,a photo of Toxicodendron pubescens.,0.281980
plant,honeysuckle_3323351.jpg,reticle,poison sumac,hazard,a photo of Toxicodendron vernix.,0.253266
plant,honeysuckle_3323351.jpg,reticle,pokeweed,hazard,a photo of Phytolacca americana.,0.371637
plant,honeysuckle_3323351.jpg,reticle,Carolina horsenettle,hazard,a photo of Solanum carolinense.,0.367317
plant,honeysuckle_3323351.jpg,reticle,lawn,scene,a photo of lawn.,0.224726
plant,honeysuckle_3323351.jpg,reticle,field,scene,a photo of field.,0.303193
plant,honeysuckle_3323351.jpg,reticle,weedy garden bed,scene,a photo of weedy garden bed.,0.269817
plant,honeysuckle_3323351.jpg,reticle,pavement,scene,a photo of pavement.,0.262686
plant,honeysuckle_3323351.jpg,reticle,person,scene,a photo of person.,0.240789
plant,honeysuckle_3323351.jpg,reticle,screen,scene,a photo of screen.,0.363915
plant,honeysuckle_300966429.jpg,full,grass,plant,a photo of Poaceae.,0.323005
plant,honeysuckle_300966429.jpg,full,oak,plant,a photo of Quercus.,0.335828
plant,honeysuckle_300966429.jpg,full,fern,plant,a photo of Polypodiopsida.,0.302869
plant,honeysuckle_300966429.jpg,full,clover,plant,a photo of Trifolium.,0.249903
plant,honeysuckle_300966429.jpg,full,pine,plant,a photo of Pinus.,0.261146
plant,honeysuckle_300966429.jpg,full,dandelion,plant,a photo of Taraxacum.,0.308966
plant,honeysuckle_300966429.jpg,full,poison ivy,hazard,a photo of Toxicodendron radicans.,0.391944
plant,honeysuckle_300966429.jpg,full,poison oak,hazard,a photo of Toxicodendron pubescens.,0.334094
plant,honeysuckle_300966429.jpg,full,poison sumac,hazard,a photo of Toxicodendron vernix.,0.356815
plant,honeysuckle_300966429.jpg,full,pokeweed,hazard,a photo of Phytolacca americana.,0.410577
plant,honeysuckle_300966429.jpg,full,Carolina horsenettle,hazard,a photo of Solanum carolinense.,0.436881
plant,honeysuckle_300966429.jpg,full,lawn,scene,a photo of lawn.,0.278228
plant,honeysuckle_300966429.jpg,full,field,scene,a photo of field.,0.296241
plant,honeysuckle_300966429.jpg,full,weedy garden bed,scene,a photo of weedy garden bed.,0.285112
plant,honeysuckle_300966429.jpg,full,pavement,scene,a photo of pavement.,0.320347
plant,honeysuckle_300966429.jpg,full,person,scene,a photo of person.,0.279194
plant,honeysuckle_300966429.jpg,full,screen,scene,a photo of screen.,0.318391
plant,honeysuckle_300966429.jpg,reticle,grass,plant,a photo of Poaceae.,0.372208
plant,honeysuckle_300966429.jpg,reticle,oak,plant,a photo of Quercus.,0.400679
plant,honeysuckle_300966429.jpg,reticle,fern,plant,a photo of Polypodiopsida.,0.369886
plant,honeysuckle_300966429.jpg,reticle,clover,plant,a photo of Trifolium.,0.293824
plant,honeysuckle_300966429.jpg,reticle,pine,plant,a photo of Pinus.,0.324644
plant,honeysuckle_300966429.jpg,reticle,dandelion,plant,a photo of Taraxacum.,0.309613
plant,honeysuckle_300966429.jpg,reticle,poison ivy,hazard,a photo of Toxicodendron radicans.,0.354826
plant,honeysuckle_300966429.jpg,reticle,poison oak,hazard,a photo of Toxicodendron pubescens.,0.299427
plant,honeysuckle_300966429.jpg,reticle,poison sumac,hazard,a photo of Toxicodendron vernix.,0.329204
plant,honeysuckle_300966429.jpg,reticle,pokeweed,hazard,a photo of Phytolacca americana.,0.388116
plant,honeysuckle_300966429.jpg,reticle,Carolina horsenettle,hazard,a photo of Solanum carolinense.,0.362425
plant,honeysuckle_300966429.jpg,reticle,lawn,scene,a photo of lawn.,0.344779
plant,honeysuckle_300966429.jpg,reticle,field,scene,a photo of field.,0.339542
plant,honeysuckle_300966429.jpg,reticle,weedy garden bed,scene,a photo of weedy garden bed.,0.310016
plant,honeysuckle_300966429.jpg,reticle,pavement,scene,a photo of pavement.,0.350057
plant,honeysuckle_300966429.jpg,reticle,person,scene,a photo of person.,0.336900
plant,honeysuckle_300966429.jpg,reticle,screen,scene,a photo of screen.,0.389874
plant,honeysuckle_19540307.jpg,full,grass,plant,a photo of Poaceae.,0.318426
plant,honeysuckle_19540307.jpg,full,oak,plant,a photo of Quercus.,0.393373
plant,honeysuckle_19540307.jpg,full,fern,plant,a photo of Polypodiopsida.,0.306242
plant,honeysuckle_19540307.jpg,full,clover,plant,a photo of Trifolium.,0.251045
plant,honeysuckle_19540307.jpg,full,pine,plant,a photo of Pinus.,0.277776
plant,honeysuckle_19540307.jpg,full,dandelion,plant,a photo of Taraxacum.,0.297292
plant,honeysuckle_19540307.jpg,full,poison ivy,hazard,a photo of Toxicodendron radicans.,0.370042
plant,honeysuckle_19540307.jpg,full,poison oak,hazard,a photo of Toxicodendron pubescens.,0.307911
plant,honeysuckle_19540307.jpg,full,poison sumac,hazard,a photo of Toxicodendron vernix.,0.320187
plant,honeysuckle_19540307.jpg,full,pokeweed,hazard,a photo of Phytolacca americana.,0.378803
plant,honeysuckle_19540307.jpg,full,Carolina horsenettle,hazard,a photo of Solanum carolinense.,0.335216
plant,honeysuckle_19540307.jpg,full,lawn,scene,a photo of lawn.,0.300809
plant,honeysuckle_19540307.jpg,full,field,scene,a photo of field.,0.311162
plant,honeysuckle_19540307.jpg,full,weedy garden bed,scene,a photo of weedy garden bed.,0.287607
plant,honeysuckle_19540307.jpg,full,pavement,scene,a photo of pavement.,0.304731
plant,honeysuckle_19540307.jpg,full,person,scene,a photo of person.,0.270791
plant,honeysuckle_19540307.jpg,full,screen,scene,a photo of screen.,0.395385
plant,honeysuckle_19540307.jpg,reticle,grass,plant,a photo of Poaceae.,0.366738
plant,honeysuckle_19540307.jpg,reticle,oak,plant,a photo of Quercus.,0.428495
plant,honeysuckle_19540307.jpg,reticle,fern,plant,a photo of Polypodiopsida.,0.362972
plant,honeysuckle_19540307.jpg,reticle,clover,plant,a photo of Trifolium.,0.310649
plant,honeysuckle_19540307.jpg,reticle,pine,plant,a photo of Pinus.,0.327242
plant,honeysuckle_19540307.jpg,reticle,dandelion,plant,a photo of Taraxacum.,0.328568
plant,honeysuckle_19540307.jpg,reticle,poison ivy,hazard,a photo of Toxicodendron radicans.,0.389093
plant,honeysuckle_19540307.jpg,reticle,poison oak,hazard,a photo of Toxicodendron pubescens.,0.324252
plant,honeysuckle_19540307.jpg,reticle,poison sumac,hazard,a photo of Toxicodendron vernix.,0.337224
plant,honeysuckle_19540307.jpg,reticle,pokeweed,hazard,a photo of Phytolacca americana.,0.405721
plant,honeysuckle_19540307.jpg,reticle,Carolina horsenettle,hazard,a photo of Solanum carolinense.,0.351777
plant,honeysuckle_19540307.jpg,reticle,lawn,scene,a photo of lawn.,0.341431
plant,honeysuckle_19540307.jpg,reticle,field,scene,a photo of field.,0.346616
plant,honeysuckle_19540307.jpg,reticle,weedy garden bed,scene,a photo of weedy garden bed.,0.308638
plant,honeysuckle_19540307.jpg,reticle,pavement,scene,a photo of pavement.,0.351999
plant,honeysuckle_19540307.jpg,reticle,person,scene,a photo of person.,0.333861
plant,honeysuckle_19540307.jpg,reticle,screen,scene,a photo of screen.,0.411377
plant,honeysuckle_28400905.jpg,full,grass,plant,a photo of Poaceae.,0.271775
plant,honeysuckle_28400905.jpg,full,oak,plant,a photo of Quercus.,0.267690
plant,honeysuckle_28400905.jpg,full,fern,plant,a photo of Polypodiopsida.,0.289752
plant,honeysuckle_28400905.jpg,full,clover,plant,a photo of Trifolium.,0.249492
plant,honeysuckle_28400905.jpg,full,pine,plant,a photo of Pinus.,0.255774
plant,honeysuckle_28400905.jpg,full,dandelion,plant,a photo of Taraxacum.,0.258415
plant,honeysuckle_28400905.jpg,full,poison ivy,hazard,a photo of Toxicodendron radicans.,0.355589
plant,honeysuckle_28400905.jpg,full,poison oak,hazard,a photo of Toxicodendron pubescens.,0.277013
plant,honeysuckle_28400905.jpg,full,poison sumac,hazard,a photo of Toxicodendron vernix.,0.277234
plant,honeysuckle_28400905.jpg,full,pokeweed,hazard,a photo of Phytolacca americana.,0.376012
plant,honeysuckle_28400905.jpg,full,Carolina horsenettle,hazard,a photo of Solanum carolinense.,0.371009
plant,honeysuckle_28400905.jpg,full,lawn,scene,a photo of lawn.,0.241214
plant,honeysuckle_28400905.jpg,full,field,scene,a photo of field.,0.323355
plant,honeysuckle_28400905.jpg,full,weedy garden bed,scene,a photo of weedy garden bed.,0.310387
plant,honeysuckle_28400905.jpg,full,pavement,scene,a photo of pavement.,0.270586
plant,honeysuckle_28400905.jpg,full,person,scene,a photo of person.,0.249633
plant,honeysuckle_28400905.jpg,full,screen,scene,a photo of screen.,0.361899
plant,honeysuckle_28400905.jpg,reticle,grass,plant,a photo of Poaceae.,0.422338
plant,honeysuckle_28400905.jpg,reticle,oak,plant,a photo of Quercus.,0.349812
plant,honeysuckle_28400905.jpg,reticle,fern,plant,a photo of Polypodiopsida.,0.405999
plant,honeysuckle_28400905.jpg,reticle,clover,plant,a photo of Trifolium.,0.345274
plant,honeysuckle_28400905.jpg,reticle,pine,plant,a photo of Pinus.,0.344128
plant,honeysuckle_28400905.jpg,reticle,dandelion,plant,a photo of Taraxacum.,0.300358
plant,honeysuckle_28400905.jpg,reticle,poison ivy,hazard,a photo of Toxicodendron radicans.,0.346439
plant,honeysuckle_28400905.jpg,reticle,poison oak,hazard,a photo of Toxicodendron pubescens.,0.285853
plant,honeysuckle_28400905.jpg,reticle,poison sumac,hazard,a photo of Toxicodendron vernix.,0.318023
plant,honeysuckle_28400905.jpg,reticle,pokeweed,hazard,a photo of Phytolacca americana.,0.377070
plant,honeysuckle_28400905.jpg,reticle,Carolina horsenettle,hazard,a photo of Solanum carolinense.,0.367045
plant,honeysuckle_28400905.jpg,reticle,lawn,scene,a photo of lawn.,0.445189
plant,honeysuckle_28400905.jpg,reticle,field,scene,a photo of field.,0.435428
plant,honeysuckle_28400905.jpg,reticle,weedy garden bed,scene,a photo of weedy garden bed.,0.445314
plant,honeysuckle_28400905.jpg,reticle,pavement,scene,a photo of pavement.,0.373347
plant,honeysuckle_28400905.jpg,reticle,person,scene,a photo of person.,0.381316
plant,honeysuckle_28400905.jpg,reticle,screen,scene,a photo of screen.,0.508781
plant,honeysuckle_36945277.jpg,full,grass,plant,a photo of Poaceae.,0.380611
plant,honeysuckle_36945277.jpg,full,oak,plant,a photo of Quercus.,0.360118
plant,honeysuckle_36945277.jpg,full,fern,plant,a photo of Polypodiopsida.,0.384984
plant,honeysuckle_36945277.jpg,full,clover,plant,a photo of Trifolium.,0.285326
plant,honeysuckle_36945277.jpg,full,pine,plant,a photo of Pinus.,0.332809
plant,honeysuckle_36945277.jpg,full,dandelion,plant,a photo of Taraxacum.,0.312018
plant,honeysuckle_36945277.jpg,full,poison ivy,hazard,a photo of Toxicodendron radicans.,0.412373
plant,honeysuckle_36945277.jpg,full,poison oak,hazard,a photo of Toxicodendron pubescens.,0.406095
plant,honeysuckle_36945277.jpg,full,poison sumac,hazard,a photo of Toxicodendron vernix.,0.398091
plant,honeysuckle_36945277.jpg,full,pokeweed,hazard,a photo of Phytolacca americana.,0.415270
plant,honeysuckle_36945277.jpg,full,Carolina horsenettle,hazard,a photo of Solanum carolinense.,0.388993
plant,honeysuckle_36945277.jpg,full,lawn,scene,a photo of lawn.,0.331592
plant,honeysuckle_36945277.jpg,full,field,scene,a photo of field.,0.318867
plant,honeysuckle_36945277.jpg,full,weedy garden bed,scene,a photo of weedy garden bed.,0.276700
plant,honeysuckle_36945277.jpg,full,pavement,scene,a photo of pavement.,0.313641
plant,honeysuckle_36945277.jpg,full,person,scene,a photo of person.,0.352485
plant,honeysuckle_36945277.jpg,full,screen,scene,a photo of screen.,0.411360
plant,honeysuckle_36945277.jpg,reticle,grass,plant,a photo of Poaceae.,0.401941
plant,honeysuckle_36945277.jpg,reticle,oak,plant,a photo of Quercus.,0.352355
plant,honeysuckle_36945277.jpg,reticle,fern,plant,a photo of Polypodiopsida.,0.386895
plant,honeysuckle_36945277.jpg,reticle,clover,plant,a photo of Trifolium.,0.313257
plant,honeysuckle_36945277.jpg,reticle,pine,plant,a photo of Pinus.,0.338480
plant,honeysuckle_36945277.jpg,reticle,dandelion,plant,a photo of Taraxacum.,0.307778
plant,honeysuckle_36945277.jpg,reticle,poison ivy,hazard,a photo of Toxicodendron radicans.,0.390373
plant,honeysuckle_36945277.jpg,reticle,poison oak,hazard,a photo of Toxicodendron pubescens.,0.389044
plant,honeysuckle_36945277.jpg,reticle,poison sumac,hazard,a photo of Toxicodendron vernix.,0.349842
plant,honeysuckle_36945277.jpg,reticle,pokeweed,hazard,a photo of Phytolacca americana.,0.347202
plant,honeysuckle_36945277.jpg,reticle,Carolina horsenettle,hazard,a photo of Solanum carolinense.,0.351532
plant,honeysuckle_36945277.jpg,reticle,lawn,scene,a photo of lawn.,0.352380
plant,honeysuckle_36945277.jpg,reticle,field,scene,a photo of field.,0.326674
plant,honeysuckle_36945277.jpg,reticle,weedy garden bed,scene,a photo of weedy garden bed.,0.251981
plant,honeysuckle_36945277.jpg,reticle,pavement,scene,a photo of pavement.,0.324495
plant,honeysuckle_36945277.jpg,reticle,person,scene,a photo of person.,0.377141
plant,honeysuckle_36945277.jpg,reticle,screen,scene,a photo of screen.,0.381880
plant,honeysuckle_161677638.jpg,full,grass,plant,a photo of Poaceae.,0.219505
plant,honeysuckle_161677638.jpg,full,oak,plant,a photo of Quercus.,0.216500
plant,honeysuckle_161677638.jpg,full,fern,plant,a photo of Polypodiopsida.,0.202359
plant,honeysuckle_161677638.jpg,full,clover,plant,a photo of Trifolium.,0.231315
plant,honeysuckle_161677638.jpg,full,pine,plant,a photo of Pinus.,0.199154
plant,honeysuckle_161677638.jpg,full,dandelion,plant,a photo of Taraxacum.,0.253121
plant,honeysuckle_161677638.jpg,full,poison ivy,hazard,a photo of Toxicodendron radicans.,0.342636
plant,honeysuckle_161677638.jpg,full,poison oak,hazard,a photo of Toxicodendron pubescens.,0.271820
plant,honeysuckle_161677638.jpg,full,poison sumac,hazard,a photo of Toxicodendron vernix.,0.243325
plant,honeysuckle_161677638.jpg,full,pokeweed,hazard,a photo of Phytolacca americana.,0.349168
plant,honeysuckle_161677638.jpg,full,Carolina horsenettle,hazard,a photo of Solanum carolinense.,0.360604
plant,honeysuckle_161677638.jpg,full,lawn,scene,a photo of lawn.,0.183995
plant,honeysuckle_161677638.jpg,full,field,scene,a photo of field.,0.282275
plant,honeysuckle_161677638.jpg,full,weedy garden bed,scene,a photo of weedy garden bed.,0.231157
plant,honeysuckle_161677638.jpg,full,pavement,scene,a photo of pavement.,0.228982
plant,honeysuckle_161677638.jpg,full,person,scene,a photo of person.,0.195123
plant,honeysuckle_161677638.jpg,full,screen,scene,a photo of screen.,0.286280
plant,honeysuckle_161677638.jpg,reticle,grass,plant,a photo of Poaceae.,0.226429
plant,honeysuckle_161677638.jpg,reticle,oak,plant,a photo of Quercus.,0.225133
plant,honeysuckle_161677638.jpg,reticle,fern,plant,a photo of Polypodiopsida.,0.208935
plant,honeysuckle_161677638.jpg,reticle,clover,plant,a photo of Trifolium.,0.244135
plant,honeysuckle_161677638.jpg,reticle,pine,plant,a photo of Pinus.,0.203806
plant,honeysuckle_161677638.jpg,reticle,dandelion,plant,a photo of Taraxacum.,0.265134
plant,honeysuckle_161677638.jpg,reticle,poison ivy,hazard,a photo of Toxicodendron radicans.,0.333797
plant,honeysuckle_161677638.jpg,reticle,poison oak,hazard,a photo of Toxicodendron pubescens.,0.260393
plant,honeysuckle_161677638.jpg,reticle,poison sumac,hazard,a photo of Toxicodendron vernix.,0.245252
plant,honeysuckle_161677638.jpg,reticle,pokeweed,hazard,a photo of Phytolacca americana.,0.342237
plant,honeysuckle_161677638.jpg,reticle,Carolina horsenettle,hazard,a photo of Solanum carolinense.,0.358473
plant,honeysuckle_161677638.jpg,reticle,lawn,scene,a photo of lawn.,0.176521
plant,honeysuckle_161677638.jpg,reticle,field,scene,a photo of field.,0.272568
plant,honeysuckle_161677638.jpg,reticle,weedy garden bed,scene,a photo of weedy garden bed.,0.227085
plant,honeysuckle_161677638.jpg,reticle,pavement,scene,a photo of pavement.,0.222972
plant,honeysuckle_161677638.jpg,reticle,person,scene,a photo of person.,0.187165
plant,honeysuckle_161677638.jpg,reticle,screen,scene,a photo of screen.,0.270033
plant,honeysuckle_79931175.jpg,full,grass,plant,a photo of Poaceae.,0.226238
plant,honeysuckle_79931175.jpg,full,oak,plant,a photo of Quercus.,0.237748
plant,honeysuckle_79931175.jpg,full,fern,plant,a photo of Polypodiopsida.,0.207208
plant,honeysuckle_79931175.jpg,full,clover,plant,a photo of Trifolium.,0.254733
plant,honeysuckle_79931175.jpg,full,pine,plant,a photo of Pinus.,0.229275
plant,honeysuckle_79931175.jpg,full,dandelion,plant,a photo of Taraxacum.,0.271260
plant,honeysuckle_79931175.jpg,full,poison ivy,hazard,a photo of Toxicodendron radicans.,0.367146
plant,honeysuckle_79931175.jpg,full,poison oak,hazard,a photo of Toxicodendron pubescens.,0.299613
plant,honeysuckle_79931175.jpg,full,poison sumac,hazard,a photo of Toxicodendron vernix.,0.271346
plant,honeysuckle_79931175.jpg,full,pokeweed,hazard,a photo of Phytolacca americana.,0.360190
plant,honeysuckle_79931175.jpg,full,Carolina horsenettle,hazard,a photo of Solanum carolinense.,0.373290
plant,honeysuckle_79931175.jpg,full,lawn,scene,a photo of lawn.,0.170133
plant,honeysuckle_79931175.jpg,full,field,scene,a photo of field.,0.266728
plant,honeysuckle_79931175.jpg,full,weedy garden bed,scene,a photo of weedy garden bed.,0.251800
plant,honeysuckle_79931175.jpg,full,pavement,scene,a photo of pavement.,0.222358
plant,honeysuckle_79931175.jpg,full,person,scene,a photo of person.,0.210447
plant,honeysuckle_79931175.jpg,full,screen,scene,a photo of screen.,0.279800
plant,honeysuckle_79931175.jpg,reticle,grass,plant,a photo of Poaceae.,0.240445
plant,honeysuckle_79931175.jpg,reticle,oak,plant,a photo of Quercus.,0.259154
plant,honeysuckle_79931175.jpg,reticle,fern,plant,a photo of Polypodiopsida.,0.215458
plant,honeysuckle_79931175.jpg,reticle,clover,plant,a photo of Trifolium.,0.262887
plant,honeysuckle_79931175.jpg,reticle,pine,plant,a photo of Pinus.,0.224797
plant,honeysuckle_79931175.jpg,reticle,dandelion,plant,a photo of Taraxacum.,0.277501
plant,honeysuckle_79931175.jpg,reticle,poison ivy,hazard,a photo of Toxicodendron radicans.,0.350186
plant,honeysuckle_79931175.jpg,reticle,poison oak,hazard,a photo of Toxicodendron pubescens.,0.293044
plant,honeysuckle_79931175.jpg,reticle,poison sumac,hazard,a photo of Toxicodendron vernix.,0.277016
plant,honeysuckle_79931175.jpg,reticle,pokeweed,hazard,a photo of Phytolacca americana.,0.353960
plant,honeysuckle_79931175.jpg,reticle,Carolina horsenettle,hazard,a photo of Solanum carolinense.,0.361666
plant,honeysuckle_79931175.jpg,reticle,lawn,scene,a photo of lawn.,0.167920
plant,honeysuckle_79931175.jpg,reticle,field,scene,a photo of field.,0.261848
plant,honeysuckle_79931175.jpg,reticle,weedy garden bed,scene,a photo of weedy garden bed.,0.256640
plant,honeysuckle_79931175.jpg,reticle,pavement,scene,a photo of pavement.,0.231761
plant,honeysuckle_79931175.jpg,reticle,person,scene,a photo of person.,0.235286
plant,honeysuckle_79931175.jpg,reticle,screen,scene,a photo of screen.,0.284671
plant,honeysuckle_74726760.jpg,full,grass,plant,a photo of Poaceae.,0.310386
plant,honeysuckle_74726760.jpg,full,oak,plant,a photo of Quercus.,0.330252
plant,honeysuckle_74726760.jpg,full,fern,plant,a photo of Polypodiopsida.,0.285426
plant,honeysuckle_74726760.jpg,full,clover,plant,a photo of Trifolium.,0.331227
plant,honeysuckle_74726760.jpg,full,pine,plant,a photo of Pinus.,0.272357
plant,honeysuckle_74726760.jpg,full,dandelion,plant,a photo of Taraxacum.,0.331780
plant,honeysuckle_74726760.jpg,full,poison ivy,hazard,a photo of Toxicodendron radicans.,0.422736
plant,honeysuckle_74726760.jpg,full,poison oak,hazard,a photo of Toxicodendron pubescens.,0.454979
plant,honeysuckle_74726760.jpg,full,poison sumac,hazard,a photo of Toxicodendron vernix.,0.354603
plant,honeysuckle_74726760.jpg,full,pokeweed,hazard,a photo of Phytolacca americana.,0.377836
plant,honeysuckle_74726760.jpg,full,Carolina horsenettle,hazard,a photo of Solanum carolinense.,0.412357
plant,honeysuckle_74726760.jpg,full,lawn,scene,a photo of lawn.,0.286880
plant,honeysuckle_74726760.jpg,full,field,scene,a photo of field.,0.279311
plant,honeysuckle_74726760.jpg,full,weedy garden bed,scene,a photo of weedy garden bed.,0.297040
plant,honeysuckle_74726760.jpg,full,pavement,scene,a photo of pavement.,0.318602
plant,honeysuckle_74726760.jpg,full,person,scene,a photo of person.,0.263095
plant,honeysuckle_74726760.jpg,full,screen,scene,a photo of screen.,0.275459
plant,honeysuckle_74726760.jpg,reticle,grass,plant,a photo of Poaceae.,0.334235
plant,honeysuckle_74726760.jpg,reticle,oak,plant,a photo of Quercus.,0.359534
plant,honeysuckle_74726760.jpg,reticle,fern,plant,a photo of Polypodiopsida.,0.339954
plant,honeysuckle_74726760.jpg,reticle,clover,plant,a photo of Trifolium.,0.337803
plant,honeysuckle_74726760.jpg,reticle,pine,plant,a photo of Pinus.,0.310395
plant,honeysuckle_74726760.jpg,reticle,dandelion,plant,a photo of Taraxacum.,0.334105
plant,honeysuckle_74726760.jpg,reticle,poison ivy,hazard,a photo of Toxicodendron radicans.,0.434506
plant,honeysuckle_74726760.jpg,reticle,poison oak,hazard,a photo of Toxicodendron pubescens.,0.501813
plant,honeysuckle_74726760.jpg,reticle,poison sumac,hazard,a photo of Toxicodendron vernix.,0.377792
plant,honeysuckle_74726760.jpg,reticle,pokeweed,hazard,a photo of Phytolacca americana.,0.399822
plant,honeysuckle_74726760.jpg,reticle,Carolina horsenettle,hazard,a photo of Solanum carolinense.,0.430757
plant,honeysuckle_74726760.jpg,reticle,lawn,scene,a photo of lawn.,0.308921
plant,honeysuckle_74726760.jpg,reticle,field,scene,a photo of field.,0.304710
plant,honeysuckle_74726760.jpg,reticle,weedy garden bed,scene,a photo of weedy garden bed.,0.351012
plant,honeysuckle_74726760.jpg,reticle,pavement,scene,a photo of pavement.,0.342456
plant,honeysuckle_74726760.jpg,reticle,person,scene,a photo of person.,0.316383
plant,honeysuckle_74726760.jpg,reticle,screen,scene,a photo of screen.,0.337944
plant,honeysuckle_24854627.jpg,full,grass,plant,a photo of Poaceae.,0.310177
plant,honeysuckle_24854627.jpg,full,oak,plant,a photo of Quercus.,0.382925
plant,honeysuckle_24854627.jpg,full,fern,plant,a photo of Polypodiopsida.,0.307446
plant,honeysuckle_24854627.jpg,full,clover,plant,a photo of Trifolium.,0.288029
plant,honeysuckle_24854627.jpg,full,pine,plant,a photo of Pinus.,0.296830
plant,honeysuckle_24854627.jpg,full,dandelion,plant,a photo of Taraxacum.,0.290984
plant,honeysuckle_24854627.jpg,full,poison ivy,hazard,a photo of Toxicodendron radicans.,0.388488
plant,honeysuckle_24854627.jpg,full,poison oak,hazard,a photo of Toxicodendron pubescens.,0.384038
plant,honeysuckle_24854627.jpg,full,poison sumac,hazard,a photo of Toxicodendron vernix.,0.356319
plant,honeysuckle_24854627.jpg,full,pokeweed,hazard,a photo of Phytolacca americana.,0.408504
plant,honeysuckle_24854627.jpg,full,Carolina horsenettle,hazard,a photo of Solanum carolinense.,0.365221
plant,honeysuckle_24854627.jpg,full,lawn,scene,a photo of lawn.,0.290962
plant,honeysuckle_24854627.jpg,full,field,scene,a photo of field.,0.281785
plant,honeysuckle_24854627.jpg,full,weedy garden bed,scene,a photo of weedy garden bed.,0.330125
plant,honeysuckle_24854627.jpg,full,pavement,scene,a photo of pavement.,0.325827
plant,honeysuckle_24854627.jpg,full,person,scene,a photo of person.,0.349214
plant,honeysuckle_24854627.jpg,full,screen,scene,a photo of screen.,0.373722
plant,honeysuckle_24854627.jpg,reticle,grass,plant,a photo of Poaceae.,0.292924
plant,honeysuckle_24854627.jpg,reticle,oak,plant,a photo of Quercus.,0.349237
plant,honeysuckle_24854627.jpg,reticle,fern,plant,a photo of Polypodiopsida.,0.300513
plant,honeysuckle_24854627.jpg,reticle,clover,plant,a photo of Trifolium.,0.264737
plant,honeysuckle_24854627.jpg,reticle,pine,plant,a photo of Pinus.,0.271748
plant,honeysuckle_24854627.jpg,reticle,dandelion,plant,a photo of Taraxacum.,0.305372
plant,honeysuckle_24854627.jpg,reticle,poison ivy,hazard,a photo of Toxicodendron radicans.,0.397265
plant,honeysuckle_24854627.jpg,reticle,poison oak,hazard,a photo of Toxicodendron pubescens.,0.375085
plant,honeysuckle_24854627.jpg,reticle,poison sumac,hazard,a photo of Toxicodendron vernix.,0.352259
plant,honeysuckle_24854627.jpg,reticle,pokeweed,hazard,a photo of Phytolacca americana.,0.404980
plant,honeysuckle_24854627.jpg,reticle,Carolina horsenettle,hazard,a photo of Solanum carolinense.,0.376565
plant,honeysuckle_24854627.jpg,reticle,lawn,scene,a photo of lawn.,0.257690
plant,honeysuckle_24854627.jpg,reticle,field,scene,a photo of field.,0.252325
plant,honeysuckle_24854627.jpg,reticle,weedy garden bed,scene,a photo of weedy garden bed.,0.345048
plant,honeysuckle_24854627.jpg,reticle,pavement,scene,a photo of pavement.,0.303799
plant,honeysuckle_24854627.jpg,reticle,person,scene,a photo of person.,0.315381
plant,honeysuckle_24854627.jpg,reticle,screen,scene,a photo of screen.,0.327559
plant,honeysuckle_345692495.jpg,full,grass,plant,a photo of Poaceae.,0.341867
plant,honeysuckle_345692495.jpg,full,oak,plant,a photo of Quercus.,0.449036
plant,honeysuckle_345692495.jpg,full,fern,plant,a photo of Polypodiopsida.,0.323495
plant,honeysuckle_345692495.jpg,full,clover,plant,a photo of Trifolium.,0.415797
plant,honeysuckle_345692495.jpg,full,pine,plant,a photo of Pinus.,0.351200
plant,honeysuckle_345692495.jpg,full,dandelion,plant,a photo of Taraxacum.,0.442846
plant,honeysuckle_345692495.jpg,full,poison ivy,hazard,a photo of Toxicodendron radicans.,0.447304
plant,honeysuckle_345692495.jpg,full,poison oak,hazard,a photo of Toxicodendron pubescens.,0.527291
plant,honeysuckle_345692495.jpg,full,poison sumac,hazard,a photo of Toxicodendron vernix.,0.366853
plant,honeysuckle_345692495.jpg,full,pokeweed,hazard,a photo of Phytolacca americana.,0.381618
plant,honeysuckle_345692495.jpg,full,Carolina horsenettle,hazard,a photo of Solanum carolinense.,0.429439
plant,honeysuckle_345692495.jpg,full,lawn,scene,a photo of lawn.,0.341259
plant,honeysuckle_345692495.jpg,full,field,scene,a photo of field.,0.318952
plant,honeysuckle_345692495.jpg,full,weedy garden bed,scene,a photo of weedy garden bed.,0.417172
plant,honeysuckle_345692495.jpg,full,pavement,scene,a photo of pavement.,0.339899
plant,honeysuckle_345692495.jpg,full,person,scene,a photo of person.,0.323400
plant,honeysuckle_345692495.jpg,full,screen,scene,a photo of screen.,0.390368
plant,honeysuckle_345692495.jpg,reticle,grass,plant,a photo of Poaceae.,0.378201
plant,honeysuckle_345692495.jpg,reticle,oak,plant,a photo of Quercus.,0.386356
plant,honeysuckle_345692495.jpg,reticle,fern,plant,a photo of Polypodiopsida.,0.328327
plant,honeysuckle_345692495.jpg,reticle,clover,plant,a photo of Trifolium.,0.417857
plant,honeysuckle_345692495.jpg,reticle,pine,plant,a photo of Pinus.,0.338696
plant,honeysuckle_345692495.jpg,reticle,dandelion,plant,a photo of Taraxacum.,0.425735
plant,honeysuckle_345692495.jpg,reticle,poison ivy,hazard,a photo of Toxicodendron radicans.,0.412086
plant,honeysuckle_345692495.jpg,reticle,poison oak,hazard,a photo of Toxicodendron pubescens.,0.478613
plant,honeysuckle_345692495.jpg,reticle,poison sumac,hazard,a photo of Toxicodendron vernix.,0.329247
plant,honeysuckle_345692495.jpg,reticle,pokeweed,hazard,a photo of Phytolacca americana.,0.366457
plant,honeysuckle_345692495.jpg,reticle,Carolina horsenettle,hazard,a photo of Solanum carolinense.,0.456187
plant,honeysuckle_345692495.jpg,reticle,lawn,scene,a photo of lawn.,0.321583
plant,honeysuckle_345692495.jpg,reticle,field,scene,a photo of field.,0.302901
plant,honeysuckle_345692495.jpg,reticle,weedy garden bed,scene,a photo of weedy garden bed.,0.367440
plant,honeysuckle_345692495.jpg,reticle,pavement,scene,a photo of pavement.,0.333810
plant,honeysuckle_345692495.jpg,reticle,person,scene,a photo of person.,0.314779
plant,honeysuckle_345692495.jpg,reticle,screen,scene,a photo of screen.,0.315462
plant,poison_ivy_187310885.jpg,full,grass,plant,a photo of Poaceae.,0.307443
plant,poison_ivy_187310885.jpg,full,oak,plant,a photo of Quercus.,0.278449
plant,poison_ivy_187310885.jpg,full,fern,plant,a photo of Polypodiopsida.,0.328354
plant,poison_ivy_187310885.jpg,full,clover,plant,a photo of Trifolium.,0.279393
plant,poison_ivy_187310885.jpg,full,pine,plant,a photo of Pinus.,0.243570
plant,poison_ivy_187310885.jpg,full,dandelion,plant,a photo of Taraxacum.,0.291516
plant,poison_ivy_187310885.jpg,full,poison ivy,hazard,a photo of Toxicodendron radicans.,0.500253
plant,poison_ivy_187310885.jpg,full,poison oak,hazard,a photo of Toxicodendron pubescens.,0.396380
plant,poison_ivy_187310885.jpg,full,poison sumac,hazard,a photo of Toxicodendron vernix.,0.423219
plant,poison_ivy_187310885.jpg,full,pokeweed,hazard,a photo of Phytolacca americana.,0.415475
plant,poison_ivy_187310885.jpg,full,Carolina horsenettle,hazard,a photo of Solanum carolinense.,0.324006
plant,poison_ivy_187310885.jpg,full,lawn,scene,a photo of lawn.,0.275135
plant,poison_ivy_187310885.jpg,full,field,scene,a photo of field.,0.261535
plant,poison_ivy_187310885.jpg,full,weedy garden bed,scene,a photo of weedy garden bed.,0.306347
plant,poison_ivy_187310885.jpg,full,pavement,scene,a photo of pavement.,0.363941
plant,poison_ivy_187310885.jpg,full,person,scene,a photo of person.,0.335269
plant,poison_ivy_187310885.jpg,full,screen,scene,a photo of screen.,0.337570
plant,poison_ivy_187310885.jpg,reticle,grass,plant,a photo of Poaceae.,0.302698
plant,poison_ivy_187310885.jpg,reticle,oak,plant,a photo of Quercus.,0.311952
plant,poison_ivy_187310885.jpg,reticle,fern,plant,a photo of Polypodiopsida.,0.313664
plant,poison_ivy_187310885.jpg,reticle,clover,plant,a photo of Trifolium.,0.314853
plant,poison_ivy_187310885.jpg,reticle,pine,plant,a photo of Pinus.,0.293858
plant,poison_ivy_187310885.jpg,reticle,dandelion,plant,a photo of Taraxacum.,0.324578
plant,poison_ivy_187310885.jpg,reticle,poison ivy,hazard,a photo of Toxicodendron radicans.,0.610945
plant,poison_ivy_187310885.jpg,reticle,poison oak,hazard,a photo of Toxicodendron pubescens.,0.489723
plant,poison_ivy_187310885.jpg,reticle,poison sumac,hazard,a photo of Toxicodendron vernix.,0.462792
plant,poison_ivy_187310885.jpg,reticle,pokeweed,hazard,a photo of Phytolacca americana.,0.413684
plant,poison_ivy_187310885.jpg,reticle,Carolina horsenettle,hazard,a photo of Solanum carolinense.,0.337580
plant,poison_ivy_187310885.jpg,reticle,lawn,scene,a photo of lawn.,0.256981
plant,poison_ivy_187310885.jpg,reticle,field,scene,a photo of field.,0.293606
plant,poison_ivy_187310885.jpg,reticle,weedy garden bed,scene,a photo of weedy garden bed.,0.260196
plant,poison_ivy_187310885.jpg,reticle,pavement,scene,a photo of pavement.,0.340188
plant,poison_ivy_187310885.jpg,reticle,person,scene,a photo of person.,0.287773
plant,poison_ivy_187310885.jpg,reticle,screen,scene,a photo of screen.,0.322782
plant,poison_ivy_120385547.jpg,full,grass,plant,a photo of Poaceae.,0.209681
plant,poison_ivy_120385547.jpg,full,oak,plant,a photo of Quercus.,0.249506
plant,poison_ivy_120385547.jpg,full,fern,plant,a photo of Polypodiopsida.,0.196088
plant,poison_ivy_120385547.jpg,full,clover,plant,a photo of Trifolium.,0.230695
plant,poison_ivy_120385547.jpg,full,pine,plant,a photo of Pinus.,0.212750
plant,poison_ivy_120385547.jpg,full,dandelion,plant,a photo of Taraxacum.,0.247271
plant,poison_ivy_120385547.jpg,full,poison ivy,hazard,a photo of Toxicodendron radicans.,0.637998
plant,poison_ivy_120385547.jpg,full,poison oak,hazard,a photo of Toxicodendron pubescens.,0.547353
plant,poison_ivy_120385547.jpg,full,poison sumac,hazard,a photo of Toxicodendron vernix.,0.428964
plant,poison_ivy_120385547.jpg,full,pokeweed,hazard,a photo of Phytolacca americana.,0.338409
plant,poison_ivy_120385547.jpg,full,Carolina horsenettle,hazard,a photo of Solanum carolinense.,0.321813
plant,poison_ivy_120385547.jpg,full,lawn,scene,a photo of lawn.,0.162857
plant,poison_ivy_120385547.jpg,full,field,scene,a photo of field.,0.197577
plant,poison_ivy_120385547.jpg,full,weedy garden bed,scene,a photo of weedy garden bed.,0.144397
plant,poison_ivy_120385547.jpg,full,pavement,scene,a photo of pavement.,0.201049
plant,poison_ivy_120385547.jpg,full,person,scene,a photo of person.,0.194195
plant,poison_ivy_120385547.jpg,full,screen,scene,a photo of screen.,0.196024
plant,poison_ivy_120385547.jpg,reticle,grass,plant,a photo of Poaceae.,0.256132
plant,poison_ivy_120385547.jpg,reticle,oak,plant,a photo of Quercus.,0.282592
plant,poison_ivy_120385547.jpg,reticle,fern,plant,a photo of Polypodiopsida.,0.243206
plant,poison_ivy_120385547.jpg,reticle,clover,plant,a photo of Trifolium.,0.261758
plant,poison_ivy_120385547.jpg,reticle,pine,plant,a photo of Pinus.,0.248596
plant,poison_ivy_120385547.jpg,reticle,dandelion,plant,a photo of Taraxacum.,0.277387
plant,poison_ivy_120385547.jpg,reticle,poison ivy,hazard,a photo of Toxicodendron radicans.,0.623648
plant,poison_ivy_120385547.jpg,reticle,poison oak,hazard,a photo of Toxicodendron pubescens.,0.555746
plant,poison_ivy_120385547.jpg,reticle,poison sumac,hazard,a photo of Toxicodendron vernix.,0.473266
plant,poison_ivy_120385547.jpg,reticle,pokeweed,hazard,a photo of Phytolacca americana.,0.371784
plant,poison_ivy_120385547.jpg,reticle,Carolina horsenettle,hazard,a photo of Solanum carolinense.,0.334093
plant,poison_ivy_120385547.jpg,reticle,lawn,scene,a photo of lawn.,0.192941
plant,poison_ivy_120385547.jpg,reticle,field,scene,a photo of field.,0.233794
plant,poison_ivy_120385547.jpg,reticle,weedy garden bed,scene,a photo of weedy garden bed.,0.185439
plant,poison_ivy_120385547.jpg,reticle,pavement,scene,a photo of pavement.,0.240134
plant,poison_ivy_120385547.jpg,reticle,person,scene,a photo of person.,0.237868
plant,poison_ivy_120385547.jpg,reticle,screen,scene,a photo of screen.,0.227464
plant,poison_ivy_267986184.jpg,full,grass,plant,a photo of Poaceae.,0.352221
plant,poison_ivy_267986184.jpg,full,oak,plant,a photo of Quercus.,0.432774
plant,poison_ivy_267986184.jpg,full,fern,plant,a photo of Polypodiopsida.,0.309043
plant,poison_ivy_267986184.jpg,full,clover,plant,a photo of Trifolium.,0.334947
plant,poison_ivy_267986184.jpg,full,pine,plant,a photo of Pinus.,0.537337
plant,poison_ivy_267986184.jpg,full,dandelion,plant,a photo of Taraxacum.,0.343945
plant,poison_ivy_267986184.jpg,full,poison ivy,hazard,a photo of Toxicodendron radicans.,0.417518
plant,poison_ivy_267986184.jpg,full,poison oak,hazard,a photo of Toxicodendron pubescens.,0.403472
plant,poison_ivy_267986184.jpg,full,poison sumac,hazard,a photo of Toxicodendron vernix.,0.334449
plant,poison_ivy_267986184.jpg,full,pokeweed,hazard,a photo of Phytolacca americana.,0.352605
plant,poison_ivy_267986184.jpg,full,Carolina horsenettle,hazard,a photo of Solanum carolinense.,0.309430
plant,poison_ivy_267986184.jpg,full,lawn,scene,a photo of lawn.,0.266794
plant,poison_ivy_267986184.jpg,full,field,scene,a photo of field.,0.299342
plant,poison_ivy_267986184.jpg,full,weedy garden bed,scene,a photo of weedy garden bed.,0.233366
plant,poison_ivy_267986184.jpg,full,pavement,scene,a photo of pavement.,0.288954
plant,poison_ivy_267986184.jpg,full,person,scene,a photo of person.,0.279346
plant,poison_ivy_267986184.jpg,full,screen,scene,a photo of screen.,0.348276
plant,poison_ivy_267986184.jpg,reticle,grass,plant,a photo of Poaceae.,0.450491
plant,poison_ivy_267986184.jpg,reticle,oak,plant,a photo of Quercus.,0.452498
plant,poison_ivy_267986184.jpg,reticle,fern,plant,a photo of Polypodiopsida.,0.438072
plant,poison_ivy_267986184.jpg,reticle,clover,plant,a photo of Trifolium.,0.437567
plant,poison_ivy_267986184.jpg,reticle,pine,plant,a photo of Pinus.,0.536133
plant,poison_ivy_267986184.jpg,reticle,dandelion,plant,a photo of Taraxacum.,0.387886
plant,poison_ivy_267986184.jpg,reticle,poison ivy,hazard,a photo of Toxicodendron radicans.,0.442807
plant,poison_ivy_267986184.jpg,reticle,poison oak,hazard,a photo of Toxicodendron pubescens.,0.436143
plant,poison_ivy_267986184.jpg,reticle,poison sumac,hazard,a photo of Toxicodendron vernix.,0.368388
plant,poison_ivy_267986184.jpg,reticle,pokeweed,hazard,a photo of Phytolacca americana.,0.381041
plant,poison_ivy_267986184.jpg,reticle,Carolina horsenettle,hazard,a photo of Solanum carolinense.,0.322501
plant,poison_ivy_267986184.jpg,reticle,lawn,scene,a photo of lawn.,0.375394
plant,poison_ivy_267986184.jpg,reticle,field,scene,a photo of field.,0.403758
plant,poison_ivy_267986184.jpg,reticle,weedy garden bed,scene,a photo of weedy garden bed.,0.360227
plant,poison_ivy_267986184.jpg,reticle,pavement,scene,a photo of pavement.,0.418637
plant,poison_ivy_267986184.jpg,reticle,person,scene,a photo of person.,0.427270
plant,poison_ivy_267986184.jpg,reticle,screen,scene,a photo of screen.,0.446797
plant,poison_ivy_161804350.jpg,full,grass,plant,a photo of Poaceae.,0.183274
plant,poison_ivy_161804350.jpg,full,oak,plant,a photo of Quercus.,0.268288
plant,poison_ivy_161804350.jpg,full,fern,plant,a photo of Polypodiopsida.,0.191185
plant,poison_ivy_161804350.jpg,full,clover,plant,a photo of Trifolium.,0.208147
plant,poison_ivy_161804350.jpg,full,pine,plant,a photo of Pinus.,0.211740
plant,poison_ivy_161804350.jpg,full,dandelion,plant,a photo of Taraxacum.,0.259032
plant,poison_ivy_161804350.jpg,full,poison ivy,hazard,a photo of Toxicodendron radicans.,0.627230
plant,poison_ivy_161804350.jpg,full,poison oak,hazard,a photo of Toxicodendron pubescens.,0.540757
plant,poison_ivy_161804350.jpg,full,poison sumac,hazard,a photo of Toxicodendron vernix.,0.394309
plant,poison_ivy_161804350.jpg,full,pokeweed,hazard,a photo of Phytolacca americana.,0.324134
plant,poison_ivy_161804350.jpg,full,Carolina horsenettle,hazard,a photo of Solanum carolinense.,0.311615
plant,poison_ivy_161804350.jpg,full,lawn,scene,a photo of lawn.,0.170427
plant,poison_ivy_161804350.jpg,full,field,scene,a photo of field.,0.208678
plant,poison_ivy_161804350.jpg,full,weedy garden bed,scene,a photo of weedy garden bed.,0.153700
plant,poison_ivy_161804350.jpg,full,pavement,scene,a photo of pavement.,0.200993
plant,poison_ivy_161804350.jpg,full,person,scene,a photo of person.,0.184933
plant,poison_ivy_161804350.jpg,full,screen,scene,a photo of screen.,0.210445
plant,poison_ivy_161804350.jpg,reticle,grass,plant,a photo of Poaceae.,0.185975
plant,poison_ivy_161804350.jpg,reticle,oak,plant,a photo of Quercus.,0.264759
plant,poison_ivy_161804350.jpg,reticle,fern,plant,a photo of Polypodiopsida.,0.186190
plant,poison_ivy_161804350.jpg,reticle,clover,plant,a photo of Trifolium.,0.210112
plant,poison_ivy_161804350.jpg,reticle,pine,plant,a photo of Pinus.,0.226372
plant,poison_ivy_161804350.jpg,reticle,dandelion,plant,a photo of Taraxacum.,0.262292
plant,poison_ivy_161804350.jpg,reticle,poison ivy,hazard,a photo of Toxicodendron radicans.,0.632427
plant,poison_ivy_161804350.jpg,reticle,poison oak,hazard,a photo of Toxicodendron pubescens.,0.546148
plant,poison_ivy_161804350.jpg,reticle,poison sumac,hazard,a photo of Toxicodendron vernix.,0.398390
plant,poison_ivy_161804350.jpg,reticle,pokeweed,hazard,a photo of Phytolacca americana.,0.336322
plant,poison_ivy_161804350.jpg,reticle,Carolina horsenettle,hazard,a photo of Solanum carolinense.,0.315307
plant,poison_ivy_161804350.jpg,reticle,lawn,scene,a photo of lawn.,0.157195
plant,poison_ivy_161804350.jpg,reticle,field,scene,a photo of field.,0.210483
plant,poison_ivy_161804350.jpg,reticle,weedy garden bed,scene,a photo of weedy garden bed.,0.148366
plant,poison_ivy_161804350.jpg,reticle,pavement,scene,a photo of pavement.,0.209105
plant,poison_ivy_161804350.jpg,reticle,person,scene,a photo of person.,0.161981
plant,poison_ivy_161804350.jpg,reticle,screen,scene,a photo of screen.,0.199903
plant,poison_ivy_177285710.jpg,full,grass,plant,a photo of Poaceae.,0.222596
plant,poison_ivy_177285710.jpg,full,oak,plant,a photo of Quercus.,0.292617
plant,poison_ivy_177285710.jpg,full,fern,plant,a photo of Polypodiopsida.,0.229609
plant,poison_ivy_177285710.jpg,full,clover,plant,a photo of Trifolium.,0.236931
plant,poison_ivy_177285710.jpg,full,pine,plant,a photo of Pinus.,0.269191
plant,poison_ivy_177285710.jpg,full,dandelion,plant,a photo of Taraxacum.,0.279064
plant,poison_ivy_177285710.jpg,full,poison ivy,hazard,a photo of Toxicodendron radicans.,0.672056
plant,poison_ivy_177285710.jpg,full,poison oak,hazard,a photo of Toxicodendron pubescens.,0.589659
plant,poison_ivy_177285710.jpg,full,poison sumac,hazard,a photo of Toxicodendron vernix.,0.467722
plant,poison_ivy_177285710.jpg,full,pokeweed,hazard,a photo of Phytolacca americana.,0.382895
plant,poison_ivy_177285710.jpg,full,Carolina horsenettle,hazard,a photo of Solanum carolinense.,0.351111
plant,poison_ivy_177285710.jpg,full,lawn,scene,a photo of lawn.,0.193713
plant,poison_ivy_177285710.jpg,full,field,scene,a photo of field.,0.218394
plant,poison_ivy_177285710.jpg,full,weedy garden bed,scene,a photo of weedy garden bed.,0.162082
plant,poison_ivy_177285710.jpg,full,pavement,scene,a photo of pavement.,0.216041
plant,poison_ivy_177285710.jpg,full,person,scene,a photo of person.,0.220296
plant,poison_ivy_177285710.jpg,full,screen,scene,a photo of screen.,0.232888
plant,poison_ivy_177285710.jpg,reticle,grass,plant,a photo of Poaceae.,0.242799
plant,poison_ivy_177285710.jpg,reticle,oak,plant,a photo of Quercus.,0.301208
plant,poison_ivy_177285710.jpg,reticle,fern,plant,a photo of Polypodiopsida.,0.247626
plant,poison_ivy_177285710.jpg,reticle,clover,plant,a photo of Trifolium.,0.239889
plant,poison_ivy_177285710.jpg,reticle,pine,plant,a photo of Pinus.,0.264851
plant,poison_ivy_177285710.jpg,reticle,dandelion,plant,a photo of Taraxacum.,0.270634
plant,poison_ivy_177285710.jpg,reticle,poison ivy,hazard,a photo of Toxicodendron radicans.,0.679875
plant,poison_ivy_177285710.jpg,reticle,poison oak,hazard,a photo of Toxicodendron pubescens.,0.585499
plant,poison_ivy_177285710.jpg,reticle,poison sumac,hazard,a photo of Toxicodendron vernix.,0.465768
plant,poison_ivy_177285710.jpg,reticle,pokeweed,hazard,a photo of Phytolacca americana.,0.380325
plant,poison_ivy_177285710.jpg,reticle,Carolina horsenettle,hazard,a photo of Solanum carolinense.,0.345549
plant,poison_ivy_177285710.jpg,reticle,lawn,scene,a photo of lawn.,0.200412
plant,poison_ivy_177285710.jpg,reticle,field,scene,a photo of field.,0.230425
plant,poison_ivy_177285710.jpg,reticle,weedy garden bed,scene,a photo of weedy garden bed.,0.189134
plant,poison_ivy_177285710.jpg,reticle,pavement,scene,a photo of pavement.,0.233344
plant,poison_ivy_177285710.jpg,reticle,person,scene,a photo of person.,0.227297
plant,poison_ivy_177285710.jpg,reticle,screen,scene,a photo of screen.,0.231435
plant,poison_ivy_170203141.jpg,full,grass,plant,a photo of Poaceae.,0.228980
plant,poison_ivy_170203141.jpg,full,oak,plant,a photo of Quercus.,0.282797
plant,poison_ivy_170203141.jpg,full,fern,plant,a photo of Polypodiopsida.,0.229322
plant,poison_ivy_170203141.jpg,full,clover,plant,a photo of Trifolium.,0.257798
plant,poison_ivy_170203141.jpg,full,pine,plant,a photo of Pinus.,0.256006
plant,poison_ivy_170203141.jpg,full,dandelion,plant,a photo of Taraxacum.,0.277821
plant,poison_ivy_170203141.jpg,full,poison ivy,hazard,a photo of Toxicodendron radicans.,0.666871
plant,poison_ivy_170203141.jpg,full,poison oak,hazard,a photo of Toxicodendron pubescens.,0.585276
plant,poison_ivy_170203141.jpg,full,poison sumac,hazard,a photo of Toxicodendron vernix.,0.479855
plant,poison_ivy_170203141.jpg,full,pokeweed,hazard,a photo of Phytolacca americana.,0.371189
plant,poison_ivy_170203141.jpg,full,Carolina horsenettle,hazard,a photo of Solanum carolinense.,0.338467
plant,poison_ivy_170203141.jpg,full,lawn,scene,a photo of lawn.,0.175986
plant,poison_ivy_170203141.jpg,full,field,scene,a photo of field.,0.208881
plant,poison_ivy_170203141.jpg,full,weedy garden bed,scene,a photo of weedy garden bed.,0.183679
plant,poison_ivy_170203141.jpg,full,pavement,scene,a photo of pavement.,0.226110
plant,poison_ivy_170203141.jpg,full,person,scene,a photo of person.,0.231975
plant,poison_ivy_170203141.jpg,full,screen,scene,a photo of screen.,0.237317
plant,poison_ivy_170203141.jpg,reticle,grass,plant,a photo of Poaceae.,0.330271
plant,poison_ivy_170203141.jpg,reticle,oak,plant,a photo of Quercus.,0.392062
plant,poison_ivy_170203141.jpg,reticle,fern,plant,a photo of Polypodiopsida.,0.348943
plant,poison_ivy_170203141.jpg,reticle,clover,plant,a photo of Trifolium.,0.294842
plant,poison_ivy_170203141.jpg,reticle,pine,plant,a photo of Pinus.,0.338028
plant,poison_ivy_170203141.jpg,reticle,dandelion,plant,a photo of Taraxacum.,0.311388
plant,poison_ivy_170203141.jpg,reticle,poison ivy,hazard,a photo of Toxicodendron radicans.,0.542368
plant,poison_ivy_170203141.jpg,reticle,poison oak,hazard,a photo of Toxicodendron pubescens.,0.508881
plant,poison_ivy_170203141.jpg,reticle,poison sumac,hazard,a photo of Toxicodendron vernix.,0.541884
plant,poison_ivy_170203141.jpg,reticle,pokeweed,hazard,a photo of Phytolacca americana.,0.518786
plant,poison_ivy_170203141.jpg,reticle,Carolina horsenettle,hazard,a photo of Solanum carolinense.,0.411296
plant,poison_ivy_170203141.jpg,reticle,lawn,scene,a photo of lawn.,0.291248
plant,poison_ivy_170203141.jpg,reticle,field,scene,a photo of field.,0.310432
plant,poison_ivy_170203141.jpg,reticle,weedy garden bed,scene,a photo of weedy garden bed.,0.314579
plant,poison_ivy_170203141.jpg,reticle,pavement,scene,a photo of pavement.,0.309624
plant,poison_ivy_170203141.jpg,reticle,person,scene,a photo of person.,0.320101
plant,poison_ivy_170203141.jpg,reticle,screen,scene,a photo of screen.,0.382972
plant,poison_ivy_293267010.jpg,full,grass,plant,a photo of Poaceae.,0.265565
plant,poison_ivy_293267010.jpg,full,oak,plant,a photo of Quercus.,0.366936
plant,poison_ivy_293267010.jpg,full,fern,plant,a photo of Polypodiopsida.,0.264063
plant,poison_ivy_293267010.jpg,full,clover,plant,a photo of Trifolium.,0.277858
plant,poison_ivy_293267010.jpg,full,pine,plant,a photo of Pinus.,0.317624
plant,poison_ivy_293267010.jpg,full,dandelion,plant,a photo of Taraxacum.,0.289364
plant,poison_ivy_293267010.jpg,full,poison ivy,hazard,a photo of Toxicodendron radicans.,0.609938
plant,poison_ivy_293267010.jpg,full,poison oak,hazard,a photo of Toxicodendron pubescens.,0.552722
plant,poison_ivy_293267010.jpg,full,poison sumac,hazard,a photo of Toxicodendron vernix.,0.466603
plant,poison_ivy_293267010.jpg,full,pokeweed,hazard,a photo of Phytolacca americana.,0.442941
plant,poison_ivy_293267010.jpg,full,Carolina horsenettle,hazard,a photo of Solanum carolinense.,0.385383
plant,poison_ivy_293267010.jpg,full,lawn,scene,a photo of lawn.,0.218951
plant,poison_ivy_293267010.jpg,full,field,scene,a photo of field.,0.244750
plant,poison_ivy_293267010.jpg,full,weedy garden bed,scene,a photo of weedy garden bed.,0.204650
plant,poison_ivy_293267010.jpg,full,pavement,scene,a photo of pavement.,0.252988
plant,poison_ivy_293267010.jpg,full,person,scene,a photo of person.,0.276530
plant,poison_ivy_293267010.jpg,full,screen,scene,a photo of screen.,0.297698
plant,poison_ivy_293267010.jpg,reticle,grass,plant,a photo of Poaceae.,0.283180
plant,poison_ivy_293267010.jpg,reticle,oak,plant,a photo of Quercus.,0.363454
plant,poison_ivy_293267010.jpg,reticle,fern,plant,a photo of Polypodiopsida.,0.343961
plant,poison_ivy_293267010.jpg,reticle,clover,plant,a photo of Trifolium.,0.232473
plant,poison_ivy_293267010.jpg,reticle,pine,plant,a photo of Pinus.,0.318821
plant,poison_ivy_293267010.jpg,reticle,dandelion,plant,a photo of Taraxacum.,0.262620
plant,poison_ivy_293267010.jpg,reticle,poison ivy,hazard,a photo of Toxicodendron radicans.,0.442009
plant,poison_ivy_293267010.jpg,reticle,poison oak,hazard,a photo of Toxicodendron pubescens.,0.406953
plant,poison_ivy_293267010.jpg,reticle,poison sumac,hazard,a photo of Toxicodendron vernix.,0.476789
plant,poison_ivy_293267010.jpg,reticle,pokeweed,hazard,a photo of Phytolacca americana.,0.484741
plant,poison_ivy_293267010.jpg,reticle,Carolina horsenettle,hazard,a photo of Solanum carolinense.,0.431144
plant,poison_ivy_293267010.jpg,reticle,lawn,scene,a photo of lawn.,0.270526
plant,poison_ivy_293267010.jpg,reticle,field,scene,a photo of field.,0.328145
plant,poison_ivy_293267010.jpg,reticle,weedy garden bed,scene,a photo of weedy garden bed.,0.285435
plant,poison_ivy_293267010.jpg,reticle,pavement,scene,a photo of pavement.,0.316023
plant,poison_ivy_293267010.jpg,reticle,person,scene,a photo of person.,0.346832
plant,poison_ivy_293267010.jpg,reticle,screen,scene,a photo of screen.,0.401972
plant,poison_ivy_207844923.jpg,full,grass,plant,a photo of Poaceae.,0.196198
plant,poison_ivy_207844923.jpg,full,oak,plant,a photo of Quercus.,0.250339
plant,poison_ivy_207844923.jpg,full,fern,plant,a photo of Polypodiopsida.,0.192827
plant,poison_ivy_207844923.jpg,full,clover,plant,a photo of Trifolium.,0.221689
plant,poison_ivy_207844923.jpg,full,pine,plant,a photo of Pinus.,0.230004
plant,poison_ivy_207844923.jpg,full,dandelion,plant,a photo of Taraxacum.,0.255750
plant,poison_ivy_207844923.jpg,full,poison ivy,hazard,a photo of Toxicodendron radicans.,0.667227
plant,poison_ivy_207844923.jpg,full,poison oak,hazard,a photo of Toxicodendron pubescens.,0.565950
plant,poison_ivy_207844923.jpg,full,poison sumac,hazard,a photo of Toxicodendron vernix.,0.424471
plant,poison_ivy_207844923.jpg,full,pokeweed,hazard,a photo of Phytolacca americana.,0.344756
plant,poison_ivy_207844923.jpg,full,Carolina horsenettle,hazard,a photo of Solanum carolinense.,0.317928
plant,poison_ivy_207844923.jpg,full,lawn,scene,a photo of lawn.,0.170196
plant,poison_ivy_207844923.jpg,full,field,scene,a photo of field.,0.198603
plant,poison_ivy_207844923.jpg,full,weedy garden bed,scene,a photo of weedy garden bed.,0.136173
plant,poison_ivy_207844923.jpg,full,pavement,scene,a photo of pavement.,0.207464
plant,poison_ivy_207844923.jpg,full,person,scene,a photo of person.,0.183552
plant,poison_ivy_207844923.jpg,full,screen,scene,a photo of screen.,0.202245
plant,poison_ivy_207844923.jpg,reticle,grass,plant,a photo of Poaceae.,0.216033
plant,poison_ivy_207844923.jpg,reticle,oak,plant,a photo of Quercus.,0.272846
plant,poison_ivy_207844923.jpg,reticle,fern,plant,a photo of Polypodiopsida.,0.215569
plant,poison_ivy_207844923.jpg,reticle,clover,plant,a photo of Trifolium.,0.245876
plant,poison_ivy_207844923.jpg,reticle,pine,plant,a photo of Pinus.,0.252457
plant,poison_ivy_207844923.jpg,reticle,dandelion,plant,a photo of Taraxacum.,0.262016
plant,poison_ivy_207844923.jpg,reticle,poison ivy,hazard,a photo of Toxicodendron radicans.,0.693080
plant,poison_ivy_207844923.jpg,reticle,poison oak,hazard,a photo of Toxicodendron pubescens.,0.614134
plant,poison_ivy_207844923.jpg,reticle,poison sumac,hazard,a photo of Toxicodendron vernix.,0.445357
plant,poison_ivy_207844923.jpg,reticle,pokeweed,hazard,a photo of Phytolacca americana.,0.360546
plant,poison_ivy_207844923.jpg,reticle,Carolina horsenettle,hazard,a photo of Solanum carolinense.,0.315710
plant,poison_ivy_207844923.jpg,reticle,lawn,scene,a photo of lawn.,0.189359
plant,poison_ivy_207844923.jpg,reticle,field,scene,a photo of field.,0.223371
plant,poison_ivy_207844923.jpg,reticle,weedy garden bed,scene,a photo of weedy garden bed.,0.168241
plant,poison_ivy_207844923.jpg,reticle,pavement,scene,a photo of pavement.,0.220256
plant,poison_ivy_207844923.jpg,reticle,person,scene,a photo of person.,0.219506
plant,poison_ivy_207844923.jpg,reticle,screen,scene,a photo of screen.,0.228521
plant,poison_ivy_13112921.jpg,full,grass,plant,a photo of Poaceae.,0.221298
plant,poison_ivy_13112921.jpg,full,oak,plant,a photo of Quercus.,0.309669
plant,poison_ivy_13112921.jpg,full,fern,plant,a photo of Polypodiopsida.,0.209977
plant,poison_ivy_13112921.jpg,full,clover,plant,a photo of Trifolium.,0.268054
plant,poison_ivy_13112921.jpg,full,pine,plant,a photo of Pinus.,0.260715
plant,poison_ivy_13112921.jpg,full,dandelion,plant,a photo of Taraxacum.,0.280260
plant,poison_ivy_13112921.jpg,full,poison ivy,hazard,a photo of Toxicodendron radicans.,0.649017
plant,poison_ivy_13112921.jpg,full,poison oak,hazard,a photo of Toxicodendron pubescens.,0.606786
plant,poison_ivy_13112921.jpg,full,poison sumac,hazard,a photo of Toxicodendron vernix.,0.443374
plant,poison_ivy_13112921.jpg,full,pokeweed,hazard,a photo of Phytolacca americana.,0.360814
plant,poison_ivy_13112921.jpg,full,Carolina horsenettle,hazard,a photo of Solanum carolinense.,0.341291
plant,poison_ivy_13112921.jpg,full,lawn,scene,a photo of lawn.,0.184101
plant,poison_ivy_13112921.jpg,full,field,scene,a photo of field.,0.213449
plant,poison_ivy_13112921.jpg,full,weedy garden bed,scene,a photo of weedy garden bed.,0.188014
plant,poison_ivy_13112921.jpg,full,pavement,scene,a photo of pavement.,0.225520
plant,poison_ivy_13112921.jpg,full,person,scene,a photo of person.,0.238065
plant,poison_ivy_13112921.jpg,full,screen,scene,a photo of screen.,0.232150
plant,poison_ivy_13112921.jpg,reticle,grass,plant,a photo of Poaceae.,0.360851
plant,poison_ivy_13112921.jpg,reticle,oak,plant,a photo of Quercus.,0.501697
plant,poison_ivy_13112921.jpg,reticle,fern,plant,a photo of Polypodiopsida.,0.362616
plant,poison_ivy_13112921.jpg,reticle,clover,plant,a photo of Trifolium.,0.332846
plant,poison_ivy_13112921.jpg,reticle,pine,plant,a photo of Pinus.,0.375754
plant,poison_ivy_13112921.jpg,reticle,dandelion,plant,a photo of Taraxacum.,0.337093
plant,poison_ivy_13112921.jpg,reticle,poison ivy,hazard,a photo of Toxicodendron radicans.,0.453280
plant,poison_ivy_13112921.jpg,reticle,poison oak,hazard,a photo of Toxicodendron pubescens.,0.489029
plant,poison_ivy_13112921.jpg,reticle,poison sumac,hazard,a photo of Toxicodendron vernix.,0.414840
plant,poison_ivy_13112921.jpg,reticle,pokeweed,hazard,a photo of Phytolacca americana.,0.440413
plant,poison_ivy_13112921.jpg,reticle,Carolina horsenettle,hazard,a photo of Solanum carolinense.,0.371964
plant,poison_ivy_13112921.jpg,reticle,lawn,scene,a photo of lawn.,0.305292
plant,poison_ivy_13112921.jpg,reticle,field,scene,a photo of field.,0.332653
plant,poison_ivy_13112921.jpg,reticle,weedy garden bed,scene,a photo of weedy garden bed.,0.276130
plant,poison_ivy_13112921.jpg,reticle,pavement,scene,a photo of pavement.,0.324647
plant,poison_ivy_13112921.jpg,reticle,person,scene,a photo of person.,0.364577
plant,poison_ivy_13112921.jpg,reticle,screen,scene,a photo of screen.,0.379699
plant,poison_ivy_274901221.jpg,full,grass,plant,a photo of Poaceae.,0.212829
plant,poison_ivy_274901221.jpg,full,oak,plant,a photo of Quercus.,0.300917
plant,poison_ivy_274901221.jpg,full,fern,plant,a photo of Polypodiopsida.,0.211209
plant,poison_ivy_274901221.jpg,full,clover,plant,a photo of Trifolium.,0.223143
plant,poison_ivy_274901221.jpg,full,pine,plant,a photo of Pinus.,0.245278
plant,poison_ivy_274901221.jpg,full,dandelion,plant,a photo of Taraxacum.,0.263990
plant,poison_ivy_274901221.jpg,full,poison ivy,hazard,a photo of Toxicodendron radicans.,0.630921
plant,poison_ivy_274901221.jpg,full,poison oak,hazard,a photo of Toxicodendron pubescens.,0.533970
plant,poison_ivy_274901221.jpg,full,poison sumac,hazard,a photo of Toxicodendron vernix.,0.378506
plant,poison_ivy_274901221.jpg,full,pokeweed,hazard,a photo of Phytolacca americana.,0.372927
plant,poison_ivy_274901221.jpg,full,Carolina horsenettle,hazard,a photo of Solanum carolinense.,0.344133
plant,poison_ivy_274901221.jpg,full,lawn,scene,a photo of lawn.,0.198465
plant,poison_ivy_274901221.jpg,full,field,scene,a photo of field.,0.220043
plant,poison_ivy_274901221.jpg,full,weedy garden bed,scene,a photo of weedy garden bed.,0.124138
plant,poison_ivy_274901221.jpg,full,pavement,scene,a photo of pavement.,0.211735
plant,poison_ivy_274901221.jpg,full,person,scene,a photo of person.,0.206519
plant,poison_ivy_274901221.jpg,full,screen,scene,a photo of screen.,0.232014
plant,poison_ivy_274901221.jpg,reticle,grass,plant,a photo of Poaceae.,0.207213
plant,poison_ivy_274901221.jpg,reticle,oak,plant,a photo of Quercus.,0.294228
plant,poison_ivy_274901221.jpg,reticle,fern,plant,a photo of Polypodiopsida.,0.224752
plant,poison_ivy_274901221.jpg,reticle,clover,plant,a photo of Trifolium.,0.227365
plant,poison_ivy_274901221.jpg,reticle,pine,plant,a photo of Pinus.,0.242154
plant,poison_ivy_274901221.jpg,reticle,dandelion,plant,a photo of Taraxacum.,0.288802
plant,poison_ivy_274901221.jpg,reticle,poison ivy,hazard,a photo of Toxicodendron radicans.,0.632652
plant,poison_ivy_274901221.jpg,reticle,poison oak,hazard,a photo of Toxicodendron pubescens.,0.526804
plant,poison_ivy_274901221.jpg,reticle,poison sumac,hazard,a photo of Toxicodendron vernix.,0.409125
plant,poison_ivy_274901221.jpg,reticle,pokeweed,hazard,a photo of Phytolacca americana.,0.408162
plant,poison_ivy_274901221.jpg,reticle,Carolina horsenettle,hazard,a photo of Solanum carolinense.,0.371566
plant,poison_ivy_274901221.jpg,reticle,lawn,scene,a photo of lawn.,0.185528
plant,poison_ivy_274901221.jpg,reticle,field,scene,a photo of field.,0.233680
plant,poison_ivy_274901221.jpg,reticle,weedy garden bed,scene,a photo of weedy garden bed.,0.146603
plant,poison_ivy_274901221.jpg,reticle,pavement,scene,a photo of pavement.,0.218124
plant,poison_ivy_274901221.jpg,reticle,person,scene,a photo of person.,0.207686
plant,poison_ivy_274901221.jpg,reticle,screen,scene,a photo of screen.,0.229392
plant,poison_oak_357861641.jpg,full,grass,plant,a photo of Poaceae.,0.250221
plant,poison_oak_357861641.jpg,full,oak,plant,a photo of Quercus.,0.334624
plant,poison_oak_357861641.jpg,full,fern,plant,a photo of Polypodiopsida.,0.241267
plant,poison_oak_357861641.jpg,full,clover,plant,a photo of Trifolium.,0.235303
plant,poison_oak_357861641.jpg,full,pine,plant,a photo of Pinus.,0.273966
plant,poison_oak_357861641.jpg,full,dandelion,plant,a photo of Taraxacum.,0.258046
plant,poison_oak_357861641.jpg,full,poison ivy,hazard,a photo of Toxicodendron radicans.,0.635764
plant,poison_oak_357861641.jpg,full,poison oak,hazard,a photo of Toxicodendron pubescens.,0.630810
plant,poison_oak_357861641.jpg,full,poison sumac,hazard,a photo of Toxicodendron vernix.,0.450334
plant,poison_oak_357861641.jpg,full,pokeweed,hazard,a photo of Phytolacca americana.,0.425988
plant,poison_oak_357861641.jpg,full,Carolina horsenettle,hazard,a photo of Solanum carolinense.,0.399761
plant,poison_oak_357861641.jpg,full,lawn,scene,a photo of lawn.,0.209639
plant,poison_oak_357861641.jpg,full,field,scene,a photo of field.,0.227010
plant,poison_oak_357861641.jpg,full,weedy garden bed,scene,a photo of weedy garden bed.,0.229168
plant,poison_oak_357861641.jpg,full,pavement,scene,a photo of pavement.,0.243185
plant,poison_oak_357861641.jpg,full,person,scene,a photo of person.,0.254947
plant,poison_oak_357861641.jpg,full,screen,scene,a photo of screen.,0.288432
plant,poison_oak_357861641.jpg,reticle,grass,plant,a photo of Poaceae.,0.262385
plant,poison_oak_357861641.jpg,reticle,oak,plant,a photo of Quercus.,0.303524
plant,poison_oak_357861641.jpg,reticle,fern,plant,a photo of Polypodiopsida.,0.236586
plant,poison_oak_357861641.jpg,reticle,clover,plant,a photo of Trifolium.,0.300963
plant,poison_oak_357861641.jpg,reticle,pine,plant,a photo of Pinus.,0.267445
plant,poison_oak_357861641.jpg,reticle,dandelion,plant,a photo of Taraxacum.,0.257624
plant,poison_oak_357861641.jpg,reticle,poison ivy,hazard,a photo of Toxicodendron radicans.,0.608306
plant,poison_oak_357861641.jpg,reticle,poison oak,hazard,a photo of Toxicodendron pubescens.,0.609832
plant,poison_oak_357861641.jpg,reticle,poison sumac,hazard,a photo of Toxicodendron vernix.,0.451989
plant,poison_oak_357861641.jpg,reticle,pokeweed,hazard,a photo of Phytolacca americana.,0.414528
plant,poison_oak_357861641.jpg,reticle,Carolina horsenettle,hazard,a photo of Solanum carolinense.,0.372981
plant,poison_oak_357861641.jpg,reticle,lawn,scene,a photo of lawn.,0.231936
plant,poison_oak_357861641.jpg,reticle,field,scene,a photo of field.,0.238413
plant,poison_oak_357861641.jpg,reticle,weedy garden bed,scene,a photo of weedy garden bed.,0.232975
plant,poison_oak_357861641.jpg,reticle,pavement,scene,a photo of pavement.,0.257837
plant,poison_oak_357861641.jpg,reticle,person,scene,a photo of person.,0.266460
plant,poison_oak_357861641.jpg,reticle,screen,scene,a photo of screen.,0.287300
plant,poison_oak_154626076.jpg,full,grass,plant,a photo of Poaceae.,0.222798
plant,poison_oak_154626076.jpg,full,oak,plant,a photo of Quercus.,0.373912
plant,poison_oak_154626076.jpg,full,fern,plant,a photo of Polypodiopsida.,0.218721
plant,poison_oak_154626076.jpg,full,clover,plant,a photo of Trifolium.,0.216344
plant,poison_oak_154626076.jpg,full,pine,plant,a photo of Pinus.,0.290579
plant,poison_oak_154626076.jpg,full,dandelion,plant,a photo of Taraxacum.,0.287021
plant,poison_oak_154626076.jpg,full,poison ivy,hazard,a photo of Toxicodendron radicans.,0.642594
plant,poison_oak_154626076.jpg,full,poison oak,hazard,a photo of Toxicodendron pubescens.,0.615716
plant,poison_oak_154626076.jpg,full,poison sumac,hazard,a photo of Toxicodendron vernix.,0.401154
plant,poison_oak_154626076.jpg,full,pokeweed,hazard,a photo of Phytolacca americana.,0.388915
plant,poison_oak_154626076.jpg,full,Carolina horsenettle,hazard,a photo of Solanum carolinense.,0.379495
plant,poison_oak_154626076.jpg,full,lawn,scene,a photo of lawn.,0.175408
plant,poison_oak_154626076.jpg,full,field,scene,a photo of field.,0.225662
plant,poison_oak_154626076.jpg,full,weedy garden bed,scene,a photo of weedy garden bed.,0.151093
plant,poison_oak_154626076.jpg,full,pavement,scene,a photo of pavement.,0.190004
plant,poison_oak_154626076.jpg,full,person,scene,a photo of person.,0.206892
plant,poison_oak_154626076.jpg,full,screen,scene,a photo of screen.,0.253543
plant,poison_oak_154626076.jpg,reticle,grass,plant,a photo of Poaceae.,0.218856
plant,poison_oak_154626076.jpg,reticle,oak,plant,a photo of Quercus.,0.311909
plant,poison_oak_154626076.jpg,reticle,fern,plant,a photo of Polypodiopsida.,0.204469
plant,poison_oak_154626076.jpg,reticle,clover,plant,a photo of Trifolium.,0.218053
plant,poison_oak_154626076.jpg,reticle,pine,plant,a photo of Pinus.,0.260438
plant,poison_oak_154626076.jpg,reticle,dandelion,plant,a photo of Taraxacum.,0.277435
plant,poison_oak_154626076.jpg,reticle,poison ivy,hazard,a photo of Toxicodendron radicans.,0.663267
plant,poison_oak_154626076.jpg,reticle,poison oak,hazard,a photo of Toxicodendron pubescens.,0.614716
plant,poison_oak_154626076.jpg,reticle,poison sumac,hazard,a photo of Toxicodendron vernix.,0.419303
plant,poison_oak_154626076.jpg,reticle,pokeweed,hazard,a photo of Phytolacca americana.,0.367788
plant,poison_oak_154626076.jpg,reticle,Carolina horsenettle,hazard,a photo of Solanum carolinense.,0.363793
plant,poison_oak_154626076.jpg,reticle,lawn,scene,a photo of lawn.,0.176465
plant,poison_oak_154626076.jpg,reticle,field,scene,a photo of field.,0.224616
plant,poison_oak_154626076.jpg,reticle,weedy garden bed,scene,a photo of weedy garden bed.,0.161322
plant,poison_oak_154626076.jpg,reticle,pavement,scene,a photo of pavement.,0.194932
plant,poison_oak_154626076.jpg,reticle,person,scene,a photo of person.,0.204261
plant,poison_oak_154626076.jpg,reticle,screen,scene,a photo of screen.,0.230072
plant,poison_oak_388255640.jpg,full,grass,plant,a photo of Poaceae.,0.208822
plant,poison_oak_388255640.jpg,full,oak,plant,a photo of Quercus.,0.265896
plant,poison_oak_388255640.jpg,full,fern,plant,a photo of Polypodiopsida.,0.195481
plant,poison_oak_388255640.jpg,full,clover,plant,a photo of Trifolium.,0.262639
plant,poison_oak_388255640.jpg,full,pine,plant,a photo of Pinus.,0.244236
plant,poison_oak_388255640.jpg,full,dandelion,plant,a photo of Taraxacum.,0.264005
plant,poison_oak_388255640.jpg,full,poison ivy,hazard,a photo of Toxicodendron radicans.,0.564025
plant,poison_oak_388255640.jpg,full,poison oak,hazard,a photo of Toxicodendron pubescens.,0.558200
plant,poison_oak_388255640.jpg,full,poison sumac,hazard,a photo of Toxicodendron vernix.,0.428526
plant,poison_oak_388255640.jpg,full,pokeweed,hazard,a photo of Phytolacca americana.,0.312303
plant,poison_oak_388255640.jpg,full,Carolina horsenettle,hazard,a photo of Solanum carolinense.,0.304365
plant,poison_oak_388255640.jpg,full,lawn,scene,a photo of lawn.,0.165540
plant,poison_oak_388255640.jpg,full,field,scene,a photo of field.,0.211865
plant,poison_oak_388255640.jpg,full,weedy garden bed,scene,a photo of weedy garden bed.,0.222509
plant,poison_oak_388255640.jpg,full,pavement,scene,a photo of pavement.,0.252582
plant,poison_oak_388255640.jpg,full,person,scene,a photo of person.,0.216615
plant,poison_oak_388255640.jpg,full,screen,scene,a photo of screen.,0.242593
plant,poison_oak_388255640.jpg,reticle,grass,plant,a photo of Poaceae.,0.232642
plant,poison_oak_388255640.jpg,reticle,oak,plant,a photo of Quercus.,0.352313
plant,poison_oak_388255640.jpg,reticle,fern,plant,a photo of Polypodiopsida.,0.238444
plant,poison_oak_388255640.jpg,reticle,clover,plant,a photo of Trifolium.,0.281912
plant,poison_oak_388255640.jpg,reticle,pine,plant,a photo of Pinus.,0.300609
plant,poison_oak_388255640.jpg,reticle,dandelion,plant,a photo of Taraxacum.,0.287326
plant,poison_oak_388255640.jpg,reticle,poison ivy,hazard,a photo of Toxicodendron radicans.,0.504289
plant,poison_oak_388255640.jpg,reticle,poison oak,hazard,a photo of Toxicodendron pubescens.,0.539270
plant,poison_oak_388255640.jpg,reticle,poison sumac,hazard,a photo of Toxicodendron vernix.,0.371497
plant,poison_oak_388255640.jpg,reticle,pokeweed,hazard,a photo of Phytolacca americana.,0.293540
plant,poison_oak_388255640.jpg,reticle,Carolina horsenettle,hazard,a photo of Solanum carolinense.,0.283330
plant,poison_oak_388255640.jpg,reticle,lawn,scene,a photo of lawn.,0.190531
plant,poison_oak_388255640.jpg,reticle,field,scene,a photo of field.,0.264610
plant,poison_oak_388255640.jpg,reticle,weedy garden bed,scene,a photo of weedy garden bed.,0.249626
plant,poison_oak_388255640.jpg,reticle,pavement,scene,a photo of pavement.,0.258001
plant,poison_oak_388255640.jpg,reticle,person,scene,a photo of person.,0.236804
plant,poison_oak_388255640.jpg,reticle,screen,scene,a photo of screen.,0.267995
plant,poison_oak_27883238.jpg,full,grass,plant,a photo of Poaceae.,0.333516
plant,poison_oak_27883238.jpg,full,oak,plant,a photo of Quercus.,0.452376
plant,poison_oak_27883238.jpg,full,fern,plant,a photo of Polypodiopsida.,0.313050
plant,poison_oak_27883238.jpg,full,clover,plant,a photo of Trifolium.,0.374214
plant,poison_oak_27883238.jpg,full,pine,plant,a photo of Pinus.,0.418015
plant,poison_oak_27883238.jpg,full,dandelion,plant,a photo of Taraxacum.,0.337916
plant,poison_oak_27883238.jpg,full,poison ivy,hazard,a photo of Toxicodendron radicans.,0.495268
plant,poison_oak_27883238.jpg,full,poison oak,hazard,a photo of Toxicodendron pubescens.,0.586941
plant,poison_oak_27883238.jpg,full,poison sumac,hazard,a photo of Toxicodendron vernix.,0.445634
plant,poison_oak_27883238.jpg,full,pokeweed,hazard,a photo of Phytolacca americana.,0.399456
plant,poison_oak_27883238.jpg,full,Carolina horsenettle,hazard,a photo of Solanum carolinense.,0.385512
plant,poison_oak_27883238.jpg,full,lawn,scene,a photo of lawn.,0.268728
plant,poison_oak_27883238.jpg,full,field,scene,a photo of field.,0.262730
plant,poison_oak_27883238.jpg,full,weedy garden bed,scene,a photo of weedy garden bed.,0.303739
plant,poison_oak_27883238.jpg,full,pavement,scene,a photo of pavement.,0.307040
plant,poison_oak_27883238.jpg,full,person,scene,a photo of person.,0.372552
plant,poison_oak_27883238.jpg,full,screen,scene,a photo of screen.,0.339375
plant,poison_oak_27883238.jpg,reticle,grass,plant,a photo of Poaceae.,0.365979
plant,poison_oak_27883238.jpg,reticle,oak,plant,a photo of Quercus.,0.453696
plant,poison_oak_27883238.jpg,reticle,fern,plant,a photo of Polypodiopsida.,0.375581
plant,poison_oak_27883238.jpg,reticle,clover,plant,a photo of Trifolium.,0.347138
plant,poison_oak_27883238.jpg,reticle,pine,plant,a photo of Pinus.,0.426029
plant,poison_oak_27883238.jpg,reticle,dandelion,plant,a photo of Taraxacum.,0.330032
plant,poison_oak_27883238.jpg,reticle,poison ivy,hazard,a photo of Toxicodendron radicans.,0.488831
plant,poison_oak_27883238.jpg,reticle,poison oak,hazard,a photo of Toxicodendron pubescens.,0.580538
plant,poison_oak_27883238.jpg,reticle,poison sumac,hazard,a photo of Toxicodendron vernix.,0.480848
plant,poison_oak_27883238.jpg,reticle,pokeweed,hazard,a photo of Phytolacca americana.,0.442849
plant,poison_oak_27883238.jpg,reticle,Carolina horsenettle,hazard,a photo of Solanum carolinense.,0.414076
plant,poison_oak_27883238.jpg,reticle,lawn,scene,a photo of lawn.,0.326946
plant,poison_oak_27883238.jpg,reticle,field,scene,a photo of field.,0.317844
plant,poison_oak_27883238.jpg,reticle,weedy garden bed,scene,a photo of weedy garden bed.,0.294645
plant,poison_oak_27883238.jpg,reticle,pavement,scene,a photo of pavement.,0.305031
plant,poison_oak_27883238.jpg,reticle,person,scene,a photo of person.,0.378819
plant,poison_oak_27883238.jpg,reticle,screen,scene,a photo of screen.,0.386287
plant,poison_oak_247037740.jpg,full,grass,plant,a photo of Poaceae.,0.196949
plant,poison_oak_247037740.jpg,full,oak,plant,a photo of Quercus.,0.292453
plant,poison_oak_247037740.jpg,full,fern,plant,a photo of Polypodiopsida.,0.196489
plant,poison_oak_247037740.jpg,full,clover,plant,a photo of Trifolium.,0.219578
plant,poison_oak_247037740.jpg,full,pine,plant,a photo of Pinus.,0.233445
plant,poison_oak_247037740.jpg,full,dandelion,plant,a photo of Taraxacum.,0.256016
plant,poison_oak_247037740.jpg,full,poison ivy,hazard,a photo of Toxicodendron radicans.,0.672032
plant,poison_oak_247037740.jpg,full,poison oak,hazard,a photo of Toxicodendron pubescens.,0.594706
plant,poison_oak_247037740.jpg,full,poison sumac,hazard,a photo of Toxicodendron vernix.,0.424130
plant,poison_oak_247037740.jpg,full,pokeweed,hazard,a photo of Phytolacca americana.,0.359050
plant,poison_oak_247037740.jpg,full,Carolina horsenettle,hazard,a photo of Solanum carolinense.,0.327392
plant,poison_oak_247037740.jpg,full,lawn,scene,a photo of lawn.,0.171144
plant,poison_oak_247037740.jpg,full,field,scene,a photo of field.,0.209144
plant,poison_oak_247037740.jpg,full,weedy garden bed,scene,a photo of weedy garden bed.,0.156839
plant,poison_oak_247037740.jpg,full,pavement,scene,a photo of pavement.,0.193592
plant,poison_oak_247037740.jpg,full,person,scene,a photo of person.,0.189754
plant,poison_oak_247037740.jpg,full,screen,scene,a photo of screen.,0.234181
plant,poison_oak_247037740.jpg,reticle,grass,plant,a photo of Poaceae.,0.316961
plant,poison_oak_247037740.jpg,reticle,oak,plant,a photo of Quercus.,0.398609
plant,poison_oak_247037740.jpg,reticle,fern,plant,a photo of Polypodiopsida.,0.367139
plant,poison_oak_247037740.jpg,reticle,clover,plant,a photo of Trifolium.,0.289870
plant,poison_oak_247037740.jpg,reticle,pine,plant,a photo of Pinus.,0.339157
plant,poison_oak_247037740.jpg,reticle,dandelion,plant,a photo of Taraxacum.,0.291592
plant,poison_oak_247037740.jpg,reticle,poison ivy,hazard,a photo of Toxicodendron radicans.,0.577652
plant,poison_oak_247037740.jpg,reticle,poison oak,hazard,a photo of Toxicodendron pubescens.,0.528210
plant,poison_oak_247037740.jpg,reticle,poison sumac,hazard,a photo of Toxicodendron vernix.,0.486204
plant,poison_oak_247037740.jpg,reticle,pokeweed,hazard,a photo of Phytolacca americana.,0.452795
plant,poison_oak_247037740.jpg,reticle,Carolina horsenettle,hazard,a photo of Solanum carolinense.,0.358997
plant,poison_oak_247037740.jpg,reticle,lawn,scene,a photo of lawn.,0.326478
plant,poison_oak_247037740.jpg,reticle,field,scene,a photo of field.,0.332541
plant,poison_oak_247037740.jpg,reticle,weedy garden bed,scene,a photo of weedy garden bed.,0.301490
plant,poison_oak_247037740.jpg,reticle,pavement,scene,a photo of pavement.,0.292755
plant,poison_oak_247037740.jpg,reticle,person,scene,a photo of person.,0.379049
plant,poison_oak_247037740.jpg,reticle,screen,scene,a photo of screen.,0.399736
plant,poison_oak_118524258.jpg,full,grass,plant,a photo of Poaceae.,0.175426
plant,poison_oak_118524258.jpg,full,oak,plant,a photo of Quercus.,0.246802
plant,poison_oak_118524258.jpg,full,fern,plant,a photo of Polypodiopsida.,0.165037
plant,poison_oak_118524258.jpg,full,clover,plant,a photo of Trifolium.,0.213894
plant,poison_oak_118524258.jpg,full,pine,plant,a photo of Pinus.,0.207530
plant,poison_oak_118524258.jpg,full,dandelion,plant,a photo of Taraxacum.,0.235792
plant,poison_oak_118524258.jpg,full,poison ivy,hazard,a photo of Toxicodendron radicans.,0.634031
plant,poison_oak_118524258.jpg,full,poison oak,hazard,a photo of Toxicodendron pubescens.,0.591960
plant,poison_oak_118524258.jpg,full,poison sumac,hazard,a photo of Toxicodendron vernix.,0.457665
plant,poison_oak_118524258.jpg,full,pokeweed,hazard,a photo of Phytolacca americana.,0.348647
plant,poison_oak_118524258.jpg,full,Carolina horsenettle,hazard,a photo of Solanum carolinense.,0.312502
plant,poison_oak_118524258.jpg,full,lawn,scene,a photo of lawn.,0.150494
plant,poison_oak_118524258.jpg,full,field,scene,a photo of field.,0.179027
plant,poison_oak_118524258.jpg,full,weedy garden bed,scene,a photo of weedy garden bed.,0.157883
plant,poison_oak_118524258.jpg,full,pavement,scene,a photo of pavement.,0.206360
plant,poison_oak_118524258.jpg,full,person,scene,a photo of person.,0.181842
plant,poison_oak_118524258.jpg,full,screen,scene,a photo of screen.,0.224522
plant,poison_oak_118524258.jpg,reticle,grass,plant,a photo of Poaceae.,0.336591
plant,poison_oak_118524258.jpg,reticle,oak,plant,a photo of Quercus.,0.361784
plant,poison_oak_118524258.jpg,reticle,fern,plant,a photo of Polypodiopsida.,0.328402
plant,poison_oak_118524258.jpg,reticle,clover,plant,a photo of Trifolium.,0.301505
plant,poison_oak_118524258.jpg,reticle,pine,plant,a photo of Pinus.,0.318361
plant,poison_oak_118524258.jpg,reticle,dandelion,plant,a photo of Taraxacum.,0.296180
plant,poison_oak_118524258.jpg,reticle,poison ivy,hazard,a photo of Toxicodendron radicans.,0.583762
plant,poison_oak_118524258.jpg,reticle,poison oak,hazard,a photo of Toxicodendron pubescens.,0.583048
plant,poison_oak_118524258.jpg,reticle,poison sumac,hazard,a photo of Toxicodendron vernix.,0.536012
plant,poison_oak_118524258.jpg,reticle,pokeweed,hazard,a photo of Phytolacca americana.,0.444124
plant,poison_oak_118524258.jpg,reticle,Carolina horsenettle,hazard,a photo of Solanum carolinense.,0.333460
plant,poison_oak_118524258.jpg,reticle,lawn,scene,a photo of lawn.,0.311183
plant,poison_oak_118524258.jpg,reticle,field,scene,a photo of field.,0.329797
plant,poison_oak_118524258.jpg,reticle,weedy garden bed,scene,a photo of weedy garden bed.,0.293663
plant,poison_oak_118524258.jpg,reticle,pavement,scene,a photo of pavement.,0.336200
plant,poison_oak_118524258.jpg,reticle,person,scene,a photo of person.,0.337731
plant,poison_oak_118524258.jpg,reticle,screen,scene,a photo of screen.,0.394107
plant,poison_oak_239391316.jpg,full,grass,plant,a photo of Poaceae.,0.286642
plant,poison_oak_239391316.jpg,full,oak,plant,a photo of Quercus.,0.426442
plant,poison_oak_239391316.jpg,full,fern,plant,a photo of Polypodiopsida.,0.288726
plant,poison_oak_239391316.jpg,full,clover,plant,a photo of Trifolium.,0.243481
plant,poison_oak_239391316.jpg,full,pine,plant,a photo of Pinus.,0.286109
plant,poison_oak_239391316.jpg,full,dandelion,plant,a photo of Taraxacum.,0.279312
plant,poison_oak_239391316.jpg,full,poison ivy,hazard,a photo of Toxicodendron radicans.,0.490636
plant,poison_oak_239391316.jpg,full,poison oak,hazard,a photo of Toxicodendron pubescens.,0.585330
plant,poison_oak_239391316.jpg,full,poison sumac,hazard,a photo of Toxicodendron vernix.,0.401604
plant,poison_oak_239391316.jpg,full,pokeweed,hazard,a photo of Phytolacca americana.,0.397958
plant,poison_oak_239391316.jpg,full,Carolina horsenettle,hazard,a photo of Solanum carolinense.,0.426403
plant,poison_oak_239391316.jpg,full,lawn,scene,a photo of lawn.,0.285231
plant,poison_oak_239391316.jpg,full,field,scene,a photo of field.,0.269835
plant,poison_oak_239391316.jpg,full,weedy garden bed,scene,a photo of weedy garden bed.,0.266659
plant,poison_oak_239391316.jpg,full,pavement,scene,a photo of pavement.,0.276714
plant,poison_oak_239391316.jpg,full,person,scene,a photo of person.,0.351938
plant,poison_oak_239391316.jpg,full,screen,scene,a photo of screen.,0.343566
plant,poison_oak_239391316.jpg,reticle,grass,plant,a photo of Poaceae.,0.347576
plant,poison_oak_239391316.jpg,reticle,oak,plant,a photo of Quercus.,0.374243
plant,poison_oak_239391316.jpg,reticle,fern,plant,a photo of Polypodiopsida.,0.352129
plant,poison_oak_239391316.jpg,reticle,clover,plant,a photo of Trifolium.,0.302593
plant,poison_oak_239391316.jpg,reticle,pine,plant,a photo of Pinus.,0.330119
plant,poison_oak_239391316.jpg,reticle,dandelion,plant,a photo of Taraxacum.,0.282141
plant,poison_oak_239391316.jpg,reticle,poison ivy,hazard,a photo of Toxicodendron radicans.,0.522364
plant,poison_oak_239391316.jpg,reticle,poison oak,hazard,a photo of Toxicodendron pubescens.,0.545974
plant,poison_oak_239391316.jpg,reticle,poison sumac,hazard,a photo of Toxicodendron vernix.,0.497433
plant,poison_oak_239391316.jpg,reticle,pokeweed,hazard,a photo of Phytolacca americana.,0.415048
plant,poison_oak_239391316.jpg,reticle,Carolina horsenettle,hazard,a photo of Solanum carolinense.,0.369815
plant,poison_oak_239391316.jpg,reticle,lawn,scene,a photo of lawn.,0.293353
plant,poison_oak_239391316.jpg,reticle,field,scene,a photo of field.,0.320918
plant,poison_oak_239391316.jpg,reticle,weedy garden bed,scene,a photo of weedy garden bed.,0.325949
plant,poison_oak_239391316.jpg,reticle,pavement,scene,a photo of pavement.,0.317639
plant,poison_oak_239391316.jpg,reticle,person,scene,a photo of person.,0.371399
plant,poison_oak_239391316.jpg,reticle,screen,scene,a photo of screen.,0.367201
plant,poison_oak_98440726.jpg,full,grass,plant,a photo of Poaceae.,0.273068
plant,poison_oak_98440726.jpg,full,oak,plant,a photo of Quercus.,0.480787
plant,poison_oak_98440726.jpg,full,fern,plant,a photo of Polypodiopsida.,0.246813
plant,poison_oak_98440726.jpg,full,clover,plant,a photo of Trifolium.,0.264911
plant,poison_oak_98440726.jpg,full,pine,plant,a photo of Pinus.,0.303859
plant,poison_oak_98440726.jpg,full,dandelion,plant,a photo of Taraxacum.,0.266869
plant,poison_oak_98440726.jpg,full,poison ivy,hazard,a photo of Toxicodendron radicans.,0.431562
plant,poison_oak_98440726.jpg,full,poison oak,hazard,a photo of Toxicodendron pubescens.,0.555076
plant,poison_oak_98440726.jpg,full,poison sumac,hazard,a photo of Toxicodendron vernix.,0.420106
plant,poison_oak_98440726.jpg,full,pokeweed,hazard,a photo of Phytolacca americana.,0.357263
plant,poison_oak_98440726.jpg,full,Carolina horsenettle,hazard,a photo of Solanum carolinense.,0.409672
plant,poison_oak_98440726.jpg,full,lawn,scene,a photo of lawn.,0.249549
plant,poison_oak_98440726.jpg,full,field,scene,a photo of field.,0.251556
plant,poison_oak_98440726.jpg,full,weedy garden bed,scene,a photo of weedy garden bed.,0.241278
plant,poison_oak_98440726.jpg,full,pavement,scene,a photo of pavement.,0.269585
plant,poison_oak_98440726.jpg,full,person,scene,a photo of person.,0.331694
plant,poison_oak_98440726.jpg,full,screen,scene,a photo of screen.,0.347827
plant,poison_oak_98440726.jpg,reticle,grass,plant,a photo of Poaceae.,0.276526
plant,poison_oak_98440726.jpg,reticle,oak,plant,a photo of Quercus.,0.433136
plant,poison_oak_98440726.jpg,reticle,fern,plant,a photo of Polypodiopsida.,0.279930
plant,poison_oak_98440726.jpg,reticle,clover,plant,a photo of Trifolium.,0.261999
plant,poison_oak_98440726.jpg,reticle,pine,plant,a photo of Pinus.,0.322639
plant,poison_oak_98440726.jpg,reticle,dandelion,plant,a photo of Taraxacum.,0.261086
plant,poison_oak_98440726.jpg,reticle,poison ivy,hazard,a photo of Toxicodendron radicans.,0.428704
plant,poison_oak_98440726.jpg,reticle,poison oak,hazard,a photo of Toxicodendron pubescens.,0.518365
plant,poison_oak_98440726.jpg,reticle,poison sumac,hazard,a photo of Toxicodendron vernix.,0.434859
plant,poison_oak_98440726.jpg,reticle,pokeweed,hazard,a photo of Phytolacca americana.,0.382947
plant,poison_oak_98440726.jpg,reticle,Carolina horsenettle,hazard,a photo of Solanum carolinense.,0.382797
plant,poison_oak_98440726.jpg,reticle,lawn,scene,a photo of lawn.,0.258598
plant,poison_oak_98440726.jpg,reticle,field,scene,a photo of field.,0.270893
plant,poison_oak_98440726.jpg,reticle,weedy garden bed,scene,a photo of weedy garden bed.,0.189451
plant,poison_oak_98440726.jpg,reticle,pavement,scene,a photo of pavement.,0.288328
plant,poison_oak_98440726.jpg,reticle,person,scene,a photo of person.,0.295225
plant,poison_oak_98440726.jpg,reticle,screen,scene,a photo of screen.,0.352051
plant,poison_oak_46634260.jpg,full,grass,plant,a photo of Poaceae.,0.192733
plant,poison_oak_46634260.jpg,full,oak,plant,a photo of Quercus.,0.294351
plant,poison_oak_46634260.jpg,full,fern,plant,a photo of Polypodiopsida.,0.190816
plant,poison_oak_46634260.jpg,full,clover,plant,a photo of Trifolium.,0.245237
plant,poison_oak_46634260.jpg,full,pine,plant,a photo of Pinus.,0.250420
plant,poison_oak_46634260.jpg,full,dandelion,plant,a photo of Taraxacum.,0.265561
plant,poison_oak_46634260.jpg,full,poison ivy,hazard,a photo of Toxicodendron radicans.,0.644318
plant,poison_oak_46634260.jpg,full,poison oak,hazard,a photo of Toxicodendron pubescens.,0.618112
plant,poison_oak_46634260.jpg,full,poison sumac,hazard,a photo of Toxicodendron vernix.,0.448354
plant,poison_oak_46634260.jpg,full,pokeweed,hazard,a photo of Phytolacca americana.,0.356247
plant,poison_oak_46634260.jpg,full,Carolina horsenettle,hazard,a photo of Solanum carolinense.,0.323844
plant,poison_oak_46634260.jpg,full,lawn,scene,a photo of lawn.,0.174421
plant,poison_oak_46634260.jpg,full,field,scene,a photo of field.,0.217344
plant,poison_oak_46634260.jpg,full,weedy garden bed,scene,a photo of weedy garden bed.,0.191129
plant,poison_oak_46634260.jpg,full,pavement,scene,a photo of pavement.,0.211874
plant,poison_oak_46634260.jpg,full,person,scene,a photo of person.,0.216389
plant,poison_oak_46634260.jpg,full,screen,scene,a photo of screen.,0.251772
plant,poison_oak_46634260.jpg,reticle,grass,plant,a photo of Poaceae.,0.219754
plant,poison_oak_46634260.jpg,reticle,oak,plant,a photo of Quercus.,0.310068
plant,poison_oak_46634260.jpg,reticle,fern,plant,a photo of Polypodiopsida.,0.214237
plant,poison_oak_46634260.jpg,reticle,clover,plant,a photo of Trifolium.,0.254611
plant,poison_oak_46634260.jpg,reticle,pine,plant,a photo of Pinus.,0.262870
plant,poison_oak_46634260.jpg,reticle,dandelion,plant,a photo of Taraxacum.,0.261015
plant,poison_oak_46634260.jpg,reticle,poison ivy,hazard,a photo of Toxicodendron radicans.,0.659199
plant,poison_oak_46634260.jpg,reticle,poison oak,hazard,a photo of Toxicodendron pubescens.,0.661343
plant,poison_oak_46634260.jpg,reticle,poison sumac,hazard,a photo of Toxicodendron vernix.,0.484030
plant,poison_oak_46634260.jpg,reticle,pokeweed,hazard,a photo of Phytolacca americana.,0.366579
plant,poison_oak_46634260.jpg,reticle,Carolina horsenettle,hazard,a photo of Solanum carolinense.,0.333596
plant,poison_oak_46634260.jpg,reticle,lawn,scene,a photo of lawn.,0.195273
plant,poison_oak_46634260.jpg,reticle,field,scene,a photo of field.,0.226281
plant,poison_oak_46634260.jpg,reticle,weedy garden bed,scene,a photo of weedy garden bed.,0.214354
plant,poison_oak_46634260.jpg,reticle,pavement,scene,a photo of pavement.,0.214386
plant,poison_oak_46634260.jpg,reticle,person,scene,a photo of person.,0.252302
plant,poison_oak_46634260.jpg,reticle,screen,scene,a photo of screen.,0.290105
plant,poison_oak_14221611.jpg,full,grass,plant,a photo of Poaceae.,0.295431
plant,poison_oak_14221611.jpg,full,oak,plant,a photo of Quercus.,0.351951
plant,poison_oak_14221611.jpg,full,fern,plant,a photo of Polypodiopsida.,0.302008
plant,poison_oak_14221611.jpg,full,clover,plant,a photo of Trifolium.,0.281332
plant,poison_oak_14221611.jpg,full,pine,plant,a photo of Pinus.,0.294892
plant,poison_oak_14221611.jpg,full,dandelion,plant,a photo of Taraxacum.,0.308814
plant,poison_oak_14221611.jpg,full,poison ivy,hazard,a photo of Toxicodendron radicans.,0.554671
plant,poison_oak_14221611.jpg,full,poison oak,hazard,a photo of Toxicodendron pubescens.,0.551292
plant,poison_oak_14221611.jpg,full,poison sumac,hazard,a photo of Toxicodendron vernix.,0.524332
plant,poison_oak_14221611.jpg,full,pokeweed,hazard,a photo of Phytolacca americana.,0.444626
plant,poison_oak_14221611.jpg,full,Carolina horsenettle,hazard,a photo of Solanum carolinense.,0.445394
plant,poison_oak_14221611.jpg,full,lawn,scene,a photo of lawn.,0.258979
plant,poison_oak_14221611.jpg,full,field,scene,a photo of field.,0.289434
plant,poison_oak_14221611.jpg,full,weedy garden bed,scene,a photo of weedy garden bed.,0.264919
plant,poison_oak_14221611.jpg,full,pavement,scene,a photo of pavement.,0.276697
plant,poison_oak_14221611.jpg,full,person,scene,a photo of person.,0.279389
plant,poison_oak_14221611.jpg,full,screen,scene,a photo of screen.,0.340597
plant,poison_oak_14221611.jpg,reticle,grass,plant,a photo of Poaceae.,0.274936
plant,poison_oak_14221611.jpg,reticle,oak,plant,a photo of Quercus.,0.349644
plant,poison_oak_14221611.jpg,reticle,fern,plant,a photo of Polypodiopsida.,0.290903
plant,poison_oak_14221611.jpg,reticle,clover,plant,a photo of Trifolium.,0.278523
plant,poison_oak_14221611.jpg,reticle,pine,plant,a photo of Pinus.,0.317262
plant,poison_oak_14221611.jpg,reticle,dandelion,plant,a photo of Taraxacum.,0.321421
plant,poison_oak_14221611.jpg,reticle,poison ivy,hazard,a photo of Toxicodendron radicans.,0.588129
plant,poison_oak_14221611.jpg,reticle,poison oak,hazard,a photo of Toxicodendron pubescens.,0.578206
plant,poison_oak_14221611.jpg,reticle,poison sumac,hazard,a photo of Toxicodendron vernix.,0.485555
plant,poison_oak_14221611.jpg,reticle,pokeweed,hazard,a photo of Phytolacca americana.,0.368877
plant,poison_oak_14221611.jpg,reticle,Carolina horsenettle,hazard,a photo of Solanum carolinense.,0.387531
plant,poison_oak_14221611.jpg,reticle,lawn,scene,a photo of lawn.,0.236048
plant,poison_oak_14221611.jpg,reticle,field,scene,a photo of field.,0.291781
plant,poison_oak_14221611.jpg,reticle,weedy garden bed,scene,a photo of weedy garden bed.,0.239250
plant,poison_oak_14221611.jpg,reticle,pavement,scene,a photo of pavement.,0.253372
plant,poison_oak_14221611.jpg,reticle,person,scene,a photo of person.,0.265332
plant,poison_oak_14221611.jpg,reticle,screen,scene,a photo of screen.,0.312265
plant,poison_sumac_387448086.jpg,full,grass,plant,a photo of Poaceae.,0.278929
plant,poison_sumac_387448086.jpg,full,oak,plant,a photo of Quercus.,0.304626
plant,poison_sumac_387448086.jpg,full,fern,plant,a photo of Polypodiopsida.,0.283255
plant,poison_sumac_387448086.jpg,full,clover,plant,a photo of Trifolium.,0.250783
plant,poison_sumac_387448086.jpg,full,pine,plant,a photo of Pinus.,0.287745
plant,poison_sumac_387448086.jpg,full,dandelion,plant,a photo of Taraxacum.,0.287854
plant,poison_sumac_387448086.jpg,full,poison ivy,hazard,a photo of Toxicodendron radicans.,0.585142
plant,poison_sumac_387448086.jpg,full,poison oak,hazard,a photo of Toxicodendron pubescens.,0.506395
plant,poison_sumac_387448086.jpg,full,poison sumac,hazard,a photo of Toxicodendron vernix.,0.536849
plant,poison_sumac_387448086.jpg,full,pokeweed,hazard,a photo of Phytolacca americana.,0.464725
plant,poison_sumac_387448086.jpg,full,Carolina horsenettle,hazard,a photo of Solanum carolinense.,0.384645
plant,poison_sumac_387448086.jpg,full,lawn,scene,a photo of lawn.,0.219828
plant,poison_sumac_387448086.jpg,full,field,scene,a photo of field.,0.249113
plant,poison_sumac_387448086.jpg,full,weedy garden bed,scene,a photo of weedy garden bed.,0.233627
plant,poison_sumac_387448086.jpg,full,pavement,scene,a photo of pavement.,0.276432
plant,poison_sumac_387448086.jpg,full,person,scene,a photo of person.,0.275145
plant,poison_sumac_387448086.jpg,full,screen,scene,a photo of screen.,0.280357
plant,poison_sumac_387448086.jpg,reticle,grass,plant,a photo of Poaceae.,0.283813
plant,poison_sumac_387448086.jpg,reticle,oak,plant,a photo of Quercus.,0.313540
plant,poison_sumac_387448086.jpg,reticle,fern,plant,a photo of Polypodiopsida.,0.276972
plant,poison_sumac_387448086.jpg,reticle,clover,plant,a photo of Trifolium.,0.277335
plant,poison_sumac_387448086.jpg,reticle,pine,plant,a photo of Pinus.,0.297889
plant,poison_sumac_387448086.jpg,reticle,dandelion,plant,a photo of Taraxacum.,0.316977
plant,poison_sumac_387448086.jpg,reticle,poison ivy,hazard,a photo of Toxicodendron radicans.,0.591730
plant,poison_sumac_387448086.jpg,reticle,poison oak,hazard,a photo of Toxicodendron pubescens.,0.516753
plant,poison_sumac_387448086.jpg,reticle,poison sumac,hazard,a photo of Toxicodendron vernix.,0.589171
plant,poison_sumac_387448086.jpg,reticle,pokeweed,hazard,a photo of Phytolacca americana.,0.464972
plant,poison_sumac_387448086.jpg,reticle,Carolina horsenettle,hazard,a photo of Solanum carolinense.,0.353372
plant,poison_sumac_387448086.jpg,reticle,lawn,scene,a photo of lawn.,0.233108
plant,poison_sumac_387448086.jpg,reticle,field,scene,a photo of field.,0.252852
plant,poison_sumac_387448086.jpg,reticle,weedy garden bed,scene,a photo of weedy garden bed.,0.253615
plant,poison_sumac_387448086.jpg,reticle,pavement,scene,a photo of pavement.,0.290741
plant,poison_sumac_387448086.jpg,reticle,person,scene,a photo of person.,0.284840
plant,poison_sumac_387448086.jpg,reticle,screen,scene,a photo of screen.,0.307661
plant,poison_sumac_3140581.jpg,full,grass,plant,a photo of Poaceae.,0.324830
plant,poison_sumac_3140581.jpg,full,oak,plant,a photo of Quercus.,0.266295
plant,poison_sumac_3140581.jpg,full,fern,plant,a photo of Polypodiopsida.,0.297383
plant,poison_sumac_3140581.jpg,full,clover,plant,a photo of Trifolium.,0.261318
plant,poison_sumac_3140581.jpg,full,pine,plant,a photo of Pinus.,0.275698
plant,poison_sumac_3140581.jpg,full,dandelion,plant,a photo of Taraxacum.,0.235944
plant,poison_sumac_3140581.jpg,full,poison ivy,hazard,a photo of Toxicodendron radicans.,0.403727
plant,poison_sumac_3140581.jpg,full,poison oak,hazard,a photo of Toxicodendron pubescens.,0.373805
plant,poison_sumac_3140581.jpg,full,poison sumac,hazard,a photo of Toxicodendron vernix.,0.576703
plant,poison_sumac_3140581.jpg,full,pokeweed,hazard,a photo of Phytolacca americana.,0.426316
plant,poison_sumac_3140581.jpg,full,Carolina horsenettle,hazard,a photo of Solanum carolinense.,0.332959
plant,poison_sumac_3140581.jpg,full,lawn,scene,a photo of lawn.,0.249867
plant,poison_sumac_3140581.jpg,full,field,scene,a photo of field.,0.263668
plant,poison_sumac_3140581.jpg,full,weedy garden bed,scene,a photo of weedy garden bed.,0.242213
plant,poison_sumac_3140581.jpg,full,pavement,scene,a photo of pavement.,0.321952
plant,poison_sumac_3140581.jpg,full,person,scene,a photo of person.,0.297258
plant,poison_sumac_3140581.jpg,full,screen,scene,a photo of screen.,0.348694
plant,poison_sumac_3140581.jpg,reticle,grass,plant,a photo of Poaceae.,0.289595
plant,poison_sumac_3140581.jpg,reticle,oak,plant,a photo of Quercus.,0.216982
plant,poison_sumac_3140581.jpg,reticle,fern,plant,a photo of Polypodiopsida.,0.271775
plant,poison_sumac_3140581.jpg,reticle,clover,plant,a photo of Trifolium.,0.203092
plant,poison_sumac_3140581.jpg,reticle,pine,plant,a photo of Pinus.,0.218031
plant,poison_sumac_3140581.jpg,reticle,dandelion,plant,a photo of Taraxacum.,0.206189
plant,poison_sumac_3140581.jpg,reticle,poison ivy,hazard,a photo of Toxicodendron radicans.,0.384560
plant,poison_sumac_3140581.jpg,reticle,poison oak,hazard,a photo of Toxicodendron pubescens.,0.362238
plant,poison_sumac_3140581.jpg,reticle,poison sumac,hazard,a photo of Toxicodendron vernix.,0.521461
plant,poison_sumac_3140581.jpg,reticle,pokeweed,hazard,a photo of Phytolacca americana.,0.430611
plant,poison_sumac_3140581.jpg,reticle,Carolina horsenettle,hazard,a photo of Solanum carolinense.,0.359445
plant,poison_sumac_3140581.jpg,reticle,lawn,scene,a photo of lawn.,0.249468
plant,poison_sumac_3140581.jpg,reticle,field,scene,a photo of field.,0.246302
plant,poison_sumac_3140581.jpg,reticle,weedy garden bed,scene,a photo of weedy garden bed.,0.270404
plant,poison_sumac_3140581.jpg,reticle,pavement,scene,a photo of pavement.,0.298480
plant,poison_sumac_3140581.jpg,reticle,person,scene,a photo of person.,0.264997
plant,poison_sumac_3140581.jpg,reticle,screen,scene,a photo of screen.,0.321094
plant,poison_sumac_396031193.jpg,full,grass,plant,a photo of Poaceae.,0.257230
plant,poison_sumac_396031193.jpg,full,oak,plant,a photo of Quercus.,0.302317
plant,poison_sumac_396031193.jpg,full,fern,plant,a photo of Polypodiopsida.,0.272786
plant,poison_sumac_396031193.jpg,full,clover,plant,a photo of Trifolium.,0.195264
plant,poison_sumac_396031193.jpg,full,pine,plant,a photo of Pinus.,0.255104
plant,poison_sumac_396031193.jpg,full,dandelion,plant,a photo of Taraxacum.,0.216744
plant,poison_sumac_396031193.jpg,full,poison ivy,hazard,a photo of Toxicodendron radicans.,0.382913
plant,poison_sumac_396031193.jpg,full,poison oak,hazard,a photo of Toxicodendron pubescens.,0.346879
plant,poison_sumac_396031193.jpg,full,poison sumac,hazard,a photo of Toxicodendron vernix.,0.496665
plant,poison_sumac_396031193.jpg,full,pokeweed,hazard,a photo of Phytolacca americana.,0.443049
plant,poison_sumac_396031193.jpg,full,Carolina horsenettle,hazard,a photo of Solanum carolinense.,0.345882
plant,poison_sumac_396031193.jpg,full,lawn,scene,a photo of lawn.,0.255589
plant,poison_sumac_396031193.jpg,full,field,scene,a photo of field.,0.306954
plant,poison_sumac_396031193.jpg,full,weedy garden bed,scene,a photo of weedy garden bed.,0.254955
plant,poison_sumac_396031193.jpg,full,pavement,scene,a photo of pavement.,0.295714
plant,poison_sumac_396031193.jpg,full,person,scene,a photo of person.,0.284765
plant,poison_sumac_396031193.jpg,full,screen,scene,a photo of screen.,0.391190
plant,poison_sumac_396031193.jpg,reticle,grass,plant,a photo of Poaceae.,0.293944
plant,poison_sumac_396031193.jpg,reticle,oak,plant,a photo of Quercus.,0.301715
plant,poison_sumac_396031193.jpg,reticle,fern,plant,a photo of Polypodiopsida.,0.284637
plant,poison_sumac_396031193.jpg,reticle,clover,plant,a photo of Trifolium.,0.215643
plant,poison_sumac_396031193.jpg,reticle,pine,plant,a photo of Pinus.,0.260549
plant,poison_sumac_396031193.jpg,reticle,dandelion,plant,a photo of Taraxacum.,0.224513
plant,poison_sumac_396031193.jpg,reticle,poison ivy,hazard,a photo of Toxicodendron radicans.,0.350256
plant,poison_sumac_396031193.jpg,reticle,poison oak,hazard,a photo of Toxicodendron pubescens.,0.305869
plant,poison_sumac_396031193.jpg,reticle,poison sumac,hazard,a photo of Toxicodendron vernix.,0.401299
plant,poison_sumac_396031193.jpg,reticle,pokeweed,hazard,a photo of Phytolacca americana.,0.447056
plant,poison_sumac_396031193.jpg,reticle,Carolina horsenettle,hazard,a photo of Solanum carolinense.,0.357337
plant,poison_sumac_396031193.jpg,reticle,lawn,scene,a photo of lawn.,0.275428
plant,poison_sumac_396031193.jpg,reticle,field,scene,a photo of field.,0.305195
plant,poison_sumac_396031193.jpg,reticle,weedy garden bed,scene,a photo of weedy garden bed.,0.252736
plant,poison_sumac_396031193.jpg,reticle,pavement,scene,a photo of pavement.,0.283964
plant,poison_sumac_396031193.jpg,reticle,person,scene,a photo of person.,0.270748
plant,poison_sumac_396031193.jpg,reticle,screen,scene,a photo of screen.,0.364724
plant,poison_sumac_396810195.jpg,full,grass,plant,a photo of Poaceae.,0.310849
plant,poison_sumac_396810195.jpg,full,oak,plant,a photo of Quercus.,0.343297
plant,poison_sumac_396810195.jpg,full,fern,plant,a photo of Polypodiopsida.,0.288918
plant,poison_sumac_396810195.jpg,full,clover,plant,a photo of Trifolium.,0.281727
plant,poison_sumac_396810195.jpg,full,pine,plant,a photo of Pinus.,0.256424
plant,poison_sumac_396810195.jpg,full,dandelion,plant,a photo of Taraxacum.,0.257295
plant,poison_sumac_396810195.jpg,full,poison ivy,hazard,a photo of Toxicodendron radicans.,0.461221
plant,poison_sumac_396810195.jpg,full,poison oak,hazard,a photo of Toxicodendron pubescens.,0.423114
plant,poison_sumac_396810195.jpg,full,poison sumac,hazard,a photo of Toxicodendron vernix.,0.499971
plant,poison_sumac_396810195.jpg,full,pokeweed,hazard,a photo of Phytolacca americana.,0.444488
plant,poison_sumac_396810195.jpg,full,Carolina horsenettle,hazard,a photo of Solanum carolinense.,0.366430
plant,poison_sumac_396810195.jpg,full,lawn,scene,a photo of lawn.,0.280654
plant,poison_sumac_396810195.jpg,full,field,scene,a photo of field.,0.281083
plant,poison_sumac_396810195.jpg,full,weedy garden bed,scene,a photo of weedy garden bed.,0.254985
plant,poison_sumac_396810195.jpg,full,pavement,scene,a photo of pavement.,0.303795
plant,poison_sumac_396810195.jpg,full,person,scene,a photo of person.,0.309578
plant,poison_sumac_396810195.jpg,full,screen,scene,a photo of screen.,0.335394
plant,poison_sumac_396810195.jpg,reticle,grass,plant,a photo of Poaceae.,0.267336
plant,poison_sumac_396810195.jpg,reticle,oak,plant,a photo of Quercus.,0.349678
plant,poison_sumac_396810195.jpg,reticle,fern,plant,a photo of Polypodiopsida.,0.252155
plant,poison_sumac_396810195.jpg,reticle,clover,plant,a photo of Trifolium.,0.277536
plant,poison_sumac_396810195.jpg,reticle,pine,plant,a photo of Pinus.,0.248588
plant,poison_sumac_396810195.jpg,reticle,dandelion,plant,a photo of Taraxacum.,0.269807
plant,poison_sumac_396810195.jpg,reticle,poison ivy,hazard,a photo of Toxicodendron radicans.,0.410961
plant,poison_sumac_396810195.jpg,reticle,poison oak,hazard,a photo of Toxicodendron pubescens.,0.354674
plant,poison_sumac_396810195.jpg,reticle,poison sumac,hazard,a photo of Toxicodendron vernix.,0.464888
plant,poison_sumac_396810195.jpg,reticle,pokeweed,hazard,a photo of Phytolacca americana.,0.403264
plant,poison_sumac_396810195.jpg,reticle,Carolina horsenettle,hazard,a photo of Solanum carolinense.,0.326048
plant,poison_sumac_396810195.jpg,reticle,lawn,scene,a photo of lawn.,0.244402
plant,poison_sumac_396810195.jpg,reticle,field,scene,a photo of field.,0.255988
plant,poison_sumac_396810195.jpg,reticle,weedy garden bed,scene,a photo of weedy garden bed.,0.197960
plant,poison_sumac_396810195.jpg,reticle,pavement,scene,a photo of pavement.,0.291062
plant,poison_sumac_396810195.jpg,reticle,person,scene,a photo of person.,0.274334
plant,poison_sumac_396810195.jpg,reticle,screen,scene,a photo of screen.,0.315231
plant,poison_sumac_397844618.jpg,full,grass,plant,a photo of Poaceae.,0.305578
plant,poison_sumac_397844618.jpg,full,oak,plant,a photo of Quercus.,0.341652
plant,poison_sumac_397844618.jpg,full,fern,plant,a photo of Polypodiopsida.,0.263591
plant,poison_sumac_397844618.jpg,full,clover,plant,a photo of Trifolium.,0.297286
plant,poison_sumac_397844618.jpg,full,pine,plant,a photo of Pinus.,0.295108
plant,poison_sumac_397844618.jpg,full,dandelion,plant,a photo of Taraxacum.,0.241744
plant,poison_sumac_397844618.jpg,full,poison ivy,hazard,a photo of Toxicodendron radicans.,0.398757
plant,poison_sumac_397844618.jpg,full,poison oak,hazard,a photo of Toxicodendron pubescens.,0.392978
plant,poison_sumac_397844618.jpg,full,poison sumac,hazard,a photo of Toxicodendron vernix.,0.645027
plant,poison_sumac_397844618.jpg,full,pokeweed,hazard,a photo of Phytolacca americana.,0.381720
plant,poison_sumac_397844618.jpg,full,Carolina horsenettle,hazard,a photo of Solanum carolinense.,0.272494
plant,poison_sumac_397844618.jpg,full,lawn,scene,a photo of lawn.,0.248198
plant,poison_sumac_397844618.jpg,full,field,scene,a photo of field.,0.277102
plant,poison_sumac_397844618.jpg,full,weedy garden bed,scene,a photo of weedy garden bed.,0.263464
plant,poison_sumac_397844618.jpg,full,pavement,scene,a photo of pavement.,0.303181
plant,poison_sumac_397844618.jpg,full,person,scene,a photo of person.,0.321361
plant,poison_sumac_397844618.jpg,full,screen,scene,a photo of screen.,0.402547
plant,poison_sumac_397844618.jpg,reticle,grass,plant,a photo of Poaceae.,0.316781
plant,poison_sumac_397844618.jpg,reticle,oak,plant,a photo of Quercus.,0.327106
plant,poison_sumac_397844618.jpg,reticle,fern,plant,a photo of Polypodiopsida.,0.272061
plant,poison_sumac_397844618.jpg,reticle,clover,plant,a photo of Trifolium.,0.281344
plant,poison_sumac_397844618.jpg,reticle,pine,plant,a photo of Pinus.,0.302797
plant,poison_sumac_397844618.jpg,reticle,dandelion,plant,a photo of Taraxacum.,0.221017
plant,poison_sumac_397844618.jpg,reticle,poison ivy,hazard,a photo of Toxicodendron radicans.,0.360556
plant,poison_sumac_397844618.jpg,reticle,poison oak,hazard,a photo of Toxicodendron pubescens.,0.392580
plant,poison_sumac_397844618.jpg,reticle,poison sumac,hazard,a photo of Toxicodendron vernix.,0.594042
plant,poison_sumac_397844618.jpg,reticle,pokeweed,hazard,a photo of Phytolacca americana.,0.347004
plant,poison_sumac_397844618.jpg,reticle,Carolina horsenettle,hazard,a photo of Solanum carolinense.,0.225243
plant,poison_sumac_397844618.jpg,reticle,lawn,scene,a photo of lawn.,0.286578
plant,poison_sumac_397844618.jpg,reticle,field,scene,a photo of field.,0.303836
plant,poison_sumac_397844618.jpg,reticle,weedy garden bed,scene,a photo of weedy garden bed.,0.243428
plant,poison_sumac_397844618.jpg,reticle,pavement,scene,a photo of pavement.,0.327616
plant,poison_sumac_397844618.jpg,reticle,person,scene,a photo of person.,0.358945
plant,poison_sumac_397844618.jpg,reticle,screen,scene,a photo of screen.,0.441085
plant,poison_sumac_183875536.jpg,full,grass,plant,a photo of Poaceae.,0.253096
plant,poison_sumac_183875536.jpg,full,oak,plant,a photo of Quercus.,0.239567
plant,poison_sumac_183875536.jpg,full,fern,plant,a photo of Polypodiopsida.,0.257684
plant,poison_sumac_183875536.jpg,full,clover,plant,a photo of Trifolium.,0.201398
plant,poison_sumac_183875536.jpg,full,pine,plant,a photo of Pinus.,0.224429
plant,poison_sumac_183875536.jpg,full,dandelion,plant,a photo of Taraxacum.,0.230275
plant,poison_sumac_183875536.jpg,full,poison ivy,hazard,a photo of Toxicodendron radicans.,0.393028
plant,poison_sumac_183875536.jpg,full,poison oak,hazard,a photo of Toxicodendron pubescens.,0.392322
plant,poison_sumac_183875536.jpg,full,poison sumac,hazard,a photo of Toxicodendron vernix.,0.585952
plant,poison_sumac_183875536.jpg,full,pokeweed,hazard,a photo of Phytolacca americana.,0.409810
plant,poison_sumac_183875536.jpg,full,Carolina horsenettle,hazard,a photo of Solanum carolinense.,0.292108
plant,poison_sumac_183875536.jpg,full,lawn,scene,a photo of lawn.,0.263246
plant,poison_sumac_183875536.jpg,full,field,scene,a photo of field.,0.295777
plant,poison_sumac_183875536.jpg,full,weedy garden bed,scene,a photo of weedy garden bed.,0.258482
plant,poison_sumac_183875536.jpg,full,pavement,scene,a photo of pavement.,0.316193
plant,poison_sumac_183875536.jpg,full,person,scene,a photo of person.,0.302967
plant,poison_sumac_183875536.jpg,full,screen,scene,a photo of screen.,0.379923
plant,poison_sumac_183875536.jpg,reticle,grass,plant,a photo of Poaceae.,0.299703
plant,poison_sumac_183875536.jpg,reticle,oak,plant,a photo of Quercus.,0.278355
plant,poison_sumac_183875536.jpg,reticle,fern,plant,a photo of Polypodiopsida.,0.303073
plant,poison_sumac_183875536.jpg,reticle,clover,plant,a photo of Trifolium.,0.247831
plant,poison_sumac_183875536.jpg,reticle,pine,plant,a photo of Pinus.,0.280308
plant,poison_sumac_183875536.jpg,reticle,dandelion,plant,a photo of Taraxacum.,0.256943
plant,poison_sumac_183875536.jpg,reticle,poison ivy,hazard,a photo of Toxicodendron radicans.,0.405005
plant,poison_sumac_183875536.jpg,reticle,poison oak,hazard,a photo of Toxicodendron pubescens.,0.365880
plant,poison_sumac_183875536.jpg,reticle,poison sumac,hazard,a photo of Toxicodendron vernix.,0.567310
plant,poison_sumac_183875536.jpg,reticle,pokeweed,hazard,a photo of Phytolacca americana.,0.443277
plant,poison_sumac_183875536.jpg,reticle,Carolina horsenettle,hazard,a photo of Solanum carolinense.,0.298545
plant,poison_sumac_183875536.jpg,reticle,lawn,scene,a photo of lawn.,0.266003
plant,poison_sumac_183875536.jpg,reticle,field,scene,a photo of field.,0.351558
plant,poison_sumac_183875536.jpg,reticle,weedy garden bed,scene,a photo of weedy garden bed.,0.297825
plant,poison_sumac_183875536.jpg,reticle,pavement,scene,a photo of pavement.,0.353869
plant,poison_sumac_183875536.jpg,reticle,person,scene,a photo of person.,0.311189
plant,poison_sumac_183875536.jpg,reticle,screen,scene,a photo of screen.,0.388729
plant,poison_sumac_233122366.jpg,full,grass,plant,a photo of Poaceae.,0.357188
plant,poison_sumac_233122366.jpg,full,oak,plant,a photo of Quercus.,0.304076
plant,poison_sumac_233122366.jpg,full,fern,plant,a photo of Polypodiopsida.,0.297047
plant,poison_sumac_233122366.jpg,full,clover,plant,a photo of Trifolium.,0.304259
plant,poison_sumac_233122366.jpg,full,pine,plant,a photo of Pinus.,0.300642
plant,poison_sumac_233122366.jpg,full,dandelion,plant,a photo of Taraxacum.,0.276241
plant,poison_sumac_233122366.jpg,full,poison ivy,hazard,a photo of Toxicodendron radicans.,0.468755
plant,poison_sumac_233122366.jpg,full,poison oak,hazard,a photo of Toxicodendron pubescens.,0.412927
plant,poison_sumac_233122366.jpg,full,poison sumac,hazard,a photo of Toxicodendron vernix.,0.590581
plant,poison_sumac_233122366.jpg,full,pokeweed,hazard,a photo of Phytolacca americana.,0.438720
plant,poison_sumac_233122366.jpg,full,Carolina horsenettle,hazard,a photo of Solanum carolinense.,0.377270
plant,poison_sumac_233122366.jpg,full,lawn,scene,a photo of lawn.,0.261255
plant,poison_sumac_233122366.jpg,full,field,scene,a photo of field.,0.253047
plant,poison_sumac_233122366.jpg,full,weedy garden bed,scene,a photo of weedy garden bed.,0.206437
plant,poison_sumac_233122366.jpg,full,pavement,scene,a photo of pavement.,0.296031
plant,poison_sumac_233122366.jpg,full,person,scene,a photo of person.,0.336269
plant,poison_sumac_233122366.jpg,full,screen,scene,a photo of screen.,0.295615
plant,poison_sumac_233122366.jpg,reticle,grass,plant,a photo of Poaceae.,0.305498
plant,poison_sumac_233122366.jpg,reticle,oak,plant,a photo of Quercus.,0.273521
plant,poison_sumac_233122366.jpg,reticle,fern,plant,a photo of Polypodiopsida.,0.265376
plant,poison_sumac_233122366.jpg,reticle,clover,plant,a photo of Trifolium.,0.290849
plant,poison_sumac_233122366.jpg,reticle,pine,plant,a photo of Pinus.,0.257535
plant,poison_sumac_233122366.jpg,reticle,dandelion,plant,a photo of Taraxacum.,0.260781
plant,poison_sumac_233122366.jpg,reticle,poison ivy,hazard,a photo of Toxicodendron radicans.,0.482279
plant,poison_sumac_233122366.jpg,reticle,poison oak,hazard,a photo of Toxicodendron pubescens.,0.395457
plant,poison_sumac_233122366.jpg,reticle,poison sumac,hazard,a photo of Toxicodendron vernix.,0.604072
plant,poison_sumac_233122366.jpg,reticle,pokeweed,hazard,a photo of Phytolacca americana.,0.431090
plant,poison_sumac_233122366.jpg,reticle,Carolina horsenettle,hazard,a photo of Solanum carolinense.,0.365099
plant,poison_sumac_233122366.jpg,reticle,lawn,scene,a photo of lawn.,0.221695
plant,poison_sumac_233122366.jpg,reticle,field,scene,a photo of field.,0.253164
plant,poison_sumac_233122366.jpg,reticle,weedy garden bed,scene,a photo of weedy garden bed.,0.229246
plant,poison_sumac_233122366.jpg,reticle,pavement,scene,a photo of pavement.,0.288489
plant,poison_sumac_233122366.jpg,reticle,person,scene,a photo of person.,0.297499
plant,poison_sumac_233122366.jpg,reticle,screen,scene,a photo of screen.,0.264084
plant,poison_sumac_81163949.jpg,full,grass,plant,a photo of Poaceae.,0.293107
plant,poison_sumac_81163949.jpg,full,oak,plant,a photo of Quercus.,0.286745
plant,poison_sumac_81163949.jpg,full,fern,plant,a photo of Polypodiopsida.,0.275626
plant,poison_sumac_81163949.jpg,full,clover,plant,a photo of Trifolium.,0.245086
plant,poison_sumac_81163949.jpg,full,pine,plant,a photo of Pinus.,0.259230
plant,poison_sumac_81163949.jpg,full,dandelion,plant,a photo of Taraxacum.,0.242914
plant,poison_sumac_81163949.jpg,full,poison ivy,hazard,a photo of Toxicodendron radicans.,0.428438
plant,poison_sumac_81163949.jpg,full,poison oak,hazard,a photo of Toxicodendron pubescens.,0.456793
plant,poison_sumac_81163949.jpg,full,poison sumac,hazard,a photo of Toxicodendron vernix.,0.662869
plant,poison_sumac_81163949.jpg,full,pokeweed,hazard,a photo of Phytolacca americana.,0.393867
plant,poison_sumac_81163949.jpg,full,Carolina horsenettle,hazard,a photo of Solanum carolinense.,0.275174
plant,poison_sumac_81163949.jpg,full,lawn,scene,a photo of lawn.,0.281866
plant,poison_sumac_81163949.jpg,full,field,scene,a photo of field.,0.290601
plant,poison_sumac_81163949.jpg,full,weedy garden bed,scene,a photo of weedy garden bed.,0.247618
plant,poison_sumac_81163949.jpg,full,pavement,scene,a photo of pavement.,0.299120
plant,poison_sumac_81163949.jpg,full,person,scene,a photo of person.,0.325613
plant,poison_sumac_81163949.jpg,full,screen,scene,a photo of screen.,0.393478
plant,poison_sumac_81163949.jpg,reticle,grass,plant,a photo of Poaceae.,0.319678
plant,poison_sumac_81163949.jpg,reticle,oak,plant,a photo of Quercus.,0.288673
plant,poison_sumac_81163949.jpg,reticle,fern,plant,a photo of Polypodiopsida.,0.300164
plant,poison_sumac_81163949.jpg,reticle,clover,plant,a photo of Trifolium.,0.233389
plant,poison_sumac_81163949.jpg,reticle,pine,plant,a photo of Pinus.,0.243231
plant,poison_sumac_81163949.jpg,reticle,dandelion,plant,a photo of Taraxacum.,0.259605
plant,poison_sumac_81163949.jpg,reticle,poison ivy,hazard,a photo of Toxicodendron radicans.,0.430046
plant,poison_sumac_81163949.jpg,reticle,poison oak,hazard,a photo of Toxicodendron pubescens.,0.432209
plant,poison_sumac_81163949.jpg,reticle,poison sumac,hazard,a photo of Toxicodendron vernix.,0.515406
plant,poison_sumac_81163949.jpg,reticle,pokeweed,hazard,a photo of Phytolacca americana.,0.430878
plant,poison_sumac_81163949.jpg,reticle,Carolina horsenettle,hazard,a photo of Solanum carolinense.,0.293682
plant,poison_sumac_81163949.jpg,reticle,lawn,scene,a photo of lawn.,0.259846
plant,poison_sumac_81163949.jpg,reticle,field,scene,a photo of field.,0.275206
plant,poison_sumac_81163949.jpg,reticle,weedy garden bed,scene,a photo of weedy garden bed.,0.238875
plant,poison_sumac_81163949.jpg,reticle,pavement,scene,a photo of pavement.,0.326462
plant,poison_sumac_81163949.jpg,reticle,person,scene,a photo of person.,0.322367
plant,poison_sumac_81163949.jpg,reticle,screen,scene,a photo of screen.,0.343671
plant,poison_sumac_241642163.jpg,full,grass,plant,a photo of Poaceae.,0.345635
plant,poison_sumac_241642163.jpg,full,oak,plant,a photo of Quercus.,0.394969
plant,poison_sumac_241642163.jpg,full,fern,plant,a photo of Polypodiopsida.,0.344448
plant,poison_sumac_241642163.jpg,full,clover,plant,a photo of Trifolium.,0.350884
plant,poison_sumac_241642163.jpg,full,pine,plant,a photo of Pinus.,0.309799
plant,poison_sumac_241642163.jpg,full,dandelion,plant,a photo of Taraxacum.,0.284723
plant,poison_sumac_241642163.jpg,full,poison ivy,hazard,a photo of Toxicodendron radicans.,0.452173
plant,poison_sumac_241642163.jpg,full,poison oak,hazard,a photo of Toxicodendron pubescens.,0.449191
plant,poison_sumac_241642163.jpg,full,poison sumac,hazard,a photo of Toxicodendron vernix.,0.542192
plant,poison_sumac_241642163.jpg,full,pokeweed,hazard,a photo of Phytolacca americana.,0.437816
plant,poison_sumac_241642163.jpg,full,Carolina horsenettle,hazard,a photo of Solanum carolinense.,0.381921
plant,poison_sumac_241642163.jpg,full,lawn,scene,a photo of lawn.,0.332136
plant,poison_sumac_241642163.jpg,full,field,scene,a photo of field.,0.331409
plant,poison_sumac_241642163.jpg,full,weedy garden bed,scene,a photo of weedy garden bed.,0.271998
plant,poison_sumac_241642163.jpg,full,pavement,scene,a photo of pavement.,0.329469
plant,poison_sumac_241642163.jpg,full,person,scene,a photo of person.,0.379232
plant,poison_sumac_241642163.jpg,full,screen,scene,a photo of screen.,0.404200
plant,poison_sumac_241642163.jpg,reticle,grass,plant,a photo of Poaceae.,0.379278
plant,poison_sumac_241642163.jpg,reticle,oak,plant,a photo of Quercus.,0.417428
plant,poison_sumac_241642163.jpg,reticle,fern,plant,a photo of Polypodiopsida.,0.369965
plant,poison_sumac_241642163.jpg,reticle,clover,plant,a photo of Trifolium.,0.388812
plant,poison_sumac_241642163.jpg,reticle,pine,plant,a photo of Pinus.,0.356814
plant,poison_sumac_241642163.jpg,reticle,dandelion,plant,a photo of Taraxacum.,0.296655
plant,poison_sumac_241642163.jpg,reticle,poison ivy,hazard,a photo of Toxicodendron radicans.,0.468120
plant,poison_sumac_241642163.jpg,reticle,poison oak,hazard,a photo of Toxicodendron pubescens.,0.469107
plant,poison_sumac_241642163.jpg,reticle,poison sumac,hazard,a photo of Toxicodendron vernix.,0.478720
plant,poison_sumac_241642163.jpg,reticle,pokeweed,hazard,a photo of Phytolacca americana.,0.412582
plant,poison_sumac_241642163.jpg,reticle,Carolina horsenettle,hazard,a photo of Solanum carolinense.,0.358415
plant,poison_sumac_241642163.jpg,reticle,lawn,scene,a photo of lawn.,0.336979
plant,poison_sumac_241642163.jpg,reticle,field,scene,a photo of field.,0.357495
plant,poison_sumac_241642163.jpg,reticle,weedy garden bed,scene,a photo of weedy garden bed.,0.297981
plant,poison_sumac_241642163.jpg,reticle,pavement,scene,a photo of pavement.,0.353392
plant,poison_sumac_241642163.jpg,reticle,person,scene,a photo of person.,0.390777
plant,poison_sumac_241642163.jpg,reticle,screen,scene,a photo of screen.,0.400253
plant,poison_sumac_189283633.jpg,full,grass,plant,a photo of Poaceae.,0.306366
plant,poison_sumac_189283633.jpg,full,oak,plant,a photo of Quercus.,0.370129
plant,poison_sumac_189283633.jpg,full,fern,plant,a photo of Polypodiopsida.,0.301761
plant,poison_sumac_189283633.jpg,full,clover,plant,a photo of Trifolium.,0.303245
plant,poison_sumac_189283633.jpg,full,pine,plant,a photo of Pinus.,0.328904
plant,poison_sumac_189283633.jpg,full,dandelion,plant,a photo of Taraxacum.,0.288688
plant,poison_sumac_189283633.jpg,full,poison ivy,hazard,a photo of Toxicodendron radicans.,0.445513
plant,poison_sumac_189283633.jpg,full,poison oak,hazard,a photo of Toxicodendron pubescens.,0.427876
plant,poison_sumac_189283633.jpg,full,poison sumac,hazard,a photo of Toxicodendron vernix.,0.635829
plant,poison_sumac_189283633.jpg,full,pokeweed,hazard,a photo of Phytolacca americana.,0.423539
plant,poison_sumac_189283633.jpg,full,Carolina horsenettle,hazard,a photo of Solanum carolinense.,0.303425
plant,poison_sumac_189283633.jpg,full,lawn,scene,a photo of lawn.,0.237881
plant,poison_sumac_189283633.jpg,full,field,scene,a photo of field.,0.293063
plant,poison_sumac_189283633.jpg,full,weedy garden bed,scene,a photo of weedy garden bed.,0.237012
plant,poison_sumac_189283633.jpg,full,pavement,scene,a photo of pavement.,0.309263
plant,poison_sumac_189283633.jpg,full,person,scene,a photo of person.,0.302833
plant,poison_sumac_189283633.jpg,full,screen,scene,a photo of screen.,0.381065
plant,poison_sumac_189283633.jpg,reticle,grass,plant,a photo of Poaceae.,0.282703
plant,poison_sumac_189283633.jpg,reticle,oak,plant,a photo of Quercus.,0.358748
plant,poison_sumac_189283633.jpg,reticle,fern,plant,a photo of Polypodiopsida.,0.302011
plant,poison_sumac_189283633.jpg,reticle,clover,plant,a photo of Trifolium.,0.281742
plant,poison_sumac_189283633.jpg,reticle,pine,plant,a photo of Pinus.,0.287977
plant,poison_sumac_189283633.jpg,reticle,dandelion,plant,a photo of Taraxacum.,0.287253
plant,poison_sumac_189283633.jpg,reticle,poison ivy,hazard,a photo of Toxicodendron radicans.,0.429992
plant,poison_sumac_189283633.jpg,reticle,poison oak,hazard,a photo of Toxicodendron pubescens.,0.372584
plant,poison_sumac_189283633.jpg,reticle,poison sumac,hazard,a photo of Toxicodendron vernix.,0.579407
plant,poison_sumac_189283633.jpg,reticle,pokeweed,hazard,a photo of Phytolacca americana.,0.434680
plant,poison_sumac_189283633.jpg,reticle,Carolina horsenettle,hazard,a photo of Solanum carolinense.,0.307218
plant,poison_sumac_189283633.jpg,reticle,lawn,scene,a photo of lawn.,0.252865
plant,poison_sumac_189283633.jpg,reticle,field,scene,a photo of field.,0.325328
plant,poison_sumac_189283633.jpg,reticle,weedy garden bed,scene,a photo of weedy garden bed.,0.253504
plant,poison_sumac_189283633.jpg,reticle,pavement,scene,a photo of pavement.,0.311148
plant,poison_sumac_189283633.jpg,reticle,person,scene,a photo of person.,0.280995
plant,poison_sumac_189283633.jpg,reticle,screen,scene,a photo of screen.,0.388384
plant,pokeweed_60455060.jpg,full,grass,plant,a photo of Poaceae.,0.254711
plant,pokeweed_60455060.jpg,full,oak,plant,a photo of Quercus.,0.252475
plant,pokeweed_60455060.jpg,full,fern,plant,a photo of Polypodiopsida.,0.234184
plant,pokeweed_60455060.jpg,full,clover,plant,a photo of Trifolium.,0.225362
plant,pokeweed_60455060.jpg,full,pine,plant,a photo of Pinus.,0.267360
plant,pokeweed_60455060.jpg,full,dandelion,plant,a photo of Taraxacum.,0.263953
plant,pokeweed_60455060.jpg,full,poison ivy,hazard,a photo of Toxicodendron radicans.,0.360143
plant,pokeweed_60455060.jpg,full,poison oak,hazard,a photo of Toxicodendron pubescens.,0.295207
plant,pokeweed_60455060.jpg,full,poison sumac,hazard,a photo of Toxicodendron vernix.,0.355707
plant,pokeweed_60455060.jpg,full,pokeweed,hazard,a photo of Phytolacca americana.,0.615294
plant,pokeweed_60455060.jpg,full,Carolina horsenettle,hazard,a photo of Solanum carolinense.,0.400261
plant,pokeweed_60455060.jpg,full,lawn,scene,a photo of lawn.,0.228156
plant,pokeweed_60455060.jpg,full,field,scene,a photo of field.,0.304421
plant,pokeweed_60455060.jpg,full,weedy garden bed,scene,a photo of weedy garden bed.,0.308346
plant,pokeweed_60455060.jpg,full,pavement,scene,a photo of pavement.,0.278956
plant,pokeweed_60455060.jpg,full,person,scene,a photo of person.,0.244315
plant,pokeweed_60455060.jpg,full,screen,scene,a photo of screen.,0.347549
plant,pokeweed_60455060.jpg,reticle,grass,plant,a photo of Poaceae.,0.244977
plant,pokeweed_60455060.jpg,reticle,oak,plant,a photo of Quercus.,0.252412
plant,pokeweed_60455060.jpg,reticle,fern,plant,a photo of Polypodiopsida.,0.241436
plant,pokeweed_60455060.jpg,reticle,clover,plant,a photo of Trifolium.,0.242107
plant,pokeweed_60455060.jpg,reticle,pine,plant,a photo of Pinus.,0.261557
plant,pokeweed_60455060.jpg,reticle,dandelion,plant,a photo of Taraxacum.,0.292880
plant,pokeweed_60455060.jpg,reticle,poison ivy,hazard,a photo of Toxicodendron radicans.,0.423998
plant,pokeweed_60455060.jpg,reticle,poison oak,hazard,a photo of Toxicodendron pubescens.,0.341889
plant,pokeweed_60455060.jpg,reticle,poison sumac,hazard,a photo of Toxicodendron vernix.,0.417801
plant,pokeweed_60455060.jpg,reticle,pokeweed,hazard,a photo of Phytolacca americana.,0.625443
plant,pokeweed_60455060.jpg,reticle,Carolina horsenettle,hazard,a photo of Solanum carolinense.,0.412955
plant,pokeweed_60455060.jpg,reticle,lawn,scene,a photo of lawn.,0.194126
plant,pokeweed_60455060.jpg,reticle,field,scene,a photo of field.,0.295859
plant,pokeweed_60455060.jpg,reticle,weedy garden bed,scene,a photo of weedy garden bed.,0.260064
plant,pokeweed_60455060.jpg,reticle,pavement,scene,a photo of pavement.,0.293544
plant,pokeweed_60455060.jpg,reticle,person,scene,a photo of person.,0.230815
plant,pokeweed_60455060.jpg,reticle,screen,scene,a photo of screen.,0.314726
plant,pokeweed_230542881.jpg,full,grass,plant,a photo of Poaceae.,0.348766
plant,pokeweed_230542881.jpg,full,oak,plant,a photo of Quercus.,0.355691
plant,pokeweed_230542881.jpg,full,fern,plant,a photo of Polypodiopsida.,0.329932
plant,pokeweed_230542881.jpg,full,clover,plant,a photo of Trifolium.,0.323175
plant,pokeweed_230542881.jpg,full,pine,plant,a photo of Pinus.,0.320302
plant,pokeweed_230542881.jpg,full,dandelion,plant,a photo of Taraxacum.,0.295120
plant,pokeweed_230542881.jpg,full,poison ivy,hazard,a photo of Toxicodendron radicans.,0.378321
plant,pokeweed_230542881.jpg,full,poison oak,hazard,a photo of Toxicodendron pubescens.,0.350343
plant,pokeweed_230542881.jpg,full,poison sumac,hazard,a photo of Toxicodendron vernix.,0.473322
plant,pokeweed_230542881.jpg,full,pokeweed,hazard,a photo of Phytolacca americana.,0.535834
plant,pokeweed_230542881.jpg,full,Carolina horsenettle,hazard,a photo of Solanum carolinense.,0.411058
plant,pokeweed_230542881.jpg,full,lawn,scene,a photo of lawn.,0.286704
plant,pokeweed_230542881.jpg,full,field,scene,a photo of field.,0.322149
plant,pokeweed_230542881.jpg,full,weedy garden bed,scene,a photo of weedy garden bed.,0.374706
plant,pokeweed_230542881.jpg,full,pavement,scene,a photo of pavement.,0.352766
plant,pokeweed_230542881.jpg,full,person,scene,a photo of person.,0.301375
plant,pokeweed_230542881.jpg,full,screen,scene,a photo of screen.,0.423922
plant,pokeweed_230542881.jpg,reticle,grass,plant,a photo of Poaceae.,0.332622
plant,pokeweed_230542881.jpg,reticle,oak,plant,a photo of Quercus.,0.325440
plant,pokeweed_230542881.jpg,reticle,fern,plant,a photo of Polypodiopsida.,0.344563
plant,pokeweed_230542881.jpg,reticle,clover,plant,a photo of Trifolium.,0.276595
plant,pokeweed_230542881.jpg,reticle,pine,plant,a photo of Pinus.,0.313070
plant,pokeweed_230542881.jpg,reticle,dandelion,plant,a photo of Taraxacum.,0.272296
plant,pokeweed_230542881.jpg,reticle,poison ivy,hazard,a photo of Toxicodendron radicans.,0.348891
plant,pokeweed_230542881.jpg,reticle,poison oak,hazard,a photo of Toxicodendron pubescens.,0.290766
plant,pokeweed_230542881.jpg,reticle,poison sumac,hazard,a photo of Toxicodendron vernix.,0.455472
plant,pokeweed_230542881.jpg,reticle,pokeweed,hazard,a photo of Phytolacca americana.,0.538074
plant,pokeweed_230542881.jpg,reticle,Carolina horsenettle,hazard,a photo of Solanum carolinense.,0.371697
plant,pokeweed_230542881.jpg,reticle,lawn,scene,a photo of lawn.,0.264514
plant,pokeweed_230542881.jpg,reticle,field,scene,a photo of field.,0.353644
plant,pokeweed_230542881.jpg,reticle,weedy garden bed,scene,a photo of weedy garden bed.,0.374761
plant,pokeweed_230542881.jpg,reticle,pavement,scene,a photo of pavement.,0.346259
plant,pokeweed_230542881.jpg,reticle,person,scene,a photo of person.,0.306994
plant,pokeweed_230542881.jpg,reticle,screen,scene,a photo of screen.,0.400819
plant,pokeweed_124308350.jpg,full,grass,plant,a photo of Poaceae.,0.300192
plant,pokeweed_124308350.jpg,full,oak,plant,a photo of Quercus.,0.362169
plant,pokeweed_124308350.jpg,full,fern,plant,a photo of Polypodiopsida.,0.326060
plant,pokeweed_124308350.jpg,full,clover,plant,a photo of Trifolium.,0.241615
plant,pokeweed_124308350.jpg,full,pine,plant,a photo of Pinus.,0.349360
plant,pokeweed_124308350.jpg,full,dandelion,plant,a photo of Taraxacum.,0.320111
plant,pokeweed_124308350.jpg,full,poison ivy,hazard,a photo of Toxicodendron radicans.,0.504068
plant,pokeweed_124308350.jpg,full,poison oak,hazard,a photo of Toxicodendron pubescens.,0.467194
plant,pokeweed_124308350.jpg,full,poison sumac,hazard,a photo of Toxicodendron vernix.,0.437490
plant,pokeweed_124308350.jpg,full,pokeweed,hazard,a photo of Phytolacca americana.,0.499677
plant,pokeweed_124308350.jpg,full,Carolina horsenettle,hazard,a photo of Solanum carolinense.,0.393006
plant,pokeweed_124308350.jpg,full,lawn,scene,a photo of lawn.,0.278479
plant,pokeweed_124308350.jpg,full,field,scene,a photo of field.,0.302839
plant,pokeweed_124308350.jpg,full,weedy garden bed,scene,a photo of weedy garden bed.,0.293309
plant,pokeweed_124308350.jpg,full,pavement,scene,a photo of pavement.,0.293191
plant,pokeweed_124308350.jpg,full,person,scene,a photo of person.,0.300231
plant,pokeweed_124308350.jpg,full,screen,scene,a photo of screen.,0.415135
plant,pokeweed_124308350.jpg,reticle,grass,plant,a photo of Poaceae.,0.269979
plant,pokeweed_124308350.jpg,reticle,oak,plant,a photo of Quercus.,0.325364
plant,pokeweed_124308350.jpg,reticle,fern,plant,a photo of Polypodiopsida.,0.314396
plant,pokeweed_124308350.jpg,reticle,clover,plant,a photo of Trifolium.,0.224631
plant,pokeweed_124308350.jpg,reticle,pine,plant,a photo of Pinus.,0.311596
plant,pokeweed_124308350.jpg,reticle,dandelion,plant,a photo of Taraxacum.,0.293933
plant,pokeweed_124308350.jpg,reticle,poison ivy,hazard,a photo of Toxicodendron radicans.,0.513613
plant,pokeweed_124308350.jpg,reticle,poison oak,hazard,a photo of Toxicodendron pubescens.,0.431599
plant,pokeweed_124308350.jpg,reticle,poison sumac,hazard,a photo of Toxicodendron vernix.,0.436581
plant,pokeweed_124308350.jpg,reticle,pokeweed,hazard,a photo of Phytolacca americana.,0.447715
plant,pokeweed_124308350.jpg,reticle,Carolina horsenettle,hazard,a photo of Solanum carolinense.,0.347416
plant,pokeweed_124308350.jpg,reticle,lawn,scene,a photo of lawn.,0.209911
plant,pokeweed_124308350.jpg,reticle,field,scene,a photo of field.,0.278654
plant,pokeweed_124308350.jpg,reticle,weedy garden bed,scene,a photo of weedy garden bed.,0.201224
plant,pokeweed_124308350.jpg,reticle,pavement,scene,a photo of pavement.,0.282921
plant,pokeweed_124308350.jpg,reticle,person,scene,a photo of person.,0.251281
plant,pokeweed_124308350.jpg,reticle,screen,scene,a photo of screen.,0.323900
plant,pokeweed_348788863.jpg,full,grass,plant,a photo of Poaceae.,0.335441
plant,pokeweed_348788863.jpg,full,oak,plant,a photo of Quercus.,0.348262
plant,pokeweed_348788863.jpg,full,fern,plant,a photo of Polypodiopsida.,0.387341
plant,pokeweed_348788863.jpg,full,clover,plant,a photo of Trifolium.,0.324377
plant,pokeweed_348788863.jpg,full,pine,plant,a photo of Pinus.,0.300188
plant,pokeweed_348788863.jpg,full,dandelion,plant,a photo of Taraxacum.,0.392911
plant,pokeweed_348788863.jpg,full,poison ivy,hazard,a photo of Toxicodendron radicans.,0.363786
plant,pokeweed_348788863.jpg,full,poison oak,hazard,a photo of Toxicodendron pubescens.,0.309394
plant,pokeweed_348788863.jpg,full,poison sumac,hazard,a photo of Toxicodendron vernix.,0.352170
plant,pokeweed_348788863.jpg,full,pokeweed,hazard,a photo of Phytolacca americana.,0.538016
plant,pokeweed_348788863.jpg,full,Carolina horsenettle,hazard,a photo of Solanum carolinense.,0.520271
plant,pokeweed_348788863.jpg,full,lawn,scene,a photo of lawn.,0.296155
plant,pokeweed_348788863.jpg,full,field,scene,a photo of field.,0.341164
plant,pokeweed_348788863.jpg,full,weedy garden bed,scene,a photo of weedy garden bed.,0.330406
plant,pokeweed_348788863.jpg,full,pavement,scene,a photo of pavement.,0.392892
plant,pokeweed_348788863.jpg,full,person,scene,a photo of person.,0.291507
plant,pokeweed_348788863.jpg,full,screen,scene,a photo of screen.,0.369642
plant,pokeweed_348788863.jpg,reticle,grass,plant,a photo of Poaceae.,0.326974
plant,pokeweed_348788863.jpg,reticle,oak,plant,a photo of Quercus.,0.353258
plant,pokeweed_348788863.jpg,reticle,fern,plant,a photo of Polypodiopsida.,0.374517
plant,pokeweed_348788863.jpg,reticle,clover,plant,a photo of Trifolium.,0.331822
plant,pokeweed_348788863.jpg,reticle,pine,plant,a photo of Pinus.,0.325469
plant,pokeweed_348788863.jpg,reticle,dandelion,plant,a photo of Taraxacum.,0.395111
plant,pokeweed_348788863.jpg,reticle,poison ivy,hazard,a photo of Toxicodendron radicans.,0.345586
plant,pokeweed_348788863.jpg,reticle,poison oak,hazard,a photo of Toxicodendron pubescens.,0.339483
plant,pokeweed_348788863.jpg,reticle,poison sumac,hazard,a photo of Toxicodendron vernix.,0.356383
plant,pokeweed_348788863.jpg,reticle,pokeweed,hazard,a photo of Phytolacca americana.,0.614785
plant,pokeweed_348788863.jpg,reticle,Carolina horsenettle,hazard,a photo of Solanum carolinense.,0.482982
plant,pokeweed_348788863.jpg,reticle,lawn,scene,a photo of lawn.,0.316864
plant,pokeweed_348788863.jpg,reticle,field,scene,a photo of field.,0.356342
plant,pokeweed_348788863.jpg,reticle,weedy garden bed,scene,a photo of weedy garden bed.,0.378466
plant,pokeweed_348788863.jpg,reticle,pavement,scene,a photo of pavement.,0.407236
plant,pokeweed_348788863.jpg,reticle,person,scene,a photo of person.,0.280541
plant,pokeweed_348788863.jpg,reticle,screen,scene,a photo of screen.,0.410136
plant,pokeweed_210262679.jpg,full,grass,plant,a photo of Poaceae.,0.312482
plant,pokeweed_210262679.jpg,full,oak,plant,a photo of Quercus.,0.318680
plant,pokeweed_210262679.jpg,full,fern,plant,a photo of Polypodiopsida.,0.317240
plant,pokeweed_210262679.jpg,full,clover,plant,a photo of Trifolium.,0.312842
plant,pokeweed_210262679.jpg,full,pine,plant,a photo of Pinus.,0.252918
plant,pokeweed_210262679.jpg,full,dandelion,plant,a photo of Taraxacum.,0.390682
plant,pokeweed_210262679.jpg,full,poison ivy,hazard,a photo of Toxicodendron radicans.,0.343835
plant,pokeweed_210262679.jpg,full,poison oak,hazard,a photo of Toxicodendron pubescens.,0.268597
plant,pokeweed_210262679.jpg,full,poison sumac,hazard,a photo of Toxicodendron vernix.,0.335222
plant,pokeweed_210262679.jpg,full,pokeweed,hazard,a photo of Phytolacca americana.,0.550275
plant,pokeweed_210262679.jpg,full,Carolina horsenettle,hazard,a photo of Solanum carolinense.,0.414594
plant,pokeweed_210262679.jpg,full,lawn,scene,a photo of lawn.,0.292779
plant,pokeweed_210262679.jpg,full,field,scene,a photo of field.,0.315614
plant,pokeweed_210262679.jpg,full,weedy garden bed,scene,a photo of weedy garden bed.,0.343692
plant,pokeweed_210262679.jpg,full,pavement,scene,a photo of pavement.,0.350363
plant,pokeweed_210262679.jpg,full,person,scene,a photo of person.,0.286745
plant,pokeweed_210262679.jpg,full,screen,scene,a photo of screen.,0.379200
plant,pokeweed_210262679.jpg,reticle,grass,plant,a photo of Poaceae.,0.292801
plant,pokeweed_210262679.jpg,reticle,oak,plant,a photo of Quercus.,0.296898
plant,pokeweed_210262679.jpg,reticle,fern,plant,a photo of Polypodiopsida.,0.317849
plant,pokeweed_210262679.jpg,reticle,clover,plant,a photo of Trifolium.,0.281910
plant,pokeweed_210262679.jpg,reticle,pine,plant,a photo of Pinus.,0.223785
plant,pokeweed_210262679.jpg,reticle,dandelion,plant,a photo of Taraxacum.,0.377160
plant,pokeweed_210262679.jpg,reticle,poison ivy,hazard,a photo of Toxicodendron radicans.,0.346566
plant,pokeweed_210262679.jpg,reticle,poison oak,hazard,a photo of Toxicodendron pubescens.,0.268029
plant,pokeweed_210262679.jpg,reticle,poison sumac,hazard,a photo of Toxicodendron vernix.,0.332236
plant,pokeweed_210262679.jpg,reticle,pokeweed,hazard,a photo of Phytolacca americana.,0.576574
plant,pokeweed_210262679.jpg,reticle,Carolina horsenettle,hazard,a photo of Solanum carolinense.,0.431346
plant,pokeweed_210262679.jpg,reticle,lawn,scene,a photo of lawn.,0.277265
plant,pokeweed_210262679.jpg,reticle,field,scene,a photo of field.,0.315626
plant,pokeweed_210262679.jpg,reticle,weedy garden bed,scene,a photo of weedy garden bed.,0.355433
plant,pokeweed_210262679.jpg,reticle,pavement,scene,a photo of pavement.,0.341164
plant,pokeweed_210262679.jpg,reticle,person,scene,a photo of person.,0.252876
plant,pokeweed_210262679.jpg,reticle,screen,scene,a photo of screen.,0.370186
plant,pokeweed_29634110.jpg,full,grass,plant,a photo of Poaceae.,0.274317
plant,pokeweed_29634110.jpg,full,oak,plant,a photo of Quercus.,0.242722
plant,pokeweed_29634110.jpg,full,fern,plant,a photo of Polypodiopsida.,0.270894
plant,pokeweed_29634110.jpg,full,clover,plant,a photo of Trifolium.,0.262742
plant,pokeweed_29634110.jpg,full,pine,plant,a photo of Pinus.,0.245721
plant,pokeweed_29634110.jpg,full,dandelion,plant,a photo of Taraxacum.,0.261459
plant,pokeweed_29634110.jpg,full,poison ivy,hazard,a photo of Toxicodendron radicans.,0.320189
plant,pokeweed_29634110.jpg,full,poison oak,hazard,a photo of Toxicodendron pubescens.,0.297065
plant,pokeweed_29634110.jpg,full,poison sumac,hazard,a photo of Toxicodendron vernix.,0.386179
plant,pokeweed_29634110.jpg,full,pokeweed,hazard,a photo of Phytolacca americana.,0.648901
plant,pokeweed_29634110.jpg,full,Carolina horsenettle,hazard,a photo of Solanum carolinense.,0.362635
plant,pokeweed_29634110.jpg,full,lawn,scene,a photo of lawn.,0.237374
plant,pokeweed_29634110.jpg,full,field,scene,a photo of field.,0.345978
plant,pokeweed_29634110.jpg,full,weedy garden bed,scene,a photo of weedy garden bed.,0.349932
plant,pokeweed_29634110.jpg,full,pavement,scene,a photo of pavement.,0.324920
plant,pokeweed_29634110.jpg,full,person,scene,a photo of person.,0.263121
plant,pokeweed_29634110.jpg,full,screen,scene,a photo of screen.,0.382256
plant,pokeweed_29634110.jpg,reticle,grass,plant,a photo of Poaceae.,0.270134
plant,pokeweed_29634110.jpg,reticle,oak,plant,a photo of Quercus.,0.221998
plant,pokeweed_29634110.jpg,reticle,fern,plant,a photo of Polypodiopsida.,0.256451
plant,pokeweed_29634110.jpg,reticle,clover,plant,a photo of Trifolium.,0.233195
plant,pokeweed_29634110.jpg,reticle,pine,plant,a photo of Pinus.,0.218731
plant,pokeweed_29634110.jpg,reticle,dandelion,plant,a photo of Taraxacum.,0.253423
plant,pokeweed_29634110.jpg,reticle,poison ivy,hazard,a photo of Toxicodendron radicans.,0.349280
plant,pokeweed_29634110.jpg,reticle,poison oak,hazard,a photo of Toxicodendron pubescens.,0.286645
plant,pokeweed_29634110.jpg,reticle,poison sumac,hazard,a photo of Toxicodendron vernix.,0.374009
plant,pokeweed_29634110.jpg,reticle,pokeweed,hazard,a photo of Phytolacca americana.,0.626653
plant,pokeweed_29634110.jpg,reticle,Carolina horsenettle,hazard,a photo of Solanum carolinense.,0.380843
plant,pokeweed_29634110.jpg,reticle,lawn,scene,a photo of lawn.,0.189598
plant,pokeweed_29634110.jpg,reticle,field,scene,a photo of field.,0.295619
plant,pokeweed_29634110.jpg,reticle,weedy garden bed,scene,a photo of weedy garden bed.,0.293062
plant,pokeweed_29634110.jpg,reticle,pavement,scene,a photo of pavement.,0.305318
plant,pokeweed_29634110.jpg,reticle,person,scene,a photo of person.,0.211399
plant,pokeweed_29634110.jpg,reticle,screen,scene,a photo of screen.,0.301927
plant,pokeweed_388023321.jpg,full,grass,plant,a photo of Poaceae.,0.349211
plant,pokeweed_388023321.jpg,full,oak,plant,a photo of Quercus.,0.312891
plant,pokeweed_388023321.jpg,full,fern,plant,a photo of Polypodiopsida.,0.337323
plant,pokeweed_388023321.jpg,full,clover,plant,a photo of Trifolium.,0.256953
plant,pokeweed_388023321.jpg,full,pine,plant,a photo of Pinus.,0.265082
plant,pokeweed_388023321.jpg,full,dandelion,plant,a photo of Taraxacum.,0.272725
plant,pokeweed_388023321.jpg,full,poison ivy,hazard,a photo of Toxicodendron radicans.,0.356831
plant,pokeweed_388023321.jpg,full,poison oak,hazard,a photo of Toxicodendron pubescens.,0.314707
plant,pokeweed_388023321.jpg,full,poison sumac,hazard,a photo of Toxicodendron vernix.,0.381122
plant,pokeweed_388023321.jpg,full,pokeweed,hazard,a photo of Phytolacca americana.,0.548811
plant,pokeweed_388023321.jpg,full,Carolina horsenettle,hazard,a photo of Solanum carolinense.,0.371768
plant,pokeweed_388023321.jpg,full,lawn,scene,a photo of lawn.,0.255735
plant,pokeweed_388023321.jpg,full,field,scene,a photo of field.,0.335009
plant,pokeweed_388023321.jpg,full,weedy garden bed,scene,a photo of weedy garden bed.,0.307561
plant,pokeweed_388023321.jpg,full,pavement,scene,a photo of pavement.,0.309338
plant,pokeweed_388023321.jpg,full,person,scene,a photo of person.,0.294758
plant,pokeweed_388023321.jpg,full,screen,scene,a photo of screen.,0.348630
plant,pokeweed_388023321.jpg,reticle,grass,plant,a photo of Poaceae.,0.363421
plant,pokeweed_388023321.jpg,reticle,oak,plant,a photo of Quercus.,0.343191
plant,pokeweed_388023321.jpg,reticle,fern,plant,a photo of Polypodiopsida.,0.366734
plant,pokeweed_388023321.jpg,reticle,clover,plant,a photo of Trifolium.,0.296081
plant,pokeweed_388023321.jpg,reticle,pine,plant,a photo of Pinus.,0.322359
plant,pokeweed_388023321.jpg,reticle,dandelion,plant,a photo of Taraxacum.,0.324120
plant,pokeweed_388023321.jpg,reticle,poison ivy,hazard,a photo of Toxicodendron radicans.,0.338590
plant,pokeweed_388023321.jpg,reticle,poison oak,hazard,a photo of Toxicodendron pubescens.,0.312575
plant,pokeweed_388023321.jpg,reticle,poison sumac,hazard,a photo of Toxicodendron vernix.,0.358987
plant,pokeweed_388023321.jpg,reticle,pokeweed,hazard,a photo of Phytolacca americana.,0.600059
plant,pokeweed_388023321.jpg,reticle,Carolina horsenettle,hazard,a photo of Solanum carolinense.,0.357284
plant,pokeweed_388023321.jpg,reticle,lawn,scene,a photo of lawn.,0.247960
plant,pokeweed_388023321.jpg,reticle,field,scene,a photo of field.,0.355153
plant,pokeweed_388023321.jpg,reticle,weedy garden bed,scene,a photo of weedy garden bed.,0.308579
plant,pokeweed_388023321.jpg,reticle,pavement,scene,a photo of pavement.,0.312243
plant,pokeweed_388023321.jpg,reticle,person,scene,a photo of person.,0.290121
plant,pokeweed_388023321.jpg,reticle,screen,scene,a photo of screen.,0.367340
plant,pokeweed_157764467.jpg,full,grass,plant,a photo of Poaceae.,0.280524
plant,pokeweed_157764467.jpg,full,oak,plant,a photo of Quercus.,0.305346
plant,pokeweed_157764467.jpg,full,fern,plant,a photo of Polypodiopsida.,0.317684
plant,pokeweed_157764467.jpg,full,clover,plant,a photo of Trifolium.,0.267753
plant,pokeweed_157764467.jpg,full,pine,plant,a photo of Pinus.,0.256601
plant,pokeweed_157764467.jpg,full,dandelion,plant,a photo of Taraxacum.,0.305744
plant,pokeweed_157764467.jpg,full,poison ivy,hazard,a photo of Toxicodendron radicans.,0.330278
plant,pokeweed_157764467.jpg,full,poison oak,hazard,a photo of Toxicodendron pubescens.,0.274178
plant,pokeweed_157764467.jpg,full,poison sumac,hazard,a photo of Toxicodendron vernix.,0.311985
plant,pokeweed_157764467.jpg,full,pokeweed,hazard,a photo of Phytolacca americana.,0.553265
plant,pokeweed_157764467.jpg,full,Carolina horsenettle,hazard,a photo of Solanum carolinense.,0.430934
plant,pokeweed_157764467.jpg,full,lawn,scene,a photo of lawn.,0.274268
plant,pokeweed_157764467.jpg,full,field,scene,a photo of field.,0.313704
plant,pokeweed_157764467.jpg,full,weedy garden bed,scene,a photo of weedy garden bed.,0.325985
plant,pokeweed_157764467.jpg,full,pavement,scene,a photo of pavement.,0.308672
plant,pokeweed_157764467.jpg,full,person,scene,a photo of person.,0.294478
plant,pokeweed_157764467.jpg,full,screen,scene,a photo of screen.,0.356682
plant,pokeweed_157764467.jpg,reticle,grass,plant,a photo of Poaceae.,0.336693
plant,pokeweed_157764467.jpg,reticle,oak,plant,a photo of Quercus.,0.329694
plant,pokeweed_157764467.jpg,reticle,fern,plant,a photo of Polypodiopsida.,0.354138
plant,pokeweed_157764467.jpg,reticle,clover,plant,a photo of Trifolium.,0.313374
plant,pokeweed_157764467.jpg,reticle,pine,plant,a photo of Pinus.,0.297017
plant,pokeweed_157764467.jpg,reticle,dandelion,plant,a photo of Taraxacum.,0.330175
plant,pokeweed_157764467.jpg,reticle,poison ivy,hazard,a photo of Toxicodendron radicans.,0.329052
plant,pokeweed_157764467.jpg,reticle,poison oak,hazard,a photo of Toxicodendron pubescens.,0.277306
plant,pokeweed_157764467.jpg,reticle,poison sumac,hazard,a photo of Toxicodendron vernix.,0.316924
plant,pokeweed_157764467.jpg,reticle,pokeweed,hazard,a photo of Phytolacca americana.,0.576709
plant,pokeweed_157764467.jpg,reticle,Carolina horsenettle,hazard,a photo of Solanum carolinense.,0.436985
plant,pokeweed_157764467.jpg,reticle,lawn,scene,a photo of lawn.,0.282526
plant,pokeweed_157764467.jpg,reticle,field,scene,a photo of field.,0.365855
plant,pokeweed_157764467.jpg,reticle,weedy garden bed,scene,a photo of weedy garden bed.,0.352371
plant,pokeweed_157764467.jpg,reticle,pavement,scene,a photo of pavement.,0.329978
plant,pokeweed_157764467.jpg,reticle,person,scene,a photo of person.,0.290929
plant,pokeweed_157764467.jpg,reticle,screen,scene,a photo of screen.,0.360724
plant,pokeweed_87058636.jpg,full,grass,plant,a photo of Poaceae.,0.200657
plant,pokeweed_87058636.jpg,full,oak,plant,a photo of Quercus.,0.187681
plant,pokeweed_87058636.jpg,full,fern,plant,a photo of Polypodiopsida.,0.204763
plant,pokeweed_87058636.jpg,full,clover,plant,a photo of Trifolium.,0.176906
plant,pokeweed_87058636.jpg,full,pine,plant,a photo of Pinus.,0.180820
plant,pokeweed_87058636.jpg,full,dandelion,plant,a photo of Taraxacum.,0.228372
plant,pokeweed_87058636.jpg,full,poison ivy,hazard,a photo of Toxicodendron radicans.,0.333868
plant,pokeweed_87058636.jpg,full,poison oak,hazard,a photo of Toxicodendron pubescens.,0.257427
plant,pokeweed_87058636.jpg,full,poison sumac,hazard,a photo of Toxicodendron vernix.,0.319346
plant,pokeweed_87058636.jpg,full,pokeweed,hazard,a photo of Phytolacca americana.,0.627821
plant,pokeweed_87058636.jpg,full,Carolina horsenettle,hazard,a photo of Solanum carolinense.,0.387675
plant,pokeweed_87058636.jpg,full,lawn,scene,a photo of lawn.,0.178666
plant,pokeweed_87058636.jpg,full,field,scene,a photo of field.,0.272399
plant,pokeweed_87058636.jpg,full,weedy garden bed,scene,a photo of weedy garden bed.,0.239900
plant,pokeweed_87058636.jpg,full,pavement,scene,a photo of pavement.,0.252906
plant,pokeweed_87058636.jpg,full,person,scene,a photo of person.,0.194277
plant,pokeweed_87058636.jpg,full,screen,scene,a photo of screen.,0.281751
plant,pokeweed_87058636.jpg,reticle,grass,plant,a photo of Poaceae.,0.242195
plant,pokeweed_87058636.jpg,reticle,oak,plant,a photo of Quercus.,0.181138
plant,pokeweed_87058636.jpg,reticle,fern,plant,a photo of Polypodiopsida.,0.244887
plant,pokeweed_87058636.jpg,reticle,clover,plant,a photo of Trifolium.,0.197421
plant,pokeweed_87058636.jpg,reticle,pine,plant,a photo of Pinus.,0.196295
plant,pokeweed_87058636.jpg,reticle,dandelion,plant,a photo of Taraxacum.,0.241497
plant,pokeweed_87058636.jpg,reticle,poison ivy,hazard,a photo of Toxicodendron radicans.,0.341628
plant,pokeweed_87058636.jpg,reticle,poison oak,hazard,a photo of Toxicodendron pubescens.,0.268695
plant,pokeweed_87058636.jpg,reticle,poison sumac,hazard,a photo of Toxicodendron vernix.,0.364950
plant,pokeweed_87058636.jpg,reticle,pokeweed,hazard,a photo of Phytolacca americana.,0.619923
plant,pokeweed_87058636.jpg,reticle,Carolina horsenettle,hazard,a photo of Solanum carolinense.,0.354750
plant,pokeweed_87058636.jpg,reticle,lawn,scene,a photo of lawn.,0.193309
plant,pokeweed_87058636.jpg,reticle,field,scene,a photo of field.,0.304083
plant,pokeweed_87058636.jpg,reticle,weedy garden bed,scene,a photo of weedy garden bed.,0.246193
plant,pokeweed_87058636.jpg,reticle,pavement,scene,a photo of pavement.,0.281232
plant,pokeweed_87058636.jpg,reticle,person,scene,a photo of person.,0.220852
plant,pokeweed_87058636.jpg,reticle,screen,scene,a photo of screen.,0.294335
plant,pokeweed_166650461.jpg,full,grass,plant,a photo of Poaceae.,0.240865
plant,pokeweed_166650461.jpg,full,oak,plant,a photo of Quercus.,0.257557
plant,pokeweed_166650461.jpg,full,fern,plant,a photo of Polypodiopsida.,0.254358
plant,pokeweed_166650461.jpg,full,clover,plant,a photo of Trifolium.,0.247689
plant,pokeweed_166650461.jpg,full,pine,plant,a photo of Pinus.,0.210295
plant,pokeweed_166650461.jpg,full,dandelion,plant,a photo of Taraxacum.,0.281071
plant,pokeweed_166650461.jpg,full,poison ivy,hazard,a photo of Toxicodendron radicans.,0.331476
plant,pokeweed_166650461.jpg,full,poison oak,hazard,a photo of Toxicodendron pubescens.,0.261279
plant,pokeweed_166650461.jpg,full,poison sumac,hazard,a photo of Toxicodendron vernix.,0.315106
plant,pokeweed_166650461.jpg,full,pokeweed,hazard,a photo of Phytolacca americana.,0.567647
plant,pokeweed_166650461.jpg,full,Carolina horsenettle,hazard,a photo of Solanum carolinense.,0.448478
plant,pokeweed_166650461.jpg,full,lawn,scene,a photo of lawn.,0.229871
plant,pokeweed_166650461.jpg,full,field,scene,a photo of field.,0.313430
plant,pokeweed_166650461.jpg,full,weedy garden bed,scene,a photo of weedy garden bed.,0.287092
plant,pokeweed_166650461.jpg,full,pavement,scene,a photo of pavement.,0.295608
plant,pokeweed_166650461.jpg,full,person,scene,a photo of person.,0.237941
plant,pokeweed_166650461.jpg,full,screen,scene,a photo of screen.,0.318754
plant,pokeweed_166650461.jpg,reticle,grass,plant,a photo of Poaceae.,0.307502
plant,pokeweed_166650461.jpg,reticle,oak,plant,a photo of Quercus.,0.310480
plant,pokeweed_166650461.jpg,reticle,fern,plant,a photo of Polypodiopsida.,0.312422
plant,pokeweed_166650461.jpg,reticle,clover,plant,a photo of Trifolium.,0.310979
plant,pokeweed_166650461.jpg,reticle,pine,plant,a photo of Pinus.,0.247621
plant,pokeweed_166650461.jpg,reticle,dandelion,plant,a photo of Taraxacum.,0.333284
plant,pokeweed_166650461.jpg,reticle,poison ivy,hazard,a photo of Toxicodendron radicans.,0.344160
plant,pokeweed_166650461.jpg,reticle,poison oak,hazard,a photo of Toxicodendron pubescens.,0.274586
plant,pokeweed_166650461.jpg,reticle,poison sumac,hazard,a photo of Toxicodendron vernix.,0.319354
plant,pokeweed_166650461.jpg,reticle,pokeweed,hazard,a photo of Phytolacca americana.,0.578971
plant,pokeweed_166650461.jpg,reticle,Carolina horsenettle,hazard,a photo of Solanum carolinense.,0.455286
plant,pokeweed_166650461.jpg,reticle,lawn,scene,a photo of lawn.,0.254904
plant,pokeweed_166650461.jpg,reticle,field,scene,a photo of field.,0.357849
plant,pokeweed_166650461.jpg,reticle,weedy garden bed,scene,a photo of weedy garden bed.,0.317791
plant,pokeweed_166650461.jpg,reticle,pavement,scene,a photo of pavement.,0.322828
plant,pokeweed_166650461.jpg,reticle,person,scene,a photo of person.,0.236764
plant,pokeweed_166650461.jpg,reticle,screen,scene,a photo of screen.,0.340709
plant,horsenettle_128063257.jpg,full,grass,plant,a photo of Poaceae.,0.212643
plant,horsenettle_128063257.jpg,full,oak,plant,a photo of Quercus.,0.272601
plant,horsenettle_128063257.jpg,full,fern,plant,a photo of Polypodiopsida.,0.219415
plant,horsenettle_128063257.jpg,full,clover,plant,a photo of Trifolium.,0.212157
plant,horsenettle_128063257.jpg,full,pine,plant,a photo of Pinus.,0.193306
plant,horsenettle_128063257.jpg,full,dandelion,plant,a photo of Taraxacum.,0.300408
plant,horsenettle_128063257.jpg,full,poison ivy,hazard,a photo of Toxicodendron radicans.,0.335525
plant,horsenettle_128063257.jpg,full,poison oak,hazard,a photo of Toxicodendron pubescens.,0.321427
plant,horsenettle_128063257.jpg,full,poison sumac,hazard,a photo of Toxicodendron vernix.,0.234384
plant,horsenettle_128063257.jpg,full,pokeweed,hazard,a photo of Phytolacca americana.,0.413831
plant,horsenettle_128063257.jpg,full,Carolina horsenettle,hazard,a photo of Solanum carolinense.,0.682341
plant,horsenettle_128063257.jpg,full,lawn,scene,a photo of lawn.,0.203149
plant,horsenettle_128063257.jpg,full,field,scene,a photo of field.,0.259331
plant,horsenettle_128063257.jpg,full,weedy garden bed,scene,a photo of weedy garden bed.,0.262141
plant,horsenettle_128063257.jpg,full,pavement,scene,a photo of pavement.,0.224213
plant,horsenettle_128063257.jpg,full,person,scene,a photo of person.,0.171591
plant,horsenettle_128063257.jpg,full,screen,scene,a photo of screen.,0.230793
plant,horsenettle_128063257.jpg,reticle,grass,plant,a photo of Poaceae.,0.224928
plant,horsenettle_128063257.jpg,reticle,oak,plant,a photo of Quercus.,0.294479
plant,horsenettle_128063257.jpg,reticle,fern,plant,a photo of Polypodiopsida.,0.233750
plant,horsenettle_128063257.jpg,reticle,clover,plant,a photo of Trifolium.,0.217053
plant,horsenettle_128063257.jpg,reticle,pine,plant,a photo of Pinus.,0.204574
plant,horsenettle_128063257.jpg,reticle,dandelion,plant,a photo of Taraxacum.,0.303805
plant,horsenettle_128063257.jpg,reticle,poison ivy,hazard,a photo of Toxicodendron radicans.,0.318438
plant,horsenettle_128063257.jpg,reticle,poison oak,hazard,a photo of Toxicodendron pubescens.,0.329100
plant,horsenettle_128063257.jpg,reticle,poison sumac,hazard,a photo of Toxicodendron vernix.,0.218484
plant,horsenettle_128063257.jpg,reticle,pokeweed,hazard,a photo of Phytolacca americana.,0.397176
plant,horsenettle_128063257.jpg,reticle,Carolina horsenettle,hazard,a photo of Solanum carolinense.,0.683407
plant,horsenettle_128063257.jpg,reticle,lawn,scene,a photo of lawn.,0.207311
plant,horsenettle_128063257.jpg,reticle,field,scene,a photo of field.,0.269461
plant,horsenettle_128063257.jpg,reticle,weedy garden bed,scene,a photo of weedy garden bed.,0.277038
plant,horsenettle_128063257.jpg,reticle,pavement,scene,a photo of pavement.,0.221854
plant,horsenettle_128063257.jpg,reticle,person,scene,a photo of person.,0.185924
plant,horsenettle_128063257.jpg,reticle,screen,scene,a photo of screen.,0.237647
plant,horsenettle_265551501.jpg,full,grass,plant,a photo of Poaceae.,0.215451
plant,horsenettle_265551501.jpg,full,oak,plant,a photo of Quercus.,0.248757
plant,horsenettle_265551501.jpg,full,fern,plant,a photo of Polypodiopsida.,0.210171
plant,horsenettle_265551501.jpg,full,clover,plant,a photo of Trifolium.,0.204677
plant,horsenettle_265551501.jpg,full,pine,plant,a photo of Pinus.,0.189253
plant,horsenettle_265551501.jpg,full,dandelion,plant,a photo of Taraxacum.,0.260936
plant,horsenettle_265551501.jpg,full,poison ivy,hazard,a photo of Toxicodendron radicans.,0.305013
plant,horsenettle_265551501.jpg,full,poison oak,hazard,a photo of Toxicodendron pubescens.,0.296218
plant,horsenettle_265551501.jpg,full,poison sumac,hazard,a photo of Toxicodendron vernix.,0.193946
plant,horsenettle_265551501.jpg,full,pokeweed,hazard,a photo of Phytolacca americana.,0.374950
plant,horsenettle_265551501.jpg,full,Carolina horsenettle,hazard,a photo of Solanum carolinense.,0.652962
plant,horsenettle_265551501.jpg,full,lawn,scene,a photo of lawn.,0.215764
plant,horsenettle_265551501.jpg,full,field,scene,a photo of field.,0.249702
plant,horsenettle_265551501.jpg,full,weedy garden bed,scene,a photo of weedy garden bed.,0.301970
plant,horsenettle_265551501.jpg,full,pavement,scene,a photo of pavement.,0.236589
plant,horsenettle_265551501.jpg,full,person,scene,a photo of person.,0.143396
plant,horsenettle_265551501.jpg,full,screen,scene,a photo of screen.,0.203995
plant,horsenettle_265551501.jpg,reticle,grass,plant,a photo of Poaceae.,0.198258
plant,horsenettle_265551501.jpg,reticle,oak,plant,a photo of Quercus.,0.236103
plant,horsenettle_265551501.jpg,reticle,fern,plant,a photo of Polypodiopsida.,0.193021
plant,horsenettle_265551501.jpg,reticle,clover,plant,a photo of Trifolium.,0.185464
plant,horsenettle_265551501.jpg,reticle,pine,plant,a photo of Pinus.,0.177247
plant,horsenettle_265551501.jpg,reticle,dandelion,plant,a photo of Taraxacum.,0.256053
plant,horsenettle_265551501.jpg,reticle,poison ivy,hazard,a photo of Toxicodendron radicans.,0.316475
plant,horsenettle_265551501.jpg,reticle,poison oak,hazard,a photo of Toxicodendron pubescens.,0.307725
plant,horsenettle_265551501.jpg,reticle,poison sumac,hazard,a photo of Toxicodendron vernix.,0.208532
plant,horsenettle_265551501.jpg,reticle,pokeweed,hazard,a photo of Phytolacca americana.,0.376613
plant,horsenettle_265551501.jpg,reticle,Carolina horsenettle,hazard,a photo of Solanum carolinense.,0.666551
plant,horsenettle_265551501.jpg,reticle,lawn,scene,a photo of lawn.,0.189036
plant,horsenettle_265551501.jpg,reticle,field,scene,a photo of field.,0.241104
plant,horsenettle_265551501.jpg,reticle,weedy garden bed,scene,a photo of weedy garden bed.,0.259291
plant,horsenettle_265551501.jpg,reticle,pavement,scene,a photo of pavement.,0.218191
plant,horsenettle_265551501.jpg,reticle,person,scene,a photo of person.,0.138668
plant,horsenettle_265551501.jpg,reticle,screen,scene,a photo of screen.,0.192818
plant,horsenettle_217820218.jpg,full,grass,plant,a photo of Poaceae.,0.335032
plant,horsenettle_217820218.jpg,full,oak,plant,a photo of Quercus.,0.464417
plant,horsenettle_217820218.jpg,full,fern,plant,a photo of Polypodiopsida.,0.336916
plant,horsenettle_217820218.jpg,full,clover,plant,a photo of Trifolium.,0.297441
plant,horsenettle_217820218.jpg,full,pine,plant,a photo of Pinus.,0.319632
plant,horsenettle_217820218.jpg,full,dandelion,plant,a photo of Taraxacum.,0.362496
plant,horsenettle_217820218.jpg,full,poison ivy,hazard,a photo of Toxicodendron radicans.,0.454705
plant,horsenettle_217820218.jpg,full,poison oak,hazard,a photo of Toxicodendron pubescens.,0.489941
plant,horsenettle_217820218.jpg,full,poison sumac,hazard,a photo of Toxicodendron vernix.,0.381238
plant,horsenettle_217820218.jpg,full,pokeweed,hazard,a photo of Phytolacca americana.,0.470795
plant,horsenettle_217820218.jpg,full,Carolina horsenettle,hazard,a photo of Solanum carolinense.,0.592750
plant,horsenettle_217820218.jpg,full,lawn,scene,a photo of lawn.,0.324917
plant,horsenettle_217820218.jpg,full,field,scene,a photo of field.,0.334349
plant,horsenettle_217820218.jpg,full,weedy garden bed,scene,a photo of weedy garden bed.,0.281617
plant,horsenettle_217820218.jpg,full,pavement,scene,a photo of pavement.,0.307475
plant,horsenettle_217820218.jpg,full,person,scene,a photo of person.,0.306178
plant,horsenettle_217820218.jpg,full,screen,scene,a photo of screen.,0.381696
plant,horsenettle_217820218.jpg,reticle,grass,plant,a photo of Poaceae.,0.329151
plant,horsenettle_217820218.jpg,reticle,oak,plant,a photo of Quercus.,0.498096
plant,horsenettle_217820218.jpg,reticle,fern,plant,a photo of Polypodiopsida.,0.310726
plant,horsenettle_217820218.jpg,reticle,clover,plant,a photo of Trifolium.,0.285604
plant,horsenettle_217820218.jpg,reticle,pine,plant,a photo of Pinus.,0.326800
plant,horsenettle_217820218.jpg,reticle,dandelion,plant,a photo of Taraxacum.,0.364749
plant,horsenettle_217820218.jpg,reticle,poison ivy,hazard,a photo of Toxicodendron radicans.,0.424980
plant,horsenettle_217820218.jpg,reticle,poison oak,hazard,a photo of Toxicodendron pubescens.,0.494595
plant,horsenettle_217820218.jpg,reticle,poison sumac,hazard,a photo of Toxicodendron vernix.,0.352876
plant,horsenettle_217820218.jpg,reticle,pokeweed,hazard,a photo of Phytolacca americana.,0.414448
plant,horsenettle_217820218.jpg,reticle,Carolina horsenettle,hazard,a photo of Solanum carolinense.,0.562865
plant,horsenettle_217820218.jpg,reticle,lawn,scene,a photo of lawn.,0.306933
plant,horsenettle_217820218.jpg,reticle,field,scene,a photo of field.,0.281410
plant,horsenettle_217820218.jpg,reticle,weedy garden bed,scene,a photo of weedy garden bed.,0.291346
plant,horsenettle_217820218.jpg,reticle,pavement,scene,a photo of pavement.,0.295441
plant,horsenettle_217820218.jpg,reticle,person,scene,a photo of person.,0.319574
plant,horsenettle_217820218.jpg,reticle,screen,scene,a photo of screen.,0.363418
plant,horsenettle_166822583.jpg,full,grass,plant,a photo of Poaceae.,0.241148
plant,horsenettle_166822583.jpg,full,oak,plant,a photo of Quercus.,0.254988
plant,horsenettle_166822583.jpg,full,fern,plant,a photo of Polypodiopsida.,0.250588
plant,horsenettle_166822583.jpg,full,clover,plant,a photo of Trifolium.,0.215422
plant,horsenettle_166822583.jpg,full,pine,plant,a photo of Pinus.,0.210336
plant,horsenettle_166822583.jpg,full,dandelion,plant,a photo of Taraxacum.,0.273302
plant,horsenettle_166822583.jpg,full,poison ivy,hazard,a photo of Toxicodendron radicans.,0.336068
plant,horsenettle_166822583.jpg,full,poison oak,hazard,a photo of Toxicodendron pubescens.,0.325272
plant,horsenettle_166822583.jpg,full,poison sumac,hazard,a photo of Toxicodendron vernix.,0.255072
plant,horsenettle_166822583.jpg,full,pokeweed,hazard,a photo of Phytolacca americana.,0.407586
plant,horsenettle_166822583.jpg,full,Carolina horsenettle,hazard,a photo of Solanum carolinense.,0.677218
plant,horsenettle_166822583.jpg,full,lawn,scene,a photo of lawn.,0.273617
plant,horsenettle_166822583.jpg,full,field,scene,a photo of field.,0.290354
plant,horsenettle_166822583.jpg,full,weedy garden bed,scene,a photo of weedy garden bed.,0.332460
plant,horsenettle_166822583.jpg,full,pavement,scene,a photo of pavement.,0.284084
plant,horsenettle_166822583.jpg,full,person,scene,a photo of person.,0.217210
plant,horsenettle_166822583.jpg,full,screen,scene,a photo of screen.,0.263708
plant,horsenettle_166822583.jpg,reticle,grass,plant,a photo of Poaceae.,0.258014
plant,horsenettle_166822583.jpg,reticle,oak,plant,a photo of Quercus.,0.269865
plant,horsenettle_166822583.jpg,reticle,fern,plant,a photo of Polypodiopsida.,0.238063
plant,horsenettle_166822583.jpg,reticle,clover,plant,a photo of Trifolium.,0.241013
plant,horsenettle_166822583.jpg,reticle,pine,plant,a photo of Pinus.,0.229225
plant,horsenettle_166822583.jpg,reticle,dandelion,plant,a photo of Taraxacum.,0.285767
plant,horsenettle_166822583.jpg,reticle,poison ivy,hazard,a photo of Toxicodendron radicans.,0.335316
plant,horsenettle_166822583.jpg,reticle,poison oak,hazard,a photo of Toxicodendron pubescens.,0.321405
plant,horsenettle_166822583.jpg,reticle,poison sumac,hazard,a photo of Toxicodendron vernix.,0.233257
plant,horsenettle_166822583.jpg,reticle,pokeweed,hazard,a photo of Phytolacca americana.,0.410251
plant,horsenettle_166822583.jpg,reticle,Carolina horsenettle,hazard,a photo of Solanum carolinense.,0.692554
plant,horsenettle_166822583.jpg,reticle,lawn,scene,a photo of lawn.,0.254968
plant,horsenettle_166822583.jpg,reticle,field,scene,a photo of field.,0.291182
plant,horsenettle_166822583.jpg,reticle,weedy garden bed,scene,a photo of weedy garden bed.,0.327749
plant,horsenettle_166822583.jpg,reticle,pavement,scene,a photo of pavement.,0.274155
plant,horsenettle_166822583.jpg,reticle,person,scene,a photo of person.,0.205200
plant,horsenettle_166822583.jpg,reticle,screen,scene,a photo of screen.,0.243133
plant,horsenettle_7378512.jpg,full,grass,plant,a photo of Poaceae.,0.237856
plant,horsenettle_7378512.jpg,full,oak,plant,a photo of Quercus.,0.287596
plant,horsenettle_7378512.jpg,full,fern,plant,a photo of Polypodiopsida.,0.228018
plant,horsenettle_7378512.jpg,full,clover,plant,a photo of Trifolium.,0.271650
plant,horsenettle_7378512.jpg,full,pine,plant,a photo of Pinus.,0.214350
plant,horsenettle_7378512.jpg,full,dandelion,plant,a photo of Taraxacum.,0.276747
plant,horsenettle_7378512.jpg,full,poison ivy,hazard,a photo of Toxicodendron radicans.,0.282617
plant,horsenettle_7378512.jpg,full,poison oak,hazard,a photo of Toxicodendron pubescens.,0.253831
plant,horsenettle_7378512.jpg,full,poison sumac,hazard,a photo of Toxicodendron vernix.,0.209699
plant,horsenettle_7378512.jpg,full,pokeweed,hazard,a photo of Phytolacca americana.,0.337488
plant,horsenettle_7378512.jpg,full,Carolina horsenettle,hazard,a photo of Solanum carolinense.,0.509787
plant,horsenettle_7378512.jpg,full,lawn,scene,a photo of lawn.,0.234528
plant,horsenettle_7378512.jpg,full,field,scene,a photo of field.,0.251610
plant,horsenettle_7378512.jpg,full,weedy garden bed,scene,a photo of weedy garden bed.,0.314934
plant,horsenettle_7378512.jpg,full,pavement,scene,a photo of pavement.,0.264403
plant,horsenettle_7378512.jpg,full,person,scene,a photo of person.,0.222779
plant,horsenettle_7378512.jpg,full,screen,scene,a photo of screen.,0.257719
plant,horsenettle_7378512.jpg,reticle,grass,plant,a photo of Poaceae.,0.245949
plant,horsenettle_7378512.jpg,reticle,oak,plant,a photo of Quercus.,0.293589
plant,horsenettle_7378512.jpg,reticle,fern,plant,a photo of Polypodiopsida.,0.242334
plant,horsenettle_7378512.jpg,reticle,clover,plant,a photo of Trifolium.,0.263330
plant,horsenettle_7378512.jpg,reticle,pine,plant,a photo of Pinus.,0.222531
plant,horsenettle_7378512.jpg,reticle,dandelion,plant,a photo of Taraxacum.,0.286802
plant,horsenettle_7378512.jpg,reticle,poison ivy,hazard,a photo of Toxicodendron radicans.,0.285792
plant,horsenettle_7378512.jpg,reticle,poison oak,hazard,a photo of Toxicodendron pubescens.,0.265264
plant,horsenettle_7378512.jpg,reticle,poison sumac,hazard,a photo of Toxicodendron vernix.,0.217309
plant,horsenettle_7378512.jpg,reticle,pokeweed,hazard,a photo of Phytolacca americana.,0.352817
plant,horsenettle_7378512.jpg,reticle,Carolina horsenettle,hazard,a photo of Solanum carolinense.,0.555601
plant,horsenettle_7378512.jpg,reticle,lawn,scene,a photo of lawn.,0.233969
plant,horsenettle_7378512.jpg,reticle,field,scene,a photo of field.,0.270638
plant,horsenettle_7378512.jpg,reticle,weedy garden bed,scene,a photo of weedy garden bed.,0.322583
plant,horsenettle_7378512.jpg,reticle,pavement,scene,a photo of pavement.,0.273191
plant,horsenettle_7378512.jpg,reticle,person,scene,a photo of person.,0.225724
plant,horsenettle_7378512.jpg,reticle,screen,scene,a photo of screen.,0.267426
plant,horsenettle_294427611.jpg,full,grass,plant,a photo of Poaceae.,0.297393
plant,horsenettle_294427611.jpg,full,oak,plant,a photo of Quercus.,0.309208
plant,horsenettle_294427611.jpg,full,fern,plant,a photo of Polypodiopsida.,0.294665
plant,horsenettle_294427611.jpg,full,clover,plant,a photo of Trifolium.,0.295668
plant,horsenettle_294427611.jpg,full,pine,plant,a photo of Pinus.,0.268342
plant,horsenettle_294427611.jpg,full,dandelion,plant,a photo of Taraxacum.,0.322618
plant,horsenettle_294427611.jpg,full,poison ivy,hazard,a photo of Toxicodendron radicans.,0.341057
plant,horsenettle_294427611.jpg,full,poison oak,hazard,a photo of Toxicodendron pubescens.,0.313787
plant,horsenettle_294427611.jpg,full,poison sumac,hazard,a photo of Toxicodendron vernix.,0.278507
plant,horsenettle_294427611.jpg,full,pokeweed,hazard,a photo of Phytolacca americana.,0.379193
plant,horsenettle_294427611.jpg,full,Carolina horsenettle,hazard,a photo of Solanum carolinense.,0.613461
plant,horsenettle_294427611.jpg,full,lawn,scene,a photo of lawn.,0.326329
plant,horsenettle_294427611.jpg,full,field,scene,a photo of field.,0.314129
plant,horsenettle_294427611.jpg,full,weedy garden bed,scene,a photo of weedy garden bed.,0.434352
plant,horsenettle_294427611.jpg,full,pavement,scene,a photo of pavement.,0.312029
plant,horsenettle_294427611.jpg,full,person,scene,a photo of person.,0.272780
plant,horsenettle_294427611.jpg,full,screen,scene,a photo of screen.,0.320662
plant,horsenettle_294427611.jpg,reticle,grass,plant,a photo of Poaceae.,0.203601
plant,horsenettle_294427611.jpg,reticle,oak,plant,a photo of Quercus.,0.247131
plant,horsenettle_294427611.jpg,reticle,fern,plant,a photo of Polypodiopsida.,0.209512
plant,horsenettle_294427611.jpg,reticle,clover,plant,a photo of Trifolium.,0.211114
plant,horsenettle_294427611.jpg,reticle,pine,plant,a photo of Pinus.,0.197838
plant,horsenettle_294427611.jpg,reticle,dandelion,plant,a photo of Taraxacum.,0.291507
plant,horsenettle_294427611.jpg,reticle,poison ivy,hazard,a photo of Toxicodendron radicans.,0.331845
plant,horsenettle_294427611.jpg,reticle,poison oak,hazard,a photo of Toxicodendron pubescens.,0.302398
plant,horsenettle_294427611.jpg,reticle,poison sumac,hazard,a photo of Toxicodendron vernix.,0.264323
plant,horsenettle_294427611.jpg,reticle,pokeweed,hazard,a photo of Phytolacca americana.,0.402176
plant,horsenettle_294427611.jpg,reticle,Carolina horsenettle,hazard,a photo of Solanum carolinense.,0.653089
plant,horsenettle_294427611.jpg,reticle,lawn,scene,a photo of lawn.,0.219825
plant,horsenettle_294427611.jpg,reticle,field,scene,a photo of field.,0.251843
plant,horsenettle_294427611.jpg,reticle,weedy garden bed,scene,a photo of weedy garden bed.,0.300558
plant,horsenettle_294427611.jpg,reticle,pavement,scene,a photo of pavement.,0.235359
plant,horsenettle_294427611.jpg,reticle,person,scene,a photo of person.,0.151567
plant,horsenettle_294427611.jpg,reticle,screen,scene,a photo of screen.,0.227433
plant,horsenettle_127279141.jpg,full,grass,plant,a photo of Poaceae.,0.213584
plant,horsenettle_127279141.jpg,full,oak,plant,a photo of Quercus.,0.275791
plant,horsenettle_127279141.jpg,full,fern,plant,a photo of Polypodiopsida.,0.221954
plant,horsenettle_127279141.jpg,full,clover,plant,a photo of Trifolium.,0.213921
plant,horsenettle_127279141.jpg,full,pine,plant,a photo of Pinus.,0.183001
plant,horsenettle_127279141.jpg,full,dandelion,plant,a photo of Taraxacum.,0.285773
plant,horsenettle_127279141.jpg,full,poison ivy,hazard,a photo of Toxicodendron radicans.,0.307054
plant,horsenettle_127279141.jpg,full,poison oak,hazard,a photo of Toxicodendron pubescens.,0.317232
plant,horsenettle_127279141.jpg,full,poison sumac,hazard,a photo of Toxicodendron vernix.,0.199670
plant,horsenettle_127279141.jpg,full,pokeweed,hazard,a photo of Phytolacca americana.,0.368788
plant,horsenettle_127279141.jpg,full,Carolina horsenettle,hazard,a photo of Solanum carolinense.,0.669908
plant,horsenettle_127279141.jpg,full,lawn,scene,a photo of lawn.,0.211605
plant,horsenettle_127279141.jpg,full,field,scene,a photo of field.,0.268211
plant,horsenettle_127279141.jpg,full,weedy garden bed,scene,a photo of weedy garden bed.,0.293005
plant,horsenettle_127279141.jpg,full,pavement,scene,a photo of pavement.,0.226932
plant,horsenettle_127279141.jpg,full,person,scene,a photo of person.,0.171546
plant,horsenettle_127279141.jpg,full,screen,scene,a photo of screen.,0.222109
plant,horsenettle_127279141.jpg,reticle,grass,plant,a photo of Poaceae.,0.213793
plant,horsenettle_127279141.jpg,reticle,oak,plant,a photo of Quercus.,0.262187
plant,horsenettle_127279141.jpg,reticle,fern,plant,a photo of Polypodiopsida.,0.213114
plant,horsenettle_127279141.jpg,reticle,clover,plant,a photo of Trifolium.,0.208981
plant,horsenettle_127279141.jpg,reticle,pine,plant,a photo of Pinus.,0.186606
plant,horsenettle_127279141.jpg,reticle,dandelion,plant,a photo of Taraxacum.,0.278341
plant,horsenettle_127279141.jpg,reticle,poison ivy,hazard,a photo of Toxicodendron radicans.,0.315982
plant,horsenettle_127279141.jpg,reticle,poison oak,hazard,a photo of Toxicodendron pubescens.,0.315919
plant,horsenettle_127279141.jpg,reticle,poison sumac,hazard,a photo of Toxicodendron vernix.,0.193791
plant,horsenettle_127279141.jpg,reticle,pokeweed,hazard,a photo of Phytolacca americana.,0.377585
plant,horsenettle_127279141.jpg,reticle,Carolina horsenettle,hazard,a photo of Solanum carolinense.,0.679428
plant,horsenettle_127279141.jpg,reticle,lawn,scene,a photo of lawn.,0.204086
plant,horsenettle_127279141.jpg,reticle,field,scene,a photo of field.,0.264690
plant,horsenettle_127279141.jpg,reticle,weedy garden bed,scene,a photo of weedy garden bed.,0.281568
plant,horsenettle_127279141.jpg,reticle,pavement,scene,a photo of pavement.,0.227799
plant,horsenettle_127279141.jpg,reticle,person,scene,a photo of person.,0.154136
plant,horsenettle_127279141.jpg,reticle,screen,scene,a photo of screen.,0.212518
plant,horsenettle_317558499.jpg,full,grass,plant,a photo of Poaceae.,0.244013
plant,horsenettle_317558499.jpg,full,oak,plant,a photo of Quercus.,0.291673
plant,horsenettle_317558499.jpg,full,fern,plant,a photo of Polypodiopsida.,0.239041
plant,horsenettle_317558499.jpg,full,clover,plant,a photo of Trifolium.,0.236541
plant,horsenettle_317558499.jpg,full,pine,plant,a photo of Pinus.,0.208462
plant,horsenettle_317558499.jpg,full,dandelion,plant,a photo of Taraxacum.,0.288086
plant,horsenettle_317558499.jpg,full,poison ivy,hazard,a photo of Toxicodendron radicans.,0.311515
plant,horsenettle_317558499.jpg,full,poison oak,hazard,a photo of Toxicodendron pubescens.,0.346957
plant,horsenettle_317558499.jpg,full,poison sumac,hazard,a photo of Toxicodendron vernix.,0.222100
plant,horsenettle_317558499.jpg,full,pokeweed,hazard,a photo of Phytolacca americana.,0.382543
plant,horsenettle_317558499.jpg,full,Carolina horsenettle,hazard,a photo of Solanum carolinense.,0.673789
plant,horsenettle_317558499.jpg,full,lawn,scene,a photo of lawn.,0.231669
plant,horsenettle_317558499.jpg,full,field,scene,a photo of field.,0.288837
plant,horsenettle_317558499.jpg,full,weedy garden bed,scene,a photo of weedy garden bed.,0.322230
plant,horsenettle_317558499.jpg,full,pavement,scene,a photo of pavement.,0.254889
plant,horsenettle_317558499.jpg,full,person,scene,a photo of person.,0.205641
plant,horsenettle_317558499.jpg,full,screen,scene,a photo of screen.,0.245519
plant,horsenettle_317558499.jpg,reticle,grass,plant,a photo of Poaceae.,0.235294
plant,horsenettle_317558499.jpg,reticle,oak,plant,a photo of Quercus.,0.290327
plant,horsenettle_317558499.jpg,reticle,fern,plant,a photo of Polypodiopsida.,0.230556
plant,horsenettle_317558499.jpg,reticle,clover,plant,a photo of Trifolium.,0.230527
plant,horsenettle_317558499.jpg,reticle,pine,plant,a photo of Pinus.,0.199079
plant,horsenettle_317558499.jpg,reticle,dandelion,plant,a photo of Taraxacum.,0.282925
plant,horsenettle_317558499.jpg,reticle,poison ivy,hazard,a photo of Toxicodendron radicans.,0.314160
plant,horsenettle_317558499.jpg,reticle,poison oak,hazard,a photo of Toxicodendron pubescens.,0.348916
plant,horsenettle_317558499.jpg,reticle,poison sumac,hazard,a photo of Toxicodendron vernix.,0.213428
plant,horsenettle_317558499.jpg,reticle,pokeweed,hazard,a photo of Phytolacca americana.,0.375440
plant,horsenettle_317558499.jpg,reticle,Carolina horsenettle,hazard,a photo of Solanum carolinense.,0.663905
plant,horsenettle_317558499.jpg,reticle,lawn,scene,a photo of lawn.,0.226212
plant,horsenettle_317558499.jpg,reticle,field,scene,a photo of field.,0.280865
plant,horsenettle_317558499.jpg,reticle,weedy garden bed,scene,a photo of weedy garden bed.,0.308725
plant,horsenettle_317558499.jpg,reticle,pavement,scene,a photo of pavement.,0.240801
plant,horsenettle_317558499.jpg,reticle,person,scene,a photo of person.,0.193952
plant,horsenettle_317558499.jpg,reticle,screen,scene,a photo of screen.,0.241550
plant,horsenettle_363487826.jpg,full,grass,plant,a photo of Poaceae.,0.254785
plant,horsenettle_363487826.jpg,full,oak,plant,a photo of Quercus.,0.299372
plant,horsenettle_363487826.jpg,full,fern,plant,a photo of Polypodiopsida.,0.255716
plant,horsenettle_363487826.jpg,full,clover,plant,a photo of Trifolium.,0.264063
plant,horsenettle_363487826.jpg,full,pine,plant,a photo of Pinus.,0.249144
plant,horsenettle_363487826.jpg,full,dandelion,plant,a photo of Taraxacum.,0.345606
plant,horsenettle_363487826.jpg,full,poison ivy,hazard,a photo of Toxicodendron radicans.,0.362151
plant,horsenettle_363487826.jpg,full,poison oak,hazard,a photo of Toxicodendron pubescens.,0.357243
plant,horsenettle_363487826.jpg,full,poison sumac,hazard,a photo of Toxicodendron vernix.,0.293698
plant,horsenettle_363487826.jpg,full,pokeweed,hazard,a photo of Phytolacca americana.,0.421642
plant,horsenettle_363487826.jpg,full,Carolina horsenettle,hazard,a photo of Solanum carolinense.,0.653628
plant,horsenettle_363487826.jpg,full,lawn,scene,a photo of lawn.,0.264527
plant,horsenettle_363487826.jpg,full,field,scene,a photo of field.,0.304185
plant,horsenettle_363487826.jpg,full,weedy garden bed,scene,a photo of weedy garden bed.,0.360762
plant,horsenettle_363487826.jpg,full,pavement,scene,a photo of pavement.,0.313304
plant,horsenettle_363487826.jpg,full,person,scene,a photo of person.,0.230374
plant,horsenettle_363487826.jpg,full,screen,scene,a photo of screen.,0.315103
plant,horsenettle_363487826.jpg,reticle,grass,plant,a photo of Poaceae.,0.382804
plant,horsenettle_363487826.jpg,reticle,oak,plant,a photo of Quercus.,0.391025
plant,horsenettle_363487826.jpg,reticle,fern,plant,a photo of Polypodiopsida.,0.344992
plant,horsenettle_363487826.jpg,reticle,clover,plant,a photo of Trifolium.,0.377384
plant,horsenettle_363487826.jpg,reticle,pine,plant,a photo of Pinus.,0.364035
plant,horsenettle_363487826.jpg,reticle,dandelion,plant,a photo of Taraxacum.,0.422636
plant,horsenettle_363487826.jpg,reticle,poison ivy,hazard,a photo of Toxicodendron radicans.,0.354073
plant,horsenettle_363487826.jpg,reticle,poison oak,hazard,a photo of Toxicodendron pubescens.,0.402970
plant,horsenettle_363487826.jpg,reticle,poison sumac,hazard,a photo of Toxicodendron vernix.,0.354722
plant,horsenettle_363487826.jpg,reticle,pokeweed,hazard,a photo of Phytolacca americana.,0.379197
plant,horsenettle_363487826.jpg,reticle,Carolina horsenettle,hazard,a photo of Solanum carolinense.,0.509881
plant,horsenettle_363487826.jpg,reticle,lawn,scene,a photo of lawn.,0.376450
plant,horsenettle_363487826.jpg,reticle,field,scene,a photo of field.,0.360860
plant,horsenettle_363487826.jpg,reticle,weedy garden bed,scene,a photo of weedy garden bed.,0.486730
plant,horsenettle_363487826.jpg,reticle,pavement,scene,a photo of pavement.,0.441805
plant,horsenettle_363487826.jpg,reticle,person,scene,a photo of person.,0.391694
plant,horsenettle_363487826.jpg,reticle,screen,scene,a photo of screen.,0.397995
plant,horsenettle_298443769.jpg,full,grass,plant,a photo of Poaceae.,0.239124
plant,horsenettle_298443769.jpg,full,oak,plant,a photo of Quercus.,0.281227
plant,horsenettle_298443769.jpg,full,fern,plant,a photo of Polypodiopsida.,0.218570
plant,horsenettle_298443769.jpg,full,clover,plant,a photo of Trifolium.,0.274543
plant,horsenettle_298443769.jpg,full,pine,plant,a photo of Pinus.,0.228587
plant,horsenettle_298443769.jpg,full,dandelion,plant,a photo of Taraxacum.,0.249022
plant,horsenettle_298443769.jpg,full,poison ivy,hazard,a photo of Toxicodendron radicans.,0.249763
plant,horsenettle_298443769.jpg,full,poison oak,hazard,a photo of Toxicodendron pubescens.,0.241823
plant,horsenettle_298443769.jpg,full,poison sumac,hazard,a photo of Toxicodendron vernix.,0.229794
plant,horsenettle_298443769.jpg,full,pokeweed,hazard,a photo of Phytolacca americana.,0.254688
plant,horsenettle_298443769.jpg,full,Carolina horsenettle,hazard,a photo of Solanum carolinense.,0.447826
plant,horsenettle_298443769.jpg,full,lawn,scene,a photo of lawn.,0.253673
plant,horsenettle_298443769.jpg,full,field,scene,a photo of field.,0.251559
plant,horsenettle_298443769.jpg,full,weedy garden bed,scene,a photo of weedy garden bed.,0.321868
plant,horsenettle_298443769.jpg,full,pavement,scene,a photo of pavement.,0.261643
plant,horsenettle_298443769.jpg,full,person,scene,a photo of person.,0.208258
plant,horsenettle_298443769.jpg,full,screen,scene,a photo of screen.,0.270424
plant,horsenettle_298443769.jpg,reticle,grass,plant,a photo of Poaceae.,0.255011
plant,horsenettle_298443769.jpg,reticle,oak,plant,a photo of Quercus.,0.269242
plant,horsenettle_298443769.jpg,reticle,fern,plant,a photo of Polypodiopsida.,0.243063
plant,horsenettle_298443769.jpg,reticle,clover,plant,a photo of Trifolium.,0.237588
plant,horsenettle_298443769.jpg,reticle,pine,plant,a photo of Pinus.,0.222051
plant,horsenettle_298443769.jpg,reticle,dandelion,plant,a photo of Taraxacum.,0.286052
plant,horsenettle_298443769.jpg,reticle,poison ivy,hazard,a photo of Toxicodendron radicans.,0.283935
plant,horsenettle_298443769.jpg,reticle,poison oak,hazard,a photo of Toxicodendron pubescens.,0.274768
plant,horsenettle_298443769.jpg,reticle,poison sumac,hazard,a photo of Toxicodendron vernix.,0.241399
plant,horsenettle_298443769.jpg,reticle,pokeweed,hazard,a photo of Phytolacca americana.,0.322272
plant,horsenettle_298443769.jpg,reticle,Carolina horsenettle,hazard,a photo of Solanum carolinense.,0.614790
plant,horsenettle_298443769.jpg,reticle,lawn,scene,a photo of lawn.,0.277505
plant,horsenettle_298443769.jpg,reticle,field,scene,a photo of field.,0.269237
plant,horsenettle_298443769.jpg,reticle,weedy garden bed,scene,a photo of weedy garden bed.,0.337115
plant,horsenettle_298443769.jpg,reticle,pavement,scene,a photo of pavement.,0.274800
plant,horsenettle_298443769.jpg,reticle,person,scene,a photo of person.,0.196813
plant,horsenettle_298443769.jpg,reticle,screen,scene,a photo of screen.,0.272675
