set,photo,region,top1,top1_score,top1_is_hazard,best_hazard,best_hazard_score,best_hazard_rank,best_other,best_other_score,top5
non-plant,computer_monitor_2.jpg,full,Pachycereus pringlei,0.573469,False,Toxicodendron diversilobum,0.355894,1245,Pachycereus pringlei,0.573469,Pachycereus pringlei 0.573; Lophocereus schottii 0.559; Delonix regia 0.533; Pachycereus pecten-aboriginum 0.530; Cyathea dealbata 0.530
non-plant,computer_monitor_2.jpg,reticle,Ceiba pentandra,0.541764,False,Toxicodendron radicans,0.416347,579,Ceiba pentandra,0.541764,Ceiba pentandra 0.542; Acer saccharinum 0.523; Paulownia tomentosa 0.522; Parthenocissus tricuspidata 0.520; Acacia dealbata 0.518
non-plant,smartphone_display_4.jpg,full,Nymphoides indica,0.569017,False,Phytolacca americana,0.422950,1786,Nymphoides indica,0.569017,Nymphoides indica 0.569; Spirodela polyrhiza 0.560; Utricularia gibba 0.558; Avicennia marina 0.558; Salvinia minima 0.557
non-plant,smartphone_display_4.jpg,reticle,Paraserianthes lophantha,0.588506,False,Toxicodendron diversilobum,0.456905,1585,Paraserianthes lophantha,0.588506,Paraserianthes lophantha 0.589; Selenicereus undatus 0.583; Ficinia nodosa 0.571; Salicornia quinqueflora 0.571; Acacia cyclops 0.570
non-plant,laptop_screen_5.jpg,full,Schoenoplectus pungens,0.642213,False,Solanum carolinense,0.435696,1092,Schoenoplectus pungens,0.642213,Schoenoplectus pungens 0.642; Juncus balticus 0.637; Eleocharis palustris 0.625; Carex oligosperma 0.613; Juncus compressus 0.612
non-plant,laptop_screen_5.jpg,reticle,Themeda triandra,0.660008,False,Solanum carolinense,0.405468,1881,Themeda triandra,0.660008,Themeda triandra 0.660; Nassella leucotricha 0.633; Chloris barbata 0.632; Bothriochloa ischaemum 0.632; Paspalum notatum 0.618
non-plant,laptop_screen_6.jpg,full,Ripogonum scandens,0.592439,False,Toxicodendron diversilobum,0.443583,1693,Ripogonum scandens,0.592439,Ripogonum scandens 0.592; Hakea sericea 0.586; Coprosma crassifolia 0.580; Dianella nigra 0.579; Agathis australis 0.579
non-plant,laptop_screen_6.jpg,reticle,Nymphaea alba,0.683813,False,Toxicodendron vernix,0.365292,576,Nymphaea alba,0.683813,Nymphaea alba 0.684; Nymphaea candida 0.668; Brasenia schreberi 0.668; Nymphaea odorata 0.658; Trapa natans 0.621
non-plant,asphalt_road_7.jpg,full,Koelreuteria paniculata,0.556900,False,Toxicodendron radicans,0.450053,179,Koelreuteria paniculata,0.556900,Koelreuteria paniculata 0.557; Pyrus calleryana 0.530; Ulmus parvifolia 0.528; Parthenocissus tricuspidata 0.522; Oenothera triloba 0.511
non-plant,asphalt_road_7.jpg,reticle,Vachellia farnesiana,0.597665,False,Toxicodendron radicans,0.481204,347,Vachellia farnesiana,0.597665,Vachellia farnesiana 0.598; Parkinsonia aculeata 0.578; Gleditsia triacanthos 0.572; Prosopis glandulosa 0.571; Salix babylonica 0.569
non-plant,asphalt_road_8.jpg,full,Agathis australis,0.637331,False,Toxicodendron diversilobum,0.410130,944,Agathis australis,0.637331,Agathis australis 0.637; Paraserianthes lophantha 0.604; Metrosideros excelsa 0.588; Rhopalostylis sapida 0.588; Cupressus macrocarpa 0.584
non-plant,asphalt_road_8.jpg,reticle,Ficus pumila,0.619481,False,Toxicodendron radicans,0.425409,1103,Ficus pumila,0.619481,Ficus pumila 0.619; Ficus microcarpa 0.619; Tabebuia rosea 0.619; Ceiba pentandra 0.618; Mangifera indica 0.618
non-plant,concrete_sidewalk_9.jpg,full,Cynodon dactylon,0.624919,False,Solanum carolinense,0.427427,948,Cynodon dactylon,0.624919,Cynodon dactylon 0.625; Bothriochloa ischaemum 0.625; Paspalum urvillei 0.602; Imperata cylindrica 0.594; Nassella leucotricha 0.593
non-plant,concrete_sidewalk_9.jpg,reticle,Agathis australis,0.575951,False,Toxicodendron vernix,0.411480,1153,Agathis australis,0.575951,Agathis australis 0.576; Dacrydium cupressinum 0.571; Pinus monticola 0.566; Pinus lambertiana 0.560; Dacrycarpus dacrydioides 0.558
non-plant,concrete_sidewalk_10.jpg,full,Delonix regia,0.586947,False,Phytolacca americana,0.431268,1344,Delonix regia,0.586947,Delonix regia 0.587; Haemanthus coccineus 0.585; Persea americana 0.582; Selenicereus undatus 0.580; Paraserianthes lophantha 0.579
non-plant,concrete_sidewalk_10.jpg,reticle,Ipomoea carnea,0.594717,False,Phytolacca americana,0.466266,673,Ipomoea carnea,0.594717,Ipomoea carnea 0.595; Pontederia crassipes 0.593; Musa acuminata 0.578; Canna indica 0.578; Paraserianthes lophantha 0.576
non-plant,portrait_woman_12.jpg,full,Selenicereus undatus,0.540823,False,Phytolacca americana,0.429711,842,Selenicereus undatus,0.540823,Selenicereus undatus 0.541; Crescentia cujete 0.536; Spathodea campanulata 0.531; Salix babylonica 0.531; Mangifera indica 0.526
non-plant,portrait_woman_12.jpg,reticle,Salix babylonica,0.541140,False,Phytolacca americana,0.414349,787,Salix babylonica,0.541140,Salix babylonica 0.541; Selenicereus undatus 0.529; Passiflora edulis 0.524; Jacaranda mimosifolia 0.524; Lagerstroemia indica 0.518
non-plant,child_playing_13.jpg,full,Adansonia digitata,0.593573,False,Toxicodendron rydbergii,0.384422,1754,Adansonia digitata,0.593573,Adansonia digitata 0.594; Boophone disticha 0.573; Ceiba pentandra 0.568; Delonix regia 0.565; Calotropis procera 0.564
non-plant,child_playing_13.jpg,reticle,Tamarindus indica,0.631528,False,Toxicodendron diversilobum,0.396245,1534,Tamarindus indica,0.631528,Tamarindus indica 0.632; Adansonia digitata 0.602; Ebenopsis ebano 0.602; Delonix regia 0.602; Enterolobium cyclocarpum 0.599
non-plant,child_playing_14.jpg,full,Oenothera macrocarpa,0.591709,False,Toxicodendron rydbergii,0.424914,1182,Oenothera macrocarpa,0.591709,Oenothera macrocarpa 0.592; Boophone disticha 0.587; Adansonia digitata 0.586; Calotropis procera 0.565; Ipomoea carnea 0.562
non-plant,child_playing_14.jpg,reticle,Enterolobium cyclocarpum,0.621696,False,Phytolacca americana,0.408809,1574,Enterolobium cyclocarpum,0.621696,Enterolobium cyclocarpum 0.622; Vachellia cornigera 0.619; Calotropis procera 0.614; Adansonia digitata 0.610; Ceiba pentandra 0.601
non-plant,living_room_16.jpg,full,Ceiba pentandra,0.587132,False,Toxicodendron pubescens,0.448052,1736,Ceiba pentandra,0.587132,Ceiba pentandra 0.587; Delonix regia 0.581; Euphorbia caput-medusae 0.579; Tridax procumbens 0.578; Crinum asiaticum 0.578
non-plant,living_room_16.jpg,reticle,Pachycereus pringlei,0.591340,False,Toxicodendron pubescens,0.431802,1587,Pachycereus pringlei,0.591340,Pachycereus pringlei 0.591; Selliera radicans 0.581; Delonix regia 0.579; Casuarina equisetifolia 0.577; Tabebuia rosea 0.576
non-plant,dog_17.jpg,full,Tillandsia recurvata,0.564413,False,Toxicodendron diversilobum,0.396810,1367,Tillandsia recurvata,0.564413,Tillandsia recurvata 0.564; Polypodium scouleri 0.564; Selenicereus undatus 0.561; Codium fragile 0.558; Avicennia marina 0.552
non-plant,dog_17.jpg,reticle,Selenicereus undatus,0.597430,False,Toxicodendron diversilobum,0.380444,2399,Selenicereus undatus,0.597430,Selenicereus undatus 0.597; Agave salmiana 0.597; Myrtillocactus geometrizans 0.576; Prosopis laevigata 0.573; Agave americana 0.564
non-plant,car_19.jpg,full,Tillandsia recurvata,0.596825,False,Phytolacca americana,0.398374,1159,Tillandsia recurvata,0.596825,Tillandsia recurvata 0.597; Selenicereus undatus 0.571; Tillandsia utriculata 0.557; Tillandsia usneoides 0.537; Pontederia crassipes 0.534
non-plant,car_19.jpg,reticle,Selenicereus undatus,0.592384,False,Phytolacca americana,0.456556,773,Selenicereus undatus,0.592384,Selenicereus undatus 0.592; Tillandsia recurvata 0.554; Acanthocereus tetragonus 0.551; Colocasia esculenta 0.547; Codium fragile 0.545
non-plant,car_20.jpg,full,Phormium tenax,0.568958,False,Phytolacca americana,0.403363,2050,Phormium tenax,0.568958,Phormium tenax 0.569; Pinus radiata 0.565; Typha orientalis 0.560; Astelia nervosa 0.559; Agathis australis 0.557
non-plant,car_20.jpg,reticle,Nelumbo lutea,0.583623,False,Toxicodendron vernix,0.425532,1022,Nelumbo lutea,0.583623,Nelumbo lutea 0.584; Canna indica 0.582; Nymphaea nouchali 0.578; Nelumbo nucifera 0.574; Tithonia diversifolia 0.574
mixed,lawn_mowed_22.jpg,full,Cortaderia jubata,0.602331,False,Toxicodendron diversilobum,0.376104,1803,Cortaderia jubata,0.602331,Cortaderia jubata 0.602; Cortaderia selloana 0.581; Austroderia richardii 0.575; Apodasmia similis 0.570; Phoenix canariensis 0.569
mixed,lawn_mowed_22.jpg,reticle,Phoenix canariensis,0.560121,False,Phytolacca americana,0.429900,487,Phoenix canariensis,0.560121,Phoenix canariensis 0.560; Jacaranda mimosifolia 0.537; Ailanthus altissima 0.527; Paraserianthes lophantha 0.517; Cortaderia selloana 0.516
plant,oak_1.jpg,full,Mammillaria heyderi,0.582886,False,Phytolacca americana,0.395526,1337,Mammillaria heyderi,0.582886,Mammillaria heyderi 0.583; Opuntia ficus-indica 0.580; Mammillaria tetrancistra 0.575; Escobaria vivipara 0.573; Calotropis procera 0.572
plant,oak_1.jpg,reticle,Plumeria rubra,0.591795,False,Phytolacca americana,0.436923,639,Plumeria rubra,0.591795,Plumeria rubra 0.592; Calotropis procera 0.588; Opuntia ficus-indica 0.586; Ipomoea carnea 0.583; Crescentia cujete 0.581
plant,oak_2.jpg,full,Acer grandidentatum,0.612835,False,Toxicodendron pubescens,0.433481,35,Acer grandidentatum,0.612835,Acer grandidentatum 0.613; Quercus buckleyi 0.574; Quercus rubra 0.569; Acer floridanum 0.567; Acer saccharum 0.565
plant,oak_2.jpg,reticle,Quercus shumardii,0.619543,False,Toxicodendron pubescens,0.410863,89,Quercus shumardii,0.619543,Quercus shumardii 0.620; Quercus rubra 0.615; Quercus coccinea 0.605; Quercus palustris 0.604; Quercus buckleyi 0.599
plant,fern_1.jpg,full,Cryptogramma acrostichoides,0.680359,False,Toxicodendron rydbergii,0.396037,447,Cryptogramma acrostichoides,0.680359,Cryptogramma acrostichoides 0.680; Aspidotis densa 0.664; Phyllodoce empetriformis 0.593; Phyllodoce breweri 0.591; Sedum lanceolatum 0.577
plant,fern_1.jpg,reticle,Cryptogramma acrostichoides,0.664817,False,Toxicodendron rydbergii,0.403070,493,Cryptogramma acrostichoides,0.664817,Cryptogramma acrostichoides 0.665; Aspidotis densa 0.634; Pellaea glabella 0.626; Pellaea mucronata 0.581; Polypodium glycyrrhiza 0.573
plant,fern_2.jpg,full,Polystichum vestitum,0.695510,False,Toxicodendron diversilobum,0.281300,2134,Polystichum vestitum,0.695510,Polystichum vestitum 0.696; Dicksonia squarrosa 0.668; Polystichum neozelandicum 0.634; Dicksonia fibrosa 0.619; Paesia scaberula 0.603
plant,fern_2.jpg,reticle,Woodwardia fimbriata,0.661062,False,Toxicodendron diversilobum,0.424878,148,Woodwardia fimbriata,0.661062,Woodwardia fimbriata 0.661; Pteridium aquilinum 0.624; Pteris tremula 0.611; Rumohra adiantiformis 0.605; Dryopteris arguta 0.596
plant,clover_1.jpg,full,Urtica dioica,0.647803,False,Solanum carolinense,0.342996,390,Urtica dioica,0.647803,Urtica dioica 0.648; Boehmeria cylindrica 0.513; Urtica urens 0.494; Lamium album 0.482; Laportea canadensis 0.480
plant,clover_1.jpg,reticle,Urtica dioica,0.620172,False,Phytolacca americana,0.306456,448,Urtica dioica,0.620172,Urtica dioica 0.620; Lamium album 0.472; Filipendula ulmaria 0.464; Rubus idaeus 0.455; Urtica ferox 0.449
plant,clover_2.jpg,full,Simmondsia chinensis,0.560205,False,Phytolacca americana,0.439720,1415,Simmondsia chinensis,0.560205,Simmondsia chinensis 0.560; Silene uniflora 0.558; Opuntia ficus-indica 0.553; Hypericum calycinum 0.548; Oenothera macrocarpa 0.546
plant,clover_2.jpg,reticle,Carya ovata,0.669932,False,Toxicodendron radicans,0.456126,130,Carya ovata,0.669932,Carya ovata 0.670; Carya glabra 0.641; Carya tomentosa 0.630; Carya cordiformis 0.620; Juglans cinerea 0.607
plant,pine_1.jpg,full,Bursera simaruba,0.580546,False,Toxicodendron radicans,0.465730,105,Bursera simaruba,0.580546,Bursera simaruba 0.581; Betula nigra 0.549; Prunus serotina 0.549; Betula papyrifera 0.542; Platanus occidentalis 0.538
plant,pine_1.jpg,reticle,Cochlospermum vitifolium,0.577664,False,Toxicodendron radicans,0.540056,17,Cochlospermum vitifolium,0.577664,Cochlospermum vitifolium 0.578; Campsis radicans 0.572; Gleditsia triacanthos 0.570; Zanthoxylum clava-herculis 0.568; Ceiba pentandra 0.561
plant,pine_2.jpg,full,Quercus macrocarpa,0.579032,False,Toxicodendron radicans,0.501431,25,Quercus macrocarpa,0.579032,Quercus macrocarpa 0.579; Quercus alba 0.562; Quercus rubra 0.550; Quercus velutina 0.546; Carya ovata 0.537
plant,pine_2.jpg,reticle,Pinus taeda,0.651551,False,Toxicodendron pubescens,0.474551,29,Pinus taeda,0.651551,Pinus taeda 0.652; Pinus echinata 0.626; Pinus palustris 0.611; Pinus elliottii 0.609; Pinus pinaster 0.589
plant,dandelion_1.jpg,full,Chondrilla juncea,0.558585,False,Phytolacca americana,0.367780,1088,Chondrilla juncea,0.558585,Chondrilla juncea 0.559; Asparagus officinalis 0.541; Stephanomeria pauciflora 0.539; Ambrosia salsola 0.538; Salsola tragus 0.533
plant,dandelion_1.jpg,reticle,Parkinsonia aculeata,0.572845,False,Phytolacca americana,0.414182,414,Parkinsonia aculeata,0.572845,Parkinsonia aculeata 0.573; Casuarina equisetifolia 0.546; Spartium junceum 0.539; Asparagus officinalis 0.538; Equisetum ramosissimum 0.526
plant,dandelion_2.jpg,full,Thamnosma montana,0.690423,False,Toxicodendron diversilobum,0.440183,351,Thamnosma montana,0.690423,Thamnosma montana 0.690; Senna armata 0.666; Ephedra trifurca 0.644; Ephedra viridis 0.636; Canotia holacantha 0.620
plant,dandelion_2.jpg,reticle,Thamnosma montana,0.662882,False,Toxicodendron diversilobum,0.457790,326,Thamnosma montana,0.662882,Thamnosma montana 0.663; Ephedra trifurca 0.655; Ephedra viridis 0.642; Senna armata 0.634; Euphorbia antisyphilitica 0.633
plant,grass_1.jpg,full,Rhynchospora alba,0.627360,False,Toxicodendron radicans,0.391005,657,Rhynchospora alba,0.627360,Rhynchospora alba 0.627; Carex canescens 0.592; Eriocaulon aquaticum 0.588; Carex leptalea 0.586; Rhynchospora colorata 0.585
plant,grass_1.jpg,reticle,Dulichium arundinaceum,0.638560,False,Toxicodendron radicans,0.375660,662,Dulichium arundinaceum,0.638560,Dulichium arundinaceum 0.639; Sporobolus alterniflorus 0.637; Distichlis spicata 0.580; Bolboschoenus maritimus 0.573; Glyceria striata 0.571
plant,grass_2.jpg,full,Bothriochloa laguroides,0.626782,False,Solanum carolinense,0.371470,925,Bothriochloa laguroides,0.626782,Bothriochloa laguroides 0.627; Lagurus ovatus 0.607; Imperata cylindrica 0.604; Polypogon monspeliensis 0.603; Cynosurus echinatus 0.568
plant,grass_2.jpg,reticle,Bothriochloa laguroides,0.633878,False,Solanum carolinense,0.337759,1441,Bothriochloa laguroides,0.633878,Bothriochloa laguroides 0.634; Polypogon monspeliensis 0.612; Imperata cylindrica 0.611; Lagurus ovatus 0.602; Andropogon ternarius 0.577
plant,moss_1.jpg,full,Phlegmariurus varius,0.641911,False,Toxicodendron radicans,0.393692,843,Phlegmariurus varius,0.641911,Phlegmariurus varius 0.642; Hymenophyllum nephrophyllum 0.638; Hymenophyllum flabellatum 0.621; Earina autumnalis 0.598; Pyrrosia eleagnifolia 0.593
plant,moss_1.jpg,reticle,Dacrydium cupressinum,0.647906,False,Toxicodendron radicans,0.351325,1559,Dacrydium cupressinum,0.647906,Dacrydium cupressinum 0.648; Phlegmariurus varius 0.638; Astelia hastata 0.623; Metrosideros umbellata 0.623; Metrosideros robusta 0.623
plant,moss_2.jpg,full,Rhytidiadelphus squarrosus,0.689485,False,Phytolacca americana,0.320158,1179,Rhytidiadelphus squarrosus,0.689485,Rhytidiadelphus squarrosus 0.689; Rhytidiadelphus triquetrus 0.643; Syntrichia ruralis 0.623; Racomitrium lanuginosum 0.593; Polytrichum juniperinum 0.568
plant,moss_2.jpg,reticle,Rhytidiadelphus squarrosus,0.708248,False,Phytolacca americana,0.313599,983,Rhytidiadelphus squarrosus,0.708248,Rhytidiadelphus squarrosus 0.708; Rhytidiadelphus triquetrus 0.670; Rhytidiadelphus loreus 0.602; Pleurozium schreberi 0.571; Syntrichia ruralis 0.570
plant,poisonivy_1.jpg,full,Parthenocissus quinquefolia,0.604786,False,Toxicodendron radicans,0.559581,2,Parthenocissus quinquefolia,0.604786,Parthenocissus quinquefolia 0.605; Toxicodendron radicans 0.560; Cissus trifoliata 0.547; Bignonia capreolata 0.509; Ipomoea cairica 0.507
plant,poisonivy_1.jpg,reticle,Toxicodendron radicans,0.581537,True,Toxicodendron radicans,0.581537,1,Parthenocissus quinquefolia,0.578128,Toxicodendron radicans 0.582; Parthenocissus quinquefolia 0.578; Campsis radicans 0.520; Ipomoea cairica 0.498; Rubus trivialis 0.495
plant,poisonivy_2.jpg,full,Trema orientalis,0.566405,False,Toxicodendron radicans,0.487346,47,Trema orientalis,0.566405,Trema orientalis 0.566; Macaranga tanarius 0.560; Bischofia javanica 0.552; Psychotria asiatica 0.547; Callicarpa formosana 0.543
plant,poisonivy_2.jpg,reticle,Psychotria asiatica,0.597562,False,Phytolacca americana,0.411184,416,Psychotria asiatica,0.597562,Psychotria asiatica 0.598; Scaevola taccada 0.595; Morinda citrifolia 0.573; Anacardium occidentale 0.560; Macaranga tanarius 0.549
grass,grass_236380113.jpg,full,Asclepias verticillata,0.585998,False,Toxicodendron pubescens,0.408485,362,Asclepias verticillata,0.585998,Asclepias verticillata 0.586; Cynodon dactylon 0.566; Gomphocarpus fruticosus 0.561; Themeda triandra 0.553; Amsonia ciliata 0.553
grass,grass_236380113.jpg,reticle,Themeda triandra,0.599264,False,Solanum carolinense,0.412555,762,Themeda triandra,0.599264,Themeda triandra 0.599; Cynodon dactylon 0.593; Paspalum notatum 0.576; Distichlis spicata 0.554; Stenotaphrum secundatum 0.549
grass,grass_77707956.jpg,full,Smilax tamnoides,0.624094,False,Toxicodendron radicans,0.454390,108,Smilax tamnoides,0.624094,Smilax tamnoides 0.624; Dioscorea villosa 0.605; Smilax lasioneura 0.603; Cynanchum laeve 0.596; Celtis laevigata 0.591
grass,grass_77707956.jpg,reticle,Toxicodendron radicans,0.629921,True,Toxicodendron radicans,0.629921,1,Triadica sebifera,0.558437,Toxicodendron radicans 0.630; Triadica sebifera 0.558; Cornus drummondii 0.546; Berchemia scandens 0.542; Ampelopsis cordata 0.535
grass,grass_7872367.jpg,full,Arundinaria gigantea,0.552880,False,Phytolacca americana,0.384968,272,Arundinaria gigantea,0.552880,Arundinaria gigantea 0.553; Chasmanthium latifolium 0.536; Arundo donax 0.509; Setaria palmifolia 0.507; Alpinia zerumbet 0.505
grass,grass_7872367.jpg,reticle,Setaria palmifolia,0.565294,False,Phytolacca americana,0.369198,561,Setaria palmifolia,0.565294,Setaria palmifolia 0.565; Arundinaria gigantea 0.553; Arundo donax 0.536; Chasmanthium latifolium 0.528; Alpinia zerumbet 0.524
grass,grass_173869047.jpg,full,Silene antirrhina,0.629815,False,Toxicodendron diversilobum,0.304122,2276,Silene antirrhina,0.629815,Silene antirrhina 0.630; Arenaria serpyllifolia 0.530; Sabulina michauxii 0.528; Juncus bufonius 0.522; Petrorhagia dubia 0.520
grass,grass_173869047.jpg,reticle,Silene gallica,0.576495,False,Phytolacca americana,0.326654,2265,Silene gallica,0.576495,Silene gallica 0.576; Silene flos-cuculi 0.565; Silene latifolia 0.561; Stellaria graminea 0.556; Silene nutans 0.545
grass,grass_154415697.jpg,full,Micranthes ferruginea,0.648161,False,Toxicodendron rydbergii,0.348245,1615,Micranthes ferruginea,0.648161,Micranthes ferruginea 0.648; Montia parvifolia 0.585; Pinguicula vulgaris 0.562; Diapensia lapponica 0.561; Androsace septentrionalis 0.557
grass,grass_154415697.jpg,reticle,Goodyera oblongifolia,0.573101,False,Toxicodendron rydbergii,0.313393,1233,Goodyera oblongifolia,0.573101,Goodyera oblongifolia 0.573; Goodyera repens 0.571; Pinguicula vulgaris 0.569; Micranthes ferruginea 0.564; Goodyera tesselata 0.546
grass,grass_296659010.jpg,full,Silene antirrhina,0.555461,False,Solanum carolinense,0.325577,1216,Silene antirrhina,0.555461,Silene antirrhina 0.555; Juncus tenuis 0.552; Juncus bufonius 0.550; Lobelia inflata 0.545; Lobelia kalmii 0.539
grass,grass_296659010.jpg,reticle,Chlorogalum pomeridianum,0.582839,False,Toxicodendron diversilobum,0.400729,757,Chlorogalum pomeridianum,0.582839,Chlorogalum pomeridianum 0.583; Silene antirrhina 0.574; Castilleja attenuata 0.543; Calandrinia menziesii 0.538; Triodanis biflora 0.534
grass,grass_8498527.jpg,full,Schizachyrium scoparium,0.686874,False,Toxicodendron radicans,0.393327,192,Schizachyrium scoparium,0.686874,Schizachyrium scoparium 0.687; Aristida purpurea 0.629; Andropogon ternarius 0.618; Andropogon virginicus 0.613; Bothriochloa ischaemum 0.589
grass,grass_8498527.jpg,reticle,Schizachyrium scoparium,0.657372,False,Toxicodendron radicans,0.396319,259,Schizachyrium scoparium,0.657372,Schizachyrium scoparium 0.657; Bothriochloa ischaemum 0.638; Aristida purpurea 0.622; Andropogon ternarius 0.604; Andropogon virginicus 0.594
grass,grass_74700812.jpg,full,Oryzopsis asperifolia,0.692475,False,Toxicodendron rydbergii,0.397915,551,Oryzopsis asperifolia,0.692475,Oryzopsis asperifolia 0.692; Danthonia spicata 0.583; Carex gracillima 0.582; Carex albursina 0.574; Carex blanda 0.560
grass,grass_74700812.jpg,reticle,Oryzopsis asperifolia,0.674460,False,Toxicodendron vernix,0.479516,329,Oryzopsis asperifolia,0.674460,Oryzopsis asperifolia 0.674; Carex granularis 0.601; Carex gracillima 0.598; Calopogon tuberosus 0.592; Platanthera clavellata 0.592
grass,grass_316210519.jpg,full,Ligustrum vulgare,0.536048,False,Toxicodendron vernix,0.427440,429,Ligustrum vulgare,0.536048,Ligustrum vulgare 0.536; Ligustrum sinense 0.527; Rhamnus crocea 0.523; Paliurus spina-christi 0.521; Prunus emarginata 0.520
grass,grass_316210519.jpg,reticle,Ligustrum sinense,0.598472,False,Toxicodendron vernix,0.415588,601,Ligustrum sinense,0.598472,Ligustrum sinense 0.598; Duranta erecta 0.567; Ulmus parvifolia 0.558; Lagerstroemia indica 0.551; Halleria lucida 0.546
grass,grass_377482183.jpg,full,Oryzopsis asperifolia,0.693680,False,Toxicodendron rydbergii,0.406372,330,Oryzopsis asperifolia,0.693680,Oryzopsis asperifolia 0.694; Carex gracillima 0.634; Carex pedunculata 0.625; Carex pensylvanica 0.614; Carex blanda 0.614
grass,grass_377482183.jpg,reticle,Silene antirrhina,0.583844,False,Toxicodendron radicans,0.421410,598,Silene antirrhina,0.583844,Silene antirrhina 0.584; Carex blanda 0.580; Carex leptalea 0.562; Carex sprengelii 0.558; Carex gracillima 0.557
grass,grass_377471108.jpg,full,Schizachyrium scoparium,0.596583,False,Solanum carolinense,0.348543,408,Schizachyrium scoparium,0.596583,Schizachyrium scoparium 0.597; Danthonia spicata 0.581; Lolium perenne 0.557; Andropogon virginicus 0.548; Andropogon gerardi 0.544
grass,grass_377471108.jpg,reticle,Andropogon virginicus,0.685119,False,Solanum carolinense,0.348255,655,Andropogon virginicus,0.685119,Andropogon virginicus 0.685; Schizachyrium scoparium 0.659; Andropogon gerardi 0.616; Andropogon glomeratus 0.584; Elymus virginicus 0.574
grass,grass_378253206.jpg,full,Elymus hystrix,0.677138,False,Toxicodendron radicans,0.326171,276,Elymus hystrix,0.677138,Elymus hystrix 0.677; Elymus canadensis 0.533; Elymus virginicus 0.506; Elymus elymoides 0.496; Bouteloua curtipendula 0.460
grass,grass_378253206.jpg,reticle,Bromus diandrus,0.563881,False,Toxicodendron diversilobum,0.331420,696,Bromus diandrus,0.563881,Bromus diandrus 0.564; Nassella leucotricha 0.542; Avena barbata 0.537; Distichlis spicata 0.530; Avena fatua 0.527
grass,grass_135189154.jpg,full,Glyceria striata,0.674553,False,Toxicodendron vernix,0.405985,116,Glyceria striata,0.674553,Glyceria striata 0.675; Glyceria canadensis 0.633; Deschampsia cespitosa 0.589; Milium effusum 0.582; Tridens flavus 0.574
grass,grass_135189154.jpg,reticle,Glyceria striata,0.675079,False,Toxicodendron vernix,0.368771,146,Glyceria striata,0.675079,Glyceria striata 0.675; Glyceria canadensis 0.630; Tridens flavus 0.537; Glyceria maxima 0.536; Leersia oryzoides 0.526
grass,grass_135427649.jpg,full,Aristida purpurea,0.645931,False,Solanum carolinense,0.340960,780,Aristida purpurea,0.645931,Aristida purpurea 0.646; Nassella leucotricha 0.630; Schizachyrium scoparium 0.621; Bothriochloa ischaemum 0.609; Nassella pulchra 0.590
grass,grass_135427649.jpg,reticle,Schizachyrium scoparium,0.688942,False,Solanum carolinense,0.374767,384,Schizachyrium scoparium,0.688942,Schizachyrium scoparium 0.689; Andropogon gerardi 0.637; Bothriochloa ischaemum 0.608; Aristida purpurea 0.596; Bouteloua curtipendula 0.587
grass,grass_237659126.jpg,full,Chasmanthium latifolium,0.672127,False,Solanum carolinense,0.412454,201,Chasmanthium latifolium,0.672127,Chasmanthium latifolium 0.672; Dichanthelium clandestinum 0.578; Polygonatum biflorum 0.554; Arundinaria gigantea 0.543; Bouteloua curtipendula 0.534
grass,grass_237659126.jpg,reticle,Chasmanthium latifolium,0.617767,False,Solanum carolinense,0.371268,297,Chasmanthium latifolium,0.617767,Chasmanthium latifolium 0.618; Bouteloua curtipendula 0.529; Polygonatum biflorum 0.509; Tripsacum dactyloides 0.495; Avena fatua 0.490
grass,grass_295152432.jpg,full,Ehrharta erecta,0.653464,False,Solanum carolinense,0.416542,805,Ehrharta erecta,0.653464,Ehrharta erecta 0.653; Briza minor 0.622; Briza maxima 0.588; Lolium arundinaceum 0.571; Microtis unifolia 0.571
grass,grass_295152432.jpg,reticle,Briza minor,0.599095,False,Solanum carolinense,0.384447,671,Briza minor,0.599095,Briza minor 0.599; Milium effusum 0.588; Panicum virgatum 0.584; Chasmanthium latifolium 0.579; Dichanthelium clandestinum 0.573
grass,grass_351436420.jpg,full,Nassella pulchra,0.691222,False,Toxicodendron diversilobum,0.382001,212,Nassella pulchra,0.691222,Nassella pulchra 0.691; Nassella leucotricha 0.647; Aristida purpurea 0.636; Bromus diandrus 0.595; Elymus elymoides 0.545
grass,grass_351436420.jpg,reticle,Nassella pulchra,0.692085,False,Toxicodendron diversilobum,0.386731,292,Nassella pulchra,0.692085,Nassella pulchra 0.692; Nassella leucotricha 0.671; Aristida purpurea 0.658; Bromus diandrus 0.588; Elymus elymoides 0.535
grass,grass_295592913.jpg,full,Agalinis tenuifolia,0.575143,False,Toxicodendron vernix,0.418218,448,Agalinis tenuifolia,0.575143,Agalinis tenuifolia 0.575; Silene antirrhina 0.560; Sabatia angularis 0.541; Calopogon tuberosus 0.536; Hypericum gentianoides 0.536
grass,grass_295592913.jpg,reticle,Tripsacum dactyloides,0.603392,False,Toxicodendron vernix,0.414534,511,Tripsacum dactyloides,0.603392,Tripsacum dactyloides 0.603; Manfreda virginica 0.561; Lactuca canadensis 0.560; Sorghastrum nutans 0.556; Andropogon gerardi 0.547
grass,grass_348391973.jpg,full,Galium circaezans,0.562551,False,Toxicodendron radicans,0.445184,166,Galium circaezans,0.562551,Galium circaezans 0.563; Andersonglossum virginianum 0.554; Mitella diphylla 0.549; Xanthorhiza simplicissima 0.545; Thalictrum dioicum 0.541
grass,grass_348391973.jpg,reticle,Drymaria cordata,0.586114,False,Toxicodendron pubescens,0.355766,1231,Drymaria cordata,0.586114,Drymaria cordata 0.586; Evolvulus alsinoides 0.578; Evolvulus sericeus 0.573; Asemeia grandiflora 0.571; Euploca tenella 0.568
grass,grass_170173654.jpg,full,Paspalum urvillei,0.588165,False,Solanum carolinense,0.317985,469,Paspalum urvillei,0.588165,Paspalum urvillei 0.588; Sorghum halepense 0.531; Sporobolus michauxianus 0.521; Echinochloa crus-galli 0.485; Bromus inermis 0.479
grass,grass_170173654.jpg,reticle,Paspalum urvillei,0.649177,False,Toxicodendron diversilobum,0.364646,1299,Paspalum urvillei,0.649177,Paspalum urvillei 0.649; Paspalum dilatatum 0.567; Eleusine indica 0.538; Paspalum notatum 0.525; Verbena brasiliensis 0.513
grass,grass_53684067.jpg,full,Euphorbia hyssopifolia,0.598750,False,Solanum carolinense,0.371497,362,Euphorbia hyssopifolia,0.598750,Euphorbia hyssopifolia 0.599; Euphorbia nutans 0.591; Euphorbia hypericifolia 0.542; Hexasepalum teres 0.536; Croton glandulosus 0.531
grass,grass_53684067.jpg,reticle,Euphorbia nutans,0.575536,False,Solanum carolinense,0.433716,192,Euphorbia nutans,0.575536,Euphorbia nutans 0.576; Euphorbia hyssopifolia 0.575; Hexasepalum teres 0.555; Hypericum mutilum 0.554; Trichostema dichotomum 0.546
grass,grass_303516861.jpg,full,Arundinaria gigantea,0.594972,False,Toxicodendron radicans,0.399807,183,Arundinaria gigantea,0.594972,Arundinaria gigantea 0.595; Gelsemium sempervirens 0.533; Chasmanthium latifolium 0.520; Clematis crispa 0.508; Bignonia capreolata 0.504
grass,grass_303516861.jpg,reticle,Smilax auriculata,0.561031,False,Toxicodendron radicans,0.359840,629,Smilax auriculata,0.561031,Smilax auriculata 0.561; Gelsemium sempervirens 0.542; Paederia foetida 0.514; Clematis crispa 0.511; Parsonsia heterophylla 0.510
grass,grass_305790189.jpg,full,Microstegium vimineum,0.644289,False,Solanum carolinense,0.409493,38,Microstegium vimineum,0.644289,Microstegium vimineum 0.644; Dichanthelium clandestinum 0.552; Persicaria sagittata 0.522; Leersia oryzoides 0.485; Desmodium paniculatum 0.481
grass,grass_305790189.jpg,reticle,Microstegium vimineum,0.634343,False,Solanum carolinense,0.433997,32,Microstegium vimineum,0.634343,Microstegium vimineum 0.634; Persicaria sagittata 0.538; Dichanthelium clandestinum 0.535; Persicaria longiseta 0.524; Persicaria punctata 0.519
grass,grass_330436491.jpg,full,Arundinaria gigantea,0.657355,False,Toxicodendron radicans,0.362251,502,Arundinaria gigantea,0.657355,Arundinaria gigantea 0.657; Arundo donax 0.592; Chasmanthium latifolium 0.586; Phragmites australis 0.556; Uniola paniculata 0.550
grass,grass_330436491.jpg,reticle,Acacia longifolia,0.639293,False,Toxicodendron diversilobum,0.348139,769,Acacia longifolia,0.639293,Acacia longifolia 0.639; Acacia saligna 0.623; Acacia cyclops 0.616; Acacia melanoxylon 0.614; Acacia pycnantha 0.577
grass,grass_186771405.jpg,full,Andropogon ternarius,0.697671,False,Toxicodendron pubescens,0.362819,726,Andropogon ternarius,0.697671,Andropogon ternarius 0.698; Andropogon virginicus 0.673; Schizachyrium scoparium 0.618; Bothriochloa laguroides 0.572; Themeda triandra 0.560
grass,grass_186771405.jpg,reticle,Andropogon ternarius,0.672380,False,Toxicodendron diversilobum,0.374575,987,Andropogon ternarius,0.672380,Andropogon ternarius 0.672; Andropogon virginicus 0.646; Schizachyrium scoparium 0.624; Bothriochloa laguroides 0.580; Themeda triandra 0.573
grass,grass_7870802.jpg,full,Persicaria sagittata,0.605247,False,Solanum carolinense,0.408035,187,Persicaria sagittata,0.605247,Persicaria sagittata 0.605; Microstegium vimineum 0.582; Leersia oryzoides 0.569; Carex gracillima 0.552; Carex crinita 0.552
grass,grass_7870802.jpg,reticle,Leersia oryzoides,0.642444,False,Solanum carolinense,0.438293,127,Leersia oryzoides,0.642444,Leersia oryzoides 0.642; Paspalum urvillei 0.617; Microstegium vimineum 0.599; Paspalum dilatatum 0.599; Echinochloa crus-galli 0.585
grass,grass_272094434.jpg,full,Briza minor,0.674690,False,Solanum carolinense,0.273833,1993,Briza minor,0.674690,Briza minor 0.675; Briza media 0.645; Briza maxima 0.628; Lagurus ovatus 0.491; Cynosurus echinatus 0.483
grass,grass_272094434.jpg,reticle,Briza media,0.684331,False,Solanum carolinense,0.276751,1742,Briza media,0.684331,Briza media 0.684; Briza maxima 0.643; Briza minor 0.619; Luzula campestris 0.490; Melica nutans 0.483
grass,grass_26326668.jpg,full,Arundo donax,0.580264,False,Phytolacca americana,0.326765,547,Arundo donax,0.580264,Arundo donax 0.580; Phragmites australis 0.575; Sorghum halepense 0.567; Panicum virgatum 0.565; Phalaris arundinacea 0.543
grass,grass_26326668.jpg,reticle,Glyceria maxima,0.624489,False,Phytolacca americana,0.323637,870,Glyceria maxima,0.624489,Glyceria maxima 0.624; Typha latifolia 0.588; Sorghum halepense 0.574; Phragmites australis 0.574; Phalaris arundinacea 0.573
grass,grass_32624622.jpg,full,Arundinaria gigantea,0.665346,False,Toxicodendron radicans,0.378745,263,Arundinaria gigantea,0.665346,Arundinaria gigantea 0.665; Chasmanthium latifolium 0.613; Sabal minor 0.561; Tripsacum dactyloides 0.561; Dichanthelium clandestinum 0.560
grass,grass_32624622.jpg,reticle,Arundinaria gigantea,0.657109,False,Toxicodendron radicans,0.388509,226,Arundinaria gigantea,0.657109,Arundinaria gigantea 0.657; Chasmanthium latifolium 0.606; Tripsacum dactyloides 0.573; Dichanthelium clandestinum 0.572; Elymus virginicus 0.571
grass,lawn_45980991.jpg,full,Lomatium triternatum,0.548334,False,Toxicodendron rydbergii,0.414017,753,Lomatium triternatum,0.548334,Lomatium triternatum 0.548; Plantago patagonica 0.545; Disa bracteata 0.541; Distichlis spicata 0.539; Plantago erecta 0.535
grass,lawn_45980991.jpg,reticle,Fritillaria atropurpurea,0.587281,False,Toxicodendron diversilobum,0.407979,866,Fritillaria atropurpurea,0.587281,Fritillaria atropurpurea 0.587; Erysimum capitatum 0.585; Lomatium triternatum 0.572; Streptanthus glandulosus 0.567; Epilobium brachycarpum 0.558
grass,lawn_114051027.jpg,full,Cynodon dactylon,0.552201,False,Toxicodendron pubescens,0.340426,1446,Cynodon dactylon,0.552201,Cynodon dactylon 0.552; Digitaria sanguinalis 0.528; Trifolium arvense 0.504; Bothriochloa ischaemum 0.504; Plantago coronopus 0.502
grass,lawn_114051027.jpg,reticle,Indigofera miniata,0.648799,False,Toxicodendron pubescens,0.430328,510,Indigofera miniata,0.648799,Indigofera miniata 0.649; Mimosa strigillosa 0.577; Neptunia lutea 0.576; Securigera varia 0.574; Mimosa pudica 0.573
grass,lawn_97354508.jpg,full,Cynodon dactylon,0.650770,False,Solanum carolinense,0.351551,458,Cynodon dactylon,0.650770,Cynodon dactylon 0.651; Digitaria sanguinalis 0.607; Bothriochloa ischaemum 0.594; Eleusine indica 0.560; Chloris barbata 0.549
grass,lawn_97354508.jpg,reticle,Panicum virgatum,0.625907,False,Solanum carolinense,0.412213,228,Panicum virgatum,0.625907,Panicum virgatum 0.626; Tridens flavus 0.604; Andropogon gerardi 0.587; Bothriochloa ischaemum 0.582; Sorghum halepense 0.580
grass,lawn_91483513.jpg,full,Cynodon dactylon,0.661807,False,Solanum carolinense,0.354754,439,Cynodon dactylon,0.661807,Cynodon dactylon 0.662; Digitaria sanguinalis 0.655; Bothriochloa ischaemum 0.607; Paspalum notatum 0.600; Chloris barbata 0.577
grass,lawn_91483513.jpg,reticle,Eleusine indica,0.656390,False,Solanum carolinense,0.349387,767,Eleusine indica,0.656390,Eleusine indica 0.656; Chloris barbata 0.655; Cynodon dactylon 0.626; Dactyloctenium aegyptium 0.609; Digitaria sanguinalis 0.574
grass,lawn_127194613.jpg,full,Tripsacum dactyloides,0.591824,False,Solanum carolinense,0.406659,158,Tripsacum dactyloides,0.591824,Tripsacum dactyloides 0.592; Paspalum notatum 0.584; Bouteloua curtipendula 0.558; Paspalum dilatatum 0.545; Paspalum urvillei 0.544
grass,lawn_127194613.jpg,reticle,Spiranthes lacera,0.607153,False,Solanum carolinense,0.429363,195,Spiranthes lacera,0.607153,Spiranthes lacera 0.607; Paspalum notatum 0.602; Spiranthes vernalis 0.593; Paspalum dilatatum 0.559; Tripsacum dactyloides 0.548
grass,lawn_150536682.jpg,full,Paspalum notatum,0.649784,False,Solanum carolinense,0.378153,460,Paspalum notatum,0.649784,Paspalum notatum 0.650; Cynodon dactylon 0.607; Stenotaphrum secundatum 0.603; Paspalum dilatatum 0.585; Digitaria sanguinalis 0.571
grass,lawn_150536682.jpg,reticle,Paspalum notatum,0.654857,False,Solanum carolinense,0.402528,208,Paspalum notatum,0.654857,Paspalum notatum 0.655; Stenotaphrum secundatum 0.591; Paspalum dilatatum 0.587; Cynodon dactylon 0.574; Eleusine indica 0.559
grass,lawn_127362421.jpg,full,Paspalum notatum,0.680383,False,Solanum carolinense,0.396894,223,Paspalum notatum,0.680383,Paspalum notatum 0.680; Paspalum dilatatum 0.677; Paspalum urvillei 0.659; Tripsacum dactyloides 0.561; Cynodon dactylon 0.536
grass,lawn_127362421.jpg,reticle,Paspalum dilatatum,0.710098,False,Solanum carolinense,0.389027,400,Paspalum dilatatum,0.710098,Paspalum dilatatum 0.710; Paspalum urvillei 0.697; Paspalum notatum 0.653; Cynodon dactylon 0.547; Panicum maximum 0.537
grass,lawn_173273463.jpg,full,Stenotaphrum secundatum,0.682669,False,Solanum carolinense,0.378379,980,Stenotaphrum secundatum,0.682669,Stenotaphrum secundatum 0.683; Paspalum notatum 0.638; Cynodon dactylon 0.626; Paspalum dilatatum 0.601; Imperata cylindrica 0.601
grass,lawn_173273463.jpg,reticle,Stenotaphrum secundatum,0.704818,False,Solanum carolinense,0.389238,942,Stenotaphrum secundatum,0.704818,Stenotaphrum secundatum 0.705; Paspalum notatum 0.640; Cynodon dactylon 0.632; Paspalum dilatatum 0.622; Imperata cylindrica 0.605
grass,lawn_316745594.jpg,full,Bouteloua curtipendula,0.621990,False,Solanum carolinense,0.399732,280,Bouteloua curtipendula,0.621990,Bouteloua curtipendula 0.622; Tripsacum dactyloides 0.618; Paspalum notatum 0.573; Stenotaphrum secundatum 0.550; Lolium perenne 0.542
grass,lawn_316745594.jpg,reticle,Paspalum notatum,0.608070,False,Solanum carolinense,0.419138,165,Paspalum notatum,0.608070,Paspalum notatum 0.608; Tripsacum dactyloides 0.577; Stenotaphrum secundatum 0.568; Spiranthes vernalis 0.564; Paspalum urvillei 0.561
grass,lawn_336602143.jpg,full,Ammannia coccinea,0.596541,False,Toxicodendron pubescens,0.413167,321,Ammannia coccinea,0.596541,Ammannia coccinea 0.597; Asclepias verticillata 0.585; Hexasepalum teres 0.557; Helianthus angustifolius 0.550; Asclepias hirtella 0.544
grass,lawn_336602143.jpg,reticle,Asclepias verticillata,0.596983,False,Toxicodendron pubescens,0.432936,211,Asclepias verticillata,0.596983,Asclepias verticillata 0.597; Ipomoea sagittata 0.570; Asclepias hirtella 0.558; Kalmia polifolia 0.542; Ammannia coccinea 0.542
grass,lawn_125107257.jpg,full,Euploca tenella,0.640987,False,Toxicodendron rydbergii,0.384781,1024,Euploca tenella,0.640987,Euploca tenella 0.641; Stenaria nigricans 0.614; Zeltnera texensis 0.595; Sabulina michauxii 0.594; Houstonia longifolia 0.594
grass,lawn_125107257.jpg,reticle,Lobelia kalmii,0.656602,False,Solanum carolinense,0.346023,748,Lobelia kalmii,0.656602,Lobelia kalmii 0.657; Lobelia spicata 0.603; Lobelia anceps 0.602; Wahlenbergia marginata 0.590; Lobelia dortmanna 0.555
grass,lawn_341810778.jpg,full,Carmichaelia australis,0.640608,False,Toxicodendron rydbergii,0.302346,1661,Carmichaelia australis,0.640608,Carmichaelia australis 0.641; Ficinia spiralis 0.585; Apodasmia similis 0.574; Dracophyllum longifolium 0.573; Coprosma acerosa 0.559
grass,lawn_341810778.jpg,reticle,Ephedra viridis,0.556764,False,Toxicodendron rydbergii,0.337312,1672,Ephedra viridis,0.556764,Ephedra viridis 0.557; Koeberlinia spinosa 0.553; Carmichaelia australis 0.545; Ficinia spiralis 0.542; Cynodon dactylon 0.540
grass,lawn_250873860.jpg,full,Eriogonum wrightii,0.617859,False,Toxicodendron diversilobum,0.403039,1130,Eriogonum wrightii,0.617859,Eriogonum wrightii 0.618; Glossodia major 0.584; Apodasmia similis 0.575; Eriogonum deflexum 0.568; Eriogonum nudum 0.564
grass,lawn_250873860.jpg,reticle,Hilaria rigida,0.581379,False,Toxicodendron diversilobum,0.392418,1611,Hilaria rigida,0.581379,Hilaria rigida 0.581; Ephedra trifurca 0.577; Apodasmia similis 0.571; Glossodia major 0.571; Digitaria sanguinalis 0.569
grass,lawn_250390361.jpg,full,Hilaria rigida,0.606553,False,Toxicodendron rydbergii,0.356514,1084,Hilaria rigida,0.606553,Hilaria rigida 0.607; Koeleria macrantha 0.598; Muhlenbergia rigens 0.590; Bouteloua curtipendula 0.590; Schizachyrium scoparium 0.581
grass,lawn_250390361.jpg,reticle,Hilaria rigida,0.645326,False,Toxicodendron rydbergii,0.372156,912,Hilaria rigida,0.645326,Hilaria rigida 0.645; Muhlenbergia rigens 0.644; Schizachyrium scoparium 0.612; Aristida purpurea 0.599; Tridens albescens 0.584
grass,lawn_368459775.jpg,full,Plantago maritima,0.600426,False,Toxicodendron radicans,0.281265,1934,Plantago maritima,0.600426,Plantago maritima 0.600; Triglochin maritima 0.582; Armeria maritima 0.529; Bistorta vivipara 0.511; Silene uniflora 0.503
grass,lawn_368459775.jpg,reticle,Triglochin maritima,0.624399,False,Phytolacca americana,0.332433,1254,Triglochin maritima,0.624399,Triglochin maritima 0.624; Plantago maritima 0.603; Bistorta vivipara 0.550; Lysimachia maritima 0.548; Narthecium ossifragum 0.533
grass,lawn_187127381.jpg,full,Lolium arundinaceum,0.646985,False,Toxicodendron diversilobum,0.309046,1019,Lolium arundinaceum,0.646985,Lolium arundinaceum 0.647; Lolium pratense 0.624; Elymus repens 0.603; Lolium perenne 0.601; Arrhenatherum elatius 0.601
grass,lawn_187127381.jpg,reticle,Lolium arundinaceum,0.676668,False,Toxicodendron diversilobum,0.338968,1442,Lolium arundinaceum,0.676668,Lolium arundinaceum 0.677; Lolium pratense 0.655; Lolium perenne 0.641; Bromus hordeaceus 0.634; Bromus catharticus 0.618
grass,lawn_46413391.jpg,full,Elymus repens,0.620858,False,Toxicodendron rydbergii,0.337169,656,Elymus repens,0.620858,Elymus repens 0.621; Phalaris arundinacea 0.599; Lolium perenne 0.583; Sporobolus michauxianus 0.579; Lolium arundinaceum 0.575
grass,lawn_46413391.jpg,reticle,Lolium perenne,0.616480,False,Solanum carolinense,0.390470,491,Lolium perenne,0.616480,Lolium perenne 0.616; Paspalum urvillei 0.609; Elymus repens 0.597; Paspalum notatum 0.581; Lolium arundinaceum 0.578
grass,lawn_65731819.jpg,full,Sporobolus alterniflorus,0.644792,False,Solanum carolinense,0.413979,468,Sporobolus alterniflorus,0.644792,Sporobolus alterniflorus 0.645; Apodasmia similis 0.594; Bolboschoenus maritimus 0.593; Sporobolus michauxianus 0.585; Ficinia spiralis 0.584
grass,lawn_65731819.jpg,reticle,Bothriochloa ischaemum,0.624782,False,Solanum carolinense,0.427611,441,Bothriochloa ischaemum,0.624782,Bothriochloa ischaemum 0.625; Schizachyrium scoparium 0.614; Bouteloua curtipendula 0.606; Sporobolus alterniflorus 0.604; Panicum virgatum 0.601
grass,lawn_197068291.jpg,full,Bromus hordeaceus,0.647334,False,Toxicodendron diversilobum,0.271259,1429,Bromus hordeaceus,0.647334,Bromus hordeaceus 0.647; Bromus catharticus 0.573; Lolium arundinaceum 0.558; Lolium pratense 0.548; Bromus inermis 0.546
grass,lawn_197068291.jpg,reticle,Bromus hordeaceus,0.664562,False,Toxicodendron diversilobum,0.292570,1821,Bromus hordeaceus,0.664562,Bromus hordeaceus 0.665; Bromus catharticus 0.615; Avena fatua 0.605; Bromus inermis 0.594; Lolium arundinaceum 0.588
grass,lawn_226635883.jpg,full,Stenotaphrum secundatum,0.618605,False,Solanum carolinense,0.323298,839,Stenotaphrum secundatum,0.618605,Stenotaphrum secundatum 0.619; Cynodon dactylon 0.611; Digitaria sanguinalis 0.606; Dactyloctenium aegyptium 0.535; Melinis repens 0.522
grass,lawn_226635883.jpg,reticle,Cynodon dactylon,0.618670,False,Solanum carolinense,0.353385,426,Cynodon dactylon,0.618670,Cynodon dactylon 0.619; Stenotaphrum secundatum 0.618; Digitaria sanguinalis 0.585; Dactyloctenium aegyptium 0.539; Hexasepalum teres 0.526
grass,lawn_103738138.jpg,full,Dulichium arundinaceum,0.638982,False,Toxicodendron radicans,0.311398,1040,Dulichium arundinaceum,0.638982,Dulichium arundinaceum 0.639; Ammannia coccinea 0.529; Distichlis spicata 0.527; Glyceria striata 0.521; Sporobolus alterniflorus 0.518
grass,lawn_103738138.jpg,reticle,Dulichium arundinaceum,0.669947,False,Toxicodendron radicans,0.315073,642,Dulichium arundinaceum,0.669947,Dulichium arundinaceum 0.670; Glyceria striata 0.536; Glyceria canadensis 0.523; Sporobolus alterniflorus 0.523; Leersia oryzoides 0.513
grass,lawn_212637121.jpg,full,Stenotaphrum secundatum,0.647421,False,Phytolacca americana,0.342761,1174,Stenotaphrum secundatum,0.647421,Stenotaphrum secundatum 0.647; Cynodon dactylon 0.590; Carpobrotus edulis 0.575; Dactyloctenium aegyptium 0.570; Gomphrena celosioides 0.555
grass,lawn_212637121.jpg,reticle,Gomphrena celosioides,0.643358,False,Phytolacca americana,0.361525,1119,Gomphrena celosioides,0.643358,Gomphrena celosioides 0.643; Gomphrena serrata 0.628; Dactyloctenium aegyptium 0.623; Stenotaphrum secundatum 0.603; Cynodon dactylon 0.573
grass,lawn_90616877.jpg,full,Tripsacum dactyloides,0.620032,False,Solanum carolinense,0.381187,406,Tripsacum dactyloides,0.620032,Tripsacum dactyloides 0.620; Paspalum urvillei 0.616; Paspalum dilatatum 0.579; Stenotaphrum secundatum 0.565; Paspalum notatum 0.563
grass,lawn_90616877.jpg,reticle,Tripsacum dactyloides,0.579554,False,Solanum carolinense,0.369446,532,Tripsacum dactyloides,0.579554,Tripsacum dactyloides 0.580; Paspalum urvillei 0.559; Paspalum notatum 0.548; Lythrum alatum 0.546; Verbena brasiliensis 0.546
label-format,white_oak_211670015.jpg,full,Quercus stellata,0.612063,False,Toxicodendron pubescens,0.456133,23,Quercus stellata,0.612063,Quercus stellata 0.612; Quercus marilandica 0.588; Quercus alba 0.578; Quercus nigra 0.577; Quercus ilicifolia 0.569
label-format,white_oak_211670015.jpg,reticle,Quercus ilicifolia,0.589653,False,Toxicodendron pubescens,0.453603,24,Quercus ilicifolia,0.589653,Quercus ilicifolia 0.590; Quercus alba 0.577; Quercus nigra 0.563; Quercus stellata 0.560; Quercus marilandica 0.559
fixture,red_oak_363799243.jpg,full,Quercus rubra,0.645099,False,Toxicodendron pubescens,0.375283,32,Quercus rubra,0.645099,Quercus rubra 0.645; Quercus velutina 0.633; Quercus ilicifolia 0.560; Quercus coccinea 0.536; Quercus falcata 0.534
fixture,red_oak_363799243.jpg,reticle,Quercus rubra,0.589233,False,Solanum carolinense,0.496858,13,Quercus rubra,0.589233,Quercus rubra 0.589; Quercus bicolor 0.561; Quercus muehlenbergii 0.555; Quercus velutina 0.552; Quercus alba 0.533
plant,oak_398522729.jpg,full,Quercus sinuata,0.601625,False,Toxicodendron pubescens,0.396626,47,Quercus sinuata,0.601625,Quercus sinuata 0.602; Quercus stellata 0.592; Quercus douglasii 0.572; Quercus gambelii 0.565; Quercus lobata 0.559
plant,oak_398522729.jpg,reticle,Quercus sinuata,0.656968,False,Toxicodendron pubescens,0.440273,38,Quercus sinuata,0.656968,Quercus sinuata 0.657; Quercus fusiformis 0.589; Quercus muehlenbergii 0.572; Quercus stellata 0.571; Quercus marilandica 0.549
plant,oak_398522443.jpg,full,Quercus gambelii,0.579515,False,Toxicodendron pubescens,0.382244,489,Quercus gambelii,0.579515,Quercus gambelii 0.580; Quercus emoryi 0.568; Arbutus xalapensis 0.565; Quercus turbinella 0.553; Quercus engelmannii 0.547
plant,oak_398522443.jpg,reticle,Quercus nigra,0.582354,False,Toxicodendron vernix,0.460673,95,Quercus nigra,0.582354,Quercus nigra 0.582; Quercus marilandica 0.565; Quercus montana 0.555; Nyssa sylvatica 0.554; Cyrilla racemiflora 0.543
plant,oak_43604874.jpg,full,Quercus stellata,0.639039,False,Toxicodendron pubescens,0.454940,33,Quercus stellata,0.639039,Quercus stellata 0.639; Quercus buckleyi 0.629; Quercus sinuata 0.629; Quercus marilandica 0.603; Quercus nigra 0.584
plant,oak_43604874.jpg,reticle,Quercus stellata,0.660935,False,Toxicodendron pubescens,0.445598,32,Quercus stellata,0.660935,Quercus stellata 0.661; Quercus marilandica 0.632; Quercus sinuata 0.619; Quercus nigra 0.607; Quercus buckleyi 0.559
plant,oak_309119391.jpg,full,Quercus nigra,0.614521,False,Toxicodendron pubescens,0.436486,30,Quercus nigra,0.614521,Quercus nigra 0.615; Quercus marilandica 0.608; Quercus falcata 0.599; Quercus ilicifolia 0.571; Quercus stellata 0.527
plant,oak_309119391.jpg,reticle,Peritoma arborea,0.512622,False,Phytolacca americana,0.415782,90,Peritoma arborea,0.512622,Peritoma arborea 0.513; Hypoestes phyllostachya 0.508; Selliera radicans 0.490; Sibbaldiopsis tridentata 0.488; Peritoma serrulata 0.488
plant,oak_53007204.jpg,full,Quercus shumardii,0.643998,False,Toxicodendron pubescens,0.351210,107,Quercus shumardii,0.643998,Quercus shumardii 0.644; Quercus buckleyi 0.641; Quercus palustris 0.586; Quercus coccinea 0.575; Quercus velutina 0.555
plant,oak_53007204.jpg,reticle,Quercus shumardii,0.622456,False,Toxicodendron pubescens,0.359230,134,Quercus shumardii,0.622456,Quercus shumardii 0.622; Quercus buckleyi 0.618; Quercus palustris 0.614; Quercus coccinea 0.583; Quercus velutina 0.560
plant,oak_318311909.jpg,full,Artocarpus heterophyllus,0.652672,False,Toxicodendron radicans,0.382872,623,Artocarpus heterophyllus,0.652672,Artocarpus heterophyllus 0.653; Adansonia digitata 0.597; Artocarpus altilis 0.576; Mangifera indica 0.573; Annona glabra 0.573
plant,oak_318311909.jpg,reticle,Annona glabra,0.614276,False,Toxicodendron radicans,0.408238,610,Annona glabra,0.614276,Annona glabra 0.614; Artocarpus heterophyllus 0.612; Adansonia digitata 0.601; Theobroma cacao 0.594; Mangifera indica 0.592
plant,oak_363790437.jpg,full,Quercus marilandica,0.635614,False,Toxicodendron pubescens,0.433061,24,Quercus marilandica,0.635614,Quercus marilandica 0.636; Quercus velutina 0.615; Quercus falcata 0.608; Quercus stellata 0.591; Quercus ilicifolia 0.585
plant,oak_363790437.jpg,reticle,Quercus marilandica,0.629540,False,Toxicodendron pubescens,0.441087,34,Quercus marilandica,0.629540,Quercus marilandica 0.630; Quercus velutina 0.620; Quercus falcata 0.601; Quercus ilicifolia 0.569; Quercus stellata 0.564
plant,oak_328991174.jpg,full,Quercus alba,0.578472,False,Toxicodendron radicans,0.315918,117,Quercus alba,0.578472,Quercus alba 0.578; Quercus rubra 0.567; Quercus macrocarpa 0.548; Quercus velutina 0.548; Quercus bicolor 0.493
plant,oak_328991174.jpg,reticle,Quercus macrocarpa,0.607680,False,Toxicodendron pubescens,0.348748,95,Quercus macrocarpa,0.607680,Quercus macrocarpa 0.608; Quercus gambelii 0.592; Quercus alba 0.585; Quercus velutina 0.543; Quercus garryana 0.538
plant,oak_314494391.jpg,full,Quercus falcata,0.640906,False,Toxicodendron pubescens,0.424808,26,Quercus falcata,0.640906,Quercus falcata 0.641; Quercus marilandica 0.630; Quercus ilicifolia 0.603; Quercus velutina 0.589; Quercus laevis 0.580
plant,oak_314494391.jpg,reticle,Quercus falcata,0.651789,False,Toxicodendron pubescens,0.425441,33,Quercus falcata,0.651789,Quercus falcata 0.652; Quercus marilandica 0.639; Quercus nigra 0.581; Quercus laevis 0.580; Quercus ilicifolia 0.575
plant,oak_237720737.jpg,full,Quercus falcata,0.627695,False,Toxicodendron pubescens,0.436932,27,Quercus falcata,0.627695,Quercus falcata 0.628; Quercus ilicifolia 0.607; Quercus velutina 0.607; Quercus marilandica 0.595; Quercus buckleyi 0.580
plant,oak_237720737.jpg,reticle,Quercus velutina,0.606754,False,Toxicodendron pubescens,0.375954,44,Quercus velutina,0.606754,Quercus velutina 0.607; Quercus rubra 0.601; Quercus falcata 0.594; Quercus shumardii 0.577; Quercus buckleyi 0.575
plant,pine_71622438.jpg,full,Pinus sabiniana,0.605551,False,Toxicodendron diversilobum,0.362978,390,Pinus sabiniana,0.605551,Pinus sabiniana 0.606; Pinus torreyana 0.604; Pinus pinaster 0.600; Pinus elliottii 0.599; Pinus coulteri 0.589
plant,pine_71622438.jpg,reticle,Pinus elliottii,0.664447,False,Toxicodendron radicans,0.329126,715,Pinus elliottii,0.664447,Pinus elliottii 0.664; Pinus palustris 0.634; Pinus taeda 0.622; Pinus pinaster 0.587; Casuarina equisetifolia 0.567
plant,pine_360502159.jpg,full,Pinus palustris,0.573491,False,Toxicodendron pubescens,0.469614,28,Pinus palustris,0.573491,Pinus palustris 0.573; Serenoa repens 0.567; Chamaerops humilis 0.533; Pinus elliottii 0.519; Pityopsis graminifolia 0.519
plant,pine_360502159.jpg,reticle,Boophone disticha,0.559611,False,Toxicodendron pubescens,0.413410,720,Boophone disticha,0.559611,Boophone disticha 0.560; Habranthus tubispathus 0.551; Chamaerops humilis 0.549; Pinus palustris 0.548; Lycopodium scariosum 0.544
plant,pine_109885814.jpg,full,Quercus emoryi,0.540508,False,Toxicodendron vernix,0.349419,955,Quercus emoryi,0.540508,Quercus emoryi 0.541; Pinus edulis 0.540; Cercocarpus ledifolius 0.533; Pinus cembroides 0.530; Juniperus deppeana 0.528
plant,pine_109885814.jpg,reticle,Pinus contorta,0.572485,False,Toxicodendron diversilobum,0.353872,1084,Pinus contorta,0.572485,Pinus contorta 0.572; Hakea sericea 0.572; Pinus pinaster 0.568; Pinus cembroides 0.566; Pinus nigra 0.564
plant,pine_360501929.jpg,full,Pinus palustris,0.636313,False,Toxicodendron pubescens,0.357223,651,Pinus palustris,0.636313,Pinus palustris 0.636; Yucca elata 0.551; Yucca glauca 0.531; Yucca filamentosa 0.530; Pinus elliottii 0.524
plant,pine_360501929.jpg,reticle,Pinus palustris,0.639563,False,Toxicodendron pubescens,0.311286,1199,Pinus palustris,0.639563,Pinus palustris 0.640; Pinus elliottii 0.571; Pinus jeffreyi 0.562; Pinus ponderosa 0.551; Pinus pinaster 0.537
plant,pine_353810852.jpg,full,Pinus pinaster,0.658525,False,Toxicodendron pubescens,0.337073,654,Pinus pinaster,0.658525,Pinus pinaster 0.659; Pinus torreyana 0.647; Pinus coulteri 0.612; Pinus ponderosa 0.593; Pinus radiata 0.592
plant,pine_353810852.jpg,reticle,Conicosia pugioniformis,0.572618,False,Toxicodendron rydbergii,0.384317,1607,Conicosia pugioniformis,0.572618,Conicosia pugioniformis 0.573; Pinus pinaster 0.564; Brunia noduliflora 0.558; Asclepias linaria 0.558; Phaenocoma prolifera 0.557
plant,pine_305411590.jpg,full,Pinus banksiana,0.602153,False,Toxicodendron radicans,0.347272,131,Pinus banksiana,0.602153,Pinus banksiana 0.602; Pinus virginiana 0.588; Pinus sylvestris 0.548; Pinus echinata 0.546; Pinus rigida 0.537
plant,pine_305411590.jpg,reticle,Pinus banksiana,0.636569,False,Toxicodendron radicans,0.346145,160,Pinus banksiana,0.636569,Pinus banksiana 0.637; Pinus virginiana 0.582; Pinus sylvestris 0.559; Pinus rigida 0.553; Pinus resinosa 0.553
plant,pine_368827308.jpg,full,Pinus palustris,0.626788,False,Toxicodendron pubescens,0.328330,303,Pinus palustris,0.626788,Pinus palustris 0.627; Pinus elliottii 0.612; Pinus ponderosa 0.589; Pinus jeffreyi 0.562; Pinus taeda 0.556
plant,pine_368827308.jpg,reticle,Pinus elliottii,0.618384,False,Toxicodendron pubescens,0.311741,844,Pinus elliottii,0.618384,Pinus elliottii 0.618; Pinus palustris 0.618; Pinus ponderosa 0.618; Pinus jeffreyi 0.616; Pinus coulteri 0.595
plant,pine_274979130.jpg,full,Pinus taeda,0.630998,False,Toxicodendron radicans,0.500653,29,Pinus taeda,0.630998,Pinus taeda 0.631; Pinus echinata 0.588; Pinus virginiana 0.563; Quercus falcata 0.561; Pinus palustris 0.554
plant,pine_274979130.jpg,reticle,Pinus taeda,0.649648,False,Toxicodendron radicans,0.482799,52,Pinus taeda,0.649648,Pinus taeda 0.650; Pinus echinata 0.604; Pinus virginiana 0.589; Pinus elliottii 0.567; Pinus palustris 0.565
plant,pine_277025434.jpg,full,Podocarpus totara,0.558812,False,Toxicodendron diversilobum,0.361910,602,Podocarpus totara,0.558812,Podocarpus totara 0.559; Ileostylus micranthus 0.553; Prumnopitys taxifolia 0.543; Prumnopitys ferruginea 0.533; Phoradendron leucarpum 0.525
plant,pine_277025434.jpg,reticle,Tsuga canadensis,0.524862,False,Toxicodendron radicans,0.363774,109,Tsuga canadensis,0.524862,Tsuga canadensis 0.525; Juniperus virginiana 0.510; Taxodium distichum 0.496; Pinus strobus 0.482; Juniperus ashei 0.481
plant,pine_197008810.jpg,full,Juglans nigra,0.590163,False,Toxicodendron vernix,0.487029,58,Juglans nigra,0.590163,Juglans nigra 0.590; Carya ovata 0.580; Carya glabra 0.576; Magnolia macrophylla 0.576; Carya illinoinensis 0.564
plant,pine_197008810.jpg,reticle,Delonix regia,0.630017,False,Toxicodendron vernix,0.433423,738,Delonix regia,0.630017,Delonix regia 0.630; Cassia fistula 0.625; Gliricidia sepium 0.622; Ceratonia siliqua 0.618; Azadirachta indica 0.613
plant,maple_185909345.jpg,full,Acer palmatum,0.647040,False,Toxicodendron radicans,0.349150,524,Acer palmatum,0.647040,Acer palmatum 0.647; Acer saccharinum 0.506; Liquidambar styraciflua 0.504; Aesculus hippocastanum 0.500; Parthenocissus quinquefolia 0.500
plant,maple_185909345.jpg,reticle,Acer palmatum,0.608793,False,Phytolacca americana,0.361337,708,Acer palmatum,0.608793,Acer palmatum 0.609; Acer circinatum 0.535; Ribes bracteosum 0.528; Aesculus hippocastanum 0.522; Parthenocissus quinquefolia 0.518
plant,maple_354467072.jpg,full,Acer floridanum,0.560726,False,Toxicodendron radicans,0.403382,43,Acer floridanum,0.560726,Acer floridanum 0.561; Acer rubrum 0.546; Liquidambar styraciflua 0.529; Acer saccharinum 0.527; Acer saccharum 0.497
plant,maple_354467072.jpg,reticle,Liquidambar styraciflua,0.583005,False,Toxicodendron radicans,0.403510,84,Liquidambar styraciflua,0.583005,Liquidambar styraciflua 0.583; Acer rubrum 0.525; Acer floridanum 0.524; Acer saccharinum 0.514; Acer palmatum 0.499
plant,maple_295533115.jpg,full,Acer tataricum,0.554827,False,Toxicodendron radicans,0.421542,39,Acer tataricum,0.554827,Acer tataricum 0.555; Fraxinus albicans 0.550; Acer negundo 0.545; Fraxinus pennsylvanica 0.536; Ptelea trifoliata 0.523
plant,maple_295533115.jpg,reticle,Ptelea trifoliata,0.550089,False,Toxicodendron vernix,0.419348,88,Ptelea trifoliata,0.550089,Ptelea trifoliata 0.550; Fraxinus albicans 0.549; Fraxinus pennsylvanica 0.548; Fraxinus velutina 0.535; Salix bebbiana 0.532
plant,maple_295533286.jpg,full,Quercus falcata,0.560605,False,Toxicodendron radicans,0.403719,50,Quercus falcata,0.560605,Quercus falcata 0.561; Quercus nigra 0.519; Acer floridanum 0.517; Quercus marilandica 0.510; Liquidambar styraciflua 0.485
plant,maple_295533286.jpg,reticle,Quercus falcata,0.606456,False,Toxicodendron pubescens,0.409144,47,Quercus falcata,0.606456,Quercus falcata 0.606; Quercus nigra 0.573; Quercus marilandica 0.548; Quercus phellos 0.519; Quercus laevis 0.514
plant,maple_292509018.jpg,full,Acer rubrum,0.592382,False,Toxicodendron radicans,0.390308,87,Acer rubrum,0.592382,Acer rubrum 0.592; Acer tataricum 0.565; Acer ginnala 0.554; Acer spicatum 0.548; Acer pseudoplatanus 0.541
plant,maple_292509018.jpg,reticle,Acer rubrum,0.614069,False,Toxicodendron radicans,0.382064,69,Acer rubrum,0.614069,Acer rubrum 0.614; Acer tataricum 0.582; Acer glabrum 0.577; Acer pseudoplatanus 0.560; Acer ginnala 0.559
plant,maple_285639441.jpg,full,Acer saccharum,0.644820,False,Toxicodendron radicans,0.390630,53,Acer saccharum,0.644820,Acer saccharum 0.645; Acer floridanum 0.633; Acer nigrum 0.612; Acer grandidentatum 0.540; Acer rubrum 0.506
plant,maple_285639441.jpg,reticle,Acer saccharum,0.650139,False,Toxicodendron radicans,0.398348,46,Acer saccharum,0.650139,Acer saccharum 0.650; Acer nigrum 0.620; Acer floridanum 0.593; Acer platanoides 0.558; Acer rubrum 0.543
plant,maple_72135812.jpg,full,Salix triandra,0.627180,False,Toxicodendron vernix,0.386511,663,Salix triandra,0.627180,Salix triandra 0.627; Salix interior 0.616; Salix nigra 0.612; Salix exigua 0.607; Salix babylonica 0.604
plant,maple_72135812.jpg,reticle,Vachellia farnesiana,0.606663,False,Phytolacca americana,0.431396,544,Vachellia farnesiana,0.606663,Vachellia farnesiana 0.607; Prosopis pubescens 0.601; Parkinsonia aculeata 0.595; Prosopis laevigata 0.594; Prosopis glandulosa 0.593
plant,maple_74594102.jpg,full,Acer floridanum,0.644713,False,Toxicodendron pubescens,0.419628,39,Acer floridanum,0.644713,Acer floridanum 0.645; Acer grandidentatum 0.589; Acer saccharum 0.586; Acer nigrum 0.576; Acer ginnala 0.525
plant,maple_74594102.jpg,reticle,Acer nigrum,0.609805,False,Toxicodendron radicans,0.441705,26,Acer nigrum,0.609805,Acer nigrum 0.610; Acer saccharum 0.606; Acer floridanum 0.606; Acer rubrum 0.569; Acer pensylvanicum 0.563
plant,maple_241038100.jpg,full,Hamamelis virginiana,0.544594,False,Toxicodendron radicans,0.451125,58,Hamamelis virginiana,0.544594,Hamamelis virginiana 0.545; Cornus alternifolia 0.538; Fagus grandifolia 0.525; Viburnum acerifolium 0.523; Cornus rugosa 0.523
plant,maple_241038100.jpg,reticle,Cornus sanguinea,0.563209,False,Toxicodendron radicans,0.375745,291,Cornus sanguinea,0.563209,Cornus sanguinea 0.563; Cornus alternifolia 0.537; Viburnum dentatum 0.528; Viburnum lantana 0.527; Frangula alnus 0.527
plant,maple_174967757.jpg,full,Acer spicatum,0.636594,False,Toxicodendron rydbergii,0.402734,76,Acer spicatum,0.636594,Acer spicatum 0.637; Acer pensylvanicum 0.570; Ribes triste 0.555; Rubus parviflorus 0.528; Actaea rubra 0.520
plant,maple_174967757.jpg,reticle,Acer spicatum,0.635241,False,Toxicodendron rydbergii,0.368752,187,Acer spicatum,0.635241,Acer spicatum 0.635; Acer pensylvanicum 0.552; Ribes triste 0.552; Rubus parviflorus 0.546; Rubus odoratus 0.539
plant,sweetgum_267797916.jpg,full,Acer macrophyllum,0.551934,False,Toxicodendron radicans,0.335950,260,Acer macrophyllum,0.551934,Acer macrophyllum 0.552; Acer pseudoplatanus 0.533; Platanus racemosa 0.527; Acer platanoides 0.526; Liquidambar styraciflua 0.515
plant,sweetgum_267797916.jpg,reticle,Ricinus communis,0.548175,False,Toxicodendron radicans,0.378931,270,Ricinus communis,0.548175,Ricinus communis 0.548; Acer macrophyllum 0.546; Liquidambar styraciflua 0.545; Acer saccharinum 0.544; Platanus racemosa 0.532
plant,sweetgum_186693668.jpg,full,Platanus wrightii,0.554114,False,Toxicodendron radicans,0.405103,145,Platanus wrightii,0.554114,Platanus wrightii 0.554; Liquidambar styraciflua 0.543; Platanus racemosa 0.533; Ungnadia speciosa 0.496; Juglans californica 0.491
plant,sweetgum_186693668.jpg,reticle,Salix eriocephala,0.520255,False,Phytolacca americana,0.429284,114,Salix eriocephala,0.520255,Salix eriocephala 0.520; Persicaria arifolia 0.510; Juglans californica 0.501; Platanus wrightii 0.496; Cephalanthus occidentalis 0.492
plant,sweetgum_93428583.jpg,full,Acer floridanum,0.624164,False,Toxicodendron radicans,0.412974,48,Acer floridanum,0.624164,Acer floridanum 0.624; Acer saccharum 0.599; Acer rubrum 0.565; Liquidambar styraciflua 0.548; Acer nigrum 0.545
plant,sweetgum_93428583.jpg,reticle,Acer floridanum,0.654866,False,Toxicodendron radicans,0.397607,45,Acer floridanum,0.654866,Acer floridanum 0.655; Acer saccharum 0.647; Acer nigrum 0.615; Acer rubrum 0.564; Acer grandidentatum 0.551
plant,sweetgum_96329510.jpg,full,Liquidambar styraciflua,0.550008,False,Toxicodendron radicans,0.396779,102,Liquidambar styraciflua,0.550008,Liquidambar styraciflua 0.550; Acer floridanum 0.503; Vitis rotundifolia 0.483; Crataegus marshallii 0.478; Bignonia capreolata 0.470
plant,sweetgum_96329510.jpg,reticle,Smilax tamnoides,0.583633,False,Toxicodendron radicans,0.411514,216,Smilax tamnoides,0.583633,Smilax tamnoides 0.584; Cocculus carolinus 0.568; Passiflora lutea 0.559; Ipomoea pandurata 0.557; Melothria pendula 0.556
plant,sweetgum_75817784.jpg,full,Liquidambar styraciflua,0.569718,False,Toxicodendron radicans,0.329751,784,Liquidambar styraciflua,0.569718,Liquidambar styraciflua 0.570; Symplocarpus foetidus 0.462; Taraxacum erythrospermum 0.454; Taraxacum officinale 0.434; Sanicula canadensis 0.426
plant,sweetgum_75817784.jpg,reticle,Bryum argenteum,0.585366,False,Toxicodendron diversilobum,0.394866,773,Bryum argenteum,0.585366,Bryum argenteum 0.585; Racomitrium lanuginosum 0.561; Micropus californicus 0.554; Diaperia prolifera 0.552; Diaperia verna 0.546
plant,sweetgum_388029933.jpg,full,Populus nigra,0.568038,False,Toxicodendron radicans,0.416869,283,Populus nigra,0.568038,Populus nigra 0.568; Populus deltoides 0.548; Populus trichocarpa 0.541; Salix babylonica 0.530; Plagianthus regius 0.522
plant,sweetgum_388029933.jpg,reticle,Vachellia karroo,0.612435,False,Toxicodendron diversilobum,0.414062,913,Vachellia karroo,0.612435,Vachellia karroo 0.612; Vachellia cornigera 0.578; Vachellia farnesiana 0.576; Cupressus macrocarpa 0.576; Schinus terebinthifolia 0.576
plant,sweetgum_162228324.jpg,full,Fagus grandifolia,0.530083,False,Toxicodendron radicans,0.411016,115,Fagus grandifolia,0.530083,Fagus grandifolia 0.530; Carpinus caroliniana 0.529; Ostrya virginiana 0.525; Acer floridanum 0.524; Ulmus alata 0.514
plant,sweetgum_162228324.jpg,reticle,Quercus falcata,0.530059,False,Phytolacca americana,0.392941,129,Quercus falcata,0.530059,Quercus falcata 0.530; Quercus nigra 0.526; Liquidambar styraciflua 0.516; Quercus phellos 0.515; Quercus imbricaria 0.501
plant,sweetgum_235845659.jpg,full,Liquidambar styraciflua,0.607128,False,Toxicodendron radicans,0.360482,114,Liquidambar styraciflua,0.607128,Liquidambar styraciflua 0.607; Acer floridanum 0.527; Acer rubrum 0.483; Acer saccharum 0.465; Acer palmatum 0.450
plant,sweetgum_235845659.jpg,reticle,Liquidambar styraciflua,0.618064,False,Toxicodendron radicans,0.357719,166,Liquidambar styraciflua,0.618064,Liquidambar styraciflua 0.618; Acer floridanum 0.504; Acer palmatum 0.480; Acer rubrum 0.468; Morella cerifera 0.450
plant,sweetgum_196672785.jpg,full,Liquidambar styraciflua,0.611174,False,Toxicodendron radicans,0.332973,242,Liquidambar styraciflua,0.611174,Liquidambar styraciflua 0.611; Pinus taeda 0.449; Acer floridanum 0.448; Crataegus marshallii 0.431; Pinus virginiana 0.429
plant,sweetgum_196672785.jpg,reticle,Liquidambar styraciflua,0.600176,False,Toxicodendron radicans,0.397093,404,Liquidambar styraciflua,0.600176,Liquidambar styraciflua 0.600; Soliva sessilis 0.521; Pinus taeda 0.510; Crataegus marshallii 0.487; Chaerophyllum tainturieri 0.486
plant,sweetgum_267206868.jpg,full,Acer platanoides,0.482109,False,Toxicodendron radicans,0.346096,48,Acer platanoides,0.482109,Acer platanoides 0.482; Liquidambar styraciflua 0.477; Acer saccharum 0.469; Acer rubrum 0.424; Acer pensylvanicum 0.424
plant,sweetgum_267206868.jpg,reticle,Echinocystis lobata,0.583789,False,Solanum carolinense,0.393764,109,Echinocystis lobata,0.583789,Echinocystis lobata 0.584; Melothria pendula 0.549; Sicyos angulatus 0.541; Liquidambar styraciflua 0.527; Bryonia cretica 0.511
plant,fern_198652148.jpg,full,Pteris cretica,0.630297,False,Toxicodendron radicans,0.330884,1545,Pteris cretica,0.630297,Pteris cretica 0.630; Blechnum procerum 0.609; Asplenium flaccidum 0.570; Rumohra adiantiformis 0.564; Pteris vittata 0.563
plant,fern_198652148.jpg,reticle,Dendrobium cunninghamii,0.556321,False,Toxicodendron diversilobum,0.351404,1514,Dendrobium cunninghamii,0.556321,Dendrobium cunninghamii 0.556; Senecio minimus 0.546; Parsonsia heterophylla 0.542; Chilopsis linearis 0.540; Acacia confusa 0.540
plant,fern_357862311.jpg,full,Pteridium aquilinum,0.645108,False,Toxicodendron radicans,0.366786,149,Pteridium aquilinum,0.645108,Pteridium aquilinum 0.645; Pteridium pinetorum 0.605; Pteridium esculentum 0.600; Pteris tremula 0.514; Dicranopteris linearis 0.497
plant,fern_357862311.jpg,reticle,Pteridium aquilinum,0.646015,False,Toxicodendron pubescens,0.415497,74,Pteridium aquilinum,0.646015,Pteridium aquilinum 0.646; Pteridium pinetorum 0.594; Pteridium esculentum 0.546; Phegopteris hexagonoptera 0.527; Pteris tremula 0.522
plant,fern_322314909.jpg,full,Rumex acetosa,0.592197,False,Solanum carolinense,0.410839,236,Rumex acetosa,0.592197,Rumex acetosa 0.592; Rumex obtusifolius 0.558; Bistorta officinalis 0.554; Armoracia rusticana 0.552; Rumex confertus 0.551
plant,fern_322314909.jpg,reticle,Syngonium podophyllum,0.573730,False,Solanum carolinense,0.447577,126,Syngonium podophyllum,0.573730,Syngonium podophyllum 0.574; Saururus cernuus 0.558; Arisaema dracontium 0.555; Persicaria virginiana 0.551; Persicaria arifolia 0.535
plant,fern_143646740.jpg,full,Lygodium japonicum,0.650033,False,Toxicodendron radicans,0.367299,236,Lygodium japonicum,0.650033,Lygodium japonicum 0.650; Pteris cretica 0.489; Dicranopteris linearis 0.481; Lycopodium volubile 0.473; Ipomoea cairica 0.470
plant,fern_143646740.jpg,reticle,Lygodium japonicum,0.623809,False,Toxicodendron radicans,0.454386,318,Lygodium japonicum,0.623809,Lygodium japonicum 0.624; Cardiospermum halicacabum 0.553; Parthenium hysterophorus 0.553; Ipomoea cairica 0.549; Dodonaea viscosa 0.548
plant,fern_162459455.jpg,full,Adiantum pedatum,0.694420,False,Solanum carolinense,0.328838,297,Adiantum pedatum,0.694420,Adiantum pedatum 0.694; Adiantum aleuticum 0.510; Asplenium platyneuron 0.484; Cystopteris bulbifera 0.479; Botrypus virginianus 0.478
plant,fern_162459455.jpg,reticle,Adiantum pedatum,0.662955,False,Toxicodendron rydbergii,0.310280,441,Adiantum pedatum,0.662955,Adiantum pedatum 0.663; Adiantum aleuticum 0.600; Adiantum capillus-veneris 0.481; Adiantum cunninghamii 0.476; Adiantum hispidulum 0.472
plant,fern_174559357.jpg,full,Osmundastrum cinnamomeum,0.596178,False,Toxicodendron vernix,0.391812,139,Osmundastrum cinnamomeum,0.596178,Osmundastrum cinnamomeum 0.596; Deparia acrostichoides 0.557; Woodwardia virginica 0.524; Matteuccia struthiopteris 0.523; Pteridium aquilinum 0.517
plant,fern_174559357.jpg,reticle,Albizia julibrissin,0.645012,False,Phytolacca americana,0.428442,144,Albizia julibrissin,0.645012,Albizia julibrissin 0.645; Desmanthus illinoensis 0.605; Chamaecrista fasciculata 0.571; Mimosa quadrivalvis 0.564; Paraserianthes lophantha 0.564
plant,fern_190724351.jpg,full,Hymenophyllum flabellatum,0.624107,False,Toxicodendron diversilobum,0.336666,906,Hymenophyllum flabellatum,0.624107,Hymenophyllum flabellatum 0.624; Rhizomnium glabrescens 0.589; Asplenium montanum 0.558; Conocephalum salebrosum 0.550; Hymenophyllum nephrophyllum 0.538
plant,fern_190724351.jpg,reticle,Radula complanata,0.636492,False,Toxicodendron radicans,0.351795,1014,Radula complanata,0.636492,Radula complanata 0.636; Conocephalum conicum 0.619; Conocephalum salebrosum 0.613; Hymenophyllum flabellatum 0.608; Rhizomnium glabrescens 0.602
plant,fern_324782570.jpg,full,Phegopteris hexagonoptera,0.602682,False,Toxicodendron radicans,0.378274,127,Phegopteris hexagonoptera,0.602682,Phegopteris hexagonoptera 0.603; Pteridium aquilinum 0.556; Phegopteris connectilis 0.554; Histiopteris incisa 0.546; Pteridium esculentum 0.520
plant,fern_324782570.jpg,reticle,Phegopteris hexagonoptera,0.686772,False,Toxicodendron radicans,0.381278,171,Phegopteris hexagonoptera,0.686772,Phegopteris hexagonoptera 0.687; Phegopteris connectilis 0.620; Dryopteris marginalis 0.576; Deparia acrostichoides 0.556; Onoclea sensibilis 0.535
plant,fern_113298380.jpg,full,Polystichum acrostichoides,0.654680,False,Solanum carolinense,0.368982,163,Polystichum acrostichoides,0.654680,Polystichum acrostichoides 0.655; Homalosorus pycnocarpos 0.610; Asplenium platyneuron 0.567; Dryopteris marginalis 0.560; Deparia acrostichoides 0.548
plant,fern_113298380.jpg,reticle,Polystichum acrostichoides,0.664557,False,Solanum carolinense,0.357796,127,Polystichum acrostichoides,0.664557,Polystichum acrostichoides 0.665; Homalosorus pycnocarpos 0.582; Asplenium platyneuron 0.569; Deparia acrostichoides 0.505; Polypodium virginianum 0.501
plant,fern_7288531.jpg,full,Conocephalum salebrosum,0.620940,False,Toxicodendron radicans,0.450199,392,Conocephalum salebrosum,0.620940,Conocephalum salebrosum 0.621; Dendroalsia abietina 0.605; Adiantum capillus-veneris 0.600; Anomodon attenuatus 0.589; Asplenium montanum 0.585
plant,fern_7288531.jpg,reticle,Dendroalsia abietina,0.570283,False,Toxicodendron radicans,0.480518,298,Dendroalsia abietina,0.570283,Dendroalsia abietina 0.570; Laurelia novae-zelandiae 0.570; Magnolia macrophylla 0.568; Neckera pennata 0.566; Beilschmiedia tawa 0.562
plant,clover_360420143.jpg,full,Medicago minima,0.547041,False,Solanum carolinense,0.361662,468,Medicago minima,0.547041,Medicago minima 0.547; Medicago polymorpha 0.546; Trifolium campestre 0.518; Medicago lupulina 0.506; Trifolium arvense 0.504
plant,clover_360420143.jpg,reticle,Medicago polymorpha,0.629158,False,Toxicodendron diversilobum,0.374715,600,Medicago polymorpha,0.629158,Medicago polymorpha 0.629; Trifolium hirtum 0.612; Medicago minima 0.583; Trifolium willdenovii 0.560; Trifolium campestre 0.552
plant,clover_116135166.jpg,full,Medicago falcata,0.554756,False,Solanum carolinense,0.365526,340,Medicago falcata,0.554756,Medicago falcata 0.555; Stylosanthes biflora 0.554; Lespedeza cuneata 0.547; Lespedeza capitata 0.544; Lotus corniculatus 0.540
plant,clover_116135166.jpg,reticle,Trifolium aureum,0.627462,False,Solanum carolinense,0.314672,729,Trifolium aureum,0.627462,Trifolium aureum 0.627; Trifolium campestre 0.610; Medicago lupulina 0.570; Trifolium dubium 0.545; Medicago falcata 0.528
plant,clover_21647604.jpg,full,Trifolium incarnatum,0.649555,False,Toxicodendron pubescens,0.282347,496,Trifolium incarnatum,0.649555,Trifolium incarnatum 0.650; Trifolium angustifolium 0.476; Trifolium hirtum 0.475; Trifolium pratense 0.467; Trifolium arvense 0.465
plant,clover_21647604.jpg,reticle,Trifolium incarnatum,0.668583,False,Toxicodendron pubescens,0.289697,568,Trifolium incarnatum,0.668583,Trifolium incarnatum 0.669; Trifolium pratense 0.498; Trifolium hirtum 0.493; Trifolium angustifolium 0.492; Trifolium arvense 0.485
plant,clover_148398490.jpg,full,Kennedia prostrata,0.558599,False,Toxicodendron rydbergii,0.493353,27,Kennedia prostrata,0.558599,Kennedia prostrata 0.559; Medicago polymorpha 0.550; Rhus aromatica 0.540; Fraxinus albicans 0.537; Lonicera albiflora 0.537
plant,clover_148398490.jpg,reticle,Medicago polymorpha,0.582055,False,Toxicodendron diversilobum,0.287112,1008,Medicago polymorpha,0.582055,Medicago polymorpha 0.582; Trifolium repens 0.573; Trifolium subterraneum 0.563; Medicago arabica 0.552; Medicago lupulina 0.516
plant,clover_166931416.jpg,full,Trifolium pratense,0.579606,False,Toxicodendron radicans,0.255517,815,Trifolium pratense,0.579606,Trifolium pratense 0.580; Trifolium hybridum 0.567; Trifolium medium 0.547; Trifolium fragiferum 0.482; Trifolium resupinatum 0.459
plant,clover_166931416.jpg,reticle,Trifolium pratense,0.586307,False,Toxicodendron rydbergii,0.261798,904,Trifolium pratense,0.586307,Trifolium pratense 0.586; Trifolium medium 0.570; Trifolium hybridum 0.538; Trifolium lupinaster 0.463; Trifolium fragiferum 0.450
plant,clover_295532142.jpg,full,Trifolium pratense,0.581555,False,Toxicodendron radicans,0.248376,523,Trifolium pratense,0.581555,Trifolium pratense 0.582; Trifolium medium 0.525; Trifolium hybridum 0.436; Trifolium hirtum 0.423; Trifolium repens 0.406
plant,clover_295532142.jpg,reticle,Trifolium pratense,0.614673,False,Toxicodendron radicans,0.270044,621,Trifolium pratense,0.614673,Trifolium pratense 0.615; Trifolium medium 0.550; Trifolium hirtum 0.452; Trifolium hybridum 0.448; Trifolium lupinaster 0.430
plant,clover_347184606.jpg,full,Trifolium incarnatum,0.670027,False,Toxicodendron diversilobum,0.295761,677,Trifolium incarnatum,0.670027,Trifolium incarnatum 0.670; Trifolium hirtum 0.550; Trifolium angustifolium 0.538; Trifolium arvense 0.521; Trifolium pratense 0.505
plant,clover_347184606.jpg,reticle,Trifolium incarnatum,0.651203,False,Toxicodendron diversilobum,0.342743,392,Trifolium incarnatum,0.651203,Trifolium incarnatum 0.651; Trifolium angustifolium 0.594; Trifolium hirtum 0.569; Trifolium arvense 0.546; Trifolium pratense 0.530
plant,clover_368882118.jpg,full,Castilleja densiflora,0.570411,False,Phytolacca americana,0.311842,2148,Castilleja densiflora,0.570411,Castilleja densiflora 0.570; Castilleja attenuata 0.558; Gomphrena serrata 0.548; Marshallia caespitosa 0.544; Polygala sanguinea 0.539
plant,clover_368882118.jpg,reticle,Marshallia caespitosa,0.603725,False,Toxicodendron pubescens,0.360711,1187,Marshallia caespitosa,0.603725,Marshallia caespitosa 0.604; Gomphrena serrata 0.568; Daucus pusillus 0.565; Diaperia prolifera 0.549; Allium drummondii 0.547
plant,clover_391225110.jpg,full,Trifolium pratense,0.595065,False,Toxicodendron radicans,0.253908,1141,Trifolium pratense,0.595065,Trifolium pratense 0.595; Trifolium medium 0.592; Trifolium hybridum 0.458; Trifolium lupinaster 0.450; Trifolium hirtum 0.438
plant,clover_391225110.jpg,reticle,Trifolium medium,0.621512,False,Toxicodendron radicans,0.243840,1427,Trifolium medium,0.621512,Trifolium medium 0.622; Trifolium pratense 0.595; Trifolium lupinaster 0.490; Trifolium montanum 0.475; Trifolium hybridum 0.456
plant,clover_270225229.jpg,full,Trifolium campestre,0.647940,False,Solanum carolinense,0.285116,899,Trifolium campestre,0.647940,Trifolium campestre 0.648; Trifolium dubium 0.550; Trifolium aureum 0.548; Medicago lupulina 0.545; Medicago polymorpha 0.494
plant,clover_270225229.jpg,reticle,Vicia americana,0.608305,False,Solanum carolinense,0.411099,691,Vicia americana,0.608305,Vicia americana 0.608; Vicia ludoviciana 0.608; Vicia caroliniana 0.605; Vicia sativa 0.603; Medicago polymorpha 0.590
plant,dandelion_345312783.jpg,full,Taraxacum officinale,0.641793,False,Toxicodendron diversilobum,0.296991,942,Taraxacum officinale,0.641793,Taraxacum officinale 0.642; Taraxacum erythrospermum 0.573; Hypochaeris radicata 0.561; Sonchus oleraceus 0.541; Scorzoneroides autumnalis 0.534
plant,dandelion_345312783.jpg,reticle,Taraxacum officinale,0.612117,False,Toxicodendron diversilobum,0.307093,709,Taraxacum officinale,0.612117,Taraxacum officinale 0.612; Sonchus oleraceus 0.562; Hypochaeris radicata 0.556; Sonchus asper 0.542; Helminthotheca echioides 0.539
plant,dandelion_21582736.jpg,full,Taraxacum officinale,0.627981,False,Toxicodendron radicans,0.301028,510,Taraxacum officinale,0.627981,Taraxacum officinale 0.628; Taraxacum erythrospermum 0.558; Hypochaeris radicata 0.502; Scorzoneroides autumnalis 0.488; Sonchus oleraceus 0.485
plant,dandelion_21582736.jpg,reticle,Taraxacum officinale,0.595138,False,Toxicodendron diversilobum,0.377179,684,Taraxacum officinale,0.595138,Taraxacum officinale 0.595; Hypochaeris radicata 0.585; Malacothrix glabrata 0.567; Pyrrhopappus pauciflorus 0.557; Hypochaeris glabra 0.551
plant,dandelion_108365053.jpg,full,Sisymbrium irio,0.573890,False,Toxicodendron pubescens,0.371660,1336,Sisymbrium irio,0.573890,Sisymbrium irio 0.574; Gazania linearis 0.572; Descurainia pinnata 0.561; Neptunia pubescens 0.561; Gaillardia pinnatifida 0.549
plant,dandelion_108365053.jpg,reticle,Scorzoneroides autumnalis,0.588665,False,Solanum carolinense,0.372534,1657,Scorzoneroides autumnalis,0.588665,Scorzoneroides autumnalis 0.589; Crepis capillaris 0.582; Tagetes lucida 0.570; Senecio inaequidens 0.566; Hieracium umbellatum 0.565
plant,dandelion_109409921.jpg,full,Taraxacum officinale,0.662694,False,Toxicodendron radicans,0.327543,383,Taraxacum officinale,0.662694,Taraxacum officinale 0.663; Taraxacum erythrospermum 0.576; Sonchus oleraceus 0.524; Scorzoneroides autumnalis 0.505; Sonchus asper 0.503
plant,dandelion_109409921.jpg,reticle,Taraxacum officinale,0.636975,False,Solanum carolinense,0.319423,731,Taraxacum officinale,0.636975,Taraxacum officinale 0.637; Hypochaeris radicata 0.560; Scorzoneroides autumnalis 0.560; Taraxacum erythrospermum 0.552; Pilosella officinarum 0.521
plant,dandelion_201936576.jpg,full,Taraxacum officinale,0.637970,False,Toxicodendron radicans,0.311762,224,Taraxacum officinale,0.637970,Taraxacum officinale 0.638; Taraxacum erythrospermum 0.582; Sonchus oleraceus 0.487; Sonchus asper 0.469; Sonchus arvensis 0.442
plant,dandelion_201936576.jpg,reticle,Taraxacum officinale,0.620348,False,Solanum carolinense,0.300233,357,Taraxacum officinale,0.620348,Taraxacum officinale 0.620; Taraxacum erythrospermum 0.544; Sonchus oleraceus 0.509; Sonchus asper 0.492; Sonchus arvensis 0.486
plant,dandelion_114940138.jpg,full,Taraxacum erythrospermum,0.607408,False,Toxicodendron radicans,0.334370,441,Taraxacum erythrospermum,0.607408,Taraxacum erythrospermum 0.607; Taraxacum officinale 0.604; Pyrrhopappus pauciflorus 0.483; Marshallia caespitosa 0.475; Sixalix atropurpurea 0.470
plant,dandelion_114940138.jpg,reticle,Taraxacum officinale,0.585357,False,Toxicodendron radicans,0.357612,622,Taraxacum officinale,0.585357,Taraxacum officinale 0.585; Taraxacum erythrospermum 0.583; Tragopogon dubius 0.503; Marshallia caespitosa 0.499; Hypochaeris radicata 0.492
plant,dandelion_39469049.jpg,full,Taraxacum officinale,0.633424,False,Toxicodendron radicans,0.306231,424,Taraxacum officinale,0.633424,Taraxacum officinale 0.633; Taraxacum erythrospermum 0.577; Hypochaeris radicata 0.503; Sonchus oleraceus 0.492; Scorzoneroides autumnalis 0.488
plant,dandelion_39469049.jpg,reticle,Taraxacum officinale,0.648172,False,Toxicodendron radicans,0.311848,529,Taraxacum officinale,0.648172,Taraxacum officinale 0.648; Taraxacum erythrospermum 0.596; Hypochaeris radicata 0.529; Sonchus oleraceus 0.514; Scorzoneroides autumnalis 0.511
plant,dandelion_65700688.jpg,full,Hypochaeris radicata,0.640534,False,Solanum carolinense,0.314173,808,Hypochaeris radicata,0.640534,Hypochaeris radicata 0.641; Taraxacum officinale 0.622; Scorzoneroides autumnalis 0.601; Hypochaeris glabra 0.592; Crepis capillaris 0.586
plant,dandelion_65700688.jpg,reticle,Taraxacum officinale,0.609740,False,Solanum carolinense,0.329858,298,Taraxacum officinale,0.609740,Taraxacum officinale 0.610; Scorzoneroides autumnalis 0.581; Hypochaeris radicata 0.573; Taraxacum erythrospermum 0.572; Crepis capillaris 0.552
plant,dandelion_143959013.jpg,full,Youngia japonica,0.600790,False,Toxicodendron radicans,0.363436,298,Youngia japonica,0.600790,Youngia japonica 0.601; Taraxacum officinale 0.590; Taraxacum erythrospermum 0.581; Krigia virginica 0.571; Hypochaeris radicata 0.552
plant,dandelion_143959013.jpg,reticle,Taraxacum officinale,0.594782,False,Solanum carolinense,0.357007,296,Taraxacum officinale,0.594782,Taraxacum officinale 0.595; Youngia japonica 0.580; Taraxacum erythrospermum 0.566; Sonchus oleraceus 0.553; Hypochaeris radicata 0.542
plant,dandelion_96999892.jpg,full,Taraxacum officinale,0.633967,False,Toxicodendron radicans,0.296281,705,Taraxacum officinale,0.633967,Taraxacum officinale 0.634; Scorzoneroides autumnalis 0.581; Taraxacum erythrospermum 0.555; Hypochaeris radicata 0.532; Crepis capillaris 0.518
plant,dandelion_96999892.jpg,reticle,Scorzoneroides autumnalis,0.659616,False,Toxicodendron radicans,0.337470,683,Scorzoneroides autumnalis,0.659616,Scorzoneroides autumnalis 0.660; Taraxacum officinale 0.621; Hypochaeris radicata 0.610; Crepis capillaris 0.595; Pilosella caespitosa 0.572
plant,moss_206167235.jpg,full,Plagiomnium cuspidatum,0.627735,False,Toxicodendron radicans,0.344754,1507,Plagiomnium cuspidatum,0.627735,Plagiomnium cuspidatum 0.628; Notogrammitis heterophylla 0.621; Asplenium viride 0.607; Asplenium trichomanes 0.590; Asplenium appendiculatum 0.589
plant,moss_206167235.jpg,reticle,Notogrammitis heterophylla,0.617839,False,Toxicodendron diversilobum,0.350871,1624,Notogrammitis heterophylla,0.617839,Notogrammitis heterophylla 0.618; Plagiomnium insigne 0.601; Struthiopteris spicant 0.601; Polypodium vulgare 0.595; Asplenium viride 0.592
plant,moss_327767764.jpg,full,Lycopodium fastigiatum,0.698331,False,Solanum carolinense,0.323926,1299,Lycopodium fastigiatum,0.698331,Lycopodium fastigiatum 0.698; Lycopodium clavatum 0.645; Lycopodium scariosum 0.641; Selaginella rupestris 0.631; Lycopodium volubile 0.607
plant,moss_327767764.jpg,reticle,Selaginella kraussiana,0.626193,False,Toxicodendron diversilobum,0.371406,572,Selaginella kraussiana,0.626193,Selaginella kraussiana 0.626; Dendroalsia abietina 0.618; Lycopodium clavatum 0.610; Hypnum cupressiforme 0.608; Lycopodium fastigiatum 0.604
plant,moss_99283572.jpg,full,Selaginella lepidophylla,0.601707,False,Toxicodendron diversilobum,0.428467,910,Selaginella lepidophylla,0.601707,Selaginella lepidophylla 0.602; Petrophytum caespitosum 0.566; Crassula connata 0.544; Caulanthus lasiophyllus 0.544; Lycopodium scariosum 0.543
plant,moss_99283572.jpg,reticle,Radula complanata,0.632699,False,Phytolacca americana,0.374152,1456,Radula complanata,0.632699,Radula complanata 0.633; Sagina procumbens 0.616; Bryum argenteum 0.615; Hypnum cupressiforme 0.604; Selaginella kraussiana 0.600
plant,moss_74700272.jpg,full,Arceuthobium campylopodum,0.612250,False,Toxicodendron diversilobum,0.436216,253,Arceuthobium campylopodum,0.612250,Arceuthobium campylopodum 0.612; Phoradendron californicum 0.593; Dacrydium cupressinum 0.583; Cupressus macrocarpa 0.556; Pyrrosia eleagnifolia 0.556
plant,moss_74700272.jpg,reticle,Salicornia quinqueflora,0.599131,False,Toxicodendron diversilobum,0.423194,812,Salicornia quinqueflora,0.599131,Salicornia quinqueflora 0.599; Seriphium plumosum 0.598; Samolus repens 0.577; Muehlenbeckia complexa 0.557; Neorhodomela larix 0.556
plant,moss_150743932.jpg,full,Hypnum cupressiforme,0.640210,False,Toxicodendron radicans,0.289776,1432,Hypnum cupressiforme,0.640210,Hypnum cupressiforme 0.640; Pleurozium schreberi 0.607; Hedwigia ciliata 0.584; Plagiothecium undulatum 0.556; Bryum argenteum 0.540
plant,moss_150743932.jpg,reticle,Plagiothecium undulatum,0.608251,False,Phytolacca americana,0.366963,905,Plagiothecium undulatum,0.608251,Plagiothecium undulatum 0.608; Radula complanata 0.604; Hypnum cupressiforme 0.595; Conocephalum conicum 0.583; Bazzania trilobata 0.583
plant,moss_35300641.jpg,full,Asplenium hookerianum,0.684071,False,Solanum carolinense,0.364356,1353,Asplenium hookerianum,0.684071,Asplenium hookerianum 0.684; Paesia scaberula 0.657; Hymenophyllum demissum 0.653; Asplenium appendiculatum 0.648; Asplenium bulbiferum 0.637
plant,moss_35300641.jpg,reticle,Notogrammitis heterophylla,0.704943,False,Toxicodendron radicans,0.399572,800,Notogrammitis heterophylla,0.704943,Notogrammitis heterophylla 0.705; Leptopteris hymenophylloides 0.648; Paesia scaberula 0.639; Rumohra adiantiformis 0.637; Pteris macilenta 0.631
plant,moss_297775299.jpg,full,Rhodobryum ontariense,0.642202,False,Toxicodendron radicans,0.391584,316,Rhodobryum ontariense,0.642202,Rhodobryum ontariense 0.642; Plagiomnium cuspidatum 0.622; Hypnum cupressiforme 0.607; Thuidium delicatulum 0.603; Hymenophyllum flabellatum 0.602
plant,moss_297775299.jpg,reticle,Plagiomnium cuspidatum,0.686187,False,Toxicodendron radicans,0.357564,419,Plagiomnium cuspidatum,0.686187,Plagiomnium cuspidatum 0.686; Rhodobryum ontariense 0.632; Neckera pennata 0.587; Syntrichia ruralis 0.584; Plagiomnium insigne 0.579
plant,moss_22263131.jpg,full,Hedwigia ciliata,0.606801,False,Toxicodendron radicans,0.361294,722,Hedwigia ciliata,0.606801,Hedwigia ciliata 0.607; Bazzania trilobata 0.604; Hypnum cupressiforme 0.601; Pleurozium schreberi 0.601; Plagiothecium undulatum 0.584
plant,moss_22263131.jpg,reticle,Leucolepis acanthoneura,0.598581,False,Toxicodendron diversilobum,0.371398,575,Leucolepis acanthoneura,0.598581,Leucolepis acanthoneura 0.599; Rhizomnium glabrescens 0.598; Rhodobryum ontariense 0.582; Plagiothecium undulatum 0.576; Dendroalsia abietina 0.576
plant,moss_257263778.jpg,full,Hylocomium splendens,0.677758,False,Solanum carolinense,0.286829,830,Hylocomium splendens,0.677758,Hylocomium splendens 0.678; Thuidium delicatulum 0.600; Pleurozium schreberi 0.577; Ptilium crista-castrensis 0.552; Hypnum cupressiforme 0.508
plant,moss_257263778.jpg,reticle,Hylocomium splendens,0.672139,False,Solanum carolinense,0.331049,455,Hylocomium splendens,0.672139,Hylocomium splendens 0.672; Thuidium delicatulum 0.629; Pleurozium schreberi 0.622; Hypnum cupressiforme 0.560; Ptilium crista-castrensis 0.558
plant,moss_265577121.jpg,full,Thuidium delicatulum,0.668783,False,Toxicodendron rydbergii,0.375180,336,Thuidium delicatulum,0.668783,Thuidium delicatulum 0.669; Pleurozium schreberi 0.657; Hylocomium splendens 0.635; Hypnum cupressiforme 0.598; Ptilium crista-castrensis 0.595
plant,moss_265577121.jpg,reticle,Pleurozium schreberi,0.647750,False,Toxicodendron radicans,0.330275,495,Pleurozium schreberi,0.647750,Pleurozium schreberi 0.648; Thuidium delicatulum 0.614; Hylocomium splendens 0.602; Ptilium crista-castrensis 0.601; Hypnum cupressiforme 0.580
plant,magnolia_351718841.jpg,full,Magnolia tripetala,0.633491,False,Phytolacca americana,0.445359,14,Magnolia tripetala,0.633491,Magnolia tripetala 0.633; Magnolia macrophylla 0.567; Magnolia acuminata 0.515; Magnolia virginiana 0.512; Magnolia grandiflora 0.505
plant,magnolia_351718841.jpg,reticle,Magnolia tripetala,0.665816,False,Phytolacca americana,0.411772,28,Magnolia tripetala,0.665816,Magnolia tripetala 0.666; Magnolia macrophylla 0.647; Magnolia fraseri 0.582; Magnolia acuminata 0.576; Magnolia virginiana 0.537
plant,magnolia_357301974.jpg,full,Magnolia acuminata,0.660089,False,Toxicodendron vernix,0.451921,57,Magnolia acuminata,0.660089,Magnolia acuminata 0.660; Magnolia fraseri 0.616; Magnolia macrophylla 0.578; Asimina triloba 0.568; Magnolia tripetala 0.564
plant,magnolia_357301974.jpg,reticle,Magnolia acuminata,0.592873,False,Toxicodendron vernix,0.475092,31,Magnolia acuminata,0.592873,Magnolia acuminata 0.593; Fraxinus albicans 0.565; Dirca palustris 0.562; Fraxinus americana 0.556; Chionanthus virginicus 0.542
plant,magnolia_219012133.jpg,full,Magnolia macrophylla,0.662680,False,Phytolacca americana,0.383508,85,Magnolia macrophylla,0.662680,Magnolia macrophylla 0.663; Magnolia fraseri 0.646; Magnolia tripetala 0.612; Magnolia acuminata 0.581; Magnolia virginiana 0.549
plant,magnolia_219012133.jpg,reticle,Magnolia macrophylla,0.668636,False,Phytolacca americana,0.406824,41,Magnolia macrophylla,0.668636,Magnolia macrophylla 0.669; Magnolia fraseri 0.648; Magnolia tripetala 0.623; Magnolia acuminata 0.586; Magnolia virginiana 0.548
plant,magnolia_251177662.jpg,full,Heteromeles arbutifolia,0.529026,False,Phytolacca americana,0.367243,458,Heteromeles arbutifolia,0.529026,Heteromeles arbutifolia 0.529; Eriodictyon crassifolium 0.525; Eriodictyon trichocalyx 0.525; Myoporum laetum 0.522; Salvia apiana 0.520
plant,magnolia_251177662.jpg,reticle,Psychotria asiatica,0.611668,False,Phytolacca americana,0.376773,491,Psychotria asiatica,0.611668,Psychotria asiatica 0.612; Magnolia virginiana 0.563; Acacia confusa 0.544; Nerium oleander 0.542; Myrsine salicina 0.541
plant,magnolia_371399763.jpg,full,Magnolia macrophylla,0.561455,False,Phytolacca americana,0.431070,74,Magnolia macrophylla,0.561455,Magnolia macrophylla 0.561; Solanum mauritianum 0.543; Calotropis procera 0.531; Plumeria rubra 0.520; Musa acuminata 0.509
plant,magnolia_371399763.jpg,reticle,Calotropis procera,0.577257,False,Phytolacca americana,0.436548,105,Calotropis procera,0.577257,Calotropis procera 0.577; Solanum mauritianum 0.577; Wyethia mollis 0.550; Calotropis gigantea 0.543; Wigandia urens 0.537
plant,magnolia_60627713.jpg,full,Magnolia macrophylla,0.664986,False,Phytolacca americana,0.392874,69,Magnolia macrophylla,0.664986,Magnolia macrophylla 0.665; Magnolia fraseri 0.626; Magnolia tripetala 0.609; Magnolia acuminata 0.578; Magnolia virginiana 0.530
plant,magnolia_60627713.jpg,reticle,Magnolia macrophylla,0.644189,False,Phytolacca americana,0.411263,104,Magnolia macrophylla,0.644189,Magnolia macrophylla 0.644; Magnolia fraseri 0.615; Magnolia acuminata 0.593; Magnolia tripetala 0.587; Reynoutria sachalinensis 0.559
plant,magnolia_60606688.jpg,full,Magnolia macrophylla,0.664596,False,Toxicodendron vernix,0.380035,98,Magnolia macrophylla,0.664596,Magnolia macrophylla 0.665; Magnolia fraseri 0.633; Magnolia tripetala 0.628; Magnolia acuminata 0.590; Magnolia virginiana 0.541
plant,magnolia_60606688.jpg,reticle,Magnolia macrophylla,0.681745,False,Phytolacca americana,0.398344,52,Magnolia macrophylla,0.681745,Magnolia macrophylla 0.682; Magnolia fraseri 0.644; Magnolia tripetala 0.641; Magnolia acuminata 0.586; Magnolia virginiana 0.557
plant,magnolia_164228758.jpg,full,Magnolia macrophylla,0.666608,False,Phytolacca americana,0.392381,65,Magnolia macrophylla,0.666608,Magnolia macrophylla 0.667; Magnolia fraseri 0.650; Magnolia tripetala 0.592; Magnolia acuminata 0.580; Magnolia grandiflora 0.529
plant,magnolia_164228758.jpg,reticle,Magnolia macrophylla,0.654418,False,Phytolacca americana,0.412422,51,Magnolia macrophylla,0.654418,Magnolia macrophylla 0.654; Magnolia fraseri 0.623; Magnolia tripetala 0.580; Magnolia acuminata 0.575; Reynoutria sachalinensis 0.513
plant,magnolia_118925907.jpg,full,Magnolia grandiflora,0.615464,False,Phytolacca americana,0.428887,120,Magnolia grandiflora,0.615464,Magnolia grandiflora 0.615; Magnolia virginiana 0.612; Prunus caroliniana 0.592; Quercus imbricaria 0.578; Symplocos tinctoria 0.556
plant,magnolia_118925907.jpg,reticle,Nyssa sylvatica,0.601932,False,Phytolacca americana,0.489536,51,Nyssa sylvatica,0.601932,Nyssa sylvatica 0.602; Magnolia acuminata 0.598; Persea americana 0.593; Magnolia fraseri 0.589; Chionanthus virginicus 0.589
plant,magnolia_80465557.jpg,full,Magnolia tripetala,0.621774,False,Phytolacca americana,0.446521,19,Magnolia tripetala,0.621774,Magnolia tripetala 0.622; Magnolia macrophylla 0.584; Magnolia fraseri 0.544; Plumeria rubra 0.516; Magnolia grandiflora 0.510
plant,magnolia_80465557.jpg,reticle,Magnolia tripetala,0.612040,False,Phytolacca americana,0.497176,12,Magnolia tripetala,0.612040,Magnolia tripetala 0.612; Magnolia macrophylla 0.599; Magnolia fraseri 0.545; Solanum mauritianum 0.534; Plumeria rubra 0.534
plant,violet_272831934.jpg,full,Cardamine concatenata,0.628487,False,Solanum carolinense,0.337036,665,Cardamine concatenata,0.628487,Cardamine concatenata 0.628; Viola pedatifida 0.586; Viola pedata 0.558; Delphinium tricorne 0.550; Ranunculus fascicularis 0.521
plant,violet_272831934.jpg,reticle,Viola pedatifida,0.611190,False,Toxicodendron radicans,0.356177,672,Viola pedatifida,0.611190,Viola pedatifida 0.611; Coreopsis palmata 0.581; Cardamine concatenata 0.580; Viola pedata 0.553; Callirhoe pedata 0.524
plant,violet_347694786.jpg,full,Viola palmata,0.665552,False,Solanum carolinense,0.453347,44,Viola palmata,0.665552,Viola palmata 0.666; Viola lobata 0.565; Nabalus albus 0.557; Viola pedatifida 0.554; Viola sagittata 0.540
plant,violet_347694786.jpg,reticle,Viola palmata,0.575573,False,Solanum carolinense,0.476421,93,Viola palmata,0.575573,Viola palmata 0.576; Nabalus albus 0.565; Hydrastis canadensis 0.559; Eurybia macrophylla 0.557; Smallanthus uvedalia 0.555
plant,violet_156481315.jpg,full,Viola palmata,0.676145,False,Toxicodendron pubescens,0.418724,84,Viola palmata,0.676145,Viola palmata 0.676; Viola lobata 0.675; Viola pedatifida 0.649; Viola pedata 0.594; Viola sagittata 0.567
plant,violet_156481315.jpg,reticle,Viola pedatifida,0.636109,False,Toxicodendron pubescens,0.433512,210,Viola pedatifida,0.636109,Viola pedatifida 0.636; Coreopsis palmata 0.596; Viola lobata 0.595; Viola palmata 0.582; Viola pedata 0.574
plant,violet_74595584.jpg,full,Lysimachia ciliata,0.586375,False,Solanum carolinense,0.404513,146,Lysimachia ciliata,0.586375,Lysimachia ciliata 0.586; Lysimachia quadrifolia 0.583; Potentilla simplex 0.524; Ranunculus hispidus 0.522; Hypoxis hirsuta 0.507
plant,violet_74595584.jpg,reticle,Ranunculus hispidus,0.550010,False,Solanum carolinense,0.406746,236,Ranunculus hispidus,0.550010,Ranunculus hispidus 0.550; Lysimachia ciliata 0.545; Potentilla simplex 0.540; Hypoxis hirsuta 0.539; Lysimachia quadrifolia 0.531
plant,violet_113009335.jpg,full,Viola canadensis,0.634980,False,Toxicodendron rydbergii,0.414628,64,Viola canadensis,0.634980,Viola canadensis 0.635; Viola nuttallii 0.528; Geranium richardsonii 0.510; Viola adunca 0.489; Prosartes trachycarpa 0.488
plant,violet_113009335.jpg,reticle,Viola canadensis,0.643201,False,Toxicodendron rydbergii,0.364147,316,Viola canadensis,0.643201,Viola canadensis 0.643; Viola striata 0.598; Viola labradorica 0.537; Viola blanda 0.536; Viola mirabilis 0.526
plant,violet_109797658.jpg,full,Viola nuttallii,0.674030,False,Toxicodendron rydbergii,0.341996,299,Viola nuttallii,0.674030,Viola nuttallii 0.674; Viola lobata 0.647; Viola purpurea 0.634; Viola glabella 0.552; Viola canadensis 0.527
plant,violet_109797658.jpg,reticle,Viola nuttallii,0.688551,False,Toxicodendron rydbergii,0.368022,110,Viola nuttallii,0.688551,Viola nuttallii 0.689; Viola lobata 0.598; Viola purpurea 0.587; Viola glabella 0.542; Viola canadensis 0.532
plant,violet_153884718.jpg,full,Nabalus trifoliolatus,0.624164,False,Solanum carolinense,0.445725,69,Nabalus trifoliolatus,0.624164,Nabalus trifoliolatus 0.624; Nabalus albus 0.620; Viola palmata 0.574; Nabalus altissimus 0.555; Arnoglossum atriplicifolium 0.529
plant,violet_153884718.jpg,reticle,Melothria pendula,0.655940,False,Solanum carolinense,0.447277,184,Melothria pendula,0.655940,Melothria pendula 0.656; Ipomoea triloba 0.626; Ipomoea alba 0.596; Passiflora suberosa 0.579; Ipomoea obscura 0.578
plant,violet_151894066.jpg,full,Viola rostrata,0.690013,False,Toxicodendron radicans,0.345291,416,Viola rostrata,0.690013,Viola rostrata 0.690; Viola labradorica 0.652; Viola blanda 0.635; Viola riviniana 0.602; Viola sororia 0.594
plant,violet_151894066.jpg,reticle,Viola riviniana,0.625528,False,Phytolacca americana,0.365404,1511,Viola riviniana,0.625528,Viola riviniana 0.626; Persicaria capitata 0.584; Viola sempervirens 0.557; Dichondra repens 0.556; Viola odorata 0.550
plant,violet_343819870.jpg,full,Viola sororia,0.651297,False,Solanum carolinense,0.313150,204,Viola sororia,0.651297,Viola sororia 0.651; Viola sagittata 0.564; Viola palmata 0.559; Viola adunca 0.517; Viola labradorica 0.512
plant,violet_343819870.jpg,reticle,Viola sororia,0.676173,False,Solanum carolinense,0.334147,203,Viola sororia,0.676173,Viola sororia 0.676; Viola sagittata 0.619; Viola palmata 0.604; Viola adunca 0.581; Viola pedatifida 0.569
plant,violet_7871180.jpg,full,Dioscorea villosa,0.606803,False,Toxicodendron radicans,0.376052,362,Dioscorea villosa,0.606803,Dioscorea villosa 0.607; Viola rotundifolia 0.585; Viola blanda 0.569; Asarum canadense 0.567; Ipomoea pandurata 0.551
plant,violet_7871180.jpg,reticle,Viola rotundifolia,0.615270,False,Toxicodendron radicans,0.383853,529,Viola rotundifolia,0.615270,Viola rotundifolia 0.615; Eurybia macrophylla 0.573; Viola blanda 0.571; Eurybia divaricata 0.544; Asarum canadense 0.543
plant,honeysuckle_3323351.jpg,full,Lonicera japonica,0.620377,False,Solanum carolinense,0.372959,104,Lonicera japonica,0.620377,Lonicera japonica 0.620; Lonicera periclymenum 0.549; Lonicera sempervirens 0.477; Lonicera albiflora 0.464; Araujia sericifera 0.454
plant,honeysuckle_3323351.jpg,reticle,Lonicera japonica,0.614346,False,Solanum carolinense,0.350600,129,Lonicera japonica,0.614346,Lonicera japonica 0.614; Lonicera periclymenum 0.551; Lonicera sempervirens 0.444; Lonicera albiflora 0.442; Lonicera maackii 0.436
plant,honeysuckle_300966429.jpg,full,Elaeagnus umbellata,0.629934,False,Solanum carolinense,0.436150,62,Elaeagnus umbellata,0.629934,Elaeagnus umbellata 0.630; Elaeagnus pungens 0.570; Lonicera japonica 0.566; Lonicera morrowii 0.542; Lonicera maackii 0.538
plant,honeysuckle_300966429.jpg,reticle,Celtis pallida,0.583418,False,Phytolacca americana,0.400267,501,Celtis pallida,0.583418,Celtis pallida 0.583; Elaeagnus pungens 0.565; Passiflora tetrandra 0.556; Elaeagnus umbellata 0.554; Parsonsia heterophylla 0.554
plant,honeysuckle_19540307.jpg,full,Garrya elliptica,0.540494,False,Toxicodendron radicans,0.373685,338,Garrya elliptica,0.540494,Garrya elliptica 0.540; Elaeagnus pungens 0.538; Gaultheria shallon 0.527; Quercus ilex 0.515; Elaeagnus umbellata 0.514
plant,honeysuckle_19540307.jpg,reticle,Ligustrum sinense,0.557679,False,Phytolacca americana,0.408852,262,Ligustrum sinense,0.557679,Ligustrum sinense 0.558; Lonicera japonica 0.556; Quercus ilex 0.537; Gaultheria shallon 0.537; Myrtus communis 0.533
plant,honeysuckle_28400905.jpg,full,Lonicera japonica,0.628768,False,Solanum carolinense,0.357615,208,Lonicera japonica,0.628768,Lonicera japonica 0.629; Lonicera periclymenum 0.546; Lonicera sempervirens 0.458; Tecomaria capensis 0.457; Trachelospermum jasminoides 0.447
plant,honeysuckle_28400905.jpg,reticle,Hedychium coronarium,0.574232,False,Phytolacca americana,0.385124,1191,Hedychium coronarium,0.574232,Hedychium coronarium 0.574; Milla biflora 0.559; Lilium formosanum 0.558; Crinum asiaticum 0.552; Lonicera japonica 0.550
plant,honeysuckle_36945277.jpg,full,Smilax auriculata,0.674356,False,Toxicodendron radicans,0.413320,371,Smilax auriculata,0.674356,Smilax auriculata 0.674; Smilax pumila 0.640; Smilax glauca 0.616; Smilax laurifolia 0.612; Smilax bona-nox 0.601
plant,honeysuckle_36945277.jpg,reticle,Smilax aspera,0.606297,False,Toxicodendron diversilobum,0.393915,518,Smilax aspera,0.606297,Smilax aspera 0.606; Smilax auriculata 0.604; Smilax pumila 0.590; Smilax tamnoides 0.579; Vincetoxicum nigrum 0.572
plant,honeysuckle_161677638.jpg,full,Lonicera japonica,0.633229,False,Solanum carolinense,0.340282,67,Lonicera japonica,0.633229,Lonicera japonica 0.633; Lonicera periclymenum 0.528; Lonicera sempervirens 0.475; Lonicera morrowii 0.474; Lonicera maackii 0.460
plant,honeysuckle_161677638.jpg,reticle,Lonicera japonica,0.629773,False,Solanum carolinense,0.339225,58,Lonicera japonica,0.629773,Lonicera japonica 0.630; Lonicera periclymenum 0.544; Lonicera sempervirens 0.483; Lonicera morrowii 0.479; Lonicera maackii 0.469
plant,honeysuckle_79931175.jpg,full,Lonicera japonica,0.646955,False,Solanum carolinense,0.352201,70,Lonicera japonica,0.646955,Lonicera japonica 0.647; Lonicera periclymenum 0.562; Lonicera morrowii 0.490; Lonicera sempervirens 0.481; Lonicera albiflora 0.478
plant,honeysuckle_79931175.jpg,reticle,Lonicera japonica,0.653240,False,Solanum carolinense,0.341763,108,Lonicera japonica,0.653240,Lonicera japonica 0.653; Lonicera periclymenum 0.594; Lonicera morrowii 0.517; Lonicera xylosteum 0.502; Lonicera albiflora 0.499
plant,honeysuckle_74726760.jpg,full,Symphoricarpos orbiculatus,0.584953,False,Toxicodendron pubescens,0.454979,85,Symphoricarpos orbiculatus,0.584953,Symphoricarpos orbiculatus 0.585; Lonicera japonica 0.559; Ligustrum sinense 0.536; Lonicera morrowii 0.526; Lonicera sempervirens 0.525
plant,honeysuckle_74726760.jpg,reticle,Symphoricarpos orbiculatus,0.528058,False,Toxicodendron pubescens,0.501813,6,Symphoricarpos orbiculatus,0.528058,Symphoricarpos orbiculatus 0.528; Vitex rotundifolia 0.512; Colubrina texensis 0.503; Lonicera japonica 0.503; Ruellia caroliniensis 0.503
plant,honeysuckle_24854627.jpg,full,Forestiera pubescens,0.635742,False,Toxicodendron diversilobum,0.400239,582,Forestiera pubescens,0.635742,Forestiera pubescens 0.636; Garrya lindheimeri 0.593; Celtis pallida 0.591; Sideroxylon lanuginosum 0.578; Celtis reticulata 0.569
plant,honeysuckle_24854627.jpg,reticle,Forestiera pubescens,0.549215,False,Toxicodendron radicans,0.390999,421,Forestiera pubescens,0.549215,Forestiera pubescens 0.549; Cornus drummondii 0.537; Lonicera maackii 0.523; Lonicera albiflora 0.523; Ehretia anacua 0.520
plant,honeysuckle_345692495.jpg,full,Symphoricarpos mollis,0.601932,False,Toxicodendron pubescens,0.527290,18,Symphoricarpos mollis,0.601932,Symphoricarpos mollis 0.602; Lonicera subspicata 0.571; Lonicera albiflora 0.558; Pinaropappus roseus 0.557; Lonicera hispidula 0.554
plant,honeysuckle_345692495.jpg,reticle,Symphoricarpos mollis,0.598614,False,Toxicodendron pubescens,0.478613,79,Symphoricarpos mollis,0.598614,Symphoricarpos mollis 0.599; Hieracium albiflorum 0.580; Eriogonum nudum 0.551; Symphoricarpos occidentalis 0.542; Lonicera hispidula 0.534
plant,poison_ivy_187310885.jpg,full,Viburnum lantana,0.558765,False,Toxicodendron rydbergii,0.503985,6,Viburnum lantana,0.558765,Viburnum lantana 0.559; Viburnum lantanoides 0.556; Hydrangea arborescens 0.526; Reynoutria sachalinensis 0.516; Reynoutria japonica 0.516
plant,poison_ivy_187310885.jpg,reticle,Toxicodendron radicans,0.613230,True,Toxicodendron radicans,0.613230,1,Aralia nudicaulis,0.509698,Toxicodendron radicans 0.613; Toxicodendron rydbergii 0.602; Aralia nudicaulis 0.510; Toxicodendron pubescens 0.490; Reynoutria japonica 0.489
plant,poison_ivy_120385547.jpg,full,Toxicodendron radicans,0.624454,True,Toxicodendron radicans,0.624454,1,Rhus aromatica,0.468135,Toxicodendron radicans 0.624; Toxicodendron rydbergii 0.607; Toxicodendron pubescens 0.547; Rhus aromatica 0.468; Ptelea trifoliata 0.459
plant,poison_ivy_120385547.jpg,reticle,Toxicodendron rydbergii,0.622966,True,Toxicodendron rydbergii,0.622966,1,Fraxinus albicans,0.530816,Toxicodendron rydbergii 0.623; Toxicodendron radicans 0.613; Toxicodendron pubescens 0.556; Fraxinus albicans 0.531; Aralia nudicaulis 0.507
plant,poison_ivy_267986184.jpg,full,Pinus ponderosa,0.591963,False,Toxicodendron radicans,0.405212,100,Pinus ponderosa,0.591963,Pinus ponderosa 0.592; Pinus elliottii 0.590; Pinus palustris 0.590; Pinus taeda 0.578; Pinus jeffreyi 0.571
plant,poison_ivy_267986184.jpg,reticle,Tillandsia recurvata,0.588089,False,Toxicodendron radicans,0.452441,370,Tillandsia recurvata,0.588089,Tillandsia recurvata 0.588; Pinus monophylla 0.574; Arceuthobium campylopodum 0.572; Tillandsia usneoides 0.570; Pinus radiata 0.549
plant,poison_ivy_161804350.jpg,full,Toxicodendron radicans,0.613431,True,Toxicodendron radicans,0.613431,1,Parthenocissus quinquefolia,0.462505,Toxicodendron radicans 0.613; Toxicodendron rydbergii 0.577; Toxicodendron pubescens 0.541; Parthenocissus quinquefolia 0.463; Toxicodendron diversilobum 0.462
plant,poison_ivy_161804350.jpg,reticle,Toxicodendron radicans,0.622231,True,Toxicodendron radicans,0.622231,1,Parthenocissus quinquefolia,0.485799,Toxicodendron radicans 0.622; Toxicodendron rydbergii 0.573; Toxicodendron pubescens 0.546; Parthenocissus quinquefolia 0.486; Toxicodendron diversilobum 0.461
plant,poison_ivy_177285710.jpg,full,Toxicodendron radicans,0.659946,True,Toxicodendron radicans,0.659946,1,Aralia nudicaulis,0.471179,Toxicodendron radicans 0.660; Toxicodendron pubescens 0.590; Toxicodendron rydbergii 0.575; Aralia nudicaulis 0.471; Toxicodendron vernix 0.468
plant,poison_ivy_177285710.jpg,reticle,Toxicodendron radicans,0.669365,True,Toxicodendron radicans,0.669365,1,Rhus aromatica,0.473259,Toxicodendron radicans 0.669; Toxicodendron rydbergii 0.594; Toxicodendron pubescens 0.585; Toxicodendron diversilobum 0.478; Rhus aromatica 0.473
plant,poison_ivy_170203141.jpg,full,Toxicodendron radicans,0.656331,True,Toxicodendron radicans,0.656331,1,Rhus aromatica,0.481563,Toxicodendron radicans 0.656; Toxicodendron rydbergii 0.619; Toxicodendron pubescens 0.585; Toxicodendron vernix 0.483; Rhus aromatica 0.482
plant,poison_ivy_170203141.jpg,reticle,Oxydendrum arboreum,0.576012,False,Toxicodendron vernix,0.546418,10,Oxydendrum arboreum,0.576012,Oxydendrum arboreum 0.576; Diospyros virginiana 0.575; Magnolia acuminata 0.570; Chionanthus virginicus 0.558; Asimina triloba 0.555
plant,poison_ivy_293267010.jpg,full,Toxicodendron radicans,0.598155,True,Toxicodendron radicans,0.598155,1,Carya glabra,0.530192,Toxicodendron radicans 0.598; Toxicodendron pubescens 0.553; Carya glabra 0.530; Toxicodendron rydbergii 0.509; Aralia nudicaulis 0.487
plant,poison_ivy_293267010.jpg,reticle,Sassafras albidum,0.572381,False,Toxicodendron vernix,0.486813,31,Sassafras albidum,0.572381,Sassafras albidum 0.572; Magnolia acuminata 0.566; Nyssa sylvatica 0.566; Diospyros virginiana 0.561; Oxydendrum arboreum 0.558
plant,poison_ivy_207844923.jpg,full,Toxicodendron radicans,0.652089,True,Toxicodendron radicans,0.652089,1,Aralia nudicaulis,0.447711,Toxicodendron radicans 0.652; Toxicodendron rydbergii 0.597; Toxicodendron pubescens 0.566; Toxicodendron diversilobum 0.453; Aralia nudicaulis 0.448
plant,poison_ivy_207844923.jpg,reticle,Toxicodendron radicans,0.682811,True,Toxicodendron radicans,0.682811,1,Cissus trifoliata,0.468803,Toxicodendron radicans 0.683; Toxicodendron pubescens 0.614; Toxicodendron rydbergii 0.605; Toxicodendron diversilobum 0.492; Cissus trifoliata 0.469
plant,poison_ivy_13112921.jpg,full,Toxicodendron radicans,0.639855,True,Toxicodendron radicans,0.639855,1,Rhus aromatica,0.497537,Toxicodendron radicans 0.640; Toxicodendron rydbergii 0.616; Toxicodendron pubescens 0.607; Rhus aromatica 0.498; Ptelea trifoliata 0.493
plant,poison_ivy_13112921.jpg,reticle,Quercus marilandica,0.576122,False,Toxicodendron pubescens,0.489029,25,Quercus marilandica,0.576122,Quercus marilandica 0.576; Quercus nigra 0.545; Nyssa sylvatica 0.542; Quercus falcata 0.542; Magnolia fraseri 0.534
plant,poison_ivy_274901221.jpg,full,Toxicodendron radicans,0.614227,True,Toxicodendron radicans,0.614227,1,Parthenocissus quinquefolia,0.565704,Toxicodendron radicans 0.614; Parthenocissus quinquefolia 0.566; Toxicodendron pubescens 0.534; Toxicodendron rydbergii 0.519; Parthenocissus tricuspidata 0.462
plant,poison_ivy_274901221.jpg,reticle,Toxicodendron radicans,0.616985,True,Toxicodendron radicans,0.616985,1,Parthenocissus quinquefolia,0.542259,Toxicodendron radicans 0.617; Parthenocissus quinquefolia 0.542; Toxicodendron rydbergii 0.536; Toxicodendron pubescens 0.527; Aralia nudicaulis 0.465
plant,poison_oak_357861641.jpg,full,Toxicodendron pubescens,0.630810,True,Toxicodendron pubescens,0.630810,1,Ptelea trifoliata,0.530568,Toxicodendron pubescens 0.631; Toxicodendron radicans 0.627; Ptelea trifoliata 0.531; Toxicodendron rydbergii 0.519; Rhus aromatica 0.516
plant,poison_oak_357861641.jpg,reticle,Toxicodendron pubescens,0.609832,True,Toxicodendron pubescens,0.609832,1,Ptelea trifoliata,0.581554,Toxicodendron pubescens 0.610; Toxicodendron radicans 0.599; Ptelea trifoliata 0.582; Toxicodendron rydbergii 0.530; Fraxinus albicans 0.524
plant,poison_oak_154626076.jpg,full,Toxicodendron radicans,0.633705,True,Toxicodendron radicans,0.633705,1,Parthenocissus quinquefolia,0.493087,Toxicodendron radicans 0.634; Toxicodendron pubescens 0.616; Parthenocissus quinquefolia 0.493; Toxicodendron rydbergii 0.486; Quercus falcata 0.467
plant,poison_oak_154626076.jpg,reticle,Toxicodendron radicans,0.653647,True,Toxicodendron radicans,0.653647,1,Rhus aromatica,0.468719,Toxicodendron radicans 0.654; Toxicodendron pubescens 0.615; Toxicodendron rydbergii 0.540; Rhus aromatica 0.469; Parthenocissus quinquefolia 0.451
plant,poison_oak_388255640.jpg,full,Toxicodendron rydbergii,0.647592,True,Toxicodendron rydbergii,0.647592,1,Rhus aromatica,0.535713,Toxicodendron rydbergii 0.648; Toxicodendron pubescens 0.558; Toxicodendron radicans 0.555; Rhus aromatica 0.536; Symphoricarpos occidentalis 0.492
plant,poison_oak_388255640.jpg,reticle,Toxicodendron rydbergii,0.601379,True,Toxicodendron rydbergii,0.601379,1,Quercus gambelii,0.553850,Toxicodendron rydbergii 0.601; Quercus gambelii 0.554; Toxicodendron pubescens 0.539; Rhus aromatica 0.530; Toxicodendron radicans 0.503
plant,poison_oak_27883238.jpg,full,Toxicodendron pubescens,0.586941,True,Toxicodendron pubescens,0.586941,1,Carya glabra,0.532415,Toxicodendron pubescens 0.587; Carya glabra 0.532; Asclepias amplexicaulis 0.524; Asclepias variegata 0.519; Smilax pumila 0.498
plant,poison_oak_27883238.jpg,reticle,Carya glabra,0.586017,False,Toxicodendron pubescens,0.580538,2,Carya glabra,0.586017,Carya glabra 0.586; Toxicodendron pubescens 0.581; Cnidoscolus stimulosus 0.552; Smilax pumila 0.535; Stillingia sylvatica 0.534
plant,poison_oak_247037740.jpg,full,Toxicodendron radicans,0.658945,True,Toxicodendron radicans,0.658945,1,Parthenocissus quinquefolia,0.480193,Toxicodendron radicans 0.659; Toxicodendron pubescens 0.595; Toxicodendron rydbergii 0.577; Parthenocissus quinquefolia 0.480; Toxicodendron diversilobum 0.478
plant,poison_oak_247037740.jpg,reticle,Toxicodendron radicans,0.580279,True,Toxicodendron radicans,0.580279,1,Bursera simaruba,0.573011,Toxicodendron radicans 0.580; Bursera simaruba 0.573; Bischofia javanica 0.561; Hamelia patens 0.555; Psidium guajava 0.550
plant,poison_oak_118524258.jpg,full,Toxicodendron radicans,0.619080,True,Toxicodendron radicans,0.619080,1,Rhus aromatica,0.492839,Toxicodendron radicans 0.619; Toxicodendron rydbergii 0.601; Toxicodendron pubescens 0.592; Rhus aromatica 0.493; Ptelea trifoliata 0.478
plant,poison_oak_118524258.jpg,reticle,Toxicodendron radicans,0.586951,True,Toxicodendron radicans,0.586951,1,Bursera simaruba,0.544548,Toxicodendron radicans 0.587; Toxicodendron pubescens 0.583; Toxicodendron rydbergii 0.561; Toxicodendron vernix 0.547; Bursera simaruba 0.545
plant,poison_oak_239391316.jpg,full,Toxicodendron pubescens,0.585330,True,Toxicodendron pubescens,0.585330,1,Quercus marilandica,0.554574,Toxicodendron pubescens 0.585; Quercus marilandica 0.555; Quercus sinuata 0.553; Quercus ilicifolia 0.537; Quercus falcata 0.530
plant,poison_oak_239391316.jpg,reticle,Rhus virens,0.600115,False,Toxicodendron pubescens,0.545974,6,Rhus virens,0.600115,Rhus virens 0.600; Fraxinus albicans 0.599; Garrya lindheimeri 0.557; Sideroxylon lanuginosum 0.552; Viburnum rufidulum 0.546
plant,poison_oak_98440726.jpg,full,Quercus marilandica,0.581180,False,Toxicodendron pubescens,0.555076,4,Quercus marilandica,0.581180,Quercus marilandica 0.581; Quercus stellata 0.578; Quercus sinuata 0.576; Toxicodendron pubescens 0.555; Quercus gambelii 0.549
plant,poison_oak_98440726.jpg,reticle,Quercus marilandica,0.591054,False,Toxicodendron pubescens,0.518365,6,Quercus marilandica,0.591054,Quercus marilandica 0.591; Quercus nigra 0.559; Nyssa sylvatica 0.537; Quercus sinuata 0.532; Sideroxylon lanuginosum 0.524
plant,poison_oak_46634260.jpg,full,Toxicodendron radicans,0.636234,True,Toxicodendron radicans,0.636234,1,Rhus aromatica,0.485132,Toxicodendron radicans 0.636; Toxicodendron pubescens 0.618; Toxicodendron rydbergii 0.563; Toxicodendron diversilobum 0.516; Rhus aromatica 0.485
plant,poison_oak_46634260.jpg,reticle,Toxicodendron pubescens,0.661343,True,Toxicodendron pubescens,0.661343,1,Rhus aromatica,0.507481,Toxicodendron pubescens 0.661; Toxicodendron radicans 0.652; Toxicodendron rydbergii 0.585; Toxicodendron diversilobum 0.517; Rhus aromatica 0.507
plant,poison_oak_14221611.jpg,full,Toxicodendron radicans,0.551541,True,Toxicodendron radicans,0.551541,1,Apocynum androsaemifolium,0.536551,Toxicodendron radicans 0.552; Toxicodendron pubescens 0.551; Apocynum androsaemifolium 0.537; Toxicodendron rydbergii 0.535; Toxicodendron vernix 0.517
plant,poison_oak_14221611.jpg,reticle,Toxicodendron rydbergii,0.606948,True,Toxicodendron rydbergii,0.606948,1,Apocynum androsaemifolium,0.531787,Toxicodendron rydbergii 0.607; Toxicodendron radicans 0.585; Toxicodendron pubescens 0.578; Apocynum androsaemifolium 0.532; Aralia nudicaulis 0.514
plant,poison_sumac_387448086.jpg,full,Toxicodendron radicans,0.575971,True,Toxicodendron radicans,0.575971,1,Apocynum androsaemifolium,0.516109,Toxicodendron radicans 0.576; Toxicodendron vernix 0.531; Apocynum androsaemifolium 0.516; Toxicodendron rydbergii 0.512; Toxicodendron pubescens 0.506
plant,poison_sumac_387448086.jpg,reticle,Toxicodendron radicans,0.586969,True,Toxicodendron radicans,0.586969,1,Apocynum androsaemifolium,0.521789,Toxicodendron radicans 0.587; Toxicodendron vernix 0.584; Toxicodendron rydbergii 0.561; Apocynum androsaemifolium 0.522; Toxicodendron pubescens 0.517
plant,poison_sumac_3140581.jpg,full,Toxicodendron vernix,0.574887,True,Toxicodendron vernix,0.574887,1,Aralia spinosa,0.514059,Toxicodendron vernix 0.575; Aralia spinosa 0.514; Apocynum cannabinum 0.497; Lagerstroemia indica 0.476; Chionanthus virginicus 0.471
plant,poison_sumac_3140581.jpg,reticle,Apocynum cannabinum,0.570376,False,Toxicodendron vernix,0.515712,2,Apocynum cannabinum,0.570376,Apocynum cannabinum 0.570; Toxicodendron vernix 0.516; Itea virginica 0.510; Viburnum nudum 0.484; Cephalanthus occidentalis 0.475
plant,poison_sumac_396031193.jpg,full,Sapindus drummondii,0.559182,False,Toxicodendron vernix,0.495828,17,Sapindus drummondii,0.559182,Sapindus drummondii 0.559; Zanthoxylum clava-herculis 0.545; Pistacia chinensis 0.536; Diospyros virginiana 0.527; Oxydendrum arboreum 0.527
plant,poison_sumac_396031193.jpg,reticle,Oxydendrum arboreum,0.546918,False,Phytolacca americana,0.440171,49,Oxydendrum arboreum,0.546918,Oxydendrum arboreum 0.547; Prunus caroliniana 0.524; Diospyros virginiana 0.521; Ligustrum lucidum 0.521; Magnolia virginiana 0.512
plant,poison_sumac_396810195.jpg,full,Fraxinus albicans,0.612590,False,Toxicodendron vernix,0.509158,11,Fraxinus albicans,0.612590,Fraxinus albicans 0.613; Fraxinus pennsylvanica 0.590; Fraxinus americana 0.569; Carya illinoinensis 0.559; Ungnadia speciosa 0.552
plant,poison_sumac_396810195.jpg,reticle,Fraxinus pennsylvanica,0.608230,False,Toxicodendron vernix,0.477275,15,Fraxinus pennsylvanica,0.608230,Fraxinus pennsylvanica 0.608; Fraxinus americana 0.588; Juglans nigra 0.565; Carya glabra 0.559; Carya cordiformis 0.556
plant,poison_sumac_397844618.jpg,full,Toxicodendron vernix,0.641220,True,Toxicodendron vernix,0.641220,1,Fraxinus latifolia,0.579727,Toxicodendron vernix 0.641; Fraxinus latifolia 0.580; Fraxinus pennsylvanica 0.579; Fraxinus albicans 0.579; Fraxinus velutina 0.575
plant,poison_sumac_397844618.jpg,reticle,Toxicodendron vernix,0.595147,True,Toxicodendron vernix,0.595147,1,Dermatophyllum secundiflorum,0.573713,Toxicodendron vernix 0.595; Dermatophyllum secundiflorum 0.574; Gliricidia sepium 0.564; Zanthoxylum hirsutum 0.561; Fraxinus velutina 0.557
plant,poison_sumac_183875536.jpg,full,Toxicodendron vernix,0.583302,True,Toxicodendron vernix,0.583302,1,Schinus terebinthifolia,0.498073,Toxicodendron vernix 0.583; Schinus terebinthifolia 0.498; Bursera simaruba 0.493; Zanthoxylum americanum 0.489; Zanthoxylum hirsutum 0.472
plant,poison_sumac_183875536.jpg,reticle,Toxicodendron vernix,0.571981,True,Toxicodendron vernix,0.571981,1,Bursera simaruba,0.503317,Toxicodendron vernix 0.572; Bursera simaruba 0.503; Zanthoxylum americanum 0.502; Schinus terebinthifolia 0.490; Zanthoxylum clava-herculis 0.479
plant,poison_sumac_233122366.jpg,full,Toxicodendron vernix,0.586550,True,Toxicodendron vernix,0.586550,1,Aralia spinosa,0.574232,Toxicodendron vernix 0.587; Aralia spinosa 0.574; Apios americana 0.537; Gymnocladus dioicus 0.531; Aralia nudicaulis 0.527
plant,poison_sumac_233122366.jpg,reticle,Toxicodendron vernix,0.597095,True,Toxicodendron vernix,0.597095,1,Apios americana,0.584907,Toxicodendron vernix 0.597; Apios americana 0.585; Apocynum androsaemifolium 0.567; Apocynum cannabinum 0.520; Fraxinus nigra 0.512
plant,poison_sumac_81163949.jpg,full,Toxicodendron vernix,0.657456,True,Toxicodendron vernix,0.657456,1,Zanthoxylum americanum,0.554500,Toxicodendron vernix 0.657; Zanthoxylum americanum 0.555; Zanthoxylum clava-herculis 0.527; Zanthoxylum hirsutum 0.526; Chionanthus virginicus 0.521
plant,poison_sumac_81163949.jpg,reticle,Cyrilla racemiflora,0.526514,False,Toxicodendron vernix,0.511823,6,Cyrilla racemiflora,0.526514,Cyrilla racemiflora 0.527; Ligustrum sinense 0.526; Lonicera sempervirens 0.526; Itea virginica 0.523; Berchemia scandens 0.520
plant,poison_sumac_241642163.jpg,full,Fraxinus pennsylvanica,0.599200,False,Toxicodendron vernix,0.561003,3,Fraxinus pennsylvanica,0.599200,Fraxinus pennsylvanica 0.599; Fraxinus americana 0.597; Toxicodendron vernix 0.561; Fraxinus latifolia 0.551; Fraxinus albicans 0.540
plant,poison_sumac_241642163.jpg,reticle,Fraxinus pennsylvanica,0.598960,False,Toxicodendron vernix,0.505449,11,Fraxinus pennsylvanica,0.598960,Fraxinus pennsylvanica 0.599; Fraxinus albicans 0.597; Fraxinus americana 0.590; Fraxinus latifolia 0.571; Fraxinus velutina 0.565
plant,poison_sumac_189283633.jpg,full,Toxicodendron vernix,0.637093,True,Toxicodendron vernix,0.637093,1,Fraxinus americana,0.581550,Toxicodendron vernix 0.637; Fraxinus americana 0.582; Ilex mucronata 0.549; Fraxinus pennsylvanica 0.542; Aralia nudicaulis 0.536
plant,poison_sumac_189283633.jpg,reticle,Toxicodendron vernix,0.578504,True,Toxicodendron vernix,0.578504,1,Fraxinus americana,0.555584,Toxicodendron vernix 0.579; Fraxinus americana 0.556; Euonymus alatus 0.539; Ilex mucronata 0.514; Fraxinus pennsylvanica 0.514
plant,pokeweed_60455060.jpg,full,Phytolacca americana,0.624442,True,Phytolacca americana,0.624442,1,Rivina humilis,0.538728,Phytolacca americana 0.624; Rivina humilis 0.539; Phytolacca icosandra 0.516; Hamelia patens 0.476; Phytolacca octandra 0.458
plant,pokeweed_60455060.jpg,reticle,Phytolacca americana,0.621186,True,Phytolacca americana,0.621186,1,Rivina humilis,0.485705,Phytolacca americana 0.621; Rivina humilis 0.486; Fallopia scandens 0.470; Passiflora incarnata 0.468; Rhus glabra 0.466
plant,pokeweed_230542881.jpg,full,Fuchsia excorticata,0.576543,False,Phytolacca americana,0.553890,6,Fuchsia excorticata,0.576543,Fuchsia excorticata 0.577; Fuchsia magellanica 0.569; Ludwigia alternifolia 0.560; Lonicera involucrata 0.559; Ludwigia octovalvis 0.559
plant,pokeweed_230542881.jpg,reticle,Cornus sericea,0.623022,False,Phytolacca americana,0.564609,5,Cornus sericea,0.623022,Cornus sericea 0.623; Cornus sanguinea 0.594; Cornus alba 0.589; Cornus amomum 0.571; Phytolacca americana 0.565
plant,pokeweed_124308350.jpg,full,Vitis rotundifolia,0.570062,False,Toxicodendron radicans,0.498065,25,Vitis rotundifolia,0.570062,Vitis rotundifolia 0.570; Ampelopsis cordata 0.546; Chionanthus virginicus 0.542; Cinnamomum camphora 0.542; Parthenocissus quinquefolia 0.537
plant,pokeweed_124308350.jpg,reticle,Toxicodendron radicans,0.514093,True,Toxicodendron radicans,0.514093,1,Parthenocissus quinquefolia,0.506952,Toxicodendron radicans 0.514; Parthenocissus quinquefolia 0.507; Celastrus orbiculatus 0.488; Smilax rotundifolia 0.485; Vitis rotundifolia 0.479
plant,pokeweed_348788863.jpg,full,Triosteum aurantiacum,0.562065,False,Phytolacca americana,0.526440,3,Triosteum aurantiacum,0.562065,Triosteum aurantiacum 0.562; Silphium perfoliatum 0.536; Phytolacca americana 0.526; Eutrochium maculatum 0.525; Atropa belladonna 0.520
plant,pokeweed_348788863.jpg,reticle,Phytolacca americana,0.610607,True,Phytolacca americana,0.610607,1,Phytolacca icosandra,0.592711,Phytolacca americana 0.611; Phytolacca icosandra 0.593; Atropa belladonna 0.513; Crotalaria spectabilis 0.513; Lysimachia clethroides 0.509
plant,pokeweed_210262679.jpg,full,Phytolacca americana,0.538794,True,Phytolacca americana,0.538794,1,Rumex obtusifolius,0.526579,Phytolacca americana 0.539; Rumex obtusifolius 0.527; Armoracia rusticana 0.502; Reynoutria sachalinensis 0.500; Inula helenium 0.495
plant,pokeweed_210262679.jpg,reticle,Phytolacca americana,0.564981,True,Phytolacca americana,0.564981,1,Rumex obtusifolius,0.519300,Phytolacca americana 0.565; Rumex obtusifolius 0.519; Verbesina virginica 0.504; Rumex crispus 0.503; Vernonia gigantea 0.499
plant,pokeweed_29634110.jpg,full,Phytolacca americana,0.664639,True,Phytolacca americana,0.664639,1,Phytolacca icosandra,0.606801,Phytolacca americana 0.665; Phytolacca icosandra 0.607; Phytolacca octandra 0.564; Rivina humilis 0.484; Lysimachia clethroides 0.481
plant,pokeweed_29634110.jpg,reticle,Phytolacca americana,0.633382,True,Phytolacca americana,0.633382,1,Phytolacca icosandra,0.520983,Phytolacca americana 0.633; Phytolacca icosandra 0.521; Phytolacca octandra 0.461; Reynoutria japonica 0.459; Rivina humilis 0.455
plant,pokeweed_388023321.jpg,full,Phytolacca americana,0.559929,True,Phytolacca americana,0.559929,1,Duranta erecta,0.489743,Phytolacca americana 0.560; Duranta erecta 0.490; Prunus padus 0.484; Buddleja cordata 0.483; Buddleja davidii 0.479
plant,pokeweed_388023321.jpg,reticle,Phytolacca americana,0.619716,True,Phytolacca americana,0.619716,1,Phytolacca icosandra,0.528893,Phytolacca americana 0.620; Phytolacca icosandra 0.529; Prunus padus 0.526; Prunus virginiana 0.519; Phytolacca octandra 0.517
plant,pokeweed_157764467.jpg,full,Verbesina virginica,0.538675,False,Phytolacca americana,0.530430,2,Verbesina virginica,0.538675,Verbesina virginica 0.539; Phytolacca americana 0.530; Solanum mauritianum 0.516; Atropa belladonna 0.498; Digitalis purpurea 0.492
plant,pokeweed_157764467.jpg,reticle,Phytolacca americana,0.575215,True,Phytolacca americana,0.575215,1,Solanum mauritianum,0.548156,Phytolacca americana 0.575; Solanum mauritianum 0.548; Verbesina virginica 0.544; Phytolacca icosandra 0.539; Atropa belladonna 0.538
plant,pokeweed_87058636.jpg,full,Phytolacca americana,0.625724,True,Phytolacca americana,0.625724,1,Phytolacca icosandra,0.479194,Phytolacca americana 0.626; Phytolacca icosandra 0.479; Rivina humilis 0.468; Phytolacca octandra 0.444; Datura stramonium 0.407
plant,pokeweed_87058636.jpg,reticle,Phytolacca americana,0.629007,True,Phytolacca americana,0.629007,1,Phytolacca icosandra,0.521263,Phytolacca americana 0.629; Phytolacca icosandra 0.521; Rivina humilis 0.516; Phytolacca octandra 0.452; Itea virginica 0.426
plant,pokeweed_166650461.jpg,full,Phytolacca americana,0.551981,True,Phytolacca americana,0.551981,1,Phytolacca icosandra,0.468613,Phytolacca americana 0.552; Phytolacca icosandra 0.469; Verbesina virginica 0.468; Verbesina alternifolia 0.462; Solanum mauritianum 0.458
plant,pokeweed_166650461.jpg,reticle,Phytolacca americana,0.577884,True,Phytolacca americana,0.577884,1,Verbesina alternifolia,0.534612,Phytolacca americana 0.578; Verbesina alternifolia 0.535; Triosteum aurantiacum 0.520; Verbesina virginica 0.519; Persicaria virginiana 0.511
plant,horsenettle_128063257.jpg,full,Solanum carolinense,0.673779,True,Solanum carolinense,0.673779,1,Solanum dimidiatum,0.563944,Solanum carolinense 0.674; Solanum dimidiatum 0.564; Solanum emulans 0.482; Smallanthus uvedalia 0.480; Cirsium altissimum 0.477
plant,horsenettle_128063257.jpg,reticle,Solanum carolinense,0.671737,True,Solanum carolinense,0.671737,1,Solanum dimidiatum,0.611537,Solanum carolinense 0.672; Solanum dimidiatum 0.612; Cirsium altissimum 0.484; Smallanthus uvedalia 0.479; Solanum elaeagnifolium 0.473
plant,horsenettle_265551501.jpg,full,Solanum carolinense,0.639156,True,Solanum carolinense,0.639156,1,Solanum elaeagnifolium,0.565637,Solanum carolinense 0.639; Solanum elaeagnifolium 0.566; Solanum dimidiatum 0.559; Solanum pseudocapsicum 0.440; Solanum emulans 0.432
plant,horsenettle_265551501.jpg,reticle,Solanum carolinense,0.651258,True,Solanum carolinense,0.651258,1,Solanum dimidiatum,0.538207,Solanum carolinense 0.651; Solanum dimidiatum 0.538; Solanum elaeagnifolium 0.488; Solanum emulans 0.441; Rhexia mariana 0.417
plant,horsenettle_217820218.jpg,full,Solanum carolinense,0.590499,True,Solanum carolinense,0.590499,1,Quercus nigra,0.561806,Solanum carolinense 0.590; Quercus nigra 0.562; Solanum dimidiatum 0.554; Vaccinium stamineum 0.548; Quercus sinuata 0.547
plant,horsenettle_217820218.jpg,reticle,Quercus marilandica,0.571480,False,Solanum carolinense,0.542605,8,Quercus marilandica,0.571480,Quercus marilandica 0.571; Quercus stellata 0.569; Quercus velutina 0.564; Quercus ilicifolia 0.562; Quercus nigra 0.558
plant,horsenettle_166822583.jpg,full,Solanum carolinense,0.678993,True,Solanum carolinense,0.678993,1,Solanum nigrum,0.565263,Solanum carolinense 0.679; Solanum nigrum 0.565; Solanum douglasii 0.559; Solanum americanum 0.552; Solanum emulans 0.551
plant,horsenettle_166822583.jpg,reticle,Solanum carolinense,0.689628,True,Solanum carolinense,0.689628,1,Solanum dimidiatum,0.581860,Solanum carolinense 0.690; Solanum dimidiatum 0.582; Solanum elaeagnifolium 0.569; Solanum emulans 0.515; Solanum nigrum 0.513
plant,horsenettle_7378512.jpg,full,Solanum douglasii,0.718481,False,Solanum carolinense,0.506288,7,Solanum douglasii,0.718481,Solanum douglasii 0.718; Solanum umbelliferum 0.580; Solanum americanum 0.564; Solanum nigrum 0.542; Solanum chenopodioides 0.531
plant,horsenettle_7378512.jpg,reticle,Solanum douglasii,0.702331,False,Solanum carolinense,0.553896,5,Solanum douglasii,0.702331,Solanum douglasii 0.702; Solanum umbelliferum 0.582; Solanum americanum 0.570; Solanum nigrum 0.563; Solanum carolinense 0.554
plant,horsenettle_294427611.jpg,full,Solanum carolinense,0.614733,True,Solanum carolinense,0.614733,1,Solanum elaeagnifolium,0.547450,Solanum carolinense 0.615; Solanum elaeagnifolium 0.547; Solanum pseudocapsicum 0.543; Solanum dimidiatum 0.541; Solanum douglasii 0.535
plant,horsenettle_294427611.jpg,reticle,Solanum carolinense,0.641024,True,Solanum carolinense,0.641024,1,Solanum dimidiatum,0.503748,Solanum carolinense 0.641; Solanum dimidiatum 0.504; Solanum elaeagnifolium 0.479; Solanum emulans 0.477; Vaccinium stamineum 0.444
plant,horsenettle_127279141.jpg,full,Solanum carolinense,0.654476,True,Solanum carolinense,0.654476,1,Solanum dimidiatum,0.632816,Solanum carolinense 0.654; Solanum dimidiatum 0.633; Solanum elaeagnifolium 0.524; Solanum emulans 0.449; Solanum pseudocapsicum 0.433
plant,horsenettle_127279141.jpg,reticle,Solanum carolinense,0.665415,True,Solanum carolinense,0.665415,1,Solanum dimidiatum,0.610755,Solanum carolinense 0.665; Solanum dimidiatum 0.611; Solanum elaeagnifolium 0.527; Solanum emulans 0.456; Passiflora incarnata 0.435
plant,horsenettle_317558499.jpg,full,Solanum carolinense,0.664926,True,Solanum carolinense,0.664926,1,Solanum dimidiatum,0.664642,Solanum carolinense 0.665; Solanum dimidiatum 0.665; Solanum elaeagnifolium 0.549; Solanum emulans 0.466; Cnidoscolus texanus 0.464
plant,horsenettle_317558499.jpg,reticle,Solanum dimidiatum,0.669743,False,Solanum carolinense,0.653846,2,Solanum dimidiatum,0.669743,Solanum dimidiatum 0.670; Solanum carolinense 0.654; Solanum elaeagnifolium 0.543; Cnidoscolus texanus 0.469; Cirsium altissimum 0.459
plant,horsenettle_363487826.jpg,full,Solanum carolinense,0.638180,True,Solanum carolinense,0.638180,1,Solanum dimidiatum,0.544859,Solanum carolinense 0.638; Solanum dimidiatum 0.545; Solanum elaeagnifolium 0.523; Solanum tuberosum 0.504; Solanum douglasii 0.467
plant,horsenettle_363487826.jpg,reticle,Calochortus nuttallii,0.592901,False,Solanum carolinense,0.502248,67,Calochortus nuttallii,0.592901,Calochortus nuttallii 0.593; Argemone munita 0.591; Argemone polyanthemos 0.577; Leucocrinum montanum 0.565; Calochortus macrocarpus 0.562
plant,horsenettle_298443769.jpg,full,Solanum umbelliferum,0.672607,False,Toxicodendron diversilobum,0.442880,60,Solanum umbelliferum,0.672607,Solanum umbelliferum 0.673; Solanum douglasii 0.643; Cardamine californica 0.521; Sisyrinchium bellum 0.497; Chlorogalum pomeridianum 0.495
plant,horsenettle_298443769.jpg,reticle,Solanum umbelliferum,0.617710,False,Solanum carolinense,0.602558,2,Solanum umbelliferum,0.617710,Solanum umbelliferum 0.618; Solanum carolinense 0.603; Solanum elaeagnifolium 0.588; Solanum dimidiatum 0.573; Solanum douglasii 0.569
non-plant,np_dog_26592914.jpg,full,Terminalia catappa,0.559941,False,Toxicodendron rydbergii,0.419500,1292,Terminalia catappa,0.559941,Terminalia catappa 0.560; Cupressus macrocarpa 0.559; Adansonia digitata 0.559; Thespesia populnea 0.558; Casuarina equisetifolia 0.557
non-plant,np_dog_26592914.jpg,reticle,Delonix regia,0.631166,False,Toxicodendron radicans,0.425632,892,Delonix regia,0.631166,Delonix regia 0.631; Enterolobium cyclocarpum 0.614; Tamarindus indica 0.610; Gymnocladus dioicus 0.602; Adansonia digitata 0.600
non-plant,np_dog_38582289.jpg,full,Acacia cyclops,0.589239,False,Toxicodendron diversilobum,0.443933,1269,Acacia cyclops,0.589239,Acacia cyclops 0.589; Paraserianthes lophantha 0.588; Acacia saligna 0.579; Tamarindus indica 0.578; Delonix regia 0.577
non-plant,np_dog_38582289.jpg,reticle,Delonix regia,0.621930,False,Toxicodendron diversilobum,0.434021,1515,Delonix regia,0.621930,Delonix regia 0.622; Paraserianthes lophantha 0.595; Tamarindus indica 0.590; Vachellia cornigera 0.589; Ceratonia siliqua 0.577
non-plant,np_cat_68608952.jpg,full,Ipomoea carnea,0.591811,False,Toxicodendron vernix,0.423273,541,Ipomoea carnea,0.591811,Ipomoea carnea 0.592; Jacaranda mimosifolia 0.579; Catalpa speciosa 0.577; Thespesia populnea 0.576; Paulownia tomentosa 0.573
non-plant,np_cat_68608952.jpg,reticle,Astragalus purshii,0.574448,False,Toxicodendron vernix,0.426005,1414,Astragalus purshii,0.574448,Astragalus purshii 0.574; Lophophora williamsii 0.556; Silphium albiflorum 0.551; Lewisia rediviva 0.550; Astragalus mollissimus 0.549
non-plant,np_cat_12676003.jpg,full,Racomitrium lanuginosum,0.572352,False,Toxicodendron rydbergii,0.461418,773,Racomitrium lanuginosum,0.572352,Racomitrium lanuginosum 0.572; Mesembryanthemum crystallinum 0.567; Lycopodium scariosum 0.566; Cylindropuntia fulgida 0.565; Dasyochloa pulchella 0.562
non-plant,np_cat_12676003.jpg,reticle,Dasyochloa pulchella,0.594916,False,Toxicodendron rydbergii,0.472983,588,Dasyochloa pulchella,0.594916,Dasyochloa pulchella 0.595; Krascheninnikovia lanata 0.589; Cenchrus ciliaris 0.584; Cenchrus setaceus 0.583; Racomitrium lanuginosum 0.582
non-plant,np_cat_83442815.jpg,full,Rhopalostylis sapida,0.601427,False,Phytolacca americana,0.388848,1338,Rhopalostylis sapida,0.601427,Rhopalostylis sapida 0.601; Paraserianthes lophantha 0.598; Agathis australis 0.583; Monstera deliciosa 0.570; Artocarpus altilis 0.567
non-plant,np_cat_83442815.jpg,reticle,Cenchrus setaceus,0.616681,False,Phytolacca americana,0.394720,1138,Cenchrus setaceus,0.616681,Cenchrus setaceus 0.617; Arundo donax 0.605; Cortaderia jubata 0.595; Cortaderia selloana 0.590; Musa acuminata 0.580
non-plant,np_cat_21376945.jpg,full,Lophophora williamsii,0.565550,False,Toxicodendron pubescens,0.442021,1049,Lophophora williamsii,0.565550,Lophophora williamsii 0.566; Delonix regia 0.564; Cordia boissieri 0.556; Selenicereus undatus 0.551; Echinocereus pectinatus 0.549
non-plant,np_cat_21376945.jpg,reticle,Dioscorea bulbifera,0.571864,False,Phytolacca americana,0.505818,114,Dioscorea bulbifera,0.571864,Dioscorea bulbifera 0.572; Cinnamomum camphora 0.563; Tillandsia usneoides 0.560; Persea americana 0.559; Mangifera indica 0.559
non-plant,np_bicycle_143875268.jpg,full,Codium fragile,0.558462,False,Toxicodendron radicans,0.448677,290,Codium fragile,0.558462,Codium fragile 0.558; Kalanchoe delagoensis 0.549; Tillandsia recurvata 0.545; Tillandsia usneoides 0.523; Psilotum nudum 0.522
non-plant,np_bicycle_143875268.jpg,reticle,Vachellia rigidula,0.615818,False,Toxicodendron radicans,0.449629,546,Vachellia rigidula,0.615818,Vachellia rigidula 0.616; Vachellia schaffneri 0.605; Prosopis laevigata 0.593; Jatropha dioica 0.590; Peniocereus greggii 0.582
non-plant,np_bicycle_163920035.jpg,full,Delonix regia,0.608445,False,Toxicodendron vernix,0.443522,963,Delonix regia,0.608445,Delonix regia 0.608; Crinum asiaticum 0.564; Paraserianthes lophantha 0.561; Cocos nucifera 0.560; Senna alata 0.559
non-plant,np_bicycle_163920035.jpg,reticle,Ipomoea carnea,0.591888,False,Phytolacca americana,0.418010,1184,Ipomoea carnea,0.591888,Ipomoea carnea 0.592; Trapa natans 0.591; Nymphoides indica 0.586; Selenicereus undatus 0.585; Delonix regia 0.579
non-plant,np_toy_truck_61338016.jpg,full,Brassica tournefortii,0.566978,False,Toxicodendron rydbergii,0.441681,1272,Brassica tournefortii,0.566978,Brassica tournefortii 0.567; Distichlis spicata 0.558; Jaumea carnosa 0.546; Lasthenia gracilis 0.543; Crassula connata 0.540
non-plant,np_toy_truck_61338016.jpg,reticle,Bromus catharticus,0.585234,False,Toxicodendron rydbergii,0.451350,907,Bromus catharticus,0.585234,Bromus catharticus 0.585; Poa pratensis 0.577; Bromus inermis 0.576; Lolium arundinaceum 0.574; Sporobolus alterniflorus 0.573
non-plant,np_playground_61722244.jpg,full,Pontederia crassipes,0.536496,False,Phytolacca americana,0.461420,331,Pontederia crassipes,0.536496,Pontederia crassipes 0.536; Manihot esculenta 0.526; Colocasia esculenta 0.525; Paraserianthes lophantha 0.522; Myriophyllum aquaticum 0.522
non-plant,np_playground_61722244.jpg,reticle,Salicornia quinqueflora,0.598211,False,Phytolacca americana,0.490805,312,Salicornia quinqueflora,0.598211,Salicornia quinqueflora 0.598; Mesembryanthemum crystallinum 0.595; Mesembryanthemum nodiflorum 0.589; Euphorbia caput-medusae 0.578; Portulacaria afra 0.572
mixed,np_playground_198553608.jpg,full,Tabebuia rosea,0.550331,False,Toxicodendron pubescens,0.414704,450,Tabebuia rosea,0.550331,Tabebuia rosea 0.550; Delonix regia 0.545; Jacaranda mimosifolia 0.541; Lagerstroemia indica 0.534; Spathodea campanulata 0.525
mixed,np_playground_198553608.jpg,reticle,Delonix regia,0.581953,False,Toxicodendron radicans,0.434397,793,Delonix regia,0.581953,Delonix regia 0.582; Tabebuia rosea 0.568; Jacaranda mimosifolia 0.560; Selenicereus undatus 0.557; Spathodea campanulata 0.548
mixed,np_playground_102609390.jpg,full,Paraserianthes lophantha,0.660907,False,Phytolacca americana,0.453298,1101,Paraserianthes lophantha,0.660907,Paraserianthes lophantha 0.661; Acacia saligna 0.632; Sesbania punicea 0.591; Acacia longifolia 0.590; Acacia mearnsii 0.589
mixed,np_playground_102609390.jpg,reticle,Myriophyllum aquaticum,0.594122,False,Phytolacca americana,0.478362,682,Myriophyllum aquaticum,0.594122,Myriophyllum aquaticum 0.594; Nymphoides indica 0.583; Pontederia crassipes 0.582; Acacia saligna 0.581; Ludwigia peploides 0.574
non-plant,np_car_25211371.jpg,full,Psilotum nudum,0.570391,False,Toxicodendron radicans,0.453562,521,Psilotum nudum,0.570391,Psilotum nudum 0.570; Casuarina equisetifolia 0.564; Selenicereus undatus 0.560; Ficus pumila 0.558; Ficus microcarpa 0.557
non-plant,np_car_25211371.jpg,reticle,Myriophyllum aquaticum,0.595470,False,Toxicodendron radicans,0.456578,1030,Myriophyllum aquaticum,0.595470,Myriophyllum aquaticum 0.595; Casuarina equisetifolia 0.595; Agathis australis 0.592; Cupressus macrocarpa 0.588; Taxodium distichum 0.585
non-plant,np_pickup_truck_114984589.jpg,full,Datura stramonium,0.520226,False,Phytolacca americana,0.480495,57,Datura stramonium,0.520226,Datura stramonium 0.520; Papaver somniferum 0.515; Hyoscyamus niger 0.514; Paulownia tomentosa 0.511; Taraxacum officinale 0.511
non-plant,np_pickup_truck_114984589.jpg,reticle,Peniocereus greggii,0.610788,False,Phytolacca americana,0.463426,515,Peniocereus greggii,0.610788,Peniocereus greggii 0.611; Selenicereus undatus 0.603; Acanthocereus tetragonus 0.588; Echinocereus pectinatus 0.583; Lophocereus schottii 0.570
non-plant,np_pickup_truck_176165368.jpg,full,Kalanchoe delagoensis,0.529763,False,Toxicodendron pubescens,0.399480,1181,Kalanchoe delagoensis,0.529763,Kalanchoe delagoensis 0.530; Selenicereus undatus 0.527; Metrosideros excelsa 0.524; Agapanthus praecox 0.522; Erigeron bonariensis 0.519
non-plant,np_pickup_truck_176165368.jpg,reticle,Jacaranda mimosifolia,0.610338,False,Solanum carolinense,0.441807,1569,Jacaranda mimosifolia,0.610338,Jacaranda mimosifolia 0.610; Solanum laciniatum 0.594; Ipomoea purpurea 0.592; Ipomoea indica 0.589; Paraserianthes lophantha 0.575
non-plant,np_pickup_truck_169044612.jpg,full,Codium fragile,0.543746,False,Toxicodendron rydbergii,0.438268,854,Codium fragile,0.543746,Codium fragile 0.544; Xanthium strumarium 0.540; Acacia saligna 0.532; Senecio quadridentatus 0.528; Symphyotrichum subulatum 0.528
non-plant,np_pickup_truck_169044612.jpg,reticle,Salix babylonica,0.589895,False,Toxicodendron radicans,0.449932,1297,Salix babylonica,0.589895,Salix babylonica 0.590; Paraserianthes lophantha 0.582; Acacia saligna 0.579; Vachellia farnesiana 0.579; Elaeagnus angustifolia 0.576
non-plant,np_house_exterior_24012965.jpg,full,Selenicereus undatus,0.582520,False,Phytolacca americana,0.438212,701,Selenicereus undatus,0.582520,Selenicereus undatus 0.583; Mangifera indica 0.579; Spathodea campanulata 0.572; Epipremnum aureum 0.572; Carissa macrocarpa 0.567
non-plant,np_house_exterior_24012965.jpg,reticle,Allium neapolitanum,0.570868,False,Solanum carolinense,0.445443,778,Allium neapolitanum,0.570868,Allium neapolitanum 0.571; Allium triquetrum 0.565; Erigeron bonariensis 0.565; Asphodelus fistulosus 0.562; Thelymitra longifolia 0.562
non-plant,np_soil_117265761.jpg,full,Bryum argenteum,0.587360,False,Phytolacca americana,0.443313,579,Bryum argenteum,0.587360,Bryum argenteum 0.587; Azolla filiculoides 0.573; Euphorbia serpens 0.569; Persicaria capitata 0.567; Silene acaulis 0.559
non-plant,np_soil_117265761.jpg,reticle,Chondracanthus exasperatus,0.640515,False,Toxicodendron diversilobum,0.435152,1009,Chondracanthus exasperatus,0.640515,Chondracanthus exasperatus 0.641; Mastocarpus papillatus 0.579; Drosera arcturi 0.571; Gunnera tinctoria 0.566; Tetragonia implexicoma 0.564
mixed,np_soil_117751523.jpg,full,Paraserianthes lophantha,0.571310,False,Toxicodendron diversilobum,0.367229,1566,Paraserianthes lophantha,0.571310,Paraserianthes lophantha 0.571; Agapanthus praecox 0.570; Metrosideros excelsa 0.569; Cussonia spicata 0.568; Phormium cookianum 0.566
mixed,np_soil_117751523.jpg,reticle,Pinus pinaster,0.649188,False,Phytolacca americana,0.400874,1623,Pinus pinaster,0.649188,Pinus pinaster 0.649; Pinus pinea 0.615; Pinus radiata 0.610; Opuntia ficus-indica 0.605; Agapanthus praecox 0.599
non-plant,np_soil_152128849.jpg,full,Chondracanthus exasperatus,0.616835,False,Toxicodendron diversilobum,0.414746,612,Chondracanthus exasperatus,0.616835,Chondracanthus exasperatus 0.617; Prosopis pubescens 0.577; Phoradendron californicum 0.571; Mastocarpus papillatus 0.565; Abronia villosa 0.562
non-plant,np_soil_152128849.jpg,reticle,Larrea tridentata,0.605999,False,Toxicodendron diversilobum,0.408024,933,Larrea tridentata,0.605999,Larrea tridentata 0.606; Ambrosia dumosa 0.604; Chorizanthe rigida 0.604; Palafoxia arida 0.604; Prosopis pubescens 0.603
non-plant,np_sidewalk_24351238.jpg,full,Smilax glauca,0.568024,False,Toxicodendron rydbergii,0.477106,302,Smilax glauca,0.568024,Smilax glauca 0.568; Smilax tamnoides 0.559; Vincetoxicum nigrum 0.555; Prunus pumila 0.550; Elaeagnus commutata 0.544
non-plant,np_sidewalk_24351238.jpg,reticle,Corallina officinalis,0.551412,False,Toxicodendron rydbergii,0.442609,1705,Corallina officinalis,0.551412,Corallina officinalis 0.551; Lophophora williamsii 0.537; Peritoma serrulata 0.536; Bryum argenteum 0.535; Racomitrium lanuginosum 0.529
non-plant,np_sidewalk_79356991.jpg,full,Chondracanthus exasperatus,0.570993,False,Toxicodendron radicans,0.417953,860,Chondracanthus exasperatus,0.570993,Chondracanthus exasperatus 0.571; Polypremum procumbens 0.566; Racomitrium lanuginosum 0.560; Coprosma acerosa 0.555; Hudsonia tomentosa 0.555
non-plant,np_sidewalk_79356991.jpg,reticle,Chondracanthus exasperatus,0.740554,False,Toxicodendron diversilobum,0.404932,449,Chondracanthus exasperatus,0.740554,Chondracanthus exasperatus 0.741; Mastocarpus papillatus 0.701; Halosaccion glandiforme 0.643; Endocladia muricata 0.613; Neorhodomela larix 0.611
non-plant,np_child_253058.jpg,full,Rhopalostylis sapida,0.614830,False,Phytolacca americana,0.350595,1944,Rhopalostylis sapida,0.614830,Rhopalostylis sapida 0.615; Cortaderia selloana 0.608; Cortaderia jubata 0.607; Pandanus tectorius 0.592; Cordyline australis 0.590
non-plant,np_child_253058.jpg,reticle,Miscanthus sinensis,0.557276,False,Toxicodendron vernix,0.467538,398,Miscanthus sinensis,0.557276,Miscanthus sinensis 0.557; Lolium arundinaceum 0.555; Sporobolus alterniflorus 0.553; Sporobolus michauxianus 0.548; Phragmites australis 0.543
non-plant,np_child_4394235.jpg,full,Corallina officinalis,0.633639,False,Toxicodendron radicans,0.415285,660,Corallina officinalis,0.633639,Corallina officinalis 0.634; Chondracanthus exasperatus 0.622; Phyllospadix torreyi 0.598; Codium fragile 0.581; Zostera marina 0.580
non-plant,np_child_4394235.jpg,reticle,Tamarix ramosissima,0.593072,False,Phytolacca americana,0.485637,656,Tamarix ramosissima,0.593072,Tamarix ramosissima 0.593; Corallina officinalis 0.591; Echinocereus pectinatus 0.578; Azolla filiculoides 0.576; Boophone disticha 0.573
non-plant,np_child_57853964.jpg,full,Pachira aquatica,0.603076,False,Toxicodendron diversilobum,0.365697,1330,Pachira aquatica,0.603076,Pachira aquatica 0.603; Ceiba pentandra 0.583; Adansonia digitata 0.578; Artocarpus heterophyllus 0.555; Crescentia cujete 0.553
non-plant,np_child_57853964.jpg,reticle,Ceratonia siliqua,0.593827,False,Toxicodendron diversilobum,0.387189,1387,Ceratonia siliqua,0.593827,Ceratonia siliqua 0.594; Pachira aquatica 0.572; Delonix regia 0.571; Enterolobium cyclocarpum 0.569; Pithecellobium dulce 0.569
non-plant,np_person_walking_71203996.jpg,full,Vachellia cornigera,0.597264,False,Toxicodendron radicans,0.416892,1652,Vachellia cornigera,0.597264,Vachellia cornigera 0.597; Vachellia farnesiana 0.594; Ebenopsis ebano 0.592; Artocarpus altilis 0.575; Vachellia schaffneri 0.574
non-plant,np_person_walking_71203996.jpg,reticle,Dermatophyllum secundiflorum,0.615293,False,Toxicodendron radicans,0.493003,434,Dermatophyllum secundiflorum,0.615293,Dermatophyllum secundiflorum 0.615; Vachellia cornigera 0.599; Cordia boissieri 0.595; Ebenopsis ebano 0.595; Jatropha dioica 0.590
non-plant,np_person_walking_128639416.jpg,full,Hippobroma longiflora,0.540023,False,Toxicodendron diversilobum,0.417182,1621,Hippobroma longiflora,0.540023,Hippobroma longiflora 0.540; Drosera aberrans 0.539; Tropaeolum majus 0.532; Drosera spatulata 0.531; Euphorbia caput-medusae 0.528
non-plant,np_person_walking_128639416.jpg,reticle,Hieracium albiflorum,0.559360,False,Toxicodendron diversilobum,0.460939,397,Hieracium albiflorum,0.559360,Hieracium albiflorum 0.559; Xerophyllum tenax 0.554; Pulsatilla occidentalis 0.551; Heracleum maximum 0.547; Angelica capitellata 0.545
non-plant,np_person_walking_96580873.jpg,full,Ficinia spiralis,0.553755,False,Toxicodendron rydbergii,0.404599,1394,Ficinia spiralis,0.553755,Ficinia spiralis 0.554; Carex macrocephala 0.547; Scaevola plumieri 0.547; Senecio pseudoarnica 0.542; Euphorbia caput-medusae 0.541
non-plant,np_person_walking_96580873.jpg,reticle,Ficinia spiralis,0.609995,False,Phytolacca americana,0.400658,1938,Ficinia spiralis,0.609995,Ficinia spiralis 0.610; Salicornia quinqueflora 0.599; Cupressus macrocarpa 0.585; Spinifex sericeus 0.583; Pinus radiata 0.578
non-plant,np_person_walking_7925442.jpg,full,Jacaranda mimosifolia,0.597761,False,Solanum carolinense,0.417390,698,Jacaranda mimosifolia,0.597761,Jacaranda mimosifolia 0.598; Ipomoea indica 0.595; Thunbergia grandiflora 0.593; Ipomoea purpurea 0.571; Paulownia tomentosa 0.558
non-plant,np_person_walking_7925442.jpg,reticle,Thunbergia grandiflora,0.646027,False,Solanum carolinense,0.433778,682,Thunbergia grandiflora,0.646027,Thunbergia grandiflora 0.646; Ipomoea indica 0.634; Jacaranda mimosifolia 0.608; Ipomoea purpurea 0.595; Ipomoea cairica 0.590
non-plant,np_sneakers_156796419.jpg,full,Prunus pumila,0.575506,False,Toxicodendron rydbergii,0.469756,447,Prunus pumila,0.575506,Prunus pumila 0.576; Poa pratensis 0.560; Juncus balticus 0.553; Carex oligosperma 0.548; Koeleria macrantha 0.544
non-plant,np_sneakers_156796419.jpg,reticle,Artemisia ludoviciana,0.610357,False,Toxicodendron rydbergii,0.486316,253,Artemisia ludoviciana,0.610357,Artemisia ludoviciana 0.610; Symphyotrichum sericeum 0.598; Prunus pumila 0.594; Pediomelum argophyllum 0.589; Heterotheca villosa 0.582
non-plant,np_sneakers_148795318.jpg,full,Gleditsia triacanthos,0.554510,False,Phytolacca americana,0.480922,77,Gleditsia triacanthos,0.554510,Gleditsia triacanthos 0.555; Quercus palustris 0.549; Robinia pseudoacacia 0.548; Salix babylonica 0.546; Prunus pensylvanica 0.536
non-plant,np_sneakers_148795318.jpg,reticle,Quercus phellos,0.623504,False,Toxicodendron radicans,0.427667,416,Quercus phellos,0.623504,Quercus phellos 0.624; Quercus nigra 0.614; Quercus laevis 0.614; Quercus palustris 0.592; Quercus falcata 0.591
non-plant,np_sneakers_142107090.jpg,full,Silphium albiflorum,0.621021,False,Toxicodendron rydbergii,0.451713,1565,Silphium albiflorum,0.621021,Silphium albiflorum 0.621; Oenothera macrocarpa 0.611; Echinacea angustifolia 0.611; Liatris punctata 0.590; Stanleya pinnata 0.584
non-plant,np_sneakers_142107090.jpg,reticle,Zostera marina,0.565646,False,Toxicodendron vernix,0.430896,936,Zostera marina,0.565646,Zostera marina 0.566; Codium fragile 0.560; Gleditsia triacanthos 0.539; Chondracanthus exasperatus 0.539; Chondrus crispus 0.538
non-plant,np_sneakers_154322715.jpg,full,Typha orientalis,0.572514,False,Toxicodendron rydbergii,0.390644,1360,Typha orientalis,0.572514,Typha orientalis 0.573; Imperata cylindrica 0.565; Sporobolus alterniflorus 0.559; Phragmites australis 0.557; Echinochloa crus-galli 0.553
non-plant,np_sneakers_154322715.jpg,reticle,Typha orientalis,0.575721,False,Toxicodendron vernix,0.411286,592,Typha orientalis,0.575721,Typha orientalis 0.576; Pteridium esculentum 0.567; Histiopteris incisa 0.552; Cyperus ustulatus 0.550; Lomaria discolor 0.549
non-plant,np_soccer_ball_154708470.jpg,full,Cynodon dactylon,0.621073,False,Toxicodendron rydbergii,0.430651,720,Cynodon dactylon,0.621073,Cynodon dactylon 0.621; Bouteloua gracilis 0.603; Distichlis spicata 0.600; Bromus inermis 0.594; Elymus repens 0.584
non-plant,np_soccer_ball_154708470.jpg,reticle,Cynodon dactylon,0.622065,False,Toxicodendron rydbergii,0.409555,997,Cynodon dactylon,0.622065,Cynodon dactylon 0.622; Bouteloua gracilis 0.597; Distichlis spicata 0.595; Bromus inermis 0.591; Bouteloua curtipendula 0.585
mixed,np_soccer_ball_176654613.jpg,full,Delonix regia,0.579366,False,Toxicodendron radicans,0.437490,687,Delonix regia,0.579366,Delonix regia 0.579; Annona glabra 0.564; Pachira aquatica 0.564; Magnolia macrophylla 0.562; Magnolia fraseri 0.552
mixed,np_soccer_ball_176654613.jpg,reticle,Delonix regia,0.656050,False,Toxicodendron radicans,0.424244,512,Delonix regia,0.656050,Delonix regia 0.656; Vachellia cornigera 0.591; Spathodea campanulata 0.588; Campsis radicans 0.586; Caesalpinia pulcherrima 0.581
non-plant,np_soccer_ball_154708472.jpg,full,Cynodon dactylon,0.629560,False,Toxicodendron rydbergii,0.411592,1228,Cynodon dactylon,0.629560,Cynodon dactylon 0.630; Phalaris arundinacea 0.629; Sporobolus alterniflorus 0.620; Bromus inermis 0.619; Elymus repens 0.611
non-plant,np_soccer_ball_154708472.jpg,reticle,Sporobolus alterniflorus,0.593397,False,Toxicodendron radicans,0.443268,920,Sporobolus alterniflorus,0.593397,Sporobolus alterniflorus 0.593; Stenotaphrum secundatum 0.580; Cynodon dactylon 0.572; Phalaris arundinacea 0.571; Lolium arundinaceum 0.565
mixed,np_soccer_ball_80307817.jpg,full,Crescentia cujete,0.592792,False,Phytolacca americana,0.421980,711,Crescentia cujete,0.592792,Crescentia cujete 0.593; Selenicereus undatus 0.593; Delonix regia 0.584; Ceiba pentandra 0.568; Mangifera indica 0.563
mixed,np_soccer_ball_80307817.jpg,reticle,Crinum asiaticum,0.622219,False,Phytolacca americana,0.435821,635,Crinum asiaticum,0.622219,Crinum asiaticum 0.622; Selenicereus undatus 0.613; Etlingera elatior 0.600; Hymenocallis littoralis 0.591; Musa acuminata 0.588
non-plant,np_trampoline_144617482.jpg,full,Peniocereus greggii,0.578386,False,Toxicodendron diversilobum,0.400313,2866,Peniocereus greggii,0.578386,Peniocereus greggii 0.578; Salicornia quinqueflora 0.560; Montinia caryophyllacea 0.558; Muhlenbergia rigens 0.551; Seriphium plumosum 0.546
non-plant,np_trampoline_144617482.jpg,reticle,Tripsacum dactyloides,0.601923,False,Solanum carolinense,0.377835,1822,Tripsacum dactyloides,0.601923,Tripsacum dactyloides 0.602; Phleum pratense 0.600; Paspalum notatum 0.598; Paspalum urvillei 0.596; Alopecurus aequalis 0.587
non-plant,np_trampoline_151824670.jpg,full,Sporobolus alterniflorus,0.579763,False,Solanum carolinense,0.407969,1466,Sporobolus alterniflorus,0.579763,Sporobolus alterniflorus 0.580; Paspalum urvillei 0.548; Stenotaphrum secundatum 0.547; Lolium arundinaceum 0.543; Schoenoplectus pungens 0.537
non-plant,np_trampoline_151824670.jpg,reticle,Brasenia schreberi,0.606868,False,Toxicodendron vernix,0.462559,531,Brasenia schreberi,0.606868,Brasenia schreberi 0.607; Menyanthes trifoliata 0.583; Sporobolus alterniflorus 0.581; Nuphar variegata 0.580; Zostera marina 0.572
mixed,np_trampoline_183886.jpg,full,Agathis australis,0.618468,False,Phytolacca americana,0.404655,1502,Agathis australis,0.618468,Agathis australis 0.618; Metrosideros excelsa 0.597; Dacrycarpus dacrydioides 0.592; Paraserianthes lophantha 0.591; Knightia excelsa 0.589
mixed,np_trampoline_183886.jpg,reticle,Selenicereus undatus,0.585821,False,Phytolacca americana,0.445872,1000,Selenicereus undatus,0.585821,Selenicereus undatus 0.586; Artocarpus altilis 0.585; Spathodea campanulata 0.583; Pandanus tectorius 0.582; Ipomoea carnea 0.582
mixed,np_trampoline_189691419.jpg,full,Pyrus calleryana,0.555739,False,Phytolacca americana,0.455015,378,Pyrus calleryana,0.555739,Pyrus calleryana 0.556; Cordia boissieri 0.542; Selenicereus undatus 0.538; Prunus persica 0.530; Ficus pumila 0.530
mixed,np_trampoline_189691419.jpg,reticle,Mangifera indica,0.642671,False,Phytolacca americana,0.445202,858,Mangifera indica,0.642671,Mangifera indica 0.643; Cocos nucifera 0.639; Pandanus tectorius 0.635; Selenicereus undatus 0.628; Terminalia catappa 0.620
non-plant,np_wooden_fence_167255829.jpg,full,Cortaderia jubata,0.562446,False,Toxicodendron diversilobum,0.397600,522,Cortaderia jubata,0.562446,Cortaderia jubata 0.562; Taxodium mucronatum 0.561; Cupressus macrocarpa 0.549; Dacrydium cupressinum 0.545; Eucalyptus globulus 0.544
non-plant,np_wooden_fence_167255829.jpg,reticle,Taxodium distichum,0.625196,False,Toxicodendron radicans,0.435008,376,Taxodium distichum,0.625196,Taxodium distichum 0.625; Taxodium mucronatum 0.602; Taxodium ascendens 0.581; Ceiba pentandra 0.575; Casuarina equisetifolia 0.562
mixed,np_wooden_fence_175393497.jpg,full,Phoenix canariensis,0.630864,False,Toxicodendron radicans,0.363071,1289,Phoenix canariensis,0.630864,Phoenix canariensis 0.631; Cocos nucifera 0.589; Washingtonia robusta 0.582; Sabal palmetto 0.579; Phoenix dactylifera 0.578
mixed,np_wooden_fence_175393497.jpg,reticle,Chilopsis linearis,0.575462,False,Toxicodendron radicans,0.417676,1208,Chilopsis linearis,0.575462,Chilopsis linearis 0.575; Yucca brevifolia 0.572; Cynara cardunculus 0.557; Syncarpha vestita 0.556; Nolina parryi 0.552
mixed,np_mailbox_23132189.jpg,full,Metrosideros umbellata,0.617551,False,Toxicodendron diversilobum,0.397074,1242,Metrosideros umbellata,0.617551,Metrosideros umbellata 0.618; Corokia cotoneaster 0.615; Coprosma propinqua 0.609; Nertera depressa 0.607; Coprosma robusta 0.601
mixed,np_mailbox_23132189.jpg,reticle,Delonix regia,0.601588,False,Toxicodendron diversilobum,0.429816,513,Delonix regia,0.601588,Delonix regia 0.602; Ixora coccinea 0.589; Carissa macrocarpa 0.588; Punica granatum 0.584; Lagerstroemia indica 0.582
non-plant,np_mailbox_82804144.jpg,full,Metrosideros excelsa,0.612340,False,Toxicodendron diversilobum,0.376923,1804,Metrosideros excelsa,0.612340,Metrosideros excelsa 0.612; Agathis australis 0.587; Lycopodium volubile 0.586; Paraserianthes lophantha 0.582; Cupressus macrocarpa 0.576
non-plant,np_mailbox_82804144.jpg,reticle,Delonix regia,0.619975,False,Toxicodendron pubescens,0.439172,1292,Delonix regia,0.619975,Delonix regia 0.620; Casuarina equisetifolia 0.589; Pinus radiata 0.589; Adansonia digitata 0.582; Hakea sericea 0.577
non-plant,np_mailbox_82804158.jpg,full,Cortaderia selloana,0.606187,False,Toxicodendron diversilobum,0.441327,1335,Cortaderia selloana,0.606187,Cortaderia selloana 0.606; Acacia saligna 0.606; Arundo donax 0.599; Cortaderia jubata 0.598; Imperata cylindrica 0.591
non-plant,np_mailbox_82804158.jpg,reticle,Bromus catharticus,0.583706,False,Solanum carolinense,0.451044,1421,Bromus catharticus,0.583706,Bromus catharticus 0.584; Lolium arundinaceum 0.582; Paspalum dilatatum 0.579; Elaeagnus angustifolia 0.576; Stenotaphrum secundatum 0.573
mixed,np_garden_hose_856264.jpg,full,Schoenoplectus pungens,0.583457,False,Toxicodendron rydbergii,0.372894,2615,Schoenoplectus pungens,0.583457,Schoenoplectus pungens 0.583; Alopecurus aequalis 0.567; Eleocharis palustris 0.566; Schoenoplectus tabernaemontani 0.563; Juncus compressus 0.562
mixed,np_garden_hose_856264.jpg,reticle,Sagina procumbens,0.625162,False,Phytolacca americana,0.343447,2546,Sagina procumbens,0.625162,Sagina procumbens 0.625; Poa annua 0.624; Poa pratensis 0.582; Cyperus brevifolius 0.578; Juncus bufonius 0.568
non-plant,np_garden_hose_51440858.jpg,full,Chloris barbata,0.538492,False,Toxicodendron diversilobum,0.423454,437,Chloris barbata,0.538492,Chloris barbata 0.538; Euphorbia antisyphilitica 0.535; Rhopalostylis sapida 0.534; Paspalum notatum 0.533; Phyllospadix torreyi 0.531
non-plant,np_garden_hose_51440858.jpg,reticle,Cyperus rotundus,0.591708,False,Toxicodendron radicans,0.409561,1427,Cyperus rotundus,0.591708,Cyperus rotundus 0.592; Bolboschoenus maritimus 0.572; Zostera marina 0.570; Schoenoplectus pungens 0.559; Paspalum notatum 0.558
mixed,np_park_bench_159101229.jpg,full,Triglochin maritima,0.585401,False,Toxicodendron rydbergii,0.385546,795,Triglochin maritima,0.585401,Triglochin maritima 0.585; Leymus mollis 0.583; Sporobolus alterniflorus 0.555; Carex macrocephala 0.552; Phragmites australis 0.547
mixed,np_park_bench_159101229.jpg,reticle,Typha angustifolia,0.612564,False,Toxicodendron vernix,0.400762,869,Typha angustifolia,0.612564,Typha angustifolia 0.613; Typha latifolia 0.610; Typha orientalis 0.607; Phragmites australis 0.590; Typha domingensis 0.589
non-plant,np_rocks_51402336.jpg,full,Panicum virgatum,0.636853,False,Toxicodendron rydbergii,0.367741,1751,Panicum virgatum,0.636853,Panicum virgatum 0.637; Leymus mollis 0.612; Spinifex sericeus 0.607; Sporobolus alterniflorus 0.604; Panicum capillare 0.601
non-plant,np_rocks_51402336.jpg,reticle,Hoffmannseggia glauca,0.557627,False,Toxicodendron rydbergii,0.397284,1344,Hoffmannseggia glauca,0.557627,Hoffmannseggia glauca 0.558; Spinifex sericeus 0.555; Leptosyne gigantea 0.548; Securigera varia 0.543; Phoenix dactylifera 0.541
non-plant,np_rocks_53950578.jpg,full,Selaginella lepidophylla,0.594680,False,Toxicodendron diversilobum,0.415025,1310,Selaginella lepidophylla,0.594680,Selaginella lepidophylla 0.595; Selaginella bigelovii 0.585; Petrophytum caespitosum 0.572; Ericameria cuneata 0.568; Dudleya edulis 0.567
non-plant,np_rocks_53950578.jpg,reticle,Selaginella lepidophylla,0.681704,False,Toxicodendron diversilobum,0.367057,1671,Selaginella lepidophylla,0.681704,Selaginella lepidophylla 0.682; Corallina officinalis 0.586; Adiantum capillus-veneris 0.579; Selaginella bigelovii 0.574; Petrophytum caespitosum 0.566
non-plant,np_brick_wall_28818900.jpg,full,Leucophyllum frutescens,0.602912,False,Toxicodendron pubescens,0.423667,1994,Leucophyllum frutescens,0.602912,Leucophyllum frutescens 0.603; Fraxinus albicans 0.583; Cordia boissieri 0.580; Quercus fusiformis 0.576; Diaperia prolifera 0.575
non-plant,np_brick_wall_28818900.jpg,reticle,Nassella leucotricha,0.627661,False,Toxicodendron pubescens,0.465490,739,Nassella leucotricha,0.627661,Nassella leucotricha 0.628; Tridens albescens 0.610; Bothriochloa ischaemum 0.609; Zephyranthes chlorosolen 0.603; Cynodon dactylon 0.601
non-plant,np_brick_wall_117737596.jpg,full,Delonix regia,0.605502,False,Toxicodendron pubescens,0.408484,1166,Delonix regia,0.605502,Delonix regia 0.606; Tamarindus indica 0.605; Paraserianthes lophantha 0.600; Cassia fistula 0.589; Acacia confusa 0.588
non-plant,np_brick_wall_117737596.jpg,reticle,Opuntia decumbens,0.621372,False,Phytolacca americana,0.407979,1781,Opuntia decumbens,0.621372,Opuntia decumbens 0.621; Lophophora williamsii 0.616; Pachycereus pringlei 0.608; Pachycereus pecten-aboriginum 0.596; Carnegiea gigantea 0.595
non-plant,np_television_109987635.jpg,full,Codium fragile,0.598459,False,Toxicodendron rydbergii,0.453074,1110,Codium fragile,0.598459,Codium fragile 0.598; Bryum argenteum 0.553; Racomitrium lanuginosum 0.552; Tillandsia recurvata 0.551; Corallina officinalis 0.545
non-plant,np_television_109987635.jpg,reticle,Elaeagnus commutata,0.562685,False,Toxicodendron rydbergii,0.478605,445,Elaeagnus commutata,0.562685,Elaeagnus commutata 0.563; Prunus pumila 0.550; Elaeagnus angustifolia 0.548; Tanacetum bipinnatum 0.541; Cirsium pitcheri 0.541
non-plant,np_television_52802305.jpg,full,Fraxinus americana,0.607630,False,Toxicodendron vernix,0.502183,249,Fraxinus americana,0.607630,Fraxinus americana 0.608; Fraxinus pennsylvanica 0.599; Juglans cinerea 0.589; Quercus macrocarpa 0.588; Quercus rubra 0.583
non-plant,np_television_52802305.jpg,reticle,Juniperus deppeana,0.567200,False,Toxicodendron pubescens,0.441739,1205,Juniperus deppeana,0.567200,Juniperus deppeana 0.567; Olearia paniculata 0.567; Agathis australis 0.563; Dermatophyllum secundiflorum 0.554; Quercus sinuata 0.548
non-plant,np_television_43906515.jpg,full,Olea europaea,0.546574,False,Toxicodendron pubescens,0.404337,1983,Olea europaea,0.546574,Olea europaea 0.547; Jacaranda mimosifolia 0.544; Agapanthus praecox 0.540; Selenicereus undatus 0.539; Crassula ovata 0.539
non-plant,np_television_43906515.jpg,reticle,Pinus radiata,0.595830,False,Phytolacca americana,0.405142,2108,Pinus radiata,0.595830,Pinus radiata 0.596; Casuarina equisetifolia 0.588; Pinus pinea 0.580; Selenicereus undatus 0.573; Pinus torreyana 0.572
non-plant,np_smartphone_119015398.jpg,full,Vachellia farnesiana,0.645873,False,Toxicodendron diversilobum,0.411120,1572,Vachellia farnesiana,0.645873,Vachellia farnesiana 0.646; Vachellia rigidula 0.641; Vachellia constricta 0.624; Dichrostachys cinerea 0.621; Senegalia greggii 0.620
non-plant,np_smartphone_119015398.jpg,reticle,Rosa palustris,0.588347,False,Toxicodendron radicans,0.505054,138,Rosa palustris,0.588347,Rosa palustris 0.588; Vachellia farnesiana 0.574; Prunus angustifolia 0.567; Gleditsia triacanthos 0.564; Rosa multiflora 0.563
non-plant,np_smartphone_116899833.jpg,full,Leucopogon fasciculatus,0.637714,False,Toxicodendron diversilobum,0.441873,1419,Leucopogon fasciculatus,0.637714,Leucopogon fasciculatus 0.638; Leptospermum scoparium 0.626; Myrsine australis 0.621; Elaeocarpus hookerianus 0.617; Coprosma propinqua 0.616
non-plant,np_smartphone_116899833.jpg,reticle,Alectryon excelsus,0.603801,False,Toxicodendron diversilobum,0.476153,733,Alectryon excelsus,0.603801,Alectryon excelsus 0.604; Elaeocarpus hookerianus 0.601; Myrsine australis 0.599; Leptospermum scoparium 0.596; Leucopogon fasciculatus 0.594
non-plant,np_smartphone_196609173.jpg,full,Triadica sebifera,0.546721,False,Toxicodendron radicans,0.473085,102,Triadica sebifera,0.546721,Triadica sebifera 0.547; Lagerstroemia indica 0.545; Cercis canadensis 0.533; Tillandsia usneoides 0.531; Campsis radicans 0.530
non-plant,np_smartphone_196609173.jpg,reticle,Selenicereus undatus,0.553017,False,Toxicodendron pubescens,0.491208,171,Selenicereus undatus,0.553017,Selenicereus undatus 0.553; Triadica sebifera 0.551; Lagerstroemia indica 0.547; Dermatophyllum secundiflorum 0.546; Carissa macrocarpa 0.545
mixed,np_brick_wall_105538175.jpg,full,Dicksonia squarrosa,0.624725,False,Phytolacca americana,0.408824,803,Dicksonia squarrosa,0.624725,Dicksonia squarrosa 0.625; Paraserianthes lophantha 0.615; Pteridium esculentum 0.613; Paesia scaberula 0.608; Dicksonia fibrosa 0.604
mixed,np_brick_wall_105538175.jpg,reticle,Jacaranda mimosifolia,0.632399,False,Phytolacca americana,0.432591,532,Jacaranda mimosifolia,0.632399,Jacaranda mimosifolia 0.632; Delonix regia 0.621; Pteridium esculentum 0.600; Paraserianthes lophantha 0.590; Guilandina bonduc 0.588
mixed,np_brick_wall_105538174.jpg,full,Pteris tremula,0.675550,False,Toxicodendron radicans,0.334579,1018,Pteris tremula,0.675550,Pteris tremula 0.676; Paesia scaberula 0.673; Histiopteris incisa 0.650; Hypolepis ambigua 0.646; Rumohra adiantiformis 0.638
mixed,np_brick_wall_105538174.jpg,reticle,Cystopteris fragilis,0.650891,False,Phytolacca americana,0.339958,657,Cystopteris fragilis,0.650891,Cystopteris fragilis 0.651; Dryopteris carthusiana 0.633; Dryopteris cristata 0.620; Dryopteris filix-mas 0.618; Athyrium filix-femina 0.615
