set,photo,group,kind,reticle_share,reticle_plant,reticle_rank_old,reticle_hazard_old,reticle_rank_new,reticle_hazard_new,reticle_rank_tri,reticle_hazard_tri,reticle_rank_local,reticle_hazard_local,reticle_rank_na,reticle_hazard_na,reticle_rank_tri_local,reticle_hazard_tri_local,full_share,full_plant,full_rank_old,full_hazard_old,full_rank_new,full_hazard_new,full_rank_tri,full_hazard_tri,full_rank_local,full_hazard_local,full_rank_na,full_hazard_na,full_rank_tri_local,full_hazard_tri_local,rank_old,rank_new,rank_tri,rank_local,rank_na,rank_tri_local,day1_reticle_share,day1_reticle_rank_recorded,day1_full_share,day1_full_rank_recorded,day1_rank_old,day1_rank_new,day1_rank_tri,day1_rank_local,day1_rank_na,day1_rank_tri_local
non-plant,computer_monitor_2.jpg,non-plant,safe,0.1124,False,579,Toxicodendron radicans,15,Ficus pumila,15,Ficus pumila,156,Ricinus communis,156,Ricinus communis,156,Ricinus communis,0.0803,False,1245,Toxicodendron diversilobum,27,Plumeria rubra,27,Plumeria rubra,92,Ricinus communis,92,Ricinus communis,92,Ricinus communis,1000000000,1000000000,1000000000,1000000000,1000000000,1000000000,0.1124,579,0.0989,1245,1000000000,1000000000,1000000000,1000000000,1000000000,1000000000
non-plant,smartphone_display_4.jpg,non-plant,safe,0.0418,False,1585,Toxicodendron diversilobum,32,Crassula ovata,32,Crassula ovata,71,Euphorbia hypericifolia,71,Euphorbia hypericifolia,71,Euphorbia hypericifolia,0.0110,False,1786,Phytolacca americana,18,Crassula ovata,18,Crassula ovata,267,Euphorbia hypericifolia,267,Euphorbia hypericifolia,267,Euphorbia hypericifolia,1000000000,1000000000,1000000000,1000000000,1000000000,1000000000,0.0418,1585,0.0104,1786,1000000000,1000000000,1000000000,1000000000,1000000000,1000000000
non-plant,laptop_screen_5.jpg,non-plant,safe,0.0310,False,1881,Solanum carolinense,95,Nolina texana,95,Nolina texana,425,Euphorbia hypericifolia,425,Euphorbia hypericifolia,425,Euphorbia hypericifolia,0.0161,False,1092,Solanum carolinense,168,Nolina texana,168,Nolina texana,584,Apocynum cannabinum,584,Apocynum cannabinum,584,Apocynum cannabinum,1000000000,1000000000,1000000000,1000000000,1000000000,1000000000,0.0310,1881,0.0175,1092,1000000000,1000000000,1000000000,1000000000,1000000000,1000000000
non-plant,laptop_screen_6.jpg,non-plant,safe,0.0196,False,576,Toxicodendron vernix,60,Caltha palustris,60,Caltha palustris,401,Verbascum thapsus,401,Verbascum thapsus,401,Verbascum thapsus,0.0503,False,1693,Toxicodendron diversilobum,43,Crassula ovata,43,Crassula ovata,290,Euphorbia hypericifolia,290,Euphorbia hypericifolia,290,Euphorbia hypericifolia,1000000000,1000000000,1000000000,1000000000,1000000000,1000000000,0.0196,576,0.0627,1693,1000000000,1000000000,1000000000,1000000000,1000000000,1000000000
non-plant,asphalt_road_7.jpg,non-plant,safe,0.0226,False,347,Toxicodendron radicans,40,Araujia sericifera,40,Araujia sericifera,65,Euphorbia hypericifolia,65,Euphorbia hypericifolia,65,Euphorbia hypericifolia,0.0355,False,179,Toxicodendron radicans,12,Cynanchum laeve,12,Cynanchum laeve,12,Cynanchum laeve,12,Cynanchum laeve,12,Cynanchum laeve,1000000000,1000000000,1000000000,1000000000,1000000000,1000000000,0.0226,347,0.0316,179,1000000000,1000000000,1000000000,1000000000,1000000000,1000000000
non-plant,asphalt_road_8.jpg,non-plant,safe,0.0826,False,1103,Toxicodendron radicans,1,Ficus pumila,1,Ficus pumila,212,Ricinus communis,212,Ricinus communis,212,Ricinus communis,0.0808,False,944,Toxicodendron diversilobum,18,Crassula ovata,18,Crassula ovata,345,Euphorbia ophthalmica,345,Euphorbia ophthalmica,345,Euphorbia ophthalmica,1000000000,1000000000,1000000000,1000000000,1000000000,1000000000,0.0826,1103,0.0670,944,1000000000,1000000000,1000000000,1000000000,1000000000,1000000000
non-plant,concrete_sidewalk_9.jpg,non-plant,safe,0.0034,False,1153,Toxicodendron vernix,32,Ficus pumila,32,Ficus pumila,681,Apocynum cannabinum,681,Apocynum cannabinum,681,Apocynum cannabinum,0.0032,False,948,Solanum carolinense,58,Euphorbia bicolor,58,Euphorbia bicolor,117,Euphorbia hypericifolia,117,Euphorbia hypericifolia,117,Euphorbia hypericifolia,1000000000,1000000000,1000000000,1000000000,1000000000,1000000000,0.0034,1153,0.0034,948,1000000000,1000000000,1000000000,1000000000,1000000000,1000000000
non-plant,concrete_sidewalk_10.jpg,non-plant,safe,0.0314,False,673,Phytolacca americana,43,Epipremnum aureum,43,Epipremnum aureum,80,Euphorbia hypericifolia,80,Euphorbia hypericifolia,80,Euphorbia hypericifolia,0.0141,False,1344,Phytolacca americana,15,Plumeria rubra,15,Plumeria rubra,187,Euphorbia hypericifolia,187,Euphorbia hypericifolia,187,Euphorbia hypericifolia,1000000000,1000000000,1000000000,1000000000,1000000000,1000000000,0.0314,673,0.0148,1344,1000000000,1000000000,1000000000,1000000000,1000000000,1000000000
non-plant,portrait_woman_12.jpg,non-plant,safe,0.0310,False,787,Phytolacca americana,7,Ficus pumila,7,Ficus pumila,320,Cynanchum laeve,320,Cynanchum laeve,320,Cynanchum laeve,0.0196,False,842,Phytolacca americana,13,Araujia sericifera,13,Araujia sericifera,265,Cynanchum laeve,265,Cynanchum laeve,265,Cynanchum laeve,1000000000,1000000000,1000000000,1000000000,1000000000,1000000000,0.0310,787,0.0197,842,1000000000,1000000000,1000000000,1000000000,1000000000,1000000000
non-plant,child_playing_13.jpg,non-plant,safe,0.1011,False,1534,Toxicodendron diversilobum,25,Ficus pumila,25,Ficus pumila,331,Ricinus communis,331,Ricinus communis,331,Ricinus communis,0.0666,False,1754,Toxicodendron rydbergii,24,Calotropis gigantea,24,Calotropis gigantea,166,Ricinus communis,166,Ricinus communis,166,Ricinus communis,1000000000,1000000000,1000000000,1000000000,1000000000,1000000000,0.1011,1534,0.0645,1754,1000000000,1000000000,1000000000,1000000000,1000000000,1000000000
non-plant,child_playing_14.jpg,non-plant,safe,0.0609,False,1574,Phytolacca americana,22,Calotropis gigantea,22,Calotropis gigantea,120,Ricinus communis,120,Ricinus communis,120,Ricinus communis,0.0407,False,1182,Toxicodendron rydbergii,30,Plumeria rubra,30,Plumeria rubra,231,Ricinus communis,231,Ricinus communis,231,Ricinus communis,1000000000,1000000000,1000000000,1000000000,1000000000,1000000000,0.0609,1574,0.0407,1182,1000000000,1000000000,1000000000,1000000000,1000000000,1000000000
non-plant,living_room_16.jpg,non-plant,safe,0.0152,False,1587,Toxicodendron pubescens,8,Plumeria rubra,8,Plumeria rubra,386,Euphorbia hypericifolia,386,Euphorbia hypericifolia,386,Euphorbia hypericifolia,0.0051,False,1736,Toxicodendron pubescens,15,Plumeria rubra,15,Plumeria rubra,370,Euphorbia hypericifolia,370,Euphorbia hypericifolia,370,Euphorbia hypericifolia,1000000000,1000000000,1000000000,1000000000,1000000000,1000000000,0.0152,1587,0.0052,1736,1000000000,1000000000,1000000000,1000000000,1000000000,1000000000
non-plant,dog_17.jpg,non-plant,safe,0.0067,False,2399,Toxicodendron diversilobum,23,Araujia sericifera,23,Araujia sericifera,823,Ricinus communis,823,Ricinus communis,823,Ricinus communis,0.0150,False,1367,Toxicodendron diversilobum,123,Plumeria rubra,123,Plumeria rubra,759,Verbascum thapsus,759,Verbascum thapsus,759,Verbascum thapsus,1000000000,1000000000,1000000000,1000000000,1000000000,1000000000,0.0067,2399,0.0154,1367,1000000000,1000000000,1000000000,1000000000,1000000000,1000000000
non-plant,car_19.jpg,non-plant,safe,0.0104,False,773,Phytolacca americana,11,Monstera deliciosa,11,Monstera deliciosa,295,Euphorbia hypericifolia,295,Euphorbia hypericifolia,295,Euphorbia hypericifolia,0.0168,False,1159,Phytolacca americana,79,Monstera deliciosa,79,Monstera deliciosa,308,Ricinus communis,308,Ricinus communis,308,Ricinus communis,1000000000,1000000000,1000000000,1000000000,1000000000,1000000000,0.0104,773,0.0179,1159,1000000000,1000000000,1000000000,1000000000,1000000000,1000000000
non-plant,car_20.jpg,non-plant,safe,0.0543,False,1022,Toxicodendron vernix,114,Ficus pumila,114,Ficus pumila,152,Ricinus communis,152,Ricinus communis,152,Ricinus communis,0.0097,False,2050,Phytolacca americana,128,Solanum mauritianum,128,Solanum mauritianum,692,Daucus carota,692,Daucus carota,692,Daucus carota,1000000000,1000000000,1000000000,1000000000,1000000000,1000000000,0.0543,1022,0.0126,2050,1000000000,1000000000,1000000000,1000000000,1000000000,1000000000
mixed,lawn_mowed_22.jpg,mixed,safe,0.4523,False,487,Phytolacca americana,32,Euphorbia hypericifolia,32,Euphorbia hypericifolia,32,Euphorbia hypericifolia,32,Euphorbia hypericifolia,32,Euphorbia hypericifolia,0.1240,False,1803,Toxicodendron diversilobum,161,Solanum mauritianum,161,Solanum mauritianum,381,Euphorbia hypericifolia,381,Euphorbia hypericifolia,381,Euphorbia hypericifolia,1000000000,1000000000,1000000000,1000000000,1000000000,1000000000,0.4523,487,0.1249,1803,1000000000,1000000000,1000000000,1000000000,1000000000,1000000000
plant,oak_1.jpg,oak,safe,0.6994,True,639,Phytolacca americana,1,Plumeria rubra,1,Plumeria rubra,22,Ricinus communis,22,Ricinus communis,22,Ricinus communis,0.7023,True,1337,Phytolacca americana,18,Plumeria rubra,18,Plumeria rubra,300,Ricinus communis,300,Ricinus communis,300,Ricinus communis,639,1,1,22,22,22,0.6994,639,0.7115,1337,639,1,1,22,22,22
plant,oak_2.jpg,oak,safe,0.9704,True,89,Toxicodendron pubescens,75,Parthenocissus inserta,75,Parthenocissus inserta,89,Toxicodendron pubescens,89,Toxicodendron pubescens,89,Toxicodendron pubescens,0.9835,True,35,Toxicodendron pubescens,35,Toxicodendron pubescens,35,Toxicodendron pubescens,35,Toxicodendron pubescens,35,Toxicodendron pubescens,35,Toxicodendron pubescens,35,35,35,35,35,35,0.9704,89,0.9835,35,35,35,35,35,35,35
plant,fern_1.jpg,fern,safe,0.9841,True,493,Toxicodendron rydbergii,95,Pulsatilla occidentalis,95,Pulsatilla occidentalis,493,Toxicodendron rydbergii,493,Toxicodendron rydbergii,493,Toxicodendron rydbergii,0.9884,True,447,Toxicodendron rydbergii,12,Pulsatilla occidentalis,12,Pulsatilla occidentalis,447,Toxicodendron rydbergii,447,Toxicodendron rydbergii,447,Toxicodendron rydbergii,447,12,12,447,447,447,0.9841,493,0.9893,447,447,12,12,447,447,447
plant,fern_2.jpg,fern,safe,0.9968,True,148,Toxicodendron diversilobum,77,Pulsatilla occidentalis,77,Pulsatilla occidentalis,148,Toxicodendron diversilobum,148,Toxicodendron diversilobum,148,Toxicodendron diversilobum,0.9968,True,2134,Toxicodendron diversilobum,54,Clematis paniculata,54,Clematis paniculata,516,Verbascum thapsus,516,Verbascum thapsus,516,Verbascum thapsus,148,54,54,148,148,148,0.9968,148,0.9965,2134,148,54,54,148,148,148
plant,clover_1.jpg,clover,safe,0.9878,True,448,Phytolacca americana,1,Urtica dioica,1,Urtica dioica,448,Phytolacca americana,448,Phytolacca americana,448,Phytolacca americana,0.9369,True,390,Solanum carolinense,1,Urtica dioica,1,Urtica dioica,390,Solanum carolinense,390,Solanum carolinense,390,Solanum carolinense,390,1,1,390,390,390,0.9878,448,0.9381,390,390,1,1,390,390,390
plant,clover_2.jpg,clover,safe,0.7717,True,130,Toxicodendron radicans,96,Symplocarpus foetidus,96,Symplocarpus foetidus,130,Toxicodendron radicans,130,Toxicodendron radicans,130,Toxicodendron radicans,0.7916,True,1415,Phytolacca americana,57,Euphorbia lathyris,57,Euphorbia lathyris,87,Verbascum thapsus,87,Verbascum thapsus,87,Verbascum thapsus,130,57,57,87,87,87,0.7717,130,0.7953,1415,130,57,57,87,87,87
plant,pine_1.jpg,pine,safe,0.8141,True,17,Toxicodendron radicans,17,Toxicodendron radicans,17,Toxicodendron radicans,17,Toxicodendron radicans,17,Toxicodendron radicans,17,Toxicodendron radicans,0.8230,True,105,Toxicodendron radicans,105,Toxicodendron radicans,105,Toxicodendron radicans,105,Toxicodendron radicans,105,Toxicodendron radicans,105,Toxicodendron radicans,17,17,17,17,17,17,0.8141,17,0.8214,105,17,17,17,17,17,17
plant,pine_2.jpg,pine,safe,0.7470,True,29,Toxicodendron pubescens,29,Toxicodendron pubescens,29,Toxicodendron pubescens,29,Toxicodendron pubescens,29,Toxicodendron pubescens,29,Toxicodendron pubescens,0.8321,True,25,Toxicodendron radicans,25,Toxicodendron radicans,25,Toxicodendron radicans,25,Toxicodendron radicans,25,Toxicodendron radicans,25,Toxicodendron radicans,25,25,25,25,25,25,0.7470,29,0.8318,25,25,25,25,25,25,25
plant,dandelion_1.jpg,dandelion,safe,0.9882,True,414,Phytolacca americana,29,Araujia sericifera,29,Araujia sericifera,307,Euphorbia hypericifolia,307,Euphorbia hypericifolia,307,Euphorbia hypericifolia,0.9827,True,1088,Phytolacca americana,42,Euphorbia terracina,42,Euphorbia terracina,658,Euphorbia hypericifolia,658,Euphorbia hypericifolia,658,Euphorbia hypericifolia,414,29,29,307,307,307,0.9882,414,0.9813,1088,414,29,29,307,307,307
plant,dandelion_2.jpg,dandelion,safe,0.8295,True,326,Toxicodendron diversilobum,38,Cneoridium dumosum,38,Cneoridium dumosum,326,Toxicodendron diversilobum,326,Toxicodendron diversilobum,326,Toxicodendron diversilobum,0.8374,True,351,Toxicodendron diversilobum,122,Cneoridium dumosum,122,Cneoridium dumosum,351,Toxicodendron diversilobum,351,Toxicodendron diversilobum,351,Toxicodendron diversilobum,326,38,38,326,326,326,0.8295,326,0.8205,351,326,38,38,326,326,326
plant,grass_1.jpg,grass,safe,0.9605,True,662,Toxicodendron radicans,275,Persicaria hydropiper,275,Persicaria hydropiper,587,Tradescantia virginiana,587,Tradescantia virginiana,587,Tradescantia virginiana,0.9207,True,657,Toxicodendron radicans,222,Moneses uniflora,222,Moneses uniflora,657,Toxicodendron radicans,657,Toxicodendron radicans,657,Toxicodendron radicans,657,222,222,587,587,587,0.9605,662,0.9286,657,657,222,222,587,587,587
plant,grass_2.jpg,grass,safe,0.9696,True,1441,Solanum carolinense,35,Euphorbia bicolor,35,Euphorbia bicolor,854,Apocynum cannabinum,854,Apocynum cannabinum,854,Apocynum cannabinum,0.9821,True,925,Solanum carolinense,41,Euphorbia bicolor,41,Euphorbia bicolor,691,Arum italicum,691,Arum italicum,691,Arum italicum,925,35,35,691,691,691,0.9696,1441,0.9822,925,925,35,35,691,691,691
plant,moss_1.jpg,moss,safe,0.9069,True,1559,Toxicodendron radicans,76,Clematis paniculata,76,Clematis paniculata,1266,Ricinus communis,1266,Ricinus communis,1266,Ricinus communis,0.7730,True,843,Toxicodendron radicans,205,Clematis paniculata,205,Clematis paniculata,843,Toxicodendron radicans,843,Toxicodendron radicans,843,Toxicodendron radicans,843,76,76,843,843,843,0.9069,1559,0.7662,843,843,76,76,843,843,843
plant,moss_2.jpg,moss,safe,0.9880,True,983,Phytolacca americana,15,Sedum acre,15,Sedum acre,800,Arum italicum,800,Arum italicum,800,Arum italicum,0.9945,True,1179,Phytolacca americana,10,Sedum acre,10,Sedum acre,1179,Phytolacca americana,1179,Phytolacca americana,1179,Phytolacca americana,983,10,10,800,800,800,0.9880,983,0.9944,1179,983,10,10,800,800,800
plant,poisonivy_1.jpg,poisonivy,hazard,0.9820,True,1,Toxicodendron radicans,1,Toxicodendron radicans,1,Toxicodendron radicans,1,Toxicodendron radicans,1,Toxicodendron radicans,1,Toxicodendron radicans,0.9863,True,2,Toxicodendron radicans,2,Toxicodendron radicans,2,Toxicodendron radicans,2,Toxicodendron radicans,2,Toxicodendron radicans,2,Toxicodendron radicans,1,1,1,1,1,1,0.9820,1,0.9865,2,1,1,1,1,1,1
plant,poisonivy_2.jpg,poisonivy,hazard,0.9609,True,416,Phytolacca americana,11,Codiaeum variegatum,11,Codiaeum variegatum,78,Ricinus communis,78,Ricinus communis,78,Ricinus communis,0.9620,True,47,Toxicodendron radicans,8,Schinus terebinthifolia,8,Schinus terebinthifolia,33,Ricinus communis,33,Ricinus communis,33,Ricinus communis,47,8,8,33,33,33,0.9609,416,0.9638,47,47,8,8,33,33,33
grass,grass_236380113.jpg,grass,safe,0.9916,True,762,Solanum carolinense,336,Euphorbia terracina,336,Euphorbia terracina,474,Tradescantia virginiana,474,Tradescantia virginiana,474,Tradescantia virginiana,0.9959,True,362,Toxicodendron pubescens,132,Apocynum cannabinum,132,Apocynum cannabinum,132,Apocynum cannabinum,132,Apocynum cannabinum,132,Apocynum cannabinum,362,132,132,132,132,132,0.9916,762,0.9961,362,362,132,132,132,132,132
grass,grass_77707956.jpg,grass,safe,0.9606,True,1,Toxicodendron radicans,1,Toxicodendron radicans,1,Toxicodendron radicans,1,Toxicodendron radicans,1,Toxicodendron radicans,1,Toxicodendron radicans,0.9631,True,108,Toxicodendron radicans,4,Cynanchum laeve,4,Cynanchum laeve,4,Cynanchum laeve,4,Cynanchum laeve,4,Cynanchum laeve,1,1,1,1,1,1,0.9606,1,0.9618,108,1,1,1,1,1,1
grass,grass_7872367.jpg,grass,safe,0.9630,True,561,Phytolacca americana,105,Euphorbia hypericifolia,105,Euphorbia hypericifolia,105,Euphorbia hypericifolia,105,Euphorbia hypericifolia,105,Euphorbia hypericifolia,0.9773,True,272,Phytolacca americana,31,Apocynum cannabinum,31,Apocynum cannabinum,31,Apocynum cannabinum,31,Apocynum cannabinum,31,Apocynum cannabinum,272,31,31,31,31,31,0.9630,561,0.9775,272,272,31,31,31,31,31
grass,grass_173869047.jpg,grass,safe,0.9660,True,2265,Phytolacca americana,40,Arnica montana,40,Arnica montana,460,Tradescantia virginiana,460,Tradescantia virginiana,460,Tradescantia virginiana,0.9799,True,2276,Toxicodendron diversilobum,309,Hypericum punctatum,309,Hypericum punctatum,309,Hypericum punctatum,309,Hypericum punctatum,309,Hypericum punctatum,2265,40,40,309,309,309,0.9660,2265,0.9802,2276,2265,40,40,309,309,309
grass,grass_154415697.jpg,grass,safe,0.9511,True,1233,Toxicodendron rydbergii,18,Arnica montana,18,Arnica montana,314,Verbascum thapsus,314,Verbascum thapsus,314,Verbascum thapsus,0.9780,True,1615,Toxicodendron rydbergii,168,Moneses uniflora,168,Moneses uniflora,416,Verbascum thapsus,416,Verbascum thapsus,416,Verbascum thapsus,1233,18,18,314,314,314,0.9511,1233,0.9755,1615,1233,18,18,314,314,314
grass,grass_296659010.jpg,grass,safe,0.9646,True,757,Toxicodendron diversilobum,556,Persicaria hydropiper,556,Persicaria hydropiper,592,Hypericum punctatum,592,Hypericum punctatum,592,Hypericum punctatum,0.9732,True,1216,Solanum carolinense,73,Hypericum punctatum,73,Hypericum punctatum,73,Hypericum punctatum,73,Hypericum punctatum,73,Hypericum punctatum,757,73,73,73,73,73,0.9646,757,0.9717,1216,757,73,73,73,73,73
grass,grass_8498527.jpg,grass,safe,0.9274,True,259,Toxicodendron radicans,139,Euphorbia bicolor,139,Euphorbia bicolor,259,Toxicodendron radicans,259,Toxicodendron radicans,259,Toxicodendron radicans,0.8881,True,192,Toxicodendron radicans,161,Apocynum cannabinum,161,Apocynum cannabinum,161,Apocynum cannabinum,161,Apocynum cannabinum,161,Apocynum cannabinum,192,139,139,161,161,161,0.9274,259,0.8967,192,192,139,139,161,161,161
grass,grass_74700812.jpg,grass,safe,0.9897,True,329,Toxicodendron vernix,121,Ranunculus abortivus,121,Ranunculus abortivus,121,Ranunculus abortivus,121,Ranunculus abortivus,121,Ranunculus abortivus,0.9913,True,551,Toxicodendron rydbergii,87,Ranunculus abortivus,87,Ranunculus abortivus,87,Ranunculus abortivus,87,Ranunculus abortivus,87,Ranunculus abortivus,329,87,87,87,87,87,0.9897,329,0.9909,551,329,87,87,87,87,87
grass,grass_316210519.jpg,grass,safe,0.8899,True,601,Toxicodendron vernix,80,Schinus terebinthifolia,80,Schinus terebinthifolia,490,Euphorbia hypericifolia,490,Euphorbia hypericifolia,490,Euphorbia hypericifolia,0.9010,True,429,Toxicodendron vernix,41,Apocynum cannabinum,41,Apocynum cannabinum,41,Apocynum cannabinum,41,Apocynum cannabinum,41,Apocynum cannabinum,429,41,41,41,41,41,0.8899,601,0.9078,429,429,41,41,41,41,41
grass,grass_377482183.jpg,grass,safe,0.9605,True,598,Toxicodendron radicans,88,Ranunculus abortivus,88,Ranunculus abortivus,88,Ranunculus abortivus,88,Ranunculus abortivus,88,Ranunculus abortivus,0.9625,True,330,Toxicodendron rydbergii,71,Ranunculus abortivus,71,Ranunculus abortivus,71,Ranunculus abortivus,71,Ranunculus abortivus,71,Ranunculus abortivus,330,71,71,71,71,71,0.9605,598,0.9619,330,330,71,71,71,71,71
grass,grass_377471108.jpg,grass,safe,0.9698,True,655,Solanum carolinense,173,Hypericum punctatum,173,Hypericum punctatum,173,Hypericum punctatum,173,Hypericum punctatum,173,Hypericum punctatum,0.9727,True,408,Solanum carolinense,253,Hypericum punctatum,253,Hypericum punctatum,253,Hypericum punctatum,253,Hypericum punctatum,253,Hypericum punctatum,408,173,173,173,173,173,0.9698,655,0.9735,408,408,173,173,173,173,173
grass,grass_378253206.jpg,grass,safe,0.9767,True,696,Toxicodendron diversilobum,506,Lupinus hirsutissimus,506,Lupinus hirsutissimus,694,Apocynum cannabinum,694,Apocynum cannabinum,694,Apocynum cannabinum,0.9843,True,276,Toxicodendron radicans,254,Heracleum maximum,254,Heracleum maximum,276,Toxicodendron radicans,276,Toxicodendron radicans,276,Toxicodendron radicans,276,254,254,276,276,276,0.9767,696,0.9843,276,276,254,254,276,276,276
grass,grass_135189154.jpg,grass,safe,0.9692,True,146,Toxicodendron vernix,29,Persicaria hydropiper,29,Persicaria hydropiper,146,Toxicodendron vernix,146,Toxicodendron vernix,146,Toxicodendron vernix,0.9373,True,116,Toxicodendron vernix,116,Toxicodendron vernix,116,Toxicodendron vernix,116,Toxicodendron vernix,116,Toxicodendron vernix,116,Toxicodendron vernix,116,29,29,116,116,116,0.9692,146,0.9329,116,116,29,29,116,116,116
grass,grass_135427649.jpg,grass,safe,0.8717,True,384,Solanum carolinense,139,Euphorbia bicolor,139,Euphorbia bicolor,220,Apocynum cannabinum,220,Apocynum cannabinum,220,Apocynum cannabinum,0.8753,True,780,Solanum carolinense,121,Nolina texana,121,Nolina texana,264,Apocynum cannabinum,264,Apocynum cannabinum,264,Apocynum cannabinum,384,121,121,220,220,220,0.8717,384,0.8770,780,384,121,121,220,220,220
grass,grass_237659126.jpg,grass,safe,0.9676,True,297,Solanum carolinense,155,Clematis drummondii,155,Clematis drummondii,207,Apocynum cannabinum,207,Apocynum cannabinum,207,Apocynum cannabinum,0.9676,True,201,Solanum carolinense,142,Apocynum cannabinum,142,Apocynum cannabinum,142,Apocynum cannabinum,142,Apocynum cannabinum,142,Apocynum cannabinum,201,142,142,142,142,142,0.9676,297,0.9663,201,201,142,142,142,142,142
grass,grass_295152432.jpg,grass,safe,0.9553,True,671,Solanum carolinense,236,Tradescantia virginiana,236,Tradescantia virginiana,236,Tradescantia virginiana,236,Tradescantia virginiana,236,Tradescantia virginiana,0.9779,True,805,Solanum carolinense,169,Tradescantia virginiana,169,Tradescantia virginiana,169,Tradescantia virginiana,169,Tradescantia virginiana,169,Tradescantia virginiana,671,169,169,169,169,169,0.9553,671,0.9770,805,671,169,169,169,169,169
grass,grass_351436420.jpg,grass,safe,0.9764,True,292,Toxicodendron diversilobum,17,Nolina texana,17,Nolina texana,292,Toxicodendron diversilobum,292,Toxicodendron diversilobum,292,Toxicodendron diversilobum,0.9879,True,212,Toxicodendron diversilobum,28,Nolina texana,28,Nolina texana,212,Toxicodendron diversilobum,212,Toxicodendron diversilobum,212,Toxicodendron diversilobum,212,17,17,212,212,212,0.9764,292,0.9878,212,212,17,17,212,212,212
grass,grass_295592913.jpg,grass,safe,0.8936,True,511,Toxicodendron vernix,47,Hypericum punctatum,47,Hypericum punctatum,47,Hypericum punctatum,47,Hypericum punctatum,47,Hypericum punctatum,0.9460,True,448,Toxicodendron vernix,54,Hypericum punctatum,54,Hypericum punctatum,54,Hypericum punctatum,54,Hypericum punctatum,54,Hypericum punctatum,448,47,47,47,47,47,0.8936,511,0.9331,448,448,47,47,47,47,47
grass,grass_348391973.jpg,grass,safe,0.9613,True,1231,Toxicodendron pubescens,175,Ranunculus abortivus,175,Ranunculus abortivus,175,Ranunculus abortivus,175,Ranunculus abortivus,175,Ranunculus abortivus,0.9735,True,166,Toxicodendron radicans,66,Ranunculus abortivus,66,Ranunculus abortivus,66,Ranunculus abortivus,66,Ranunculus abortivus,66,Ranunculus abortivus,166,66,66,66,66,66,0.9613,1231,0.9736,166,166,66,66,66,66,66
grass,grass_170173654.jpg,grass,safe,0.9846,True,1299,Toxicodendron diversilobum,30,Turricula parryi,30,Turricula parryi,252,Euphorbia hypericifolia,252,Euphorbia hypericifolia,252,Euphorbia hypericifolia,0.9772,True,469,Solanum carolinense,113,Apocynum cannabinum,113,Apocynum cannabinum,113,Apocynum cannabinum,113,Apocynum cannabinum,113,Apocynum cannabinum,469,30,30,113,113,113,0.9846,1299,0.9778,469,469,30,30,113,113,113
grass,grass_53684067.jpg,grass,safe,0.9822,True,192,Solanum carolinense,18,Euphorbia hypericifolia,18,Euphorbia hypericifolia,18,Euphorbia hypericifolia,18,Euphorbia hypericifolia,18,Euphorbia hypericifolia,0.9863,True,362,Solanum carolinense,3,Euphorbia hypericifolia,3,Euphorbia hypericifolia,3,Euphorbia hypericifolia,3,Euphorbia hypericifolia,3,Euphorbia hypericifolia,192,3,3,3,3,3,0.9822,192,0.9859,362,192,3,3,3,3,3
grass,grass_303516861.jpg,grass,safe,0.9647,True,629,Toxicodendron radicans,21,Clematis drummondii,21,Clematis drummondii,130,Apocynum cannabinum,130,Apocynum cannabinum,130,Apocynum cannabinum,0.9799,True,183,Toxicodendron radicans,10,Cynanchum laeve,10,Cynanchum laeve,10,Cynanchum laeve,10,Cynanchum laeve,10,Cynanchum laeve,183,10,10,10,10,10,0.9647,629,0.9790,183,183,10,10,10,10,10
grass,grass_305790189.jpg,grass,safe,0.9734,True,32,Solanum carolinense,12,Persicaria hydropiper,12,Persicaria hydropiper,32,Solanum carolinense,32,Solanum carolinense,32,Solanum carolinense,0.9794,True,38,Solanum carolinense,38,Solanum carolinense,38,Solanum carolinense,38,Solanum carolinense,38,Solanum carolinense,38,Solanum carolinense,32,12,12,32,32,32,0.9734,32,0.9785,38,32,12,12,32,32,32
grass,grass_330436491.jpg,grass,safe,0.9606,True,769,Toxicodendron diversilobum,22,Nerium oleander,22,Nerium oleander,469,Euphorbia hypericifolia,469,Euphorbia hypericifolia,469,Euphorbia hypericifolia,0.9327,True,502,Toxicodendron radicans,163,Nerium oleander,163,Nerium oleander,306,Apocynum cannabinum,306,Apocynum cannabinum,306,Apocynum cannabinum,502,22,22,306,306,306,0.9606,769,0.9292,502,502,22,22,306,306,306
grass,grass_186771405.jpg,grass,safe,0.9584,True,987,Toxicodendron diversilobum,43,Euphorbia bicolor,43,Euphorbia bicolor,176,Apocynum cannabinum,176,Apocynum cannabinum,176,Apocynum cannabinum,0.9512,True,726,Toxicodendron pubescens,32,Euphorbia bicolor,32,Euphorbia bicolor,201,Apocynum cannabinum,201,Apocynum cannabinum,201,Apocynum cannabinum,726,32,32,176,176,176,0.9584,987,0.9502,726,726,32,32,176,176,176
grass,grass_7870802.jpg,grass,safe,0.9803,True,127,Solanum carolinense,30,Persicaria hydropiper,30,Persicaria hydropiper,127,Solanum carolinense,127,Solanum carolinense,127,Solanum carolinense,0.9832,True,187,Solanum carolinense,11,Persicaria hydropiper,11,Persicaria hydropiper,49,Apocynum cannabinum,49,Apocynum cannabinum,49,Apocynum cannabinum,127,11,11,49,49,49,0.9803,127,0.9855,187,127,11,11,49,49,49
grass,grass_272094434.jpg,grass,safe,0.9794,True,1742,Solanum carolinense,196,Fumaria officinalis,196,Fumaria officinalis,365,Tradescantia virginiana,365,Tradescantia virginiana,365,Tradescantia virginiana,0.9765,True,1993,Solanum carolinense,182,Fumaria officinalis,182,Fumaria officinalis,515,Tradescantia virginiana,515,Tradescantia virginiana,515,Tradescantia virginiana,1742,182,182,365,365,365,0.9794,1742,0.9755,1993,1742,182,182,365,365,365
grass,grass_26326668.jpg,grass,safe,0.9857,True,870,Phytolacca americana,317,Tradescantia virginiana,317,Tradescantia virginiana,317,Tradescantia virginiana,317,Tradescantia virginiana,317,Tradescantia virginiana,0.9869,True,547,Phytolacca americana,251,Nerium oleander,251,Nerium oleander,318,Tradescantia virginiana,318,Tradescantia virginiana,318,Tradescantia virginiana,547,251,251,317,317,317,0.9857,870,0.9877,547,547,251,251,317,317,317
grass,grass_32624622.jpg,grass,safe,0.9694,True,226,Toxicodendron radicans,154,Cynanchum laeve,154,Cynanchum laeve,154,Cynanchum laeve,154,Cynanchum laeve,154,Cynanchum laeve,0.9775,True,263,Toxicodendron radicans,188,Urtica chamaedryoides,188,Urtica chamaedryoides,263,Toxicodendron radicans,263,Toxicodendron radicans,263,Toxicodendron radicans,226,154,154,154,154,154,0.9694,226,0.9779,263,226,154,154,154,154,154
grass,lawn_45980991.jpg,grass,safe,0.9540,True,866,Toxicodendron diversilobum,47,Turricula parryi,47,Turricula parryi,750,Apocynum cannabinum,750,Apocynum cannabinum,750,Apocynum cannabinum,0.8887,True,753,Toxicodendron rydbergii,518,Tradescantia virginiana,518,Tradescantia virginiana,518,Tradescantia virginiana,518,Tradescantia virginiana,518,Tradescantia virginiana,753,47,47,518,518,518,0.9540,866,0.8823,753,753,47,47,518,518,518
grass,lawn_114051027.jpg,grass,safe,0.8999,True,510,Toxicodendron pubescens,48,Euphorbia hypericifolia,48,Euphorbia hypericifolia,48,Euphorbia hypericifolia,48,Euphorbia hypericifolia,48,Euphorbia hypericifolia,0.9606,True,1446,Toxicodendron pubescens,370,Euphorbia cyparissias,370,Euphorbia cyparissias,871,Daucus carota,871,Daucus carota,871,Daucus carota,510,48,48,48,48,48,0.8999,510,0.9632,1446,510,48,48,48,48,48
grass,lawn_97354508.jpg,grass,safe,0.9784,True,228,Solanum carolinense,118,Nolina texana,118,Nolina texana,207,Apocynum cannabinum,207,Apocynum cannabinum,207,Apocynum cannabinum,0.9793,True,458,Solanum carolinense,262,Calotropis gigantea,262,Calotropis gigantea,373,Euphorbia hypericifolia,373,Euphorbia hypericifolia,373,Euphorbia hypericifolia,228,118,118,207,207,207,0.9784,228,0.9793,458,228,118,118,207,207,207
grass,lawn_91483513.jpg,grass,safe,0.9269,True,767,Solanum carolinense,31,Calotropis gigantea,31,Calotropis gigantea,155,Euphorbia hypericifolia,155,Euphorbia hypericifolia,155,Euphorbia hypericifolia,0.9523,True,439,Solanum carolinense,167,Ficus pumila,167,Ficus pumila,368,Euphorbia hypericifolia,368,Euphorbia hypericifolia,368,Euphorbia hypericifolia,439,31,31,155,155,155,0.9269,767,0.9523,439,439,31,31,155,155,155
grass,lawn_127194613.jpg,grass,safe,0.9729,True,195,Solanum carolinense,195,Solanum carolinense,195,Solanum carolinense,195,Solanum carolinense,195,Solanum carolinense,195,Solanum carolinense,0.9743,True,158,Solanum carolinense,158,Solanum carolinense,158,Solanum carolinense,158,Solanum carolinense,158,Solanum carolinense,158,Solanum carolinense,158,158,158,158,158,158,0.9729,195,0.9743,158,158,158,158,158,158,158
grass,lawn_150536682.jpg,grass,safe,0.9796,True,208,Solanum carolinense,208,Solanum carolinense,208,Solanum carolinense,208,Solanum carolinense,208,Solanum carolinense,208,Solanum carolinense,0.9765,True,460,Solanum carolinense,429,Persicaria hydropiper,429,Persicaria hydropiper,457,Euphorbia hypericifolia,457,Euphorbia hypericifolia,457,Euphorbia hypericifolia,208,208,208,208,208,208,0.9796,208,0.9788,460,208,208,208,208,208,208
grass,lawn_127362421.jpg,grass,safe,0.9755,True,400,Solanum carolinense,89,Euphorbia bicolor,89,Euphorbia bicolor,109,Euphorbia hypericifolia,109,Euphorbia hypericifolia,109,Euphorbia hypericifolia,0.9847,True,223,Solanum carolinense,59,Euphorbia bicolor,59,Euphorbia bicolor,194,Euphorbia hypericifolia,194,Euphorbia hypericifolia,194,Euphorbia hypericifolia,223,59,59,109,109,109,0.9755,400,0.9844,223,223,59,59,109,109,109
grass,lawn_173273463.jpg,grass,safe,0.9891,True,942,Solanum carolinense,129,Ficus pumila,129,Ficus pumila,301,Euphorbia hypericifolia,301,Euphorbia hypericifolia,301,Euphorbia hypericifolia,0.9822,True,980,Solanum carolinense,192,Ficus pumila,192,Ficus pumila,262,Euphorbia hypericifolia,262,Euphorbia hypericifolia,262,Euphorbia hypericifolia,942,129,129,262,262,262,0.9891,942,0.9831,980,942,129,129,262,262,262
grass,lawn_316745594.jpg,grass,safe,0.9832,True,165,Solanum carolinense,93,Cnidoscolus texanus,93,Cnidoscolus texanus,165,Solanum carolinense,165,Solanum carolinense,165,Solanum carolinense,0.9754,True,280,Solanum carolinense,109,Nolina texana,109,Nolina texana,280,Solanum carolinense,280,Solanum carolinense,280,Solanum carolinense,165,93,93,165,165,165,0.9832,165,0.9734,280,165,93,93,165,165,165
grass,lawn_336602143.jpg,grass,safe,0.9765,True,211,Toxicodendron pubescens,18,Apocynum cannabinum,18,Apocynum cannabinum,18,Apocynum cannabinum,18,Apocynum cannabinum,18,Apocynum cannabinum,0.9724,True,321,Toxicodendron pubescens,116,Apocynum cannabinum,116,Apocynum cannabinum,116,Apocynum cannabinum,116,Apocynum cannabinum,116,Apocynum cannabinum,211,18,18,18,18,18,0.9765,211,0.9734,321,211,18,18,18,18,18
grass,lawn_125107257.jpg,grass,safe,0.9685,True,748,Solanum carolinense,315,Cnidoscolus stimulosus,315,Cnidoscolus stimulosus,512,Ranunculus abortivus,512,Ranunculus abortivus,512,Ranunculus abortivus,0.9910,True,1024,Toxicodendron rydbergii,145,Cnidoscolus stimulosus,145,Cnidoscolus stimulosus,674,Hypericum punctatum,674,Hypericum punctatum,674,Hypericum punctatum,748,145,145,512,512,512,0.9685,748,0.9911,1024,748,145,145,512,512,512
grass,lawn_341810778.jpg,grass,safe,0.9842,True,1672,Toxicodendron rydbergii,46,Nolina texana,46,Nolina texana,1113,Apocynum cannabinum,1113,Apocynum cannabinum,1113,Apocynum cannabinum,0.9855,True,1661,Toxicodendron rydbergii,113,Clematis paniculata,113,Clematis paniculata,475,Daucus carota,475,Daucus carota,475,Daucus carota,1661,46,46,475,475,475,0.9842,1672,0.9856,1661,1661,46,46,475,475,475
grass,lawn_250873860.jpg,grass,safe,0.8900,True,1611,Toxicodendron diversilobum,72,Nolina texana,72,Nolina texana,1148,Apocynum cannabinum,1148,Apocynum cannabinum,1148,Apocynum cannabinum,0.8825,True,1130,Toxicodendron diversilobum,286,Euphorbia hypericifolia,286,Euphorbia hypericifolia,286,Euphorbia hypericifolia,286,Euphorbia hypericifolia,286,Euphorbia hypericifolia,1130,72,72,286,286,286,0.8900,1611,0.8737,1130,1130,72,72,286,286,286
grass,lawn_250390361.jpg,grass,safe,0.3871,False,912,Toxicodendron rydbergii,94,Nolina texana,94,Nolina texana,741,Apocynum cannabinum,741,Apocynum cannabinum,741,Apocynum cannabinum,0.7653,True,1084,Toxicodendron rydbergii,176,Nolina texana,176,Nolina texana,357,Apocynum cannabinum,357,Apocynum cannabinum,357,Apocynum cannabinum,1084,176,176,357,357,357,0.3871,912,0.7841,1084,1084,176,176,357,357,357
grass,lawn_368459775.jpg,grass,safe,0.9758,True,1254,Phytolacca americana,290,Arnica montana,290,Arnica montana,618,Arum italicum,618,Arum italicum,618,Arum italicum,0.9873,True,1934,Toxicodendron radicans,324,Sedum acre,324,Sedum acre,715,Tradescantia virginiana,715,Tradescantia virginiana,715,Tradescantia virginiana,1254,290,290,618,618,618,0.9758,1254,0.9876,1934,1254,290,290,618,618,618
grass,lawn_187127381.jpg,grass,safe,0.9257,True,1442,Toxicodendron diversilobum,215,Heracleum sphondylium,215,Heracleum sphondylium,786,Daucus carota,786,Daucus carota,786,Daucus carota,0.9738,True,1019,Toxicodendron diversilobum,103,Urtica dioica,103,Urtica dioica,623,Daucus carota,623,Daucus carota,623,Daucus carota,1019,103,103,623,623,623,0.9257,1442,0.9723,1019,1019,103,103,623,623,623
grass,lawn_46413391.jpg,grass,safe,0.9969,True,491,Solanum carolinense,472,Calotropis gigantea,472,Calotropis gigantea,479,Apocynum cannabinum,479,Apocynum cannabinum,479,Apocynum cannabinum,0.9976,True,656,Toxicodendron rydbergii,233,Urtica dioica,233,Urtica dioica,369,Daucus carota,369,Daucus carota,369,Daucus carota,491,233,233,369,369,369,0.9969,491,0.9977,656,491,233,233,369,369,369
grass,lawn_65731819.jpg,grass,safe,0.9927,True,441,Solanum carolinense,310,Nolina texana,310,Nolina texana,379,Apocynum cannabinum,379,Apocynum cannabinum,379,Apocynum cannabinum,0.9951,True,468,Solanum carolinense,220,Persicaria hydropiper,220,Persicaria hydropiper,468,Solanum carolinense,468,Solanum carolinense,468,Solanum carolinense,441,220,220,379,379,379,0.9927,441,0.9951,468,441,220,220,379,379,379
grass,lawn_197068291.jpg,grass,safe,0.9672,True,1821,Toxicodendron diversilobum,319,Turricula parryi,319,Turricula parryi,613,Daucus carota,613,Daucus carota,613,Daucus carota,0.9588,True,1429,Toxicodendron diversilobum,273,Heracleum sphondylium,273,Heracleum sphondylium,330,Daucus carota,330,Daucus carota,330,Daucus carota,1429,273,273,330,330,330,0.9672,1821,0.9588,1429,1429,273,273,330,330,330
grass,lawn_226635883.jpg,grass,safe,0.9623,True,426,Solanum carolinense,102,Euphorbia terracina,102,Euphorbia terracina,148,Euphorbia hypericifolia,148,Euphorbia hypericifolia,148,Euphorbia hypericifolia,0.9707,True,839,Solanum carolinense,139,Euphorbia terracina,139,Euphorbia terracina,184,Euphorbia hypericifolia,184,Euphorbia hypericifolia,184,Euphorbia hypericifolia,426,102,102,148,148,148,0.9623,426,0.9686,839,426,102,102,148,148,148
grass,lawn_103738138.jpg,grass,safe,0.9857,True,642,Toxicodendron radicans,242,Persicaria hydropiper,242,Persicaria hydropiper,516,Apocynum cannabinum,516,Apocynum cannabinum,516,Apocynum cannabinum,0.9918,True,1040,Toxicodendron radicans,177,Persicaria hydropiper,177,Persicaria hydropiper,409,Apocynum cannabinum,409,Apocynum cannabinum,409,Apocynum cannabinum,642,177,177,409,409,409,0.9857,642,0.9918,1040,642,177,177,409,409,409
grass,lawn_212637121.jpg,grass,safe,0.9585,True,1119,Phytolacca americana,94,Araujia sericifera,94,Araujia sericifera,324,Euphorbia ophthalmica,324,Euphorbia ophthalmica,324,Euphorbia ophthalmica,0.9493,True,1174,Phytolacca americana,78,Araujia sericifera,78,Araujia sericifera,295,Euphorbia ophthalmica,295,Euphorbia ophthalmica,295,Euphorbia ophthalmica,1119,78,78,295,295,295,0.9585,1119,0.9463,1174,1119,78,78,295,295,295
grass,lawn_90616877.jpg,grass,safe,0.9582,True,532,Solanum carolinense,264,Apocynum cannabinum,264,Apocynum cannabinum,264,Apocynum cannabinum,264,Apocynum cannabinum,264,Apocynum cannabinum,0.9704,True,406,Solanum carolinense,282,Solanum mauritianum,282,Solanum mauritianum,351,Euphorbia hypericifolia,351,Euphorbia hypericifolia,351,Euphorbia hypericifolia,406,264,264,264,264,264,0.9582,532,0.9701,406,406,264,264,264,264,264
plant,oak_398522729.jpg,oak,safe,0.9863,True,38,Toxicodendron pubescens,38,Toxicodendron pubescens,38,Toxicodendron pubescens,38,Toxicodendron pubescens,38,Toxicodendron pubescens,38,Toxicodendron pubescens,0.9871,True,47,Toxicodendron pubescens,47,Toxicodendron pubescens,47,Toxicodendron pubescens,47,Toxicodendron pubescens,47,Toxicodendron pubescens,47,Toxicodendron pubescens,38,38,38,38,38,38,0.9863,38,0.9871,47,38,38,38,38,38,38
plant,oak_398522443.jpg,oak,safe,0.8190,True,95,Toxicodendron vernix,95,Toxicodendron vernix,95,Toxicodendron vernix,95,Toxicodendron vernix,95,Toxicodendron vernix,95,Toxicodendron vernix,0.9025,True,489,Toxicodendron pubescens,180,Wigandia urens,180,Wigandia urens,332,Verbascum thapsus,332,Verbascum thapsus,332,Verbascum thapsus,95,95,95,95,95,95,0.8190,95,0.9014,489,95,95,95,95,95,95
plant,oak_43604874.jpg,oak,safe,0.9889,True,32,Toxicodendron pubescens,32,Toxicodendron pubescens,32,Toxicodendron pubescens,32,Toxicodendron pubescens,32,Toxicodendron pubescens,32,Toxicodendron pubescens,0.9903,True,33,Toxicodendron pubescens,33,Toxicodendron pubescens,33,Toxicodendron pubescens,33,Toxicodendron pubescens,33,Toxicodendron pubescens,33,Toxicodendron pubescens,32,32,32,32,32,32,0.9889,32,0.9904,33,32,32,32,32,32,32
plant,oak_309119391.jpg,oak,safe,0.9527,True,90,Phytolacca americana,6,Codiaeum variegatum,6,Codiaeum variegatum,90,Phytolacca americana,90,Phytolacca americana,90,Phytolacca americana,0.9711,True,30,Toxicodendron pubescens,30,Toxicodendron pubescens,30,Toxicodendron pubescens,30,Toxicodendron pubescens,30,Toxicodendron pubescens,30,Toxicodendron pubescens,30,6,6,30,30,30,0.9527,90,0.9721,30,30,6,6,30,30,30
plant,oak_53007204.jpg,oak,safe,0.9900,True,134,Toxicodendron pubescens,98,Vitis mustangensis,98,Vitis mustangensis,134,Toxicodendron pubescens,134,Toxicodendron pubescens,134,Toxicodendron pubescens,0.9740,True,107,Toxicodendron pubescens,69,Cnidoscolus texanus,69,Cnidoscolus texanus,107,Toxicodendron pubescens,107,Toxicodendron pubescens,107,Toxicodendron pubescens,107,69,69,107,107,107,0.9900,134,0.9751,107,107,69,69,107,107,107
plant,oak_318311909.jpg,oak,safe,0.7808,True,610,Toxicodendron radicans,11,Ficus pumila,11,Ficus pumila,242,Verbascum thapsus,242,Verbascum thapsus,242,Verbascum thapsus,0.8567,True,623,Toxicodendron radicans,10,Ficus pumila,10,Ficus pumila,433,Arum italicum,433,Arum italicum,433,Arum italicum,610,10,10,242,242,242,0.7808,610,0.8414,623,610,10,10,242,242,242
plant,oak_363790437.jpg,oak,safe,0.9724,True,34,Toxicodendron pubescens,34,Toxicodendron pubescens,34,Toxicodendron pubescens,34,Toxicodendron pubescens,34,Toxicodendron pubescens,34,Toxicodendron pubescens,0.9866,True,24,Toxicodendron pubescens,24,Toxicodendron pubescens,24,Toxicodendron pubescens,24,Toxicodendron pubescens,24,Toxicodendron pubescens,24,Toxicodendron pubescens,24,24,24,24,24,24,0.9724,34,0.9863,24,24,24,24,24,24,24
plant,oak_328991174.jpg,oak,safe,0.9855,True,95,Toxicodendron pubescens,95,Toxicodendron pubescens,95,Toxicodendron pubescens,95,Toxicodendron pubescens,95,Toxicodendron pubescens,95,Toxicodendron pubescens,0.9749,True,117,Toxicodendron radicans,117,Toxicodendron radicans,117,Toxicodendron radicans,117,Toxicodendron radicans,117,Toxicodendron radicans,117,Toxicodendron radicans,95,95,95,95,95,95,0.9855,95,0.9791,117,95,95,95,95,95,95
plant,oak_314494391.jpg,oak,safe,0.9728,True,33,Toxicodendron pubescens,33,Toxicodendron pubescens,33,Toxicodendron pubescens,33,Toxicodendron pubescens,33,Toxicodendron pubescens,33,Toxicodendron pubescens,0.9711,True,26,Toxicodendron pubescens,26,Toxicodendron pubescens,26,Toxicodendron pubescens,26,Toxicodendron pubescens,26,Toxicodendron pubescens,26,Toxicodendron pubescens,26,26,26,26,26,26,0.9728,33,0.9715,26,26,26,26,26,26,26
plant,oak_237720737.jpg,oak,safe,0.9914,True,44,Toxicodendron pubescens,44,Toxicodendron pubescens,44,Toxicodendron pubescens,44,Toxicodendron pubescens,44,Toxicodendron pubescens,44,Toxicodendron pubescens,0.9915,True,27,Toxicodendron pubescens,27,Toxicodendron pubescens,27,Toxicodendron pubescens,27,Toxicodendron pubescens,27,Toxicodendron pubescens,27,Toxicodendron pubescens,27,27,27,27,27,27,0.9914,44,0.9913,27,27,27,27,27,27,27
plant,pine_71622438.jpg,pine,safe,0.9293,True,715,Toxicodendron radicans,79,Schinus terebinthifolia,79,Schinus terebinthifolia,185,Ricinus communis,185,Ricinus communis,185,Ricinus communis,0.9334,True,390,Toxicodendron diversilobum,118,Ficus pumila,118,Ficus pumila,264,Ricinus communis,264,Ricinus communis,264,Ricinus communis,390,79,79,185,185,185,0.9293,715,0.9375,390,390,79,79,185,185,185
plant,pine_360502159.jpg,pine,safe,0.9904,True,720,Toxicodendron pubescens,52,Nolina texana,52,Nolina texana,476,Tradescantia virginiana,476,Tradescantia virginiana,476,Tradescantia virginiana,0.9852,True,28,Toxicodendron pubescens,28,Toxicodendron pubescens,28,Toxicodendron pubescens,28,Toxicodendron pubescens,28,Toxicodendron pubescens,28,Toxicodendron pubescens,28,28,28,28,28,28,0.9904,720,0.9856,28,28,28,28,28,28,28
plant,pine_109885814.jpg,pine,safe,0.9234,True,1084,Toxicodendron diversilobum,157,Cneoridium dumosum,157,Cneoridium dumosum,1084,Toxicodendron diversilobum,1084,Toxicodendron diversilobum,1084,Toxicodendron diversilobum,0.9449,True,955,Toxicodendron vernix,206,Cneoridium dumosum,206,Cneoridium dumosum,920,Apocynum cannabinum,920,Apocynum cannabinum,920,Apocynum cannabinum,955,157,157,920,920,920,0.9234,1084,0.9466,955,955,157,157,920,920,920
plant,pine_360501929.jpg,pine,safe,0.9836,True,1199,Toxicodendron pubescens,59,Nolina texana,59,Nolina texana,482,Ricinus communis,482,Ricinus communis,482,Ricinus communis,0.9889,True,651,Toxicodendron pubescens,9,Nolina texana,9,Nolina texana,522,Tradescantia virginiana,522,Tradescantia virginiana,522,Tradescantia virginiana,651,9,9,482,482,482,0.9836,1199,0.9879,651,651,9,9,482,482,482
plant,pine_353810852.jpg,pine,safe,0.9708,True,1607,Toxicodendron rydbergii,12,Nolina texana,12,Nolina texana,605,Ricinus communis,605,Ricinus communis,605,Ricinus communis,0.9684,True,654,Toxicodendron pubescens,56,Nolina texana,56,Nolina texana,330,Ricinus communis,330,Ricinus communis,330,Ricinus communis,654,12,12,330,330,330,0.9708,1607,0.9656,654,654,12,12,330,330,330
plant,pine_305411590.jpg,pine,safe,0.9830,True,160,Toxicodendron radicans,70,Euphorbia cyparissias,70,Euphorbia cyparissias,160,Toxicodendron radicans,160,Toxicodendron radicans,160,Toxicodendron radicans,0.9896,True,131,Toxicodendron radicans,65,Euphorbia cyparissias,65,Euphorbia cyparissias,131,Toxicodendron radicans,131,Toxicodendron radicans,131,Toxicodendron radicans,131,65,65,131,131,131,0.9830,160,0.9900,131,131,65,65,131,131,131
plant,pine_368827308.jpg,pine,safe,0.9826,True,844,Toxicodendron pubescens,109,Turricula parryi,109,Turricula parryi,288,Verbascum thapsus,288,Verbascum thapsus,288,Verbascum thapsus,0.9846,True,303,Toxicodendron pubescens,233,Verbascum thapsus,233,Verbascum thapsus,233,Verbascum thapsus,233,Verbascum thapsus,233,Verbascum thapsus,303,109,109,233,233,233,0.9826,844,0.9851,303,303,109,109,233,233,233
plant,pine_274979130.jpg,pine,safe,0.9579,True,52,Toxicodendron radicans,52,Toxicodendron radicans,52,Toxicodendron radicans,52,Toxicodendron radicans,52,Toxicodendron radicans,52,Toxicodendron radicans,0.9429,True,29,Toxicodendron radicans,29,Toxicodendron radicans,29,Toxicodendron radicans,29,Toxicodendron radicans,29,Toxicodendron radicans,29,Toxicodendron radicans,29,29,29,29,29,29,0.9579,52,0.9421,29,29,29,29,29,29,29
plant,pine_277025434.jpg,pine,safe,0.9261,True,109,Toxicodendron radicans,109,Toxicodendron radicans,109,Toxicodendron radicans,109,Toxicodendron radicans,109,Toxicodendron radicans,109,Toxicodendron radicans,0.9121,True,602,Toxicodendron diversilobum,57,Ficus pumila,57,Ficus pumila,602,Toxicodendron diversilobum,602,Toxicodendron diversilobum,602,Toxicodendron diversilobum,109,57,57,109,109,109,0.9261,109,0.9001,602,109,57,57,109,109,109
plant,pine_197008810.jpg,pine,safe,0.3774,False,738,Toxicodendron vernix,66,Schinus terebinthifolia,66,Schinus terebinthifolia,174,Ricinus communis,174,Ricinus communis,174,Ricinus communis,0.6364,True,58,Toxicodendron vernix,58,Toxicodendron vernix,58,Toxicodendron vernix,58,Toxicodendron vernix,58,Toxicodendron vernix,58,Toxicodendron vernix,58,58,58,58,58,58,0.3774,738,0.5653,58,58,58,58,58,58,58
plant,maple_185909345.jpg,maple,safe,0.9843,True,708,Phytolacca americana,7,Ricinus communis,7,Ricinus communis,7,Ricinus communis,7,Ricinus communis,7,Ricinus communis,0.9859,True,524,Toxicodendron radicans,14,Ricinus communis,14,Ricinus communis,14,Ricinus communis,14,Ricinus communis,14,Ricinus communis,524,7,7,7,7,7,0.9843,708,0.9862,524,524,7,7,7,7,7
plant,maple_354467072.jpg,maple,safe,0.9748,True,84,Toxicodendron radicans,16,Ricinus communis,16,Ricinus communis,16,Ricinus communis,16,Ricinus communis,16,Ricinus communis,0.9749,True,43,Toxicodendron radicans,43,Toxicodendron radicans,43,Toxicodendron radicans,43,Toxicodendron radicans,43,Toxicodendron radicans,43,Toxicodendron radicans,43,16,16,16,16,16,0.9748,84,0.9750,43,43,16,16,16,16,16
plant,maple_295533115.jpg,maple,safe,0.9726,True,88,Toxicodendron vernix,88,Toxicodendron vernix,88,Toxicodendron vernix,88,Toxicodendron vernix,88,Toxicodendron vernix,88,Toxicodendron vernix,0.9817,True,39,Toxicodendron radicans,39,Toxicodendron radicans,39,Toxicodendron radicans,39,Toxicodendron radicans,39,Toxicodendron radicans,39,Toxicodendron radicans,39,39,39,39,39,39,0.9726,88,0.9832,39,39,39,39,39,39,39
plant,maple_295533286.jpg,maple,safe,0.9724,True,47,Toxicodendron pubescens,47,Toxicodendron pubescens,47,Toxicodendron pubescens,47,Toxicodendron pubescens,47,Toxicodendron pubescens,47,Toxicodendron pubescens,0.9703,True,50,Toxicodendron radicans,50,Toxicodendron radicans,50,Toxicodendron radicans,50,Toxicodendron radicans,50,Toxicodendron radicans,50,Toxicodendron radicans,47,47,47,47,47,47,0.9724,47,0.9713,50,47,47,47,47,47,47
plant,maple_292509018.jpg,maple,safe,0.9865,True,69,Toxicodendron radicans,56,Ficus carica,56,Ficus carica,69,Toxicodendron radicans,69,Toxicodendron radicans,69,Toxicodendron radicans,0.9821,True,87,Toxicodendron radicans,58,Ficus carica,58,Ficus carica,69,Ricinus communis,69,Ricinus communis,69,Ricinus communis,69,56,56,69,69,69,0.9865,69,0.9815,87,69,56,56,69,69,69
plant,maple_285639441.jpg,maple,safe,0.9888,True,46,Toxicodendron radicans,46,Toxicodendron radicans,46,Toxicodendron radicans,46,Toxicodendron radicans,46,Toxicodendron radicans,46,Toxicodendron radicans,0.9938,True,53,Toxicodendron radicans,53,Toxicodendron radicans,53,Toxicodendron radicans,53,Toxicodendron radicans,53,Toxicodendron radicans,53,Toxicodendron radicans,46,46,46,46,46,46,0.9888,46,0.9938,53,46,46,46,46,46,46
plant,maple_72135812.jpg,maple,safe,0.9222,True,544,Phytolacca americana,78,Schinus terebinthifolia,78,Schinus terebinthifolia,544,Phytolacca americana,544,Phytolacca americana,544,Phytolacca americana,0.9479,True,663,Toxicodendron vernix,260,Persicaria hydropiper,260,Persicaria hydropiper,479,Apocynum cannabinum,479,Apocynum cannabinum,479,Apocynum cannabinum,544,78,78,479,479,479,0.9222,544,0.9537,663,544,78,78,479,479,479
plant,maple_74594102.jpg,maple,safe,0.9838,True,26,Toxicodendron radicans,26,Toxicodendron radicans,26,Toxicodendron radicans,26,Toxicodendron radicans,26,Toxicodendron radicans,26,Toxicodendron radicans,0.9731,True,39,Toxicodendron pubescens,39,Toxicodendron pubescens,39,Toxicodendron pubescens,39,Toxicodendron pubescens,39,Toxicodendron pubescens,39,Toxicodendron pubescens,26,26,26,26,26,26,0.9838,26,0.9676,39,26,26,26,26,26,26
plant,maple_241038100.jpg,maple,safe,0.9912,True,291,Toxicodendron radicans,39,Parthenocissus inserta,39,Parthenocissus inserta,291,Toxicodendron radicans,291,Toxicodendron radicans,291,Toxicodendron radicans,0.9861,True,58,Toxicodendron radicans,37,Laportea canadensis,37,Laportea canadensis,58,Toxicodendron radicans,58,Toxicodendron radicans,58,Toxicodendron radicans,58,37,37,58,58,58,0.9912,291,0.9864,58,58,37,37,58,58,58
plant,maple_174967757.jpg,maple,safe,0.9660,True,187,Toxicodendron rydbergii,28,Heracleum maximum,28,Heracleum maximum,187,Toxicodendron rydbergii,187,Toxicodendron rydbergii,187,Toxicodendron rydbergii,0.9884,True,76,Toxicodendron rydbergii,19,Heracleum maximum,19,Heracleum maximum,76,Toxicodendron rydbergii,76,Toxicodendron rydbergii,76,Toxicodendron rydbergii,76,19,19,76,76,76,0.9660,187,0.9877,76,76,19,19,76,76,76
plant,sweetgum_267797916.jpg,sweetgum,safe,0.9335,True,270,Toxicodendron radicans,1,Ricinus communis,1,Ricinus communis,1,Ricinus communis,1,Ricinus communis,1,Ricinus communis,0.9421,True,260,Toxicodendron radicans,13,Ricinus communis,13,Ricinus communis,13,Ricinus communis,13,Ricinus communis,13,Ricinus communis,260,1,1,1,1,1,0.9335,270,0.9501,260,260,1,1,1,1,1
plant,sweetgum_186693668.jpg,sweetgum,safe,0.9880,True,114,Phytolacca americana,25,Ficus carica,25,Ficus carica,57,Cynanchum laeve,57,Cynanchum laeve,57,Cynanchum laeve,0.9913,True,145,Toxicodendron radicans,7,Ficus carica,7,Ficus carica,22,Ricinus communis,22,Ricinus communis,22,Ricinus communis,114,7,7,22,22,22,0.9880,114,0.9909,145,114,7,7,22,22,22
plant,sweetgum_93428583.jpg,sweetgum,safe,0.9793,True,45,Toxicodendron radicans,45,Toxicodendron radicans,45,Toxicodendron radicans,45,Toxicodendron radicans,45,Toxicodendron radicans,45,Toxicodendron radicans,0.9228,True,48,Toxicodendron radicans,48,Toxicodendron radicans,48,Toxicodendron radicans,48,Toxicodendron radicans,48,Toxicodendron radicans,48,Toxicodendron radicans,45,45,45,45,45,45,0.9793,45,0.9323,48,45,45,45,45,45,45
plant,sweetgum_96329510.jpg,sweetgum,safe,0.9816,True,216,Toxicodendron radicans,33,Cynanchum laeve,33,Cynanchum laeve,33,Cynanchum laeve,33,Cynanchum laeve,33,Cynanchum laeve,0.9832,True,102,Toxicodendron radicans,83,Cnidoscolus stimulosus,83,Cnidoscolus stimulosus,102,Toxicodendron radicans,102,Toxicodendron radicans,102,Toxicodendron radicans,102,33,33,33,33,33,0.9816,216,0.9818,102,102,33,33,33,33,33
plant,sweetgum_75817784.jpg,sweetgum,safe,0.9470,True,773,Toxicodendron diversilobum,132,Euphorbia ophthalmica,132,Euphorbia ophthalmica,132,Euphorbia ophthalmica,132,Euphorbia ophthalmica,132,Euphorbia ophthalmica,0.9715,True,784,Toxicodendron radicans,2,Symplocarpus foetidus,2,Symplocarpus foetidus,87,Ricinus communis,87,Ricinus communis,87,Ricinus communis,773,2,2,87,87,87,0.9470,773,0.9727,784,773,2,2,87,87,87
plant,sweetgum_388029933.jpg,sweetgum,safe,0.7901,True,913,Toxicodendron diversilobum,5,Schinus terebinthifolia,5,Schinus terebinthifolia,655,Ricinus communis,655,Ricinus communis,655,Ricinus communis,0.7174,True,283,Toxicodendron radicans,11,Ficus pumila,11,Ficus pumila,283,Toxicodendron radicans,283,Toxicodendron radicans,283,Toxicodendron radicans,283,5,5,283,283,283,0.7901,913,0.7052,283,283,5,5,283,283,283
plant,sweetgum_162228324.jpg,sweetgum,safe,0.9330,True,129,Phytolacca americana,125,Ficus carica,125,Ficus carica,129,Phytolacca americana,129,Phytolacca americana,129,Phytolacca americana,0.9485,True,115,Toxicodendron radicans,115,Toxicodendron radicans,115,Toxicodendron radicans,115,Toxicodendron radicans,115,Toxicodendron radicans,115,Toxicodendron radicans,115,115,115,115,115,115,0.9330,129,0.9491,115,115,115,115,115,115,115
plant,sweetgum_235845659.jpg,sweetgum,safe,0.9887,True,166,Toxicodendron radicans,36,Ricinus communis,36,Ricinus communis,36,Ricinus communis,36,Ricinus communis,36,Ricinus communis,0.9929,True,114,Toxicodendron radicans,112,Ricinus communis,112,Ricinus communis,112,Ricinus communis,112,Ricinus communis,112,Ricinus communis,114,36,36,36,36,36,0.9887,166,0.9929,114,114,36,36,36,36,36
plant,sweetgum_196672785.jpg,sweetgum,safe,0.9317,True,404,Toxicodendron radicans,65,Ricinus communis,65,Ricinus communis,65,Ricinus communis,65,Ricinus communis,65,Ricinus communis,0.9524,True,242,Toxicodendron radicans,21,Ricinus communis,21,Ricinus communis,21,Ricinus communis,21,Ricinus communis,21,Ricinus communis,242,21,21,21,21,21,0.9317,404,0.9484,242,242,21,21,21,21,21
plant,sweetgum_267206868.jpg,sweetgum,safe,0.9751,True,109,Solanum carolinense,11,Marah fabacea,11,Marah fabacea,19,Ricinus communis,19,Ricinus communis,19,Ricinus communis,0.9890,True,48,Toxicodendron radicans,33,Ricinus communis,33,Ricinus communis,33,Ricinus communis,33,Ricinus communis,33,Ricinus communis,48,11,11,19,19,19,0.9751,109,0.9893,48,48,11,11,19,19,19
plant,fern_198652148.jpg,fern,safe,0.9331,True,1514,Toxicodendron diversilobum,44,Cneoridium dumosum,44,Cneoridium dumosum,350,Apocynum cannabinum,350,Apocynum cannabinum,350,Apocynum cannabinum,0.9822,True,1545,Toxicodendron radicans,85,Clematis paniculata,85,Clematis paniculata,704,Daucus carota,704,Daucus carota,704,Daucus carota,1514,44,44,350,350,350,0.9331,1514,0.9806,1545,1514,44,44,350,350,350
plant,fern_357862311.jpg,fern,safe,0.9958,True,74,Toxicodendron pubescens,42,Cnidoscolus stimulosus,42,Cnidoscolus stimulosus,74,Toxicodendron pubescens,74,Toxicodendron pubescens,74,Toxicodendron pubescens,0.9979,True,149,Toxicodendron radicans,39,Schinus terebinthifolia,39,Schinus terebinthifolia,149,Toxicodendron radicans,149,Toxicodendron radicans,149,Toxicodendron radicans,74,39,39,74,74,74,0.9958,74,0.9978,149,74,39,39,74,74,74
plant,fern_322314909.jpg,fern,safe,0.9726,True,126,Solanum carolinense,1,Syngonium podophyllum,1,Syngonium podophyllum,11,Arum italicum,11,Arum italicum,11,Arum italicum,0.9772,True,236,Solanum carolinense,36,Persicaria hydropiper,36,Persicaria hydropiper,137,Arum italicum,137,Arum italicum,137,Arum italicum,126,1,1,11,11,11,0.9726,126,0.9766,236,126,1,1,11,11,11
plant,fern_143646740.jpg,fern,safe,0.9711,True,318,Toxicodendron radicans,23,Clematis drummondii,23,Clematis drummondii,227,Euphorbia hypericifolia,227,Euphorbia hypericifolia,227,Euphorbia hypericifolia,0.9882,True,236,Toxicodendron radicans,13,Clematis drummondii,13,Clematis drummondii,236,Toxicodendron radicans,236,Toxicodendron radicans,236,Toxicodendron radicans,236,13,13,227,227,227,0.9711,318,0.9867,236,236,13,13,227,227,227
plant,fern_162459455.jpg,fern,safe,0.9984,True,441,Toxicodendron rydbergii,138,Hypericum punctatum,138,Hypericum punctatum,138,Hypericum punctatum,138,Hypericum punctatum,138,Hypericum punctatum,0.9984,True,297,Solanum carolinense,118,Hypericum punctatum,118,Hypericum punctatum,118,Hypericum punctatum,118,Hypericum punctatum,118,Hypericum punctatum,297,118,118,118,118,118,0.9984,441,0.9985,297,297,118,118,118,118,118
plant,fern_174559357.jpg,fern,safe,0.9983,True,144,Phytolacca americana,43,Apocynum cannabinum,43,Apocynum cannabinum,43,Apocynum cannabinum,43,Apocynum cannabinum,43,Apocynum cannabinum,0.9980,True,139,Toxicodendron vernix,67,Laportea canadensis,67,Laportea canadensis,139,Toxicodendron vernix,139,Toxicodendron vernix,139,Toxicodendron vernix,139,43,43,43,43,43,0.9983,144,0.9980,139,139,43,43,43,43,43
plant,fern_190724351.jpg,fern,safe,0.9866,True,1014,Toxicodendron radicans,212,Ficus pumila,212,Ficus pumila,876,Verbascum thapsus,876,Verbascum thapsus,876,Verbascum thapsus,0.9914,True,906,Toxicodendron diversilobum,230,Crassula ovata,230,Crassula ovata,906,Toxicodendron diversilobum,906,Toxicodendron diversilobum,906,Toxicodendron diversilobum,906,212,212,876,876,876,0.9866,1014,0.9924,906,906,212,212,876,876,876
plant,fern_324782570.jpg,fern,safe,0.9948,True,171,Toxicodendron radicans,100,Laportea canadensis,100,Laportea canadensis,171,Toxicodendron radicans,171,Toxicodendron radicans,171,Toxicodendron radicans,0.9974,True,127,Toxicodendron radicans,91,Solanum mauritianum,91,Solanum mauritianum,127,Toxicodendron radicans,127,Toxicodendron radicans,127,Toxicodendron radicans,127,91,91,127,127,127,0.9948,171,0.9972,127,127,91,91,127,127,127
plant,fern_113298380.jpg,fern,safe,0.9983,True,127,Solanum carolinense,109,Ranunculus abortivus,109,Ranunculus abortivus,109,Ranunculus abortivus,109,Ranunculus abortivus,109,Ranunculus abortivus,0.9978,True,163,Solanum carolinense,146,Symplocarpus foetidus,146,Symplocarpus foetidus,154,Ranunculus abortivus,154,Ranunculus abortivus,154,Ranunculus abortivus,127,109,109,109,109,109,0.9983,127,0.9978,163,127,109,109,109,109,109
plant,fern_7288531.jpg,fern,safe,0.9750,True,298,Toxicodendron radicans,39,Ficus pumila,39,Ficus pumila,298,Toxicodendron radicans,298,Toxicodendron radicans,298,Toxicodendron radicans,0.9876,True,392,Toxicodendron radicans,161,Ficus pumila,161,Ficus pumila,392,Toxicodendron radicans,392,Toxicodendron radicans,392,Toxicodendron radicans,298,39,39,298,298,298,0.9750,298,0.9873,392,298,39,39,298,298,298
plant,clover_360420143.jpg,clover,safe,0.9766,True,600,Toxicodendron diversilobum,96,Lupinus hirsutissimus,96,Lupinus hirsutissimus,600,Toxicodendron diversilobum,600,Toxicodendron diversilobum,600,Toxicodendron diversilobum,0.9818,True,468,Solanum carolinense,149,Ranunculus abortivus,149,Ranunculus abortivus,149,Ranunculus abortivus,149,Ranunculus abortivus,149,Ranunculus abortivus,468,96,96,149,149,149,0.9766,600,0.9821,468,468,96,96,149,149,149
plant,clover_116135166.jpg,clover,safe,0.9115,True,729,Solanum carolinense,106,Euphorbia cyparissias,106,Euphorbia cyparissias,107,Hypericum punctatum,107,Hypericum punctatum,107,Hypericum punctatum,0.9194,True,340,Solanum carolinense,91,Hypericum punctatum,91,Hypericum punctatum,91,Hypericum punctatum,91,Hypericum punctatum,91,Hypericum punctatum,340,91,91,91,91,91,0.9115,729,0.9155,340,340,91,91,91,91,91
plant,clover_21647604.jpg,clover,safe,0.9612,True,568,Toxicodendron pubescens,54,Fumaria officinalis,54,Fumaria officinalis,438,Hypericum punctatum,438,Hypericum punctatum,438,Hypericum punctatum,0.9621,True,496,Toxicodendron pubescens,47,Fumaria officinalis,47,Fumaria officinalis,496,Toxicodendron pubescens,496,Toxicodendron pubescens,496,Toxicodendron pubescens,496,47,47,438,438,438,0.9612,568,0.9603,496,496,47,47,438,438,438
plant,clover_148398490.jpg,clover,safe,0.9845,True,1008,Toxicodendron diversilobum,101,Lupinus hirsutissimus,101,Lupinus hirsutissimus,671,Daucus carota,671,Daucus carota,671,Daucus carota,0.9795,True,27,Toxicodendron rydbergii,27,Toxicodendron rydbergii,27,Toxicodendron rydbergii,27,Toxicodendron rydbergii,27,Toxicodendron rydbergii,27,Toxicodendron rydbergii,27,27,27,27,27,27,0.9845,1008,0.9807,27,27,27,27,27,27,27
plant,clover_166931416.jpg,clover,safe,0.9677,True,904,Toxicodendron rydbergii,245,Heracleum maximum,245,Heracleum maximum,253,Hypericum punctatum,253,Hypericum punctatum,253,Hypericum punctatum,0.9709,True,815,Toxicodendron radicans,117,Daucus carota,117,Daucus carota,117,Daucus carota,117,Daucus carota,117,Daucus carota,815,117,117,117,117,117,0.9677,904,0.9721,815,815,117,117,117,117,117
plant,clover_295532142.jpg,clover,safe,0.9710,True,621,Toxicodendron radicans,224,Fumaria officinalis,224,Fumaria officinalis,241,Daucus carota,241,Daucus carota,241,Daucus carota,0.9653,True,523,Toxicodendron radicans,129,Daucus carota,129,Daucus carota,129,Daucus carota,129,Daucus carota,129,Daucus carota,523,129,129,129,129,129,0.9710,621,0.9623,523,523,129,129,129,129,129
plant,clover_347184606.jpg,clover,safe,0.9454,True,392,Toxicodendron diversilobum,34,Lupinus hirsutissimus,34,Lupinus hirsutissimus,392,Toxicodendron diversilobum,392,Toxicodendron diversilobum,392,Toxicodendron diversilobum,0.9152,True,677,Toxicodendron diversilobum,38,Fumaria officinalis,38,Fumaria officinalis,537,Daucus carota,537,Daucus carota,537,Daucus carota,392,34,34,392,392,392,0.9454,392,0.9076,677,392,34,34,392,392,392
plant,clover_368882118.jpg,clover,safe,0.9845,True,1187,Toxicodendron pubescens,187,Euphorbia bicolor,187,Euphorbia bicolor,270,Daucus carota,270,Daucus carota,270,Daucus carota,0.9766,True,2148,Phytolacca americana,239,Euphorbia bicolor,239,Euphorbia bicolor,382,Apocynum cannabinum,382,Apocynum cannabinum,382,Apocynum cannabinum,1187,187,187,270,270,270,0.9845,1187,0.9780,2148,1187,187,187,270,270,270
plant,clover_391225110.jpg,clover,safe,0.9546,True,1427,Toxicodendron radicans,240,Fumaria officinalis,240,Fumaria officinalis,497,Daucus carota,497,Daucus carota,497,Daucus carota,0.9606,True,1141,Toxicodendron radicans,147,Fumaria officinalis,147,Fumaria officinalis,410,Daucus carota,410,Daucus carota,410,Daucus carota,1141,147,147,410,410,410,0.9546,1427,0.9568,1141,1141,147,147,410,410,410
plant,clover_270225229.jpg,clover,safe,0.9649,True,691,Solanum carolinense,235,Euphorbia hypericifolia,235,Euphorbia hypericifolia,235,Euphorbia hypericifolia,235,Euphorbia hypericifolia,235,Euphorbia hypericifolia,0.9757,True,899,Solanum carolinense,222,Euphorbia amygdaloides,222,Euphorbia amygdaloides,315,Hypericum punctatum,315,Hypericum punctatum,315,Hypericum punctatum,691,222,222,235,235,235,0.9649,691,0.9768,899,691,222,222,235,235,235
plant,dandelion_345312783.jpg,dandelion,safe,0.9816,True,709,Toxicodendron diversilobum,121,Ranunculus repens,121,Ranunculus repens,421,Ricinus communis,421,Ricinus communis,421,Ricinus communis,0.9821,True,942,Toxicodendron diversilobum,67,Ranunculus repens,67,Ranunculus repens,269,Daucus carota,269,Daucus carota,269,Daucus carota,709,67,67,269,269,269,0.9816,709,0.9816,942,709,67,67,269,269,269
plant,dandelion_21582736.jpg,dandelion,safe,0.9776,True,684,Toxicodendron diversilobum,210,Arnica montana,210,Arnica montana,569,Verbascum thapsus,569,Verbascum thapsus,569,Verbascum thapsus,0.9672,True,510,Toxicodendron radicans,31,Ficaria verna,31,Ficaria verna,332,Ranunculus abortivus,332,Ranunculus abortivus,332,Ranunculus abortivus,510,31,31,332,332,332,0.9776,684,0.9667,510,510,31,31,332,332,332
plant,dandelion_108365053.jpg,dandelion,safe,0.9605,True,1657,Solanum carolinense,34,Arnica montana,34,Arnica montana,442,Euphorbia ophthalmica,442,Euphorbia ophthalmica,442,Euphorbia ophthalmica,0.9691,True,1336,Toxicodendron pubescens,214,Euphorbia ophthalmica,214,Euphorbia ophthalmica,214,Euphorbia ophthalmica,214,Euphorbia ophthalmica,214,Euphorbia ophthalmica,1336,34,34,214,214,214,0.9605,1657,0.9645,1336,1336,34,34,214,214,214
plant,dandelion_109409921.jpg,dandelion,safe,0.9712,True,731,Solanum carolinense,22,Ranunculus repens,22,Ranunculus repens,298,Arum italicum,298,Arum italicum,298,Arum italicum,0.9692,True,383,Toxicodendron radicans,24,Ficaria verna,24,Ficaria verna,274,Arum italicum,274,Arum italicum,274,Arum italicum,383,22,22,274,274,274,0.9712,731,0.9686,383,383,22,22,274,274,274
plant,dandelion_201936576.jpg,dandelion,safe,0.9739,True,357,Solanum carolinense,74,Ranunculus repens,74,Ranunculus repens,357,Solanum carolinense,357,Solanum carolinense,357,Solanum carolinense,0.9660,True,224,Toxicodendron radicans,44,Ficaria verna,44,Ficaria verna,178,Euphorbia ophthalmica,178,Euphorbia ophthalmica,178,Euphorbia ophthalmica,224,44,44,178,178,178,0.9739,357,0.9667,224,224,44,44,178,178,178
plant,dandelion_114940138.jpg,dandelion,safe,0.9057,True,622,Toxicodendron radicans,35,Daucus carota,35,Daucus carota,35,Daucus carota,35,Daucus carota,35,Daucus carota,0.7352,True,441,Toxicodendron radicans,48,Daucus carota,48,Daucus carota,48,Daucus carota,48,Daucus carota,48,Daucus carota,441,35,35,35,35,35,0.9057,622,0.7707,441,441,35,35,35,35,35
plant,dandelion_39469049.jpg,dandelion,safe,0.9733,True,529,Toxicodendron radicans,51,Ficaria verna,51,Ficaria verna,92,Euphorbia ophthalmica,92,Euphorbia ophthalmica,92,Euphorbia ophthalmica,0.9604,True,424,Toxicodendron radicans,29,Ficaria verna,29,Ficaria verna,159,Euphorbia ophthalmica,159,Euphorbia ophthalmica,159,Euphorbia ophthalmica,424,29,29,92,92,92,0.9733,529,0.9614,424,424,29,29,92,92,92
plant,dandelion_65700688.jpg,dandelion,safe,0.9280,True,298,Solanum carolinense,75,Ficaria verna,75,Ficaria verna,276,Daucus carota,276,Daucus carota,276,Daucus carota,0.9191,True,808,Solanum carolinense,79,Ranunculus repens,79,Ranunculus repens,269,Euphorbia ophthalmica,269,Euphorbia ophthalmica,269,Euphorbia ophthalmica,298,75,75,269,269,269,0.9280,298,0.9195,808,298,75,75,269,269,269
plant,dandelion_143959013.jpg,dandelion,safe,0.8883,True,296,Solanum carolinense,62,Ficaria verna,62,Ficaria verna,144,Ranunculus abortivus,144,Ranunculus abortivus,144,Ranunculus abortivus,0.9591,True,298,Toxicodendron radicans,36,Ficaria verna,36,Ficaria verna,55,Ranunculus abortivus,55,Ranunculus abortivus,55,Ranunculus abortivus,296,36,36,55,55,55,0.8883,296,0.9583,298,296,36,36,55,55,55
plant,dandelion_96999892.jpg,dandelion,safe,0.9720,True,683,Toxicodendron radicans,33,Ranunculus repens,33,Ranunculus repens,156,Hypericum punctatum,156,Hypericum punctatum,156,Hypericum punctatum,0.9642,True,705,Toxicodendron radicans,38,Ranunculus repens,38,Ranunculus repens,118,Ranunculus abortivus,118,Ranunculus abortivus,118,Ranunculus abortivus,683,33,33,118,118,118,0.9720,683,0.9652,705,683,33,33,118,118,118
plant,moss_206167235.jpg,moss,safe,0.9888,True,1624,Toxicodendron diversilobum,197,Moneses uniflora,197,Moneses uniflora,755,Arum italicum,755,Arum italicum,755,Arum italicum,0.9952,True,1507,Toxicodendron radicans,202,Moneses uniflora,202,Moneses uniflora,982,Euphorbia ophthalmica,982,Euphorbia ophthalmica,982,Euphorbia ophthalmica,1507,197,197,755,755,755,0.9888,1624,0.9951,1507,1507,197,197,755,755,755
plant,moss_327767764.jpg,moss,safe,0.9983,True,572,Toxicodendron diversilobum,53,Sedum acre,53,Sedum acre,572,Toxicodendron diversilobum,572,Toxicodendron diversilobum,572,Toxicodendron diversilobum,0.9968,True,1299,Solanum carolinense,35,Sedum acre,35,Sedum acre,821,Euphorbia ophthalmica,821,Euphorbia ophthalmica,821,Euphorbia ophthalmica,572,35,35,572,572,572,0.9983,572,0.9970,1299,572,35,35,572,572,572
plant,moss_99283572.jpg,moss,safe,0.9860,True,1456,Phytolacca americana,38,Sedum acre,38,Sedum acre,622,Verbascum thapsus,622,Verbascum thapsus,622,Verbascum thapsus,0.9967,True,910,Toxicodendron diversilobum,83,Opuntia microdasys,83,Opuntia microdasys,910,Toxicodendron diversilobum,910,Toxicodendron diversilobum,910,Toxicodendron diversilobum,910,38,38,622,622,622,0.9860,1456,0.9970,910,910,38,38,622,622,622
plant,moss_74700272.jpg,moss,safe,0.9821,True,812,Toxicodendron diversilobum,67,Ficus pumila,67,Ficus pumila,742,Verbascum thapsus,742,Verbascum thapsus,742,Verbascum thapsus,0.9881,True,253,Toxicodendron diversilobum,69,Ficus pumila,69,Ficus pumila,253,Toxicodendron diversilobum,253,Toxicodendron diversilobum,253,Toxicodendron diversilobum,253,67,67,253,253,253,0.9821,812,0.9876,253,253,67,67,253,253,253
plant,moss_150743932.jpg,moss,safe,0.9890,True,905,Phytolacca americana,47,Sedum acre,47,Sedum acre,518,Arum italicum,518,Arum italicum,518,Arum italicum,0.9966,True,1432,Toxicodendron radicans,32,Sedum acre,32,Sedum acre,597,Ranunculus abortivus,597,Ranunculus abortivus,597,Ranunculus abortivus,905,32,32,518,518,518,0.9890,905,0.9965,1432,905,32,32,518,518,518
plant,moss_35300641.jpg,moss,safe,0.9540,True,800,Toxicodendron radicans,85,Urtica ferox,85,Urtica ferox,800,Toxicodendron radicans,800,Toxicodendron radicans,800,Toxicodendron radicans,0.9883,True,1353,Solanum carolinense,139,Urtica ferox,139,Urtica ferox,565,Euphorbia ophthalmica,565,Euphorbia ophthalmica,565,Euphorbia ophthalmica,800,85,85,565,565,565,0.9540,800,0.9839,1353,800,85,85,565,565,565
plant,moss_297775299.jpg,moss,safe,0.9903,True,419,Toxicodendron radicans,67,Sedum acre,67,Sedum acre,419,Toxicodendron radicans,419,Toxicodendron radicans,419,Toxicodendron radicans,0.9966,True,316,Toxicodendron radicans,133,Moneses uniflora,133,Moneses uniflora,316,Toxicodendron radicans,316,Toxicodendron radicans,316,Toxicodendron radicans,316,67,67,316,316,316,0.9903,419,0.9969,316,316,67,67,316,316,316
plant,moss_22263131.jpg,moss,safe,0.9909,True,575,Toxicodendron diversilobum,75,Sedum acre,75,Sedum acre,575,Toxicodendron diversilobum,575,Toxicodendron diversilobum,575,Toxicodendron diversilobum,0.9979,True,722,Toxicodendron radicans,40,Sedum acre,40,Sedum acre,722,Toxicodendron radicans,722,Toxicodendron radicans,722,Toxicodendron radicans,575,40,40,575,575,575,0.9909,575,0.9979,722,575,40,40,575,575,575
plant,moss_257263778.jpg,moss,safe,0.9968,True,455,Solanum carolinense,55,Moneses uniflora,55,Moneses uniflora,455,Solanum carolinense,455,Solanum carolinense,455,Solanum carolinense,0.9983,True,830,Solanum carolinense,28,Moneses uniflora,28,Moneses uniflora,645,Ranunculus abortivus,645,Ranunculus abortivus,645,Ranunculus abortivus,455,28,28,455,455,455,0.9968,455,0.9984,830,455,28,28,455,455,455
plant,moss_265577121.jpg,moss,safe,0.9797,True,495,Toxicodendron radicans,46,Sedum acre,46,Sedum acre,495,Toxicodendron radicans,495,Toxicodendron radicans,495,Toxicodendron radicans,0.9879,True,336,Toxicodendron rydbergii,62,Sedum acre,62,Sedum acre,336,Toxicodendron rydbergii,336,Toxicodendron rydbergii,336,Toxicodendron rydbergii,336,46,46,336,336,336,0.9797,495,0.9873,336,336,46,46,336,336,336
plant,magnolia_351718841.jpg,magnolia,safe,0.9789,True,28,Phytolacca americana,10,Plumeria rubra,10,Plumeria rubra,28,Phytolacca americana,28,Phytolacca americana,28,Phytolacca americana,0.9872,True,14,Phytolacca americana,8,Plumeria rubra,8,Plumeria rubra,14,Phytolacca americana,14,Phytolacca americana,14,Phytolacca americana,14,8,8,14,14,14,0.9789,28,0.9865,14,14,8,8,14,14,14
plant,magnolia_357301974.jpg,magnolia,safe,0.9533,True,31,Toxicodendron vernix,31,Toxicodendron vernix,31,Toxicodendron vernix,31,Toxicodendron vernix,31,Toxicodendron vernix,31,Toxicodendron vernix,0.9779,True,57,Toxicodendron vernix,57,Toxicodendron vernix,57,Toxicodendron vernix,57,Toxicodendron vernix,57,Toxicodendron vernix,57,Toxicodendron vernix,31,31,31,31,31,31,0.9533,31,0.9711,57,31,31,31,31,31,31
plant,magnolia_219012133.jpg,magnolia,safe,0.9886,True,41,Phytolacca americana,37,Plumeria rubra,37,Plumeria rubra,41,Phytolacca americana,41,Phytolacca americana,41,Phytolacca americana,0.9926,True,85,Phytolacca americana,60,Plumeria rubra,60,Plumeria rubra,85,Phytolacca americana,85,Phytolacca americana,85,Phytolacca americana,41,37,37,41,41,41,0.9887,41,0.9921,85,41,37,37,41,41,41
plant,magnolia_251177662.jpg,magnolia,safe,0.9749,True,491,Phytolacca americana,4,Nerium oleander,4,Nerium oleander,491,Phytolacca americana,491,Phytolacca americana,491,Phytolacca americana,0.9777,True,458,Phytolacca americana,7,Nerium oleander,7,Nerium oleander,127,Verbascum thapsus,127,Verbascum thapsus,127,Verbascum thapsus,458,4,4,127,127,127,0.9749,491,0.9781,458,458,4,4,127,127,127
plant,magnolia_371399763.jpg,magnolia,safe,0.9852,True,105,Phytolacca americana,2,Solanum mauritianum,2,Solanum mauritianum,11,Verbascum thapsus,11,Verbascum thapsus,11,Verbascum thapsus,0.9900,True,74,Phytolacca americana,2,Solanum mauritianum,2,Solanum mauritianum,22,Verbascum thapsus,22,Verbascum thapsus,22,Verbascum thapsus,74,2,2,11,11,11,0.9852,105,0.9891,74,74,2,2,11,11,11
plant,magnolia_60627713.jpg,magnolia,safe,0.9764,True,104,Phytolacca americana,7,Wigandia urens,7,Wigandia urens,67,Verbascum thapsus,67,Verbascum thapsus,67,Verbascum thapsus,0.9852,True,69,Phytolacca americana,25,Plumeria rubra,25,Plumeria rubra,41,Verbascum thapsus,41,Verbascum thapsus,41,Verbascum thapsus,69,7,7,41,41,41,0.9764,104,0.9851,69,69,7,7,41,41,41
plant,magnolia_60606688.jpg,magnolia,safe,0.9802,True,52,Phytolacca americana,12,Plumeria rubra,12,Plumeria rubra,46,Verbascum thapsus,46,Verbascum thapsus,46,Verbascum thapsus,0.9893,True,98,Toxicodendron vernix,34,Plumeria rubra,34,Plumeria rubra,76,Verbascum thapsus,76,Verbascum thapsus,76,Verbascum thapsus,52,12,12,46,46,46,0.9802,52,0.9893,98,52,12,12,46,46,46
plant,magnolia_164228758.jpg,magnolia,safe,0.9752,True,51,Phytolacca americana,15,Plumeria rubra,15,Plumeria rubra,51,Phytolacca americana,51,Phytolacca americana,51,Phytolacca americana,0.9670,True,65,Phytolacca americana,24,Plumeria rubra,24,Plumeria rubra,65,Phytolacca americana,65,Phytolacca americana,65,Phytolacca americana,51,15,15,51,51,51,0.9752,51,0.9670,65,51,15,15,51,51,51
plant,magnolia_118925907.jpg,magnolia,safe,0.9545,True,51,Phytolacca americana,51,Phytolacca americana,51,Phytolacca americana,51,Phytolacca americana,51,Phytolacca americana,51,Phytolacca americana,0.9862,True,120,Phytolacca americana,113,Codiaeum variegatum,113,Codiaeum variegatum,120,Phytolacca americana,120,Phytolacca americana,120,Phytolacca americana,51,51,51,51,51,51,0.9545,51,0.9865,120,51,51,51,51,51,51
plant,magnolia_80465557.jpg,magnolia,safe,0.9308,True,12,Phytolacca americana,4,Solanum mauritianum,4,Solanum mauritianum,12,Phytolacca americana,12,Phytolacca americana,12,Phytolacca americana,0.9396,True,19,Phytolacca americana,4,Plumeria rubra,4,Plumeria rubra,19,Phytolacca americana,19,Phytolacca americana,19,Phytolacca americana,12,4,4,12,12,12,0.9308,12,0.9427,19,12,4,4,12,12,12
plant,violet_272831934.jpg,violet,safe,0.9888,True,672,Toxicodendron radicans,23,Ranunculus abortivus,23,Ranunculus abortivus,23,Ranunculus abortivus,23,Ranunculus abortivus,23,Ranunculus abortivus,0.9887,True,665,Solanum carolinense,18,Ranunculus abortivus,18,Ranunculus abortivus,18,Ranunculus abortivus,18,Ranunculus abortivus,18,Ranunculus abortivus,665,18,18,18,18,18,0.9888,672,0.9887,665,665,18,18,18,18,18
plant,violet_347694786.jpg,violet,safe,0.9821,True,93,Solanum carolinense,38,Cnidoscolus stimulosus,38,Cnidoscolus stimulosus,93,Solanum carolinense,93,Solanum carolinense,93,Solanum carolinense,0.9885,True,44,Solanum carolinense,7,Cnidoscolus stimulosus,7,Cnidoscolus stimulosus,44,Solanum carolinense,44,Solanum carolinense,44,Solanum carolinense,44,7,7,44,44,44,0.9821,93,0.9887,44,44,7,7,44,44,44
plant,violet_156481315.jpg,violet,safe,0.9872,True,210,Toxicodendron pubescens,59,Cnidoscolus stimulosus,59,Cnidoscolus stimulosus,210,Toxicodendron pubescens,210,Toxicodendron pubescens,210,Toxicodendron pubescens,0.9873,True,84,Toxicodendron pubescens,26,Cnidoscolus stimulosus,26,Cnidoscolus stimulosus,84,Toxicodendron pubescens,84,Toxicodendron pubescens,84,Toxicodendron pubescens,84,26,26,84,84,84,0.9872,210,0.9877,84,84,26,26,84,84,84
plant,violet_74595584.jpg,violet,safe,0.9832,True,236,Solanum carolinense,1,Ranunculus hispidus,1,Ranunculus hispidus,7,Ranunculus abortivus,7,Ranunculus abortivus,7,Ranunculus abortivus,0.9709,True,146,Solanum carolinense,4,Ranunculus hispidus,4,Ranunculus hispidus,12,Ranunculus abortivus,12,Ranunculus abortivus,12,Ranunculus abortivus,146,1,1,7,7,7,0.9832,236,0.9725,146,146,1,1,7,7,7
plant,violet_113009335.jpg,violet,safe,0.9641,True,316,Toxicodendron rydbergii,69,Moneses uniflora,69,Moneses uniflora,145,Ranunculus abortivus,145,Ranunculus abortivus,145,Ranunculus abortivus,0.9519,True,64,Toxicodendron rydbergii,57,Moneses uniflora,57,Moneses uniflora,64,Toxicodendron rydbergii,64,Toxicodendron rydbergii,64,Toxicodendron rydbergii,64,57,57,64,64,64,0.9641,316,0.9536,64,64,57,57,64,64,64
plant,violet_109797658.jpg,violet,safe,0.9829,True,110,Toxicodendron rydbergii,52,Ranunculus hispidus,52,Ranunculus hispidus,110,Toxicodendron rydbergii,110,Toxicodendron rydbergii,110,Toxicodendron rydbergii,0.9796,True,299,Toxicodendron rydbergii,214,Ranunculus hispidus,214,Ranunculus hispidus,299,Toxicodendron rydbergii,299,Toxicodendron rydbergii,299,Toxicodendron rydbergii,110,52,52,110,110,110,0.9829,110,0.9791,299,110,52,52,110,110,110
plant,violet_153884718.jpg,violet,safe,0.9822,True,184,Solanum carolinense,12,Cnidoscolus stimulosus,12,Cnidoscolus stimulosus,176,Cynanchum laeve,176,Cynanchum laeve,176,Cynanchum laeve,0.9850,True,69,Solanum carolinense,15,Cnidoscolus stimulosus,15,Cnidoscolus stimulosus,49,Ranunculus abortivus,49,Ranunculus abortivus,49,Ranunculus abortivus,69,12,12,49,49,49,0.9822,184,0.9858,69,69,12,12,49,49,49
plant,violet_151894066.jpg,violet,safe,0.9825,True,1511,Phytolacca americana,63,Ficaria verna,63,Ficaria verna,345,Euphorbia ophthalmica,345,Euphorbia ophthalmica,345,Euphorbia ophthalmica,0.9726,True,416,Toxicodendron radicans,42,Moneses uniflora,42,Moneses uniflora,44,Ranunculus abortivus,44,Ranunculus abortivus,44,Ranunculus abortivus,416,42,42,44,44,44,0.9825,1511,0.9713,416,416,42,42,44,44,44
plant,violet_343819870.jpg,violet,safe,0.9831,True,203,Solanum carolinense,62,Ranunculus abortivus,62,Ranunculus abortivus,62,Ranunculus abortivus,62,Ranunculus abortivus,62,Ranunculus abortivus,0.9798,True,204,Solanum carolinense,50,Ranunculus abortivus,50,Ranunculus abortivus,50,Ranunculus abortivus,50,Ranunculus abortivus,50,Ranunculus abortivus,203,50,50,50,50,50,0.9831,203,0.9798,204,203,50,50,50,50,50
plant,violet_7871180.jpg,violet,safe,0.9714,True,529,Toxicodendron radicans,53,Dioscorea communis,53,Dioscorea communis,93,Ranunculus abortivus,93,Ranunculus abortivus,93,Ranunculus abortivus,0.9795,True,362,Toxicodendron radicans,87,Ranunculus abortivus,87,Ranunculus abortivus,87,Ranunculus abortivus,87,Ranunculus abortivus,87,Ranunculus abortivus,362,53,53,87,87,87,0.9714,529,0.9784,362,362,53,53,87,87,87
plant,honeysuckle_3323351.jpg,honeysuckle,safe,0.9700,True,129,Solanum carolinense,10,Araujia sericifera,10,Araujia sericifera,56,Apocynum cannabinum,56,Apocynum cannabinum,56,Apocynum cannabinum,0.9796,True,104,Solanum carolinense,5,Araujia sericifera,5,Araujia sericifera,74,Apocynum cannabinum,74,Apocynum cannabinum,74,Apocynum cannabinum,104,5,5,56,56,56,0.9700,129,0.9790,104,104,5,5,56,56,56
plant,honeysuckle_300966429.jpg,honeysuckle,safe,0.9897,True,501,Phytolacca americana,11,Ficus pumila,11,Ficus pumila,397,Apocynum cannabinum,397,Apocynum cannabinum,397,Apocynum cannabinum,0.9817,True,62,Solanum carolinense,32,Ficus pumila,32,Ficus pumila,62,Solanum carolinense,62,Solanum carolinense,62,Solanum carolinense,62,11,11,62,62,62,0.9897,501,0.9809,62,62,11,11,62,62,62
plant,honeysuckle_19540307.jpg,honeysuckle,safe,0.9842,True,262,Phytolacca americana,34,Ficus pumila,34,Ficus pumila,262,Phytolacca americana,262,Phytolacca americana,262,Phytolacca americana,0.9864,True,338,Toxicodendron radicans,45,Ficus pumila,45,Ficus pumila,338,Toxicodendron radicans,338,Toxicodendron radicans,338,Toxicodendron radicans,262,34,34,262,262,262,0.9842,262,0.9865,338,262,34,34,262,262,262
plant,honeysuckle_28400905.jpg,honeysuckle,safe,0.9783,True,1191,Phytolacca americana,11,Calotropis gigantea,11,Calotropis gigantea,567,Arum italicum,567,Arum italicum,567,Arum italicum,0.9780,True,208,Solanum carolinense,6,Araujia sericifera,6,Araujia sericifera,146,Apocynum cannabinum,146,Apocynum cannabinum,146,Apocynum cannabinum,208,6,6,146,146,146,0.9783,1191,0.9782,208,208,6,6,146,146,146
plant,honeysuckle_36945277.jpg,honeysuckle,safe,0.9763,True,518,Toxicodendron diversilobum,8,Dioscorea communis,8,Dioscorea communis,30,Cynanchum laeve,30,Cynanchum laeve,30,Cynanchum laeve,0.9851,True,371,Toxicodendron radicans,20,Araujia sericifera,20,Araujia sericifera,219,Cynanchum laeve,219,Cynanchum laeve,219,Cynanchum laeve,371,8,8,30,30,30,0.9763,518,0.9849,371,371,8,8,30,30,30
plant,honeysuckle_161677638.jpg,honeysuckle,safe,0.9662,True,58,Solanum carolinense,23,Araujia sericifera,23,Araujia sericifera,30,Apocynum cannabinum,30,Apocynum cannabinum,30,Apocynum cannabinum,0.9715,True,67,Solanum carolinense,32,Araujia sericifera,32,Araujia sericifera,33,Apocynum cannabinum,33,Apocynum cannabinum,33,Apocynum cannabinum,58,23,23,30,30,30,0.9662,58,0.9729,67,58,23,23,30,30,30
plant,honeysuckle_79931175.jpg,honeysuckle,safe,0.9746,True,108,Solanum carolinense,26,Araujia sericifera,26,Araujia sericifera,53,Apocynum cannabinum,53,Apocynum cannabinum,53,Apocynum cannabinum,0.9715,True,70,Solanum carolinense,32,Clematis drummondii,32,Clematis drummondii,34,Apocynum cannabinum,34,Apocynum cannabinum,34,Apocynum cannabinum,70,26,26,34,34,34,0.9746,108,0.9703,70,70,26,26,34,34,34
plant,honeysuckle_74726760.jpg,honeysuckle,safe,0.9866,True,6,Toxicodendron pubescens,6,Toxicodendron pubescens,6,Toxicodendron pubescens,6,Toxicodendron pubescens,6,Toxicodendron pubescens,6,Toxicodendron pubescens,0.9884,True,85,Toxicodendron pubescens,69,Hypericum punctatum,69,Hypericum punctatum,69,Hypericum punctatum,69,Hypericum punctatum,69,Hypericum punctatum,6,6,6,6,6,6,0.9866,6,0.9878,85,6,6,6,6,6,6
plant,honeysuckle_24854627.jpg,honeysuckle,safe,0.9867,True,421,Toxicodendron radicans,63,Clematis drummondii,63,Clematis drummondii,172,Cynanchum laeve,172,Cynanchum laeve,172,Cynanchum laeve,0.9885,True,582,Toxicodendron diversilobum,23,Clematis drummondii,23,Clematis drummondii,455,Apocynum cannabinum,455,Apocynum cannabinum,455,Apocynum cannabinum,421,23,23,172,172,172,0.9867,421,0.9884,582,421,23,23,172,172,172
plant,honeysuckle_345692495.jpg,honeysuckle,safe,0.9723,True,79,Toxicodendron pubescens,41,Clematis ligusticifolia,41,Clematis ligusticifolia,79,Toxicodendron pubescens,79,Toxicodendron pubescens,79,Toxicodendron pubescens,0.9664,True,18,Toxicodendron pubescens,18,Toxicodendron pubescens,18,Toxicodendron pubescens,18,Toxicodendron pubescens,18,Toxicodendron pubescens,18,Toxicodendron pubescens,18,18,18,18,18,18,0.9723,79,0.9663,18,18,18,18,18,18,18
plant,poison_ivy_187310885.jpg,poison_ivy,hazard,0.9875,True,1,Toxicodendron radicans,1,Toxicodendron radicans,1,Toxicodendron radicans,1,Toxicodendron radicans,1,Toxicodendron radicans,1,Toxicodendron radicans,0.9881,True,6,Toxicodendron rydbergii,6,Toxicodendron rydbergii,6,Toxicodendron rydbergii,6,Toxicodendron rydbergii,6,Toxicodendron rydbergii,6,Toxicodendron rydbergii,1,1,1,1,1,1,0.9875,1,0.9883,6,1,1,1,1,1,1
plant,poison_ivy_120385547.jpg,poison_ivy,hazard,0.9897,True,1,Toxicodendron rydbergii,1,Toxicodendron rydbergii,1,Toxicodendron rydbergii,1,Toxicodendron rydbergii,1,Toxicodendron rydbergii,1,Toxicodendron rydbergii,0.9911,True,1,Toxicodendron radicans,1,Toxicodendron radicans,1,Toxicodendron radicans,1,Toxicodendron radicans,1,Toxicodendron radicans,1,Toxicodendron radicans,1,1,1,1,1,1,0.9897,1,0.9908,1,1,1,1,1,1,1
plant,poison_ivy_267986184.jpg,poison_ivy,hazard,0.9099,True,370,Toxicodendron radicans,149,Nolina texana,149,Nolina texana,370,Toxicodendron radicans,370,Toxicodendron radicans,370,Toxicodendron radicans,0.9469,True,100,Toxicodendron radicans,100,Toxicodendron radicans,100,Toxicodendron radicans,100,Toxicodendron radicans,100,Toxicodendron radicans,100,Toxicodendron radicans,100,100,100,100,100,100,0.9099,370,0.9490,100,100,100,100,100,100,100
plant,poison_ivy_161804350.jpg,poison_ivy,hazard,0.9859,True,1,Toxicodendron radicans,1,Toxicodendron radicans,1,Toxicodendron radicans,1,Toxicodendron radicans,1,Toxicodendron radicans,1,Toxicodendron radicans,0.9918,True,1,Toxicodendron radicans,1,Toxicodendron radicans,1,Toxicodendron radicans,1,Toxicodendron radicans,1,Toxicodendron radicans,1,Toxicodendron radicans,1,1,1,1,1,1,0.9859,1,0.9920,1,1,1,1,1,1,1
plant,poison_ivy_177285710.jpg,poison_ivy,hazard,0.9822,True,1,Toxicodendron radicans,1,Toxicodendron radicans,1,Toxicodendron radicans,1,Toxicodendron radicans,1,Toxicodendron radicans,1,Toxicodendron radicans,0.9846,True,1,Toxicodendron radicans,1,Toxicodendron radicans,1,Toxicodendron radicans,1,Toxicodendron radicans,1,Toxicodendron radicans,1,Toxicodendron radicans,1,1,1,1,1,1,0.9822,1,0.9822,1,1,1,1,1,1,1
plant,poison_ivy_170203141.jpg,poison_ivy,hazard,0.9874,True,10,Toxicodendron vernix,10,Toxicodendron vernix,10,Toxicodendron vernix,10,Toxicodendron vernix,10,Toxicodendron vernix,10,Toxicodendron vernix,0.9916,True,1,Toxicodendron radicans,1,Toxicodendron radicans,1,Toxicodendron radicans,1,Toxicodendron radicans,1,Toxicodendron radicans,1,Toxicodendron radicans,1,1,1,1,1,1,0.9874,10,0.9913,1,1,1,1,1,1,1
plant,poison_ivy_293267010.jpg,poison_ivy,hazard,0.9674,True,31,Toxicodendron vernix,31,Toxicodendron vernix,31,Toxicodendron vernix,31,Toxicodendron vernix,31,Toxicodendron vernix,31,Toxicodendron vernix,0.9819,True,1,Toxicodendron radicans,1,Toxicodendron radicans,1,Toxicodendron radicans,1,Toxicodendron radicans,1,Toxicodendron radicans,1,Toxicodendron radicans,1,1,1,1,1,1,0.9674,31,0.9811,1,1,1,1,1,1,1
plant,poison_ivy_207844923.jpg,poison_ivy,hazard,0.9719,True,1,Toxicodendron radicans,1,Toxicodendron radicans,1,Toxicodendron radicans,1,Toxicodendron radicans,1,Toxicodendron radicans,1,Toxicodendron radicans,0.9825,True,1,Toxicodendron radicans,1,Toxicodendron radicans,1,Toxicodendron radicans,1,Toxicodendron radicans,1,Toxicodendron radicans,1,Toxicodendron radicans,1,1,1,1,1,1,0.9719,1,0.9825,1,1,1,1,1,1,1
plant,poison_ivy_13112921.jpg,poison_ivy,hazard,0.9592,True,25,Toxicodendron pubescens,25,Toxicodendron pubescens,25,Toxicodendron pubescens,25,Toxicodendron pubescens,25,Toxicodendron pubescens,25,Toxicodendron pubescens,0.9868,True,1,Toxicodendron radicans,1,Toxicodendron radicans,1,Toxicodendron radicans,1,Toxicodendron radicans,1,Toxicodendron radicans,1,Toxicodendron radicans,1,1,1,1,1,1,0.9592,25,0.9860,1,1,1,1,1,1,1
plant,poison_ivy_274901221.jpg,poison_ivy,hazard,0.9899,True,1,Toxicodendron radicans,1,Toxicodendron radicans,1,Toxicodendron radicans,1,Toxicodendron radicans,1,Toxicodendron radicans,1,Toxicodendron radicans,0.9869,True,1,Toxicodendron radicans,1,Toxicodendron radicans,1,Toxicodendron radicans,1,Toxicodendron radicans,1,Toxicodendron radicans,1,Toxicodendron radicans,1,1,1,1,1,1,0.9899,1,0.9864,1,1,1,1,1,1,1
plant,poison_oak_357861641.jpg,poison_oak,hazard,0.9903,True,1,Toxicodendron pubescens,1,Toxicodendron pubescens,1,Toxicodendron pubescens,1,Toxicodendron pubescens,1,Toxicodendron pubescens,1,Toxicodendron pubescens,0.9922,True,1,Toxicodendron pubescens,1,Toxicodendron pubescens,1,Toxicodendron pubescens,1,Toxicodendron pubescens,1,Toxicodendron pubescens,1,Toxicodendron pubescens,1,1,1,1,1,1,0.9903,1,0.9919,1,1,1,1,1,1,1
plant,poison_oak_154626076.jpg,poison_oak,hazard,0.9927,True,1,Toxicodendron radicans,1,Toxicodendron radicans,1,Toxicodendron radicans,1,Toxicodendron radicans,1,Toxicodendron radicans,1,Toxicodendron radicans,0.9941,True,1,Toxicodendron radicans,1,Toxicodendron radicans,1,Toxicodendron radicans,1,Toxicodendron radicans,1,Toxicodendron radicans,1,Toxicodendron radicans,1,1,1,1,1,1,0.9927,1,0.9938,1,1,1,1,1,1,1
plant,poison_oak_388255640.jpg,poison_oak,hazard,0.9821,True,1,Toxicodendron rydbergii,1,Toxicodendron rydbergii,1,Toxicodendron rydbergii,1,Toxicodendron rydbergii,1,Toxicodendron rydbergii,1,Toxicodendron rydbergii,0.9903,True,1,Toxicodendron rydbergii,1,Toxicodendron rydbergii,1,Toxicodendron rydbergii,1,Toxicodendron rydbergii,1,Toxicodendron rydbergii,1,Toxicodendron rydbergii,1,1,1,1,1,1,0.9821,1,0.9905,1,1,1,1,1,1,1
plant,poison_oak_27883238.jpg,poison_oak,hazard,0.9806,True,2,Toxicodendron pubescens,2,Toxicodendron pubescens,2,Toxicodendron pubescens,2,Toxicodendron pubescens,2,Toxicodendron pubescens,2,Toxicodendron pubescens,0.9805,True,1,Toxicodendron pubescens,1,Toxicodendron pubescens,1,Toxicodendron pubescens,1,Toxicodendron pubescens,1,Toxicodendron pubescens,1,Toxicodendron pubescens,1,1,1,1,1,1,0.9806,2,0.9815,1,1,1,1,1,1,1
plant,poison_oak_247037740.jpg,poison_oak,hazard,0.9885,True,1,Toxicodendron radicans,1,Toxicodendron radicans,1,Toxicodendron radicans,1,Toxicodendron radicans,1,Toxicodendron radicans,1,Toxicodendron radicans,0.9926,True,1,Toxicodendron radicans,1,Toxicodendron radicans,1,Toxicodendron radicans,1,Toxicodendron radicans,1,Toxicodendron radicans,1,Toxicodendron radicans,1,1,1,1,1,1,0.9885,1,0.9929,1,1,1,1,1,1,1
plant,poison_oak_118524258.jpg,poison_oak,hazard,0.9871,True,1,Toxicodendron radicans,1,Toxicodendron radicans,1,Toxicodendron radicans,1,Toxicodendron radicans,1,Toxicodendron radicans,1,Toxicodendron radicans,0.9883,True,1,Toxicodendron radicans,1,Toxicodendron radicans,1,Toxicodendron radicans,1,Toxicodendron radicans,1,Toxicodendron radicans,1,Toxicodendron radicans,1,1,1,1,1,1,0.9871,1,0.9877,1,1,1,1,1,1,1
plant,poison_oak_239391316.jpg,poison_oak,hazard,0.9856,True,6,Toxicodendron pubescens,6,Toxicodendron pubescens,6,Toxicodendron pubescens,6,Toxicodendron pubescens,6,Toxicodendron pubescens,6,Toxicodendron pubescens,0.9915,True,1,Toxicodendron pubescens,1,Toxicodendron pubescens,1,Toxicodendron pubescens,1,Toxicodendron pubescens,1,Toxicodendron pubescens,1,Toxicodendron pubescens,1,1,1,1,1,1,0.9856,6,0.9916,1,1,1,1,1,1,1
plant,poison_oak_98440726.jpg,poison_oak,hazard,0.9877,True,6,Toxicodendron pubescens,6,Toxicodendron pubescens,6,Toxicodendron pubescens,6,Toxicodendron pubescens,6,Toxicodendron pubescens,6,Toxicodendron pubescens,0.9756,True,4,Toxicodendron pubescens,4,Toxicodendron pubescens,4,Toxicodendron pubescens,4,Toxicodendron pubescens,4,Toxicodendron pubescens,4,Toxicodendron pubescens,4,4,4,4,4,4,0.9877,6,0.9761,4,4,4,4,4,4,4
plant,poison_oak_46634260.jpg,poison_oak,hazard,0.9939,True,1,Toxicodendron pubescens,1,Toxicodendron pubescens,1,Toxicodendron pubescens,1,Toxicodendron pubescens,1,Toxicodendron pubescens,1,Toxicodendron pubescens,0.9945,True,1,Toxicodendron radicans,1,Toxicodendron radicans,1,Toxicodendron radicans,1,Toxicodendron radicans,1,Toxicodendron radicans,1,Toxicodendron radicans,1,1,1,1,1,1,0.9939,1,0.9944,1,1,1,1,1,1,1
plant,poison_oak_14221611.jpg,poison_oak,hazard,0.9852,True,1,Toxicodendron rydbergii,1,Toxicodendron rydbergii,1,Toxicodendron rydbergii,1,Toxicodendron rydbergii,1,Toxicodendron rydbergii,1,Toxicodendron rydbergii,0.9829,True,1,Toxicodendron radicans,1,Toxicodendron radicans,1,Toxicodendron radicans,1,Toxicodendron radicans,1,Toxicodendron radicans,1,Toxicodendron radicans,1,1,1,1,1,1,0.9852,1,0.9811,1,1,1,1,1,1,1
plant,poison_sumac_387448086.jpg,poison_sumac,hazard,0.9881,True,1,Toxicodendron radicans,1,Toxicodendron radicans,1,Toxicodendron radicans,1,Toxicodendron radicans,1,Toxicodendron radicans,1,Toxicodendron radicans,0.9768,True,1,Toxicodendron radicans,1,Toxicodendron radicans,1,Toxicodendron radicans,1,Toxicodendron radicans,1,Toxicodendron radicans,1,Toxicodendron radicans,1,1,1,1,1,1,0.9881,1,0.9773,1,1,1,1,1,1,1
plant,poison_sumac_3140581.jpg,poison_sumac,hazard,0.9851,True,2,Toxicodendron vernix,1,Apocynum cannabinum,1,Apocynum cannabinum,1,Apocynum cannabinum,1,Apocynum cannabinum,1,Apocynum cannabinum,0.9877,True,1,Toxicodendron vernix,1,Toxicodendron vernix,1,Toxicodendron vernix,1,Toxicodendron vernix,1,Toxicodendron vernix,1,Toxicodendron vernix,1,1,1,1,1,1,0.9851,2,0.9876,1,1,1,1,1,1,1
plant,poison_sumac_396031193.jpg,poison_sumac,hazard,0.9881,True,49,Phytolacca americana,49,Phytolacca americana,49,Phytolacca americana,49,Phytolacca americana,49,Phytolacca americana,49,Phytolacca americana,0.9839,True,17,Toxicodendron vernix,17,Toxicodendron vernix,17,Toxicodendron vernix,17,Toxicodendron vernix,17,Toxicodendron vernix,17,Toxicodendron vernix,17,17,17,17,17,17,0.9881,49,0.9847,17,17,17,17,17,17,17
plant,poison_sumac_396810195.jpg,poison_sumac,hazard,0.9884,True,15,Toxicodendron vernix,15,Toxicodendron vernix,15,Toxicodendron vernix,15,Toxicodendron vernix,15,Toxicodendron vernix,15,Toxicodendron vernix,0.9884,True,11,Toxicodendron vernix,11,Toxicodendron vernix,11,Toxicodendron vernix,11,Toxicodendron vernix,11,Toxicodendron vernix,11,Toxicodendron vernix,11,11,11,11,11,11,0.9884,15,0.9891,11,11,11,11,11,11,11
plant,poison_sumac_397844618.jpg,poison_sumac,hazard,0.9714,True,1,Toxicodendron vernix,1,Toxicodendron vernix,1,Toxicodendron vernix,1,Toxicodendron vernix,1,Toxicodendron vernix,1,Toxicodendron vernix,0.9641,True,1,Toxicodendron vernix,1,Toxicodendron vernix,1,Toxicodendron vernix,1,Toxicodendron vernix,1,Toxicodendron vernix,1,Toxicodendron vernix,1,1,1,1,1,1,0.9714,1,0.9627,1,1,1,1,1,1,1
plant,poison_sumac_183875536.jpg,poison_sumac,hazard,0.9900,True,1,Toxicodendron vernix,1,Toxicodendron vernix,1,Toxicodendron vernix,1,Toxicodendron vernix,1,Toxicodendron vernix,1,Toxicodendron vernix,0.9847,True,1,Toxicodendron vernix,1,Toxicodendron vernix,1,Toxicodendron vernix,1,Toxicodendron vernix,1,Toxicodendron vernix,1,Toxicodendron vernix,1,1,1,1,1,1,0.9900,1,0.9847,1,1,1,1,1,1,1
plant,poison_sumac_233122366.jpg,poison_sumac,hazard,0.9859,True,1,Toxicodendron vernix,1,Toxicodendron vernix,1,Toxicodendron vernix,1,Toxicodendron vernix,1,Toxicodendron vernix,1,Toxicodendron vernix,0.9768,True,1,Toxicodendron vernix,1,Toxicodendron vernix,1,Toxicodendron vernix,1,Toxicodendron vernix,1,Toxicodendron vernix,1,Toxicodendron vernix,1,1,1,1,1,1,0.9859,1,0.9757,1,1,1,1,1,1,1
plant,poison_sumac_81163949.jpg,poison_sumac,hazard,0.9692,True,6,Toxicodendron vernix,6,Toxicodendron vernix,6,Toxicodendron vernix,6,Toxicodendron vernix,6,Toxicodendron vernix,6,Toxicodendron vernix,0.9749,True,1,Toxicodendron vernix,1,Toxicodendron vernix,1,Toxicodendron vernix,1,Toxicodendron vernix,1,Toxicodendron vernix,1,Toxicodendron vernix,1,1,1,1,1,1,0.9692,6,0.9768,1,1,1,1,1,1,1
plant,poison_sumac_241642163.jpg,poison_sumac,hazard,0.9906,True,11,Toxicodendron vernix,11,Toxicodendron vernix,11,Toxicodendron vernix,11,Toxicodendron vernix,11,Toxicodendron vernix,11,Toxicodendron vernix,0.9894,True,3,Toxicodendron vernix,3,Toxicodendron vernix,3,Toxicodendron vernix,3,Toxicodendron vernix,3,Toxicodendron vernix,3,Toxicodendron vernix,3,3,3,3,3,3,0.9906,11,0.9892,3,3,3,3,3,3,3
plant,poison_sumac_189283633.jpg,poison_sumac,hazard,0.9808,True,1,Toxicodendron vernix,1,Toxicodendron vernix,1,Toxicodendron vernix,1,Toxicodendron vernix,1,Toxicodendron vernix,1,Toxicodendron vernix,0.9829,True,1,Toxicodendron vernix,1,Toxicodendron vernix,1,Toxicodendron vernix,1,Toxicodendron vernix,1,Toxicodendron vernix,1,Toxicodendron vernix,1,1,1,1,1,1,0.9808,1,0.9826,1,1,1,1,1,1,1
plant,pokeweed_60455060.jpg,pokeweed,hazard,0.9409,True,1,Phytolacca americana,1,Phytolacca americana,1,Phytolacca americana,1,Phytolacca americana,1,Phytolacca americana,1,Phytolacca americana,0.9413,True,1,Phytolacca americana,1,Phytolacca americana,1,Phytolacca americana,1,Phytolacca americana,1,Phytolacca americana,1,Phytolacca americana,1,1,1,1,1,1,0.9409,1,0.9421,1,1,1,1,1,1,1
plant,pokeweed_230542881.jpg,pokeweed,hazard,0.9583,True,5,Phytolacca americana,5,Phytolacca americana,5,Phytolacca americana,5,Phytolacca americana,5,Phytolacca americana,5,Phytolacca americana,0.8913,True,6,Phytolacca americana,6,Phytolacca americana,6,Phytolacca americana,6,Phytolacca americana,6,Phytolacca americana,6,Phytolacca americana,5,5,5,5,5,5,0.9583,5,0.8824,6,5,5,5,5,5,5
plant,pokeweed_124308350.jpg,pokeweed,hazard,0.9690,True,1,Toxicodendron radicans,1,Toxicodendron radicans,1,Toxicodendron radicans,1,Toxicodendron radicans,1,Toxicodendron radicans,1,Toxicodendron radicans,0.9771,True,25,Toxicodendron radicans,8,Vitis mustangensis,8,Vitis mustangensis,25,Toxicodendron radicans,25,Toxicodendron radicans,25,Toxicodendron radicans,1,1,1,1,1,1,0.9690,1,0.9731,25,1,1,1,1,1,1
plant,pokeweed_348788863.jpg,pokeweed,hazard,0.9843,True,1,Phytolacca americana,1,Phytolacca americana,1,Phytolacca americana,1,Phytolacca americana,1,Phytolacca americana,1,Phytolacca americana,0.9879,True,3,Phytolacca americana,3,Phytolacca americana,3,Phytolacca americana,3,Phytolacca americana,3,Phytolacca americana,3,Phytolacca americana,1,1,1,1,1,1,0.9843,1,0.9877,3,1,1,1,1,1,1
plant,pokeweed_210262679.jpg,pokeweed,hazard,0.9865,True,1,Phytolacca americana,1,Phytolacca americana,1,Phytolacca americana,1,Phytolacca americana,1,Phytolacca americana,1,Phytolacca americana,0.9874,True,1,Phytolacca americana,1,Phytolacca americana,1,Phytolacca americana,1,Phytolacca americana,1,Phytolacca americana,1,Phytolacca americana,1,1,1,1,1,1,0.9865,1,0.9871,1,1,1,1,1,1,1
plant,pokeweed_29634110.jpg,pokeweed,hazard,0.9482,True,1,Phytolacca americana,1,Phytolacca americana,1,Phytolacca americana,1,Phytolacca americana,1,Phytolacca americana,1,Phytolacca americana,0.9769,True,1,Phytolacca americana,1,Phytolacca americana,1,Phytolacca americana,1,Phytolacca americana,1,Phytolacca americana,1,Phytolacca americana,1,1,1,1,1,1,0.9482,1,0.9717,1,1,1,1,1,1,1
plant,pokeweed_388023321.jpg,pokeweed,hazard,0.9484,True,1,Phytolacca americana,1,Phytolacca americana,1,Phytolacca americana,1,Phytolacca americana,1,Phytolacca americana,1,Phytolacca americana,0.9452,True,1,Phytolacca americana,1,Phytolacca americana,1,Phytolacca americana,1,Phytolacca americana,1,Phytolacca americana,1,Phytolacca americana,1,1,1,1,1,1,0.9484,1,0.9420,1,1,1,1,1,1,1
plant,pokeweed_157764467.jpg,pokeweed,hazard,0.9849,True,1,Phytolacca americana,1,Phytolacca americana,1,Phytolacca americana,1,Phytolacca americana,1,Phytolacca americana,1,Phytolacca americana,0.9911,True,2,Phytolacca americana,2,Phytolacca americana,2,Phytolacca americana,2,Phytolacca americana,2,Phytolacca americana,2,Phytolacca americana,1,1,1,1,1,1,0.9849,1,0.9908,2,1,1,1,1,1,1
plant,pokeweed_87058636.jpg,pokeweed,hazard,0.9618,True,1,Phytolacca americana,1,Phytolacca americana,1,Phytolacca americana,1,Phytolacca americana,1,Phytolacca americana,1,Phytolacca americana,0.9645,True,1,Phytolacca americana,1,Phytolacca americana,1,Phytolacca americana,1,Phytolacca americana,1,Phytolacca americana,1,Phytolacca americana,1,1,1,1,1,1,0.9618,1,0.9644,1,1,1,1,1,1,1
plant,pokeweed_166650461.jpg,pokeweed,hazard,0.9804,True,1,Phytolacca americana,1,Phytolacca americana,1,Phytolacca americana,1,Phytolacca americana,1,Phytolacca americana,1,Phytolacca americana,0.9875,True,1,Phytolacca americana,1,Phytolacca americana,1,Phytolacca americana,1,Phytolacca americana,1,Phytolacca americana,1,Phytolacca americana,1,1,1,1,1,1,0.9804,1,0.9871,1,1,1,1,1,1,1
plant,horsenettle_128063257.jpg,horsenettle,hazard,0.9750,True,1,Solanum carolinense,1,Solanum carolinense,1,Solanum carolinense,1,Solanum carolinense,1,Solanum carolinense,1,Solanum carolinense,0.9807,True,1,Solanum carolinense,1,Solanum carolinense,1,Solanum carolinense,1,Solanum carolinense,1,Solanum carolinense,1,Solanum carolinense,1,1,1,1,1,1,0.9750,1,0.9804,1,1,1,1,1,1,1
plant,horsenettle_265551501.jpg,horsenettle,hazard,0.9749,True,1,Solanum carolinense,1,Solanum carolinense,1,Solanum carolinense,1,Solanum carolinense,1,Solanum carolinense,1,Solanum carolinense,0.9616,True,1,Solanum carolinense,1,Solanum carolinense,1,Solanum carolinense,1,Solanum carolinense,1,Solanum carolinense,1,Solanum carolinense,1,1,1,1,1,1,0.9749,1,0.9612,1,1,1,1,1,1,1
plant,horsenettle_217820218.jpg,horsenettle,hazard,0.9883,True,8,Solanum carolinense,8,Solanum carolinense,8,Solanum carolinense,8,Solanum carolinense,8,Solanum carolinense,8,Solanum carolinense,0.9903,True,1,Solanum carolinense,1,Solanum carolinense,1,Solanum carolinense,1,Solanum carolinense,1,Solanum carolinense,1,Solanum carolinense,1,1,1,1,1,1,0.9883,8,0.9903,1,1,1,1,1,1,1
plant,horsenettle_166822583.jpg,horsenettle,hazard,0.9633,True,1,Solanum carolinense,1,Solanum carolinense,1,Solanum carolinense,1,Solanum carolinense,1,Solanum carolinense,1,Solanum carolinense,0.9848,True,1,Solanum carolinense,1,Solanum carolinense,1,Solanum carolinense,1,Solanum carolinense,1,Solanum carolinense,1,Solanum carolinense,1,1,1,1,1,1,0.9633,1,0.9841,1,1,1,1,1,1,1
plant,horsenettle_7378512.jpg,horsenettle,hazard,0.9532,True,5,Solanum carolinense,5,Solanum carolinense,5,Solanum carolinense,5,Solanum carolinense,5,Solanum carolinense,5,Solanum carolinense,0.9580,True,7,Solanum carolinense,7,Solanum carolinense,7,Solanum carolinense,7,Solanum carolinense,7,Solanum carolinense,7,Solanum carolinense,5,5,5,5,5,5,0.9532,5,0.9572,7,5,5,5,5,5,5
plant,horsenettle_294427611.jpg,horsenettle,hazard,0.9341,True,1,Solanum carolinense,1,Solanum carolinense,1,Solanum carolinense,1,Solanum carolinense,1,Solanum carolinense,1,Solanum carolinense,0.9429,True,1,Solanum carolinense,1,Solanum carolinense,1,Solanum carolinense,1,Solanum carolinense,1,Solanum carolinense,1,Solanum carolinense,1,1,1,1,1,1,0.9341,1,0.9461,1,1,1,1,1,1,1
plant,horsenettle_127279141.jpg,horsenettle,hazard,0.9726,True,1,Solanum carolinense,1,Solanum carolinense,1,Solanum carolinense,1,Solanum carolinense,1,Solanum carolinense,1,Solanum carolinense,0.9678,True,1,Solanum carolinense,1,Solanum carolinense,1,Solanum carolinense,1,Solanum carolinense,1,Solanum carolinense,1,Solanum carolinense,1,1,1,1,1,1,0.9726,1,0.9677,1,1,1,1,1,1,1
plant,horsenettle_317558499.jpg,horsenettle,hazard,0.9742,True,2,Solanum carolinense,2,Solanum carolinense,2,Solanum carolinense,2,Solanum carolinense,2,Solanum carolinense,2,Solanum carolinense,0.9599,True,1,Solanum carolinense,1,Solanum carolinense,1,Solanum carolinense,1,Solanum carolinense,1,Solanum carolinense,1,Solanum carolinense,1,1,1,1,1,1,0.9742,2,0.9630,1,1,1,1,1,1,1
plant,horsenettle_363487826.jpg,horsenettle,hazard,0.9751,True,67,Solanum carolinense,26,Pulsatilla occidentalis,26,Pulsatilla occidentalis,67,Solanum carolinense,67,Solanum carolinense,67,Solanum carolinense,0.9586,True,1,Solanum carolinense,1,Solanum carolinense,1,Solanum carolinense,1,Solanum carolinense,1,Solanum carolinense,1,Solanum carolinense,1,1,1,1,1,1,0.9751,67,0.9574,1,1,1,1,1,1,1
plant,horsenettle_298443769.jpg,horsenettle,hazard,0.9665,True,2,Solanum carolinense,2,Solanum carolinense,2,Solanum carolinense,2,Solanum carolinense,2,Solanum carolinense,2,Solanum carolinense,0.9347,True,60,Toxicodendron diversilobum,40,Marah fabacea,40,Marah fabacea,60,Toxicodendron diversilobum,60,Toxicodendron diversilobum,60,Toxicodendron diversilobum,2,2,2,2,2,2,0.9665,2,0.9432,60,2,2,2,2,2,2
non-plant,np_dog_26592914.jpg,non-plant,safe,0.0443,False,892,Toxicodendron radicans,30,Plumeria rubra,30,Plumeria rubra,186,Ricinus communis,186,Ricinus communis,186,Ricinus communis,0.0152,False,1292,Toxicodendron rydbergii,21,Ficus pumila,21,Ficus pumila,384,Ricinus communis,384,Ricinus communis,384,Ricinus communis,1000000000,1000000000,1000000000,1000000000,1000000000,1000000000,0.0443,892,0.0162,1292,1000000000,1000000000,1000000000,1000000000,1000000000,1000000000
non-plant,np_dog_38582289.jpg,non-plant,safe,0.0158,False,1515,Toxicodendron diversilobum,46,Plumeria rubra,46,Plumeria rubra,205,Ricinus communis,205,Ricinus communis,205,Ricinus communis,0.0270,False,1269,Toxicodendron diversilobum,81,Ficus pumila,81,Ficus pumila,1078,Ricinus communis,1078,Ricinus communis,1078,Ricinus communis,1000000000,1000000000,1000000000,1000000000,1000000000,1000000000,0.0158,1515,0.0269,1269,1000000000,1000000000,1000000000,1000000000,1000000000,1000000000
non-plant,np_cat_68608952.jpg,non-plant,safe,0.1015,False,1414,Toxicodendron vernix,21,Nolina texana,21,Nolina texana,431,Verbascum thapsus,431,Verbascum thapsus,431,Verbascum thapsus,0.1635,False,541,Toxicodendron vernix,30,Calotropis gigantea,30,Calotropis gigantea,184,Cynanchum laeve,184,Cynanchum laeve,184,Cynanchum laeve,1000000000,1000000000,1000000000,1000000000,1000000000,1000000000,0.1015,1414,0.1613,541,1000000000,1000000000,1000000000,1000000000,1000000000,1000000000
non-plant,np_cat_12676003.jpg,non-plant,safe,0.1268,False,588,Toxicodendron rydbergii,53,Nolina texana,53,Nolina texana,243,Verbascum thapsus,243,Verbascum thapsus,243,Verbascum thapsus,0.1417,False,773,Toxicodendron rydbergii,47,Nolina texana,47,Nolina texana,562,Verbascum thapsus,562,Verbascum thapsus,562,Verbascum thapsus,1000000000,1000000000,1000000000,1000000000,1000000000,1000000000,0.1268,588,0.1504,773,1000000000,1000000000,1000000000,1000000000,1000000000,1000000000
non-plant,np_cat_83442815.jpg,non-plant,safe,0.3259,False,1138,Phytolacca americana,21,Monstera deliciosa,21,Monstera deliciosa,48,Ricinus communis,48,Ricinus communis,48,Ricinus communis,0.2626,False,1338,Phytolacca americana,4,Monstera deliciosa,4,Monstera deliciosa,302,Euphorbia hypericifolia,302,Euphorbia hypericifolia,302,Euphorbia hypericifolia,1000000000,1000000000,1000000000,1000000000,1000000000,1000000000,0.3259,1138,0.2641,1338,1000000000,1000000000,1000000000,1000000000,1000000000,1000000000
non-plant,np_cat_21376945.jpg,non-plant,safe,0.0136,False,114,Phytolacca americana,13,Ficus pumila,13,Ficus pumila,114,Phytolacca americana,114,Phytolacca americana,114,Phytolacca americana,0.0156,False,1049,Toxicodendron pubescens,10,Ficus pumila,10,Ficus pumila,188,Euphorbia hypericifolia,188,Euphorbia hypericifolia,188,Euphorbia hypericifolia,1000000000,1000000000,1000000000,1000000000,1000000000,1000000000,0.0136,114,0.0128,1049,1000000000,1000000000,1000000000,1000000000,1000000000,1000000000
non-plant,np_bicycle_143875268.jpg,non-plant,safe,0.0784,False,546,Toxicodendron radicans,62,Opuntia microdasys,62,Opuntia microdasys,546,Toxicodendron radicans,546,Toxicodendron radicans,546,Toxicodendron radicans,0.0256,False,290,Toxicodendron radicans,93,Apocynum cannabinum,93,Apocynum cannabinum,93,Apocynum cannabinum,93,Apocynum cannabinum,93,Apocynum cannabinum,1000000000,1000000000,1000000000,1000000000,1000000000,1000000000,0.0784,546,0.0266,290,1000000000,1000000000,1000000000,1000000000,1000000000,1000000000
non-plant,np_bicycle_163920035.jpg,non-plant,safe,0.0478,False,1184,Phytolacca americana,33,Plumeria rubra,33,Plumeria rubra,311,Ricinus communis,311,Ricinus communis,311,Ricinus communis,0.0289,False,963,Toxicodendron vernix,22,Plumeria rubra,22,Plumeria rubra,324,Ricinus communis,324,Ricinus communis,324,Ricinus communis,1000000000,1000000000,1000000000,1000000000,1000000000,1000000000,0.0478,1184,0.0302,963,1000000000,1000000000,1000000000,1000000000,1000000000,1000000000
non-plant,np_toy_truck_61338016.jpg,non-plant,safe,0.0257,False,907,Toxicodendron rydbergii,466,Tradescantia virginiana,466,Tradescantia virginiana,466,Tradescantia virginiana,466,Tradescantia virginiana,466,Tradescantia virginiana,0.0171,False,1272,Toxicodendron rydbergii,222,Opuntia microdasys,222,Opuntia microdasys,755,Euphorbia hypericifolia,755,Euphorbia hypericifolia,755,Euphorbia hypericifolia,1000000000,1000000000,1000000000,1000000000,1000000000,1000000000,0.0257,907,0.0170,1272,1000000000,1000000000,1000000000,1000000000,1000000000,1000000000
non-plant,np_playground_61722244.jpg,non-plant,safe,0.0327,False,312,Phytolacca americana,13,Crassula ovata,13,Crassula ovata,189,Euphorbia hypericifolia,189,Euphorbia hypericifolia,189,Euphorbia hypericifolia,0.1104,False,331,Phytolacca americana,30,Solanum mauritianum,30,Solanum mauritianum,113,Ricinus communis,113,Ricinus communis,113,Ricinus communis,1000000000,1000000000,1000000000,1000000000,1000000000,1000000000,0.0327,312,0.1012,331,1000000000,1000000000,1000000000,1000000000,1000000000,1000000000
mixed,np_playground_198553608.jpg,mixed,safe,0.0699,False,793,Toxicodendron radicans,15,Schinus terebinthifolia,15,Schinus terebinthifolia,115,Euphorbia hypericifolia,115,Euphorbia hypericifolia,115,Euphorbia hypericifolia,0.1207,False,450,Toxicodendron pubescens,36,Ficus pumila,36,Ficus pumila,49,Euphorbia ophthalmica,49,Euphorbia ophthalmica,49,Euphorbia ophthalmica,1000000000,1000000000,1000000000,1000000000,1000000000,1000000000,0.0699,793,0.1123,450,1000000000,1000000000,1000000000,1000000000,1000000000,1000000000
mixed,np_playground_102609390.jpg,mixed,safe,0.4428,False,682,Phytolacca americana,52,Schinus terebinthifolia,52,Schinus terebinthifolia,85,Euphorbia hypericifolia,85,Euphorbia hypericifolia,85,Euphorbia hypericifolia,0.2929,False,1101,Phytolacca americana,36,Solanum mauritianum,36,Solanum mauritianum,254,Ricinus communis,254,Ricinus communis,254,Ricinus communis,1000000000,1000000000,1000000000,1000000000,1000000000,1000000000,0.4428,682,0.2516,1101,1000000000,1000000000,1000000000,1000000000,1000000000,1000000000
non-plant,np_car_25211371.jpg,non-plant,safe,0.0164,False,1030,Toxicodendron radicans,12,Ficus pumila,12,Ficus pumila,355,Euphorbia ophthalmica,355,Euphorbia ophthalmica,355,Euphorbia ophthalmica,0.0121,False,521,Toxicodendron radicans,4,Ficus pumila,4,Ficus pumila,137,Euphorbia ophthalmica,137,Euphorbia ophthalmica,137,Euphorbia ophthalmica,1000000000,1000000000,1000000000,1000000000,1000000000,1000000000,0.0164,1030,0.0130,521,1000000000,1000000000,1000000000,1000000000,1000000000,1000000000
non-plant,np_pickup_truck_114984589.jpg,non-plant,safe,0.0096,False,515,Phytolacca americana,36,Nerium oleander,36,Nerium oleander,515,Phytolacca americana,515,Phytolacca americana,515,Phytolacca americana,0.0145,False,57,Phytolacca americana,39,Ficus pumila,39,Ficus pumila,57,Phytolacca americana,57,Phytolacca americana,57,Phytolacca americana,1000000000,1000000000,1000000000,1000000000,1000000000,1000000000,0.0096,515,0.0178,57,1000000000,1000000000,1000000000,1000000000,1000000000,1000000000
non-plant,np_pickup_truck_176165368.jpg,non-plant,safe,0.0394,False,1569,Solanum carolinense,9,Solanum mauritianum,9,Solanum mauritianum,99,Euphorbia hypericifolia,99,Euphorbia hypericifolia,99,Euphorbia hypericifolia,0.0653,False,1181,Toxicodendron pubescens,7,Crassula ovata,7,Crassula ovata,19,Euphorbia hypericifolia,19,Euphorbia hypericifolia,19,Euphorbia hypericifolia,1000000000,1000000000,1000000000,1000000000,1000000000,1000000000,0.0394,1569,0.0664,1181,1000000000,1000000000,1000000000,1000000000,1000000000,1000000000
non-plant,np_pickup_truck_169044612.jpg,non-plant,safe,0.0482,False,1297,Toxicodendron radicans,34,Solanum mauritianum,34,Solanum mauritianum,126,Verbascum thapsus,126,Verbascum thapsus,126,Verbascum thapsus,0.0104,False,854,Toxicodendron rydbergii,31,Solanum mauritianum,31,Solanum mauritianum,97,Verbascum thapsus,97,Verbascum thapsus,97,Verbascum thapsus,1000000000,1000000000,1000000000,1000000000,1000000000,1000000000,0.0482,1297,0.0104,854,1000000000,1000000000,1000000000,1000000000,1000000000,1000000000
non-plant,np_house_exterior_24012965.jpg,non-plant,safe,0.0430,False,778,Solanum carolinense,71,Araujia sericifera,71,Araujia sericifera,139,Euphorbia hypericifolia,139,Euphorbia hypericifolia,139,Euphorbia hypericifolia,0.0295,False,701,Phytolacca americana,4,Epipremnum aureum,4,Epipremnum aureum,87,Euphorbia hypericifolia,87,Euphorbia hypericifolia,87,Euphorbia hypericifolia,1000000000,1000000000,1000000000,1000000000,1000000000,1000000000,0.0430,778,0.0299,701,1000000000,1000000000,1000000000,1000000000,1000000000,1000000000
non-plant,np_soil_117265761.jpg,non-plant,safe,0.8532,True,1009,Toxicodendron diversilobum,89,Ficus pumila,89,Ficus pumila,484,Euphorbia ophthalmica,484,Euphorbia ophthalmica,484,Euphorbia ophthalmica,0.9317,True,579,Phytolacca americana,8,Ficus pumila,8,Ficus pumila,27,Euphorbia ophthalmica,27,Euphorbia ophthalmica,27,Euphorbia ophthalmica,579,8,8,27,27,27,0.8532,1009,0.9288,579,579,8,8,27,27,27
mixed,np_soil_117751523.jpg,mixed,safe,0.2142,False,1623,Phytolacca americana,17,Solanum mauritianum,17,Solanum mauritianum,199,Arum italicum,199,Arum italicum,199,Arum italicum,0.3036,False,1566,Toxicodendron diversilobum,7,Solanum mauritianum,7,Solanum mauritianum,329,Ricinus communis,329,Ricinus communis,329,Ricinus communis,1000000000,1000000000,1000000000,1000000000,1000000000,1000000000,0.2142,1623,0.3026,1566,1000000000,1000000000,1000000000,1000000000,1000000000,1000000000
non-plant,np_soil_152128849.jpg,non-plant,safe,0.1412,False,933,Toxicodendron diversilobum,210,Lupinus hirsutissimus,210,Lupinus hirsutissimus,676,Apocynum cannabinum,676,Apocynum cannabinum,676,Apocynum cannabinum,0.1034,False,612,Toxicodendron diversilobum,214,Eucnide urens,214,Eucnide urens,440,Ricinus communis,440,Ricinus communis,440,Ricinus communis,1000000000,1000000000,1000000000,1000000000,1000000000,1000000000,0.1413,933,0.1245,612,1000000000,1000000000,1000000000,1000000000,1000000000,1000000000
non-plant,np_sidewalk_24351238.jpg,non-plant,safe,0.0128,False,1705,Toxicodendron rydbergii,14,Ficus pumila,14,Ficus pumila,133,Euphorbia hypericifolia,133,Euphorbia hypericifolia,133,Euphorbia hypericifolia,0.0902,False,302,Toxicodendron rydbergii,58,Ficus pumila,58,Ficus pumila,60,Cynanchum laeve,60,Cynanchum laeve,60,Cynanchum laeve,1000000000,1000000000,1000000000,1000000000,1000000000,1000000000,0.0128,1705,0.0880,302,1000000000,1000000000,1000000000,1000000000,1000000000,1000000000
non-plant,np_sidewalk_79356991.jpg,non-plant,safe,0.5277,True,449,Toxicodendron diversilobum,124,Marah fabacea,124,Marah fabacea,449,Toxicodendron diversilobum,449,Toxicodendron diversilobum,449,Toxicodendron diversilobum,0.6089,True,860,Toxicodendron radicans,65,Sedum acre,65,Sedum acre,253,Euphorbia ophthalmica,253,Euphorbia ophthalmica,253,Euphorbia ophthalmica,449,65,65,253,253,253,0.5277,449,0.5636,860,449,65,65,253,253,253
non-plant,np_child_253058.jpg,non-plant,safe,0.0343,False,398,Toxicodendron vernix,151,Cynanchum laeve,151,Cynanchum laeve,151,Cynanchum laeve,151,Cynanchum laeve,151,Cynanchum laeve,0.0353,False,1944,Phytolacca americana,61,Epipremnum aureum,61,Epipremnum aureum,175,Ricinus communis,175,Ricinus communis,175,Ricinus communis,1000000000,1000000000,1000000000,1000000000,1000000000,1000000000,0.0343,398,0.0351,1944,1000000000,1000000000,1000000000,1000000000,1000000000,1000000000
non-plant,np_child_4394235.jpg,non-plant,safe,0.1292,False,656,Phytolacca americana,30,Schinus terebinthifolia,30,Schinus terebinthifolia,201,Ricinus communis,201,Ricinus communis,201,Ricinus communis,0.1522,False,660,Toxicodendron radicans,271,Nolina texana,271,Nolina texana,415,Daucus carota,415,Daucus carota,415,Daucus carota,1000000000,1000000000,1000000000,1000000000,1000000000,1000000000,0.1292,656,0.1567,660,1000000000,1000000000,1000000000,1000000000,1000000000,1000000000
non-plant,np_child_57853964.jpg,non-plant,safe,0.0536,False,1387,Toxicodendron diversilobum,36,Calotropis gigantea,36,Calotropis gigantea,142,Ricinus communis,142,Ricinus communis,142,Ricinus communis,0.0565,False,1330,Toxicodendron diversilobum,36,Syngonium podophyllum,36,Syngonium podophyllum,186,Arum italicum,186,Arum italicum,186,Arum italicum,1000000000,1000000000,1000000000,1000000000,1000000000,1000000000,0.0536,1387,0.0525,1330,1000000000,1000000000,1000000000,1000000000,1000000000,1000000000
non-plant,np_person_walking_71203996.jpg,non-plant,safe,0.0123,False,434,Toxicodendron radicans,21,Plumeria rubra,21,Plumeria rubra,434,Toxicodendron radicans,434,Toxicodendron radicans,434,Toxicodendron radicans,0.0124,False,1652,Toxicodendron radicans,37,Ficus pumila,37,Ficus pumila,477,Ricinus communis,477,Ricinus communis,477,Ricinus communis,1000000000,1000000000,1000000000,1000000000,1000000000,1000000000,0.0123,434,0.0139,1652,1000000000,1000000000,1000000000,1000000000,1000000000,1000000000
non-plant,np_person_walking_128639416.jpg,non-plant,safe,0.0624,False,397,Toxicodendron diversilobum,3,Pulsatilla occidentalis,3,Pulsatilla occidentalis,62,Daucus carota,62,Daucus carota,62,Daucus carota,0.0620,False,1621,Toxicodendron diversilobum,22,Monstera deliciosa,22,Monstera deliciosa,74,Ricinus communis,74,Ricinus communis,74,Ricinus communis,1000000000,1000000000,1000000000,1000000000,1000000000,1000000000,0.0624,397,0.0593,1621,1000000000,1000000000,1000000000,1000000000,1000000000,1000000000
non-plant,np_person_walking_96580873.jpg,non-plant,safe,0.0180,False,1938,Phytolacca americana,232,Crassula ovata,232,Crassula ovata,742,Euphorbia hypericifolia,742,Euphorbia hypericifolia,742,Euphorbia hypericifolia,0.0410,False,1394,Toxicodendron rydbergii,91,Plumeria rubra,91,Plumeria rubra,171,Verbascum thapsus,171,Verbascum thapsus,171,Verbascum thapsus,1000000000,1000000000,1000000000,1000000000,1000000000,1000000000,0.0180,1938,0.0465,1394,1000000000,1000000000,1000000000,1000000000,1000000000,1000000000
non-plant,np_person_walking_7925442.jpg,non-plant,safe,0.0396,False,682,Solanum carolinense,20,Wigandia urens,20,Wigandia urens,144,Tradescantia virginiana,144,Tradescantia virginiana,144,Tradescantia virginiana,0.1643,False,698,Solanum carolinense,15,Wigandia urens,15,Wigandia urens,53,Tradescantia virginiana,53,Tradescantia virginiana,53,Tradescantia virginiana,1000000000,1000000000,1000000000,1000000000,1000000000,1000000000,0.0396,682,0.1516,698,1000000000,1000000000,1000000000,1000000000,1000000000,1000000000
non-plant,np_sneakers_156796419.jpg,non-plant,safe,0.0405,False,253,Toxicodendron rydbergii,82,Euphorbia bicolor,82,Euphorbia bicolor,253,Toxicodendron rydbergii,253,Toxicodendron rydbergii,253,Toxicodendron rydbergii,0.0459,False,447,Toxicodendron rydbergii,447,Toxicodendron rydbergii,447,Toxicodendron rydbergii,447,Toxicodendron rydbergii,447,Toxicodendron rydbergii,447,Toxicodendron rydbergii,1000000000,1000000000,1000000000,1000000000,1000000000,1000000000,0.0405,253,0.0455,447,1000000000,1000000000,1000000000,1000000000,1000000000,1000000000
non-plant,np_sneakers_148795318.jpg,non-plant,safe,0.0841,False,416,Toxicodendron radicans,134,Ficus pumila,134,Ficus pumila,416,Toxicodendron radicans,416,Toxicodendron radicans,416,Toxicodendron radicans,0.0869,False,77,Phytolacca americana,77,Phytolacca americana,77,Phytolacca americana,77,Phytolacca americana,77,Phytolacca americana,77,Phytolacca americana,1000000000,1000000000,1000000000,1000000000,1000000000,1000000000,0.0841,416,0.0833,77,1000000000,1000000000,1000000000,1000000000,1000000000,1000000000
non-plant,np_sneakers_142107090.jpg,non-plant,safe,0.2089,False,936,Toxicodendron vernix,149,Symplocarpus foetidus,149,Symplocarpus foetidus,228,Apocynum cannabinum,228,Apocynum cannabinum,228,Apocynum cannabinum,0.1864,False,1565,Toxicodendron rydbergii,38,Euphorbia bicolor,38,Euphorbia bicolor,375,Apocynum cannabinum,375,Apocynum cannabinum,375,Apocynum cannabinum,1000000000,1000000000,1000000000,1000000000,1000000000,1000000000,0.2089,936,0.1976,1565,1000000000,1000000000,1000000000,1000000000,1000000000,1000000000
non-plant,np_sneakers_154322715.jpg,non-plant,safe,0.0425,False,592,Toxicodendron vernix,109,Schinus terebinthifolia,109,Schinus terebinthifolia,112,Ricinus communis,112,Ricinus communis,112,Ricinus communis,0.0980,False,1360,Toxicodendron rydbergii,97,Euphorbia hypericifolia,97,Euphorbia hypericifolia,97,Euphorbia hypericifolia,97,Euphorbia hypericifolia,97,Euphorbia hypericifolia,1000000000,1000000000,1000000000,1000000000,1000000000,1000000000,0.0425,592,0.1033,1360,1000000000,1000000000,1000000000,1000000000,1000000000,1000000000
non-plant,np_soccer_ball_154708470.jpg,non-plant,safe,0.0570,False,997,Toxicodendron rydbergii,204,Euphorbia bicolor,204,Euphorbia bicolor,810,Apocynum cannabinum,810,Apocynum cannabinum,810,Apocynum cannabinum,0.0696,False,720,Toxicodendron rydbergii,477,Euphorbia bicolor,477,Euphorbia bicolor,720,Toxicodendron rydbergii,720,Toxicodendron rydbergii,720,Toxicodendron rydbergii,1000000000,1000000000,1000000000,1000000000,1000000000,1000000000,0.0570,997,0.0696,720,1000000000,1000000000,1000000000,1000000000,1000000000,1000000000
mixed,np_soccer_ball_176654613.jpg,mixed,safe,0.0185,False,512,Toxicodendron radicans,31,Plumeria rubra,31,Plumeria rubra,386,Apocynum cannabinum,386,Apocynum cannabinum,386,Apocynum cannabinum,0.0719,False,687,Toxicodendron radicans,23,Plumeria rubra,23,Plumeria rubra,475,Arum italicum,475,Arum italicum,475,Arum italicum,1000000000,1000000000,1000000000,1000000000,1000000000,1000000000,0.0185,512,0.0719,687,1000000000,1000000000,1000000000,1000000000,1000000000,1000000000
non-plant,np_soccer_ball_154708472.jpg,non-plant,safe,0.0888,False,920,Toxicodendron radicans,249,Euphorbia bicolor,249,Euphorbia bicolor,526,Apocynum cannabinum,526,Apocynum cannabinum,526,Apocynum cannabinum,0.0907,False,1228,Toxicodendron rydbergii,558,Daucus carota,558,Daucus carota,558,Daucus carota,558,Daucus carota,558,Daucus carota,1000000000,1000000000,1000000000,1000000000,1000000000,1000000000,0.0888,920,0.0909,1228,1000000000,1000000000,1000000000,1000000000,1000000000,1000000000
mixed,np_soccer_ball_80307817.jpg,mixed,safe,0.1369,False,635,Phytolacca americana,8,Monstera deliciosa,8,Monstera deliciosa,74,Euphorbia hypericifolia,74,Euphorbia hypericifolia,74,Euphorbia hypericifolia,0.3085,False,711,Phytolacca americana,8,Plumeria rubra,8,Plumeria rubra,108,Euphorbia hypericifolia,108,Euphorbia hypericifolia,108,Euphorbia hypericifolia,1000000000,1000000000,1000000000,1000000000,1000000000,1000000000,0.1369,635,0.3253,711,1000000000,1000000000,1000000000,1000000000,1000000000,1000000000
non-plant,np_trampoline_144617482.jpg,non-plant,safe,0.0665,False,1822,Solanum carolinense,108,Verbascum thapsus,108,Verbascum thapsus,108,Verbascum thapsus,108,Verbascum thapsus,108,Verbascum thapsus,0.0591,False,2866,Toxicodendron diversilobum,322,Turricula parryi,322,Turricula parryi,558,Euphorbia hypericifolia,558,Euphorbia hypericifolia,558,Euphorbia hypericifolia,1000000000,1000000000,1000000000,1000000000,1000000000,1000000000,0.0665,1822,0.0642,2866,1000000000,1000000000,1000000000,1000000000,1000000000,1000000000
non-plant,np_trampoline_151824670.jpg,non-plant,safe,0.0785,False,531,Toxicodendron vernix,180,Ranunculus sceleratus,180,Ranunculus sceleratus,314,Euphorbia hypericifolia,314,Euphorbia hypericifolia,314,Euphorbia hypericifolia,0.1066,False,1466,Solanum carolinense,171,Ranunculus sceleratus,171,Ranunculus sceleratus,200,Euphorbia hypericifolia,200,Euphorbia hypericifolia,200,Euphorbia hypericifolia,1000000000,1000000000,1000000000,1000000000,1000000000,1000000000,0.0785,531,0.1082,1466,1000000000,1000000000,1000000000,1000000000,1000000000,1000000000
mixed,np_trampoline_183886.jpg,mixed,safe,0.1248,False,1000,Phytolacca americana,9,Ficus pumila,9,Ficus pumila,364,Ricinus communis,364,Ricinus communis,364,Ricinus communis,0.1651,False,1502,Phytolacca americana,86,Solanum mauritianum,86,Solanum mauritianum,714,Ricinus communis,714,Ricinus communis,714,Ricinus communis,1000000000,1000000000,1000000000,1000000000,1000000000,1000000000,0.1248,1000,0.1685,1502,1000000000,1000000000,1000000000,1000000000,1000000000,1000000000
mixed,np_trampoline_189691419.jpg,mixed,safe,0.4762,False,858,Phytolacca americana,16,Ficus pumila,16,Ficus pumila,155,Ricinus communis,155,Ricinus communis,155,Ricinus communis,0.5523,True,378,Phytolacca americana,5,Ficus pumila,5,Ficus pumila,155,Ricinus communis,155,Ricinus communis,155,Ricinus communis,378,5,5,155,155,155,0.4762,858,0.5331,378,378,5,5,155,155,155
non-plant,np_wooden_fence_167255829.jpg,non-plant,safe,0.5392,True,376,Toxicodendron radicans,108,Ficus pumila,108,Ficus pumila,376,Toxicodendron radicans,376,Toxicodendron radicans,376,Toxicodendron radicans,0.1560,False,522,Toxicodendron diversilobum,49,Ficus pumila,49,Ficus pumila,280,Ricinus communis,280,Ricinus communis,280,Ricinus communis,376,108,108,376,376,376,0.5392,376,0.1547,522,376,108,108,376,376,376
mixed,np_wooden_fence_175393497.jpg,mixed,safe,0.0908,False,1208,Toxicodendron radicans,59,Nerium oleander,59,Nerium oleander,134,Ricinus communis,134,Ricinus communis,134,Ricinus communis,0.2369,False,1289,Toxicodendron radicans,40,Schinus terebinthifolia,40,Schinus terebinthifolia,616,Euphorbia hypericifolia,616,Euphorbia hypericifolia,616,Euphorbia hypericifolia,1000000000,1000000000,1000000000,1000000000,1000000000,1000000000,0.0908,1208,0.2273,1289,1000000000,1000000000,1000000000,1000000000,1000000000,1000000000
mixed,np_mailbox_23132189.jpg,mixed,safe,0.2750,False,513,Toxicodendron diversilobum,10,Crassula ovata,10,Crassula ovata,79,Euphorbia hypericifolia,79,Euphorbia hypericifolia,79,Euphorbia hypericifolia,0.3808,False,1242,Toxicodendron diversilobum,96,Crassula ovata,96,Crassula ovata,489,Euphorbia hypericifolia,489,Euphorbia hypericifolia,489,Euphorbia hypericifolia,1000000000,1000000000,1000000000,1000000000,1000000000,1000000000,0.2750,513,0.3729,1242,1000000000,1000000000,1000000000,1000000000,1000000000,1000000000
non-plant,np_mailbox_82804144.jpg,non-plant,safe,0.0248,False,1292,Toxicodendron pubescens,33,Ficus pumila,33,Ficus pumila,377,Euphorbia hypericifolia,377,Euphorbia hypericifolia,377,Euphorbia hypericifolia,0.0516,False,1804,Toxicodendron diversilobum,26,Clematis paniculata,26,Clematis paniculata,446,Euphorbia hypericifolia,446,Euphorbia hypericifolia,446,Euphorbia hypericifolia,1000000000,1000000000,1000000000,1000000000,1000000000,1000000000,0.0248,1292,0.0513,1804,1000000000,1000000000,1000000000,1000000000,1000000000,1000000000
non-plant,np_mailbox_82804158.jpg,non-plant,safe,0.0230,False,1421,Solanum carolinense,52,Euphorbia bicolor,52,Euphorbia bicolor,207,Euphorbia hypericifolia,207,Euphorbia hypericifolia,207,Euphorbia hypericifolia,0.0465,False,1335,Toxicodendron diversilobum,45,Nerium oleander,45,Nerium oleander,255,Euphorbia hypericifolia,255,Euphorbia hypericifolia,255,Euphorbia hypericifolia,1000000000,1000000000,1000000000,1000000000,1000000000,1000000000,0.0230,1421,0.0433,1335,1000000000,1000000000,1000000000,1000000000,1000000000,1000000000
mixed,np_garden_hose_856264.jpg,mixed,safe,0.6655,True,2546,Phytolacca americana,170,Persicaria hydropiper,170,Persicaria hydropiper,416,Tradescantia virginiana,416,Tradescantia virginiana,416,Tradescantia virginiana,0.5696,True,2615,Toxicodendron rydbergii,161,Ranunculus sceleratus,161,Ranunculus sceleratus,972,Tradescantia virginiana,972,Tradescantia virginiana,972,Tradescantia virginiana,2546,161,161,416,416,416,0.6655,2546,0.5797,2615,2546,161,161,416,416,416
non-plant,np_garden_hose_51440858.jpg,non-plant,safe,0.1864,False,1427,Toxicodendron radicans,65,Epipremnum aureum,65,Epipremnum aureum,445,Euphorbia hypericifolia,445,Euphorbia hypericifolia,445,Euphorbia hypericifolia,0.2434,False,437,Toxicodendron diversilobum,83,Schinus terebinthifolia,83,Schinus terebinthifolia,288,Euphorbia hypericifolia,288,Euphorbia hypericifolia,288,Euphorbia hypericifolia,1000000000,1000000000,1000000000,1000000000,1000000000,1000000000,0.1864,1427,0.2088,437,1000000000,1000000000,1000000000,1000000000,1000000000,1000000000
mixed,np_park_bench_159101229.jpg,mixed,safe,0.0539,False,869,Toxicodendron vernix,82,Caltha palustris,82,Caltha palustris,165,Verbascum thapsus,165,Verbascum thapsus,165,Verbascum thapsus,0.0954,False,795,Toxicodendron rydbergii,181,Heracleum sosnowskyi,181,Heracleum sosnowskyi,315,Verbascum thapsus,315,Verbascum thapsus,315,Verbascum thapsus,1000000000,1000000000,1000000000,1000000000,1000000000,1000000000,0.0539,869,0.0902,795,1000000000,1000000000,1000000000,1000000000,1000000000,1000000000
non-plant,np_rocks_51402336.jpg,non-plant,safe,0.1359,False,1344,Toxicodendron rydbergii,160,Calotropis gigantea,160,Calotropis gigantea,313,Apocynum cannabinum,313,Apocynum cannabinum,313,Apocynum cannabinum,0.0829,False,1751,Toxicodendron rydbergii,40,Nolina texana,40,Nolina texana,498,Apocynum cannabinum,498,Apocynum cannabinum,498,Apocynum cannabinum,1000000000,1000000000,1000000000,1000000000,1000000000,1000000000,0.1359,1344,0.0911,1751,1000000000,1000000000,1000000000,1000000000,1000000000,1000000000
non-plant,np_rocks_53950578.jpg,non-plant,safe,0.1359,False,1671,Toxicodendron diversilobum,90,Phacelia sericea,90,Phacelia sericea,110,Verbascum thapsus,110,Verbascum thapsus,110,Verbascum thapsus,0.2303,False,1310,Toxicodendron diversilobum,37,Eucnide urens,37,Eucnide urens,675,Verbascum thapsus,675,Verbascum thapsus,675,Verbascum thapsus,1000000000,1000000000,1000000000,1000000000,1000000000,1000000000,0.1359,1671,0.2526,1310,1000000000,1000000000,1000000000,1000000000,1000000000,1000000000
non-plant,np_brick_wall_28818900.jpg,non-plant,safe,0.0710,False,739,Toxicodendron pubescens,8,Nolina texana,8,Nolina texana,403,Euphorbia hypericifolia,403,Euphorbia hypericifolia,403,Euphorbia hypericifolia,0.0821,False,1994,Toxicodendron pubescens,41,Nolina texana,41,Nolina texana,187,Euphorbia hypericifolia,187,Euphorbia hypericifolia,187,Euphorbia hypericifolia,1000000000,1000000000,1000000000,1000000000,1000000000,1000000000,0.0710,739,0.0827,1994,1000000000,1000000000,1000000000,1000000000,1000000000,1000000000
non-plant,np_brick_wall_117737596.jpg,non-plant,safe,0.0722,False,1781,Phytolacca americana,16,Opuntia microdasys,16,Opuntia microdasys,154,Verbascum thapsus,154,Verbascum thapsus,154,Verbascum thapsus,0.0722,False,1166,Toxicodendron pubescens,30,Ficus pumila,30,Ficus pumila,191,Ricinus communis,191,Ricinus communis,191,Ricinus communis,1000000000,1000000000,1000000000,1000000000,1000000000,1000000000,0.0722,1781,0.0787,1166,1000000000,1000000000,1000000000,1000000000,1000000000,1000000000
non-plant,np_television_109987635.jpg,non-plant,safe,0.0207,False,445,Toxicodendron rydbergii,160,Araujia sericifera,160,Araujia sericifera,181,Verbascum thapsus,181,Verbascum thapsus,181,Verbascum thapsus,0.0269,False,1110,Toxicodendron rydbergii,71,Crassula ovata,71,Crassula ovata,414,Euphorbia hypericifolia,414,Euphorbia hypericifolia,414,Euphorbia hypericifolia,1000000000,1000000000,1000000000,1000000000,1000000000,1000000000,0.0207,445,0.0280,1110,1000000000,1000000000,1000000000,1000000000,1000000000,1000000000
non-plant,np_television_52802305.jpg,non-plant,safe,0.0127,False,1205,Toxicodendron pubescens,65,Monstera deliciosa,65,Monstera deliciosa,1019,Ricinus communis,1019,Ricinus communis,1019,Ricinus communis,0.0129,False,249,Toxicodendron vernix,88,Plumeria rubra,88,Plumeria rubra,249,Toxicodendron vernix,249,Toxicodendron vernix,249,Toxicodendron vernix,1000000000,1000000000,1000000000,1000000000,1000000000,1000000000,0.0127,1205,0.0142,249,1000000000,1000000000,1000000000,1000000000,1000000000,1000000000
non-plant,np_television_43906515.jpg,non-plant,safe,0.0023,False,2108,Phytolacca americana,22,Crassula ovata,22,Crassula ovata,473,Euphorbia hypericifolia,473,Euphorbia hypericifolia,473,Euphorbia hypericifolia,0.0030,False,1983,Toxicodendron pubescens,5,Crassula ovata,5,Crassula ovata,232,Euphorbia hypericifolia,232,Euphorbia hypericifolia,232,Euphorbia hypericifolia,1000000000,1000000000,1000000000,1000000000,1000000000,1000000000,0.0023,2108,0.0032,1983,1000000000,1000000000,1000000000,1000000000,1000000000,1000000000
non-plant,np_smartphone_119015398.jpg,non-plant,safe,0.0032,False,138,Toxicodendron radicans,79,Apocynum cannabinum,79,Apocynum cannabinum,79,Apocynum cannabinum,79,Apocynum cannabinum,79,Apocynum cannabinum,0.0027,False,1572,Toxicodendron diversilobum,191,Cneoridium dumosum,191,Cneoridium dumosum,469,Euphorbia hypericifolia,469,Euphorbia hypericifolia,469,Euphorbia hypericifolia,1000000000,1000000000,1000000000,1000000000,1000000000,1000000000,0.0032,138,0.0027,1572,1000000000,1000000000,1000000000,1000000000,1000000000,1000000000
non-plant,np_smartphone_116899833.jpg,non-plant,safe,0.1184,False,733,Toxicodendron diversilobum,29,Schinus terebinthifolia,29,Schinus terebinthifolia,124,Euphorbia hypericifolia,124,Euphorbia hypericifolia,124,Euphorbia hypericifolia,0.1206,False,1419,Toxicodendron diversilobum,132,Clematis paniculata,132,Clematis paniculata,391,Euphorbia ophthalmica,391,Euphorbia ophthalmica,391,Euphorbia ophthalmica,1000000000,1000000000,1000000000,1000000000,1000000000,1000000000,0.1184,733,0.1278,1419,1000000000,1000000000,1000000000,1000000000,1000000000,1000000000
non-plant,np_smartphone_196609173.jpg,non-plant,safe,0.0661,False,171,Toxicodendron pubescens,10,Schinus terebinthifolia,10,Schinus terebinthifolia,23,Euphorbia hypericifolia,23,Euphorbia hypericifolia,23,Euphorbia hypericifolia,0.0904,False,102,Toxicodendron radicans,25,Schinus terebinthifolia,25,Schinus terebinthifolia,69,Euphorbia hypericifolia,69,Euphorbia hypericifolia,69,Euphorbia hypericifolia,1000000000,1000000000,1000000000,1000000000,1000000000,1000000000,0.0661,171,0.0795,102,1000000000,1000000000,1000000000,1000000000,1000000000,1000000000
mixed,np_brick_wall_105538175.jpg,mixed,safe,0.8882,True,532,Phytolacca americana,56,Schinus terebinthifolia,56,Schinus terebinthifolia,186,Ricinus communis,186,Ricinus communis,186,Ricinus communis,0.9606,True,803,Phytolacca americana,129,Solanum mauritianum,129,Solanum mauritianum,488,Ricinus communis,488,Ricinus communis,488,Ricinus communis,532,56,56,186,186,186,0.8882,532,0.9583,803,532,56,56,186,186,186
mixed,np_brick_wall_105538174.jpg,mixed,safe,0.9975,True,657,Phytolacca americana,141,Urtica dioica,141,Urtica dioica,657,Phytolacca americana,657,Phytolacca americana,657,Phytolacca americana,0.9876,True,1018,Toxicodendron radicans,132,Solanum mauritianum,132,Solanum mauritianum,590,Euphorbia ophthalmica,590,Euphorbia ophthalmica,590,Euphorbia ophthalmica,657,132,132,590,590,590,0.9975,657,0.9876,1018,657,132,132,590,590,590
