photo,species,toxic,variant,margin,top1,top1_toxic,best_blocker,gap,hazard_warn,pass_any_target,passing_targets,pass_own_target
Conoclinium_coelestinum_0.jpg,Conoclinium coelestinum,False,A,0.000000,Conoclinium coelestinum,False,,inf,False,True,Conoclinium coelestinum,True
Conoclinium_coelestinum_0.jpg,Conoclinium coelestinum,False,C,0.000000,Conoclinium coelestinum,False,Ageratina altissima,0.178098,False,True,Conoclinium coelestinum,True
Conoclinium_coelestinum_0.jpg,Conoclinium coelestinum,False,C-m0.01,0.010000,Conoclinium coelestinum,False,Ageratina altissima,0.178098,False,True,Conoclinium coelestinum,True
Conoclinium_coelestinum_0.jpg,Conoclinium coelestinum,False,C-m0.02,0.020000,Conoclinium coelestinum,False,Ageratina altissima,0.178098,False,True,Conoclinium coelestinum,True
Conoclinium_coelestinum_0.jpg,Conoclinium coelestinum,False,C-m0.03,0.030000,Conoclinium coelestinum,False,Ageratina altissima,0.178098,False,True,Conoclinium coelestinum,True
Conoclinium_coelestinum_0.jpg,Conoclinium coelestinum,False,C-m0.04,0.040000,Conoclinium coelestinum,False,Ageratina altissima,0.178098,False,True,Conoclinium coelestinum,True
Conoclinium_coelestinum_0.jpg,Conoclinium coelestinum,False,C-m0.048,0.048000,Conoclinium coelestinum,False,Ageratina altissima,0.178098,False,True,Conoclinium coelestinum,True
Conoclinium_coelestinum_0.jpg,Conoclinium coelestinum,False,C-m0.05,0.050000,Conoclinium coelestinum,False,Ageratina altissima,0.178098,False,True,Conoclinium coelestinum,True
Conoclinium_coelestinum_0.jpg,Conoclinium coelestinum,False,C-m0.06,0.060000,Conoclinium coelestinum,False,Ageratina altissima,0.178098,False,True,Conoclinium coelestinum,True
Conoclinium_coelestinum_0.jpg,Conoclinium coelestinum,False,C-m0.08,0.080000,Conoclinium coelestinum,False,Ageratina altissima,0.178098,False,True,Conoclinium coelestinum,True
Conoclinium_coelestinum_0.jpg,Conoclinium coelestinum,False,C-m0.1,0.100000,Conoclinium coelestinum,False,Ageratina altissima,0.178098,False,True,Conoclinium coelestinum,True
Conoclinium_coelestinum_0.jpg,Conoclinium coelestinum,False,C-m*raw,0.047722,Conoclinium coelestinum,False,Ageratina altissima,0.178098,False,True,Conoclinium coelestinum,True
Conoclinium_coelestinum_0.jpg,Conoclinium coelestinum,False,C-m*hazard,0.047722,Conoclinium coelestinum,False,Ageratina altissima,0.178098,False,True,Conoclinium coelestinum,True
Conoclinium_coelestinum_1.jpg,Conoclinium coelestinum,False,A,0.000000,Conoclinium coelestinum,False,,inf,False,True,Conoclinium coelestinum,True
Conoclinium_coelestinum_1.jpg,Conoclinium coelestinum,False,C,0.000000,Conoclinium coelestinum,False,Ageratina altissima,0.014458,False,True,Conoclinium coelestinum,True
Conoclinium_coelestinum_1.jpg,Conoclinium coelestinum,False,C-m0.01,0.010000,Conoclinium coelestinum,False,Ageratina altissima,0.014458,False,True,Conoclinium coelestinum,True
Conoclinium_coelestinum_1.jpg,Conoclinium coelestinum,False,C-m0.02,0.020000,Conoclinium coelestinum,False,Ageratina altissima,0.014458,False,False,,False
Conoclinium_coelestinum_1.jpg,Conoclinium coelestinum,False,C-m0.03,0.030000,Conoclinium coelestinum,False,Ageratina altissima,0.014458,False,False,,False
Conoclinium_coelestinum_1.jpg,Conoclinium coelestinum,False,C-m0.04,0.040000,Conoclinium coelestinum,False,Ageratina altissima,0.014458,False,False,,False
Conoclinium_coelestinum_1.jpg,Conoclinium coelestinum,False,C-m0.048,0.048000,Conoclinium coelestinum,False,Ageratina altissima,0.014458,False,False,,False
Conoclinium_coelestinum_1.jpg,Conoclinium coelestinum,False,C-m0.05,0.050000,Conoclinium coelestinum,False,Ageratina altissima,0.014458,False,False,,False
Conoclinium_coelestinum_1.jpg,Conoclinium coelestinum,False,C-m0.06,0.060000,Conoclinium coelestinum,False,Ageratina altissima,0.014458,False,False,,False
Conoclinium_coelestinum_1.jpg,Conoclinium coelestinum,False,C-m0.08,0.080000,Conoclinium coelestinum,False,Ageratina altissima,0.014458,False,False,,False
Conoclinium_coelestinum_1.jpg,Conoclinium coelestinum,False,C-m0.1,0.100000,Conoclinium coelestinum,False,Ageratina altissima,0.014458,False,False,,False
Conoclinium_coelestinum_1.jpg,Conoclinium coelestinum,False,C-m*raw,0.047722,Conoclinium coelestinum,False,Ageratina altissima,0.014458,False,False,,False
Conoclinium_coelestinum_1.jpg,Conoclinium coelestinum,False,C-m*hazard,0.047722,Conoclinium coelestinum,False,Ageratina altissima,0.014458,False,False,,False
Conoclinium_coelestinum_2.jpg,Conoclinium coelestinum,False,A,0.000000,Conoclinium coelestinum,False,,inf,False,True,Conoclinium coelestinum,True
Conoclinium_coelestinum_2.jpg,Conoclinium coelestinum,False,C,0.000000,Verbena rigida,True,Verbena rigida,0.000000,False,False,,False
Conoclinium_coelestinum_2.jpg,Conoclinium coelestinum,False,C-m0.01,0.010000,Verbena rigida,True,Verbena rigida,0.000000,False,False,,False
Conoclinium_coelestinum_2.jpg,Conoclinium coelestinum,False,C-m0.02,0.020000,Verbena rigida,True,Verbena rigida,0.000000,False,False,,False
Conoclinium_coelestinum_2.jpg,Conoclinium coelestinum,False,C-m0.03,0.030000,Verbena rigida,True,Verbena rigida,0.000000,False,False,,False
Conoclinium_coelestinum_2.jpg,Conoclinium coelestinum,False,C-m0.04,0.040000,Verbena rigida,True,Verbena rigida,0.000000,False,False,,False
Conoclinium_coelestinum_2.jpg,Conoclinium coelestinum,False,C-m0.048,0.048000,Verbena rigida,True,Verbena rigida,0.000000,False,False,,False
Conoclinium_coelestinum_2.jpg,Conoclinium coelestinum,False,C-m0.05,0.050000,Verbena rigida,True,Verbena rigida,0.000000,False,False,,False
Conoclinium_coelestinum_2.jpg,Conoclinium coelestinum,False,C-m0.06,0.060000,Verbena rigida,True,Verbena rigida,0.000000,False,False,,False
Conoclinium_coelestinum_2.jpg,Conoclinium coelestinum,False,C-m0.08,0.080000,Verbena rigida,True,Verbena rigida,0.000000,False,False,,False
Conoclinium_coelestinum_2.jpg,Conoclinium coelestinum,False,C-m0.1,0.100000,Verbena rigida,True,Verbena rigida,0.000000,False,False,,False
Conoclinium_coelestinum_2.jpg,Conoclinium coelestinum,False,C-m*raw,0.047722,Verbena rigida,True,Verbena rigida,0.000000,False,False,,False
Conoclinium_coelestinum_2.jpg,Conoclinium coelestinum,False,C-m*hazard,0.047722,Verbena rigida,True,Verbena rigida,0.000000,False,False,,False
Callicarpa_americana_0.jpg,Callicarpa americana,False,A,0.000000,Callicarpa americana,False,,inf,False,True,Callicarpa americana,True
Callicarpa_americana_0.jpg,Callicarpa americana,False,C,0.000000,Callicarpa americana,False,Viburnum rhytidophyllum,0.154388,False,True,Callicarpa americana,True
Callicarpa_americana_0.jpg,Callicarpa americana,False,C-m0.01,0.010000,Callicarpa americana,False,Viburnum rhytidophyllum,0.154388,False,True,Callicarpa americana,True
Callicarpa_americana_0.jpg,Callicarpa americana,False,C-m0.02,0.020000,Callicarpa americana,False,Viburnum rhytidophyllum,0.154388,False,True,Callicarpa americana,True
Callicarpa_americana_0.jpg,Callicarpa americana,False,C-m0.03,0.030000,Callicarpa americana,False,Viburnum rhytidophyllum,0.154388,False,True,Callicarpa americana,True
Callicarpa_americana_0.jpg,Callicarpa americana,False,C-m0.04,0.040000,Callicarpa americana,False,Viburnum rhytidophyllum,0.154388,False,True,Callicarpa americana,True
Callicarpa_americana_0.jpg,Callicarpa americana,False,C-m0.048,0.048000,Callicarpa americana,False,Viburnum rhytidophyllum,0.154388,False,True,Callicarpa americana,True
Callicarpa_americana_0.jpg,Callicarpa americana,False,C-m0.05,0.050000,Callicarpa americana,False,Viburnum rhytidophyllum,0.154388,False,True,Callicarpa americana,True
Callicarpa_americana_0.jpg,Callicarpa americana,False,C-m0.06,0.060000,Callicarpa americana,False,Viburnum rhytidophyllum,0.154388,False,True,Callicarpa americana,True
Callicarpa_americana_0.jpg,Callicarpa americana,False,C-m0.08,0.080000,Callicarpa americana,False,Viburnum rhytidophyllum,0.154388,False,True,Callicarpa americana,True
Callicarpa_americana_0.jpg,Callicarpa americana,False,C-m0.1,0.100000,Callicarpa americana,False,Viburnum rhytidophyllum,0.154388,False,True,Callicarpa americana,True
Callicarpa_americana_0.jpg,Callicarpa americana,False,C-m*raw,0.047722,Callicarpa americana,False,Viburnum rhytidophyllum,0.154388,False,True,Callicarpa americana,True
Callicarpa_americana_0.jpg,Callicarpa americana,False,C-m*hazard,0.047722,Callicarpa americana,False,Viburnum rhytidophyllum,0.154388,False,True,Callicarpa americana,True
Callicarpa_americana_1.jpg,Callicarpa americana,False,A,0.000000,Callicarpa americana,False,,inf,False,True,Callicarpa americana,True
Callicarpa_americana_1.jpg,Callicarpa americana,False,C,0.000000,Callicarpa americana,False,Ilex glabra,0.201502,False,True,Callicarpa americana,True
Callicarpa_americana_1.jpg,Callicarpa americana,False,C-m0.01,0.010000,Callicarpa americana,False,Ilex glabra,0.201502,False,True,Callicarpa americana,True
Callicarpa_americana_1.jpg,Callicarpa americana,False,C-m0.02,0.020000,Callicarpa americana,False,Ilex glabra,0.201502,False,True,Callicarpa americana,True
Callicarpa_americana_1.jpg,Callicarpa americana,False,C-m0.03,0.030000,Callicarpa americana,False,Ilex glabra,0.201502,False,True,Callicarpa americana,True
Callicarpa_americana_1.jpg,Callicarpa americana,False,C-m0.04,0.040000,Callicarpa americana,False,Ilex glabra,0.201502,False,True,Callicarpa americana,True
Callicarpa_americana_1.jpg,Callicarpa americana,False,C-m0.048,0.048000,Callicarpa americana,False,Ilex glabra,0.201502,False,True,Callicarpa americana,True
Callicarpa_americana_1.jpg,Callicarpa americana,False,C-m0.05,0.050000,Callicarpa americana,False,Ilex glabra,0.201502,False,True,Callicarpa americana,True
Callicarpa_americana_1.jpg,Callicarpa americana,False,C-m0.06,0.060000,Callicarpa americana,False,Ilex glabra,0.201502,False,True,Callicarpa americana,True
Callicarpa_americana_1.jpg,Callicarpa americana,False,C-m0.08,0.080000,Callicarpa americana,False,Ilex glabra,0.201502,False,True,Callicarpa americana,True
Callicarpa_americana_1.jpg,Callicarpa americana,False,C-m0.1,0.100000,Callicarpa americana,False,Ilex glabra,0.201502,False,True,Callicarpa americana,True
Callicarpa_americana_1.jpg,Callicarpa americana,False,C-m*raw,0.047722,Callicarpa americana,False,Ilex glabra,0.201502,False,True,Callicarpa americana,True
Callicarpa_americana_1.jpg,Callicarpa americana,False,C-m*hazard,0.047722,Callicarpa americana,False,Ilex glabra,0.201502,False,True,Callicarpa americana,True
Callicarpa_americana_2.jpg,Callicarpa americana,False,A,0.000000,Callicarpa americana,False,,inf,False,True,Callicarpa americana,True
Callicarpa_americana_2.jpg,Callicarpa americana,False,C,0.000000,Callicarpa americana,False,Lantana camara,0.103729,False,True,Callicarpa americana,True
Callicarpa_americana_2.jpg,Callicarpa americana,False,C-m0.01,0.010000,Callicarpa americana,False,Lantana camara,0.103729,False,True,Callicarpa americana,True
Callicarpa_americana_2.jpg,Callicarpa americana,False,C-m0.02,0.020000,Callicarpa americana,False,Lantana camara,0.103729,False,True,Callicarpa americana,True
Callicarpa_americana_2.jpg,Callicarpa americana,False,C-m0.03,0.030000,Callicarpa americana,False,Lantana camara,0.103729,False,True,Callicarpa americana,True
Callicarpa_americana_2.jpg,Callicarpa americana,False,C-m0.04,0.040000,Callicarpa americana,False,Lantana camara,0.103729,False,True,Callicarpa americana,True
Callicarpa_americana_2.jpg,Callicarpa americana,False,C-m0.048,0.048000,Callicarpa americana,False,Lantana camara,0.103729,False,True,Callicarpa americana,True
Callicarpa_americana_2.jpg,Callicarpa americana,False,C-m0.05,0.050000,Callicarpa americana,False,Lantana camara,0.103729,False,True,Callicarpa americana,True
Callicarpa_americana_2.jpg,Callicarpa americana,False,C-m0.06,0.060000,Callicarpa americana,False,Lantana camara,0.103729,False,True,Callicarpa americana,True
Callicarpa_americana_2.jpg,Callicarpa americana,False,C-m0.08,0.080000,Callicarpa americana,False,Lantana camara,0.103729,False,True,Callicarpa americana,True
Callicarpa_americana_2.jpg,Callicarpa americana,False,C-m0.1,0.100000,Callicarpa americana,False,Lantana camara,0.103729,False,True,Callicarpa americana,True
Callicarpa_americana_2.jpg,Callicarpa americana,False,C-m*raw,0.047722,Callicarpa americana,False,Lantana camara,0.103729,False,True,Callicarpa americana,True
Callicarpa_americana_2.jpg,Callicarpa americana,False,C-m*hazard,0.047722,Callicarpa americana,False,Lantana camara,0.103729,False,True,Callicarpa americana,True
Liquidambar_styraciflua_0.jpg,Liquidambar styraciflua,False,A,0.000000,Liquidambar styraciflua,False,,inf,False,True,Liquidambar styraciflua,True
Liquidambar_styraciflua_0.jpg,Liquidambar styraciflua,False,C,0.000000,Liquidambar styraciflua,False,Ricinus communis,0.102300,False,True,Liquidambar styraciflua,True
Liquidambar_styraciflua_0.jpg,Liquidambar styraciflua,False,C-m0.01,0.010000,Liquidambar styraciflua,False,Ricinus communis,0.102300,False,True,Liquidambar styraciflua,True
Liquidambar_styraciflua_0.jpg,Liquidambar styraciflua,False,C-m0.02,0.020000,Liquidambar styraciflua,False,Ricinus communis,0.102300,False,True,Liquidambar styraciflua,True
Liquidambar_styraciflua_0.jpg,Liquidambar styraciflua,False,C-m0.03,0.030000,Liquidambar styraciflua,False,Ricinus communis,0.102300,False,True,Liquidambar styraciflua,True
Liquidambar_styraciflua_0.jpg,Liquidambar styraciflua,False,C-m0.04,0.040000,Liquidambar styraciflua,False,Ricinus communis,0.102300,False,True,Liquidambar styraciflua,True
Liquidambar_styraciflua_0.jpg,Liquidambar styraciflua,False,C-m0.048,0.048000,Liquidambar styraciflua,False,Ricinus communis,0.102300,False,True,Liquidambar styraciflua,True
Liquidambar_styraciflua_0.jpg,Liquidambar styraciflua,False,C-m0.05,0.050000,Liquidambar styraciflua,False,Ricinus communis,0.102300,False,True,Liquidambar styraciflua,True
Liquidambar_styraciflua_0.jpg,Liquidambar styraciflua,False,C-m0.06,0.060000,Liquidambar styraciflua,False,Ricinus communis,0.102300,False,True,Liquidambar styraciflua,True
Liquidambar_styraciflua_0.jpg,Liquidambar styraciflua,False,C-m0.08,0.080000,Liquidambar styraciflua,False,Ricinus communis,0.102300,False,True,Liquidambar styraciflua,True
Liquidambar_styraciflua_0.jpg,Liquidambar styraciflua,False,C-m0.1,0.100000,Liquidambar styraciflua,False,Ricinus communis,0.102300,False,True,Liquidambar styraciflua,True
Liquidambar_styraciflua_0.jpg,Liquidambar styraciflua,False,C-m*raw,0.047722,Liquidambar styraciflua,False,Ricinus communis,0.102300,False,True,Liquidambar styraciflua,True
Liquidambar_styraciflua_0.jpg,Liquidambar styraciflua,False,C-m*hazard,0.047722,Liquidambar styraciflua,False,Ricinus communis,0.102300,False,True,Liquidambar styraciflua,True
Liquidambar_styraciflua_1.jpg,Liquidambar styraciflua,False,A,0.000000,Liquidambar styraciflua,False,,inf,False,True,Liquidambar styraciflua,True
Liquidambar_styraciflua_1.jpg,Liquidambar styraciflua,False,C,0.000000,Liquidambar styraciflua,False,Aesculus pavia,0.018293,False,True,Liquidambar styraciflua,True
Liquidambar_styraciflua_1.jpg,Liquidambar styraciflua,False,C-m0.01,0.010000,Liquidambar styraciflua,False,Aesculus pavia,0.018293,False,True,Liquidambar styraciflua,True
Liquidambar_styraciflua_1.jpg,Liquidambar styraciflua,False,C-m0.02,0.020000,Liquidambar styraciflua,False,Aesculus pavia,0.018293,False,False,,False
Liquidambar_styraciflua_1.jpg,Liquidambar styraciflua,False,C-m0.03,0.030000,Liquidambar styraciflua,False,Aesculus pavia,0.018293,False,False,,False
Liquidambar_styraciflua_1.jpg,Liquidambar styraciflua,False,C-m0.04,0.040000,Liquidambar styraciflua,False,Aesculus pavia,0.018293,False,False,,False
Liquidambar_styraciflua_1.jpg,Liquidambar styraciflua,False,C-m0.048,0.048000,Liquidambar styraciflua,False,Aesculus pavia,0.018293,False,False,,False
Liquidambar_styraciflua_1.jpg,Liquidambar styraciflua,False,C-m0.05,0.050000,Liquidambar styraciflua,False,Aesculus pavia,0.018293,False,False,,False
Liquidambar_styraciflua_1.jpg,Liquidambar styraciflua,False,C-m0.06,0.060000,Liquidambar styraciflua,False,Aesculus pavia,0.018293,False,False,,False
Liquidambar_styraciflua_1.jpg,Liquidambar styraciflua,False,C-m0.08,0.080000,Liquidambar styraciflua,False,Aesculus pavia,0.018293,False,False,,False
Liquidambar_styraciflua_1.jpg,Liquidambar styraciflua,False,C-m0.1,0.100000,Liquidambar styraciflua,False,Aesculus pavia,0.018293,False,False,,False
Liquidambar_styraciflua_1.jpg,Liquidambar styraciflua,False,C-m*raw,0.047722,Liquidambar styraciflua,False,Aesculus pavia,0.018293,False,False,,False
Liquidambar_styraciflua_1.jpg,Liquidambar styraciflua,False,C-m*hazard,0.047722,Liquidambar styraciflua,False,Aesculus pavia,0.018293,False,False,,False
Liquidambar_styraciflua_2.jpg,Liquidambar styraciflua,False,A,0.000000,Liquidambar styraciflua,False,,inf,False,True,Liquidambar styraciflua,True
Liquidambar_styraciflua_2.jpg,Liquidambar styraciflua,False,C,0.000000,Liquidambar styraciflua,False,Ricinus communis,0.028168,False,True,Liquidambar styraciflua,True
Liquidambar_styraciflua_2.jpg,Liquidambar styraciflua,False,C-m0.01,0.010000,Liquidambar styraciflua,False,Ricinus communis,0.028168,False,True,Liquidambar styraciflua,True
Liquidambar_styraciflua_2.jpg,Liquidambar styraciflua,False,C-m0.02,0.020000,Liquidambar styraciflua,False,Ricinus communis,0.028168,False,True,Liquidambar styraciflua,True
Liquidambar_styraciflua_2.jpg,Liquidambar styraciflua,False,C-m0.03,0.030000,Liquidambar styraciflua,False,Ricinus communis,0.028168,False,False,,False
Liquidambar_styraciflua_2.jpg,Liquidambar styraciflua,False,C-m0.04,0.040000,Liquidambar styraciflua,False,Ricinus communis,0.028168,False,False,,False
Liquidambar_styraciflua_2.jpg,Liquidambar styraciflua,False,C-m0.048,0.048000,Liquidambar styraciflua,False,Ricinus communis,0.028168,False,False,,False
Liquidambar_styraciflua_2.jpg,Liquidambar styraciflua,False,C-m0.05,0.050000,Liquidambar styraciflua,False,Ricinus communis,0.028168,False,False,,False
Liquidambar_styraciflua_2.jpg,Liquidambar styraciflua,False,C-m0.06,0.060000,Liquidambar styraciflua,False,Ricinus communis,0.028168,False,False,,False
Liquidambar_styraciflua_2.jpg,Liquidambar styraciflua,False,C-m0.08,0.080000,Liquidambar styraciflua,False,Ricinus communis,0.028168,False,False,,False
Liquidambar_styraciflua_2.jpg,Liquidambar styraciflua,False,C-m0.1,0.100000,Liquidambar styraciflua,False,Ricinus communis,0.028168,False,False,,False
Liquidambar_styraciflua_2.jpg,Liquidambar styraciflua,False,C-m*raw,0.047722,Liquidambar styraciflua,False,Ricinus communis,0.028168,False,False,,False
Liquidambar_styraciflua_2.jpg,Liquidambar styraciflua,False,C-m*hazard,0.047722,Liquidambar styraciflua,False,Ricinus communis,0.028168,False,False,,False
Magnolia_grandiflora_0.jpg,Magnolia grandiflora,False,A,0.000000,Magnolia grandiflora,False,,inf,False,True,Magnolia grandiflora,True
Magnolia_grandiflora_0.jpg,Magnolia grandiflora,False,C,0.000000,Gomphocarpus physocarpus,True,Gomphocarpus physocarpus,0.000000,False,False,,False
Magnolia_grandiflora_0.jpg,Magnolia grandiflora,False,C-m0.01,0.010000,Gomphocarpus physocarpus,True,Gomphocarpus physocarpus,0.000000,False,False,,False
Magnolia_grandiflora_0.jpg,Magnolia grandiflora,False,C-m0.02,0.020000,Gomphocarpus physocarpus,True,Gomphocarpus physocarpus,0.000000,False,False,,False
Magnolia_grandiflora_0.jpg,Magnolia grandiflora,False,C-m0.03,0.030000,Gomphocarpus physocarpus,True,Gomphocarpus physocarpus,0.000000,False,False,,False
Magnolia_grandiflora_0.jpg,Magnolia grandiflora,False,C-m0.04,0.040000,Gomphocarpus physocarpus,True,Gomphocarpus physocarpus,0.000000,False,False,,False
Magnolia_grandiflora_0.jpg,Magnolia grandiflora,False,C-m0.048,0.048000,Gomphocarpus physocarpus,True,Gomphocarpus physocarpus,0.000000,False,False,,False
Magnolia_grandiflora_0.jpg,Magnolia grandiflora,False,C-m0.05,0.050000,Gomphocarpus physocarpus,True,Gomphocarpus physocarpus,0.000000,False,False,,False
Magnolia_grandiflora_0.jpg,Magnolia grandiflora,False,C-m0.06,0.060000,Gomphocarpus physocarpus,True,Gomphocarpus physocarpus,0.000000,False,False,,False
Magnolia_grandiflora_0.jpg,Magnolia grandiflora,False,C-m0.08,0.080000,Gomphocarpus physocarpus,True,Gomphocarpus physocarpus,0.000000,False,False,,False
Magnolia_grandiflora_0.jpg,Magnolia grandiflora,False,C-m0.1,0.100000,Gomphocarpus physocarpus,True,Gomphocarpus physocarpus,0.000000,False,False,,False
Magnolia_grandiflora_0.jpg,Magnolia grandiflora,False,C-m*raw,0.047722,Gomphocarpus physocarpus,True,Gomphocarpus physocarpus,0.000000,False,False,,False
Magnolia_grandiflora_0.jpg,Magnolia grandiflora,False,C-m*hazard,0.047722,Gomphocarpus physocarpus,True,Gomphocarpus physocarpus,0.000000,False,False,,False
Magnolia_grandiflora_1.jpg,Magnolia grandiflora,False,A,0.000000,Magnolia grandiflora,False,,inf,False,True,Magnolia grandiflora,True
Magnolia_grandiflora_1.jpg,Magnolia grandiflora,False,C,0.000000,Magnolia grandiflora,False,Cornus florida,0.124421,False,True,Magnolia grandiflora,True
Magnolia_grandiflora_1.jpg,Magnolia grandiflora,False,C-m0.01,0.010000,Magnolia grandiflora,False,Cornus florida,0.124421,False,True,Magnolia grandiflora,True
Magnolia_grandiflora_1.jpg,Magnolia grandiflora,False,C-m0.02,0.020000,Magnolia grandiflora,False,Cornus florida,0.124421,False,True,Magnolia grandiflora,True
Magnolia_grandiflora_1.jpg,Magnolia grandiflora,False,C-m0.03,0.030000,Magnolia grandiflora,False,Cornus florida,0.124421,False,True,Magnolia grandiflora,True
Magnolia_grandiflora_1.jpg,Magnolia grandiflora,False,C-m0.04,0.040000,Magnolia grandiflora,False,Cornus florida,0.124421,False,True,Magnolia grandiflora,True
Magnolia_grandiflora_1.jpg,Magnolia grandiflora,False,C-m0.048,0.048000,Magnolia grandiflora,False,Cornus florida,0.124421,False,True,Magnolia grandiflora,True
Magnolia_grandiflora_1.jpg,Magnolia grandiflora,False,C-m0.05,0.050000,Magnolia grandiflora,False,Cornus florida,0.124421,False,True,Magnolia grandiflora,True
Magnolia_grandiflora_1.jpg,Magnolia grandiflora,False,C-m0.06,0.060000,Magnolia grandiflora,False,Cornus florida,0.124421,False,True,Magnolia grandiflora,True
Magnolia_grandiflora_1.jpg,Magnolia grandiflora,False,C-m0.08,0.080000,Magnolia grandiflora,False,Cornus florida,0.124421,False,True,Magnolia grandiflora,True
Magnolia_grandiflora_1.jpg,Magnolia grandiflora,False,C-m0.1,0.100000,Magnolia grandiflora,False,Cornus florida,0.124421,False,True,Magnolia grandiflora,True
Magnolia_grandiflora_1.jpg,Magnolia grandiflora,False,C-m*raw,0.047722,Magnolia grandiflora,False,Cornus florida,0.124421,False,True,Magnolia grandiflora,True
Magnolia_grandiflora_1.jpg,Magnolia grandiflora,False,C-m*hazard,0.047722,Magnolia grandiflora,False,Cornus florida,0.124421,False,True,Magnolia grandiflora,True
Magnolia_grandiflora_2.jpg,Magnolia grandiflora,False,A,0.000000,Magnolia grandiflora,False,,inf,False,True,Magnolia grandiflora,True
Magnolia_grandiflora_2.jpg,Magnolia grandiflora,False,C,0.000000,Magnolia grandiflora,False,Photinia serratifolia,0.094479,False,True,Magnolia grandiflora,True
Magnolia_grandiflora_2.jpg,Magnolia grandiflora,False,C-m0.01,0.010000,Magnolia grandiflora,False,Photinia serratifolia,0.094479,False,True,Magnolia grandiflora,True
Magnolia_grandiflora_2.jpg,Magnolia grandiflora,False,C-m0.02,0.020000,Magnolia grandiflora,False,Photinia serratifolia,0.094479,False,True,Magnolia grandiflora,True
Magnolia_grandiflora_2.jpg,Magnolia grandiflora,False,C-m0.03,0.030000,Magnolia grandiflora,False,Photinia serratifolia,0.094479,False,True,Magnolia grandiflora,True
Magnolia_grandiflora_2.jpg,Magnolia grandiflora,False,C-m0.04,0.040000,Magnolia grandiflora,False,Photinia serratifolia,0.094479,False,True,Magnolia grandiflora,True
Magnolia_grandiflora_2.jpg,Magnolia grandiflora,False,C-m0.048,0.048000,Magnolia grandiflora,False,Photinia serratifolia,0.094479,False,True,Magnolia grandiflora,True
Magnolia_grandiflora_2.jpg,Magnolia grandiflora,False,C-m0.05,0.050000,Magnolia grandiflora,False,Photinia serratifolia,0.094479,False,True,Magnolia grandiflora,True
Magnolia_grandiflora_2.jpg,Magnolia grandiflora,False,C-m0.06,0.060000,Magnolia grandiflora,False,Photinia serratifolia,0.094479,False,True,Magnolia grandiflora,True
Magnolia_grandiflora_2.jpg,Magnolia grandiflora,False,C-m0.08,0.080000,Magnolia grandiflora,False,Photinia serratifolia,0.094479,False,True,Magnolia grandiflora,True
Magnolia_grandiflora_2.jpg,Magnolia grandiflora,False,C-m0.1,0.100000,Magnolia grandiflora,False,Photinia serratifolia,0.094479,False,False,,False
Magnolia_grandiflora_2.jpg,Magnolia grandiflora,False,C-m*raw,0.047722,Magnolia grandiflora,False,Photinia serratifolia,0.094479,False,True,Magnolia grandiflora,True
Magnolia_grandiflora_2.jpg,Magnolia grandiflora,False,C-m*hazard,0.047722,Magnolia grandiflora,False,Photinia serratifolia,0.094479,False,True,Magnolia grandiflora,True
Liriodendron_tulipifera_0.jpg,Liriodendron tulipifera,False,A,0.000000,Liriodendron tulipifera,False,,inf,False,True,Liriodendron tulipifera,True
Liriodendron_tulipifera_0.jpg,Liriodendron tulipifera,False,C,0.000000,Liriodendron tulipifera,False,Acer negundo,0.076436,False,True,Liriodendron tulipifera,True
Liriodendron_tulipifera_0.jpg,Liriodendron tulipifera,False,C-m0.01,0.010000,Liriodendron tulipifera,False,Acer negundo,0.076436,False,True,Liriodendron tulipifera,True
Liriodendron_tulipifera_0.jpg,Liriodendron tulipifera,False,C-m0.02,0.020000,Liriodendron tulipifera,False,Acer negundo,0.076436,False,True,Liriodendron tulipifera,True
Liriodendron_tulipifera_0.jpg,Liriodendron tulipifera,False,C-m0.03,0.030000,Liriodendron tulipifera,False,Acer negundo,0.076436,False,True,Liriodendron tulipifera,True
Liriodendron_tulipifera_0.jpg,Liriodendron tulipifera,False,C-m0.04,0.040000,Liriodendron tulipifera,False,Acer negundo,0.076436,False,True,Liriodendron tulipifera,True
Liriodendron_tulipifera_0.jpg,Liriodendron tulipifera,False,C-m0.048,0.048000,Liriodendron tulipifera,False,Acer negundo,0.076436,False,True,Liriodendron tulipifera,True
Liriodendron_tulipifera_0.jpg,Liriodendron tulipifera,False,C-m0.05,0.050000,Liriodendron tulipifera,False,Acer negundo,0.076436,False,True,Liriodendron tulipifera,True
Liriodendron_tulipifera_0.jpg,Liriodendron tulipifera,False,C-m0.06,0.060000,Liriodendron tulipifera,False,Acer negundo,0.076436,False,True,Liriodendron tulipifera,True
Liriodendron_tulipifera_0.jpg,Liriodendron tulipifera,False,C-m0.08,0.080000,Liriodendron tulipifera,False,Acer negundo,0.076436,False,False,,False
Liriodendron_tulipifera_0.jpg,Liriodendron tulipifera,False,C-m0.1,0.100000,Liriodendron tulipifera,False,Acer negundo,0.076436,False,False,,False
Liriodendron_tulipifera_0.jpg,Liriodendron tulipifera,False,C-m*raw,0.047722,Liriodendron tulipifera,False,Acer negundo,0.076436,False,True,Liriodendron tulipifera,True
Liriodendron_tulipifera_0.jpg,Liriodendron tulipifera,False,C-m*hazard,0.047722,Liriodendron tulipifera,False,Acer negundo,0.076436,False,True,Liriodendron tulipifera,True
Liriodendron_tulipifera_1.jpg,Liriodendron tulipifera,False,A,0.000000,Quercus nigra,False,,inf,False,True,Quercus nigra,False
Liriodendron_tulipifera_1.jpg,Liriodendron tulipifera,False,C,0.000000,Triadica sebifera,True,Triadica sebifera,0.000000,False,False,,False
Liriodendron_tulipifera_1.jpg,Liriodendron tulipifera,False,C-m0.01,0.010000,Triadica sebifera,True,Triadica sebifera,0.000000,False,False,,False
Liriodendron_tulipifera_1.jpg,Liriodendron tulipifera,False,C-m0.02,0.020000,Triadica sebifera,True,Triadica sebifera,0.000000,False,False,,False
Liriodendron_tulipifera_1.jpg,Liriodendron tulipifera,False,C-m0.03,0.030000,Triadica sebifera,True,Triadica sebifera,0.000000,False,False,,False
Liriodendron_tulipifera_1.jpg,Liriodendron tulipifera,False,C-m0.04,0.040000,Triadica sebifera,True,Triadica sebifera,0.000000,False,False,,False
Liriodendron_tulipifera_1.jpg,Liriodendron tulipifera,False,C-m0.048,0.048000,Triadica sebifera,True,Triadica sebifera,0.000000,False,False,,False
Liriodendron_tulipifera_1.jpg,Liriodendron tulipifera,False,C-m0.05,0.050000,Triadica sebifera,True,Triadica sebifera,0.000000,False,False,,False
Liriodendron_tulipifera_1.jpg,Liriodendron tulipifera,False,C-m0.06,0.060000,Triadica sebifera,True,Triadica sebifera,0.000000,False,False,,False
Liriodendron_tulipifera_1.jpg,Liriodendron tulipifera,False,C-m0.08,0.080000,Triadica sebifera,True,Triadica sebifera,0.000000,False,False,,False
Liriodendron_tulipifera_1.jpg,Liriodendron tulipifera,False,C-m0.1,0.100000,Triadica sebifera,True,Triadica sebifera,0.000000,False,False,,False
Liriodendron_tulipifera_1.jpg,Liriodendron tulipifera,False,C-m*raw,0.047722,Triadica sebifera,True,Triadica sebifera,0.000000,False,False,,False
Liriodendron_tulipifera_1.jpg,Liriodendron tulipifera,False,C-m*hazard,0.047722,Triadica sebifera,True,Triadica sebifera,0.000000,False,False,,False
Liriodendron_tulipifera_2.jpg,Liriodendron tulipifera,False,A,0.000000,Cercis canadensis,False,,inf,False,True,Cercis canadensis,False
Liriodendron_tulipifera_2.jpg,Liriodendron tulipifera,False,C,0.000000,Juglans nigra,True,Juglans nigra,0.000000,False,False,,False
Liriodendron_tulipifera_2.jpg,Liriodendron tulipifera,False,C-m0.01,0.010000,Juglans nigra,True,Juglans nigra,0.000000,False,False,,False
Liriodendron_tulipifera_2.jpg,Liriodendron tulipifera,False,C-m0.02,0.020000,Juglans nigra,True,Juglans nigra,0.000000,False,False,,False
Liriodendron_tulipifera_2.jpg,Liriodendron tulipifera,False,C-m0.03,0.030000,Juglans nigra,True,Juglans nigra,0.000000,False,False,,False
Liriodendron_tulipifera_2.jpg,Liriodendron tulipifera,False,C-m0.04,0.040000,Juglans nigra,True,Juglans nigra,0.000000,False,False,,False
Liriodendron_tulipifera_2.jpg,Liriodendron tulipifera,False,C-m0.048,0.048000,Juglans nigra,True,Juglans nigra,0.000000,False,False,,False
Liriodendron_tulipifera_2.jpg,Liriodendron tulipifera,False,C-m0.05,0.050000,Juglans nigra,True,Juglans nigra,0.000000,False,False,,False
Liriodendron_tulipifera_2.jpg,Liriodendron tulipifera,False,C-m0.06,0.060000,Juglans nigra,True,Juglans nigra,0.000000,False,False,,False
Liriodendron_tulipifera_2.jpg,Liriodendron tulipifera,False,C-m0.08,0.080000,Juglans nigra,True,Juglans nigra,0.000000,False,False,,False
Liriodendron_tulipifera_2.jpg,Liriodendron tulipifera,False,C-m0.1,0.100000,Juglans nigra,True,Juglans nigra,0.000000,False,False,,False
Liriodendron_tulipifera_2.jpg,Liriodendron tulipifera,False,C-m*raw,0.047722,Juglans nigra,True,Juglans nigra,0.000000,False,False,,False
Liriodendron_tulipifera_2.jpg,Liriodendron tulipifera,False,C-m*hazard,0.047722,Juglans nigra,True,Juglans nigra,0.000000,False,False,,False
Polystichum_acrostichoides_0.jpg,Polystichum acrostichoides,False,A,0.000000,Polystichum acrostichoides,False,,inf,False,True,Polystichum acrostichoides,True
Polystichum_acrostichoides_0.jpg,Polystichum acrostichoides,False,C,0.000000,Polystichum acrostichoides,False,Osmundastrum cinnamomeum,0.020531,False,True,Polystichum acrostichoides,True
Polystichum_acrostichoides_0.jpg,Polystichum acrostichoides,False,C-m0.01,0.010000,Polystichum acrostichoides,False,Osmundastrum cinnamomeum,0.020531,False,True,Polystichum acrostichoides,True
Polystichum_acrostichoides_0.jpg,Polystichum acrostichoides,False,C-m0.02,0.020000,Polystichum acrostichoides,False,Osmundastrum cinnamomeum,0.020531,False,True,Polystichum acrostichoides,True
Polystichum_acrostichoides_0.jpg,Polystichum acrostichoides,False,C-m0.03,0.030000,Polystichum acrostichoides,False,Osmundastrum cinnamomeum,0.020531,False,False,,False
Polystichum_acrostichoides_0.jpg,Polystichum acrostichoides,False,C-m0.04,0.040000,Polystichum acrostichoides,False,Osmundastrum cinnamomeum,0.020531,False,False,,False
Polystichum_acrostichoides_0.jpg,Polystichum acrostichoides,False,C-m0.048,0.048000,Polystichum acrostichoides,False,Osmundastrum cinnamomeum,0.020531,False,False,,False
Polystichum_acrostichoides_0.jpg,Polystichum acrostichoides,False,C-m0.05,0.050000,Polystichum acrostichoides,False,Osmundastrum cinnamomeum,0.020531,False,False,,False
Polystichum_acrostichoides_0.jpg,Polystichum acrostichoides,False,C-m0.06,0.060000,Polystichum acrostichoides,False,Osmundastrum cinnamomeum,0.020531,False,False,,False
Polystichum_acrostichoides_0.jpg,Polystichum acrostichoides,False,C-m0.08,0.080000,Polystichum acrostichoides,False,Osmundastrum cinnamomeum,0.020531,False,False,,False
Polystichum_acrostichoides_0.jpg,Polystichum acrostichoides,False,C-m0.1,0.100000,Polystichum acrostichoides,False,Osmundastrum cinnamomeum,0.020531,False,False,,False
Polystichum_acrostichoides_0.jpg,Polystichum acrostichoides,False,C-m*raw,0.047722,Polystichum acrostichoides,False,Osmundastrum cinnamomeum,0.020531,False,False,,False
Polystichum_acrostichoides_0.jpg,Polystichum acrostichoides,False,C-m*hazard,0.047722,Polystichum acrostichoides,False,Osmundastrum cinnamomeum,0.020531,False,False,,False
Polystichum_acrostichoides_1.jpg,Polystichum acrostichoides,False,A,0.000000,Polystichum acrostichoides,False,,inf,False,True,Polystichum acrostichoides,True
Polystichum_acrostichoides_1.jpg,Polystichum acrostichoides,False,C,0.000000,Polystichum acrostichoides,False,Pleopeltis michauxiana,0.172291,False,True,Polystichum acrostichoides,True
Polystichum_acrostichoides_1.jpg,Polystichum acrostichoides,False,C-m0.01,0.010000,Polystichum acrostichoides,False,Pleopeltis michauxiana,0.172291,False,True,Polystichum acrostichoides,True
Polystichum_acrostichoides_1.jpg,Polystichum acrostichoides,False,C-m0.02,0.020000,Polystichum acrostichoides,False,Pleopeltis michauxiana,0.172291,False,True,Polystichum acrostichoides,True
Polystichum_acrostichoides_1.jpg,Polystichum acrostichoides,False,C-m0.03,0.030000,Polystichum acrostichoides,False,Pleopeltis michauxiana,0.172291,False,True,Polystichum acrostichoides,True
Polystichum_acrostichoides_1.jpg,Polystichum acrostichoides,False,C-m0.04,0.040000,Polystichum acrostichoides,False,Pleopeltis michauxiana,0.172291,False,True,Polystichum acrostichoides,True
Polystichum_acrostichoides_1.jpg,Polystichum acrostichoides,False,C-m0.048,0.048000,Polystichum acrostichoides,False,Pleopeltis michauxiana,0.172291,False,True,Polystichum acrostichoides,True
Polystichum_acrostichoides_1.jpg,Polystichum acrostichoides,False,C-m0.05,0.050000,Polystichum acrostichoides,False,Pleopeltis michauxiana,0.172291,False,True,Polystichum acrostichoides,True
Polystichum_acrostichoides_1.jpg,Polystichum acrostichoides,False,C-m0.06,0.060000,Polystichum acrostichoides,False,Pleopeltis michauxiana,0.172291,False,True,Polystichum acrostichoides,True
Polystichum_acrostichoides_1.jpg,Polystichum acrostichoides,False,C-m0.08,0.080000,Polystichum acrostichoides,False,Pleopeltis michauxiana,0.172291,False,True,Polystichum acrostichoides,True
Polystichum_acrostichoides_1.jpg,Polystichum acrostichoides,False,C-m0.1,0.100000,Polystichum acrostichoides,False,Pleopeltis michauxiana,0.172291,False,True,Polystichum acrostichoides,True
Polystichum_acrostichoides_1.jpg,Polystichum acrostichoides,False,C-m*raw,0.047722,Polystichum acrostichoides,False,Pleopeltis michauxiana,0.172291,False,True,Polystichum acrostichoides,True
Polystichum_acrostichoides_1.jpg,Polystichum acrostichoides,False,C-m*hazard,0.047722,Polystichum acrostichoides,False,Pleopeltis michauxiana,0.172291,False,True,Polystichum acrostichoides,True
Polystichum_acrostichoides_2.jpg,Polystichum acrostichoides,False,A,0.000000,Polystichum acrostichoides,False,,inf,False,True,Polystichum acrostichoides,True
Polystichum_acrostichoides_2.jpg,Polystichum acrostichoides,False,C,0.000000,Polystichum acrostichoides,False,Pleopeltis michauxiana,0.145838,False,True,Polystichum acrostichoides,True
Polystichum_acrostichoides_2.jpg,Polystichum acrostichoides,False,C-m0.01,0.010000,Polystichum acrostichoides,False,Pleopeltis michauxiana,0.145838,False,True,Polystichum acrostichoides,True
Polystichum_acrostichoides_2.jpg,Polystichum acrostichoides,False,C-m0.02,0.020000,Polystichum acrostichoides,False,Pleopeltis michauxiana,0.145838,False,True,Polystichum acrostichoides,True
Polystichum_acrostichoides_2.jpg,Polystichum acrostichoides,False,C-m0.03,0.030000,Polystichum acrostichoides,False,Pleopeltis michauxiana,0.145838,False,True,Polystichum acrostichoides,True
Polystichum_acrostichoides_2.jpg,Polystichum acrostichoides,False,C-m0.04,0.040000,Polystichum acrostichoides,False,Pleopeltis michauxiana,0.145838,False,True,Polystichum acrostichoides,True
Polystichum_acrostichoides_2.jpg,Polystichum acrostichoides,False,C-m0.048,0.048000,Polystichum acrostichoides,False,Pleopeltis michauxiana,0.145838,False,True,Polystichum acrostichoides,True
Polystichum_acrostichoides_2.jpg,Polystichum acrostichoides,False,C-m0.05,0.050000,Polystichum acrostichoides,False,Pleopeltis michauxiana,0.145838,False,True,Polystichum acrostichoides,True
Polystichum_acrostichoides_2.jpg,Polystichum acrostichoides,False,C-m0.06,0.060000,Polystichum acrostichoides,False,Pleopeltis michauxiana,0.145838,False,True,Polystichum acrostichoides,True
Polystichum_acrostichoides_2.jpg,Polystichum acrostichoides,False,C-m0.08,0.080000,Polystichum acrostichoides,False,Pleopeltis michauxiana,0.145838,False,True,Polystichum acrostichoides,True
Polystichum_acrostichoides_2.jpg,Polystichum acrostichoides,False,C-m0.1,0.100000,Polystichum acrostichoides,False,Pleopeltis michauxiana,0.145838,False,True,Polystichum acrostichoides,True
Polystichum_acrostichoides_2.jpg,Polystichum acrostichoides,False,C-m*raw,0.047722,Polystichum acrostichoides,False,Pleopeltis michauxiana,0.145838,False,True,Polystichum acrostichoides,True
Polystichum_acrostichoides_2.jpg,Polystichum acrostichoides,False,C-m*hazard,0.047722,Polystichum acrostichoides,False,Pleopeltis michauxiana,0.145838,False,True,Polystichum acrostichoides,True
Fagus_grandifolia_0.jpg,Fagus grandifolia,False,A,0.000000,Fagus grandifolia,False,,inf,False,True,Fagus grandifolia,True
Fagus_grandifolia_0.jpg,Fagus grandifolia,False,C,0.000000,Fagus grandifolia,False,Asimina triloba,0.160727,False,True,Fagus grandifolia,True
Fagus_grandifolia_0.jpg,Fagus grandifolia,False,C-m0.01,0.010000,Fagus grandifolia,False,Asimina triloba,0.160727,False,True,Fagus grandifolia,True
Fagus_grandifolia_0.jpg,Fagus grandifolia,False,C-m0.02,0.020000,Fagus grandifolia,False,Asimina triloba,0.160727,False,True,Fagus grandifolia,True
Fagus_grandifolia_0.jpg,Fagus grandifolia,False,C-m0.03,0.030000,Fagus grandifolia,False,Asimina triloba,0.160727,False,True,Fagus grandifolia,True
Fagus_grandifolia_0.jpg,Fagus grandifolia,False,C-m0.04,0.040000,Fagus grandifolia,False,Asimina triloba,0.160727,False,True,Fagus grandifolia,True
Fagus_grandifolia_0.jpg,Fagus grandifolia,False,C-m0.048,0.048000,Fagus grandifolia,False,Asimina triloba,0.160727,False,True,Fagus grandifolia,True
Fagus_grandifolia_0.jpg,Fagus grandifolia,False,C-m0.05,0.050000,Fagus grandifolia,False,Asimina triloba,0.160727,False,True,Fagus grandifolia,True
Fagus_grandifolia_0.jpg,Fagus grandifolia,False,C-m0.06,0.060000,Fagus grandifolia,False,Asimina triloba,0.160727,False,True,Fagus grandifolia,True
Fagus_grandifolia_0.jpg,Fagus grandifolia,False,C-m0.08,0.080000,Fagus grandifolia,False,Asimina triloba,0.160727,False,True,Fagus grandifolia,True
Fagus_grandifolia_0.jpg,Fagus grandifolia,False,C-m0.1,0.100000,Fagus grandifolia,False,Asimina triloba,0.160727,False,True,Fagus grandifolia,True
Fagus_grandifolia_0.jpg,Fagus grandifolia,False,C-m*raw,0.047722,Fagus grandifolia,False,Asimina triloba,0.160727,False,True,Fagus grandifolia,True
Fagus_grandifolia_0.jpg,Fagus grandifolia,False,C-m*hazard,0.047722,Fagus grandifolia,False,Asimina triloba,0.160727,False,True,Fagus grandifolia,True
Fagus_grandifolia_1.jpg,Fagus grandifolia,False,A,0.000000,Fagus grandifolia,False,,inf,False,True,Fagus grandifolia,True
Fagus_grandifolia_1.jpg,Fagus grandifolia,False,C,0.000000,Fagus grandifolia,False,Frangula caroliniana,0.010232,False,True,Fagus grandifolia,True
Fagus_grandifolia_1.jpg,Fagus grandifolia,False,C-m0.01,0.010000,Fagus grandifolia,False,Frangula caroliniana,0.010232,False,True,Fagus grandifolia,True
Fagus_grandifolia_1.jpg,Fagus grandifolia,False,C-m0.02,0.020000,Fagus grandifolia,False,Frangula caroliniana,0.010232,False,False,,False
Fagus_grandifolia_1.jpg,Fagus grandifolia,False,C-m0.03,0.030000,Fagus grandifolia,False,Frangula caroliniana,0.010232,False,False,,False
Fagus_grandifolia_1.jpg,Fagus grandifolia,False,C-m0.04,0.040000,Fagus grandifolia,False,Frangula caroliniana,0.010232,False,False,,False
Fagus_grandifolia_1.jpg,Fagus grandifolia,False,C-m0.048,0.048000,Fagus grandifolia,False,Frangula caroliniana,0.010232,False,False,,False
Fagus_grandifolia_1.jpg,Fagus grandifolia,False,C-m0.05,0.050000,Fagus grandifolia,False,Frangula caroliniana,0.010232,False,False,,False
Fagus_grandifolia_1.jpg,Fagus grandifolia,False,C-m0.06,0.060000,Fagus grandifolia,False,Frangula caroliniana,0.010232,False,False,,False
Fagus_grandifolia_1.jpg,Fagus grandifolia,False,C-m0.08,0.080000,Fagus grandifolia,False,Frangula caroliniana,0.010232,False,False,,False
Fagus_grandifolia_1.jpg,Fagus grandifolia,False,C-m0.1,0.100000,Fagus grandifolia,False,Frangula caroliniana,0.010232,False,False,,False
Fagus_grandifolia_1.jpg,Fagus grandifolia,False,C-m*raw,0.047722,Fagus grandifolia,False,Frangula caroliniana,0.010232,False,False,,False
Fagus_grandifolia_1.jpg,Fagus grandifolia,False,C-m*hazard,0.047722,Fagus grandifolia,False,Frangula caroliniana,0.010232,False,False,,False
Fagus_grandifolia_2.jpg,Fagus grandifolia,False,A,0.000000,Fagus grandifolia,False,,inf,False,True,Fagus grandifolia,True
Fagus_grandifolia_2.jpg,Fagus grandifolia,False,C,0.000000,Fagus grandifolia,False,Quercus alba,0.196577,False,True,Fagus grandifolia,True
Fagus_grandifolia_2.jpg,Fagus grandifolia,False,C-m0.01,0.010000,Fagus grandifolia,False,Quercus alba,0.196577,False,True,Fagus grandifolia,True
Fagus_grandifolia_2.jpg,Fagus grandifolia,False,C-m0.02,0.020000,Fagus grandifolia,False,Quercus alba,0.196577,False,True,Fagus grandifolia,True
Fagus_grandifolia_2.jpg,Fagus grandifolia,False,C-m0.03,0.030000,Fagus grandifolia,False,Quercus alba,0.196577,False,True,Fagus grandifolia,True
Fagus_grandifolia_2.jpg,Fagus grandifolia,False,C-m0.04,0.040000,Fagus grandifolia,False,Quercus alba,0.196577,False,True,Fagus grandifolia,True
Fagus_grandifolia_2.jpg,Fagus grandifolia,False,C-m0.048,0.048000,Fagus grandifolia,False,Quercus alba,0.196577,False,True,Fagus grandifolia,True
Fagus_grandifolia_2.jpg,Fagus grandifolia,False,C-m0.05,0.050000,Fagus grandifolia,False,Quercus alba,0.196577,False,True,Fagus grandifolia,True
Fagus_grandifolia_2.jpg,Fagus grandifolia,False,C-m0.06,0.060000,Fagus grandifolia,False,Quercus alba,0.196577,False,True,Fagus grandifolia,True
Fagus_grandifolia_2.jpg,Fagus grandifolia,False,C-m0.08,0.080000,Fagus grandifolia,False,Quercus alba,0.196577,False,True,Fagus grandifolia,True
Fagus_grandifolia_2.jpg,Fagus grandifolia,False,C-m0.1,0.100000,Fagus grandifolia,False,Quercus alba,0.196577,False,True,Fagus grandifolia,True
Fagus_grandifolia_2.jpg,Fagus grandifolia,False,C-m*raw,0.047722,Fagus grandifolia,False,Quercus alba,0.196577,False,True,Fagus grandifolia,True
Fagus_grandifolia_2.jpg,Fagus grandifolia,False,C-m*hazard,0.047722,Fagus grandifolia,False,Quercus alba,0.196577,False,True,Fagus grandifolia,True
Erechtites_hieraciifolius_0.jpg,Erechtites hieraciifolius,False,A,0.000000,Erechtites hieraciifolius,False,,inf,False,True,Erechtites hieraciifolius,True
Erechtites_hieraciifolius_0.jpg,Erechtites hieraciifolius,False,C,0.000000,Erechtites hieraciifolius,False,Nabalus altissimus,0.007696,False,True,Erechtites hieraciifolius,True
Erechtites_hieraciifolius_0.jpg,Erechtites hieraciifolius,False,C-m0.01,0.010000,Erechtites hieraciifolius,False,Nabalus altissimus,0.007696,False,False,,False
Erechtites_hieraciifolius_0.jpg,Erechtites hieraciifolius,False,C-m0.02,0.020000,Erechtites hieraciifolius,False,Nabalus altissimus,0.007696,False,False,,False
Erechtites_hieraciifolius_0.jpg,Erechtites hieraciifolius,False,C-m0.03,0.030000,Erechtites hieraciifolius,False,Nabalus altissimus,0.007696,False,False,,False
Erechtites_hieraciifolius_0.jpg,Erechtites hieraciifolius,False,C-m0.04,0.040000,Erechtites hieraciifolius,False,Nabalus altissimus,0.007696,False,False,,False
Erechtites_hieraciifolius_0.jpg,Erechtites hieraciifolius,False,C-m0.048,0.048000,Erechtites hieraciifolius,False,Nabalus altissimus,0.007696,False,False,,False
Erechtites_hieraciifolius_0.jpg,Erechtites hieraciifolius,False,C-m0.05,0.050000,Erechtites hieraciifolius,False,Nabalus altissimus,0.007696,False,False,,False
Erechtites_hieraciifolius_0.jpg,Erechtites hieraciifolius,False,C-m0.06,0.060000,Erechtites hieraciifolius,False,Nabalus altissimus,0.007696,False,False,,False
Erechtites_hieraciifolius_0.jpg,Erechtites hieraciifolius,False,C-m0.08,0.080000,Erechtites hieraciifolius,False,Nabalus altissimus,0.007696,False,False,,False
Erechtites_hieraciifolius_0.jpg,Erechtites hieraciifolius,False,C-m0.1,0.100000,Erechtites hieraciifolius,False,Nabalus altissimus,0.007696,False,False,,False
Erechtites_hieraciifolius_0.jpg,Erechtites hieraciifolius,False,C-m*raw,0.047722,Erechtites hieraciifolius,False,Nabalus altissimus,0.007696,False,False,,False
Erechtites_hieraciifolius_0.jpg,Erechtites hieraciifolius,False,C-m*hazard,0.047722,Erechtites hieraciifolius,False,Nabalus altissimus,0.007696,False,False,,False
Erechtites_hieraciifolius_1.jpg,Erechtites hieraciifolius,False,A,0.000000,Erechtites hieraciifolius,False,,inf,False,True,Erechtites hieraciifolius,True
Erechtites_hieraciifolius_1.jpg,Erechtites hieraciifolius,False,C,0.000000,Erechtites hieraciifolius,False,Sonchus asper,0.144552,False,True,Erechtites hieraciifolius,True
Erechtites_hieraciifolius_1.jpg,Erechtites hieraciifolius,False,C-m0.01,0.010000,Erechtites hieraciifolius,False,Sonchus asper,0.144552,False,True,Erechtites hieraciifolius,True
Erechtites_hieraciifolius_1.jpg,Erechtites hieraciifolius,False,C-m0.02,0.020000,Erechtites hieraciifolius,False,Sonchus asper,0.144552,False,True,Erechtites hieraciifolius,True
Erechtites_hieraciifolius_1.jpg,Erechtites hieraciifolius,False,C-m0.03,0.030000,Erechtites hieraciifolius,False,Sonchus asper,0.144552,False,True,Erechtites hieraciifolius,True
Erechtites_hieraciifolius_1.jpg,Erechtites hieraciifolius,False,C-m0.04,0.040000,Erechtites hieraciifolius,False,Sonchus asper,0.144552,False,True,Erechtites hieraciifolius,True
Erechtites_hieraciifolius_1.jpg,Erechtites hieraciifolius,False,C-m0.048,0.048000,Erechtites hieraciifolius,False,Sonchus asper,0.144552,False,True,Erechtites hieraciifolius,True
Erechtites_hieraciifolius_1.jpg,Erechtites hieraciifolius,False,C-m0.05,0.050000,Erechtites hieraciifolius,False,Sonchus asper,0.144552,False,True,Erechtites hieraciifolius,True
Erechtites_hieraciifolius_1.jpg,Erechtites hieraciifolius,False,C-m0.06,0.060000,Erechtites hieraciifolius,False,Sonchus asper,0.144552,False,True,Erechtites hieraciifolius,True
Erechtites_hieraciifolius_1.jpg,Erechtites hieraciifolius,False,C-m0.08,0.080000,Erechtites hieraciifolius,False,Sonchus asper,0.144552,False,True,Erechtites hieraciifolius,True
Erechtites_hieraciifolius_1.jpg,Erechtites hieraciifolius,False,C-m0.1,0.100000,Erechtites hieraciifolius,False,Sonchus asper,0.144552,False,True,Erechtites hieraciifolius,True
Erechtites_hieraciifolius_1.jpg,Erechtites hieraciifolius,False,C-m*raw,0.047722,Erechtites hieraciifolius,False,Sonchus asper,0.144552,False,True,Erechtites hieraciifolius,True
Erechtites_hieraciifolius_1.jpg,Erechtites hieraciifolius,False,C-m*hazard,0.047722,Erechtites hieraciifolius,False,Sonchus asper,0.144552,False,True,Erechtites hieraciifolius,True
Erechtites_hieraciifolius_2.jpg,Erechtites hieraciifolius,False,A,0.000000,Erechtites hieraciifolius,False,,inf,False,True,Erechtites hieraciifolius,True
Erechtites_hieraciifolius_2.jpg,Erechtites hieraciifolius,False,C,0.000000,Achillea millefolium,True,Achillea millefolium,0.000000,False,False,,False
Erechtites_hieraciifolius_2.jpg,Erechtites hieraciifolius,False,C-m0.01,0.010000,Achillea millefolium,True,Achillea millefolium,0.000000,False,False,,False
Erechtites_hieraciifolius_2.jpg,Erechtites hieraciifolius,False,C-m0.02,0.020000,Achillea millefolium,True,Achillea millefolium,0.000000,False,False,,False
Erechtites_hieraciifolius_2.jpg,Erechtites hieraciifolius,False,C-m0.03,0.030000,Achillea millefolium,True,Achillea millefolium,0.000000,False,False,,False
Erechtites_hieraciifolius_2.jpg,Erechtites hieraciifolius,False,C-m0.04,0.040000,Achillea millefolium,True,Achillea millefolium,0.000000,False,False,,False
Erechtites_hieraciifolius_2.jpg,Erechtites hieraciifolius,False,C-m0.048,0.048000,Achillea millefolium,True,Achillea millefolium,0.000000,False,False,,False
Erechtites_hieraciifolius_2.jpg,Erechtites hieraciifolius,False,C-m0.05,0.050000,Achillea millefolium,True,Achillea millefolium,0.000000,False,False,,False
Erechtites_hieraciifolius_2.jpg,Erechtites hieraciifolius,False,C-m0.06,0.060000,Achillea millefolium,True,Achillea millefolium,0.000000,False,False,,False
Erechtites_hieraciifolius_2.jpg,Erechtites hieraciifolius,False,C-m0.08,0.080000,Achillea millefolium,True,Achillea millefolium,0.000000,False,False,,False
Erechtites_hieraciifolius_2.jpg,Erechtites hieraciifolius,False,C-m0.1,0.100000,Achillea millefolium,True,Achillea millefolium,0.000000,False,False,,False
Erechtites_hieraciifolius_2.jpg,Erechtites hieraciifolius,False,C-m*raw,0.047722,Achillea millefolium,True,Achillea millefolium,0.000000,False,False,,False
Erechtites_hieraciifolius_2.jpg,Erechtites hieraciifolius,False,C-m*hazard,0.047722,Achillea millefolium,True,Achillea millefolium,0.000000,False,False,,False
Ampelopsis_glandulosa_0.jpg,Ampelopsis glandulosa,False,A,0.000000,Ampelopsis glandulosa,False,,inf,False,True,Ampelopsis glandulosa,True
Ampelopsis_glandulosa_0.jpg,Ampelopsis glandulosa,False,C,0.000000,Ampelopsis glandulosa,False,Ampelopsis cordata,0.130979,False,True,Ampelopsis glandulosa,True
Ampelopsis_glandulosa_0.jpg,Ampelopsis glandulosa,False,C-m0.01,0.010000,Ampelopsis glandulosa,False,Ampelopsis cordata,0.130979,False,True,Ampelopsis glandulosa,True
Ampelopsis_glandulosa_0.jpg,Ampelopsis glandulosa,False,C-m0.02,0.020000,Ampelopsis glandulosa,False,Ampelopsis cordata,0.130979,False,True,Ampelopsis glandulosa,True
Ampelopsis_glandulosa_0.jpg,Ampelopsis glandulosa,False,C-m0.03,0.030000,Ampelopsis glandulosa,False,Ampelopsis cordata,0.130979,False,True,Ampelopsis glandulosa,True
Ampelopsis_glandulosa_0.jpg,Ampelopsis glandulosa,False,C-m0.04,0.040000,Ampelopsis glandulosa,False,Ampelopsis cordata,0.130979,False,True,Ampelopsis glandulosa,True
Ampelopsis_glandulosa_0.jpg,Ampelopsis glandulosa,False,C-m0.048,0.048000,Ampelopsis glandulosa,False,Ampelopsis cordata,0.130979,False,True,Ampelopsis glandulosa,True
Ampelopsis_glandulosa_0.jpg,Ampelopsis glandulosa,False,C-m0.05,0.050000,Ampelopsis glandulosa,False,Ampelopsis cordata,0.130979,False,True,Ampelopsis glandulosa,True
Ampelopsis_glandulosa_0.jpg,Ampelopsis glandulosa,False,C-m0.06,0.060000,Ampelopsis glandulosa,False,Ampelopsis cordata,0.130979,False,True,Ampelopsis glandulosa,True
Ampelopsis_glandulosa_0.jpg,Ampelopsis glandulosa,False,C-m0.08,0.080000,Ampelopsis glandulosa,False,Ampelopsis cordata,0.130979,False,True,Ampelopsis glandulosa,True
Ampelopsis_glandulosa_0.jpg,Ampelopsis glandulosa,False,C-m0.1,0.100000,Ampelopsis glandulosa,False,Ampelopsis cordata,0.130979,False,True,Ampelopsis glandulosa,True
Ampelopsis_glandulosa_0.jpg,Ampelopsis glandulosa,False,C-m*raw,0.047722,Ampelopsis glandulosa,False,Ampelopsis cordata,0.130979,False,True,Ampelopsis glandulosa,True
Ampelopsis_glandulosa_0.jpg,Ampelopsis glandulosa,False,C-m*hazard,0.047722,Ampelopsis glandulosa,False,Ampelopsis cordata,0.130979,False,True,Ampelopsis glandulosa,True
Ampelopsis_glandulosa_1.jpg,Ampelopsis glandulosa,False,A,0.000000,Ampelopsis glandulosa,False,,inf,False,True,Ampelopsis glandulosa,True
Ampelopsis_glandulosa_1.jpg,Ampelopsis glandulosa,False,C,0.000000,Ampelopsis glandulosa,False,Ampelopsis cordata,0.124380,False,True,Ampelopsis glandulosa,True
Ampelopsis_glandulosa_1.jpg,Ampelopsis glandulosa,False,C-m0.01,0.010000,Ampelopsis glandulosa,False,Ampelopsis cordata,0.124380,False,True,Ampelopsis glandulosa,True
Ampelopsis_glandulosa_1.jpg,Ampelopsis glandulosa,False,C-m0.02,0.020000,Ampelopsis glandulosa,False,Ampelopsis cordata,0.124380,False,True,Ampelopsis glandulosa,True
Ampelopsis_glandulosa_1.jpg,Ampelopsis glandulosa,False,C-m0.03,0.030000,Ampelopsis glandulosa,False,Ampelopsis cordata,0.124380,False,True,Ampelopsis glandulosa,True
Ampelopsis_glandulosa_1.jpg,Ampelopsis glandulosa,False,C-m0.04,0.040000,Ampelopsis glandulosa,False,Ampelopsis cordata,0.124380,False,True,Ampelopsis glandulosa,True
Ampelopsis_glandulosa_1.jpg,Ampelopsis glandulosa,False,C-m0.048,0.048000,Ampelopsis glandulosa,False,Ampelopsis cordata,0.124380,False,True,Ampelopsis glandulosa,True
Ampelopsis_glandulosa_1.jpg,Ampelopsis glandulosa,False,C-m0.05,0.050000,Ampelopsis glandulosa,False,Ampelopsis cordata,0.124380,False,True,Ampelopsis glandulosa,True
Ampelopsis_glandulosa_1.jpg,Ampelopsis glandulosa,False,C-m0.06,0.060000,Ampelopsis glandulosa,False,Ampelopsis cordata,0.124380,False,True,Ampelopsis glandulosa,True
Ampelopsis_glandulosa_1.jpg,Ampelopsis glandulosa,False,C-m0.08,0.080000,Ampelopsis glandulosa,False,Ampelopsis cordata,0.124380,False,True,Ampelopsis glandulosa,True
Ampelopsis_glandulosa_1.jpg,Ampelopsis glandulosa,False,C-m0.1,0.100000,Ampelopsis glandulosa,False,Ampelopsis cordata,0.124380,False,True,Ampelopsis glandulosa,True
Ampelopsis_glandulosa_1.jpg,Ampelopsis glandulosa,False,C-m*raw,0.047722,Ampelopsis glandulosa,False,Ampelopsis cordata,0.124380,False,True,Ampelopsis glandulosa,True
Ampelopsis_glandulosa_1.jpg,Ampelopsis glandulosa,False,C-m*hazard,0.047722,Ampelopsis glandulosa,False,Ampelopsis cordata,0.124380,False,True,Ampelopsis glandulosa,True
Ampelopsis_glandulosa_2.jpg,Ampelopsis glandulosa,False,A,0.000000,Ampelopsis glandulosa,False,,inf,False,True,Ampelopsis glandulosa,True
Ampelopsis_glandulosa_2.jpg,Ampelopsis glandulosa,False,C,0.000000,Ampelopsis glandulosa,False,Ampelopsis cordata,0.116861,False,True,Ampelopsis glandulosa,True
Ampelopsis_glandulosa_2.jpg,Ampelopsis glandulosa,False,C-m0.01,0.010000,Ampelopsis glandulosa,False,Ampelopsis cordata,0.116861,False,True,Ampelopsis glandulosa,True
Ampelopsis_glandulosa_2.jpg,Ampelopsis glandulosa,False,C-m0.02,0.020000,Ampelopsis glandulosa,False,Ampelopsis cordata,0.116861,False,True,Ampelopsis glandulosa,True
Ampelopsis_glandulosa_2.jpg,Ampelopsis glandulosa,False,C-m0.03,0.030000,Ampelopsis glandulosa,False,Ampelopsis cordata,0.116861,False,True,Ampelopsis glandulosa,True
Ampelopsis_glandulosa_2.jpg,Ampelopsis glandulosa,False,C-m0.04,0.040000,Ampelopsis glandulosa,False,Ampelopsis cordata,0.116861,False,True,Ampelopsis glandulosa,True
Ampelopsis_glandulosa_2.jpg,Ampelopsis glandulosa,False,C-m0.048,0.048000,Ampelopsis glandulosa,False,Ampelopsis cordata,0.116861,False,True,Ampelopsis glandulosa,True
Ampelopsis_glandulosa_2.jpg,Ampelopsis glandulosa,False,C-m0.05,0.050000,Ampelopsis glandulosa,False,Ampelopsis cordata,0.116861,False,True,Ampelopsis glandulosa,True
Ampelopsis_glandulosa_2.jpg,Ampelopsis glandulosa,False,C-m0.06,0.060000,Ampelopsis glandulosa,False,Ampelopsis cordata,0.116861,False,True,Ampelopsis glandulosa,True
Ampelopsis_glandulosa_2.jpg,Ampelopsis glandulosa,False,C-m0.08,0.080000,Ampelopsis glandulosa,False,Ampelopsis cordata,0.116861,False,True,Ampelopsis glandulosa,True
Ampelopsis_glandulosa_2.jpg,Ampelopsis glandulosa,False,C-m0.1,0.100000,Ampelopsis glandulosa,False,Ampelopsis cordata,0.116861,False,True,Ampelopsis glandulosa,True
Ampelopsis_glandulosa_2.jpg,Ampelopsis glandulosa,False,C-m*raw,0.047722,Ampelopsis glandulosa,False,Ampelopsis cordata,0.116861,False,True,Ampelopsis glandulosa,True
Ampelopsis_glandulosa_2.jpg,Ampelopsis glandulosa,False,C-m*hazard,0.047722,Ampelopsis glandulosa,False,Ampelopsis cordata,0.116861,False,True,Ampelopsis glandulosa,True
Diospyros_virginiana_0.jpg,Diospyros virginiana,False,A,0.000000,Diospyros virginiana,False,,inf,False,True,Diospyros virginiana,True
Diospyros_virginiana_0.jpg,Diospyros virginiana,False,C,0.000000,Asimina triloba,True,Asimina triloba,0.000000,False,False,,False
Diospyros_virginiana_0.jpg,Diospyros virginiana,False,C-m0.01,0.010000,Asimina triloba,True,Asimina triloba,0.000000,False,False,,False
Diospyros_virginiana_0.jpg,Diospyros virginiana,False,C-m0.02,0.020000,Asimina triloba,True,Asimina triloba,0.000000,False,False,,False
Diospyros_virginiana_0.jpg,Diospyros virginiana,False,C-m0.03,0.030000,Asimina triloba,True,Asimina triloba,0.000000,False,False,,False
Diospyros_virginiana_0.jpg,Diospyros virginiana,False,C-m0.04,0.040000,Asimina triloba,True,Asimina triloba,0.000000,False,False,,False
Diospyros_virginiana_0.jpg,Diospyros virginiana,False,C-m0.048,0.048000,Asimina triloba,True,Asimina triloba,0.000000,False,False,,False
Diospyros_virginiana_0.jpg,Diospyros virginiana,False,C-m0.05,0.050000,Asimina triloba,True,Asimina triloba,0.000000,False,False,,False
Diospyros_virginiana_0.jpg,Diospyros virginiana,False,C-m0.06,0.060000,Asimina triloba,True,Asimina triloba,0.000000,False,False,,False
Diospyros_virginiana_0.jpg,Diospyros virginiana,False,C-m0.08,0.080000,Asimina triloba,True,Asimina triloba,0.000000,False,False,,False
Diospyros_virginiana_0.jpg,Diospyros virginiana,False,C-m0.1,0.100000,Asimina triloba,True,Asimina triloba,0.000000,False,False,,False
Diospyros_virginiana_0.jpg,Diospyros virginiana,False,C-m*raw,0.047722,Asimina triloba,True,Asimina triloba,0.000000,False,False,,False
Diospyros_virginiana_0.jpg,Diospyros virginiana,False,C-m*hazard,0.047722,Asimina triloba,True,Asimina triloba,0.000000,False,False,,False
Diospyros_virginiana_1.jpg,Diospyros virginiana,False,A,0.000000,Diospyros virginiana,False,,inf,False,True,Diospyros virginiana,True
Diospyros_virginiana_1.jpg,Diospyros virginiana,False,C,0.000000,Quercus marilandica,True,Quercus marilandica,0.000000,False,False,,False
Diospyros_virginiana_1.jpg,Diospyros virginiana,False,C-m0.01,0.010000,Quercus marilandica,True,Quercus marilandica,0.000000,False,False,,False
Diospyros_virginiana_1.jpg,Diospyros virginiana,False,C-m0.02,0.020000,Quercus marilandica,True,Quercus marilandica,0.000000,False,False,,False
Diospyros_virginiana_1.jpg,Diospyros virginiana,False,C-m0.03,0.030000,Quercus marilandica,True,Quercus marilandica,0.000000,False,False,,False
Diospyros_virginiana_1.jpg,Diospyros virginiana,False,C-m0.04,0.040000,Quercus marilandica,True,Quercus marilandica,0.000000,False,False,,False
Diospyros_virginiana_1.jpg,Diospyros virginiana,False,C-m0.048,0.048000,Quercus marilandica,True,Quercus marilandica,0.000000,False,False,,False
Diospyros_virginiana_1.jpg,Diospyros virginiana,False,C-m0.05,0.050000,Quercus marilandica,True,Quercus marilandica,0.000000,False,False,,False
Diospyros_virginiana_1.jpg,Diospyros virginiana,False,C-m0.06,0.060000,Quercus marilandica,True,Quercus marilandica,0.000000,False,False,,False
Diospyros_virginiana_1.jpg,Diospyros virginiana,False,C-m0.08,0.080000,Quercus marilandica,True,Quercus marilandica,0.000000,False,False,,False
Diospyros_virginiana_1.jpg,Diospyros virginiana,False,C-m0.1,0.100000,Quercus marilandica,True,Quercus marilandica,0.000000,False,False,,False
Diospyros_virginiana_1.jpg,Diospyros virginiana,False,C-m*raw,0.047722,Quercus marilandica,True,Quercus marilandica,0.000000,False,False,,False
Diospyros_virginiana_1.jpg,Diospyros virginiana,False,C-m*hazard,0.047722,Quercus marilandica,True,Quercus marilandica,0.000000,False,False,,False
Diospyros_virginiana_2.jpg,Diospyros virginiana,False,A,0.000000,Quercus nigra,False,,inf,False,True,Quercus nigra,False
Diospyros_virginiana_2.jpg,Diospyros virginiana,False,C,0.000000,Quercus nigra,False,Quercus marilandica,0.014878,False,True,Quercus nigra,False
Diospyros_virginiana_2.jpg,Diospyros virginiana,False,C-m0.01,0.010000,Quercus nigra,False,Quercus marilandica,0.014878,False,True,Quercus nigra,False
Diospyros_virginiana_2.jpg,Diospyros virginiana,False,C-m0.02,0.020000,Quercus nigra,False,Quercus marilandica,0.014878,False,False,,False
Diospyros_virginiana_2.jpg,Diospyros virginiana,False,C-m0.03,0.030000,Quercus nigra,False,Quercus marilandica,0.014878,False,False,,False
Diospyros_virginiana_2.jpg,Diospyros virginiana,False,C-m0.04,0.040000,Quercus nigra,False,Quercus marilandica,0.014878,False,False,,False
Diospyros_virginiana_2.jpg,Diospyros virginiana,False,C-m0.048,0.048000,Quercus nigra,False,Quercus marilandica,0.014878,False,False,,False
Diospyros_virginiana_2.jpg,Diospyros virginiana,False,C-m0.05,0.050000,Quercus nigra,False,Quercus marilandica,0.014878,False,False,,False
Diospyros_virginiana_2.jpg,Diospyros virginiana,False,C-m0.06,0.060000,Quercus nigra,False,Quercus marilandica,0.014878,False,False,,False
Diospyros_virginiana_2.jpg,Diospyros virginiana,False,C-m0.08,0.080000,Quercus nigra,False,Quercus marilandica,0.014878,False,False,,False
Diospyros_virginiana_2.jpg,Diospyros virginiana,False,C-m0.1,0.100000,Quercus nigra,False,Quercus marilandica,0.014878,False,False,,False
Diospyros_virginiana_2.jpg,Diospyros virginiana,False,C-m*raw,0.047722,Quercus nigra,False,Quercus marilandica,0.014878,False,False,,False
Diospyros_virginiana_2.jpg,Diospyros virginiana,False,C-m*hazard,0.047722,Quercus nigra,False,Quercus marilandica,0.014878,False,False,,False
Platanus_occidentalis_0.jpg,Platanus occidentalis,False,A,0.000000,Platanus occidentalis,False,,inf,True,True,Platanus occidentalis,True
Platanus_occidentalis_0.jpg,Platanus occidentalis,False,C,0.000000,Acer negundo,True,Acer negundo,0.000000,True,False,,False
Platanus_occidentalis_0.jpg,Platanus occidentalis,False,C-m0.01,0.010000,Acer negundo,True,Acer negundo,0.000000,True,False,,False
Platanus_occidentalis_0.jpg,Platanus occidentalis,False,C-m0.02,0.020000,Acer negundo,True,Acer negundo,0.000000,True,False,,False
Platanus_occidentalis_0.jpg,Platanus occidentalis,False,C-m0.03,0.030000,Acer negundo,True,Acer negundo,0.000000,True,False,,False
Platanus_occidentalis_0.jpg,Platanus occidentalis,False,C-m0.04,0.040000,Acer negundo,True,Acer negundo,0.000000,True,False,,False
Platanus_occidentalis_0.jpg,Platanus occidentalis,False,C-m0.048,0.048000,Acer negundo,True,Acer negundo,0.000000,True,False,,False
Platanus_occidentalis_0.jpg,Platanus occidentalis,False,C-m0.05,0.050000,Acer negundo,True,Acer negundo,0.000000,True,False,,False
Platanus_occidentalis_0.jpg,Platanus occidentalis,False,C-m0.06,0.060000,Acer negundo,True,Acer negundo,0.000000,True,False,,False
Platanus_occidentalis_0.jpg,Platanus occidentalis,False,C-m0.08,0.080000,Acer negundo,True,Acer negundo,0.000000,True,False,,False
Platanus_occidentalis_0.jpg,Platanus occidentalis,False,C-m0.1,0.100000,Acer negundo,True,Acer negundo,0.000000,True,False,,False
Platanus_occidentalis_0.jpg,Platanus occidentalis,False,C-m*raw,0.047722,Acer negundo,True,Acer negundo,0.000000,True,False,,False
Platanus_occidentalis_0.jpg,Platanus occidentalis,False,C-m*hazard,0.047722,Acer negundo,True,Acer negundo,0.000000,True,False,,False
Platanus_occidentalis_1.jpg,Platanus occidentalis,False,A,0.000000,Platanus occidentalis,False,,inf,False,True,Platanus occidentalis,True
Platanus_occidentalis_1.jpg,Platanus occidentalis,False,C,0.000000,Platanus occidentalis,False,Morus alba,0.062471,False,True,Platanus occidentalis,True
Platanus_occidentalis_1.jpg,Platanus occidentalis,False,C-m0.01,0.010000,Platanus occidentalis,False,Morus alba,0.062471,False,True,Platanus occidentalis,True
Platanus_occidentalis_1.jpg,Platanus occidentalis,False,C-m0.02,0.020000,Platanus occidentalis,False,Morus alba,0.062471,False,True,Platanus occidentalis,True
Platanus_occidentalis_1.jpg,Platanus occidentalis,False,C-m0.03,0.030000,Platanus occidentalis,False,Morus alba,0.062471,False,True,Platanus occidentalis,True
Platanus_occidentalis_1.jpg,Platanus occidentalis,False,C-m0.04,0.040000,Platanus occidentalis,False,Morus alba,0.062471,False,True,Platanus occidentalis,True
Platanus_occidentalis_1.jpg,Platanus occidentalis,False,C-m0.048,0.048000,Platanus occidentalis,False,Morus alba,0.062471,False,True,Platanus occidentalis,True
Platanus_occidentalis_1.jpg,Platanus occidentalis,False,C-m0.05,0.050000,Platanus occidentalis,False,Morus alba,0.062471,False,True,Platanus occidentalis,True
Platanus_occidentalis_1.jpg,Platanus occidentalis,False,C-m0.06,0.060000,Platanus occidentalis,False,Morus alba,0.062471,False,True,Platanus occidentalis,True
Platanus_occidentalis_1.jpg,Platanus occidentalis,False,C-m0.08,0.080000,Platanus occidentalis,False,Morus alba,0.062471,False,False,,False
Platanus_occidentalis_1.jpg,Platanus occidentalis,False,C-m0.1,0.100000,Platanus occidentalis,False,Morus alba,0.062471,False,False,,False
Platanus_occidentalis_1.jpg,Platanus occidentalis,False,C-m*raw,0.047722,Platanus occidentalis,False,Morus alba,0.062471,False,True,Platanus occidentalis,True
Platanus_occidentalis_1.jpg,Platanus occidentalis,False,C-m*hazard,0.047722,Platanus occidentalis,False,Morus alba,0.062471,False,True,Platanus occidentalis,True
Platanus_occidentalis_2.jpg,Platanus occidentalis,False,A,0.000000,Platanus occidentalis,False,,inf,False,True,Platanus occidentalis,True
Platanus_occidentalis_2.jpg,Platanus occidentalis,False,C,0.000000,Platanus occidentalis,False,Acer rubrum,0.083543,False,True,Platanus occidentalis,True
Platanus_occidentalis_2.jpg,Platanus occidentalis,False,C-m0.01,0.010000,Platanus occidentalis,False,Acer rubrum,0.083543,False,True,Platanus occidentalis,True
Platanus_occidentalis_2.jpg,Platanus occidentalis,False,C-m0.02,0.020000,Platanus occidentalis,False,Acer rubrum,0.083543,False,True,Platanus occidentalis,True
Platanus_occidentalis_2.jpg,Platanus occidentalis,False,C-m0.03,0.030000,Platanus occidentalis,False,Acer rubrum,0.083543,False,True,Platanus occidentalis,True
Platanus_occidentalis_2.jpg,Platanus occidentalis,False,C-m0.04,0.040000,Platanus occidentalis,False,Acer rubrum,0.083543,False,True,Platanus occidentalis,True
Platanus_occidentalis_2.jpg,Platanus occidentalis,False,C-m0.048,0.048000,Platanus occidentalis,False,Acer rubrum,0.083543,False,True,Platanus occidentalis,True
Platanus_occidentalis_2.jpg,Platanus occidentalis,False,C-m0.05,0.050000,Platanus occidentalis,False,Acer rubrum,0.083543,False,True,Platanus occidentalis,True
Platanus_occidentalis_2.jpg,Platanus occidentalis,False,C-m0.06,0.060000,Platanus occidentalis,False,Acer rubrum,0.083543,False,True,Platanus occidentalis,True
Platanus_occidentalis_2.jpg,Platanus occidentalis,False,C-m0.08,0.080000,Platanus occidentalis,False,Acer rubrum,0.083543,False,True,Platanus occidentalis,True
Platanus_occidentalis_2.jpg,Platanus occidentalis,False,C-m0.1,0.100000,Platanus occidentalis,False,Acer rubrum,0.083543,False,False,,False
Platanus_occidentalis_2.jpg,Platanus occidentalis,False,C-m*raw,0.047722,Platanus occidentalis,False,Acer rubrum,0.083543,False,True,Platanus occidentalis,True
Platanus_occidentalis_2.jpg,Platanus occidentalis,False,C-m*hazard,0.047722,Platanus occidentalis,False,Acer rubrum,0.083543,False,True,Platanus occidentalis,True
Vitis_rotundifolia_0.jpg,Vitis rotundifolia,False,A,0.000000,Vitis rotundifolia,False,,inf,False,True,Vitis rotundifolia,True
Vitis_rotundifolia_0.jpg,Vitis rotundifolia,False,C,0.000000,Ampelopsis cordata,True,Ampelopsis cordata,0.000000,False,False,,False
Vitis_rotundifolia_0.jpg,Vitis rotundifolia,False,C-m0.01,0.010000,Ampelopsis cordata,True,Ampelopsis cordata,0.000000,False,False,,False
Vitis_rotundifolia_0.jpg,Vitis rotundifolia,False,C-m0.02,0.020000,Ampelopsis cordata,True,Ampelopsis cordata,0.000000,False,False,,False
Vitis_rotundifolia_0.jpg,Vitis rotundifolia,False,C-m0.03,0.030000,Ampelopsis cordata,True,Ampelopsis cordata,0.000000,False,False,,False
Vitis_rotundifolia_0.jpg,Vitis rotundifolia,False,C-m0.04,0.040000,Ampelopsis cordata,True,Ampelopsis cordata,0.000000,False,False,,False
Vitis_rotundifolia_0.jpg,Vitis rotundifolia,False,C-m0.048,0.048000,Ampelopsis cordata,True,Ampelopsis cordata,0.000000,False,False,,False
Vitis_rotundifolia_0.jpg,Vitis rotundifolia,False,C-m0.05,0.050000,Ampelopsis cordata,True,Ampelopsis cordata,0.000000,False,False,,False
Vitis_rotundifolia_0.jpg,Vitis rotundifolia,False,C-m0.06,0.060000,Ampelopsis cordata,True,Ampelopsis cordata,0.000000,False,False,,False
Vitis_rotundifolia_0.jpg,Vitis rotundifolia,False,C-m0.08,0.080000,Ampelopsis cordata,True,Ampelopsis cordata,0.000000,False,False,,False
Vitis_rotundifolia_0.jpg,Vitis rotundifolia,False,C-m0.1,0.100000,Ampelopsis cordata,True,Ampelopsis cordata,0.000000,False,False,,False
Vitis_rotundifolia_0.jpg,Vitis rotundifolia,False,C-m*raw,0.047722,Ampelopsis cordata,True,Ampelopsis cordata,0.000000,False,False,,False
Vitis_rotundifolia_0.jpg,Vitis rotundifolia,False,C-m*hazard,0.047722,Ampelopsis cordata,True,Ampelopsis cordata,0.000000,False,False,,False
Vitis_rotundifolia_1.jpg,Vitis rotundifolia,False,A,0.000000,Vitis rotundifolia,False,,inf,False,True,Vitis rotundifolia,True
Vitis_rotundifolia_1.jpg,Vitis rotundifolia,False,C,0.000000,Melothria pendula,True,Melothria pendula,0.000000,False,False,,False
Vitis_rotundifolia_1.jpg,Vitis rotundifolia,False,C-m0.01,0.010000,Melothria pendula,True,Melothria pendula,0.000000,False,False,,False
Vitis_rotundifolia_1.jpg,Vitis rotundifolia,False,C-m0.02,0.020000,Melothria pendula,True,Melothria pendula,0.000000,False,False,,False
Vitis_rotundifolia_1.jpg,Vitis rotundifolia,False,C-m0.03,0.030000,Melothria pendula,True,Melothria pendula,0.000000,False,False,,False
Vitis_rotundifolia_1.jpg,Vitis rotundifolia,False,C-m0.04,0.040000,Melothria pendula,True,Melothria pendula,0.000000,False,False,,False
Vitis_rotundifolia_1.jpg,Vitis rotundifolia,False,C-m0.048,0.048000,Melothria pendula,True,Melothria pendula,0.000000,False,False,,False
Vitis_rotundifolia_1.jpg,Vitis rotundifolia,False,C-m0.05,0.050000,Melothria pendula,True,Melothria pendula,0.000000,False,False,,False
Vitis_rotundifolia_1.jpg,Vitis rotundifolia,False,C-m0.06,0.060000,Melothria pendula,True,Melothria pendula,0.000000,False,False,,False
Vitis_rotundifolia_1.jpg,Vitis rotundifolia,False,C-m0.08,0.080000,Melothria pendula,True,Melothria pendula,0.000000,False,False,,False
Vitis_rotundifolia_1.jpg,Vitis rotundifolia,False,C-m0.1,0.100000,Melothria pendula,True,Melothria pendula,0.000000,False,False,,False
Vitis_rotundifolia_1.jpg,Vitis rotundifolia,False,C-m*raw,0.047722,Melothria pendula,True,Melothria pendula,0.000000,False,False,,False
Vitis_rotundifolia_1.jpg,Vitis rotundifolia,False,C-m*hazard,0.047722,Melothria pendula,True,Melothria pendula,0.000000,False,False,,False
Vitis_rotundifolia_2.jpg,Vitis rotundifolia,False,A,0.000000,Ampelopsis glandulosa,False,,inf,False,True,Ampelopsis glandulosa,False
Vitis_rotundifolia_2.jpg,Vitis rotundifolia,False,C,0.000000,Actaea pachypoda,True,Actaea pachypoda,0.000000,False,False,,False
Vitis_rotundifolia_2.jpg,Vitis rotundifolia,False,C-m0.01,0.010000,Actaea pachypoda,True,Actaea pachypoda,0.000000,False,False,,False
Vitis_rotundifolia_2.jpg,Vitis rotundifolia,False,C-m0.02,0.020000,Actaea pachypoda,True,Actaea pachypoda,0.000000,False,False,,False
Vitis_rotundifolia_2.jpg,Vitis rotundifolia,False,C-m0.03,0.030000,Actaea pachypoda,True,Actaea pachypoda,0.000000,False,False,,False
Vitis_rotundifolia_2.jpg,Vitis rotundifolia,False,C-m0.04,0.040000,Actaea pachypoda,True,Actaea pachypoda,0.000000,False,False,,False
Vitis_rotundifolia_2.jpg,Vitis rotundifolia,False,C-m0.048,0.048000,Actaea pachypoda,True,Actaea pachypoda,0.000000,False,False,,False
Vitis_rotundifolia_2.jpg,Vitis rotundifolia,False,C-m0.05,0.050000,Actaea pachypoda,True,Actaea pachypoda,0.000000,False,False,,False
Vitis_rotundifolia_2.jpg,Vitis rotundifolia,False,C-m0.06,0.060000,Actaea pachypoda,True,Actaea pachypoda,0.000000,False,False,,False
Vitis_rotundifolia_2.jpg,Vitis rotundifolia,False,C-m0.08,0.080000,Actaea pachypoda,True,Actaea pachypoda,0.000000,False,False,,False
Vitis_rotundifolia_2.jpg,Vitis rotundifolia,False,C-m0.1,0.100000,Actaea pachypoda,True,Actaea pachypoda,0.000000,False,False,,False
Vitis_rotundifolia_2.jpg,Vitis rotundifolia,False,C-m*raw,0.047722,Actaea pachypoda,True,Actaea pachypoda,0.000000,False,False,,False
Vitis_rotundifolia_2.jpg,Vitis rotundifolia,False,C-m*hazard,0.047722,Actaea pachypoda,True,Actaea pachypoda,0.000000,False,False,,False
Pueraria_montana_0.jpg,Pueraria montana,False,A,0.000000,Pueraria montana,False,,inf,False,True,Pueraria montana,True
Pueraria_montana_0.jpg,Pueraria montana,False,C,0.000000,Pueraria montana,False,Clitoria ternatea,0.132597,False,True,Pueraria montana,True
Pueraria_montana_0.jpg,Pueraria montana,False,C-m0.01,0.010000,Pueraria montana,False,Clitoria ternatea,0.132597,False,True,Pueraria montana,True
Pueraria_montana_0.jpg,Pueraria montana,False,C-m0.02,0.020000,Pueraria montana,False,Clitoria ternatea,0.132597,False,True,Pueraria montana,True
Pueraria_montana_0.jpg,Pueraria montana,False,C-m0.03,0.030000,Pueraria montana,False,Clitoria ternatea,0.132597,False,True,Pueraria montana,True
Pueraria_montana_0.jpg,Pueraria montana,False,C-m0.04,0.040000,Pueraria montana,False,Clitoria ternatea,0.132597,False,True,Pueraria montana,True
Pueraria_montana_0.jpg,Pueraria montana,False,C-m0.048,0.048000,Pueraria montana,False,Clitoria ternatea,0.132597,False,True,Pueraria montana,True
Pueraria_montana_0.jpg,Pueraria montana,False,C-m0.05,0.050000,Pueraria montana,False,Clitoria ternatea,0.132597,False,True,Pueraria montana,True
Pueraria_montana_0.jpg,Pueraria montana,False,C-m0.06,0.060000,Pueraria montana,False,Clitoria ternatea,0.132597,False,True,Pueraria montana,True
Pueraria_montana_0.jpg,Pueraria montana,False,C-m0.08,0.080000,Pueraria montana,False,Clitoria ternatea,0.132597,False,True,Pueraria montana,True
Pueraria_montana_0.jpg,Pueraria montana,False,C-m0.1,0.100000,Pueraria montana,False,Clitoria ternatea,0.132597,False,True,Pueraria montana,True
Pueraria_montana_0.jpg,Pueraria montana,False,C-m*raw,0.047722,Pueraria montana,False,Clitoria ternatea,0.132597,False,True,Pueraria montana,True
Pueraria_montana_0.jpg,Pueraria montana,False,C-m*hazard,0.047722,Pueraria montana,False,Clitoria ternatea,0.132597,False,True,Pueraria montana,True
Pueraria_montana_1.jpg,Pueraria montana,False,A,0.000000,Pueraria montana,False,,inf,False,True,Pueraria montana,True
Pueraria_montana_1.jpg,Pueraria montana,False,C,0.000000,Pontederia crassipes,True,Pontederia crassipes,0.000000,False,False,,False
Pueraria_montana_1.jpg,Pueraria montana,False,C-m0.01,0.010000,Pontederia crassipes,True,Pontederia crassipes,0.000000,False,False,,False
Pueraria_montana_1.jpg,Pueraria montana,False,C-m0.02,0.020000,Pontederia crassipes,True,Pontederia crassipes,0.000000,False,False,,False
Pueraria_montana_1.jpg,Pueraria montana,False,C-m0.03,0.030000,Pontederia crassipes,True,Pontederia crassipes,0.000000,False,False,,False
Pueraria_montana_1.jpg,Pueraria montana,False,C-m0.04,0.040000,Pontederia crassipes,True,Pontederia crassipes,0.000000,False,False,,False
Pueraria_montana_1.jpg,Pueraria montana,False,C-m0.048,0.048000,Pontederia crassipes,True,Pontederia crassipes,0.000000,False,False,,False
Pueraria_montana_1.jpg,Pueraria montana,False,C-m0.05,0.050000,Pontederia crassipes,True,Pontederia crassipes,0.000000,False,False,,False
Pueraria_montana_1.jpg,Pueraria montana,False,C-m0.06,0.060000,Pontederia crassipes,True,Pontederia crassipes,0.000000,False,False,,False
Pueraria_montana_1.jpg,Pueraria montana,False,C-m0.08,0.080000,Pontederia crassipes,True,Pontederia crassipes,0.000000,False,False,,False
Pueraria_montana_1.jpg,Pueraria montana,False,C-m0.1,0.100000,Pontederia crassipes,True,Pontederia crassipes,0.000000,False,False,,False
Pueraria_montana_1.jpg,Pueraria montana,False,C-m*raw,0.047722,Pontederia crassipes,True,Pontederia crassipes,0.000000,False,False,,False
Pueraria_montana_1.jpg,Pueraria montana,False,C-m*hazard,0.047722,Pontederia crassipes,True,Pontederia crassipes,0.000000,False,False,,False
Pueraria_montana_2.jpg,Pueraria montana,False,A,0.000000,Pueraria montana,False,,inf,False,True,Pueraria montana,True
Pueraria_montana_2.jpg,Pueraria montana,False,C,0.000000,Pueraria montana,False,Apios americana,0.063900,False,True,Pueraria montana,True
Pueraria_montana_2.jpg,Pueraria montana,False,C-m0.01,0.010000,Pueraria montana,False,Apios americana,0.063900,False,True,Pueraria montana,True
Pueraria_montana_2.jpg,Pueraria montana,False,C-m0.02,0.020000,Pueraria montana,False,Apios americana,0.063900,False,True,Pueraria montana,True
Pueraria_montana_2.jpg,Pueraria montana,False,C-m0.03,0.030000,Pueraria montana,False,Apios americana,0.063900,False,True,Pueraria montana,True
Pueraria_montana_2.jpg,Pueraria montana,False,C-m0.04,0.040000,Pueraria montana,False,Apios americana,0.063900,False,True,Pueraria montana,True
Pueraria_montana_2.jpg,Pueraria montana,False,C-m0.048,0.048000,Pueraria montana,False,Apios americana,0.063900,False,True,Pueraria montana,True
Pueraria_montana_2.jpg,Pueraria montana,False,C-m0.05,0.050000,Pueraria montana,False,Apios americana,0.063900,False,True,Pueraria montana,True
Pueraria_montana_2.jpg,Pueraria montana,False,C-m0.06,0.060000,Pueraria montana,False,Apios americana,0.063900,False,True,Pueraria montana,True
Pueraria_montana_2.jpg,Pueraria montana,False,C-m0.08,0.080000,Pueraria montana,False,Apios americana,0.063900,False,False,,False
Pueraria_montana_2.jpg,Pueraria montana,False,C-m0.1,0.100000,Pueraria montana,False,Apios americana,0.063900,False,False,,False
Pueraria_montana_2.jpg,Pueraria montana,False,C-m*raw,0.047722,Pueraria montana,False,Apios americana,0.063900,False,True,Pueraria montana,True
Pueraria_montana_2.jpg,Pueraria montana,False,C-m*hazard,0.047722,Pueraria montana,False,Apios americana,0.063900,False,True,Pueraria montana,True
Cercis_canadensis_0.jpg,Cercis canadensis,False,A,0.000000,Cercis canadensis,False,,inf,False,True,Cercis canadensis,True
Cercis_canadensis_0.jpg,Cercis canadensis,False,C,0.000000,Dichondra carolinensis,True,Dichondra carolinensis,0.000000,False,False,,False
Cercis_canadensis_0.jpg,Cercis canadensis,False,C-m0.01,0.010000,Dichondra carolinensis,True,Dichondra carolinensis,0.000000,False,False,,False
Cercis_canadensis_0.jpg,Cercis canadensis,False,C-m0.02,0.020000,Dichondra carolinensis,True,Dichondra carolinensis,0.000000,False,False,,False
Cercis_canadensis_0.jpg,Cercis canadensis,False,C-m0.03,0.030000,Dichondra carolinensis,True,Dichondra carolinensis,0.000000,False,False,,False
Cercis_canadensis_0.jpg,Cercis canadensis,False,C-m0.04,0.040000,Dichondra carolinensis,True,Dichondra carolinensis,0.000000,False,False,,False
Cercis_canadensis_0.jpg,Cercis canadensis,False,C-m0.048,0.048000,Dichondra carolinensis,True,Dichondra carolinensis,0.000000,False,False,,False
Cercis_canadensis_0.jpg,Cercis canadensis,False,C-m0.05,0.050000,Dichondra carolinensis,True,Dichondra carolinensis,0.000000,False,False,,False
Cercis_canadensis_0.jpg,Cercis canadensis,False,C-m0.06,0.060000,Dichondra carolinensis,True,Dichondra carolinensis,0.000000,False,False,,False
Cercis_canadensis_0.jpg,Cercis canadensis,False,C-m0.08,0.080000,Dichondra carolinensis,True,Dichondra carolinensis,0.000000,False,False,,False
Cercis_canadensis_0.jpg,Cercis canadensis,False,C-m0.1,0.100000,Dichondra carolinensis,True,Dichondra carolinensis,0.000000,False,False,,False
Cercis_canadensis_0.jpg,Cercis canadensis,False,C-m*raw,0.047722,Dichondra carolinensis,True,Dichondra carolinensis,0.000000,False,False,,False
Cercis_canadensis_0.jpg,Cercis canadensis,False,C-m*hazard,0.047722,Dichondra carolinensis,True,Dichondra carolinensis,0.000000,False,False,,False
Cercis_canadensis_1.jpg,Cercis canadensis,False,A,0.000000,Cercis canadensis,False,,inf,False,True,Cercis canadensis,True
Cercis_canadensis_1.jpg,Cercis canadensis,False,C,0.000000,Cercis canadensis,False,Menispermum canadense,0.080107,False,True,Cercis canadensis,True
Cercis_canadensis_1.jpg,Cercis canadensis,False,C-m0.01,0.010000,Cercis canadensis,False,Menispermum canadense,0.080107,False,True,Cercis canadensis,True
Cercis_canadensis_1.jpg,Cercis canadensis,False,C-m0.02,0.020000,Cercis canadensis,False,Menispermum canadense,0.080107,False,True,Cercis canadensis,True
Cercis_canadensis_1.jpg,Cercis canadensis,False,C-m0.03,0.030000,Cercis canadensis,False,Menispermum canadense,0.080107,False,True,Cercis canadensis,True
Cercis_canadensis_1.jpg,Cercis canadensis,False,C-m0.04,0.040000,Cercis canadensis,False,Menispermum canadense,0.080107,False,True,Cercis canadensis,True
Cercis_canadensis_1.jpg,Cercis canadensis,False,C-m0.048,0.048000,Cercis canadensis,False,Menispermum canadense,0.080107,False,True,Cercis canadensis,True
Cercis_canadensis_1.jpg,Cercis canadensis,False,C-m0.05,0.050000,Cercis canadensis,False,Menispermum canadense,0.080107,False,True,Cercis canadensis,True
Cercis_canadensis_1.jpg,Cercis canadensis,False,C-m0.06,0.060000,Cercis canadensis,False,Menispermum canadense,0.080107,False,True,Cercis canadensis,True
Cercis_canadensis_1.jpg,Cercis canadensis,False,C-m0.08,0.080000,Cercis canadensis,False,Menispermum canadense,0.080107,False,True,Cercis canadensis,True
Cercis_canadensis_1.jpg,Cercis canadensis,False,C-m0.1,0.100000,Cercis canadensis,False,Menispermum canadense,0.080107,False,False,,False
Cercis_canadensis_1.jpg,Cercis canadensis,False,C-m*raw,0.047722,Cercis canadensis,False,Menispermum canadense,0.080107,False,True,Cercis canadensis,True
Cercis_canadensis_1.jpg,Cercis canadensis,False,C-m*hazard,0.047722,Cercis canadensis,False,Menispermum canadense,0.080107,False,True,Cercis canadensis,True
Cercis_canadensis_2.jpg,Cercis canadensis,False,A,0.000000,Cercis canadensis,False,,inf,False,True,Cercis canadensis,True
Cercis_canadensis_2.jpg,Cercis canadensis,False,C,0.000000,Menispermum canadense,True,Menispermum canadense,0.000000,False,False,,False
Cercis_canadensis_2.jpg,Cercis canadensis,False,C-m0.01,0.010000,Menispermum canadense,True,Menispermum canadense,0.000000,False,False,,False
Cercis_canadensis_2.jpg,Cercis canadensis,False,C-m0.02,0.020000,Menispermum canadense,True,Menispermum canadense,0.000000,False,False,,False
Cercis_canadensis_2.jpg,Cercis canadensis,False,C-m0.03,0.030000,Menispermum canadense,True,Menispermum canadense,0.000000,False,False,,False
Cercis_canadensis_2.jpg,Cercis canadensis,False,C-m0.04,0.040000,Menispermum canadense,True,Menispermum canadense,0.000000,False,False,,False
Cercis_canadensis_2.jpg,Cercis canadensis,False,C-m0.048,0.048000,Menispermum canadense,True,Menispermum canadense,0.000000,False,False,,False
Cercis_canadensis_2.jpg,Cercis canadensis,False,C-m0.05,0.050000,Menispermum canadense,True,Menispermum canadense,0.000000,False,False,,False
Cercis_canadensis_2.jpg,Cercis canadensis,False,C-m0.06,0.060000,Menispermum canadense,True,Menispermum canadense,0.000000,False,False,,False
Cercis_canadensis_2.jpg,Cercis canadensis,False,C-m0.08,0.080000,Menispermum canadense,True,Menispermum canadense,0.000000,False,False,,False
Cercis_canadensis_2.jpg,Cercis canadensis,False,C-m0.1,0.100000,Menispermum canadense,True,Menispermum canadense,0.000000,False,False,,False
Cercis_canadensis_2.jpg,Cercis canadensis,False,C-m*raw,0.047722,Menispermum canadense,True,Menispermum canadense,0.000000,False,False,,False
Cercis_canadensis_2.jpg,Cercis canadensis,False,C-m*hazard,0.047722,Menispermum canadense,True,Menispermum canadense,0.000000,False,False,,False
Quercus_nigra_0.jpg,Quercus nigra,False,A,0.000000,Quercus nigra,False,,inf,False,True,Quercus nigra,True
Quercus_nigra_0.jpg,Quercus nigra,False,C,0.000000,Quercus marilandica,True,Quercus marilandica,0.000000,False,False,,False
Quercus_nigra_0.jpg,Quercus nigra,False,C-m0.01,0.010000,Quercus marilandica,True,Quercus marilandica,0.000000,False,False,,False
Quercus_nigra_0.jpg,Quercus nigra,False,C-m0.02,0.020000,Quercus marilandica,True,Quercus marilandica,0.000000,False,False,,False
Quercus_nigra_0.jpg,Quercus nigra,False,C-m0.03,0.030000,Quercus marilandica,True,Quercus marilandica,0.000000,False,False,,False
Quercus_nigra_0.jpg,Quercus nigra,False,C-m0.04,0.040000,Quercus marilandica,True,Quercus marilandica,0.000000,False,False,,False
Quercus_nigra_0.jpg,Quercus nigra,False,C-m0.048,0.048000,Quercus marilandica,True,Quercus marilandica,0.000000,False,False,,False
Quercus_nigra_0.jpg,Quercus nigra,False,C-m0.05,0.050000,Quercus marilandica,True,Quercus marilandica,0.000000,False,False,,False
Quercus_nigra_0.jpg,Quercus nigra,False,C-m0.06,0.060000,Quercus marilandica,True,Quercus marilandica,0.000000,False,False,,False
Quercus_nigra_0.jpg,Quercus nigra,False,C-m0.08,0.080000,Quercus marilandica,True,Quercus marilandica,0.000000,False,False,,False
Quercus_nigra_0.jpg,Quercus nigra,False,C-m0.1,0.100000,Quercus marilandica,True,Quercus marilandica,0.000000,False,False,,False
Quercus_nigra_0.jpg,Quercus nigra,False,C-m*raw,0.047722,Quercus marilandica,True,Quercus marilandica,0.000000,False,False,,False
Quercus_nigra_0.jpg,Quercus nigra,False,C-m*hazard,0.047722,Quercus marilandica,True,Quercus marilandica,0.000000,False,False,,False
Quercus_nigra_1.jpg,Quercus nigra,False,A,0.000000,Magnolia grandiflora,False,,inf,False,True,Magnolia grandiflora,False
Quercus_nigra_1.jpg,Quercus nigra,False,C,0.000000,Gomphocarpus physocarpus,True,Gomphocarpus physocarpus,0.000000,False,False,,False
Quercus_nigra_1.jpg,Quercus nigra,False,C-m0.01,0.010000,Gomphocarpus physocarpus,True,Gomphocarpus physocarpus,0.000000,False,False,,False
Quercus_nigra_1.jpg,Quercus nigra,False,C-m0.02,0.020000,Gomphocarpus physocarpus,True,Gomphocarpus physocarpus,0.000000,False,False,,False
Quercus_nigra_1.jpg,Quercus nigra,False,C-m0.03,0.030000,Gomphocarpus physocarpus,True,Gomphocarpus physocarpus,0.000000,False,False,,False
Quercus_nigra_1.jpg,Quercus nigra,False,C-m0.04,0.040000,Gomphocarpus physocarpus,True,Gomphocarpus physocarpus,0.000000,False,False,,False
Quercus_nigra_1.jpg,Quercus nigra,False,C-m0.048,0.048000,Gomphocarpus physocarpus,True,Gomphocarpus physocarpus,0.000000,False,False,,False
Quercus_nigra_1.jpg,Quercus nigra,False,C-m0.05,0.050000,Gomphocarpus physocarpus,True,Gomphocarpus physocarpus,0.000000,False,False,,False
Quercus_nigra_1.jpg,Quercus nigra,False,C-m0.06,0.060000,Gomphocarpus physocarpus,True,Gomphocarpus physocarpus,0.000000,False,False,,False
Quercus_nigra_1.jpg,Quercus nigra,False,C-m0.08,0.080000,Gomphocarpus physocarpus,True,Gomphocarpus physocarpus,0.000000,False,False,,False
Quercus_nigra_1.jpg,Quercus nigra,False,C-m0.1,0.100000,Gomphocarpus physocarpus,True,Gomphocarpus physocarpus,0.000000,False,False,,False
Quercus_nigra_1.jpg,Quercus nigra,False,C-m*raw,0.047722,Gomphocarpus physocarpus,True,Gomphocarpus physocarpus,0.000000,False,False,,False
Quercus_nigra_1.jpg,Quercus nigra,False,C-m*hazard,0.047722,Gomphocarpus physocarpus,True,Gomphocarpus physocarpus,0.000000,False,False,,False
Quercus_nigra_2.jpg,Quercus nigra,False,A,0.000000,Quercus nigra,False,,inf,False,True,Quercus nigra,True
Quercus_nigra_2.jpg,Quercus nigra,False,C,0.000000,Quercus nigra,False,Quercus marilandica,0.123210,False,True,Quercus nigra,True
Quercus_nigra_2.jpg,Quercus nigra,False,C-m0.01,0.010000,Quercus nigra,False,Quercus marilandica,0.123210,False,True,Quercus nigra,True
Quercus_nigra_2.jpg,Quercus nigra,False,C-m0.02,0.020000,Quercus nigra,False,Quercus marilandica,0.123210,False,True,Quercus nigra,True
Quercus_nigra_2.jpg,Quercus nigra,False,C-m0.03,0.030000,Quercus nigra,False,Quercus marilandica,0.123210,False,True,Quercus nigra,True
Quercus_nigra_2.jpg,Quercus nigra,False,C-m0.04,0.040000,Quercus nigra,False,Quercus marilandica,0.123210,False,True,Quercus nigra,True
Quercus_nigra_2.jpg,Quercus nigra,False,C-m0.048,0.048000,Quercus nigra,False,Quercus marilandica,0.123210,False,True,Quercus nigra,True
Quercus_nigra_2.jpg,Quercus nigra,False,C-m0.05,0.050000,Quercus nigra,False,Quercus marilandica,0.123210,False,True,Quercus nigra,True
Quercus_nigra_2.jpg,Quercus nigra,False,C-m0.06,0.060000,Quercus nigra,False,Quercus marilandica,0.123210,False,True,Quercus nigra,True
Quercus_nigra_2.jpg,Quercus nigra,False,C-m0.08,0.080000,Quercus nigra,False,Quercus marilandica,0.123210,False,True,Quercus nigra,True
Quercus_nigra_2.jpg,Quercus nigra,False,C-m0.1,0.100000,Quercus nigra,False,Quercus marilandica,0.123210,False,True,Quercus nigra,True
Quercus_nigra_2.jpg,Quercus nigra,False,C-m*raw,0.047722,Quercus nigra,False,Quercus marilandica,0.123210,False,True,Quercus nigra,True
Quercus_nigra_2.jpg,Quercus nigra,False,C-m*hazard,0.047722,Quercus nigra,False,Quercus marilandica,0.123210,False,True,Quercus nigra,True
Albizia_julibrissin_0.jpg,Albizia julibrissin,False,A,0.000000,Albizia julibrissin,False,,inf,False,True,Albizia julibrissin,True
Albizia_julibrissin_0.jpg,Albizia julibrissin,False,C,0.000000,Albizia julibrissin,False,Gleditsia triacanthos,0.155187,False,True,Albizia julibrissin,True
Albizia_julibrissin_0.jpg,Albizia julibrissin,False,C-m0.01,0.010000,Albizia julibrissin,False,Gleditsia triacanthos,0.155187,False,True,Albizia julibrissin,True
Albizia_julibrissin_0.jpg,Albizia julibrissin,False,C-m0.02,0.020000,Albizia julibrissin,False,Gleditsia triacanthos,0.155187,False,True,Albizia julibrissin,True
Albizia_julibrissin_0.jpg,Albizia julibrissin,False,C-m0.03,0.030000,Albizia julibrissin,False,Gleditsia triacanthos,0.155187,False,True,Albizia julibrissin,True
Albizia_julibrissin_0.jpg,Albizia julibrissin,False,C-m0.04,0.040000,Albizia julibrissin,False,Gleditsia triacanthos,0.155187,False,True,Albizia julibrissin,True
Albizia_julibrissin_0.jpg,Albizia julibrissin,False,C-m0.048,0.048000,Albizia julibrissin,False,Gleditsia triacanthos,0.155187,False,True,Albizia julibrissin,True
Albizia_julibrissin_0.jpg,Albizia julibrissin,False,C-m0.05,0.050000,Albizia julibrissin,False,Gleditsia triacanthos,0.155187,False,True,Albizia julibrissin,True
Albizia_julibrissin_0.jpg,Albizia julibrissin,False,C-m0.06,0.060000,Albizia julibrissin,False,Gleditsia triacanthos,0.155187,False,True,Albizia julibrissin,True
Albizia_julibrissin_0.jpg,Albizia julibrissin,False,C-m0.08,0.080000,Albizia julibrissin,False,Gleditsia triacanthos,0.155187,False,True,Albizia julibrissin,True
Albizia_julibrissin_0.jpg,Albizia julibrissin,False,C-m0.1,0.100000,Albizia julibrissin,False,Gleditsia triacanthos,0.155187,False,True,Albizia julibrissin,True
Albizia_julibrissin_0.jpg,Albizia julibrissin,False,C-m*raw,0.047722,Albizia julibrissin,False,Gleditsia triacanthos,0.155187,False,True,Albizia julibrissin,True
Albizia_julibrissin_0.jpg,Albizia julibrissin,False,C-m*hazard,0.047722,Albizia julibrissin,False,Gleditsia triacanthos,0.155187,False,True,Albizia julibrissin,True
Albizia_julibrissin_1.jpg,Albizia julibrissin,False,A,0.000000,Pueraria montana,False,,inf,False,True,Pueraria montana,False
Albizia_julibrissin_1.jpg,Albizia julibrissin,False,C,0.000000,Paspalum urvillei,True,Paspalum urvillei,0.000000,False,False,,False
Albizia_julibrissin_1.jpg,Albizia julibrissin,False,C-m0.01,0.010000,Paspalum urvillei,True,Paspalum urvillei,0.000000,False,False,,False
Albizia_julibrissin_1.jpg,Albizia julibrissin,False,C-m0.02,0.020000,Paspalum urvillei,True,Paspalum urvillei,0.000000,False,False,,False
Albizia_julibrissin_1.jpg,Albizia julibrissin,False,C-m0.03,0.030000,Paspalum urvillei,True,Paspalum urvillei,0.000000,False,False,,False
Albizia_julibrissin_1.jpg,Albizia julibrissin,False,C-m0.04,0.040000,Paspalum urvillei,True,Paspalum urvillei,0.000000,False,False,,False
Albizia_julibrissin_1.jpg,Albizia julibrissin,False,C-m0.048,0.048000,Paspalum urvillei,True,Paspalum urvillei,0.000000,False,False,,False
Albizia_julibrissin_1.jpg,Albizia julibrissin,False,C-m0.05,0.050000,Paspalum urvillei,True,Paspalum urvillei,0.000000,False,False,,False
Albizia_julibrissin_1.jpg,Albizia julibrissin,False,C-m0.06,0.060000,Paspalum urvillei,True,Paspalum urvillei,0.000000,False,False,,False
Albizia_julibrissin_1.jpg,Albizia julibrissin,False,C-m0.08,0.080000,Paspalum urvillei,True,Paspalum urvillei,0.000000,False,False,,False
Albizia_julibrissin_1.jpg,Albizia julibrissin,False,C-m0.1,0.100000,Paspalum urvillei,True,Paspalum urvillei,0.000000,False,False,,False
Albizia_julibrissin_1.jpg,Albizia julibrissin,False,C-m*raw,0.047722,Paspalum urvillei,True,Paspalum urvillei,0.000000,False,False,,False
Albizia_julibrissin_1.jpg,Albizia julibrissin,False,C-m*hazard,0.047722,Paspalum urvillei,True,Paspalum urvillei,0.000000,False,False,,False
Albizia_julibrissin_2.jpg,Albizia julibrissin,False,A,0.000000,Albizia julibrissin,False,,inf,False,True,Albizia julibrissin,True
Albizia_julibrissin_2.jpg,Albizia julibrissin,False,C,0.000000,Albizia julibrissin,False,Gleditsia triacanthos,0.040022,False,True,Albizia julibrissin,True
Albizia_julibrissin_2.jpg,Albizia julibrissin,False,C-m0.01,0.010000,Albizia julibrissin,False,Gleditsia triacanthos,0.040022,False,True,Albizia julibrissin,True
Albizia_julibrissin_2.jpg,Albizia julibrissin,False,C-m0.02,0.020000,Albizia julibrissin,False,Gleditsia triacanthos,0.040022,False,True,Albizia julibrissin,True
Albizia_julibrissin_2.jpg,Albizia julibrissin,False,C-m0.03,0.030000,Albizia julibrissin,False,Gleditsia triacanthos,0.040022,False,True,Albizia julibrissin,True
Albizia_julibrissin_2.jpg,Albizia julibrissin,False,C-m0.04,0.040000,Albizia julibrissin,False,Gleditsia triacanthos,0.040022,False,True,Albizia julibrissin,True
Albizia_julibrissin_2.jpg,Albizia julibrissin,False,C-m0.048,0.048000,Albizia julibrissin,False,Gleditsia triacanthos,0.040022,False,False,,False
Albizia_julibrissin_2.jpg,Albizia julibrissin,False,C-m0.05,0.050000,Albizia julibrissin,False,Gleditsia triacanthos,0.040022,False,False,,False
Albizia_julibrissin_2.jpg,Albizia julibrissin,False,C-m0.06,0.060000,Albizia julibrissin,False,Gleditsia triacanthos,0.040022,False,False,,False
Albizia_julibrissin_2.jpg,Albizia julibrissin,False,C-m0.08,0.080000,Albizia julibrissin,False,Gleditsia triacanthos,0.040022,False,False,,False
Albizia_julibrissin_2.jpg,Albizia julibrissin,False,C-m0.1,0.100000,Albizia julibrissin,False,Gleditsia triacanthos,0.040022,False,False,,False
Albizia_julibrissin_2.jpg,Albizia julibrissin,False,C-m*raw,0.047722,Albizia julibrissin,False,Gleditsia triacanthos,0.040022,False,False,,False
Albizia_julibrissin_2.jpg,Albizia julibrissin,False,C-m*hazard,0.047722,Albizia julibrissin,False,Gleditsia triacanthos,0.040022,False,False,,False
Chimaphila_maculata_0.jpg,Chimaphila maculata,False,A,0.000000,Chimaphila maculata,False,,inf,False,True,Chimaphila maculata,True
Chimaphila_maculata_0.jpg,Chimaphila maculata,False,C,0.000000,Chimaphila maculata,False,Monotropa uniflora,0.151424,False,True,Chimaphila maculata,True
Chimaphila_maculata_0.jpg,Chimaphila maculata,False,C-m0.01,0.010000,Chimaphila maculata,False,Monotropa uniflora,0.151424,False,True,Chimaphila maculata,True
Chimaphila_maculata_0.jpg,Chimaphila maculata,False,C-m0.02,0.020000,Chimaphila maculata,False,Monotropa uniflora,0.151424,False,True,Chimaphila maculata,True
Chimaphila_maculata_0.jpg,Chimaphila maculata,False,C-m0.03,0.030000,Chimaphila maculata,False,Monotropa uniflora,0.151424,False,True,Chimaphila maculata,True
Chimaphila_maculata_0.jpg,Chimaphila maculata,False,C-m0.04,0.040000,Chimaphila maculata,False,Monotropa uniflora,0.151424,False,True,Chimaphila maculata,True
Chimaphila_maculata_0.jpg,Chimaphila maculata,False,C-m0.048,0.048000,Chimaphila maculata,False,Monotropa uniflora,0.151424,False,True,Chimaphila maculata,True
Chimaphila_maculata_0.jpg,Chimaphila maculata,False,C-m0.05,0.050000,Chimaphila maculata,False,Monotropa uniflora,0.151424,False,True,Chimaphila maculata,True
Chimaphila_maculata_0.jpg,Chimaphila maculata,False,C-m0.06,0.060000,Chimaphila maculata,False,Monotropa uniflora,0.151424,False,True,Chimaphila maculata,True
Chimaphila_maculata_0.jpg,Chimaphila maculata,False,C-m0.08,0.080000,Chimaphila maculata,False,Monotropa uniflora,0.151424,False,True,Chimaphila maculata,True
Chimaphila_maculata_0.jpg,Chimaphila maculata,False,C-m0.1,0.100000,Chimaphila maculata,False,Monotropa uniflora,0.151424,False,True,Chimaphila maculata,True
Chimaphila_maculata_0.jpg,Chimaphila maculata,False,C-m*raw,0.047722,Chimaphila maculata,False,Monotropa uniflora,0.151424,False,True,Chimaphila maculata,True
Chimaphila_maculata_0.jpg,Chimaphila maculata,False,C-m*hazard,0.047722,Chimaphila maculata,False,Monotropa uniflora,0.151424,False,True,Chimaphila maculata,True
Chimaphila_maculata_1.jpg,Chimaphila maculata,False,A,0.000000,Chimaphila maculata,False,,inf,False,True,Chimaphila maculata,True
Chimaphila_maculata_1.jpg,Chimaphila maculata,False,C,0.000000,Chimaphila maculata,False,Euonymus americanus,0.196394,False,True,Chimaphila maculata,True
Chimaphila_maculata_1.jpg,Chimaphila maculata,False,C-m0.01,0.010000,Chimaphila maculata,False,Euonymus americanus,0.196394,False,True,Chimaphila maculata,True
Chimaphila_maculata_1.jpg,Chimaphila maculata,False,C-m0.02,0.020000,Chimaphila maculata,False,Euonymus americanus,0.196394,False,True,Chimaphila maculata,True
Chimaphila_maculata_1.jpg,Chimaphila maculata,False,C-m0.03,0.030000,Chimaphila maculata,False,Euonymus americanus,0.196394,False,True,Chimaphila maculata,True
Chimaphila_maculata_1.jpg,Chimaphila maculata,False,C-m0.04,0.040000,Chimaphila maculata,False,Euonymus americanus,0.196394,False,True,Chimaphila maculata,True
Chimaphila_maculata_1.jpg,Chimaphila maculata,False,C-m0.048,0.048000,Chimaphila maculata,False,Euonymus americanus,0.196394,False,True,Chimaphila maculata,True
Chimaphila_maculata_1.jpg,Chimaphila maculata,False,C-m0.05,0.050000,Chimaphila maculata,False,Euonymus americanus,0.196394,False,True,Chimaphila maculata,True
Chimaphila_maculata_1.jpg,Chimaphila maculata,False,C-m0.06,0.060000,Chimaphila maculata,False,Euonymus americanus,0.196394,False,True,Chimaphila maculata,True
Chimaphila_maculata_1.jpg,Chimaphila maculata,False,C-m0.08,0.080000,Chimaphila maculata,False,Euonymus americanus,0.196394,False,True,Chimaphila maculata,True
Chimaphila_maculata_1.jpg,Chimaphila maculata,False,C-m0.1,0.100000,Chimaphila maculata,False,Euonymus americanus,0.196394,False,True,Chimaphila maculata,True
Chimaphila_maculata_1.jpg,Chimaphila maculata,False,C-m*raw,0.047722,Chimaphila maculata,False,Euonymus americanus,0.196394,False,True,Chimaphila maculata,True
Chimaphila_maculata_1.jpg,Chimaphila maculata,False,C-m*hazard,0.047722,Chimaphila maculata,False,Euonymus americanus,0.196394,False,True,Chimaphila maculata,True
Chimaphila_maculata_2.jpg,Chimaphila maculata,False,A,0.000000,Chimaphila maculata,False,,inf,False,True,Chimaphila maculata,True
Chimaphila_maculata_2.jpg,Chimaphila maculata,False,C,0.000000,Chimaphila maculata,False,Monotropa uniflora,0.163996,False,True,Chimaphila maculata,True
Chimaphila_maculata_2.jpg,Chimaphila maculata,False,C-m0.01,0.010000,Chimaphila maculata,False,Monotropa uniflora,0.163996,False,True,Chimaphila maculata,True
Chimaphila_maculata_2.jpg,Chimaphila maculata,False,C-m0.02,0.020000,Chimaphila maculata,False,Monotropa uniflora,0.163996,False,True,Chimaphila maculata,True
Chimaphila_maculata_2.jpg,Chimaphila maculata,False,C-m0.03,0.030000,Chimaphila maculata,False,Monotropa uniflora,0.163996,False,True,Chimaphila maculata,True
Chimaphila_maculata_2.jpg,Chimaphila maculata,False,C-m0.04,0.040000,Chimaphila maculata,False,Monotropa uniflora,0.163996,False,True,Chimaphila maculata,True
Chimaphila_maculata_2.jpg,Chimaphila maculata,False,C-m0.048,0.048000,Chimaphila maculata,False,Monotropa uniflora,0.163996,False,True,Chimaphila maculata,True
Chimaphila_maculata_2.jpg,Chimaphila maculata,False,C-m0.05,0.050000,Chimaphila maculata,False,Monotropa uniflora,0.163996,False,True,Chimaphila maculata,True
Chimaphila_maculata_2.jpg,Chimaphila maculata,False,C-m0.06,0.060000,Chimaphila maculata,False,Monotropa uniflora,0.163996,False,True,Chimaphila maculata,True
Chimaphila_maculata_2.jpg,Chimaphila maculata,False,C-m0.08,0.080000,Chimaphila maculata,False,Monotropa uniflora,0.163996,False,True,Chimaphila maculata,True
Chimaphila_maculata_2.jpg,Chimaphila maculata,False,C-m0.1,0.100000,Chimaphila maculata,False,Monotropa uniflora,0.163996,False,True,Chimaphila maculata,True
Chimaphila_maculata_2.jpg,Chimaphila maculata,False,C-m*raw,0.047722,Chimaphila maculata,False,Monotropa uniflora,0.163996,False,True,Chimaphila maculata,True
Chimaphila_maculata_2.jpg,Chimaphila maculata,False,C-m*hazard,0.047722,Chimaphila maculata,False,Monotropa uniflora,0.163996,False,True,Chimaphila maculata,True
Rhus_copallinum_0.jpg,Rhus copallinum,False,A,0.000000,Albizia julibrissin,False,,inf,True,True,Albizia julibrissin,False
Rhus_copallinum_0.jpg,Rhus copallinum,False,C,0.000000,Juglans nigra,True,Juglans nigra,0.000000,True,False,,False
Rhus_copallinum_0.jpg,Rhus copallinum,False,C-m0.01,0.010000,Juglans nigra,True,Juglans nigra,0.000000,True,False,,False
Rhus_copallinum_0.jpg,Rhus copallinum,False,C-m0.02,0.020000,Juglans nigra,True,Juglans nigra,0.000000,True,False,,False
Rhus_copallinum_0.jpg,Rhus copallinum,False,C-m0.03,0.030000,Juglans nigra,True,Juglans nigra,0.000000,True,False,,False
Rhus_copallinum_0.jpg,Rhus copallinum,False,C-m0.04,0.040000,Juglans nigra,True,Juglans nigra,0.000000,True,False,,False
Rhus_copallinum_0.jpg,Rhus copallinum,False,C-m0.048,0.048000,Juglans nigra,True,Juglans nigra,0.000000,True,False,,False
Rhus_copallinum_0.jpg,Rhus copallinum,False,C-m0.05,0.050000,Juglans nigra,True,Juglans nigra,0.000000,True,False,,False
Rhus_copallinum_0.jpg,Rhus copallinum,False,C-m0.06,0.060000,Juglans nigra,True,Juglans nigra,0.000000,True,False,,False
Rhus_copallinum_0.jpg,Rhus copallinum,False,C-m0.08,0.080000,Juglans nigra,True,Juglans nigra,0.000000,True,False,,False
Rhus_copallinum_0.jpg,Rhus copallinum,False,C-m0.1,0.100000,Juglans nigra,True,Juglans nigra,0.000000,True,False,,False
Rhus_copallinum_0.jpg,Rhus copallinum,False,C-m*raw,0.047722,Juglans nigra,True,Juglans nigra,0.000000,True,False,,False
Rhus_copallinum_0.jpg,Rhus copallinum,False,C-m*hazard,0.047722,Juglans nigra,True,Juglans nigra,0.000000,True,False,,False
Rhus_copallinum_1.jpg,Rhus copallinum,False,A,0.000000,Albizia julibrissin,False,,inf,False,True,Albizia julibrissin,False
Rhus_copallinum_1.jpg,Rhus copallinum,False,C,0.000000,Juglans nigra,True,Juglans nigra,0.000000,False,False,,False
Rhus_copallinum_1.jpg,Rhus copallinum,False,C-m0.01,0.010000,Juglans nigra,True,Juglans nigra,0.000000,False,False,,False
Rhus_copallinum_1.jpg,Rhus copallinum,False,C-m0.02,0.020000,Juglans nigra,True,Juglans nigra,0.000000,False,False,,False
Rhus_copallinum_1.jpg,Rhus copallinum,False,C-m0.03,0.030000,Juglans nigra,True,Juglans nigra,0.000000,False,False,,False
Rhus_copallinum_1.jpg,Rhus copallinum,False,C-m0.04,0.040000,Juglans nigra,True,Juglans nigra,0.000000,False,False,,False
Rhus_copallinum_1.jpg,Rhus copallinum,False,C-m0.048,0.048000,Juglans nigra,True,Juglans nigra,0.000000,False,False,,False
Rhus_copallinum_1.jpg,Rhus copallinum,False,C-m0.05,0.050000,Juglans nigra,True,Juglans nigra,0.000000,False,False,,False
Rhus_copallinum_1.jpg,Rhus copallinum,False,C-m0.06,0.060000,Juglans nigra,True,Juglans nigra,0.000000,False,False,,False
Rhus_copallinum_1.jpg,Rhus copallinum,False,C-m0.08,0.080000,Juglans nigra,True,Juglans nigra,0.000000,False,False,,False
Rhus_copallinum_1.jpg,Rhus copallinum,False,C-m0.1,0.100000,Juglans nigra,True,Juglans nigra,0.000000,False,False,,False
Rhus_copallinum_1.jpg,Rhus copallinum,False,C-m*raw,0.047722,Juglans nigra,True,Juglans nigra,0.000000,False,False,,False
Rhus_copallinum_1.jpg,Rhus copallinum,False,C-m*hazard,0.047722,Juglans nigra,True,Juglans nigra,0.000000,False,False,,False
Rhus_copallinum_2.jpg,Rhus copallinum,False,A,0.000000,Rhus copallinum,False,,inf,False,True,Rhus copallinum,True
Rhus_copallinum_2.jpg,Rhus copallinum,False,C,0.000000,Rhus copallinum,False,Tephrosia virginiana,0.015176,False,True,Rhus copallinum,True
Rhus_copallinum_2.jpg,Rhus copallinum,False,C-m0.01,0.010000,Rhus copallinum,False,Tephrosia virginiana,0.015176,False,True,Rhus copallinum,True
Rhus_copallinum_2.jpg,Rhus copallinum,False,C-m0.02,0.020000,Rhus copallinum,False,Tephrosia virginiana,0.015176,False,False,,False
Rhus_copallinum_2.jpg,Rhus copallinum,False,C-m0.03,0.030000,Rhus copallinum,False,Tephrosia virginiana,0.015176,False,False,,False
Rhus_copallinum_2.jpg,Rhus copallinum,False,C-m0.04,0.040000,Rhus copallinum,False,Tephrosia virginiana,0.015176,False,False,,False
Rhus_copallinum_2.jpg,Rhus copallinum,False,C-m0.048,0.048000,Rhus copallinum,False,Tephrosia virginiana,0.015176,False,False,,False
Rhus_copallinum_2.jpg,Rhus copallinum,False,C-m0.05,0.050000,Rhus copallinum,False,Tephrosia virginiana,0.015176,False,False,,False
Rhus_copallinum_2.jpg,Rhus copallinum,False,C-m0.06,0.060000,Rhus copallinum,False,Tephrosia virginiana,0.015176,False,False,,False
Rhus_copallinum_2.jpg,Rhus copallinum,False,C-m0.08,0.080000,Rhus copallinum,False,Tephrosia virginiana,0.015176,False,False,,False
Rhus_copallinum_2.jpg,Rhus copallinum,False,C-m0.1,0.100000,Rhus copallinum,False,Tephrosia virginiana,0.015176,False,False,,False
Rhus_copallinum_2.jpg,Rhus copallinum,False,C-m*raw,0.047722,Rhus copallinum,False,Tephrosia virginiana,0.015176,False,False,,False
Rhus_copallinum_2.jpg,Rhus copallinum,False,C-m*hazard,0.047722,Rhus copallinum,False,Tephrosia virginiana,0.015176,False,False,,False
Solidago_altissima_0.jpg,Solidago altissima,False,A,0.000000,Solidago altissima,False,,inf,False,True,Solidago altissima,True
Solidago_altissima_0.jpg,Solidago altissima,False,C,0.000000,Solidago altissima,False,Solidago caesia,0.194423,False,True,Solidago altissima,True
Solidago_altissima_0.jpg,Solidago altissima,False,C-m0.01,0.010000,Solidago altissima,False,Solidago caesia,0.194423,False,True,Solidago altissima,True
Solidago_altissima_0.jpg,Solidago altissima,False,C-m0.02,0.020000,Solidago altissima,False,Solidago caesia,0.194423,False,True,Solidago altissima,True
Solidago_altissima_0.jpg,Solidago altissima,False,C-m0.03,0.030000,Solidago altissima,False,Solidago caesia,0.194423,False,True,Solidago altissima,True
Solidago_altissima_0.jpg,Solidago altissima,False,C-m0.04,0.040000,Solidago altissima,False,Solidago caesia,0.194423,False,True,Solidago altissima,True
Solidago_altissima_0.jpg,Solidago altissima,False,C-m0.048,0.048000,Solidago altissima,False,Solidago caesia,0.194423,False,True,Solidago altissima,True
Solidago_altissima_0.jpg,Solidago altissima,False,C-m0.05,0.050000,Solidago altissima,False,Solidago caesia,0.194423,False,True,Solidago altissima,True
Solidago_altissima_0.jpg,Solidago altissima,False,C-m0.06,0.060000,Solidago altissima,False,Solidago caesia,0.194423,False,True,Solidago altissima,True
Solidago_altissima_0.jpg,Solidago altissima,False,C-m0.08,0.080000,Solidago altissima,False,Solidago caesia,0.194423,False,True,Solidago altissima,True
Solidago_altissima_0.jpg,Solidago altissima,False,C-m0.1,0.100000,Solidago altissima,False,Solidago caesia,0.194423,False,True,Solidago altissima,True
Solidago_altissima_0.jpg,Solidago altissima,False,C-m*raw,0.047722,Solidago altissima,False,Solidago caesia,0.194423,False,True,Solidago altissima,True
Solidago_altissima_0.jpg,Solidago altissima,False,C-m*hazard,0.047722,Solidago altissima,False,Solidago caesia,0.194423,False,True,Solidago altissima,True
Solidago_altissima_1.jpg,Solidago altissima,False,A,0.000000,Solidago altissima,False,,inf,False,True,Solidago altissima,True
Solidago_altissima_1.jpg,Solidago altissima,False,C,0.000000,Solidago altissima,False,Solidago caesia,0.155419,False,True,Solidago altissima,True
Solidago_altissima_1.jpg,Solidago altissima,False,C-m0.01,0.010000,Solidago altissima,False,Solidago caesia,0.155419,False,True,Solidago altissima,True
Solidago_altissima_1.jpg,Solidago altissima,False,C-m0.02,0.020000,Solidago altissima,False,Solidago caesia,0.155419,False,True,Solidago altissima,True
Solidago_altissima_1.jpg,Solidago altissima,False,C-m0.03,0.030000,Solidago altissima,False,Solidago caesia,0.155419,False,True,Solidago altissima,True
Solidago_altissima_1.jpg,Solidago altissima,False,C-m0.04,0.040000,Solidago altissima,False,Solidago caesia,0.155419,False,True,Solidago altissima,True
Solidago_altissima_1.jpg,Solidago altissima,False,C-m0.048,0.048000,Solidago altissima,False,Solidago caesia,0.155419,False,True,Solidago altissima,True
Solidago_altissima_1.jpg,Solidago altissima,False,C-m0.05,0.050000,Solidago altissima,False,Solidago caesia,0.155419,False,True,Solidago altissima,True
Solidago_altissima_1.jpg,Solidago altissima,False,C-m0.06,0.060000,Solidago altissima,False,Solidago caesia,0.155419,False,True,Solidago altissima,True
Solidago_altissima_1.jpg,Solidago altissima,False,C-m0.08,0.080000,Solidago altissima,False,Solidago caesia,0.155419,False,True,Solidago altissima,True
Solidago_altissima_1.jpg,Solidago altissima,False,C-m0.1,0.100000,Solidago altissima,False,Solidago caesia,0.155419,False,True,Solidago altissima,True
Solidago_altissima_1.jpg,Solidago altissima,False,C-m*raw,0.047722,Solidago altissima,False,Solidago caesia,0.155419,False,True,Solidago altissima,True
Solidago_altissima_1.jpg,Solidago altissima,False,C-m*hazard,0.047722,Solidago altissima,False,Solidago caesia,0.155419,False,True,Solidago altissima,True
Solidago_altissima_2.jpg,Solidago altissima,False,A,0.000000,Solidago altissima,False,,inf,False,True,Solidago altissima,True
Solidago_altissima_2.jpg,Solidago altissima,False,C,0.000000,Rhodobryum ontariense,True,Rhodobryum ontariense,0.000000,False,False,,False
Solidago_altissima_2.jpg,Solidago altissima,False,C-m0.01,0.010000,Rhodobryum ontariense,True,Rhodobryum ontariense,0.000000,False,False,,False
Solidago_altissima_2.jpg,Solidago altissima,False,C-m0.02,0.020000,Rhodobryum ontariense,True,Rhodobryum ontariense,0.000000,False,False,,False
Solidago_altissima_2.jpg,Solidago altissima,False,C-m0.03,0.030000,Rhodobryum ontariense,True,Rhodobryum ontariense,0.000000,False,False,,False
Solidago_altissima_2.jpg,Solidago altissima,False,C-m0.04,0.040000,Rhodobryum ontariense,True,Rhodobryum ontariense,0.000000,False,False,,False
Solidago_altissima_2.jpg,Solidago altissima,False,C-m0.048,0.048000,Rhodobryum ontariense,True,Rhodobryum ontariense,0.000000,False,False,,False
Solidago_altissima_2.jpg,Solidago altissima,False,C-m0.05,0.050000,Rhodobryum ontariense,True,Rhodobryum ontariense,0.000000,False,False,,False
Solidago_altissima_2.jpg,Solidago altissima,False,C-m0.06,0.060000,Rhodobryum ontariense,True,Rhodobryum ontariense,0.000000,False,False,,False
Solidago_altissima_2.jpg,Solidago altissima,False,C-m0.08,0.080000,Rhodobryum ontariense,True,Rhodobryum ontariense,0.000000,False,False,,False
Solidago_altissima_2.jpg,Solidago altissima,False,C-m0.1,0.100000,Rhodobryum ontariense,True,Rhodobryum ontariense,0.000000,False,False,,False
Solidago_altissima_2.jpg,Solidago altissima,False,C-m*raw,0.047722,Rhodobryum ontariense,True,Rhodobryum ontariense,0.000000,False,False,,False
Solidago_altissima_2.jpg,Solidago altissima,False,C-m*hazard,0.047722,Rhodobryum ontariense,True,Rhodobryum ontariense,0.000000,False,False,,False
Ilex_cornuta_0.jpg,Ilex cornuta,False,A,0.000000,Ilex cornuta,False,,inf,True,True,Ilex cornuta,True
Ilex_cornuta_0.jpg,Ilex cornuta,False,C,0.000000,Ilex cornuta,False,Solanum carolinense,0.010715,True,True,Ilex cornuta,True
Ilex_cornuta_0.jpg,Ilex cornuta,False,C-m0.01,0.010000,Ilex cornuta,False,Solanum carolinense,0.010715,True,True,Ilex cornuta,True
Ilex_cornuta_0.jpg,Ilex cornuta,False,C-m0.02,0.020000,Ilex cornuta,False,Solanum carolinense,0.010715,True,False,,False
Ilex_cornuta_0.jpg,Ilex cornuta,False,C-m0.03,0.030000,Ilex cornuta,False,Solanum carolinense,0.010715,True,False,,False
Ilex_cornuta_0.jpg,Ilex cornuta,False,C-m0.04,0.040000,Ilex cornuta,False,Solanum carolinense,0.010715,True,False,,False
Ilex_cornuta_0.jpg,Ilex cornuta,False,C-m0.048,0.048000,Ilex cornuta,False,Solanum carolinense,0.010715,True,False,,False
Ilex_cornuta_0.jpg,Ilex cornuta,False,C-m0.05,0.050000,Ilex cornuta,False,Solanum carolinense,0.010715,True,False,,False
Ilex_cornuta_0.jpg,Ilex cornuta,False,C-m0.06,0.060000,Ilex cornuta,False,Solanum carolinense,0.010715,True,False,,False
Ilex_cornuta_0.jpg,Ilex cornuta,False,C-m0.08,0.080000,Ilex cornuta,False,Solanum carolinense,0.010715,True,False,,False
Ilex_cornuta_0.jpg,Ilex cornuta,False,C-m0.1,0.100000,Ilex cornuta,False,Solanum carolinense,0.010715,True,False,,False
Ilex_cornuta_0.jpg,Ilex cornuta,False,C-m*raw,0.047722,Ilex cornuta,False,Solanum carolinense,0.010715,True,False,,False
Ilex_cornuta_0.jpg,Ilex cornuta,False,C-m*hazard,0.047722,Ilex cornuta,False,Solanum carolinense,0.010715,True,False,,False
Ilex_cornuta_1.jpg,Ilex cornuta,False,A,0.000000,Ilex cornuta,False,,inf,False,True,Ilex cornuta,True
Ilex_cornuta_1.jpg,Ilex cornuta,False,C,0.000000,Ilex cornuta,False,Ilex opaca,0.127587,False,True,Ilex cornuta,True
Ilex_cornuta_1.jpg,Ilex cornuta,False,C-m0.01,0.010000,Ilex cornuta,False,Ilex opaca,0.127587,False,True,Ilex cornuta,True
Ilex_cornuta_1.jpg,Ilex cornuta,False,C-m0.02,0.020000,Ilex cornuta,False,Ilex opaca,0.127587,False,True,Ilex cornuta,True
Ilex_cornuta_1.jpg,Ilex cornuta,False,C-m0.03,0.030000,Ilex cornuta,False,Ilex opaca,0.127587,False,True,Ilex cornuta,True
Ilex_cornuta_1.jpg,Ilex cornuta,False,C-m0.04,0.040000,Ilex cornuta,False,Ilex opaca,0.127587,False,True,Ilex cornuta,True
Ilex_cornuta_1.jpg,Ilex cornuta,False,C-m0.048,0.048000,Ilex cornuta,False,Ilex opaca,0.127587,False,True,Ilex cornuta,True
Ilex_cornuta_1.jpg,Ilex cornuta,False,C-m0.05,0.050000,Ilex cornuta,False,Ilex opaca,0.127587,False,True,Ilex cornuta,True
Ilex_cornuta_1.jpg,Ilex cornuta,False,C-m0.06,0.060000,Ilex cornuta,False,Ilex opaca,0.127587,False,True,Ilex cornuta,True
Ilex_cornuta_1.jpg,Ilex cornuta,False,C-m0.08,0.080000,Ilex cornuta,False,Ilex opaca,0.127587,False,True,Ilex cornuta,True
Ilex_cornuta_1.jpg,Ilex cornuta,False,C-m0.1,0.100000,Ilex cornuta,False,Ilex opaca,0.127587,False,True,Ilex cornuta,True
Ilex_cornuta_1.jpg,Ilex cornuta,False,C-m*raw,0.047722,Ilex cornuta,False,Ilex opaca,0.127587,False,True,Ilex cornuta,True
Ilex_cornuta_1.jpg,Ilex cornuta,False,C-m*hazard,0.047722,Ilex cornuta,False,Ilex opaca,0.127587,False,True,Ilex cornuta,True
Ilex_cornuta_2.jpg,Ilex cornuta,False,A,0.000000,Ilex cornuta,False,,inf,False,True,Ilex cornuta,True
Ilex_cornuta_2.jpg,Ilex cornuta,False,C,0.000000,Ilex cornuta,False,Ilex opaca,0.124445,False,True,Ilex cornuta,True
Ilex_cornuta_2.jpg,Ilex cornuta,False,C-m0.01,0.010000,Ilex cornuta,False,Ilex opaca,0.124445,False,True,Ilex cornuta,True
Ilex_cornuta_2.jpg,Ilex cornuta,False,C-m0.02,0.020000,Ilex cornuta,False,Ilex opaca,0.124445,False,True,Ilex cornuta,True
Ilex_cornuta_2.jpg,Ilex cornuta,False,C-m0.03,0.030000,Ilex cornuta,False,Ilex opaca,0.124445,False,True,Ilex cornuta,True
Ilex_cornuta_2.jpg,Ilex cornuta,False,C-m0.04,0.040000,Ilex cornuta,False,Ilex opaca,0.124445,False,True,Ilex cornuta,True
Ilex_cornuta_2.jpg,Ilex cornuta,False,C-m0.048,0.048000,Ilex cornuta,False,Ilex opaca,0.124445,False,True,Ilex cornuta,True
Ilex_cornuta_2.jpg,Ilex cornuta,False,C-m0.05,0.050000,Ilex cornuta,False,Ilex opaca,0.124445,False,True,Ilex cornuta,True
Ilex_cornuta_2.jpg,Ilex cornuta,False,C-m0.06,0.060000,Ilex cornuta,False,Ilex opaca,0.124445,False,True,Ilex cornuta,True
Ilex_cornuta_2.jpg,Ilex cornuta,False,C-m0.08,0.080000,Ilex cornuta,False,Ilex opaca,0.124445,False,True,Ilex cornuta,True
Ilex_cornuta_2.jpg,Ilex cornuta,False,C-m0.1,0.100000,Ilex cornuta,False,Ilex opaca,0.124445,False,True,Ilex cornuta,True
Ilex_cornuta_2.jpg,Ilex cornuta,False,C-m*raw,0.047722,Ilex cornuta,False,Ilex opaca,0.124445,False,True,Ilex cornuta,True
Ilex_cornuta_2.jpg,Ilex cornuta,False,C-m*hazard,0.047722,Ilex cornuta,False,Ilex opaca,0.124445,False,True,Ilex cornuta,True
Sassafras_albidum_0.jpg,Sassafras albidum,False,A,0.000000,Sassafras albidum,False,,inf,False,True,Sassafras albidum,True
Sassafras_albidum_0.jpg,Sassafras albidum,False,C,0.000000,Sassafras albidum,False,Asimina triloba,0.071018,False,True,Sassafras albidum,True
Sassafras_albidum_0.jpg,Sassafras albidum,False,C-m0.01,0.010000,Sassafras albidum,False,Asimina triloba,0.071018,False,True,Sassafras albidum,True
Sassafras_albidum_0.jpg,Sassafras albidum,False,C-m0.02,0.020000,Sassafras albidum,False,Asimina triloba,0.071018,False,True,Sassafras albidum,True
Sassafras_albidum_0.jpg,Sassafras albidum,False,C-m0.03,0.030000,Sassafras albidum,False,Asimina triloba,0.071018,False,True,Sassafras albidum,True
Sassafras_albidum_0.jpg,Sassafras albidum,False,C-m0.04,0.040000,Sassafras albidum,False,Asimina triloba,0.071018,False,True,Sassafras albidum,True
Sassafras_albidum_0.jpg,Sassafras albidum,False,C-m0.048,0.048000,Sassafras albidum,False,Asimina triloba,0.071018,False,True,Sassafras albidum,True
Sassafras_albidum_0.jpg,Sassafras albidum,False,C-m0.05,0.050000,Sassafras albidum,False,Asimina triloba,0.071018,False,True,Sassafras albidum,True
Sassafras_albidum_0.jpg,Sassafras albidum,False,C-m0.06,0.060000,Sassafras albidum,False,Asimina triloba,0.071018,False,True,Sassafras albidum,True
Sassafras_albidum_0.jpg,Sassafras albidum,False,C-m0.08,0.080000,Sassafras albidum,False,Asimina triloba,0.071018,False,False,,False
Sassafras_albidum_0.jpg,Sassafras albidum,False,C-m0.1,0.100000,Sassafras albidum,False,Asimina triloba,0.071018,False,False,,False
Sassafras_albidum_0.jpg,Sassafras albidum,False,C-m*raw,0.047722,Sassafras albidum,False,Asimina triloba,0.071018,False,True,Sassafras albidum,True
Sassafras_albidum_0.jpg,Sassafras albidum,False,C-m*hazard,0.047722,Sassafras albidum,False,Asimina triloba,0.071018,False,True,Sassafras albidum,True
Sassafras_albidum_1.jpg,Sassafras albidum,False,A,0.000000,Quercus nigra,False,,inf,False,True,Quercus nigra,False
Sassafras_albidum_1.jpg,Sassafras albidum,False,C,0.000000,Quercus marilandica,True,Quercus marilandica,0.000000,False,False,,False
Sassafras_albidum_1.jpg,Sassafras albidum,False,C-m0.01,0.010000,Quercus marilandica,True,Quercus marilandica,0.000000,False,False,,False
Sassafras_albidum_1.jpg,Sassafras albidum,False,C-m0.02,0.020000,Quercus marilandica,True,Quercus marilandica,0.000000,False,False,,False
Sassafras_albidum_1.jpg,Sassafras albidum,False,C-m0.03,0.030000,Quercus marilandica,True,Quercus marilandica,0.000000,False,False,,False
Sassafras_albidum_1.jpg,Sassafras albidum,False,C-m0.04,0.040000,Quercus marilandica,True,Quercus marilandica,0.000000,False,False,,False
Sassafras_albidum_1.jpg,Sassafras albidum,False,C-m0.048,0.048000,Quercus marilandica,True,Quercus marilandica,0.000000,False,False,,False
Sassafras_albidum_1.jpg,Sassafras albidum,False,C-m0.05,0.050000,Quercus marilandica,True,Quercus marilandica,0.000000,False,False,,False
Sassafras_albidum_1.jpg,Sassafras albidum,False,C-m0.06,0.060000,Quercus marilandica,True,Quercus marilandica,0.000000,False,False,,False
Sassafras_albidum_1.jpg,Sassafras albidum,False,C-m0.08,0.080000,Quercus marilandica,True,Quercus marilandica,0.000000,False,False,,False
Sassafras_albidum_1.jpg,Sassafras albidum,False,C-m0.1,0.100000,Quercus marilandica,True,Quercus marilandica,0.000000,False,False,,False
Sassafras_albidum_1.jpg,Sassafras albidum,False,C-m*raw,0.047722,Quercus marilandica,True,Quercus marilandica,0.000000,False,False,,False
Sassafras_albidum_1.jpg,Sassafras albidum,False,C-m*hazard,0.047722,Quercus marilandica,True,Quercus marilandica,0.000000,False,False,,False
Sassafras_albidum_2.jpg,Sassafras albidum,False,A,0.000000,Sassafras albidum,False,,inf,False,True,Sassafras albidum,True
Sassafras_albidum_2.jpg,Sassafras albidum,False,C,0.000000,Sassafras albidum,False,Asimina triloba,0.143497,False,True,Sassafras albidum,True
Sassafras_albidum_2.jpg,Sassafras albidum,False,C-m0.01,0.010000,Sassafras albidum,False,Asimina triloba,0.143497,False,True,Sassafras albidum,True
Sassafras_albidum_2.jpg,Sassafras albidum,False,C-m0.02,0.020000,Sassafras albidum,False,Asimina triloba,0.143497,False,True,Sassafras albidum,True
Sassafras_albidum_2.jpg,Sassafras albidum,False,C-m0.03,0.030000,Sassafras albidum,False,Asimina triloba,0.143497,False,True,Sassafras albidum,True
Sassafras_albidum_2.jpg,Sassafras albidum,False,C-m0.04,0.040000,Sassafras albidum,False,Asimina triloba,0.143497,False,True,Sassafras albidum,True
Sassafras_albidum_2.jpg,Sassafras albidum,False,C-m0.048,0.048000,Sassafras albidum,False,Asimina triloba,0.143497,False,True,Sassafras albidum,True
Sassafras_albidum_2.jpg,Sassafras albidum,False,C-m0.05,0.050000,Sassafras albidum,False,Asimina triloba,0.143497,False,True,Sassafras albidum,True
Sassafras_albidum_2.jpg,Sassafras albidum,False,C-m0.06,0.060000,Sassafras albidum,False,Asimina triloba,0.143497,False,True,Sassafras albidum,True
Sassafras_albidum_2.jpg,Sassafras albidum,False,C-m0.08,0.080000,Sassafras albidum,False,Asimina triloba,0.143497,False,True,Sassafras albidum,True
Sassafras_albidum_2.jpg,Sassafras albidum,False,C-m0.1,0.100000,Sassafras albidum,False,Asimina triloba,0.143497,False,True,Sassafras albidum,True
Sassafras_albidum_2.jpg,Sassafras albidum,False,C-m*raw,0.047722,Sassafras albidum,False,Asimina triloba,0.143497,False,True,Sassafras albidum,True
Sassafras_albidum_2.jpg,Sassafras albidum,False,C-m*hazard,0.047722,Sassafras albidum,False,Asimina triloba,0.143497,False,True,Sassafras albidum,True
Tipularia_discolor_0.jpg,Tipularia discolor,False,A,0.000000,Magnolia grandiflora,False,,inf,False,True,Magnolia grandiflora,False
Tipularia_discolor_0.jpg,Tipularia discolor,False,C,0.000000,Pontederia crassipes,True,Pontederia crassipes,0.000000,False,False,,False
Tipularia_discolor_0.jpg,Tipularia discolor,False,C-m0.01,0.010000,Pontederia crassipes,True,Pontederia crassipes,0.000000,False,False,,False
Tipularia_discolor_0.jpg,Tipularia discolor,False,C-m0.02,0.020000,Pontederia crassipes,True,Pontederia crassipes,0.000000,False,False,,False
Tipularia_discolor_0.jpg,Tipularia discolor,False,C-m0.03,0.030000,Pontederia crassipes,True,Pontederia crassipes,0.000000,False,False,,False
Tipularia_discolor_0.jpg,Tipularia discolor,False,C-m0.04,0.040000,Pontederia crassipes,True,Pontederia crassipes,0.000000,False,False,,False
Tipularia_discolor_0.jpg,Tipularia discolor,False,C-m0.048,0.048000,Pontederia crassipes,True,Pontederia crassipes,0.000000,False,False,,False
Tipularia_discolor_0.jpg,Tipularia discolor,False,C-m0.05,0.050000,Pontederia crassipes,True,Pontederia crassipes,0.000000,False,False,,False
Tipularia_discolor_0.jpg,Tipularia discolor,False,C-m0.06,0.060000,Pontederia crassipes,True,Pontederia crassipes,0.000000,False,False,,False
Tipularia_discolor_0.jpg,Tipularia discolor,False,C-m0.08,0.080000,Pontederia crassipes,True,Pontederia crassipes,0.000000,False,False,,False
Tipularia_discolor_0.jpg,Tipularia discolor,False,C-m0.1,0.100000,Pontederia crassipes,True,Pontederia crassipes,0.000000,False,False,,False
Tipularia_discolor_0.jpg,Tipularia discolor,False,C-m*raw,0.047722,Pontederia crassipes,True,Pontederia crassipes,0.000000,False,False,,False
Tipularia_discolor_0.jpg,Tipularia discolor,False,C-m*hazard,0.047722,Pontederia crassipes,True,Pontederia crassipes,0.000000,False,False,,False
Tipularia_discolor_1.jpg,Tipularia discolor,False,A,0.000000,Magnolia grandiflora,False,,inf,False,True,Magnolia grandiflora,False
Tipularia_discolor_1.jpg,Tipularia discolor,False,C,0.000000,Magnolia grandiflora,False,Photinia serratifolia,0.039973,False,True,Magnolia grandiflora,False
Tipularia_discolor_1.jpg,Tipularia discolor,False,C-m0.01,0.010000,Magnolia grandiflora,False,Photinia serratifolia,0.039973,False,True,Magnolia grandiflora,False
Tipularia_discolor_1.jpg,Tipularia discolor,False,C-m0.02,0.020000,Magnolia grandiflora,False,Photinia serratifolia,0.039973,False,True,Magnolia grandiflora,False
Tipularia_discolor_1.jpg,Tipularia discolor,False,C-m0.03,0.030000,Magnolia grandiflora,False,Photinia serratifolia,0.039973,False,True,Magnolia grandiflora,False
Tipularia_discolor_1.jpg,Tipularia discolor,False,C-m0.04,0.040000,Magnolia grandiflora,False,Photinia serratifolia,0.039973,False,False,,False
Tipularia_discolor_1.jpg,Tipularia discolor,False,C-m0.048,0.048000,Magnolia grandiflora,False,Photinia serratifolia,0.039973,False,False,,False
Tipularia_discolor_1.jpg,Tipularia discolor,False,C-m0.05,0.050000,Magnolia grandiflora,False,Photinia serratifolia,0.039973,False,False,,False
Tipularia_discolor_1.jpg,Tipularia discolor,False,C-m0.06,0.060000,Magnolia grandiflora,False,Photinia serratifolia,0.039973,False,False,,False
Tipularia_discolor_1.jpg,Tipularia discolor,False,C-m0.08,0.080000,Magnolia grandiflora,False,Photinia serratifolia,0.039973,False,False,,False
Tipularia_discolor_1.jpg,Tipularia discolor,False,C-m0.1,0.100000,Magnolia grandiflora,False,Photinia serratifolia,0.039973,False,False,,False
Tipularia_discolor_1.jpg,Tipularia discolor,False,C-m*raw,0.047722,Magnolia grandiflora,False,Photinia serratifolia,0.039973,False,False,,False
Tipularia_discolor_1.jpg,Tipularia discolor,False,C-m*hazard,0.047722,Magnolia grandiflora,False,Photinia serratifolia,0.039973,False,False,,False
Tipularia_discolor_2.jpg,Tipularia discolor,False,A,0.000000,Tipularia discolor,False,,inf,False,True,Tipularia discolor,True
Tipularia_discolor_2.jpg,Tipularia discolor,False,C,0.000000,Hexastylis arifolia,True,Hexastylis arifolia,0.000000,False,False,,False
Tipularia_discolor_2.jpg,Tipularia discolor,False,C-m0.01,0.010000,Hexastylis arifolia,True,Hexastylis arifolia,0.000000,False,False,,False
Tipularia_discolor_2.jpg,Tipularia discolor,False,C-m0.02,0.020000,Hexastylis arifolia,True,Hexastylis arifolia,0.000000,False,False,,False
Tipularia_discolor_2.jpg,Tipularia discolor,False,C-m0.03,0.030000,Hexastylis arifolia,True,Hexastylis arifolia,0.000000,False,False,,False
Tipularia_discolor_2.jpg,Tipularia discolor,False,C-m0.04,0.040000,Hexastylis arifolia,True,Hexastylis arifolia,0.000000,False,False,,False
Tipularia_discolor_2.jpg,Tipularia discolor,False,C-m0.048,0.048000,Hexastylis arifolia,True,Hexastylis arifolia,0.000000,False,False,,False
Tipularia_discolor_2.jpg,Tipularia discolor,False,C-m0.05,0.050000,Hexastylis arifolia,True,Hexastylis arifolia,0.000000,False,False,,False
Tipularia_discolor_2.jpg,Tipularia discolor,False,C-m0.06,0.060000,Hexastylis arifolia,True,Hexastylis arifolia,0.000000,False,False,,False
Tipularia_discolor_2.jpg,Tipularia discolor,False,C-m0.08,0.080000,Hexastylis arifolia,True,Hexastylis arifolia,0.000000,False,False,,False
Tipularia_discolor_2.jpg,Tipularia discolor,False,C-m0.1,0.100000,Hexastylis arifolia,True,Hexastylis arifolia,0.000000,False,False,,False
Tipularia_discolor_2.jpg,Tipularia discolor,False,C-m*raw,0.047722,Hexastylis arifolia,True,Hexastylis arifolia,0.000000,False,False,,False
Tipularia_discolor_2.jpg,Tipularia discolor,False,C-m*hazard,0.047722,Hexastylis arifolia,True,Hexastylis arifolia,0.000000,False,False,,False
Phyllanthus_urinaria_0.jpg,Phyllanthus urinaria,False,A,0.000000,Phyllanthus urinaria,False,,inf,False,True,Phyllanthus urinaria,True
Phyllanthus_urinaria_0.jpg,Phyllanthus urinaria,False,C,0.000000,Phyllanthus urinaria,False,Tephrosia virginiana,0.080647,False,True,Phyllanthus urinaria,True
Phyllanthus_urinaria_0.jpg,Phyllanthus urinaria,False,C-m0.01,0.010000,Phyllanthus urinaria,False,Tephrosia virginiana,0.080647,False,True,Phyllanthus urinaria,True
Phyllanthus_urinaria_0.jpg,Phyllanthus urinaria,False,C-m0.02,0.020000,Phyllanthus urinaria,False,Tephrosia virginiana,0.080647,False,True,Phyllanthus urinaria,True
Phyllanthus_urinaria_0.jpg,Phyllanthus urinaria,False,C-m0.03,0.030000,Phyllanthus urinaria,False,Tephrosia virginiana,0.080647,False,True,Phyllanthus urinaria,True
Phyllanthus_urinaria_0.jpg,Phyllanthus urinaria,False,C-m0.04,0.040000,Phyllanthus urinaria,False,Tephrosia virginiana,0.080647,False,True,Phyllanthus urinaria,True
Phyllanthus_urinaria_0.jpg,Phyllanthus urinaria,False,C-m0.048,0.048000,Phyllanthus urinaria,False,Tephrosia virginiana,0.080647,False,True,Phyllanthus urinaria,True
Phyllanthus_urinaria_0.jpg,Phyllanthus urinaria,False,C-m0.05,0.050000,Phyllanthus urinaria,False,Tephrosia virginiana,0.080647,False,True,Phyllanthus urinaria,True
Phyllanthus_urinaria_0.jpg,Phyllanthus urinaria,False,C-m0.06,0.060000,Phyllanthus urinaria,False,Tephrosia virginiana,0.080647,False,True,Phyllanthus urinaria,True
Phyllanthus_urinaria_0.jpg,Phyllanthus urinaria,False,C-m0.08,0.080000,Phyllanthus urinaria,False,Tephrosia virginiana,0.080647,False,True,Phyllanthus urinaria,True
Phyllanthus_urinaria_0.jpg,Phyllanthus urinaria,False,C-m0.1,0.100000,Phyllanthus urinaria,False,Tephrosia virginiana,0.080647,False,False,,False
Phyllanthus_urinaria_0.jpg,Phyllanthus urinaria,False,C-m*raw,0.047722,Phyllanthus urinaria,False,Tephrosia virginiana,0.080647,False,True,Phyllanthus urinaria,True
Phyllanthus_urinaria_0.jpg,Phyllanthus urinaria,False,C-m*hazard,0.047722,Phyllanthus urinaria,False,Tephrosia virginiana,0.080647,False,True,Phyllanthus urinaria,True
Phyllanthus_urinaria_1.jpg,Phyllanthus urinaria,False,A,0.000000,Phyllanthus urinaria,False,,inf,False,True,Phyllanthus urinaria,True
Phyllanthus_urinaria_1.jpg,Phyllanthus urinaria,False,C,0.000000,Phyllanthus urinaria,False,Phyllanthus tenellus,0.033394,False,True,Phyllanthus urinaria,True
Phyllanthus_urinaria_1.jpg,Phyllanthus urinaria,False,C-m0.01,0.010000,Phyllanthus urinaria,False,Phyllanthus tenellus,0.033394,False,True,Phyllanthus urinaria,True
Phyllanthus_urinaria_1.jpg,Phyllanthus urinaria,False,C-m0.02,0.020000,Phyllanthus urinaria,False,Phyllanthus tenellus,0.033394,False,True,Phyllanthus urinaria,True
Phyllanthus_urinaria_1.jpg,Phyllanthus urinaria,False,C-m0.03,0.030000,Phyllanthus urinaria,False,Phyllanthus tenellus,0.033394,False,True,Phyllanthus urinaria,True
Phyllanthus_urinaria_1.jpg,Phyllanthus urinaria,False,C-m0.04,0.040000,Phyllanthus urinaria,False,Phyllanthus tenellus,0.033394,False,False,,False
Phyllanthus_urinaria_1.jpg,Phyllanthus urinaria,False,C-m0.048,0.048000,Phyllanthus urinaria,False,Phyllanthus tenellus,0.033394,False,False,,False
Phyllanthus_urinaria_1.jpg,Phyllanthus urinaria,False,C-m0.05,0.050000,Phyllanthus urinaria,False,Phyllanthus tenellus,0.033394,False,False,,False
Phyllanthus_urinaria_1.jpg,Phyllanthus urinaria,False,C-m0.06,0.060000,Phyllanthus urinaria,False,Phyllanthus tenellus,0.033394,False,False,,False
Phyllanthus_urinaria_1.jpg,Phyllanthus urinaria,False,C-m0.08,0.080000,Phyllanthus urinaria,False,Phyllanthus tenellus,0.033394,False,False,,False
Phyllanthus_urinaria_1.jpg,Phyllanthus urinaria,False,C-m0.1,0.100000,Phyllanthus urinaria,False,Phyllanthus tenellus,0.033394,False,False,,False
Phyllanthus_urinaria_1.jpg,Phyllanthus urinaria,False,C-m*raw,0.047722,Phyllanthus urinaria,False,Phyllanthus tenellus,0.033394,False,False,,False
Phyllanthus_urinaria_1.jpg,Phyllanthus urinaria,False,C-m*hazard,0.047722,Phyllanthus urinaria,False,Phyllanthus tenellus,0.033394,False,False,,False
Phyllanthus_urinaria_2.jpg,Phyllanthus urinaria,False,A,0.000000,Phyllanthus urinaria,False,,inf,False,True,Phyllanthus urinaria,True
Phyllanthus_urinaria_2.jpg,Phyllanthus urinaria,False,C,0.000000,Melothria pendula,True,Melothria pendula,0.000000,False,False,,False
Phyllanthus_urinaria_2.jpg,Phyllanthus urinaria,False,C-m0.01,0.010000,Melothria pendula,True,Melothria pendula,0.000000,False,False,,False
Phyllanthus_urinaria_2.jpg,Phyllanthus urinaria,False,C-m0.02,0.020000,Melothria pendula,True,Melothria pendula,0.000000,False,False,,False
Phyllanthus_urinaria_2.jpg,Phyllanthus urinaria,False,C-m0.03,0.030000,Melothria pendula,True,Melothria pendula,0.000000,False,False,,False
Phyllanthus_urinaria_2.jpg,Phyllanthus urinaria,False,C-m0.04,0.040000,Melothria pendula,True,Melothria pendula,0.000000,False,False,,False
Phyllanthus_urinaria_2.jpg,Phyllanthus urinaria,False,C-m0.048,0.048000,Melothria pendula,True,Melothria pendula,0.000000,False,False,,False
Phyllanthus_urinaria_2.jpg,Phyllanthus urinaria,False,C-m0.05,0.050000,Melothria pendula,True,Melothria pendula,0.000000,False,False,,False
Phyllanthus_urinaria_2.jpg,Phyllanthus urinaria,False,C-m0.06,0.060000,Melothria pendula,True,Melothria pendula,0.000000,False,False,,False
Phyllanthus_urinaria_2.jpg,Phyllanthus urinaria,False,C-m0.08,0.080000,Melothria pendula,True,Melothria pendula,0.000000,False,False,,False
Phyllanthus_urinaria_2.jpg,Phyllanthus urinaria,False,C-m0.1,0.100000,Melothria pendula,True,Melothria pendula,0.000000,False,False,,False
Phyllanthus_urinaria_2.jpg,Phyllanthus urinaria,False,C-m*raw,0.047722,Melothria pendula,True,Melothria pendula,0.000000,False,False,,False
Phyllanthus_urinaria_2.jpg,Phyllanthus urinaria,False,C-m*hazard,0.047722,Melothria pendula,True,Melothria pendula,0.000000,False,False,,False
Persicaria_longiseta_0.jpg,Persicaria longiseta,True,A,0.000000,Conoclinium coelestinum,False,,inf,False,True,Conoclinium coelestinum,False
Persicaria_longiseta_0.jpg,Persicaria longiseta,True,C,0.000000,Persicaria longiseta,True,Persicaria longiseta,0.000000,False,False,,False
Persicaria_longiseta_0.jpg,Persicaria longiseta,True,C-m0.01,0.010000,Persicaria longiseta,True,Persicaria longiseta,0.000000,False,False,,False
Persicaria_longiseta_0.jpg,Persicaria longiseta,True,C-m0.02,0.020000,Persicaria longiseta,True,Persicaria longiseta,0.000000,False,False,,False
Persicaria_longiseta_0.jpg,Persicaria longiseta,True,C-m0.03,0.030000,Persicaria longiseta,True,Persicaria longiseta,0.000000,False,False,,False
Persicaria_longiseta_0.jpg,Persicaria longiseta,True,C-m0.04,0.040000,Persicaria longiseta,True,Persicaria longiseta,0.000000,False,False,,False
Persicaria_longiseta_0.jpg,Persicaria longiseta,True,C-m0.048,0.048000,Persicaria longiseta,True,Persicaria longiseta,0.000000,False,False,,False
Persicaria_longiseta_0.jpg,Persicaria longiseta,True,C-m0.05,0.050000,Persicaria longiseta,True,Persicaria longiseta,0.000000,False,False,,False
Persicaria_longiseta_0.jpg,Persicaria longiseta,True,C-m0.06,0.060000,Persicaria longiseta,True,Persicaria longiseta,0.000000,False,False,,False
Persicaria_longiseta_0.jpg,Persicaria longiseta,True,C-m0.08,0.080000,Persicaria longiseta,True,Persicaria longiseta,0.000000,False,False,,False
Persicaria_longiseta_0.jpg,Persicaria longiseta,True,C-m0.1,0.100000,Persicaria longiseta,True,Persicaria longiseta,0.000000,False,False,,False
Persicaria_longiseta_0.jpg,Persicaria longiseta,True,C-m*raw,0.047722,Persicaria longiseta,True,Persicaria longiseta,0.000000,False,False,,False
Persicaria_longiseta_0.jpg,Persicaria longiseta,True,C-m*hazard,0.047722,Persicaria longiseta,True,Persicaria longiseta,0.000000,False,False,,False
Persicaria_longiseta_1.jpg,Persicaria longiseta,True,A,0.000000,Conoclinium coelestinum,False,,inf,False,True,Conoclinium coelestinum,False
Persicaria_longiseta_1.jpg,Persicaria longiseta,True,C,0.000000,Persicaria longiseta,True,Persicaria longiseta,0.000000,False,False,,False
Persicaria_longiseta_1.jpg,Persicaria longiseta,True,C-m0.01,0.010000,Persicaria longiseta,True,Persicaria longiseta,0.000000,False,False,,False
Persicaria_longiseta_1.jpg,Persicaria longiseta,True,C-m0.02,0.020000,Persicaria longiseta,True,Persicaria longiseta,0.000000,False,False,,False
Persicaria_longiseta_1.jpg,Persicaria longiseta,True,C-m0.03,0.030000,Persicaria longiseta,True,Persicaria longiseta,0.000000,False,False,,False
Persicaria_longiseta_1.jpg,Persicaria longiseta,True,C-m0.04,0.040000,Persicaria longiseta,True,Persicaria longiseta,0.000000,False,False,,False
Persicaria_longiseta_1.jpg,Persicaria longiseta,True,C-m0.048,0.048000,Persicaria longiseta,True,Persicaria longiseta,0.000000,False,False,,False
Persicaria_longiseta_1.jpg,Persicaria longiseta,True,C-m0.05,0.050000,Persicaria longiseta,True,Persicaria longiseta,0.000000,False,False,,False
Persicaria_longiseta_1.jpg,Persicaria longiseta,True,C-m0.06,0.060000,Persicaria longiseta,True,Persicaria longiseta,0.000000,False,False,,False
Persicaria_longiseta_1.jpg,Persicaria longiseta,True,C-m0.08,0.080000,Persicaria longiseta,True,Persicaria longiseta,0.000000,False,False,,False
Persicaria_longiseta_1.jpg,Persicaria longiseta,True,C-m0.1,0.100000,Persicaria longiseta,True,Persicaria longiseta,0.000000,False,False,,False
Persicaria_longiseta_1.jpg,Persicaria longiseta,True,C-m*raw,0.047722,Persicaria longiseta,True,Persicaria longiseta,0.000000,False,False,,False
Persicaria_longiseta_1.jpg,Persicaria longiseta,True,C-m*hazard,0.047722,Persicaria longiseta,True,Persicaria longiseta,0.000000,False,False,,False
Persicaria_longiseta_2.jpg,Persicaria longiseta,True,A,0.000000,Phyllanthus urinaria,False,,inf,False,True,Phyllanthus urinaria,False
Persicaria_longiseta_2.jpg,Persicaria longiseta,True,C,0.000000,Setaria parviflora,True,Setaria parviflora,0.000000,False,False,,False
Persicaria_longiseta_2.jpg,Persicaria longiseta,True,C-m0.01,0.010000,Setaria parviflora,True,Setaria parviflora,0.000000,False,False,,False
Persicaria_longiseta_2.jpg,Persicaria longiseta,True,C-m0.02,0.020000,Setaria parviflora,True,Setaria parviflora,0.000000,False,False,,False
Persicaria_longiseta_2.jpg,Persicaria longiseta,True,C-m0.03,0.030000,Setaria parviflora,True,Setaria parviflora,0.000000,False,False,,False
Persicaria_longiseta_2.jpg,Persicaria longiseta,True,C-m0.04,0.040000,Setaria parviflora,True,Setaria parviflora,0.000000,False,False,,False
Persicaria_longiseta_2.jpg,Persicaria longiseta,True,C-m0.048,0.048000,Setaria parviflora,True,Setaria parviflora,0.000000,False,False,,False
Persicaria_longiseta_2.jpg,Persicaria longiseta,True,C-m0.05,0.050000,Setaria parviflora,True,Setaria parviflora,0.000000,False,False,,False
Persicaria_longiseta_2.jpg,Persicaria longiseta,True,C-m0.06,0.060000,Setaria parviflora,True,Setaria parviflora,0.000000,False,False,,False
Persicaria_longiseta_2.jpg,Persicaria longiseta,True,C-m0.08,0.080000,Setaria parviflora,True,Setaria parviflora,0.000000,False,False,,False
Persicaria_longiseta_2.jpg,Persicaria longiseta,True,C-m0.1,0.100000,Setaria parviflora,True,Setaria parviflora,0.000000,False,False,,False
Persicaria_longiseta_2.jpg,Persicaria longiseta,True,C-m*raw,0.047722,Setaria parviflora,True,Setaria parviflora,0.000000,False,False,,False
Persicaria_longiseta_2.jpg,Persicaria longiseta,True,C-m*hazard,0.047722,Setaria parviflora,True,Setaria parviflora,0.000000,False,False,,False
Phytolacca_americana_0.jpg,Phytolacca americana,True,A,0.000000,Callicarpa americana,False,,inf,True,True,Callicarpa americana,False
Phytolacca_americana_0.jpg,Phytolacca americana,True,C,0.000000,Phytolacca americana,True,Phytolacca americana,0.000000,True,False,,False
Phytolacca_americana_0.jpg,Phytolacca americana,True,C-m0.01,0.010000,Phytolacca americana,True,Phytolacca americana,0.000000,True,False,,False
Phytolacca_americana_0.jpg,Phytolacca americana,True,C-m0.02,0.020000,Phytolacca americana,True,Phytolacca americana,0.000000,True,False,,False
Phytolacca_americana_0.jpg,Phytolacca americana,True,C-m0.03,0.030000,Phytolacca americana,True,Phytolacca americana,0.000000,True,False,,False
Phytolacca_americana_0.jpg,Phytolacca americana,True,C-m0.04,0.040000,Phytolacca americana,True,Phytolacca americana,0.000000,True,False,,False
Phytolacca_americana_0.jpg,Phytolacca americana,True,C-m0.048,0.048000,Phytolacca americana,True,Phytolacca americana,0.000000,True,False,,False
Phytolacca_americana_0.jpg,Phytolacca americana,True,C-m0.05,0.050000,Phytolacca americana,True,Phytolacca americana,0.000000,True,False,,False
Phytolacca_americana_0.jpg,Phytolacca americana,True,C-m0.06,0.060000,Phytolacca americana,True,Phytolacca americana,0.000000,True,False,,False
Phytolacca_americana_0.jpg,Phytolacca americana,True,C-m0.08,0.080000,Phytolacca americana,True,Phytolacca americana,0.000000,True,False,,False
Phytolacca_americana_0.jpg,Phytolacca americana,True,C-m0.1,0.100000,Phytolacca americana,True,Phytolacca americana,0.000000,True,False,,False
Phytolacca_americana_0.jpg,Phytolacca americana,True,C-m*raw,0.047722,Phytolacca americana,True,Phytolacca americana,0.000000,True,False,,False
Phytolacca_americana_0.jpg,Phytolacca americana,True,C-m*hazard,0.047722,Phytolacca americana,True,Phytolacca americana,0.000000,True,False,,False
Phytolacca_americana_1.jpg,Phytolacca americana,True,A,0.000000,Callicarpa americana,False,,inf,True,True,Callicarpa americana,False
Phytolacca_americana_1.jpg,Phytolacca americana,True,C,0.000000,Phytolacca americana,True,Phytolacca americana,0.000000,True,False,,False
Phytolacca_americana_1.jpg,Phytolacca americana,True,C-m0.01,0.010000,Phytolacca americana,True,Phytolacca americana,0.000000,True,False,,False
Phytolacca_americana_1.jpg,Phytolacca americana,True,C-m0.02,0.020000,Phytolacca americana,True,Phytolacca americana,0.000000,True,False,,False
Phytolacca_americana_1.jpg,Phytolacca americana,True,C-m0.03,0.030000,Phytolacca americana,True,Phytolacca americana,0.000000,True,False,,False
Phytolacca_americana_1.jpg,Phytolacca americana,True,C-m0.04,0.040000,Phytolacca americana,True,Phytolacca americana,0.000000,True,False,,False
Phytolacca_americana_1.jpg,Phytolacca americana,True,C-m0.048,0.048000,Phytolacca americana,True,Phytolacca americana,0.000000,True,False,,False
Phytolacca_americana_1.jpg,Phytolacca americana,True,C-m0.05,0.050000,Phytolacca americana,True,Phytolacca americana,0.000000,True,False,,False
Phytolacca_americana_1.jpg,Phytolacca americana,True,C-m0.06,0.060000,Phytolacca americana,True,Phytolacca americana,0.000000,True,False,,False
Phytolacca_americana_1.jpg,Phytolacca americana,True,C-m0.08,0.080000,Phytolacca americana,True,Phytolacca americana,0.000000,True,False,,False
Phytolacca_americana_1.jpg,Phytolacca americana,True,C-m0.1,0.100000,Phytolacca americana,True,Phytolacca americana,0.000000,True,False,,False
Phytolacca_americana_1.jpg,Phytolacca americana,True,C-m*raw,0.047722,Phytolacca americana,True,Phytolacca americana,0.000000,True,False,,False
Phytolacca_americana_1.jpg,Phytolacca americana,True,C-m*hazard,0.047722,Phytolacca americana,True,Phytolacca americana,0.000000,True,False,,False
Phytolacca_americana_2.jpg,Phytolacca americana,True,A,0.000000,Callicarpa americana,False,,inf,False,True,Callicarpa americana,False
Phytolacca_americana_2.jpg,Phytolacca americana,True,C,0.000000,Phytolacca americana,True,Phytolacca americana,0.000000,False,False,,False
Phytolacca_americana_2.jpg,Phytolacca americana,True,C-m0.01,0.010000,Phytolacca americana,True,Phytolacca americana,0.000000,False,False,,False
Phytolacca_americana_2.jpg,Phytolacca americana,True,C-m0.02,0.020000,Phytolacca americana,True,Phytolacca americana,0.000000,False,False,,False
Phytolacca_americana_2.jpg,Phytolacca americana,True,C-m0.03,0.030000,Phytolacca americana,True,Phytolacca americana,0.000000,False,False,,False
Phytolacca_americana_2.jpg,Phytolacca americana,True,C-m0.04,0.040000,Phytolacca americana,True,Phytolacca americana,0.000000,False,False,,False
Phytolacca_americana_2.jpg,Phytolacca americana,True,C-m0.048,0.048000,Phytolacca americana,True,Phytolacca americana,0.000000,False,False,,False
Phytolacca_americana_2.jpg,Phytolacca americana,True,C-m0.05,0.050000,Phytolacca americana,True,Phytolacca americana,0.000000,False,False,,False
Phytolacca_americana_2.jpg,Phytolacca americana,True,C-m0.06,0.060000,Phytolacca americana,True,Phytolacca americana,0.000000,False,False,,False
Phytolacca_americana_2.jpg,Phytolacca americana,True,C-m0.08,0.080000,Phytolacca americana,True,Phytolacca americana,0.000000,False,False,,False
Phytolacca_americana_2.jpg,Phytolacca americana,True,C-m0.1,0.100000,Phytolacca americana,True,Phytolacca americana,0.000000,False,False,,False
Phytolacca_americana_2.jpg,Phytolacca americana,True,C-m*raw,0.047722,Phytolacca americana,True,Phytolacca americana,0.000000,False,False,,False
Phytolacca_americana_2.jpg,Phytolacca americana,True,C-m*hazard,0.047722,Phytolacca americana,True,Phytolacca americana,0.000000,False,False,,False
Eupatorium_capillifolium_0.jpg,Eupatorium capillifolium,True,A,0.000000,Phyllanthus urinaria,False,,inf,False,True,Phyllanthus urinaria,False
Eupatorium_capillifolium_0.jpg,Eupatorium capillifolium,True,C,0.000000,Eupatorium capillifolium,True,Eupatorium capillifolium,0.000000,False,False,,False
Eupatorium_capillifolium_0.jpg,Eupatorium capillifolium,True,C-m0.01,0.010000,Eupatorium capillifolium,True,Eupatorium capillifolium,0.000000,False,False,,False
Eupatorium_capillifolium_0.jpg,Eupatorium capillifolium,True,C-m0.02,0.020000,Eupatorium capillifolium,True,Eupatorium capillifolium,0.000000,False,False,,False
Eupatorium_capillifolium_0.jpg,Eupatorium capillifolium,True,C-m0.03,0.030000,Eupatorium capillifolium,True,Eupatorium capillifolium,0.000000,False,False,,False
Eupatorium_capillifolium_0.jpg,Eupatorium capillifolium,True,C-m0.04,0.040000,Eupatorium capillifolium,True,Eupatorium capillifolium,0.000000,False,False,,False
Eupatorium_capillifolium_0.jpg,Eupatorium capillifolium,True,C-m0.048,0.048000,Eupatorium capillifolium,True,Eupatorium capillifolium,0.000000,False,False,,False
Eupatorium_capillifolium_0.jpg,Eupatorium capillifolium,True,C-m0.05,0.050000,Eupatorium capillifolium,True,Eupatorium capillifolium,0.000000,False,False,,False
Eupatorium_capillifolium_0.jpg,Eupatorium capillifolium,True,C-m0.06,0.060000,Eupatorium capillifolium,True,Eupatorium capillifolium,0.000000,False,False,,False
Eupatorium_capillifolium_0.jpg,Eupatorium capillifolium,True,C-m0.08,0.080000,Eupatorium capillifolium,True,Eupatorium capillifolium,0.000000,False,False,,False
Eupatorium_capillifolium_0.jpg,Eupatorium capillifolium,True,C-m0.1,0.100000,Eupatorium capillifolium,True,Eupatorium capillifolium,0.000000,False,False,,False
Eupatorium_capillifolium_0.jpg,Eupatorium capillifolium,True,C-m*raw,0.047722,Eupatorium capillifolium,True,Eupatorium capillifolium,0.000000,False,False,,False
Eupatorium_capillifolium_0.jpg,Eupatorium capillifolium,True,C-m*hazard,0.047722,Eupatorium capillifolium,True,Eupatorium capillifolium,0.000000,False,False,,False
Eupatorium_capillifolium_1.jpg,Eupatorium capillifolium,True,A,0.000000,Erechtites hieraciifolius,False,,inf,False,True,Erechtites hieraciifolius,False
Eupatorium_capillifolium_1.jpg,Eupatorium capillifolium,True,C,0.000000,Eupatorium capillifolium,True,Eupatorium capillifolium,0.000000,False,False,,False
Eupatorium_capillifolium_1.jpg,Eupatorium capillifolium,True,C-m0.01,0.010000,Eupatorium capillifolium,True,Eupatorium capillifolium,0.000000,False,False,,False
Eupatorium_capillifolium_1.jpg,Eupatorium capillifolium,True,C-m0.02,0.020000,Eupatorium capillifolium,True,Eupatorium capillifolium,0.000000,False,False,,False
Eupatorium_capillifolium_1.jpg,Eupatorium capillifolium,True,C-m0.03,0.030000,Eupatorium capillifolium,True,Eupatorium capillifolium,0.000000,False,False,,False
Eupatorium_capillifolium_1.jpg,Eupatorium capillifolium,True,C-m0.04,0.040000,Eupatorium capillifolium,True,Eupatorium capillifolium,0.000000,False,False,,False
Eupatorium_capillifolium_1.jpg,Eupatorium capillifolium,True,C-m0.048,0.048000,Eupatorium capillifolium,True,Eupatorium capillifolium,0.000000,False,False,,False
Eupatorium_capillifolium_1.jpg,Eupatorium capillifolium,True,C-m0.05,0.050000,Eupatorium capillifolium,True,Eupatorium capillifolium,0.000000,False,False,,False
Eupatorium_capillifolium_1.jpg,Eupatorium capillifolium,True,C-m0.06,0.060000,Eupatorium capillifolium,True,Eupatorium capillifolium,0.000000,False,False,,False
Eupatorium_capillifolium_1.jpg,Eupatorium capillifolium,True,C-m0.08,0.080000,Eupatorium capillifolium,True,Eupatorium capillifolium,0.000000,False,False,,False
Eupatorium_capillifolium_1.jpg,Eupatorium capillifolium,True,C-m0.1,0.100000,Eupatorium capillifolium,True,Eupatorium capillifolium,0.000000,False,False,,False
Eupatorium_capillifolium_1.jpg,Eupatorium capillifolium,True,C-m*raw,0.047722,Eupatorium capillifolium,True,Eupatorium capillifolium,0.000000,False,False,,False
Eupatorium_capillifolium_1.jpg,Eupatorium capillifolium,True,C-m*hazard,0.047722,Eupatorium capillifolium,True,Eupatorium capillifolium,0.000000,False,False,,False
Eupatorium_capillifolium_2.jpg,Eupatorium capillifolium,True,A,0.000000,Conoclinium coelestinum,False,,inf,False,True,Conoclinium coelestinum,False
Eupatorium_capillifolium_2.jpg,Eupatorium capillifolium,True,C,0.000000,Eupatorium capillifolium,True,Eupatorium capillifolium,0.000000,False,False,,False
Eupatorium_capillifolium_2.jpg,Eupatorium capillifolium,True,C-m0.01,0.010000,Eupatorium capillifolium,True,Eupatorium capillifolium,0.000000,False,False,,False
Eupatorium_capillifolium_2.jpg,Eupatorium capillifolium,True,C-m0.02,0.020000,Eupatorium capillifolium,True,Eupatorium capillifolium,0.000000,False,False,,False
Eupatorium_capillifolium_2.jpg,Eupatorium capillifolium,True,C-m0.03,0.030000,Eupatorium capillifolium,True,Eupatorium capillifolium,0.000000,False,False,,False
Eupatorium_capillifolium_2.jpg,Eupatorium capillifolium,True,C-m0.04,0.040000,Eupatorium capillifolium,True,Eupatorium capillifolium,0.000000,False,False,,False
Eupatorium_capillifolium_2.jpg,Eupatorium capillifolium,True,C-m0.048,0.048000,Eupatorium capillifolium,True,Eupatorium capillifolium,0.000000,False,False,,False
Eupatorium_capillifolium_2.jpg,Eupatorium capillifolium,True,C-m0.05,0.050000,Eupatorium capillifolium,True,Eupatorium capillifolium,0.000000,False,False,,False
Eupatorium_capillifolium_2.jpg,Eupatorium capillifolium,True,C-m0.06,0.060000,Eupatorium capillifolium,True,Eupatorium capillifolium,0.000000,False,False,,False
Eupatorium_capillifolium_2.jpg,Eupatorium capillifolium,True,C-m0.08,0.080000,Eupatorium capillifolium,True,Eupatorium capillifolium,0.000000,False,False,,False
Eupatorium_capillifolium_2.jpg,Eupatorium capillifolium,True,C-m0.1,0.100000,Eupatorium capillifolium,True,Eupatorium capillifolium,0.000000,False,False,,False
Eupatorium_capillifolium_2.jpg,Eupatorium capillifolium,True,C-m*raw,0.047722,Eupatorium capillifolium,True,Eupatorium capillifolium,0.000000,False,False,,False
Eupatorium_capillifolium_2.jpg,Eupatorium capillifolium,True,C-m*hazard,0.047722,Eupatorium capillifolium,True,Eupatorium capillifolium,0.000000,False,False,,False
Euonymus_americanus_0.jpg,Euonymus americanus,True,A,0.000000,Callicarpa americana,False,,inf,False,True,Callicarpa americana,False
Euonymus_americanus_0.jpg,Euonymus americanus,True,C,0.000000,Solanum pseudocapsicum,True,Solanum pseudocapsicum,0.000000,False,False,,False
Euonymus_americanus_0.jpg,Euonymus americanus,True,C-m0.01,0.010000,Solanum pseudocapsicum,True,Solanum pseudocapsicum,0.000000,False,False,,False
Euonymus_americanus_0.jpg,Euonymus americanus,True,C-m0.02,0.020000,Solanum pseudocapsicum,True,Solanum pseudocapsicum,0.000000,False,False,,False
Euonymus_americanus_0.jpg,Euonymus americanus,True,C-m0.03,0.030000,Solanum pseudocapsicum,True,Solanum pseudocapsicum,0.000000,False,False,,False
Euonymus_americanus_0.jpg,Euonymus americanus,True,C-m0.04,0.040000,Solanum pseudocapsicum,True,Solanum pseudocapsicum,0.000000,False,False,,False
Euonymus_americanus_0.jpg,Euonymus americanus,True,C-m0.048,0.048000,Solanum pseudocapsicum,True,Solanum pseudocapsicum,0.000000,False,False,,False
Euonymus_americanus_0.jpg,Euonymus americanus,True,C-m0.05,0.050000,Solanum pseudocapsicum,True,Solanum pseudocapsicum,0.000000,False,False,,False
Euonymus_americanus_0.jpg,Euonymus americanus,True,C-m0.06,0.060000,Solanum pseudocapsicum,True,Solanum pseudocapsicum,0.000000,False,False,,False
Euonymus_americanus_0.jpg,Euonymus americanus,True,C-m0.08,0.080000,Solanum pseudocapsicum,True,Solanum pseudocapsicum,0.000000,False,False,,False
Euonymus_americanus_0.jpg,Euonymus americanus,True,C-m0.1,0.100000,Solanum pseudocapsicum,True,Solanum pseudocapsicum,0.000000,False,False,,False
Euonymus_americanus_0.jpg,Euonymus americanus,True,C-m*raw,0.047722,Solanum pseudocapsicum,True,Solanum pseudocapsicum,0.000000,False,False,,False
Euonymus_americanus_0.jpg,Euonymus americanus,True,C-m*hazard,0.047722,Solanum pseudocapsicum,True,Solanum pseudocapsicum,0.000000,False,False,,False
Euonymus_americanus_1.jpg,Euonymus americanus,True,A,0.000000,Callicarpa americana,False,,inf,False,True,Callicarpa americana,False
Euonymus_americanus_1.jpg,Euonymus americanus,True,C,0.000000,Euonymus americanus,True,Euonymus americanus,0.000000,False,False,,False
Euonymus_americanus_1.jpg,Euonymus americanus,True,C-m0.01,0.010000,Euonymus americanus,True,Euonymus americanus,0.000000,False,False,,False
Euonymus_americanus_1.jpg,Euonymus americanus,True,C-m0.02,0.020000,Euonymus americanus,True,Euonymus americanus,0.000000,False,False,,False
Euonymus_americanus_1.jpg,Euonymus americanus,True,C-m0.03,0.030000,Euonymus americanus,True,Euonymus americanus,0.000000,False,False,,False
Euonymus_americanus_1.jpg,Euonymus americanus,True,C-m0.04,0.040000,Euonymus americanus,True,Euonymus americanus,0.000000,False,False,,False
Euonymus_americanus_1.jpg,Euonymus americanus,True,C-m0.048,0.048000,Euonymus americanus,True,Euonymus americanus,0.000000,False,False,,False
Euonymus_americanus_1.jpg,Euonymus americanus,True,C-m0.05,0.050000,Euonymus americanus,True,Euonymus americanus,0.000000,False,False,,False
Euonymus_americanus_1.jpg,Euonymus americanus,True,C-m0.06,0.060000,Euonymus americanus,True,Euonymus americanus,0.000000,False,False,,False
Euonymus_americanus_1.jpg,Euonymus americanus,True,C-m0.08,0.080000,Euonymus americanus,True,Euonymus americanus,0.000000,False,False,,False
Euonymus_americanus_1.jpg,Euonymus americanus,True,C-m0.1,0.100000,Euonymus americanus,True,Euonymus americanus,0.000000,False,False,,False
Euonymus_americanus_1.jpg,Euonymus americanus,True,C-m*raw,0.047722,Euonymus americanus,True,Euonymus americanus,0.000000,False,False,,False
Euonymus_americanus_1.jpg,Euonymus americanus,True,C-m*hazard,0.047722,Euonymus americanus,True,Euonymus americanus,0.000000,False,False,,False
Euonymus_americanus_2.jpg,Euonymus americanus,True,A,0.000000,Chimaphila maculata,False,,inf,False,True,Chimaphila maculata,False
Euonymus_americanus_2.jpg,Euonymus americanus,True,C,0.000000,Euonymus americanus,True,Euonymus americanus,0.000000,False,False,,False
Euonymus_americanus_2.jpg,Euonymus americanus,True,C-m0.01,0.010000,Euonymus americanus,True,Euonymus americanus,0.000000,False,False,,False
Euonymus_americanus_2.jpg,Euonymus americanus,True,C-m0.02,0.020000,Euonymus americanus,True,Euonymus americanus,0.000000,False,False,,False
Euonymus_americanus_2.jpg,Euonymus americanus,True,C-m0.03,0.030000,Euonymus americanus,True,Euonymus americanus,0.000000,False,False,,False
Euonymus_americanus_2.jpg,Euonymus americanus,True,C-m0.04,0.040000,Euonymus americanus,True,Euonymus americanus,0.000000,False,False,,False
Euonymus_americanus_2.jpg,Euonymus americanus,True,C-m0.048,0.048000,Euonymus americanus,True,Euonymus americanus,0.000000,False,False,,False
Euonymus_americanus_2.jpg,Euonymus americanus,True,C-m0.05,0.050000,Euonymus americanus,True,Euonymus americanus,0.000000,False,False,,False
Euonymus_americanus_2.jpg,Euonymus americanus,True,C-m0.06,0.060000,Euonymus americanus,True,Euonymus americanus,0.000000,False,False,,False
Euonymus_americanus_2.jpg,Euonymus americanus,True,C-m0.08,0.080000,Euonymus americanus,True,Euonymus americanus,0.000000,False,False,,False
Euonymus_americanus_2.jpg,Euonymus americanus,True,C-m0.1,0.100000,Euonymus americanus,True,Euonymus americanus,0.000000,False,False,,False
Euonymus_americanus_2.jpg,Euonymus americanus,True,C-m*raw,0.047722,Euonymus americanus,True,Euonymus americanus,0.000000,False,False,,False
Euonymus_americanus_2.jpg,Euonymus americanus,True,C-m*hazard,0.047722,Euonymus americanus,True,Euonymus americanus,0.000000,False,False,,False
Lonicera_maackii_0.jpg,Lonicera maackii,True,A,0.000000,Callicarpa americana,False,,inf,False,True,Callicarpa americana,False
Lonicera_maackii_0.jpg,Lonicera maackii,True,C,0.000000,Lonicera maackii,True,Lonicera maackii,0.000000,False,False,,False
Lonicera_maackii_0.jpg,Lonicera maackii,True,C-m0.01,0.010000,Lonicera maackii,True,Lonicera maackii,0.000000,False,False,,False
Lonicera_maackii_0.jpg,Lonicera maackii,True,C-m0.02,0.020000,Lonicera maackii,True,Lonicera maackii,0.000000,False,False,,False
Lonicera_maackii_0.jpg,Lonicera maackii,True,C-m0.03,0.030000,Lonicera maackii,True,Lonicera maackii,0.000000,False,False,,False
Lonicera_maackii_0.jpg,Lonicera maackii,True,C-m0.04,0.040000,Lonicera maackii,True,Lonicera maackii,0.000000,False,False,,False
Lonicera_maackii_0.jpg,Lonicera maackii,True,C-m0.048,0.048000,Lonicera maackii,True,Lonicera maackii,0.000000,False,False,,False
Lonicera_maackii_0.jpg,Lonicera maackii,True,C-m0.05,0.050000,Lonicera maackii,True,Lonicera maackii,0.000000,False,False,,False
Lonicera_maackii_0.jpg,Lonicera maackii,True,C-m0.06,0.060000,Lonicera maackii,True,Lonicera maackii,0.000000,False,False,,False
Lonicera_maackii_0.jpg,Lonicera maackii,True,C-m0.08,0.080000,Lonicera maackii,True,Lonicera maackii,0.000000,False,False,,False
Lonicera_maackii_0.jpg,Lonicera maackii,True,C-m0.1,0.100000,Lonicera maackii,True,Lonicera maackii,0.000000,False,False,,False
Lonicera_maackii_0.jpg,Lonicera maackii,True,C-m*raw,0.047722,Lonicera maackii,True,Lonicera maackii,0.000000,False,False,,False
Lonicera_maackii_0.jpg,Lonicera maackii,True,C-m*hazard,0.047722,Lonicera maackii,True,Lonicera maackii,0.000000,False,False,,False
Lonicera_maackii_1.jpg,Lonicera maackii,True,A,0.000000,Callicarpa americana,False,,inf,False,True,Callicarpa americana,False
Lonicera_maackii_1.jpg,Lonicera maackii,True,C,0.000000,Lonicera maackii,True,Lonicera maackii,0.000000,False,False,,False
Lonicera_maackii_1.jpg,Lonicera maackii,True,C-m0.01,0.010000,Lonicera maackii,True,Lonicera maackii,0.000000,False,False,,False
Lonicera_maackii_1.jpg,Lonicera maackii,True,C-m0.02,0.020000,Lonicera maackii,True,Lonicera maackii,0.000000,False,False,,False
Lonicera_maackii_1.jpg,Lonicera maackii,True,C-m0.03,0.030000,Lonicera maackii,True,Lonicera maackii,0.000000,False,False,,False
Lonicera_maackii_1.jpg,Lonicera maackii,True,C-m0.04,0.040000,Lonicera maackii,True,Lonicera maackii,0.000000,False,False,,False
Lonicera_maackii_1.jpg,Lonicera maackii,True,C-m0.048,0.048000,Lonicera maackii,True,Lonicera maackii,0.000000,False,False,,False
Lonicera_maackii_1.jpg,Lonicera maackii,True,C-m0.05,0.050000,Lonicera maackii,True,Lonicera maackii,0.000000,False,False,,False
Lonicera_maackii_1.jpg,Lonicera maackii,True,C-m0.06,0.060000,Lonicera maackii,True,Lonicera maackii,0.000000,False,False,,False
Lonicera_maackii_1.jpg,Lonicera maackii,True,C-m0.08,0.080000,Lonicera maackii,True,Lonicera maackii,0.000000,False,False,,False
Lonicera_maackii_1.jpg,Lonicera maackii,True,C-m0.1,0.100000,Lonicera maackii,True,Lonicera maackii,0.000000,False,False,,False
Lonicera_maackii_1.jpg,Lonicera maackii,True,C-m*raw,0.047722,Lonicera maackii,True,Lonicera maackii,0.000000,False,False,,False
Lonicera_maackii_1.jpg,Lonicera maackii,True,C-m*hazard,0.047722,Lonicera maackii,True,Lonicera maackii,0.000000,False,False,,False
Lonicera_maackii_2.jpg,Lonicera maackii,True,A,0.000000,Callicarpa americana,False,,inf,False,True,Callicarpa americana,False
Lonicera_maackii_2.jpg,Lonicera maackii,True,C,0.000000,Lonicera maackii,True,Lonicera maackii,0.000000,False,False,,False
Lonicera_maackii_2.jpg,Lonicera maackii,True,C-m0.01,0.010000,Lonicera maackii,True,Lonicera maackii,0.000000,False,False,,False
Lonicera_maackii_2.jpg,Lonicera maackii,True,C-m0.02,0.020000,Lonicera maackii,True,Lonicera maackii,0.000000,False,False,,False
Lonicera_maackii_2.jpg,Lonicera maackii,True,C-m0.03,0.030000,Lonicera maackii,True,Lonicera maackii,0.000000,False,False,,False
Lonicera_maackii_2.jpg,Lonicera maackii,True,C-m0.04,0.040000,Lonicera maackii,True,Lonicera maackii,0.000000,False,False,,False
Lonicera_maackii_2.jpg,Lonicera maackii,True,C-m0.048,0.048000,Lonicera maackii,True,Lonicera maackii,0.000000,False,False,,False
Lonicera_maackii_2.jpg,Lonicera maackii,True,C-m0.05,0.050000,Lonicera maackii,True,Lonicera maackii,0.000000,False,False,,False
Lonicera_maackii_2.jpg,Lonicera maackii,True,C-m0.06,0.060000,Lonicera maackii,True,Lonicera maackii,0.000000,False,False,,False
Lonicera_maackii_2.jpg,Lonicera maackii,True,C-m0.08,0.080000,Lonicera maackii,True,Lonicera maackii,0.000000,False,False,,False
Lonicera_maackii_2.jpg,Lonicera maackii,True,C-m0.1,0.100000,Lonicera maackii,True,Lonicera maackii,0.000000,False,False,,False
Lonicera_maackii_2.jpg,Lonicera maackii,True,C-m*raw,0.047722,Lonicera maackii,True,Lonicera maackii,0.000000,False,False,,False
Lonicera_maackii_2.jpg,Lonicera maackii,True,C-m*hazard,0.047722,Lonicera maackii,True,Lonicera maackii,0.000000,False,False,,False
Eupatorium_serotinum_0.jpg,Eupatorium serotinum,True,A,0.000000,Conoclinium coelestinum,False,,inf,False,True,Conoclinium coelestinum,False
Eupatorium_serotinum_0.jpg,Eupatorium serotinum,True,C,0.000000,Daucus carota,True,Daucus carota,0.000000,False,False,,False
Eupatorium_serotinum_0.jpg,Eupatorium serotinum,True,C-m0.01,0.010000,Daucus carota,True,Daucus carota,0.000000,False,False,,False
Eupatorium_serotinum_0.jpg,Eupatorium serotinum,True,C-m0.02,0.020000,Daucus carota,True,Daucus carota,0.000000,False,False,,False
Eupatorium_serotinum_0.jpg,Eupatorium serotinum,True,C-m0.03,0.030000,Daucus carota,True,Daucus carota,0.000000,False,False,,False
Eupatorium_serotinum_0.jpg,Eupatorium serotinum,True,C-m0.04,0.040000,Daucus carota,True,Daucus carota,0.000000,False,False,,False
Eupatorium_serotinum_0.jpg,Eupatorium serotinum,True,C-m0.048,0.048000,Daucus carota,True,Daucus carota,0.000000,False,False,,False
Eupatorium_serotinum_0.jpg,Eupatorium serotinum,True,C-m0.05,0.050000,Daucus carota,True,Daucus carota,0.000000,False,False,,False
Eupatorium_serotinum_0.jpg,Eupatorium serotinum,True,C-m0.06,0.060000,Daucus carota,True,Daucus carota,0.000000,False,False,,False
Eupatorium_serotinum_0.jpg,Eupatorium serotinum,True,C-m0.08,0.080000,Daucus carota,True,Daucus carota,0.000000,False,False,,False
Eupatorium_serotinum_0.jpg,Eupatorium serotinum,True,C-m0.1,0.100000,Daucus carota,True,Daucus carota,0.000000,False,False,,False
Eupatorium_serotinum_0.jpg,Eupatorium serotinum,True,C-m*raw,0.047722,Daucus carota,True,Daucus carota,0.000000,False,False,,False
Eupatorium_serotinum_0.jpg,Eupatorium serotinum,True,C-m*hazard,0.047722,Daucus carota,True,Daucus carota,0.000000,False,False,,False
Eupatorium_serotinum_1.jpg,Eupatorium serotinum,True,A,0.000000,Erechtites hieraciifolius,False,,inf,False,True,Erechtites hieraciifolius,False
Eupatorium_serotinum_1.jpg,Eupatorium serotinum,True,C,0.000000,Eupatorium serotinum,True,Eupatorium serotinum,0.000000,False,False,,False
Eupatorium_serotinum_1.jpg,Eupatorium serotinum,True,C-m0.01,0.010000,Eupatorium serotinum,True,Eupatorium serotinum,0.000000,False,False,,False
Eupatorium_serotinum_1.jpg,Eupatorium serotinum,True,C-m0.02,0.020000,Eupatorium serotinum,True,Eupatorium serotinum,0.000000,False,False,,False
Eupatorium_serotinum_1.jpg,Eupatorium serotinum,True,C-m0.03,0.030000,Eupatorium serotinum,True,Eupatorium serotinum,0.000000,False,False,,False
Eupatorium_serotinum_1.jpg,Eupatorium serotinum,True,C-m0.04,0.040000,Eupatorium serotinum,True,Eupatorium serotinum,0.000000,False,False,,False
Eupatorium_serotinum_1.jpg,Eupatorium serotinum,True,C-m0.048,0.048000,Eupatorium serotinum,True,Eupatorium serotinum,0.000000,False,False,,False
Eupatorium_serotinum_1.jpg,Eupatorium serotinum,True,C-m0.05,0.050000,Eupatorium serotinum,True,Eupatorium serotinum,0.000000,False,False,,False
Eupatorium_serotinum_1.jpg,Eupatorium serotinum,True,C-m0.06,0.060000,Eupatorium serotinum,True,Eupatorium serotinum,0.000000,False,False,,False
Eupatorium_serotinum_1.jpg,Eupatorium serotinum,True,C-m0.08,0.080000,Eupatorium serotinum,True,Eupatorium serotinum,0.000000,False,False,,False
Eupatorium_serotinum_1.jpg,Eupatorium serotinum,True,C-m0.1,0.100000,Eupatorium serotinum,True,Eupatorium serotinum,0.000000,False,False,,False
Eupatorium_serotinum_1.jpg,Eupatorium serotinum,True,C-m*raw,0.047722,Eupatorium serotinum,True,Eupatorium serotinum,0.000000,False,False,,False
Eupatorium_serotinum_1.jpg,Eupatorium serotinum,True,C-m*hazard,0.047722,Eupatorium serotinum,True,Eupatorium serotinum,0.000000,False,False,,False
Eupatorium_serotinum_2.jpg,Eupatorium serotinum,True,A,0.000000,Solidago altissima,False,,inf,False,True,Solidago altissima,False
Eupatorium_serotinum_2.jpg,Eupatorium serotinum,True,C,0.000000,Brickellia eupatorioides,True,Brickellia eupatorioides,0.000000,False,False,,False
Eupatorium_serotinum_2.jpg,Eupatorium serotinum,True,C-m0.01,0.010000,Brickellia eupatorioides,True,Brickellia eupatorioides,0.000000,False,False,,False
Eupatorium_serotinum_2.jpg,Eupatorium serotinum,True,C-m0.02,0.020000,Brickellia eupatorioides,True,Brickellia eupatorioides,0.000000,False,False,,False
Eupatorium_serotinum_2.jpg,Eupatorium serotinum,True,C-m0.03,0.030000,Brickellia eupatorioides,True,Brickellia eupatorioides,0.000000,False,False,,False
Eupatorium_serotinum_2.jpg,Eupatorium serotinum,True,C-m0.04,0.040000,Brickellia eupatorioides,True,Brickellia eupatorioides,0.000000,False,False,,False
Eupatorium_serotinum_2.jpg,Eupatorium serotinum,True,C-m0.048,0.048000,Brickellia eupatorioides,True,Brickellia eupatorioides,0.000000,False,False,,False
Eupatorium_serotinum_2.jpg,Eupatorium serotinum,True,C-m0.05,0.050000,Brickellia eupatorioides,True,Brickellia eupatorioides,0.000000,False,False,,False
Eupatorium_serotinum_2.jpg,Eupatorium serotinum,True,C-m0.06,0.060000,Brickellia eupatorioides,True,Brickellia eupatorioides,0.000000,False,False,,False
Eupatorium_serotinum_2.jpg,Eupatorium serotinum,True,C-m0.08,0.080000,Brickellia eupatorioides,True,Brickellia eupatorioides,0.000000,False,False,,False
Eupatorium_serotinum_2.jpg,Eupatorium serotinum,True,C-m0.1,0.100000,Brickellia eupatorioides,True,Brickellia eupatorioides,0.000000,False,False,,False
Eupatorium_serotinum_2.jpg,Eupatorium serotinum,True,C-m*raw,0.047722,Brickellia eupatorioides,True,Brickellia eupatorioides,0.000000,False,False,,False
Eupatorium_serotinum_2.jpg,Eupatorium serotinum,True,C-m*hazard,0.047722,Brickellia eupatorioides,True,Brickellia eupatorioides,0.000000,False,False,,False
Ligustrum_sinense_0.jpg,Ligustrum sinense,True,A,0.000000,Diospyros virginiana,False,,inf,False,True,Diospyros virginiana,False
Ligustrum_sinense_0.jpg,Ligustrum sinense,True,C,0.000000,Ligustrum sinense,True,Ligustrum sinense,0.000000,False,False,,False
Ligustrum_sinense_0.jpg,Ligustrum sinense,True,C-m0.01,0.010000,Ligustrum sinense,True,Ligustrum sinense,0.000000,False,False,,False
Ligustrum_sinense_0.jpg,Ligustrum sinense,True,C-m0.02,0.020000,Ligustrum sinense,True,Ligustrum sinense,0.000000,False,False,,False
Ligustrum_sinense_0.jpg,Ligustrum sinense,True,C-m0.03,0.030000,Ligustrum sinense,True,Ligustrum sinense,0.000000,False,False,,False
Ligustrum_sinense_0.jpg,Ligustrum sinense,True,C-m0.04,0.040000,Ligustrum sinense,True,Ligustrum sinense,0.000000,False,False,,False
Ligustrum_sinense_0.jpg,Ligustrum sinense,True,C-m0.048,0.048000,Ligustrum sinense,True,Ligustrum sinense,0.000000,False,False,,False
Ligustrum_sinense_0.jpg,Ligustrum sinense,True,C-m0.05,0.050000,Ligustrum sinense,True,Ligustrum sinense,0.000000,False,False,,False
Ligustrum_sinense_0.jpg,Ligustrum sinense,True,C-m0.06,0.060000,Ligustrum sinense,True,Ligustrum sinense,0.000000,False,False,,False
Ligustrum_sinense_0.jpg,Ligustrum sinense,True,C-m0.08,0.080000,Ligustrum sinense,True,Ligustrum sinense,0.000000,False,False,,False
Ligustrum_sinense_0.jpg,Ligustrum sinense,True,C-m0.1,0.100000,Ligustrum sinense,True,Ligustrum sinense,0.000000,False,False,,False
Ligustrum_sinense_0.jpg,Ligustrum sinense,True,C-m*raw,0.047722,Ligustrum sinense,True,Ligustrum sinense,0.000000,False,False,,False
Ligustrum_sinense_0.jpg,Ligustrum sinense,True,C-m*hazard,0.047722,Ligustrum sinense,True,Ligustrum sinense,0.000000,False,False,,False
Ligustrum_sinense_1.jpg,Ligustrum sinense,True,A,0.000000,Ilex cornuta,False,,inf,False,True,Ilex cornuta,False
Ligustrum_sinense_1.jpg,Ligustrum sinense,True,C,0.000000,Ligustrum sinense,True,Ligustrum sinense,0.000000,False,False,,False
Ligustrum_sinense_1.jpg,Ligustrum sinense,True,C-m0.01,0.010000,Ligustrum sinense,True,Ligustrum sinense,0.000000,False,False,,False
Ligustrum_sinense_1.jpg,Ligustrum sinense,True,C-m0.02,0.020000,Ligustrum sinense,True,Ligustrum sinense,0.000000,False,False,,False
Ligustrum_sinense_1.jpg,Ligustrum sinense,True,C-m0.03,0.030000,Ligustrum sinense,True,Ligustrum sinense,0.000000,False,False,,False
Ligustrum_sinense_1.jpg,Ligustrum sinense,True,C-m0.04,0.040000,Ligustrum sinense,True,Ligustrum sinense,0.000000,False,False,,False
Ligustrum_sinense_1.jpg,Ligustrum sinense,True,C-m0.048,0.048000,Ligustrum sinense,True,Ligustrum sinense,0.000000,False,False,,False
Ligustrum_sinense_1.jpg,Ligustrum sinense,True,C-m0.05,0.050000,Ligustrum sinense,True,Ligustrum sinense,0.000000,False,False,,False
Ligustrum_sinense_1.jpg,Ligustrum sinense,True,C-m0.06,0.060000,Ligustrum sinense,True,Ligustrum sinense,0.000000,False,False,,False
Ligustrum_sinense_1.jpg,Ligustrum sinense,True,C-m0.08,0.080000,Ligustrum sinense,True,Ligustrum sinense,0.000000,False,False,,False
Ligustrum_sinense_1.jpg,Ligustrum sinense,True,C-m0.1,0.100000,Ligustrum sinense,True,Ligustrum sinense,0.000000,False,False,,False
Ligustrum_sinense_1.jpg,Ligustrum sinense,True,C-m*raw,0.047722,Ligustrum sinense,True,Ligustrum sinense,0.000000,False,False,,False
Ligustrum_sinense_1.jpg,Ligustrum sinense,True,C-m*hazard,0.047722,Ligustrum sinense,True,Ligustrum sinense,0.000000,False,False,,False
Ligustrum_sinense_2.jpg,Ligustrum sinense,True,A,0.000000,Callicarpa americana,False,,inf,False,True,Callicarpa americana,False
Ligustrum_sinense_2.jpg,Ligustrum sinense,True,C,0.000000,Ligustrum sinense,True,Ligustrum sinense,0.000000,False,False,,False
Ligustrum_sinense_2.jpg,Ligustrum sinense,True,C-m0.01,0.010000,Ligustrum sinense,True,Ligustrum sinense,0.000000,False,False,,False
Ligustrum_sinense_2.jpg,Ligustrum sinense,True,C-m0.02,0.020000,Ligustrum sinense,True,Ligustrum sinense,0.000000,False,False,,False
Ligustrum_sinense_2.jpg,Ligustrum sinense,True,C-m0.03,0.030000,Ligustrum sinense,True,Ligustrum sinense,0.000000,False,False,,False
Ligustrum_sinense_2.jpg,Ligustrum sinense,True,C-m0.04,0.040000,Ligustrum sinense,True,Ligustrum sinense,0.000000,False,False,,False
Ligustrum_sinense_2.jpg,Ligustrum sinense,True,C-m0.048,0.048000,Ligustrum sinense,True,Ligustrum sinense,0.000000,False,False,,False
Ligustrum_sinense_2.jpg,Ligustrum sinense,True,C-m0.05,0.050000,Ligustrum sinense,True,Ligustrum sinense,0.000000,False,False,,False
Ligustrum_sinense_2.jpg,Ligustrum sinense,True,C-m0.06,0.060000,Ligustrum sinense,True,Ligustrum sinense,0.000000,False,False,,False
Ligustrum_sinense_2.jpg,Ligustrum sinense,True,C-m0.08,0.080000,Ligustrum sinense,True,Ligustrum sinense,0.000000,False,False,,False
Ligustrum_sinense_2.jpg,Ligustrum sinense,True,C-m0.1,0.100000,Ligustrum sinense,True,Ligustrum sinense,0.000000,False,False,,False
Ligustrum_sinense_2.jpg,Ligustrum sinense,True,C-m*raw,0.047722,Ligustrum sinense,True,Ligustrum sinense,0.000000,False,False,,False
Ligustrum_sinense_2.jpg,Ligustrum sinense,True,C-m*hazard,0.047722,Ligustrum sinense,True,Ligustrum sinense,0.000000,False,False,,False
Hedera_helix_0.jpg,Hedera helix,True,A,0.000000,Vitis rotundifolia,False,,inf,True,True,Vitis rotundifolia,False
Hedera_helix_0.jpg,Hedera helix,True,C,0.000000,Hedera helix,True,Hedera helix,0.000000,True,False,,False
Hedera_helix_0.jpg,Hedera helix,True,C-m0.01,0.010000,Hedera helix,True,Hedera helix,0.000000,True,False,,False
Hedera_helix_0.jpg,Hedera helix,True,C-m0.02,0.020000,Hedera helix,True,Hedera helix,0.000000,True,False,,False
Hedera_helix_0.jpg,Hedera helix,True,C-m0.03,0.030000,Hedera helix,True,Hedera helix,0.000000,True,False,,False
Hedera_helix_0.jpg,Hedera helix,True,C-m0.04,0.040000,Hedera helix,True,Hedera helix,0.000000,True,False,,False
Hedera_helix_0.jpg,Hedera helix,True,C-m0.048,0.048000,Hedera helix,True,Hedera helix,0.000000,True,False,,False
Hedera_helix_0.jpg,Hedera helix,True,C-m0.05,0.050000,Hedera helix,True,Hedera helix,0.000000,True,False,,False
Hedera_helix_0.jpg,Hedera helix,True,C-m0.06,0.060000,Hedera helix,True,Hedera helix,0.000000,True,False,,False
Hedera_helix_0.jpg,Hedera helix,True,C-m0.08,0.080000,Hedera helix,True,Hedera helix,0.000000,True,False,,False
Hedera_helix_0.jpg,Hedera helix,True,C-m0.1,0.100000,Hedera helix,True,Hedera helix,0.000000,True,False,,False
Hedera_helix_0.jpg,Hedera helix,True,C-m*raw,0.047722,Hedera helix,True,Hedera helix,0.000000,True,False,,False
Hedera_helix_0.jpg,Hedera helix,True,C-m*hazard,0.047722,Hedera helix,True,Hedera helix,0.000000,True,False,,False
Hedera_helix_1.jpg,Hedera helix,True,A,0.000000,Ilex cornuta,False,,inf,False,True,Ilex cornuta,False
Hedera_helix_1.jpg,Hedera helix,True,C,0.000000,Hedera helix,True,Hedera helix,0.000000,False,False,,False
Hedera_helix_1.jpg,Hedera helix,True,C-m0.01,0.010000,Hedera helix,True,Hedera helix,0.000000,False,False,,False
Hedera_helix_1.jpg,Hedera helix,True,C-m0.02,0.020000,Hedera helix,True,Hedera helix,0.000000,False,False,,False
Hedera_helix_1.jpg,Hedera helix,True,C-m0.03,0.030000,Hedera helix,True,Hedera helix,0.000000,False,False,,False
Hedera_helix_1.jpg,Hedera helix,True,C-m0.04,0.040000,Hedera helix,True,Hedera helix,0.000000,False,False,,False
Hedera_helix_1.jpg,Hedera helix,True,C-m0.048,0.048000,Hedera helix,True,Hedera helix,0.000000,False,False,,False
Hedera_helix_1.jpg,Hedera helix,True,C-m0.05,0.050000,Hedera helix,True,Hedera helix,0.000000,False,False,,False
Hedera_helix_1.jpg,Hedera helix,True,C-m0.06,0.060000,Hedera helix,True,Hedera helix,0.000000,False,False,,False
Hedera_helix_1.jpg,Hedera helix,True,C-m0.08,0.080000,Hedera helix,True,Hedera helix,0.000000,False,False,,False
Hedera_helix_1.jpg,Hedera helix,True,C-m0.1,0.100000,Hedera helix,True,Hedera helix,0.000000,False,False,,False
Hedera_helix_1.jpg,Hedera helix,True,C-m*raw,0.047722,Hedera helix,True,Hedera helix,0.000000,False,False,,False
Hedera_helix_1.jpg,Hedera helix,True,C-m*hazard,0.047722,Hedera helix,True,Hedera helix,0.000000,False,False,,False
Hedera_helix_2.jpg,Hedera helix,True,A,0.000000,Ampelopsis glandulosa,False,,inf,False,True,Ampelopsis glandulosa,False
Hedera_helix_2.jpg,Hedera helix,True,C,0.000000,Hedera helix,True,Hedera helix,0.000000,False,False,,False
Hedera_helix_2.jpg,Hedera helix,True,C-m0.01,0.010000,Hedera helix,True,Hedera helix,0.000000,False,False,,False
Hedera_helix_2.jpg,Hedera helix,True,C-m0.02,0.020000,Hedera helix,True,Hedera helix,0.000000,False,False,,False
Hedera_helix_2.jpg,Hedera helix,True,C-m0.03,0.030000,Hedera helix,True,Hedera helix,0.000000,False,False,,False
Hedera_helix_2.jpg,Hedera helix,True,C-m0.04,0.040000,Hedera helix,True,Hedera helix,0.000000,False,False,,False
Hedera_helix_2.jpg,Hedera helix,True,C-m0.048,0.048000,Hedera helix,True,Hedera helix,0.000000,False,False,,False
Hedera_helix_2.jpg,Hedera helix,True,C-m0.05,0.050000,Hedera helix,True,Hedera helix,0.000000,False,False,,False
Hedera_helix_2.jpg,Hedera helix,True,C-m0.06,0.060000,Hedera helix,True,Hedera helix,0.000000,False,False,,False
Hedera_helix_2.jpg,Hedera helix,True,C-m0.08,0.080000,Hedera helix,True,Hedera helix,0.000000,False,False,,False
Hedera_helix_2.jpg,Hedera helix,True,C-m0.1,0.100000,Hedera helix,True,Hedera helix,0.000000,False,False,,False
Hedera_helix_2.jpg,Hedera helix,True,C-m*raw,0.047722,Hedera helix,True,Hedera helix,0.000000,False,False,,False
Hedera_helix_2.jpg,Hedera helix,True,C-m*hazard,0.047722,Hedera helix,True,Hedera helix,0.000000,False,False,,False
Parthenocissus_quinquefolia_0.jpg,Parthenocissus quinquefolia,True,A,0.000000,Ampelopsis glandulosa,False,,inf,False,True,Ampelopsis glandulosa,False
Parthenocissus_quinquefolia_0.jpg,Parthenocissus quinquefolia,True,C,0.000000,Berchemia scandens,True,Berchemia scandens,0.000000,False,False,,False
Parthenocissus_quinquefolia_0.jpg,Parthenocissus quinquefolia,True,C-m0.01,0.010000,Berchemia scandens,True,Berchemia scandens,0.000000,False,False,,False
Parthenocissus_quinquefolia_0.jpg,Parthenocissus quinquefolia,True,C-m0.02,0.020000,Berchemia scandens,True,Berchemia scandens,0.000000,False,False,,False
Parthenocissus_quinquefolia_0.jpg,Parthenocissus quinquefolia,True,C-m0.03,0.030000,Berchemia scandens,True,Berchemia scandens,0.000000,False,False,,False
Parthenocissus_quinquefolia_0.jpg,Parthenocissus quinquefolia,True,C-m0.04,0.040000,Berchemia scandens,True,Berchemia scandens,0.000000,False,False,,False
Parthenocissus_quinquefolia_0.jpg,Parthenocissus quinquefolia,True,C-m0.048,0.048000,Berchemia scandens,True,Berchemia scandens,0.000000,False,False,,False
Parthenocissus_quinquefolia_0.jpg,Parthenocissus quinquefolia,True,C-m0.05,0.050000,Berchemia scandens,True,Berchemia scandens,0.000000,False,False,,False
Parthenocissus_quinquefolia_0.jpg,Parthenocissus quinquefolia,True,C-m0.06,0.060000,Berchemia scandens,True,Berchemia scandens,0.000000,False,False,,False
Parthenocissus_quinquefolia_0.jpg,Parthenocissus quinquefolia,True,C-m0.08,0.080000,Berchemia scandens,True,Berchemia scandens,0.000000,False,False,,False
Parthenocissus_quinquefolia_0.jpg,Parthenocissus quinquefolia,True,C-m0.1,0.100000,Berchemia scandens,True,Berchemia scandens,0.000000,False,False,,False
Parthenocissus_quinquefolia_0.jpg,Parthenocissus quinquefolia,True,C-m*raw,0.047722,Berchemia scandens,True,Berchemia scandens,0.000000,False,False,,False
Parthenocissus_quinquefolia_0.jpg,Parthenocissus quinquefolia,True,C-m*hazard,0.047722,Berchemia scandens,True,Berchemia scandens,0.000000,False,False,,False
Parthenocissus_quinquefolia_1.jpg,Parthenocissus quinquefolia,True,A,0.000000,Ampelopsis glandulosa,False,,inf,False,True,Ampelopsis glandulosa,False
Parthenocissus_quinquefolia_1.jpg,Parthenocissus quinquefolia,True,C,0.000000,Parthenocissus quinquefolia,True,Parthenocissus quinquefolia,0.000000,False,False,,False
Parthenocissus_quinquefolia_1.jpg,Parthenocissus quinquefolia,True,C-m0.01,0.010000,Parthenocissus quinquefolia,True,Parthenocissus quinquefolia,0.000000,False,False,,False
Parthenocissus_quinquefolia_1.jpg,Parthenocissus quinquefolia,True,C-m0.02,0.020000,Parthenocissus quinquefolia,True,Parthenocissus quinquefolia,0.000000,False,False,,False
Parthenocissus_quinquefolia_1.jpg,Parthenocissus quinquefolia,True,C-m0.03,0.030000,Parthenocissus quinquefolia,True,Parthenocissus quinquefolia,0.000000,False,False,,False
Parthenocissus_quinquefolia_1.jpg,Parthenocissus quinquefolia,True,C-m0.04,0.040000,Parthenocissus quinquefolia,True,Parthenocissus quinquefolia,0.000000,False,False,,False
Parthenocissus_quinquefolia_1.jpg,Parthenocissus quinquefolia,True,C-m0.048,0.048000,Parthenocissus quinquefolia,True,Parthenocissus quinquefolia,0.000000,False,False,,False
Parthenocissus_quinquefolia_1.jpg,Parthenocissus quinquefolia,True,C-m0.05,0.050000,Parthenocissus quinquefolia,True,Parthenocissus quinquefolia,0.000000,False,False,,False
Parthenocissus_quinquefolia_1.jpg,Parthenocissus quinquefolia,True,C-m0.06,0.060000,Parthenocissus quinquefolia,True,Parthenocissus quinquefolia,0.000000,False,False,,False
Parthenocissus_quinquefolia_1.jpg,Parthenocissus quinquefolia,True,C-m0.08,0.080000,Parthenocissus quinquefolia,True,Parthenocissus quinquefolia,0.000000,False,False,,False
Parthenocissus_quinquefolia_1.jpg,Parthenocissus quinquefolia,True,C-m0.1,0.100000,Parthenocissus quinquefolia,True,Parthenocissus quinquefolia,0.000000,False,False,,False
Parthenocissus_quinquefolia_1.jpg,Parthenocissus quinquefolia,True,C-m*raw,0.047722,Parthenocissus quinquefolia,True,Parthenocissus quinquefolia,0.000000,False,False,,False
Parthenocissus_quinquefolia_1.jpg,Parthenocissus quinquefolia,True,C-m*hazard,0.047722,Parthenocissus quinquefolia,True,Parthenocissus quinquefolia,0.000000,False,False,,False
Parthenocissus_quinquefolia_2.jpg,Parthenocissus quinquefolia,True,A,0.000000,Vitis rotundifolia,False,,inf,False,True,Vitis rotundifolia,False
Parthenocissus_quinquefolia_2.jpg,Parthenocissus quinquefolia,True,C,0.000000,Parthenocissus quinquefolia,True,Parthenocissus quinquefolia,0.000000,False,False,,False
Parthenocissus_quinquefolia_2.jpg,Parthenocissus quinquefolia,True,C-m0.01,0.010000,Parthenocissus quinquefolia,True,Parthenocissus quinquefolia,0.000000,False,False,,False
Parthenocissus_quinquefolia_2.jpg,Parthenocissus quinquefolia,True,C-m0.02,0.020000,Parthenocissus quinquefolia,True,Parthenocissus quinquefolia,0.000000,False,False,,False
Parthenocissus_quinquefolia_2.jpg,Parthenocissus quinquefolia,True,C-m0.03,0.030000,Parthenocissus quinquefolia,True,Parthenocissus quinquefolia,0.000000,False,False,,False
Parthenocissus_quinquefolia_2.jpg,Parthenocissus quinquefolia,True,C-m0.04,0.040000,Parthenocissus quinquefolia,True,Parthenocissus quinquefolia,0.000000,False,False,,False
Parthenocissus_quinquefolia_2.jpg,Parthenocissus quinquefolia,True,C-m0.048,0.048000,Parthenocissus quinquefolia,True,Parthenocissus quinquefolia,0.000000,False,False,,False
Parthenocissus_quinquefolia_2.jpg,Parthenocissus quinquefolia,True,C-m0.05,0.050000,Parthenocissus quinquefolia,True,Parthenocissus quinquefolia,0.000000,False,False,,False
Parthenocissus_quinquefolia_2.jpg,Parthenocissus quinquefolia,True,C-m0.06,0.060000,Parthenocissus quinquefolia,True,Parthenocissus quinquefolia,0.000000,False,False,,False
Parthenocissus_quinquefolia_2.jpg,Parthenocissus quinquefolia,True,C-m0.08,0.080000,Parthenocissus quinquefolia,True,Parthenocissus quinquefolia,0.000000,False,False,,False
Parthenocissus_quinquefolia_2.jpg,Parthenocissus quinquefolia,True,C-m0.1,0.100000,Parthenocissus quinquefolia,True,Parthenocissus quinquefolia,0.000000,False,False,,False
Parthenocissus_quinquefolia_2.jpg,Parthenocissus quinquefolia,True,C-m*raw,0.047722,Parthenocissus quinquefolia,True,Parthenocissus quinquefolia,0.000000,False,False,,False
Parthenocissus_quinquefolia_2.jpg,Parthenocissus quinquefolia,True,C-m*hazard,0.047722,Parthenocissus quinquefolia,True,Parthenocissus quinquefolia,0.000000,False,False,,False
Acer_negundo_0.jpg,Acer negundo,True,A,0.000000,Pueraria montana,False,,inf,False,True,Pueraria montana,False
Acer_negundo_0.jpg,Acer negundo,True,C,0.000000,Pueraria montana,False,Acer negundo,0.009288,False,True,Pueraria montana,False
Acer_negundo_0.jpg,Acer negundo,True,C-m0.01,0.010000,Pueraria montana,False,Acer negundo,0.009288,False,False,,False
Acer_negundo_0.jpg,Acer negundo,True,C-m0.02,0.020000,Pueraria montana,False,Acer negundo,0.009288,False,False,,False
Acer_negundo_0.jpg,Acer negundo,True,C-m0.03,0.030000,Pueraria montana,False,Acer negundo,0.009288,False,False,,False
Acer_negundo_0.jpg,Acer negundo,True,C-m0.04,0.040000,Pueraria montana,False,Acer negundo,0.009288,False,False,,False
Acer_negundo_0.jpg,Acer negundo,True,C-m0.048,0.048000,Pueraria montana,False,Acer negundo,0.009288,False,False,,False
Acer_negundo_0.jpg,Acer negundo,True,C-m0.05,0.050000,Pueraria montana,False,Acer negundo,0.009288,False,False,,False
Acer_negundo_0.jpg,Acer negundo,True,C-m0.06,0.060000,Pueraria montana,False,Acer negundo,0.009288,False,False,,False
Acer_negundo_0.jpg,Acer negundo,True,C-m0.08,0.080000,Pueraria montana,False,Acer negundo,0.009288,False,False,,False
Acer_negundo_0.jpg,Acer negundo,True,C-m0.1,0.100000,Pueraria montana,False,Acer negundo,0.009288,False,False,,False
Acer_negundo_0.jpg,Acer negundo,True,C-m*raw,0.047722,Pueraria montana,False,Acer negundo,0.009288,False,False,,False
Acer_negundo_0.jpg,Acer negundo,True,C-m*hazard,0.047722,Pueraria montana,False,Acer negundo,0.009288,False,False,,False
Acer_negundo_1.jpg,Acer negundo,True,A,0.000000,Pueraria montana,False,,inf,False,True,Pueraria montana,False
Acer_negundo_1.jpg,Acer negundo,True,C,0.000000,Physalis peruviana,True,Physalis peruviana,0.000000,False,False,,False
Acer_negundo_1.jpg,Acer negundo,True,C-m0.01,0.010000,Physalis peruviana,True,Physalis peruviana,0.000000,False,False,,False
Acer_negundo_1.jpg,Acer negundo,True,C-m0.02,0.020000,Physalis peruviana,True,Physalis peruviana,0.000000,False,False,,False
Acer_negundo_1.jpg,Acer negundo,True,C-m0.03,0.030000,Physalis peruviana,True,Physalis peruviana,0.000000,False,False,,False
Acer_negundo_1.jpg,Acer negundo,True,C-m0.04,0.040000,Physalis peruviana,True,Physalis peruviana,0.000000,False,False,,False
Acer_negundo_1.jpg,Acer negundo,True,C-m0.048,0.048000,Physalis peruviana,True,Physalis peruviana,0.000000,False,False,,False
Acer_negundo_1.jpg,Acer negundo,True,C-m0.05,0.050000,Physalis peruviana,True,Physalis peruviana,0.000000,False,False,,False
Acer_negundo_1.jpg,Acer negundo,True,C-m0.06,0.060000,Physalis peruviana,True,Physalis peruviana,0.000000,False,False,,False
Acer_negundo_1.jpg,Acer negundo,True,C-m0.08,0.080000,Physalis peruviana,True,Physalis peruviana,0.000000,False,False,,False
Acer_negundo_1.jpg,Acer negundo,True,C-m0.1,0.100000,Physalis peruviana,True,Physalis peruviana,0.000000,False,False,,False
Acer_negundo_1.jpg,Acer negundo,True,C-m*raw,0.047722,Physalis peruviana,True,Physalis peruviana,0.000000,False,False,,False
Acer_negundo_1.jpg,Acer negundo,True,C-m*hazard,0.047722,Physalis peruviana,True,Physalis peruviana,0.000000,False,False,,False
Acer_negundo_2.jpg,Acer negundo,True,A,0.000000,Diospyros virginiana,False,,inf,False,True,Diospyros virginiana,False
Acer_negundo_2.jpg,Acer negundo,True,C,0.000000,Physalis peruviana,True,Physalis peruviana,0.000000,False,False,,False
Acer_negundo_2.jpg,Acer negundo,True,C-m0.01,0.010000,Physalis peruviana,True,Physalis peruviana,0.000000,False,False,,False
Acer_negundo_2.jpg,Acer negundo,True,C-m0.02,0.020000,Physalis peruviana,True,Physalis peruviana,0.000000,False,False,,False
Acer_negundo_2.jpg,Acer negundo,True,C-m0.03,0.030000,Physalis peruviana,True,Physalis peruviana,0.000000,False,False,,False
Acer_negundo_2.jpg,Acer negundo,True,C-m0.04,0.040000,Physalis peruviana,True,Physalis peruviana,0.000000,False,False,,False
Acer_negundo_2.jpg,Acer negundo,True,C-m0.048,0.048000,Physalis peruviana,True,Physalis peruviana,0.000000,False,False,,False
Acer_negundo_2.jpg,Acer negundo,True,C-m0.05,0.050000,Physalis peruviana,True,Physalis peruviana,0.000000,False,False,,False
Acer_negundo_2.jpg,Acer negundo,True,C-m0.06,0.060000,Physalis peruviana,True,Physalis peruviana,0.000000,False,False,,False
Acer_negundo_2.jpg,Acer negundo,True,C-m0.08,0.080000,Physalis peruviana,True,Physalis peruviana,0.000000,False,False,,False
Acer_negundo_2.jpg,Acer negundo,True,C-m0.1,0.100000,Physalis peruviana,True,Physalis peruviana,0.000000,False,False,,False
Acer_negundo_2.jpg,Acer negundo,True,C-m*raw,0.047722,Physalis peruviana,True,Physalis peruviana,0.000000,False,False,,False
Acer_negundo_2.jpg,Acer negundo,True,C-m*hazard,0.047722,Physalis peruviana,True,Physalis peruviana,0.000000,False,False,,False
Cornus_florida_0.jpg,Cornus florida,True,A,0.000000,Callicarpa americana,False,,inf,False,True,Callicarpa americana,False
Cornus_florida_0.jpg,Cornus florida,True,C,0.000000,Nandina domestica,True,Nandina domestica,0.000000,False,False,,False
Cornus_florida_0.jpg,Cornus florida,True,C-m0.01,0.010000,Nandina domestica,True,Nandina domestica,0.000000,False,False,,False
Cornus_florida_0.jpg,Cornus florida,True,C-m0.02,0.020000,Nandina domestica,True,Nandina domestica,0.000000,False,False,,False
Cornus_florida_0.jpg,Cornus florida,True,C-m0.03,0.030000,Nandina domestica,True,Nandina domestica,0.000000,False,False,,False
Cornus_florida_0.jpg,Cornus florida,True,C-m0.04,0.040000,Nandina domestica,True,Nandina domestica,0.000000,False,False,,False
Cornus_florida_0.jpg,Cornus florida,True,C-m0.048,0.048000,Nandina domestica,True,Nandina domestica,0.000000,False,False,,False
Cornus_florida_0.jpg,Cornus florida,True,C-m0.05,0.050000,Nandina domestica,True,Nandina domestica,0.000000,False,False,,False
Cornus_florida_0.jpg,Cornus florida,True,C-m0.06,0.060000,Nandina domestica,True,Nandina domestica,0.000000,False,False,,False
Cornus_florida_0.jpg,Cornus florida,True,C-m0.08,0.080000,Nandina domestica,True,Nandina domestica,0.000000,False,False,,False
Cornus_florida_0.jpg,Cornus florida,True,C-m0.1,0.100000,Nandina domestica,True,Nandina domestica,0.000000,False,False,,False
Cornus_florida_0.jpg,Cornus florida,True,C-m*raw,0.047722,Nandina domestica,True,Nandina domestica,0.000000,False,False,,False
Cornus_florida_0.jpg,Cornus florida,True,C-m*hazard,0.047722,Nandina domestica,True,Nandina domestica,0.000000,False,False,,False
Cornus_florida_1.jpg,Cornus florida,True,A,0.000000,Sassafras albidum,False,,inf,False,True,Sassafras albidum,False
Cornus_florida_1.jpg,Cornus florida,True,C,0.000000,Asimina triloba,True,Asimina triloba,0.000000,False,False,,False
Cornus_florida_1.jpg,Cornus florida,True,C-m0.01,0.010000,Asimina triloba,True,Asimina triloba,0.000000,False,False,,False
Cornus_florida_1.jpg,Cornus florida,True,C-m0.02,0.020000,Asimina triloba,True,Asimina triloba,0.000000,False,False,,False
Cornus_florida_1.jpg,Cornus florida,True,C-m0.03,0.030000,Asimina triloba,True,Asimina triloba,0.000000,False,False,,False
Cornus_florida_1.jpg,Cornus florida,True,C-m0.04,0.040000,Asimina triloba,True,Asimina triloba,0.000000,False,False,,False
Cornus_florida_1.jpg,Cornus florida,True,C-m0.048,0.048000,Asimina triloba,True,Asimina triloba,0.000000,False,False,,False
Cornus_florida_1.jpg,Cornus florida,True,C-m0.05,0.050000,Asimina triloba,True,Asimina triloba,0.000000,False,False,,False
Cornus_florida_1.jpg,Cornus florida,True,C-m0.06,0.060000,Asimina triloba,True,Asimina triloba,0.000000,False,False,,False
Cornus_florida_1.jpg,Cornus florida,True,C-m0.08,0.080000,Asimina triloba,True,Asimina triloba,0.000000,False,False,,False
Cornus_florida_1.jpg,Cornus florida,True,C-m0.1,0.100000,Asimina triloba,True,Asimina triloba,0.000000,False,False,,False
Cornus_florida_1.jpg,Cornus florida,True,C-m*raw,0.047722,Asimina triloba,True,Asimina triloba,0.000000,False,False,,False
Cornus_florida_1.jpg,Cornus florida,True,C-m*hazard,0.047722,Asimina triloba,True,Asimina triloba,0.000000,False,False,,False
Cornus_florida_2.jpg,Cornus florida,True,A,0.000000,Diospyros virginiana,False,,inf,False,True,Diospyros virginiana,False
Cornus_florida_2.jpg,Cornus florida,True,C,0.000000,Lonicera maackii,True,Lonicera maackii,0.000000,False,False,,False
Cornus_florida_2.jpg,Cornus florida,True,C-m0.01,0.010000,Lonicera maackii,True,Lonicera maackii,0.000000,False,False,,False
Cornus_florida_2.jpg,Cornus florida,True,C-m0.02,0.020000,Lonicera maackii,True,Lonicera maackii,0.000000,False,False,,False
Cornus_florida_2.jpg,Cornus florida,True,C-m0.03,0.030000,Lonicera maackii,True,Lonicera maackii,0.000000,False,False,,False
Cornus_florida_2.jpg,Cornus florida,True,C-m0.04,0.040000,Lonicera maackii,True,Lonicera maackii,0.000000,False,False,,False
Cornus_florida_2.jpg,Cornus florida,True,C-m0.048,0.048000,Lonicera maackii,True,Lonicera maackii,0.000000,False,False,,False
Cornus_florida_2.jpg,Cornus florida,True,C-m0.05,0.050000,Lonicera maackii,True,Lonicera maackii,0.000000,False,False,,False
Cornus_florida_2.jpg,Cornus florida,True,C-m0.06,0.060000,Lonicera maackii,True,Lonicera maackii,0.000000,False,False,,False
Cornus_florida_2.jpg,Cornus florida,True,C-m0.08,0.080000,Lonicera maackii,True,Lonicera maackii,0.000000,False,False,,False
Cornus_florida_2.jpg,Cornus florida,True,C-m0.1,0.100000,Lonicera maackii,True,Lonicera maackii,0.000000,False,False,,False
Cornus_florida_2.jpg,Cornus florida,True,C-m*raw,0.047722,Lonicera maackii,True,Lonicera maackii,0.000000,False,False,,False
Cornus_florida_2.jpg,Cornus florida,True,C-m*hazard,0.047722,Lonicera maackii,True,Lonicera maackii,0.000000,False,False,,False
Nandina_domestica_0.jpg,Nandina domestica,True,A,0.000000,Magnolia grandiflora,False,,inf,False,True,Magnolia grandiflora,False
Nandina_domestica_0.jpg,Nandina domestica,True,C,0.000000,Nandina domestica,True,Nandina domestica,0.000000,False,False,,False
Nandina_domestica_0.jpg,Nandina domestica,True,C-m0.01,0.010000,Nandina domestica,True,Nandina domestica,0.000000,False,False,,False
Nandina_domestica_0.jpg,Nandina domestica,True,C-m0.02,0.020000,Nandina domestica,True,Nandina domestica,0.000000,False,False,,False
Nandina_domestica_0.jpg,Nandina domestica,True,C-m0.03,0.030000,Nandina domestica,True,Nandina domestica,0.000000,False,False,,False
Nandina_domestica_0.jpg,Nandina domestica,True,C-m0.04,0.040000,Nandina domestica,True,Nandina domestica,0.000000,False,False,,False
Nandina_domestica_0.jpg,Nandina domestica,True,C-m0.048,0.048000,Nandina domestica,True,Nandina domestica,0.000000,False,False,,False
Nandina_domestica_0.jpg,Nandina domestica,True,C-m0.05,0.050000,Nandina domestica,True,Nandina domestica,0.000000,False,False,,False
Nandina_domestica_0.jpg,Nandina domestica,True,C-m0.06,0.060000,Nandina domestica,True,Nandina domestica,0.000000,False,False,,False
Nandina_domestica_0.jpg,Nandina domestica,True,C-m0.08,0.080000,Nandina domestica,True,Nandina domestica,0.000000,False,False,,False
Nandina_domestica_0.jpg,Nandina domestica,True,C-m0.1,0.100000,Nandina domestica,True,Nandina domestica,0.000000,False,False,,False
Nandina_domestica_0.jpg,Nandina domestica,True,C-m*raw,0.047722,Nandina domestica,True,Nandina domestica,0.000000,False,False,,False
Nandina_domestica_0.jpg,Nandina domestica,True,C-m*hazard,0.047722,Nandina domestica,True,Nandina domestica,0.000000,False,False,,False
Nandina_domestica_1.jpg,Nandina domestica,True,A,0.000000,Rhus copallinum,False,,inf,False,True,Rhus copallinum,False
Nandina_domestica_1.jpg,Nandina domestica,True,C,0.000000,Melia azedarach,True,Melia azedarach,0.000000,False,False,,False
Nandina_domestica_1.jpg,Nandina domestica,True,C-m0.01,0.010000,Melia azedarach,True,Melia azedarach,0.000000,False,False,,False
Nandina_domestica_1.jpg,Nandina domestica,True,C-m0.02,0.020000,Melia azedarach,True,Melia azedarach,0.000000,False,False,,False
Nandina_domestica_1.jpg,Nandina domestica,True,C-m0.03,0.030000,Melia azedarach,True,Melia azedarach,0.000000,False,False,,False
Nandina_domestica_1.jpg,Nandina domestica,True,C-m0.04,0.040000,Melia azedarach,True,Melia azedarach,0.000000,False,False,,False
Nandina_domestica_1.jpg,Nandina domestica,True,C-m0.048,0.048000,Melia azedarach,True,Melia azedarach,0.000000,False,False,,False
Nandina_domestica_1.jpg,Nandina domestica,True,C-m0.05,0.050000,Melia azedarach,True,Melia azedarach,0.000000,False,False,,False
Nandina_domestica_1.jpg,Nandina domestica,True,C-m0.06,0.060000,Melia azedarach,True,Melia azedarach,0.000000,False,False,,False
Nandina_domestica_1.jpg,Nandina domestica,True,C-m0.08,0.080000,Melia azedarach,True,Melia azedarach,0.000000,False,False,,False
Nandina_domestica_1.jpg,Nandina domestica,True,C-m0.1,0.100000,Melia azedarach,True,Melia azedarach,0.000000,False,False,,False
Nandina_domestica_1.jpg,Nandina domestica,True,C-m*raw,0.047722,Melia azedarach,True,Melia azedarach,0.000000,False,False,,False
Nandina_domestica_1.jpg,Nandina domestica,True,C-m*hazard,0.047722,Melia azedarach,True,Melia azedarach,0.000000,False,False,,False
Nandina_domestica_2.jpg,Nandina domestica,True,A,0.000000,Phyllanthus urinaria,False,,inf,False,True,Phyllanthus urinaria,False
Nandina_domestica_2.jpg,Nandina domestica,True,C,0.000000,Nandina domestica,True,Nandina domestica,0.000000,False,False,,False
Nandina_domestica_2.jpg,Nandina domestica,True,C-m0.01,0.010000,Nandina domestica,True,Nandina domestica,0.000000,False,False,,False
Nandina_domestica_2.jpg,Nandina domestica,True,C-m0.02,0.020000,Nandina domestica,True,Nandina domestica,0.000000,False,False,,False
Nandina_domestica_2.jpg,Nandina domestica,True,C-m0.03,0.030000,Nandina domestica,True,Nandina domestica,0.000000,False,False,,False
Nandina_domestica_2.jpg,Nandina domestica,True,C-m0.04,0.040000,Nandina domestica,True,Nandina domestica,0.000000,False,False,,False
Nandina_domestica_2.jpg,Nandina domestica,True,C-m0.048,0.048000,Nandina domestica,True,Nandina domestica,0.000000,False,False,,False
Nandina_domestica_2.jpg,Nandina domestica,True,C-m0.05,0.050000,Nandina domestica,True,Nandina domestica,0.000000,False,False,,False
Nandina_domestica_2.jpg,Nandina domestica,True,C-m0.06,0.060000,Nandina domestica,True,Nandina domestica,0.000000,False,False,,False
Nandina_domestica_2.jpg,Nandina domestica,True,C-m0.08,0.080000,Nandina domestica,True,Nandina domestica,0.000000,False,False,,False
Nandina_domestica_2.jpg,Nandina domestica,True,C-m0.1,0.100000,Nandina domestica,True,Nandina domestica,0.000000,False,False,,False
Nandina_domestica_2.jpg,Nandina domestica,True,C-m*raw,0.047722,Nandina domestica,True,Nandina domestica,0.000000,False,False,,False
Nandina_domestica_2.jpg,Nandina domestica,True,C-m*hazard,0.047722,Nandina domestica,True,Nandina domestica,0.000000,False,False,,False
Toxicodendron_radicans_0.jpg,Toxicodendron radicans,True,A,0.000000,Callicarpa americana,False,,inf,False,True,Callicarpa americana,False
Toxicodendron_radicans_0.jpg,Toxicodendron radicans,True,C,0.000000,Callicarpa americana,False,Berchemia scandens,0.047722,False,True,Callicarpa americana,False
Toxicodendron_radicans_0.jpg,Toxicodendron radicans,True,C-m0.01,0.010000,Callicarpa americana,False,Berchemia scandens,0.047722,False,True,Callicarpa americana,False
Toxicodendron_radicans_0.jpg,Toxicodendron radicans,True,C-m0.02,0.020000,Callicarpa americana,False,Berchemia scandens,0.047722,False,True,Callicarpa americana,False
Toxicodendron_radicans_0.jpg,Toxicodendron radicans,True,C-m0.03,0.030000,Callicarpa americana,False,Berchemia scandens,0.047722,False,True,Callicarpa americana,False
Toxicodendron_radicans_0.jpg,Toxicodendron radicans,True,C-m0.04,0.040000,Callicarpa americana,False,Berchemia scandens,0.047722,False,True,Callicarpa americana,False
Toxicodendron_radicans_0.jpg,Toxicodendron radicans,True,C-m0.048,0.048000,Callicarpa americana,False,Berchemia scandens,0.047722,False,False,,False
Toxicodendron_radicans_0.jpg,Toxicodendron radicans,True,C-m0.05,0.050000,Callicarpa americana,False,Berchemia scandens,0.047722,False,False,,False
Toxicodendron_radicans_0.jpg,Toxicodendron radicans,True,C-m0.06,0.060000,Callicarpa americana,False,Berchemia scandens,0.047722,False,False,,False
Toxicodendron_radicans_0.jpg,Toxicodendron radicans,True,C-m0.08,0.080000,Callicarpa americana,False,Berchemia scandens,0.047722,False,False,,False
Toxicodendron_radicans_0.jpg,Toxicodendron radicans,True,C-m0.1,0.100000,Callicarpa americana,False,Berchemia scandens,0.047722,False,False,,False
Toxicodendron_radicans_0.jpg,Toxicodendron radicans,True,C-m*raw,0.047722,Callicarpa americana,False,Berchemia scandens,0.047722,False,False,,False
Toxicodendron_radicans_0.jpg,Toxicodendron radicans,True,C-m*hazard,0.047722,Callicarpa americana,False,Berchemia scandens,0.047722,False,False,,False
Toxicodendron_radicans_1.jpg,Toxicodendron radicans,True,A,0.000000,Sassafras albidum,False,,inf,True,True,Sassafras albidum,False
Toxicodendron_radicans_1.jpg,Toxicodendron radicans,True,C,0.000000,Toxicodendron radicans,True,Toxicodendron radicans,0.000000,True,False,,False
Toxicodendron_radicans_1.jpg,Toxicodendron radicans,True,C-m0.01,0.010000,Toxicodendron radicans,True,Toxicodendron radicans,0.000000,True,False,,False
Toxicodendron_radicans_1.jpg,Toxicodendron radicans,True,C-m0.02,0.020000,Toxicodendron radicans,True,Toxicodendron radicans,0.000000,True,False,,False
Toxicodendron_radicans_1.jpg,Toxicodendron radicans,True,C-m0.03,0.030000,Toxicodendron radicans,True,Toxicodendron radicans,0.000000,True,False,,False
Toxicodendron_radicans_1.jpg,Toxicodendron radicans,True,C-m0.04,0.040000,Toxicodendron radicans,True,Toxicodendron radicans,0.000000,True,False,,False
Toxicodendron_radicans_1.jpg,Toxicodendron radicans,True,C-m0.048,0.048000,Toxicodendron radicans,True,Toxicodendron radicans,0.000000,True,False,,False
Toxicodendron_radicans_1.jpg,Toxicodendron radicans,True,C-m0.05,0.050000,Toxicodendron radicans,True,Toxicodendron radicans,0.000000,True,False,,False
Toxicodendron_radicans_1.jpg,Toxicodendron radicans,True,C-m0.06,0.060000,Toxicodendron radicans,True,Toxicodendron radicans,0.000000,True,False,,False
Toxicodendron_radicans_1.jpg,Toxicodendron radicans,True,C-m0.08,0.080000,Toxicodendron radicans,True,Toxicodendron radicans,0.000000,True,False,,False
Toxicodendron_radicans_1.jpg,Toxicodendron radicans,True,C-m0.1,0.100000,Toxicodendron radicans,True,Toxicodendron radicans,0.000000,True,False,,False
Toxicodendron_radicans_1.jpg,Toxicodendron radicans,True,C-m*raw,0.047722,Toxicodendron radicans,True,Toxicodendron radicans,0.000000,True,False,,False
Toxicodendron_radicans_1.jpg,Toxicodendron radicans,True,C-m*hazard,0.047722,Toxicodendron radicans,True,Toxicodendron radicans,0.000000,True,False,,False
Toxicodendron_radicans_2.jpg,Toxicodendron radicans,True,A,0.000000,Ampelopsis glandulosa,False,,inf,True,True,Ampelopsis glandulosa,False
Toxicodendron_radicans_2.jpg,Toxicodendron radicans,True,C,0.000000,Toxicodendron radicans,True,Toxicodendron radicans,0.000000,True,False,,False
Toxicodendron_radicans_2.jpg,Toxicodendron radicans,True,C-m0.01,0.010000,Toxicodendron radicans,True,Toxicodendron radicans,0.000000,True,False,,False
Toxicodendron_radicans_2.jpg,Toxicodendron radicans,True,C-m0.02,0.020000,Toxicodendron radicans,True,Toxicodendron radicans,0.000000,True,False,,False
Toxicodendron_radicans_2.jpg,Toxicodendron radicans,True,C-m0.03,0.030000,Toxicodendron radicans,True,Toxicodendron radicans,0.000000,True,False,,False
Toxicodendron_radicans_2.jpg,Toxicodendron radicans,True,C-m0.04,0.040000,Toxicodendron radicans,True,Toxicodendron radicans,0.000000,True,False,,False
Toxicodendron_radicans_2.jpg,Toxicodendron radicans,True,C-m0.048,0.048000,Toxicodendron radicans,True,Toxicodendron radicans,0.000000,True,False,,False
Toxicodendron_radicans_2.jpg,Toxicodendron radicans,True,C-m0.05,0.050000,Toxicodendron radicans,True,Toxicodendron radicans,0.000000,True,False,,False
Toxicodendron_radicans_2.jpg,Toxicodendron radicans,True,C-m0.06,0.060000,Toxicodendron radicans,True,Toxicodendron radicans,0.000000,True,False,,False
Toxicodendron_radicans_2.jpg,Toxicodendron radicans,True,C-m0.08,0.080000,Toxicodendron radicans,True,Toxicodendron radicans,0.000000,True,False,,False
Toxicodendron_radicans_2.jpg,Toxicodendron radicans,True,C-m0.1,0.100000,Toxicodendron radicans,True,Toxicodendron radicans,0.000000,True,False,,False
Toxicodendron_radicans_2.jpg,Toxicodendron radicans,True,C-m*raw,0.047722,Toxicodendron radicans,True,Toxicodendron radicans,0.000000,True,False,,False
Toxicodendron_radicans_2.jpg,Toxicodendron radicans,True,C-m*hazard,0.047722,Toxicodendron radicans,True,Toxicodendron radicans,0.000000,True,False,,False
Solanum_carolinense_0.jpg,Solanum carolinense,True,A,0.000000,Diospyros virginiana,False,,inf,True,True,Diospyros virginiana,False
Solanum_carolinense_0.jpg,Solanum carolinense,True,C,0.000000,Solanum carolinense,True,Solanum carolinense,0.000000,True,False,,False
Solanum_carolinense_0.jpg,Solanum carolinense,True,C-m0.01,0.010000,Solanum carolinense,True,Solanum carolinense,0.000000,True,False,,False
Solanum_carolinense_0.jpg,Solanum carolinense,True,C-m0.02,0.020000,Solanum carolinense,True,Solanum carolinense,0.000000,True,False,,False
Solanum_carolinense_0.jpg,Solanum carolinense,True,C-m0.03,0.030000,Solanum carolinense,True,Solanum carolinense,0.000000,True,False,,False
Solanum_carolinense_0.jpg,Solanum carolinense,True,C-m0.04,0.040000,Solanum carolinense,True,Solanum carolinense,0.000000,True,False,,False
Solanum_carolinense_0.jpg,Solanum carolinense,True,C-m0.048,0.048000,Solanum carolinense,True,Solanum carolinense,0.000000,True,False,,False
Solanum_carolinense_0.jpg,Solanum carolinense,True,C-m0.05,0.050000,Solanum carolinense,True,Solanum carolinense,0.000000,True,False,,False
Solanum_carolinense_0.jpg,Solanum carolinense,True,C-m0.06,0.060000,Solanum carolinense,True,Solanum carolinense,0.000000,True,False,,False
Solanum_carolinense_0.jpg,Solanum carolinense,True,C-m0.08,0.080000,Solanum carolinense,True,Solanum carolinense,0.000000,True,False,,False
Solanum_carolinense_0.jpg,Solanum carolinense,True,C-m0.1,0.100000,Solanum carolinense,True,Solanum carolinense,0.000000,True,False,,False
Solanum_carolinense_0.jpg,Solanum carolinense,True,C-m*raw,0.047722,Solanum carolinense,True,Solanum carolinense,0.000000,True,False,,False
Solanum_carolinense_0.jpg,Solanum carolinense,True,C-m*hazard,0.047722,Solanum carolinense,True,Solanum carolinense,0.000000,True,False,,False
Solanum_carolinense_1.jpg,Solanum carolinense,True,A,0.000000,Erechtites hieraciifolius,False,,inf,False,True,Erechtites hieraciifolius,False
Solanum_carolinense_1.jpg,Solanum carolinense,True,C,0.000000,Solanum pseudocapsicum,True,Solanum pseudocapsicum,0.000000,False,False,,False
Solanum_carolinense_1.jpg,Solanum carolinense,True,C-m0.01,0.010000,Solanum pseudocapsicum,True,Solanum pseudocapsicum,0.000000,False,False,,False
Solanum_carolinense_1.jpg,Solanum carolinense,True,C-m0.02,0.020000,Solanum pseudocapsicum,True,Solanum pseudocapsicum,0.000000,False,False,,False
Solanum_carolinense_1.jpg,Solanum carolinense,True,C-m0.03,0.030000,Solanum pseudocapsicum,True,Solanum pseudocapsicum,0.000000,False,False,,False
Solanum_carolinense_1.jpg,Solanum carolinense,True,C-m0.04,0.040000,Solanum pseudocapsicum,True,Solanum pseudocapsicum,0.000000,False,False,,False
Solanum_carolinense_1.jpg,Solanum carolinense,True,C-m0.048,0.048000,Solanum pseudocapsicum,True,Solanum pseudocapsicum,0.000000,False,False,,False
Solanum_carolinense_1.jpg,Solanum carolinense,True,C-m0.05,0.050000,Solanum pseudocapsicum,True,Solanum pseudocapsicum,0.000000,False,False,,False
Solanum_carolinense_1.jpg,Solanum carolinense,True,C-m0.06,0.060000,Solanum pseudocapsicum,True,Solanum pseudocapsicum,0.000000,False,False,,False
Solanum_carolinense_1.jpg,Solanum carolinense,True,C-m0.08,0.080000,Solanum pseudocapsicum,True,Solanum pseudocapsicum,0.000000,False,False,,False
Solanum_carolinense_1.jpg,Solanum carolinense,True,C-m0.1,0.100000,Solanum pseudocapsicum,True,Solanum pseudocapsicum,0.000000,False,False,,False
Solanum_carolinense_1.jpg,Solanum carolinense,True,C-m*raw,0.047722,Solanum pseudocapsicum,True,Solanum pseudocapsicum,0.000000,False,False,,False
Solanum_carolinense_1.jpg,Solanum carolinense,True,C-m*hazard,0.047722,Solanum pseudocapsicum,True,Solanum pseudocapsicum,0.000000,False,False,,False
Solanum_carolinense_2.jpg,Solanum carolinense,True,A,0.000000,Sassafras albidum,False,,inf,True,True,Sassafras albidum,False
Solanum_carolinense_2.jpg,Solanum carolinense,True,C,0.000000,Solanum carolinense,True,Solanum carolinense,0.000000,True,False,,False
Solanum_carolinense_2.jpg,Solanum carolinense,True,C-m0.01,0.010000,Solanum carolinense,True,Solanum carolinense,0.000000,True,False,,False
Solanum_carolinense_2.jpg,Solanum carolinense,True,C-m0.02,0.020000,Solanum carolinense,True,Solanum carolinense,0.000000,True,False,,False
Solanum_carolinense_2.jpg,Solanum carolinense,True,C-m0.03,0.030000,Solanum carolinense,True,Solanum carolinense,0.000000,True,False,,False
Solanum_carolinense_2.jpg,Solanum carolinense,True,C-m0.04,0.040000,Solanum carolinense,True,Solanum carolinense,0.000000,True,False,,False
Solanum_carolinense_2.jpg,Solanum carolinense,True,C-m0.048,0.048000,Solanum carolinense,True,Solanum carolinense,0.000000,True,False,,False
Solanum_carolinense_2.jpg,Solanum carolinense,True,C-m0.05,0.050000,Solanum carolinense,True,Solanum carolinense,0.000000,True,False,,False
Solanum_carolinense_2.jpg,Solanum carolinense,True,C-m0.06,0.060000,Solanum carolinense,True,Solanum carolinense,0.000000,True,False,,False
Solanum_carolinense_2.jpg,Solanum carolinense,True,C-m0.08,0.080000,Solanum carolinense,True,Solanum carolinense,0.000000,True,False,,False
Solanum_carolinense_2.jpg,Solanum carolinense,True,C-m0.1,0.100000,Solanum carolinense,True,Solanum carolinense,0.000000,True,False,,False
Solanum_carolinense_2.jpg,Solanum carolinense,True,C-m*raw,0.047722,Solanum carolinense,True,Solanum carolinense,0.000000,True,False,,False
Solanum_carolinense_2.jpg,Solanum carolinense,True,C-m*hazard,0.047722,Solanum carolinense,True,Solanum carolinense,0.000000,True,False,,False
Juglans_nigra_0.jpg,Juglans nigra,True,A,0.000000,Albizia julibrissin,False,,inf,False,True,Albizia julibrissin,False
Juglans_nigra_0.jpg,Juglans nigra,True,C,0.000000,Ailanthus altissima,True,Ailanthus altissima,0.000000,False,False,,False
Juglans_nigra_0.jpg,Juglans nigra,True,C-m0.01,0.010000,Ailanthus altissima,True,Ailanthus altissima,0.000000,False,False,,False
Juglans_nigra_0.jpg,Juglans nigra,True,C-m0.02,0.020000,Ailanthus altissima,True,Ailanthus altissima,0.000000,False,False,,False
Juglans_nigra_0.jpg,Juglans nigra,True,C-m0.03,0.030000,Ailanthus altissima,True,Ailanthus altissima,0.000000,False,False,,False
Juglans_nigra_0.jpg,Juglans nigra,True,C-m0.04,0.040000,Ailanthus altissima,True,Ailanthus altissima,0.000000,False,False,,False
Juglans_nigra_0.jpg,Juglans nigra,True,C-m0.048,0.048000,Ailanthus altissima,True,Ailanthus altissima,0.000000,False,False,,False
Juglans_nigra_0.jpg,Juglans nigra,True,C-m0.05,0.050000,Ailanthus altissima,True,Ailanthus altissima,0.000000,False,False,,False
Juglans_nigra_0.jpg,Juglans nigra,True,C-m0.06,0.060000,Ailanthus altissima,True,Ailanthus altissima,0.000000,False,False,,False
Juglans_nigra_0.jpg,Juglans nigra,True,C-m0.08,0.080000,Ailanthus altissima,True,Ailanthus altissima,0.000000,False,False,,False
Juglans_nigra_0.jpg,Juglans nigra,True,C-m0.1,0.100000,Ailanthus altissima,True,Ailanthus altissima,0.000000,False,False,,False
Juglans_nigra_0.jpg,Juglans nigra,True,C-m*raw,0.047722,Ailanthus altissima,True,Ailanthus altissima,0.000000,False,False,,False
Juglans_nigra_0.jpg,Juglans nigra,True,C-m*hazard,0.047722,Ailanthus altissima,True,Ailanthus altissima,0.000000,False,False,,False
Juglans_nigra_1.jpg,Juglans nigra,True,A,0.000000,Albizia julibrissin,False,,inf,False,True,Albizia julibrissin,False
Juglans_nigra_1.jpg,Juglans nigra,True,C,0.000000,Juglans nigra,True,Juglans nigra,0.000000,False,False,,False
Juglans_nigra_1.jpg,Juglans nigra,True,C-m0.01,0.010000,Juglans nigra,True,Juglans nigra,0.000000,False,False,,False
Juglans_nigra_1.jpg,Juglans nigra,True,C-m0.02,0.020000,Juglans nigra,True,Juglans nigra,0.000000,False,False,,False
Juglans_nigra_1.jpg,Juglans nigra,True,C-m0.03,0.030000,Juglans nigra,True,Juglans nigra,0.000000,False,False,,False
Juglans_nigra_1.jpg,Juglans nigra,True,C-m0.04,0.040000,Juglans nigra,True,Juglans nigra,0.000000,False,False,,False
Juglans_nigra_1.jpg,Juglans nigra,True,C-m0.048,0.048000,Juglans nigra,True,Juglans nigra,0.000000,False,False,,False
Juglans_nigra_1.jpg,Juglans nigra,True,C-m0.05,0.050000,Juglans nigra,True,Juglans nigra,0.000000,False,False,,False
Juglans_nigra_1.jpg,Juglans nigra,True,C-m0.06,0.060000,Juglans nigra,True,Juglans nigra,0.000000,False,False,,False
Juglans_nigra_1.jpg,Juglans nigra,True,C-m0.08,0.080000,Juglans nigra,True,Juglans nigra,0.000000,False,False,,False
Juglans_nigra_1.jpg,Juglans nigra,True,C-m0.1,0.100000,Juglans nigra,True,Juglans nigra,0.000000,False,False,,False
Juglans_nigra_1.jpg,Juglans nigra,True,C-m*raw,0.047722,Juglans nigra,True,Juglans nigra,0.000000,False,False,,False
Juglans_nigra_1.jpg,Juglans nigra,True,C-m*hazard,0.047722,Juglans nigra,True,Juglans nigra,0.000000,False,False,,False
Juglans_nigra_2.jpg,Juglans nigra,True,A,0.000000,Phyllanthus urinaria,False,,inf,False,True,Phyllanthus urinaria,False
Juglans_nigra_2.jpg,Juglans nigra,True,C,0.000000,Pistia stratiotes,True,Pistia stratiotes,0.000000,False,False,,False
Juglans_nigra_2.jpg,Juglans nigra,True,C-m0.01,0.010000,Pistia stratiotes,True,Pistia stratiotes,0.000000,False,False,,False
Juglans_nigra_2.jpg,Juglans nigra,True,C-m0.02,0.020000,Pistia stratiotes,True,Pistia stratiotes,0.000000,False,False,,False
Juglans_nigra_2.jpg,Juglans nigra,True,C-m0.03,0.030000,Pistia stratiotes,True,Pistia stratiotes,0.000000,False,False,,False
Juglans_nigra_2.jpg,Juglans nigra,True,C-m0.04,0.040000,Pistia stratiotes,True,Pistia stratiotes,0.000000,False,False,,False
Juglans_nigra_2.jpg,Juglans nigra,True,C-m0.048,0.048000,Pistia stratiotes,True,Pistia stratiotes,0.000000,False,False,,False
Juglans_nigra_2.jpg,Juglans nigra,True,C-m0.05,0.050000,Pistia stratiotes,True,Pistia stratiotes,0.000000,False,False,,False
Juglans_nigra_2.jpg,Juglans nigra,True,C-m0.06,0.060000,Pistia stratiotes,True,Pistia stratiotes,0.000000,False,False,,False
Juglans_nigra_2.jpg,Juglans nigra,True,C-m0.08,0.080000,Pistia stratiotes,True,Pistia stratiotes,0.000000,False,False,,False
Juglans_nigra_2.jpg,Juglans nigra,True,C-m0.1,0.100000,Pistia stratiotes,True,Pistia stratiotes,0.000000,False,False,,False
Juglans_nigra_2.jpg,Juglans nigra,True,C-m*raw,0.047722,Pistia stratiotes,True,Pistia stratiotes,0.000000,False,False,,False
Juglans_nigra_2.jpg,Juglans nigra,True,C-m*hazard,0.047722,Pistia stratiotes,True,Pistia stratiotes,0.000000,False,False,,False
Acer_rubrum_0.jpg,Acer rubrum,True,A,0.000000,Liquidambar styraciflua,False,,inf,False,True,Liquidambar styraciflua,False
Acer_rubrum_0.jpg,Acer rubrum,True,C,0.000000,Acer rubrum,True,Acer rubrum,0.000000,False,False,,False
Acer_rubrum_0.jpg,Acer rubrum,True,C-m0.01,0.010000,Acer rubrum,True,Acer rubrum,0.000000,False,False,,False
Acer_rubrum_0.jpg,Acer rubrum,True,C-m0.02,0.020000,Acer rubrum,True,Acer rubrum,0.000000,False,False,,False
Acer_rubrum_0.jpg,Acer rubrum,True,C-m0.03,0.030000,Acer rubrum,True,Acer rubrum,0.000000,False,False,,False
Acer_rubrum_0.jpg,Acer rubrum,True,C-m0.04,0.040000,Acer rubrum,True,Acer rubrum,0.000000,False,False,,False
Acer_rubrum_0.jpg,Acer rubrum,True,C-m0.048,0.048000,Acer rubrum,True,Acer rubrum,0.000000,False,False,,False
Acer_rubrum_0.jpg,Acer rubrum,True,C-m0.05,0.050000,Acer rubrum,True,Acer rubrum,0.000000,False,False,,False
Acer_rubrum_0.jpg,Acer rubrum,True,C-m0.06,0.060000,Acer rubrum,True,Acer rubrum,0.000000,False,False,,False
Acer_rubrum_0.jpg,Acer rubrum,True,C-m0.08,0.080000,Acer rubrum,True,Acer rubrum,0.000000,False,False,,False
Acer_rubrum_0.jpg,Acer rubrum,True,C-m0.1,0.100000,Acer rubrum,True,Acer rubrum,0.000000,False,False,,False
Acer_rubrum_0.jpg,Acer rubrum,True,C-m*raw,0.047722,Acer rubrum,True,Acer rubrum,0.000000,False,False,,False
Acer_rubrum_0.jpg,Acer rubrum,True,C-m*hazard,0.047722,Acer rubrum,True,Acer rubrum,0.000000,False,False,,False
Acer_rubrum_1.jpg,Acer rubrum,True,A,0.000000,Rhus copallinum,False,,inf,False,True,Rhus copallinum,False
Acer_rubrum_1.jpg,Acer rubrum,True,C,0.000000,Ligustrum sinense,True,Ligustrum sinense,0.000000,False,False,,False
Acer_rubrum_1.jpg,Acer rubrum,True,C-m0.01,0.010000,Ligustrum sinense,True,Ligustrum sinense,0.000000,False,False,,False
Acer_rubrum_1.jpg,Acer rubrum,True,C-m0.02,0.020000,Ligustrum sinense,True,Ligustrum sinense,0.000000,False,False,,False
Acer_rubrum_1.jpg,Acer rubrum,True,C-m0.03,0.030000,Ligustrum sinense,True,Ligustrum sinense,0.000000,False,False,,False
Acer_rubrum_1.jpg,Acer rubrum,True,C-m0.04,0.040000,Ligustrum sinense,True,Ligustrum sinense,0.000000,False,False,,False
Acer_rubrum_1.jpg,Acer rubrum,True,C-m0.048,0.048000,Ligustrum sinense,True,Ligustrum sinense,0.000000,False,False,,False
Acer_rubrum_1.jpg,Acer rubrum,True,C-m0.05,0.050000,Ligustrum sinense,True,Ligustrum sinense,0.000000,False,False,,False
Acer_rubrum_1.jpg,Acer rubrum,True,C-m0.06,0.060000,Ligustrum sinense,True,Ligustrum sinense,0.000000,False,False,,False
Acer_rubrum_1.jpg,Acer rubrum,True,C-m0.08,0.080000,Ligustrum sinense,True,Ligustrum sinense,0.000000,False,False,,False
Acer_rubrum_1.jpg,Acer rubrum,True,C-m0.1,0.100000,Ligustrum sinense,True,Ligustrum sinense,0.000000,False,False,,False
Acer_rubrum_1.jpg,Acer rubrum,True,C-m*raw,0.047722,Ligustrum sinense,True,Ligustrum sinense,0.000000,False,False,,False
Acer_rubrum_1.jpg,Acer rubrum,True,C-m*hazard,0.047722,Ligustrum sinense,True,Ligustrum sinense,0.000000,False,False,,False
Acer_rubrum_2.jpg,Acer rubrum,True,A,0.000000,Platanus occidentalis,False,,inf,False,True,Platanus occidentalis,False
Acer_rubrum_2.jpg,Acer rubrum,True,C,0.000000,Platanus occidentalis,False,Morus alba,0.009066,False,True,Platanus occidentalis,False
Acer_rubrum_2.jpg,Acer rubrum,True,C-m0.01,0.010000,Platanus occidentalis,False,Morus alba,0.009066,False,False,,False
Acer_rubrum_2.jpg,Acer rubrum,True,C-m0.02,0.020000,Platanus occidentalis,False,Morus alba,0.009066,False,False,,False
Acer_rubrum_2.jpg,Acer rubrum,True,C-m0.03,0.030000,Platanus occidentalis,False,Morus alba,0.009066,False,False,,False
Acer_rubrum_2.jpg,Acer rubrum,True,C-m0.04,0.040000,Platanus occidentalis,False,Morus alba,0.009066,False,False,,False
Acer_rubrum_2.jpg,Acer rubrum,True,C-m0.048,0.048000,Platanus occidentalis,False,Morus alba,0.009066,False,False,,False
Acer_rubrum_2.jpg,Acer rubrum,True,C-m0.05,0.050000,Platanus occidentalis,False,Morus alba,0.009066,False,False,,False
Acer_rubrum_2.jpg,Acer rubrum,True,C-m0.06,0.060000,Platanus occidentalis,False,Morus alba,0.009066,False,False,,False
Acer_rubrum_2.jpg,Acer rubrum,True,C-m0.08,0.080000,Platanus occidentalis,False,Morus alba,0.009066,False,False,,False
Acer_rubrum_2.jpg,Acer rubrum,True,C-m0.1,0.100000,Platanus occidentalis,False,Morus alba,0.009066,False,False,,False
Acer_rubrum_2.jpg,Acer rubrum,True,C-m*raw,0.047722,Platanus occidentalis,False,Morus alba,0.009066,False,False,,False
Acer_rubrum_2.jpg,Acer rubrum,True,C-m*hazard,0.047722,Platanus occidentalis,False,Morus alba,0.009066,False,False,,False
Asimina_triloba_0.jpg,Asimina triloba,True,A,0.000000,Fagus grandifolia,False,,inf,False,True,Fagus grandifolia,False
Asimina_triloba_0.jpg,Asimina triloba,True,C,0.000000,Asimina triloba,True,Asimina triloba,0.000000,False,False,,False
Asimina_triloba_0.jpg,Asimina triloba,True,C-m0.01,0.010000,Asimina triloba,True,Asimina triloba,0.000000,False,False,,False
Asimina_triloba_0.jpg,Asimina triloba,True,C-m0.02,0.020000,Asimina triloba,True,Asimina triloba,0.000000,False,False,,False
Asimina_triloba_0.jpg,Asimina triloba,True,C-m0.03,0.030000,Asimina triloba,True,Asimina triloba,0.000000,False,False,,False
Asimina_triloba_0.jpg,Asimina triloba,True,C-m0.04,0.040000,Asimina triloba,True,Asimina triloba,0.000000,False,False,,False
Asimina_triloba_0.jpg,Asimina triloba,True,C-m0.048,0.048000,Asimina triloba,True,Asimina triloba,0.000000,False,False,,False
Asimina_triloba_0.jpg,Asimina triloba,True,C-m0.05,0.050000,Asimina triloba,True,Asimina triloba,0.000000,False,False,,False
Asimina_triloba_0.jpg,Asimina triloba,True,C-m0.06,0.060000,Asimina triloba,True,Asimina triloba,0.000000,False,False,,False
Asimina_triloba_0.jpg,Asimina triloba,True,C-m0.08,0.080000,Asimina triloba,True,Asimina triloba,0.000000,False,False,,False
Asimina_triloba_0.jpg,Asimina triloba,True,C-m0.1,0.100000,Asimina triloba,True,Asimina triloba,0.000000,False,False,,False
Asimina_triloba_0.jpg,Asimina triloba,True,C-m*raw,0.047722,Asimina triloba,True,Asimina triloba,0.000000,False,False,,False
Asimina_triloba_0.jpg,Asimina triloba,True,C-m*hazard,0.047722,Asimina triloba,True,Asimina triloba,0.000000,False,False,,False
Asimina_triloba_1.jpg,Asimina triloba,True,A,0.000000,Sassafras albidum,False,,inf,False,True,Sassafras albidum,False
Asimina_triloba_1.jpg,Asimina triloba,True,C,0.000000,Asimina triloba,True,Asimina triloba,0.000000,False,False,,False
Asimina_triloba_1.jpg,Asimina triloba,True,C-m0.01,0.010000,Asimina triloba,True,Asimina triloba,0.000000,False,False,,False
Asimina_triloba_1.jpg,Asimina triloba,True,C-m0.02,0.020000,Asimina triloba,True,Asimina triloba,0.000000,False,False,,False
Asimina_triloba_1.jpg,Asimina triloba,True,C-m0.03,0.030000,Asimina triloba,True,Asimina triloba,0.000000,False,False,,False
Asimina_triloba_1.jpg,Asimina triloba,True,C-m0.04,0.040000,Asimina triloba,True,Asimina triloba,0.000000,False,False,,False
Asimina_triloba_1.jpg,Asimina triloba,True,C-m0.048,0.048000,Asimina triloba,True,Asimina triloba,0.000000,False,False,,False
Asimina_triloba_1.jpg,Asimina triloba,True,C-m0.05,0.050000,Asimina triloba,True,Asimina triloba,0.000000,False,False,,False
Asimina_triloba_1.jpg,Asimina triloba,True,C-m0.06,0.060000,Asimina triloba,True,Asimina triloba,0.000000,False,False,,False
Asimina_triloba_1.jpg,Asimina triloba,True,C-m0.08,0.080000,Asimina triloba,True,Asimina triloba,0.000000,False,False,,False
Asimina_triloba_1.jpg,Asimina triloba,True,C-m0.1,0.100000,Asimina triloba,True,Asimina triloba,0.000000,False,False,,False
Asimina_triloba_1.jpg,Asimina triloba,True,C-m*raw,0.047722,Asimina triloba,True,Asimina triloba,0.000000,False,False,,False
Asimina_triloba_1.jpg,Asimina triloba,True,C-m*hazard,0.047722,Asimina triloba,True,Asimina triloba,0.000000,False,False,,False
Asimina_triloba_2.jpg,Asimina triloba,True,A,0.000000,Magnolia grandiflora,False,,inf,False,True,Magnolia grandiflora,False
Asimina_triloba_2.jpg,Asimina triloba,True,C,0.000000,Ceratophyllum demersum,True,Ceratophyllum demersum,0.000000,False,False,,False
Asimina_triloba_2.jpg,Asimina triloba,True,C-m0.01,0.010000,Ceratophyllum demersum,True,Ceratophyllum demersum,0.000000,False,False,,False
Asimina_triloba_2.jpg,Asimina triloba,True,C-m0.02,0.020000,Ceratophyllum demersum,True,Ceratophyllum demersum,0.000000,False,False,,False
Asimina_triloba_2.jpg,Asimina triloba,True,C-m0.03,0.030000,Ceratophyllum demersum,True,Ceratophyllum demersum,0.000000,False,False,,False
Asimina_triloba_2.jpg,Asimina triloba,True,C-m0.04,0.040000,Ceratophyllum demersum,True,Ceratophyllum demersum,0.000000,False,False,,False
Asimina_triloba_2.jpg,Asimina triloba,True,C-m0.048,0.048000,Ceratophyllum demersum,True,Ceratophyllum demersum,0.000000,False,False,,False
Asimina_triloba_2.jpg,Asimina triloba,True,C-m0.05,0.050000,Ceratophyllum demersum,True,Ceratophyllum demersum,0.000000,False,False,,False
Asimina_triloba_2.jpg,Asimina triloba,True,C-m0.06,0.060000,Ceratophyllum demersum,True,Ceratophyllum demersum,0.000000,False,False,,False
Asimina_triloba_2.jpg,Asimina triloba,True,C-m0.08,0.080000,Ceratophyllum demersum,True,Ceratophyllum demersum,0.000000,False,False,,False
Asimina_triloba_2.jpg,Asimina triloba,True,C-m0.1,0.100000,Ceratophyllum demersum,True,Ceratophyllum demersum,0.000000,False,False,,False
Asimina_triloba_2.jpg,Asimina triloba,True,C-m*raw,0.047722,Ceratophyllum demersum,True,Ceratophyllum demersum,0.000000,False,False,,False
Asimina_triloba_2.jpg,Asimina triloba,True,C-m*hazard,0.047722,Ceratophyllum demersum,True,Ceratophyllum demersum,0.000000,False,False,,False
Ilex_opaca_0.jpg,Ilex opaca,True,A,0.000000,Ilex cornuta,False,,inf,False,True,Ilex cornuta,False
Ilex_opaca_0.jpg,Ilex opaca,True,C,0.000000,Ilex opaca,True,Ilex opaca,0.000000,False,False,,False
Ilex_opaca_0.jpg,Ilex opaca,True,C-m0.01,0.010000,Ilex opaca,True,Ilex opaca,0.000000,False,False,,False
Ilex_opaca_0.jpg,Ilex opaca,True,C-m0.02,0.020000,Ilex opaca,True,Ilex opaca,0.000000,False,False,,False
Ilex_opaca_0.jpg,Ilex opaca,True,C-m0.03,0.030000,Ilex opaca,True,Ilex opaca,0.000000,False,False,,False
Ilex_opaca_0.jpg,Ilex opaca,True,C-m0.04,0.040000,Ilex opaca,True,Ilex opaca,0.000000,False,False,,False
Ilex_opaca_0.jpg,Ilex opaca,True,C-m0.048,0.048000,Ilex opaca,True,Ilex opaca,0.000000,False,False,,False
Ilex_opaca_0.jpg,Ilex opaca,True,C-m0.05,0.050000,Ilex opaca,True,Ilex opaca,0.000000,False,False,,False
Ilex_opaca_0.jpg,Ilex opaca,True,C-m0.06,0.060000,Ilex opaca,True,Ilex opaca,0.000000,False,False,,False
Ilex_opaca_0.jpg,Ilex opaca,True,C-m0.08,0.080000,Ilex opaca,True,Ilex opaca,0.000000,False,False,,False
Ilex_opaca_0.jpg,Ilex opaca,True,C-m0.1,0.100000,Ilex opaca,True,Ilex opaca,0.000000,False,False,,False
Ilex_opaca_0.jpg,Ilex opaca,True,C-m*raw,0.047722,Ilex opaca,True,Ilex opaca,0.000000,False,False,,False
Ilex_opaca_0.jpg,Ilex opaca,True,C-m*hazard,0.047722,Ilex opaca,True,Ilex opaca,0.000000,False,False,,False
Ilex_opaca_1.jpg,Ilex opaca,True,A,0.000000,Ilex cornuta,False,,inf,False,True,Ilex cornuta,False
Ilex_opaca_1.jpg,Ilex opaca,True,C,0.000000,Ilex opaca,True,Ilex opaca,0.000000,False,False,,False
Ilex_opaca_1.jpg,Ilex opaca,True,C-m0.01,0.010000,Ilex opaca,True,Ilex opaca,0.000000,False,False,,False
Ilex_opaca_1.jpg,Ilex opaca,True,C-m0.02,0.020000,Ilex opaca,True,Ilex opaca,0.000000,False,False,,False
Ilex_opaca_1.jpg,Ilex opaca,True,C-m0.03,0.030000,Ilex opaca,True,Ilex opaca,0.000000,False,False,,False
Ilex_opaca_1.jpg,Ilex opaca,True,C-m0.04,0.040000,Ilex opaca,True,Ilex opaca,0.000000,False,False,,False
Ilex_opaca_1.jpg,Ilex opaca,True,C-m0.048,0.048000,Ilex opaca,True,Ilex opaca,0.000000,False,False,,False
Ilex_opaca_1.jpg,Ilex opaca,True,C-m0.05,0.050000,Ilex opaca,True,Ilex opaca,0.000000,False,False,,False
Ilex_opaca_1.jpg,Ilex opaca,True,C-m0.06,0.060000,Ilex opaca,True,Ilex opaca,0.000000,False,False,,False
Ilex_opaca_1.jpg,Ilex opaca,True,C-m0.08,0.080000,Ilex opaca,True,Ilex opaca,0.000000,False,False,,False
Ilex_opaca_1.jpg,Ilex opaca,True,C-m0.1,0.100000,Ilex opaca,True,Ilex opaca,0.000000,False,False,,False
Ilex_opaca_1.jpg,Ilex opaca,True,C-m*raw,0.047722,Ilex opaca,True,Ilex opaca,0.000000,False,False,,False
Ilex_opaca_1.jpg,Ilex opaca,True,C-m*hazard,0.047722,Ilex opaca,True,Ilex opaca,0.000000,False,False,,False
Ilex_opaca_2.jpg,Ilex opaca,True,A,0.000000,Magnolia grandiflora,False,,inf,False,True,Magnolia grandiflora,False
Ilex_opaca_2.jpg,Ilex opaca,True,C,0.000000,Photinia serratifolia,True,Photinia serratifolia,0.000000,False,False,,False
Ilex_opaca_2.jpg,Ilex opaca,True,C-m0.01,0.010000,Photinia serratifolia,True,Photinia serratifolia,0.000000,False,False,,False
Ilex_opaca_2.jpg,Ilex opaca,True,C-m0.02,0.020000,Photinia serratifolia,True,Photinia serratifolia,0.000000,False,False,,False
Ilex_opaca_2.jpg,Ilex opaca,True,C-m0.03,0.030000,Photinia serratifolia,True,Photinia serratifolia,0.000000,False,False,,False
Ilex_opaca_2.jpg,Ilex opaca,True,C-m0.04,0.040000,Photinia serratifolia,True,Photinia serratifolia,0.000000,False,False,,False
Ilex_opaca_2.jpg,Ilex opaca,True,C-m0.048,0.048000,Photinia serratifolia,True,Photinia serratifolia,0.000000,False,False,,False
Ilex_opaca_2.jpg,Ilex opaca,True,C-m0.05,0.050000,Photinia serratifolia,True,Photinia serratifolia,0.000000,False,False,,False
Ilex_opaca_2.jpg,Ilex opaca,True,C-m0.06,0.060000,Photinia serratifolia,True,Photinia serratifolia,0.000000,False,False,,False
Ilex_opaca_2.jpg,Ilex opaca,True,C-m0.08,0.080000,Photinia serratifolia,True,Photinia serratifolia,0.000000,False,False,,False
Ilex_opaca_2.jpg,Ilex opaca,True,C-m0.1,0.100000,Photinia serratifolia,True,Photinia serratifolia,0.000000,False,False,,False
Ilex_opaca_2.jpg,Ilex opaca,True,C-m*raw,0.047722,Photinia serratifolia,True,Photinia serratifolia,0.000000,False,False,,False
Ilex_opaca_2.jpg,Ilex opaca,True,C-m*hazard,0.047722,Photinia serratifolia,True,Photinia serratifolia,0.000000,False,False,,False
Perilla_frutescens_0.jpg,Perilla frutescens,True,A,0.000000,Phyllanthus urinaria,False,,inf,False,True,Phyllanthus urinaria,False
Perilla_frutescens_0.jpg,Perilla frutescens,True,C,0.000000,Perilla frutescens,True,Perilla frutescens,0.000000,False,False,,False
Perilla_frutescens_0.jpg,Perilla frutescens,True,C-m0.01,0.010000,Perilla frutescens,True,Perilla frutescens,0.000000,False,False,,False
Perilla_frutescens_0.jpg,Perilla frutescens,True,C-m0.02,0.020000,Perilla frutescens,True,Perilla frutescens,0.000000,False,False,,False
Perilla_frutescens_0.jpg,Perilla frutescens,True,C-m0.03,0.030000,Perilla frutescens,True,Perilla frutescens,0.000000,False,False,,False
Perilla_frutescens_0.jpg,Perilla frutescens,True,C-m0.04,0.040000,Perilla frutescens,True,Perilla frutescens,0.000000,False,False,,False
Perilla_frutescens_0.jpg,Perilla frutescens,True,C-m0.048,0.048000,Perilla frutescens,True,Perilla frutescens,0.000000,False,False,,False
Perilla_frutescens_0.jpg,Perilla frutescens,True,C-m0.05,0.050000,Perilla frutescens,True,Perilla frutescens,0.000000,False,False,,False
Perilla_frutescens_0.jpg,Perilla frutescens,True,C-m0.06,0.060000,Perilla frutescens,True,Perilla frutescens,0.000000,False,False,,False
Perilla_frutescens_0.jpg,Perilla frutescens,True,C-m0.08,0.080000,Perilla frutescens,True,Perilla frutescens,0.000000,False,False,,False
Perilla_frutescens_0.jpg,Perilla frutescens,True,C-m0.1,0.100000,Perilla frutescens,True,Perilla frutescens,0.000000,False,False,,False
Perilla_frutescens_0.jpg,Perilla frutescens,True,C-m*raw,0.047722,Perilla frutescens,True,Perilla frutescens,0.000000,False,False,,False
Perilla_frutescens_0.jpg,Perilla frutescens,True,C-m*hazard,0.047722,Perilla frutescens,True,Perilla frutescens,0.000000,False,False,,False
Perilla_frutescens_1.jpg,Perilla frutescens,True,A,0.000000,Callicarpa americana,False,,inf,False,True,Callicarpa americana,False
Perilla_frutescens_1.jpg,Perilla frutescens,True,C,0.000000,Perilla frutescens,True,Perilla frutescens,0.000000,False,False,,False
Perilla_frutescens_1.jpg,Perilla frutescens,True,C-m0.01,0.010000,Perilla frutescens,True,Perilla frutescens,0.000000,False,False,,False
Perilla_frutescens_1.jpg,Perilla frutescens,True,C-m0.02,0.020000,Perilla frutescens,True,Perilla frutescens,0.000000,False,False,,False
Perilla_frutescens_1.jpg,Perilla frutescens,True,C-m0.03,0.030000,Perilla frutescens,True,Perilla frutescens,0.000000,False,False,,False
Perilla_frutescens_1.jpg,Perilla frutescens,True,C-m0.04,0.040000,Perilla frutescens,True,Perilla frutescens,0.000000,False,False,,False
Perilla_frutescens_1.jpg,Perilla frutescens,True,C-m0.048,0.048000,Perilla frutescens,True,Perilla frutescens,0.000000,False,False,,False
Perilla_frutescens_1.jpg,Perilla frutescens,True,C-m0.05,0.050000,Perilla frutescens,True,Perilla frutescens,0.000000,False,False,,False
Perilla_frutescens_1.jpg,Perilla frutescens,True,C-m0.06,0.060000,Perilla frutescens,True,Perilla frutescens,0.000000,False,False,,False
Perilla_frutescens_1.jpg,Perilla frutescens,True,C-m0.08,0.080000,Perilla frutescens,True,Perilla frutescens,0.000000,False,False,,False
Perilla_frutescens_1.jpg,Perilla frutescens,True,C-m0.1,0.100000,Perilla frutescens,True,Perilla frutescens,0.000000,False,False,,False
Perilla_frutescens_1.jpg,Perilla frutescens,True,C-m*raw,0.047722,Perilla frutescens,True,Perilla frutescens,0.000000,False,False,,False
Perilla_frutescens_1.jpg,Perilla frutescens,True,C-m*hazard,0.047722,Perilla frutescens,True,Perilla frutescens,0.000000,False,False,,False
Perilla_frutescens_2.jpg,Perilla frutescens,True,A,0.000000,Callicarpa americana,False,,inf,False,True,Callicarpa americana,False
Perilla_frutescens_2.jpg,Perilla frutescens,True,C,0.000000,Perilla frutescens,True,Perilla frutescens,0.000000,False,False,,False
Perilla_frutescens_2.jpg,Perilla frutescens,True,C-m0.01,0.010000,Perilla frutescens,True,Perilla frutescens,0.000000,False,False,,False
Perilla_frutescens_2.jpg,Perilla frutescens,True,C-m0.02,0.020000,Perilla frutescens,True,Perilla frutescens,0.000000,False,False,,False
Perilla_frutescens_2.jpg,Perilla frutescens,True,C-m0.03,0.030000,Perilla frutescens,True,Perilla frutescens,0.000000,False,False,,False
Perilla_frutescens_2.jpg,Perilla frutescens,True,C-m0.04,0.040000,Perilla frutescens,True,Perilla frutescens,0.000000,False,False,,False
Perilla_frutescens_2.jpg,Perilla frutescens,True,C-m0.048,0.048000,Perilla frutescens,True,Perilla frutescens,0.000000,False,False,,False
Perilla_frutescens_2.jpg,Perilla frutescens,True,C-m0.05,0.050000,Perilla frutescens,True,Perilla frutescens,0.000000,False,False,,False
Perilla_frutescens_2.jpg,Perilla frutescens,True,C-m0.06,0.060000,Perilla frutescens,True,Perilla frutescens,0.000000,False,False,,False
Perilla_frutescens_2.jpg,Perilla frutescens,True,C-m0.08,0.080000,Perilla frutescens,True,Perilla frutescens,0.000000,False,False,,False
Perilla_frutescens_2.jpg,Perilla frutescens,True,C-m0.1,0.100000,Perilla frutescens,True,Perilla frutescens,0.000000,False,False,,False
Perilla_frutescens_2.jpg,Perilla frutescens,True,C-m*raw,0.047722,Perilla frutescens,True,Perilla frutescens,0.000000,False,False,,False
Perilla_frutescens_2.jpg,Perilla frutescens,True,C-m*hazard,0.047722,Perilla frutescens,True,Perilla frutescens,0.000000,False,False,,False
Quercus_alba_0.jpg,Quercus alba,True,A,0.000000,Quercus nigra,False,,inf,False,True,Quercus nigra,False
Quercus_alba_0.jpg,Quercus alba,True,C,0.000000,Quercus alba,True,Quercus alba,0.000000,False,False,,False
Quercus_alba_0.jpg,Quercus alba,True,C-m0.01,0.010000,Quercus alba,True,Quercus alba,0.000000,False,False,,False
Quercus_alba_0.jpg,Quercus alba,True,C-m0.02,0.020000,Quercus alba,True,Quercus alba,0.000000,False,False,,False
Quercus_alba_0.jpg,Quercus alba,True,C-m0.03,0.030000,Quercus alba,True,Quercus alba,0.000000,False,False,,False
Quercus_alba_0.jpg,Quercus alba,True,C-m0.04,0.040000,Quercus alba,True,Quercus alba,0.000000,False,False,,False
Quercus_alba_0.jpg,Quercus alba,True,C-m0.048,0.048000,Quercus alba,True,Quercus alba,0.000000,False,False,,False
Quercus_alba_0.jpg,Quercus alba,True,C-m0.05,0.050000,Quercus alba,True,Quercus alba,0.000000,False,False,,False
Quercus_alba_0.jpg,Quercus alba,True,C-m0.06,0.060000,Quercus alba,True,Quercus alba,0.000000,False,False,,False
Quercus_alba_0.jpg,Quercus alba,True,C-m0.08,0.080000,Quercus alba,True,Quercus alba,0.000000,False,False,,False
Quercus_alba_0.jpg,Quercus alba,True,C-m0.1,0.100000,Quercus alba,True,Quercus alba,0.000000,False,False,,False
Quercus_alba_0.jpg,Quercus alba,True,C-m*raw,0.047722,Quercus alba,True,Quercus alba,0.000000,False,False,,False
Quercus_alba_0.jpg,Quercus alba,True,C-m*hazard,0.047722,Quercus alba,True,Quercus alba,0.000000,False,False,,False
Quercus_alba_1.jpg,Quercus alba,True,A,0.000000,Quercus nigra,False,,inf,False,True,Quercus nigra,False
Quercus_alba_1.jpg,Quercus alba,True,C,0.000000,Quercus alba,True,Quercus alba,0.000000,False,False,,False
Quercus_alba_1.jpg,Quercus alba,True,C-m0.01,0.010000,Quercus alba,True,Quercus alba,0.000000,False,False,,False
Quercus_alba_1.jpg,Quercus alba,True,C-m0.02,0.020000,Quercus alba,True,Quercus alba,0.000000,False,False,,False
Quercus_alba_1.jpg,Quercus alba,True,C-m0.03,0.030000,Quercus alba,True,Quercus alba,0.000000,False,False,,False
Quercus_alba_1.jpg,Quercus alba,True,C-m0.04,0.040000,Quercus alba,True,Quercus alba,0.000000,False,False,,False
Quercus_alba_1.jpg,Quercus alba,True,C-m0.048,0.048000,Quercus alba,True,Quercus alba,0.000000,False,False,,False
Quercus_alba_1.jpg,Quercus alba,True,C-m0.05,0.050000,Quercus alba,True,Quercus alba,0.000000,False,False,,False
Quercus_alba_1.jpg,Quercus alba,True,C-m0.06,0.060000,Quercus alba,True,Quercus alba,0.000000,False,False,,False
Quercus_alba_1.jpg,Quercus alba,True,C-m0.08,0.080000,Quercus alba,True,Quercus alba,0.000000,False,False,,False
Quercus_alba_1.jpg,Quercus alba,True,C-m0.1,0.100000,Quercus alba,True,Quercus alba,0.000000,False,False,,False
Quercus_alba_1.jpg,Quercus alba,True,C-m*raw,0.047722,Quercus alba,True,Quercus alba,0.000000,False,False,,False
Quercus_alba_1.jpg,Quercus alba,True,C-m*hazard,0.047722,Quercus alba,True,Quercus alba,0.000000,False,False,,False
Quercus_alba_2.jpg,Quercus alba,True,A,0.000000,Quercus nigra,False,,inf,False,True,Quercus nigra,False
Quercus_alba_2.jpg,Quercus alba,True,C,0.000000,Quercus alba,True,Quercus alba,0.000000,False,False,,False
Quercus_alba_2.jpg,Quercus alba,True,C-m0.01,0.010000,Quercus alba,True,Quercus alba,0.000000,False,False,,False
Quercus_alba_2.jpg,Quercus alba,True,C-m0.02,0.020000,Quercus alba,True,Quercus alba,0.000000,False,False,,False
Quercus_alba_2.jpg,Quercus alba,True,C-m0.03,0.030000,Quercus alba,True,Quercus alba,0.000000,False,False,,False
Quercus_alba_2.jpg,Quercus alba,True,C-m0.04,0.040000,Quercus alba,True,Quercus alba,0.000000,False,False,,False
Quercus_alba_2.jpg,Quercus alba,True,C-m0.048,0.048000,Quercus alba,True,Quercus alba,0.000000,False,False,,False
Quercus_alba_2.jpg,Quercus alba,True,C-m0.05,0.050000,Quercus alba,True,Quercus alba,0.000000,False,False,,False
Quercus_alba_2.jpg,Quercus alba,True,C-m0.06,0.060000,Quercus alba,True,Quercus alba,0.000000,False,False,,False
Quercus_alba_2.jpg,Quercus alba,True,C-m0.08,0.080000,Quercus alba,True,Quercus alba,0.000000,False,False,,False
Quercus_alba_2.jpg,Quercus alba,True,C-m0.1,0.100000,Quercus alba,True,Quercus alba,0.000000,False,False,,False
Quercus_alba_2.jpg,Quercus alba,True,C-m*raw,0.047722,Quercus alba,True,Quercus alba,0.000000,False,False,,False
Quercus_alba_2.jpg,Quercus alba,True,C-m*hazard,0.047722,Quercus alba,True,Quercus alba,0.000000,False,False,,False
Berberis_bealei_0.jpg,Berberis bealei,True,A,0.000000,Ilex cornuta,False,,inf,False,True,Ilex cornuta,False
Berberis_bealei_0.jpg,Berberis bealei,True,C,0.000000,Berberis bealei,True,Berberis bealei,0.000000,False,False,,False
Berberis_bealei_0.jpg,Berberis bealei,True,C-m0.01,0.010000,Berberis bealei,True,Berberis bealei,0.000000,False,False,,False
Berberis_bealei_0.jpg,Berberis bealei,True,C-m0.02,0.020000,Berberis bealei,True,Berberis bealei,0.000000,False,False,,False
Berberis_bealei_0.jpg,Berberis bealei,True,C-m0.03,0.030000,Berberis bealei,True,Berberis bealei,0.000000,False,False,,False
Berberis_bealei_0.jpg,Berberis bealei,True,C-m0.04,0.040000,Berberis bealei,True,Berberis bealei,0.000000,False,False,,False
Berberis_bealei_0.jpg,Berberis bealei,True,C-m0.048,0.048000,Berberis bealei,True,Berberis bealei,0.000000,False,False,,False
Berberis_bealei_0.jpg,Berberis bealei,True,C-m0.05,0.050000,Berberis bealei,True,Berberis bealei,0.000000,False,False,,False
Berberis_bealei_0.jpg,Berberis bealei,True,C-m0.06,0.060000,Berberis bealei,True,Berberis bealei,0.000000,False,False,,False
Berberis_bealei_0.jpg,Berberis bealei,True,C-m0.08,0.080000,Berberis bealei,True,Berberis bealei,0.000000,False,False,,False
Berberis_bealei_0.jpg,Berberis bealei,True,C-m0.1,0.100000,Berberis bealei,True,Berberis bealei,0.000000,False,False,,False
Berberis_bealei_0.jpg,Berberis bealei,True,C-m*raw,0.047722,Berberis bealei,True,Berberis bealei,0.000000,False,False,,False
Berberis_bealei_0.jpg,Berberis bealei,True,C-m*hazard,0.047722,Berberis bealei,True,Berberis bealei,0.000000,False,False,,False
Berberis_bealei_1.jpg,Berberis bealei,True,A,0.000000,Albizia julibrissin,False,,inf,False,True,Albizia julibrissin,False
Berberis_bealei_1.jpg,Berberis bealei,True,C,0.000000,Berberis bealei,True,Berberis bealei,0.000000,False,False,,False
Berberis_bealei_1.jpg,Berberis bealei,True,C-m0.01,0.010000,Berberis bealei,True,Berberis bealei,0.000000,False,False,,False
Berberis_bealei_1.jpg,Berberis bealei,True,C-m0.02,0.020000,Berberis bealei,True,Berberis bealei,0.000000,False,False,,False
Berberis_bealei_1.jpg,Berberis bealei,True,C-m0.03,0.030000,Berberis bealei,True,Berberis bealei,0.000000,False,False,,False
Berberis_bealei_1.jpg,Berberis bealei,True,C-m0.04,0.040000,Berberis bealei,True,Berberis bealei,0.000000,False,False,,False
Berberis_bealei_1.jpg,Berberis bealei,True,C-m0.048,0.048000,Berberis bealei,True,Berberis bealei,0.000000,False,False,,False
Berberis_bealei_1.jpg,Berberis bealei,True,C-m0.05,0.050000,Berberis bealei,True,Berberis bealei,0.000000,False,False,,False
Berberis_bealei_1.jpg,Berberis bealei,True,C-m0.06,0.060000,Berberis bealei,True,Berberis bealei,0.000000,False,False,,False
Berberis_bealei_1.jpg,Berberis bealei,True,C-m0.08,0.080000,Berberis bealei,True,Berberis bealei,0.000000,False,False,,False
Berberis_bealei_1.jpg,Berberis bealei,True,C-m0.1,0.100000,Berberis bealei,True,Berberis bealei,0.000000,False,False,,False
Berberis_bealei_1.jpg,Berberis bealei,True,C-m*raw,0.047722,Berberis bealei,True,Berberis bealei,0.000000,False,False,,False
Berberis_bealei_1.jpg,Berberis bealei,True,C-m*hazard,0.047722,Berberis bealei,True,Berberis bealei,0.000000,False,False,,False
Berberis_bealei_2.jpg,Berberis bealei,True,A,0.000000,Ilex cornuta,False,,inf,False,True,Ilex cornuta,False
Berberis_bealei_2.jpg,Berberis bealei,True,C,0.000000,Berberis bealei,True,Berberis bealei,0.000000,False,False,,False
Berberis_bealei_2.jpg,Berberis bealei,True,C-m0.01,0.010000,Berberis bealei,True,Berberis bealei,0.000000,False,False,,False
Berberis_bealei_2.jpg,Berberis bealei,True,C-m0.02,0.020000,Berberis bealei,True,Berberis bealei,0.000000,False,False,,False
Berberis_bealei_2.jpg,Berberis bealei,True,C-m0.03,0.030000,Berberis bealei,True,Berberis bealei,0.000000,False,False,,False
Berberis_bealei_2.jpg,Berberis bealei,True,C-m0.04,0.040000,Berberis bealei,True,Berberis bealei,0.000000,False,False,,False
Berberis_bealei_2.jpg,Berberis bealei,True,C-m0.048,0.048000,Berberis bealei,True,Berberis bealei,0.000000,False,False,,False
Berberis_bealei_2.jpg,Berberis bealei,True,C-m0.05,0.050000,Berberis bealei,True,Berberis bealei,0.000000,False,False,,False
Berberis_bealei_2.jpg,Berberis bealei,True,C-m0.06,0.060000,Berberis bealei,True,Berberis bealei,0.000000,False,False,,False
Berberis_bealei_2.jpg,Berberis bealei,True,C-m0.08,0.080000,Berberis bealei,True,Berberis bealei,0.000000,False,False,,False
Berberis_bealei_2.jpg,Berberis bealei,True,C-m0.1,0.100000,Berberis bealei,True,Berberis bealei,0.000000,False,False,,False
Berberis_bealei_2.jpg,Berberis bealei,True,C-m*raw,0.047722,Berberis bealei,True,Berberis bealei,0.000000,False,False,,False
Berberis_bealei_2.jpg,Berberis bealei,True,C-m*hazard,0.047722,Berberis bealei,True,Berberis bealei,0.000000,False,False,,False
Lonicera_japonica_0.jpg,Lonicera japonica,True,A,0.000000,Ampelopsis glandulosa,False,,inf,False,True,Ampelopsis glandulosa,False
Lonicera_japonica_0.jpg,Lonicera japonica,True,C,0.000000,Lonicera japonica,True,Lonicera japonica,0.000000,False,False,,False
Lonicera_japonica_0.jpg,Lonicera japonica,True,C-m0.01,0.010000,Lonicera japonica,True,Lonicera japonica,0.000000,False,False,,False
Lonicera_japonica_0.jpg,Lonicera japonica,True,C-m0.02,0.020000,Lonicera japonica,True,Lonicera japonica,0.000000,False,False,,False
Lonicera_japonica_0.jpg,Lonicera japonica,True,C-m0.03,0.030000,Lonicera japonica,True,Lonicera japonica,0.000000,False,False,,False
Lonicera_japonica_0.jpg,Lonicera japonica,True,C-m0.04,0.040000,Lonicera japonica,True,Lonicera japonica,0.000000,False,False,,False
Lonicera_japonica_0.jpg,Lonicera japonica,True,C-m0.048,0.048000,Lonicera japonica,True,Lonicera japonica,0.000000,False,False,,False
Lonicera_japonica_0.jpg,Lonicera japonica,True,C-m0.05,0.050000,Lonicera japonica,True,Lonicera japonica,0.000000,False,False,,False
Lonicera_japonica_0.jpg,Lonicera japonica,True,C-m0.06,0.060000,Lonicera japonica,True,Lonicera japonica,0.000000,False,False,,False
Lonicera_japonica_0.jpg,Lonicera japonica,True,C-m0.08,0.080000,Lonicera japonica,True,Lonicera japonica,0.000000,False,False,,False
Lonicera_japonica_0.jpg,Lonicera japonica,True,C-m0.1,0.100000,Lonicera japonica,True,Lonicera japonica,0.000000,False,False,,False
Lonicera_japonica_0.jpg,Lonicera japonica,True,C-m*raw,0.047722,Lonicera japonica,True,Lonicera japonica,0.000000,False,False,,False
Lonicera_japonica_0.jpg,Lonicera japonica,True,C-m*hazard,0.047722,Lonicera japonica,True,Lonicera japonica,0.000000,False,False,,False
Lonicera_japonica_1.jpg,Lonicera japonica,True,A,0.000000,Solidago altissima,False,,inf,False,True,Solidago altissima,False
Lonicera_japonica_1.jpg,Lonicera japonica,True,C,0.000000,Lonicera japonica,True,Lonicera japonica,0.000000,False,False,,False
Lonicera_japonica_1.jpg,Lonicera japonica,True,C-m0.01,0.010000,Lonicera japonica,True,Lonicera japonica,0.000000,False,False,,False
Lonicera_japonica_1.jpg,Lonicera japonica,True,C-m0.02,0.020000,Lonicera japonica,True,Lonicera japonica,0.000000,False,False,,False
Lonicera_japonica_1.jpg,Lonicera japonica,True,C-m0.03,0.030000,Lonicera japonica,True,Lonicera japonica,0.000000,False,False,,False
Lonicera_japonica_1.jpg,Lonicera japonica,True,C-m0.04,0.040000,Lonicera japonica,True,Lonicera japonica,0.000000,False,False,,False
Lonicera_japonica_1.jpg,Lonicera japonica,True,C-m0.048,0.048000,Lonicera japonica,True,Lonicera japonica,0.000000,False,False,,False
Lonicera_japonica_1.jpg,Lonicera japonica,True,C-m0.05,0.050000,Lonicera japonica,True,Lonicera japonica,0.000000,False,False,,False
Lonicera_japonica_1.jpg,Lonicera japonica,True,C-m0.06,0.060000,Lonicera japonica,True,Lonicera japonica,0.000000,False,False,,False
Lonicera_japonica_1.jpg,Lonicera japonica,True,C-m0.08,0.080000,Lonicera japonica,True,Lonicera japonica,0.000000,False,False,,False
Lonicera_japonica_1.jpg,Lonicera japonica,True,C-m0.1,0.100000,Lonicera japonica,True,Lonicera japonica,0.000000,False,False,,False
Lonicera_japonica_1.jpg,Lonicera japonica,True,C-m*raw,0.047722,Lonicera japonica,True,Lonicera japonica,0.000000,False,False,,False
Lonicera_japonica_1.jpg,Lonicera japonica,True,C-m*hazard,0.047722,Lonicera japonica,True,Lonicera japonica,0.000000,False,False,,False
Lonicera_japonica_2.jpg,Lonicera japonica,True,A,0.000000,Pueraria montana,False,,inf,False,True,Pueraria montana,False
Lonicera_japonica_2.jpg,Lonicera japonica,True,C,0.000000,Lonicera japonica,True,Lonicera japonica,0.000000,False,False,,False
Lonicera_japonica_2.jpg,Lonicera japonica,True,C-m0.01,0.010000,Lonicera japonica,True,Lonicera japonica,0.000000,False,False,,False
Lonicera_japonica_2.jpg,Lonicera japonica,True,C-m0.02,0.020000,Lonicera japonica,True,Lonicera japonica,0.000000,False,False,,False
Lonicera_japonica_2.jpg,Lonicera japonica,True,C-m0.03,0.030000,Lonicera japonica,True,Lonicera japonica,0.000000,False,False,,False
Lonicera_japonica_2.jpg,Lonicera japonica,True,C-m0.04,0.040000,Lonicera japonica,True,Lonicera japonica,0.000000,False,False,,False
Lonicera_japonica_2.jpg,Lonicera japonica,True,C-m0.048,0.048000,Lonicera japonica,True,Lonicera japonica,0.000000,False,False,,False
Lonicera_japonica_2.jpg,Lonicera japonica,True,C-m0.05,0.050000,Lonicera japonica,True,Lonicera japonica,0.000000,False,False,,False
Lonicera_japonica_2.jpg,Lonicera japonica,True,C-m0.06,0.060000,Lonicera japonica,True,Lonicera japonica,0.000000,False,False,,False
Lonicera_japonica_2.jpg,Lonicera japonica,True,C-m0.08,0.080000,Lonicera japonica,True,Lonicera japonica,0.000000,False,False,,False
Lonicera_japonica_2.jpg,Lonicera japonica,True,C-m0.1,0.100000,Lonicera japonica,True,Lonicera japonica,0.000000,False,False,,False
Lonicera_japonica_2.jpg,Lonicera japonica,True,C-m*raw,0.047722,Lonicera japonica,True,Lonicera japonica,0.000000,False,False,,False
Lonicera_japonica_2.jpg,Lonicera japonica,True,C-m*hazard,0.047722,Lonicera japonica,True,Lonicera japonica,0.000000,False,False,,False
Lobelia_cardinalis_0.jpg,Lobelia cardinalis,True,A,0.000000,Erechtites hieraciifolius,False,,inf,False,True,Erechtites hieraciifolius,False
Lobelia_cardinalis_0.jpg,Lobelia cardinalis,True,C,0.000000,Lobelia cardinalis,True,Lobelia cardinalis,0.000000,False,False,,False
Lobelia_cardinalis_0.jpg,Lobelia cardinalis,True,C-m0.01,0.010000,Lobelia cardinalis,True,Lobelia cardinalis,0.000000,False,False,,False
Lobelia_cardinalis_0.jpg,Lobelia cardinalis,True,C-m0.02,0.020000,Lobelia cardinalis,True,Lobelia cardinalis,0.000000,False,False,,False
Lobelia_cardinalis_0.jpg,Lobelia cardinalis,True,C-m0.03,0.030000,Lobelia cardinalis,True,Lobelia cardinalis,0.000000,False,False,,False
Lobelia_cardinalis_0.jpg,Lobelia cardinalis,True,C-m0.04,0.040000,Lobelia cardinalis,True,Lobelia cardinalis,0.000000,False,False,,False
Lobelia_cardinalis_0.jpg,Lobelia cardinalis,True,C-m0.048,0.048000,Lobelia cardinalis,True,Lobelia cardinalis,0.000000,False,False,,False
Lobelia_cardinalis_0.jpg,Lobelia cardinalis,True,C-m0.05,0.050000,Lobelia cardinalis,True,Lobelia cardinalis,0.000000,False,False,,False
Lobelia_cardinalis_0.jpg,Lobelia cardinalis,True,C-m0.06,0.060000,Lobelia cardinalis,True,Lobelia cardinalis,0.000000,False,False,,False
Lobelia_cardinalis_0.jpg,Lobelia cardinalis,True,C-m0.08,0.080000,Lobelia cardinalis,True,Lobelia cardinalis,0.000000,False,False,,False
Lobelia_cardinalis_0.jpg,Lobelia cardinalis,True,C-m0.1,0.100000,Lobelia cardinalis,True,Lobelia cardinalis,0.000000,False,False,,False
Lobelia_cardinalis_0.jpg,Lobelia cardinalis,True,C-m*raw,0.047722,Lobelia cardinalis,True,Lobelia cardinalis,0.000000,False,False,,False
Lobelia_cardinalis_0.jpg,Lobelia cardinalis,True,C-m*hazard,0.047722,Lobelia cardinalis,True,Lobelia cardinalis,0.000000,False,False,,False
Lobelia_cardinalis_1.jpg,Lobelia cardinalis,True,A,0.000000,Erechtites hieraciifolius,False,,inf,False,True,Erechtites hieraciifolius,False
Lobelia_cardinalis_1.jpg,Lobelia cardinalis,True,C,0.000000,Lobelia cardinalis,True,Lobelia cardinalis,0.000000,False,False,,False
Lobelia_cardinalis_1.jpg,Lobelia cardinalis,True,C-m0.01,0.010000,Lobelia cardinalis,True,Lobelia cardinalis,0.000000,False,False,,False
Lobelia_cardinalis_1.jpg,Lobelia cardinalis,True,C-m0.02,0.020000,Lobelia cardinalis,True,Lobelia cardinalis,0.000000,False,False,,False
Lobelia_cardinalis_1.jpg,Lobelia cardinalis,True,C-m0.03,0.030000,Lobelia cardinalis,True,Lobelia cardinalis,0.000000,False,False,,False
Lobelia_cardinalis_1.jpg,Lobelia cardinalis,True,C-m0.04,0.040000,Lobelia cardinalis,True,Lobelia cardinalis,0.000000,False,False,,False
Lobelia_cardinalis_1.jpg,Lobelia cardinalis,True,C-m0.048,0.048000,Lobelia cardinalis,True,Lobelia cardinalis,0.000000,False,False,,False
Lobelia_cardinalis_1.jpg,Lobelia cardinalis,True,C-m0.05,0.050000,Lobelia cardinalis,True,Lobelia cardinalis,0.000000,False,False,,False
Lobelia_cardinalis_1.jpg,Lobelia cardinalis,True,C-m0.06,0.060000,Lobelia cardinalis,True,Lobelia cardinalis,0.000000,False,False,,False
Lobelia_cardinalis_1.jpg,Lobelia cardinalis,True,C-m0.08,0.080000,Lobelia cardinalis,True,Lobelia cardinalis,0.000000,False,False,,False
Lobelia_cardinalis_1.jpg,Lobelia cardinalis,True,C-m0.1,0.100000,Lobelia cardinalis,True,Lobelia cardinalis,0.000000,False,False,,False
Lobelia_cardinalis_1.jpg,Lobelia cardinalis,True,C-m*raw,0.047722,Lobelia cardinalis,True,Lobelia cardinalis,0.000000,False,False,,False
Lobelia_cardinalis_1.jpg,Lobelia cardinalis,True,C-m*hazard,0.047722,Lobelia cardinalis,True,Lobelia cardinalis,0.000000,False,False,,False
Lobelia_cardinalis_2.jpg,Lobelia cardinalis,True,A,0.000000,Erechtites hieraciifolius,False,,inf,False,True,Erechtites hieraciifolius,False
Lobelia_cardinalis_2.jpg,Lobelia cardinalis,True,C,0.000000,Lobelia cardinalis,True,Lobelia cardinalis,0.000000,False,False,,False
Lobelia_cardinalis_2.jpg,Lobelia cardinalis,True,C-m0.01,0.010000,Lobelia cardinalis,True,Lobelia cardinalis,0.000000,False,False,,False
Lobelia_cardinalis_2.jpg,Lobelia cardinalis,True,C-m0.02,0.020000,Lobelia cardinalis,True,Lobelia cardinalis,0.000000,False,False,,False
Lobelia_cardinalis_2.jpg,Lobelia cardinalis,True,C-m0.03,0.030000,Lobelia cardinalis,True,Lobelia cardinalis,0.000000,False,False,,False
Lobelia_cardinalis_2.jpg,Lobelia cardinalis,True,C-m0.04,0.040000,Lobelia cardinalis,True,Lobelia cardinalis,0.000000,False,False,,False
Lobelia_cardinalis_2.jpg,Lobelia cardinalis,True,C-m0.048,0.048000,Lobelia cardinalis,True,Lobelia cardinalis,0.000000,False,False,,False
Lobelia_cardinalis_2.jpg,Lobelia cardinalis,True,C-m0.05,0.050000,Lobelia cardinalis,True,Lobelia cardinalis,0.000000,False,False,,False
Lobelia_cardinalis_2.jpg,Lobelia cardinalis,True,C-m0.06,0.060000,Lobelia cardinalis,True,Lobelia cardinalis,0.000000,False,False,,False
Lobelia_cardinalis_2.jpg,Lobelia cardinalis,True,C-m0.08,0.080000,Lobelia cardinalis,True,Lobelia cardinalis,0.000000,False,False,,False
Lobelia_cardinalis_2.jpg,Lobelia cardinalis,True,C-m0.1,0.100000,Lobelia cardinalis,True,Lobelia cardinalis,0.000000,False,False,,False
Lobelia_cardinalis_2.jpg,Lobelia cardinalis,True,C-m*raw,0.047722,Lobelia cardinalis,True,Lobelia cardinalis,0.000000,False,False,,False
Lobelia_cardinalis_2.jpg,Lobelia cardinalis,True,C-m*hazard,0.047722,Lobelia cardinalis,True,Lobelia cardinalis,0.000000,False,False,,False
Physalis_angulata_0.jpg,Physalis angulata,True,A,0.000000,Phyllanthus urinaria,False,,inf,False,True,Phyllanthus urinaria,False
Physalis_angulata_0.jpg,Physalis angulata,True,C,0.000000,Dichondra carolinensis,True,Dichondra carolinensis,0.000000,False,False,,False
Physalis_angulata_0.jpg,Physalis angulata,True,C-m0.01,0.010000,Dichondra carolinensis,True,Dichondra carolinensis,0.000000,False,False,,False
Physalis_angulata_0.jpg,Physalis angulata,True,C-m0.02,0.020000,Dichondra carolinensis,True,Dichondra carolinensis,0.000000,False,False,,False
Physalis_angulata_0.jpg,Physalis angulata,True,C-m0.03,0.030000,Dichondra carolinensis,True,Dichondra carolinensis,0.000000,False,False,,False
Physalis_angulata_0.jpg,Physalis angulata,True,C-m0.04,0.040000,Dichondra carolinensis,True,Dichondra carolinensis,0.000000,False,False,,False
Physalis_angulata_0.jpg,Physalis angulata,True,C-m0.048,0.048000,Dichondra carolinensis,True,Dichondra carolinensis,0.000000,False,False,,False
Physalis_angulata_0.jpg,Physalis angulata,True,C-m0.05,0.050000,Dichondra carolinensis,True,Dichondra carolinensis,0.000000,False,False,,False
Physalis_angulata_0.jpg,Physalis angulata,True,C-m0.06,0.060000,Dichondra carolinensis,True,Dichondra carolinensis,0.000000,False,False,,False
Physalis_angulata_0.jpg,Physalis angulata,True,C-m0.08,0.080000,Dichondra carolinensis,True,Dichondra carolinensis,0.000000,False,False,,False
Physalis_angulata_0.jpg,Physalis angulata,True,C-m0.1,0.100000,Dichondra carolinensis,True,Dichondra carolinensis,0.000000,False,False,,False
Physalis_angulata_0.jpg,Physalis angulata,True,C-m*raw,0.047722,Dichondra carolinensis,True,Dichondra carolinensis,0.000000,False,False,,False
Physalis_angulata_0.jpg,Physalis angulata,True,C-m*hazard,0.047722,Dichondra carolinensis,True,Dichondra carolinensis,0.000000,False,False,,False
Physalis_angulata_1.jpg,Physalis angulata,True,A,0.000000,Phyllanthus urinaria,False,,inf,False,True,Phyllanthus urinaria,False
Physalis_angulata_1.jpg,Physalis angulata,True,C,0.000000,Physalis angulata,True,Physalis angulata,0.000000,False,False,,False
Physalis_angulata_1.jpg,Physalis angulata,True,C-m0.01,0.010000,Physalis angulata,True,Physalis angulata,0.000000,False,False,,False
Physalis_angulata_1.jpg,Physalis angulata,True,C-m0.02,0.020000,Physalis angulata,True,Physalis angulata,0.000000,False,False,,False
Physalis_angulata_1.jpg,Physalis angulata,True,C-m0.03,0.030000,Physalis angulata,True,Physalis angulata,0.000000,False,False,,False
Physalis_angulata_1.jpg,Physalis angulata,True,C-m0.04,0.040000,Physalis angulata,True,Physalis angulata,0.000000,False,False,,False
Physalis_angulata_1.jpg,Physalis angulata,True,C-m0.048,0.048000,Physalis angulata,True,Physalis angulata,0.000000,False,False,,False
Physalis_angulata_1.jpg,Physalis angulata,True,C-m0.05,0.050000,Physalis angulata,True,Physalis angulata,0.000000,False,False,,False
Physalis_angulata_1.jpg,Physalis angulata,True,C-m0.06,0.060000,Physalis angulata,True,Physalis angulata,0.000000,False,False,,False
Physalis_angulata_1.jpg,Physalis angulata,True,C-m0.08,0.080000,Physalis angulata,True,Physalis angulata,0.000000,False,False,,False
Physalis_angulata_1.jpg,Physalis angulata,True,C-m0.1,0.100000,Physalis angulata,True,Physalis angulata,0.000000,False,False,,False
Physalis_angulata_1.jpg,Physalis angulata,True,C-m*raw,0.047722,Physalis angulata,True,Physalis angulata,0.000000,False,False,,False
Physalis_angulata_1.jpg,Physalis angulata,True,C-m*hazard,0.047722,Physalis angulata,True,Physalis angulata,0.000000,False,False,,False
Physalis_angulata_2.jpg,Physalis angulata,True,A,0.000000,Pueraria montana,False,,inf,False,True,Pueraria montana,False
Physalis_angulata_2.jpg,Physalis angulata,True,C,0.000000,Ipomoea alba,True,Ipomoea alba,0.000000,False,False,,False
Physalis_angulata_2.jpg,Physalis angulata,True,C-m0.01,0.010000,Ipomoea alba,True,Ipomoea alba,0.000000,False,False,,False
Physalis_angulata_2.jpg,Physalis angulata,True,C-m0.02,0.020000,Ipomoea alba,True,Ipomoea alba,0.000000,False,False,,False
Physalis_angulata_2.jpg,Physalis angulata,True,C-m0.03,0.030000,Ipomoea alba,True,Ipomoea alba,0.000000,False,False,,False
Physalis_angulata_2.jpg,Physalis angulata,True,C-m0.04,0.040000,Ipomoea alba,True,Ipomoea alba,0.000000,False,False,,False
Physalis_angulata_2.jpg,Physalis angulata,True,C-m0.048,0.048000,Ipomoea alba,True,Ipomoea alba,0.000000,False,False,,False
Physalis_angulata_2.jpg,Physalis angulata,True,C-m0.05,0.050000,Ipomoea alba,True,Ipomoea alba,0.000000,False,False,,False
Physalis_angulata_2.jpg,Physalis angulata,True,C-m0.06,0.060000,Ipomoea alba,True,Ipomoea alba,0.000000,False,False,,False
Physalis_angulata_2.jpg,Physalis angulata,True,C-m0.08,0.080000,Ipomoea alba,True,Ipomoea alba,0.000000,False,False,,False
Physalis_angulata_2.jpg,Physalis angulata,True,C-m0.1,0.100000,Ipomoea alba,True,Ipomoea alba,0.000000,False,False,,False
Physalis_angulata_2.jpg,Physalis angulata,True,C-m*raw,0.047722,Ipomoea alba,True,Ipomoea alba,0.000000,False,False,,False
Physalis_angulata_2.jpg,Physalis angulata,True,C-m*hazard,0.047722,Ipomoea alba,True,Ipomoea alba,0.000000,False,False,,False
Verbesina_alternifolia_0.jpg,Verbesina alternifolia,True,A,0.000000,Erechtites hieraciifolius,False,,inf,False,True,Erechtites hieraciifolius,False
Verbesina_alternifolia_0.jpg,Verbesina alternifolia,True,C,0.000000,Verbesina alternifolia,True,Verbesina alternifolia,0.000000,False,False,,False
Verbesina_alternifolia_0.jpg,Verbesina alternifolia,True,C-m0.01,0.010000,Verbesina alternifolia,True,Verbesina alternifolia,0.000000,False,False,,False
Verbesina_alternifolia_0.jpg,Verbesina alternifolia,True,C-m0.02,0.020000,Verbesina alternifolia,True,Verbesina alternifolia,0.000000,False,False,,False
Verbesina_alternifolia_0.jpg,Verbesina alternifolia,True,C-m0.03,0.030000,Verbesina alternifolia,True,Verbesina alternifolia,0.000000,False,False,,False
Verbesina_alternifolia_0.jpg,Verbesina alternifolia,True,C-m0.04,0.040000,Verbesina alternifolia,True,Verbesina alternifolia,0.000000,False,False,,False
Verbesina_alternifolia_0.jpg,Verbesina alternifolia,True,C-m0.048,0.048000,Verbesina alternifolia,True,Verbesina alternifolia,0.000000,False,False,,False
Verbesina_alternifolia_0.jpg,Verbesina alternifolia,True,C-m0.05,0.050000,Verbesina alternifolia,True,Verbesina alternifolia,0.000000,False,False,,False
Verbesina_alternifolia_0.jpg,Verbesina alternifolia,True,C-m0.06,0.060000,Verbesina alternifolia,True,Verbesina alternifolia,0.000000,False,False,,False
Verbesina_alternifolia_0.jpg,Verbesina alternifolia,True,C-m0.08,0.080000,Verbesina alternifolia,True,Verbesina alternifolia,0.000000,False,False,,False
Verbesina_alternifolia_0.jpg,Verbesina alternifolia,True,C-m0.1,0.100000,Verbesina alternifolia,True,Verbesina alternifolia,0.000000,False,False,,False
Verbesina_alternifolia_0.jpg,Verbesina alternifolia,True,C-m*raw,0.047722,Verbesina alternifolia,True,Verbesina alternifolia,0.000000,False,False,,False
Verbesina_alternifolia_0.jpg,Verbesina alternifolia,True,C-m*hazard,0.047722,Verbesina alternifolia,True,Verbesina alternifolia,0.000000,False,False,,False
Verbesina_alternifolia_1.jpg,Verbesina alternifolia,True,A,0.000000,Erechtites hieraciifolius,False,,inf,False,True,Erechtites hieraciifolius,False
Verbesina_alternifolia_1.jpg,Verbesina alternifolia,True,C,0.000000,Verbesina alternifolia,True,Verbesina alternifolia,0.000000,False,False,,False
Verbesina_alternifolia_1.jpg,Verbesina alternifolia,True,C-m0.01,0.010000,Verbesina alternifolia,True,Verbesina alternifolia,0.000000,False,False,,False
Verbesina_alternifolia_1.jpg,Verbesina alternifolia,True,C-m0.02,0.020000,Verbesina alternifolia,True,Verbesina alternifolia,0.000000,False,False,,False
Verbesina_alternifolia_1.jpg,Verbesina alternifolia,True,C-m0.03,0.030000,Verbesina alternifolia,True,Verbesina alternifolia,0.000000,False,False,,False
Verbesina_alternifolia_1.jpg,Verbesina alternifolia,True,C-m0.04,0.040000,Verbesina alternifolia,True,Verbesina alternifolia,0.000000,False,False,,False
Verbesina_alternifolia_1.jpg,Verbesina alternifolia,True,C-m0.048,0.048000,Verbesina alternifolia,True,Verbesina alternifolia,0.000000,False,False,,False
Verbesina_alternifolia_1.jpg,Verbesina alternifolia,True,C-m0.05,0.050000,Verbesina alternifolia,True,Verbesina alternifolia,0.000000,False,False,,False
Verbesina_alternifolia_1.jpg,Verbesina alternifolia,True,C-m0.06,0.060000,Verbesina alternifolia,True,Verbesina alternifolia,0.000000,False,False,,False
Verbesina_alternifolia_1.jpg,Verbesina alternifolia,True,C-m0.08,0.080000,Verbesina alternifolia,True,Verbesina alternifolia,0.000000,False,False,,False
Verbesina_alternifolia_1.jpg,Verbesina alternifolia,True,C-m0.1,0.100000,Verbesina alternifolia,True,Verbesina alternifolia,0.000000,False,False,,False
Verbesina_alternifolia_1.jpg,Verbesina alternifolia,True,C-m*raw,0.047722,Verbesina alternifolia,True,Verbesina alternifolia,0.000000,False,False,,False
Verbesina_alternifolia_1.jpg,Verbesina alternifolia,True,C-m*hazard,0.047722,Verbesina alternifolia,True,Verbesina alternifolia,0.000000,False,False,,False
Verbesina_alternifolia_2.jpg,Verbesina alternifolia,True,A,0.000000,Erechtites hieraciifolius,False,,inf,False,True,Erechtites hieraciifolius,False
Verbesina_alternifolia_2.jpg,Verbesina alternifolia,True,C,0.000000,Verbesina alternifolia,True,Verbesina alternifolia,0.000000,False,False,,False
Verbesina_alternifolia_2.jpg,Verbesina alternifolia,True,C-m0.01,0.010000,Verbesina alternifolia,True,Verbesina alternifolia,0.000000,False,False,,False
Verbesina_alternifolia_2.jpg,Verbesina alternifolia,True,C-m0.02,0.020000,Verbesina alternifolia,True,Verbesina alternifolia,0.000000,False,False,,False
Verbesina_alternifolia_2.jpg,Verbesina alternifolia,True,C-m0.03,0.030000,Verbesina alternifolia,True,Verbesina alternifolia,0.000000,False,False,,False
Verbesina_alternifolia_2.jpg,Verbesina alternifolia,True,C-m0.04,0.040000,Verbesina alternifolia,True,Verbesina alternifolia,0.000000,False,False,,False
Verbesina_alternifolia_2.jpg,Verbesina alternifolia,True,C-m0.048,0.048000,Verbesina alternifolia,True,Verbesina alternifolia,0.000000,False,False,,False
Verbesina_alternifolia_2.jpg,Verbesina alternifolia,True,C-m0.05,0.050000,Verbesina alternifolia,True,Verbesina alternifolia,0.000000,False,False,,False
Verbesina_alternifolia_2.jpg,Verbesina alternifolia,True,C-m0.06,0.060000,Verbesina alternifolia,True,Verbesina alternifolia,0.000000,False,False,,False
Verbesina_alternifolia_2.jpg,Verbesina alternifolia,True,C-m0.08,0.080000,Verbesina alternifolia,True,Verbesina alternifolia,0.000000,False,False,,False
Verbesina_alternifolia_2.jpg,Verbesina alternifolia,True,C-m0.1,0.100000,Verbesina alternifolia,True,Verbesina alternifolia,0.000000,False,False,,False
Verbesina_alternifolia_2.jpg,Verbesina alternifolia,True,C-m*raw,0.047722,Verbesina alternifolia,True,Verbesina alternifolia,0.000000,False,False,,False
Verbesina_alternifolia_2.jpg,Verbesina alternifolia,True,C-m*hazard,0.047722,Verbesina alternifolia,True,Verbesina alternifolia,0.000000,False,False,,False
Lycoris_radiata_0.jpg,Lycoris radiata,True,A,0.000000,Albizia julibrissin,False,,inf,False,True,Albizia julibrissin,False
Lycoris_radiata_0.jpg,Lycoris radiata,True,C,0.000000,Lycoris radiata,True,Lycoris radiata,0.000000,False,False,,False
Lycoris_radiata_0.jpg,Lycoris radiata,True,C-m0.01,0.010000,Lycoris radiata,True,Lycoris radiata,0.000000,False,False,,False
Lycoris_radiata_0.jpg,Lycoris radiata,True,C-m0.02,0.020000,Lycoris radiata,True,Lycoris radiata,0.000000,False,False,,False
Lycoris_radiata_0.jpg,Lycoris radiata,True,C-m0.03,0.030000,Lycoris radiata,True,Lycoris radiata,0.000000,False,False,,False
Lycoris_radiata_0.jpg,Lycoris radiata,True,C-m0.04,0.040000,Lycoris radiata,True,Lycoris radiata,0.000000,False,False,,False
Lycoris_radiata_0.jpg,Lycoris radiata,True,C-m0.048,0.048000,Lycoris radiata,True,Lycoris radiata,0.000000,False,False,,False
Lycoris_radiata_0.jpg,Lycoris radiata,True,C-m0.05,0.050000,Lycoris radiata,True,Lycoris radiata,0.000000,False,False,,False
Lycoris_radiata_0.jpg,Lycoris radiata,True,C-m0.06,0.060000,Lycoris radiata,True,Lycoris radiata,0.000000,False,False,,False
Lycoris_radiata_0.jpg,Lycoris radiata,True,C-m0.08,0.080000,Lycoris radiata,True,Lycoris radiata,0.000000,False,False,,False
Lycoris_radiata_0.jpg,Lycoris radiata,True,C-m0.1,0.100000,Lycoris radiata,True,Lycoris radiata,0.000000,False,False,,False
Lycoris_radiata_0.jpg,Lycoris radiata,True,C-m*raw,0.047722,Lycoris radiata,True,Lycoris radiata,0.000000,False,False,,False
Lycoris_radiata_0.jpg,Lycoris radiata,True,C-m*hazard,0.047722,Lycoris radiata,True,Lycoris radiata,0.000000,False,False,,False
Lycoris_radiata_1.jpg,Lycoris radiata,True,A,0.000000,Albizia julibrissin,False,,inf,False,True,Albizia julibrissin,False
Lycoris_radiata_1.jpg,Lycoris radiata,True,C,0.000000,Lycoris radiata,True,Lycoris radiata,0.000000,False,False,,False
Lycoris_radiata_1.jpg,Lycoris radiata,True,C-m0.01,0.010000,Lycoris radiata,True,Lycoris radiata,0.000000,False,False,,False
Lycoris_radiata_1.jpg,Lycoris radiata,True,C-m0.02,0.020000,Lycoris radiata,True,Lycoris radiata,0.000000,False,False,,False
Lycoris_radiata_1.jpg,Lycoris radiata,True,C-m0.03,0.030000,Lycoris radiata,True,Lycoris radiata,0.000000,False,False,,False
Lycoris_radiata_1.jpg,Lycoris radiata,True,C-m0.04,0.040000,Lycoris radiata,True,Lycoris radiata,0.000000,False,False,,False
Lycoris_radiata_1.jpg,Lycoris radiata,True,C-m0.048,0.048000,Lycoris radiata,True,Lycoris radiata,0.000000,False,False,,False
Lycoris_radiata_1.jpg,Lycoris radiata,True,C-m0.05,0.050000,Lycoris radiata,True,Lycoris radiata,0.000000,False,False,,False
Lycoris_radiata_1.jpg,Lycoris radiata,True,C-m0.06,0.060000,Lycoris radiata,True,Lycoris radiata,0.000000,False,False,,False
Lycoris_radiata_1.jpg,Lycoris radiata,True,C-m0.08,0.080000,Lycoris radiata,True,Lycoris radiata,0.000000,False,False,,False
Lycoris_radiata_1.jpg,Lycoris radiata,True,C-m0.1,0.100000,Lycoris radiata,True,Lycoris radiata,0.000000,False,False,,False
Lycoris_radiata_1.jpg,Lycoris radiata,True,C-m*raw,0.047722,Lycoris radiata,True,Lycoris radiata,0.000000,False,False,,False
Lycoris_radiata_1.jpg,Lycoris radiata,True,C-m*hazard,0.047722,Lycoris radiata,True,Lycoris radiata,0.000000,False,False,,False
Lycoris_radiata_2.jpg,Lycoris radiata,True,A,0.000000,Albizia julibrissin,False,,inf,False,True,Albizia julibrissin,False
Lycoris_radiata_2.jpg,Lycoris radiata,True,C,0.000000,Lycoris radiata,True,Lycoris radiata,0.000000,False,False,,False
Lycoris_radiata_2.jpg,Lycoris radiata,True,C-m0.01,0.010000,Lycoris radiata,True,Lycoris radiata,0.000000,False,False,,False
Lycoris_radiata_2.jpg,Lycoris radiata,True,C-m0.02,0.020000,Lycoris radiata,True,Lycoris radiata,0.000000,False,False,,False
Lycoris_radiata_2.jpg,Lycoris radiata,True,C-m0.03,0.030000,Lycoris radiata,True,Lycoris radiata,0.000000,False,False,,False
Lycoris_radiata_2.jpg,Lycoris radiata,True,C-m0.04,0.040000,Lycoris radiata,True,Lycoris radiata,0.000000,False,False,,False
Lycoris_radiata_2.jpg,Lycoris radiata,True,C-m0.048,0.048000,Lycoris radiata,True,Lycoris radiata,0.000000,False,False,,False
Lycoris_radiata_2.jpg,Lycoris radiata,True,C-m0.05,0.050000,Lycoris radiata,True,Lycoris radiata,0.000000,False,False,,False
Lycoris_radiata_2.jpg,Lycoris radiata,True,C-m0.06,0.060000,Lycoris radiata,True,Lycoris radiata,0.000000,False,False,,False
Lycoris_radiata_2.jpg,Lycoris radiata,True,C-m0.08,0.080000,Lycoris radiata,True,Lycoris radiata,0.000000,False,False,,False
Lycoris_radiata_2.jpg,Lycoris radiata,True,C-m0.1,0.100000,Lycoris radiata,True,Lycoris radiata,0.000000,False,False,,False
Lycoris_radiata_2.jpg,Lycoris radiata,True,C-m*raw,0.047722,Lycoris radiata,True,Lycoris radiata,0.000000,False,False,,False
Lycoris_radiata_2.jpg,Lycoris radiata,True,C-m*hazard,0.047722,Lycoris radiata,True,Lycoris radiata,0.000000,False,False,,False
Campsis_radicans_0.jpg,Campsis radicans,True,A,0.000000,Ampelopsis glandulosa,False,,inf,False,True,Ampelopsis glandulosa,False
Campsis_radicans_0.jpg,Campsis radicans,True,C,0.000000,Campsis radicans,True,Campsis radicans,0.000000,False,False,,False
Campsis_radicans_0.jpg,Campsis radicans,True,C-m0.01,0.010000,Campsis radicans,True,Campsis radicans,0.000000,False,False,,False
Campsis_radicans_0.jpg,Campsis radicans,True,C-m0.02,0.020000,Campsis radicans,True,Campsis radicans,0.000000,False,False,,False
Campsis_radicans_0.jpg,Campsis radicans,True,C-m0.03,0.030000,Campsis radicans,True,Campsis radicans,0.000000,False,False,,False
Campsis_radicans_0.jpg,Campsis radicans,True,C-m0.04,0.040000,Campsis radicans,True,Campsis radicans,0.000000,False,False,,False
Campsis_radicans_0.jpg,Campsis radicans,True,C-m0.048,0.048000,Campsis radicans,True,Campsis radicans,0.000000,False,False,,False
Campsis_radicans_0.jpg,Campsis radicans,True,C-m0.05,0.050000,Campsis radicans,True,Campsis radicans,0.000000,False,False,,False
Campsis_radicans_0.jpg,Campsis radicans,True,C-m0.06,0.060000,Campsis radicans,True,Campsis radicans,0.000000,False,False,,False
Campsis_radicans_0.jpg,Campsis radicans,True,C-m0.08,0.080000,Campsis radicans,True,Campsis radicans,0.000000,False,False,,False
Campsis_radicans_0.jpg,Campsis radicans,True,C-m0.1,0.100000,Campsis radicans,True,Campsis radicans,0.000000,False,False,,False
Campsis_radicans_0.jpg,Campsis radicans,True,C-m*raw,0.047722,Campsis radicans,True,Campsis radicans,0.000000,False,False,,False
Campsis_radicans_0.jpg,Campsis radicans,True,C-m*hazard,0.047722,Campsis radicans,True,Campsis radicans,0.000000,False,False,,False
Campsis_radicans_1.jpg,Campsis radicans,True,A,0.000000,Albizia julibrissin,False,,inf,False,True,Albizia julibrissin,False
Campsis_radicans_1.jpg,Campsis radicans,True,C,0.000000,Campsis radicans,True,Campsis radicans,0.000000,False,False,,False
Campsis_radicans_1.jpg,Campsis radicans,True,C-m0.01,0.010000,Campsis radicans,True,Campsis radicans,0.000000,False,False,,False
Campsis_radicans_1.jpg,Campsis radicans,True,C-m0.02,0.020000,Campsis radicans,True,Campsis radicans,0.000000,False,False,,False
Campsis_radicans_1.jpg,Campsis radicans,True,C-m0.03,0.030000,Campsis radicans,True,Campsis radicans,0.000000,False,False,,False
Campsis_radicans_1.jpg,Campsis radicans,True,C-m0.04,0.040000,Campsis radicans,True,Campsis radicans,0.000000,False,False,,False
Campsis_radicans_1.jpg,Campsis radicans,True,C-m0.048,0.048000,Campsis radicans,True,Campsis radicans,0.000000,False,False,,False
Campsis_radicans_1.jpg,Campsis radicans,True,C-m0.05,0.050000,Campsis radicans,True,Campsis radicans,0.000000,False,False,,False
Campsis_radicans_1.jpg,Campsis radicans,True,C-m0.06,0.060000,Campsis radicans,True,Campsis radicans,0.000000,False,False,,False
Campsis_radicans_1.jpg,Campsis radicans,True,C-m0.08,0.080000,Campsis radicans,True,Campsis radicans,0.000000,False,False,,False
Campsis_radicans_1.jpg,Campsis radicans,True,C-m0.1,0.100000,Campsis radicans,True,Campsis radicans,0.000000,False,False,,False
Campsis_radicans_1.jpg,Campsis radicans,True,C-m*raw,0.047722,Campsis radicans,True,Campsis radicans,0.000000,False,False,,False
Campsis_radicans_1.jpg,Campsis radicans,True,C-m*hazard,0.047722,Campsis radicans,True,Campsis radicans,0.000000,False,False,,False
Campsis_radicans_2.jpg,Campsis radicans,True,A,0.000000,Ampelopsis glandulosa,False,,inf,False,True,Ampelopsis glandulosa,False
Campsis_radicans_2.jpg,Campsis radicans,True,C,0.000000,Campsis radicans,True,Campsis radicans,0.000000,False,False,,False
Campsis_radicans_2.jpg,Campsis radicans,True,C-m0.01,0.010000,Campsis radicans,True,Campsis radicans,0.000000,False,False,,False
Campsis_radicans_2.jpg,Campsis radicans,True,C-m0.02,0.020000,Campsis radicans,True,Campsis radicans,0.000000,False,False,,False
Campsis_radicans_2.jpg,Campsis radicans,True,C-m0.03,0.030000,Campsis radicans,True,Campsis radicans,0.000000,False,False,,False
Campsis_radicans_2.jpg,Campsis radicans,True,C-m0.04,0.040000,Campsis radicans,True,Campsis radicans,0.000000,False,False,,False
Campsis_radicans_2.jpg,Campsis radicans,True,C-m0.048,0.048000,Campsis radicans,True,Campsis radicans,0.000000,False,False,,False
Campsis_radicans_2.jpg,Campsis radicans,True,C-m0.05,0.050000,Campsis radicans,True,Campsis radicans,0.000000,False,False,,False
Campsis_radicans_2.jpg,Campsis radicans,True,C-m0.06,0.060000,Campsis radicans,True,Campsis radicans,0.000000,False,False,,False
Campsis_radicans_2.jpg,Campsis radicans,True,C-m0.08,0.080000,Campsis radicans,True,Campsis radicans,0.000000,False,False,,False
Campsis_radicans_2.jpg,Campsis radicans,True,C-m0.1,0.100000,Campsis radicans,True,Campsis radicans,0.000000,False,False,,False
Campsis_radicans_2.jpg,Campsis radicans,True,C-m*raw,0.047722,Campsis radicans,True,Campsis radicans,0.000000,False,False,,False
Campsis_radicans_2.jpg,Campsis radicans,True,C-m*hazard,0.047722,Campsis radicans,True,Campsis radicans,0.000000,False,False,,False
Glechoma_hederacea_0.jpg,Glechoma hederacea,True,A,0.000000,Ampelopsis glandulosa,False,,inf,False,True,Ampelopsis glandulosa,False
Glechoma_hederacea_0.jpg,Glechoma hederacea,True,C,0.000000,Glechoma hederacea,True,Glechoma hederacea,0.000000,False,False,,False
Glechoma_hederacea_0.jpg,Glechoma hederacea,True,C-m0.01,0.010000,Glechoma hederacea,True,Glechoma hederacea,0.000000,False,False,,False
Glechoma_hederacea_0.jpg,Glechoma hederacea,True,C-m0.02,0.020000,Glechoma hederacea,True,Glechoma hederacea,0.000000,False,False,,False
Glechoma_hederacea_0.jpg,Glechoma hederacea,True,C-m0.03,0.030000,Glechoma hederacea,True,Glechoma hederacea,0.000000,False,False,,False
Glechoma_hederacea_0.jpg,Glechoma hederacea,True,C-m0.04,0.040000,Glechoma hederacea,True,Glechoma hederacea,0.000000,False,False,,False
Glechoma_hederacea_0.jpg,Glechoma hederacea,True,C-m0.048,0.048000,Glechoma hederacea,True,Glechoma hederacea,0.000000,False,False,,False
Glechoma_hederacea_0.jpg,Glechoma hederacea,True,C-m0.05,0.050000,Glechoma hederacea,True,Glechoma hederacea,0.000000,False,False,,False
Glechoma_hederacea_0.jpg,Glechoma hederacea,True,C-m0.06,0.060000,Glechoma hederacea,True,Glechoma hederacea,0.000000,False,False,,False
Glechoma_hederacea_0.jpg,Glechoma hederacea,True,C-m0.08,0.080000,Glechoma hederacea,True,Glechoma hederacea,0.000000,False,False,,False
Glechoma_hederacea_0.jpg,Glechoma hederacea,True,C-m0.1,0.100000,Glechoma hederacea,True,Glechoma hederacea,0.000000,False,False,,False
Glechoma_hederacea_0.jpg,Glechoma hederacea,True,C-m*raw,0.047722,Glechoma hederacea,True,Glechoma hederacea,0.000000,False,False,,False
Glechoma_hederacea_0.jpg,Glechoma hederacea,True,C-m*hazard,0.047722,Glechoma hederacea,True,Glechoma hederacea,0.000000,False,False,,False
Glechoma_hederacea_1.jpg,Glechoma hederacea,True,A,0.000000,Conoclinium coelestinum,False,,inf,False,True,Conoclinium coelestinum,False
Glechoma_hederacea_1.jpg,Glechoma hederacea,True,C,0.000000,Glechoma hederacea,True,Glechoma hederacea,0.000000,False,False,,False
Glechoma_hederacea_1.jpg,Glechoma hederacea,True,C-m0.01,0.010000,Glechoma hederacea,True,Glechoma hederacea,0.000000,False,False,,False
Glechoma_hederacea_1.jpg,Glechoma hederacea,True,C-m0.02,0.020000,Glechoma hederacea,True,Glechoma hederacea,0.000000,False,False,,False
Glechoma_hederacea_1.jpg,Glechoma hederacea,True,C-m0.03,0.030000,Glechoma hederacea,True,Glechoma hederacea,0.000000,False,False,,False
Glechoma_hederacea_1.jpg,Glechoma hederacea,True,C-m0.04,0.040000,Glechoma hederacea,True,Glechoma hederacea,0.000000,False,False,,False
Glechoma_hederacea_1.jpg,Glechoma hederacea,True,C-m0.048,0.048000,Glechoma hederacea,True,Glechoma hederacea,0.000000,False,False,,False
Glechoma_hederacea_1.jpg,Glechoma hederacea,True,C-m0.05,0.050000,Glechoma hederacea,True,Glechoma hederacea,0.000000,False,False,,False
Glechoma_hederacea_1.jpg,Glechoma hederacea,True,C-m0.06,0.060000,Glechoma hederacea,True,Glechoma hederacea,0.000000,False,False,,False
Glechoma_hederacea_1.jpg,Glechoma hederacea,True,C-m0.08,0.080000,Glechoma hederacea,True,Glechoma hederacea,0.000000,False,False,,False
Glechoma_hederacea_1.jpg,Glechoma hederacea,True,C-m0.1,0.100000,Glechoma hederacea,True,Glechoma hederacea,0.000000,False,False,,False
Glechoma_hederacea_1.jpg,Glechoma hederacea,True,C-m*raw,0.047722,Glechoma hederacea,True,Glechoma hederacea,0.000000,False,False,,False
Glechoma_hederacea_1.jpg,Glechoma hederacea,True,C-m*hazard,0.047722,Glechoma hederacea,True,Glechoma hederacea,0.000000,False,False,,False
Glechoma_hederacea_2.jpg,Glechoma hederacea,True,A,0.000000,Ampelopsis glandulosa,False,,inf,False,True,Ampelopsis glandulosa,False
Glechoma_hederacea_2.jpg,Glechoma hederacea,True,C,0.000000,Glechoma hederacea,True,Glechoma hederacea,0.000000,False,False,,False
Glechoma_hederacea_2.jpg,Glechoma hederacea,True,C-m0.01,0.010000,Glechoma hederacea,True,Glechoma hederacea,0.000000,False,False,,False
Glechoma_hederacea_2.jpg,Glechoma hederacea,True,C-m0.02,0.020000,Glechoma hederacea,True,Glechoma hederacea,0.000000,False,False,,False
Glechoma_hederacea_2.jpg,Glechoma hederacea,True,C-m0.03,0.030000,Glechoma hederacea,True,Glechoma hederacea,0.000000,False,False,,False
Glechoma_hederacea_2.jpg,Glechoma hederacea,True,C-m0.04,0.040000,Glechoma hederacea,True,Glechoma hederacea,0.000000,False,False,,False
Glechoma_hederacea_2.jpg,Glechoma hederacea,True,C-m0.048,0.048000,Glechoma hederacea,True,Glechoma hederacea,0.000000,False,False,,False
Glechoma_hederacea_2.jpg,Glechoma hederacea,True,C-m0.05,0.050000,Glechoma hederacea,True,Glechoma hederacea,0.000000,False,False,,False
Glechoma_hederacea_2.jpg,Glechoma hederacea,True,C-m0.06,0.060000,Glechoma hederacea,True,Glechoma hederacea,0.000000,False,False,,False
Glechoma_hederacea_2.jpg,Glechoma hederacea,True,C-m0.08,0.080000,Glechoma hederacea,True,Glechoma hederacea,0.000000,False,False,,False
Glechoma_hederacea_2.jpg,Glechoma hederacea,True,C-m0.1,0.100000,Glechoma hederacea,True,Glechoma hederacea,0.000000,False,False,,False
Glechoma_hederacea_2.jpg,Glechoma hederacea,True,C-m*raw,0.047722,Glechoma hederacea,True,Glechoma hederacea,0.000000,False,False,,False
Glechoma_hederacea_2.jpg,Glechoma hederacea,True,C-m*hazard,0.047722,Glechoma hederacea,True,Glechoma hederacea,0.000000,False,False,,False
Persicaria_sagittata_0.jpg,Persicaria sagittata,True,A,0.000000,Pueraria montana,False,,inf,False,True,Pueraria montana,False
Persicaria_sagittata_0.jpg,Persicaria sagittata,True,C,0.000000,Ipomoea triloba,True,Ipomoea triloba,0.000000,False,False,,False
Persicaria_sagittata_0.jpg,Persicaria sagittata,True,C-m0.01,0.010000,Ipomoea triloba,True,Ipomoea triloba,0.000000,False,False,,False
Persicaria_sagittata_0.jpg,Persicaria sagittata,True,C-m0.02,0.020000,Ipomoea triloba,True,Ipomoea triloba,0.000000,False,False,,False
Persicaria_sagittata_0.jpg,Persicaria sagittata,True,C-m0.03,0.030000,Ipomoea triloba,True,Ipomoea triloba,0.000000,False,False,,False
Persicaria_sagittata_0.jpg,Persicaria sagittata,True,C-m0.04,0.040000,Ipomoea triloba,True,Ipomoea triloba,0.000000,False,False,,False
Persicaria_sagittata_0.jpg,Persicaria sagittata,True,C-m0.048,0.048000,Ipomoea triloba,True,Ipomoea triloba,0.000000,False,False,,False
Persicaria_sagittata_0.jpg,Persicaria sagittata,True,C-m0.05,0.050000,Ipomoea triloba,True,Ipomoea triloba,0.000000,False,False,,False
Persicaria_sagittata_0.jpg,Persicaria sagittata,True,C-m0.06,0.060000,Ipomoea triloba,True,Ipomoea triloba,0.000000,False,False,,False
Persicaria_sagittata_0.jpg,Persicaria sagittata,True,C-m0.08,0.080000,Ipomoea triloba,True,Ipomoea triloba,0.000000,False,False,,False
Persicaria_sagittata_0.jpg,Persicaria sagittata,True,C-m0.1,0.100000,Ipomoea triloba,True,Ipomoea triloba,0.000000,False,False,,False
Persicaria_sagittata_0.jpg,Persicaria sagittata,True,C-m*raw,0.047722,Ipomoea triloba,True,Ipomoea triloba,0.000000,False,False,,False
Persicaria_sagittata_0.jpg,Persicaria sagittata,True,C-m*hazard,0.047722,Ipomoea triloba,True,Ipomoea triloba,0.000000,False,False,,False
Persicaria_sagittata_1.jpg,Persicaria sagittata,True,A,0.000000,Conoclinium coelestinum,False,,inf,False,True,Conoclinium coelestinum,False
Persicaria_sagittata_1.jpg,Persicaria sagittata,True,C,0.000000,Persicaria sagittata,True,Persicaria sagittata,0.000000,False,False,,False
Persicaria_sagittata_1.jpg,Persicaria sagittata,True,C-m0.01,0.010000,Persicaria sagittata,True,Persicaria sagittata,0.000000,False,False,,False
Persicaria_sagittata_1.jpg,Persicaria sagittata,True,C-m0.02,0.020000,Persicaria sagittata,True,Persicaria sagittata,0.000000,False,False,,False
Persicaria_sagittata_1.jpg,Persicaria sagittata,True,C-m0.03,0.030000,Persicaria sagittata,True,Persicaria sagittata,0.000000,False,False,,False
Persicaria_sagittata_1.jpg,Persicaria sagittata,True,C-m0.04,0.040000,Persicaria sagittata,True,Persicaria sagittata,0.000000,False,False,,False
Persicaria_sagittata_1.jpg,Persicaria sagittata,True,C-m0.048,0.048000,Persicaria sagittata,True,Persicaria sagittata,0.000000,False,False,,False
Persicaria_sagittata_1.jpg,Persicaria sagittata,True,C-m0.05,0.050000,Persicaria sagittata,True,Persicaria sagittata,0.000000,False,False,,False
Persicaria_sagittata_1.jpg,Persicaria sagittata,True,C-m0.06,0.060000,Persicaria sagittata,True,Persicaria sagittata,0.000000,False,False,,False
Persicaria_sagittata_1.jpg,Persicaria sagittata,True,C-m0.08,0.080000,Persicaria sagittata,True,Persicaria sagittata,0.000000,False,False,,False
Persicaria_sagittata_1.jpg,Persicaria sagittata,True,C-m0.1,0.100000,Persicaria sagittata,True,Persicaria sagittata,0.000000,False,False,,False
Persicaria_sagittata_1.jpg,Persicaria sagittata,True,C-m*raw,0.047722,Persicaria sagittata,True,Persicaria sagittata,0.000000,False,False,,False
Persicaria_sagittata_1.jpg,Persicaria sagittata,True,C-m*hazard,0.047722,Persicaria sagittata,True,Persicaria sagittata,0.000000,False,False,,False
Persicaria_sagittata_2.jpg,Persicaria sagittata,True,A,0.000000,Conoclinium coelestinum,False,,inf,False,True,Conoclinium coelestinum,False
Persicaria_sagittata_2.jpg,Persicaria sagittata,True,C,0.000000,Persicaria sagittata,True,Persicaria sagittata,0.000000,False,False,,False
Persicaria_sagittata_2.jpg,Persicaria sagittata,True,C-m0.01,0.010000,Persicaria sagittata,True,Persicaria sagittata,0.000000,False,False,,False
Persicaria_sagittata_2.jpg,Persicaria sagittata,True,C-m0.02,0.020000,Persicaria sagittata,True,Persicaria sagittata,0.000000,False,False,,False
Persicaria_sagittata_2.jpg,Persicaria sagittata,True,C-m0.03,0.030000,Persicaria sagittata,True,Persicaria sagittata,0.000000,False,False,,False
Persicaria_sagittata_2.jpg,Persicaria sagittata,True,C-m0.04,0.040000,Persicaria sagittata,True,Persicaria sagittata,0.000000,False,False,,False
Persicaria_sagittata_2.jpg,Persicaria sagittata,True,C-m0.048,0.048000,Persicaria sagittata,True,Persicaria sagittata,0.000000,False,False,,False
Persicaria_sagittata_2.jpg,Persicaria sagittata,True,C-m0.05,0.050000,Persicaria sagittata,True,Persicaria sagittata,0.000000,False,False,,False
Persicaria_sagittata_2.jpg,Persicaria sagittata,True,C-m0.06,0.060000,Persicaria sagittata,True,Persicaria sagittata,0.000000,False,False,,False
Persicaria_sagittata_2.jpg,Persicaria sagittata,True,C-m0.08,0.080000,Persicaria sagittata,True,Persicaria sagittata,0.000000,False,False,,False
Persicaria_sagittata_2.jpg,Persicaria sagittata,True,C-m0.1,0.100000,Persicaria sagittata,True,Persicaria sagittata,0.000000,False,False,,False
Persicaria_sagittata_2.jpg,Persicaria sagittata,True,C-m*raw,0.047722,Persicaria sagittata,True,Persicaria sagittata,0.000000,False,False,,False
Persicaria_sagittata_2.jpg,Persicaria sagittata,True,C-m*hazard,0.047722,Persicaria sagittata,True,Persicaria sagittata,0.000000,False,False,,False
Solidago_caesia_0.jpg,Solidago caesia,True,A,0.000000,Solidago altissima,False,,inf,False,True,Solidago altissima,False
Solidago_caesia_0.jpg,Solidago caesia,True,C,0.000000,Solidago caesia,True,Solidago caesia,0.000000,False,False,,False
Solidago_caesia_0.jpg,Solidago caesia,True,C-m0.01,0.010000,Solidago caesia,True,Solidago caesia,0.000000,False,False,,False
Solidago_caesia_0.jpg,Solidago caesia,True,C-m0.02,0.020000,Solidago caesia,True,Solidago caesia,0.000000,False,False,,False
Solidago_caesia_0.jpg,Solidago caesia,True,C-m0.03,0.030000,Solidago caesia,True,Solidago caesia,0.000000,False,False,,False
Solidago_caesia_0.jpg,Solidago caesia,True,C-m0.04,0.040000,Solidago caesia,True,Solidago caesia,0.000000,False,False,,False
Solidago_caesia_0.jpg,Solidago caesia,True,C-m0.048,0.048000,Solidago caesia,True,Solidago caesia,0.000000,False,False,,False
Solidago_caesia_0.jpg,Solidago caesia,True,C-m0.05,0.050000,Solidago caesia,True,Solidago caesia,0.000000,False,False,,False
Solidago_caesia_0.jpg,Solidago caesia,True,C-m0.06,0.060000,Solidago caesia,True,Solidago caesia,0.000000,False,False,,False
Solidago_caesia_0.jpg,Solidago caesia,True,C-m0.08,0.080000,Solidago caesia,True,Solidago caesia,0.000000,False,False,,False
Solidago_caesia_0.jpg,Solidago caesia,True,C-m0.1,0.100000,Solidago caesia,True,Solidago caesia,0.000000,False,False,,False
Solidago_caesia_0.jpg,Solidago caesia,True,C-m*raw,0.047722,Solidago caesia,True,Solidago caesia,0.000000,False,False,,False
Solidago_caesia_0.jpg,Solidago caesia,True,C-m*hazard,0.047722,Solidago caesia,True,Solidago caesia,0.000000,False,False,,False
Solidago_caesia_1.jpg,Solidago caesia,True,A,0.000000,Polystichum acrostichoides,False,,inf,False,True,Polystichum acrostichoides,False
Solidago_caesia_1.jpg,Solidago caesia,True,C,0.000000,Solidago caesia,True,Solidago caesia,0.000000,False,False,,False
Solidago_caesia_1.jpg,Solidago caesia,True,C-m0.01,0.010000,Solidago caesia,True,Solidago caesia,0.000000,False,False,,False
Solidago_caesia_1.jpg,Solidago caesia,True,C-m0.02,0.020000,Solidago caesia,True,Solidago caesia,0.000000,False,False,,False
Solidago_caesia_1.jpg,Solidago caesia,True,C-m0.03,0.030000,Solidago caesia,True,Solidago caesia,0.000000,False,False,,False
Solidago_caesia_1.jpg,Solidago caesia,True,C-m0.04,0.040000,Solidago caesia,True,Solidago caesia,0.000000,False,False,,False
Solidago_caesia_1.jpg,Solidago caesia,True,C-m0.048,0.048000,Solidago caesia,True,Solidago caesia,0.000000,False,False,,False
Solidago_caesia_1.jpg,Solidago caesia,True,C-m0.05,0.050000,Solidago caesia,True,Solidago caesia,0.000000,False,False,,False
Solidago_caesia_1.jpg,Solidago caesia,True,C-m0.06,0.060000,Solidago caesia,True,Solidago caesia,0.000000,False,False,,False
Solidago_caesia_1.jpg,Solidago caesia,True,C-m0.08,0.080000,Solidago caesia,True,Solidago caesia,0.000000,False,False,,False
Solidago_caesia_1.jpg,Solidago caesia,True,C-m0.1,0.100000,Solidago caesia,True,Solidago caesia,0.000000,False,False,,False
Solidago_caesia_1.jpg,Solidago caesia,True,C-m*raw,0.047722,Solidago caesia,True,Solidago caesia,0.000000,False,False,,False
Solidago_caesia_1.jpg,Solidago caesia,True,C-m*hazard,0.047722,Solidago caesia,True,Solidago caesia,0.000000,False,False,,False
Solidago_caesia_2.jpg,Solidago caesia,True,A,0.000000,Solidago altissima,False,,inf,False,True,Solidago altissima,False
Solidago_caesia_2.jpg,Solidago caesia,True,C,0.000000,Solidago caesia,True,Solidago caesia,0.000000,False,False,,False
Solidago_caesia_2.jpg,Solidago caesia,True,C-m0.01,0.010000,Solidago caesia,True,Solidago caesia,0.000000,False,False,,False
Solidago_caesia_2.jpg,Solidago caesia,True,C-m0.02,0.020000,Solidago caesia,True,Solidago caesia,0.000000,False,False,,False
Solidago_caesia_2.jpg,Solidago caesia,True,C-m0.03,0.030000,Solidago caesia,True,Solidago caesia,0.000000,False,False,,False
Solidago_caesia_2.jpg,Solidago caesia,True,C-m0.04,0.040000,Solidago caesia,True,Solidago caesia,0.000000,False,False,,False
Solidago_caesia_2.jpg,Solidago caesia,True,C-m0.048,0.048000,Solidago caesia,True,Solidago caesia,0.000000,False,False,,False
Solidago_caesia_2.jpg,Solidago caesia,True,C-m0.05,0.050000,Solidago caesia,True,Solidago caesia,0.000000,False,False,,False
Solidago_caesia_2.jpg,Solidago caesia,True,C-m0.06,0.060000,Solidago caesia,True,Solidago caesia,0.000000,False,False,,False
Solidago_caesia_2.jpg,Solidago caesia,True,C-m0.08,0.080000,Solidago caesia,True,Solidago caesia,0.000000,False,False,,False
Solidago_caesia_2.jpg,Solidago caesia,True,C-m0.1,0.100000,Solidago caesia,True,Solidago caesia,0.000000,False,False,,False
Solidago_caesia_2.jpg,Solidago caesia,True,C-m*raw,0.047722,Solidago caesia,True,Solidago caesia,0.000000,False,False,,False
Solidago_caesia_2.jpg,Solidago caesia,True,C-m*hazard,0.047722,Solidago caesia,True,Solidago caesia,0.000000,False,False,,False
Melothria_pendula_0.jpg,Melothria pendula,True,A,0.000000,Vitis rotundifolia,False,,inf,False,True,Vitis rotundifolia,False
Melothria_pendula_0.jpg,Melothria pendula,True,C,0.000000,Melothria pendula,True,Melothria pendula,0.000000,False,False,,False
Melothria_pendula_0.jpg,Melothria pendula,True,C-m0.01,0.010000,Melothria pendula,True,Melothria pendula,0.000000,False,False,,False
Melothria_pendula_0.jpg,Melothria pendula,True,C-m0.02,0.020000,Melothria pendula,True,Melothria pendula,0.000000,False,False,,False
Melothria_pendula_0.jpg,Melothria pendula,True,C-m0.03,0.030000,Melothria pendula,True,Melothria pendula,0.000000,False,False,,False
Melothria_pendula_0.jpg,Melothria pendula,True,C-m0.04,0.040000,Melothria pendula,True,Melothria pendula,0.000000,False,False,,False
Melothria_pendula_0.jpg,Melothria pendula,True,C-m0.048,0.048000,Melothria pendula,True,Melothria pendula,0.000000,False,False,,False
Melothria_pendula_0.jpg,Melothria pendula,True,C-m0.05,0.050000,Melothria pendula,True,Melothria pendula,0.000000,False,False,,False
Melothria_pendula_0.jpg,Melothria pendula,True,C-m0.06,0.060000,Melothria pendula,True,Melothria pendula,0.000000,False,False,,False
Melothria_pendula_0.jpg,Melothria pendula,True,C-m0.08,0.080000,Melothria pendula,True,Melothria pendula,0.000000,False,False,,False
Melothria_pendula_0.jpg,Melothria pendula,True,C-m0.1,0.100000,Melothria pendula,True,Melothria pendula,0.000000,False,False,,False
Melothria_pendula_0.jpg,Melothria pendula,True,C-m*raw,0.047722,Melothria pendula,True,Melothria pendula,0.000000,False,False,,False
Melothria_pendula_0.jpg,Melothria pendula,True,C-m*hazard,0.047722,Melothria pendula,True,Melothria pendula,0.000000,False,False,,False
Melothria_pendula_1.jpg,Melothria pendula,True,A,0.000000,Vitis rotundifolia,False,,inf,False,True,Vitis rotundifolia,False
Melothria_pendula_1.jpg,Melothria pendula,True,C,0.000000,Melothria pendula,True,Melothria pendula,0.000000,False,False,,False
Melothria_pendula_1.jpg,Melothria pendula,True,C-m0.01,0.010000,Melothria pendula,True,Melothria pendula,0.000000,False,False,,False
Melothria_pendula_1.jpg,Melothria pendula,True,C-m0.02,0.020000,Melothria pendula,True,Melothria pendula,0.000000,False,False,,False
Melothria_pendula_1.jpg,Melothria pendula,True,C-m0.03,0.030000,Melothria pendula,True,Melothria pendula,0.000000,False,False,,False
Melothria_pendula_1.jpg,Melothria pendula,True,C-m0.04,0.040000,Melothria pendula,True,Melothria pendula,0.000000,False,False,,False
Melothria_pendula_1.jpg,Melothria pendula,True,C-m0.048,0.048000,Melothria pendula,True,Melothria pendula,0.000000,False,False,,False
Melothria_pendula_1.jpg,Melothria pendula,True,C-m0.05,0.050000,Melothria pendula,True,Melothria pendula,0.000000,False,False,,False
Melothria_pendula_1.jpg,Melothria pendula,True,C-m0.06,0.060000,Melothria pendula,True,Melothria pendula,0.000000,False,False,,False
Melothria_pendula_1.jpg,Melothria pendula,True,C-m0.08,0.080000,Melothria pendula,True,Melothria pendula,0.000000,False,False,,False
Melothria_pendula_1.jpg,Melothria pendula,True,C-m0.1,0.100000,Melothria pendula,True,Melothria pendula,0.000000,False,False,,False
Melothria_pendula_1.jpg,Melothria pendula,True,C-m*raw,0.047722,Melothria pendula,True,Melothria pendula,0.000000,False,False,,False
Melothria_pendula_1.jpg,Melothria pendula,True,C-m*hazard,0.047722,Melothria pendula,True,Melothria pendula,0.000000,False,False,,False
Melothria_pendula_2.jpg,Melothria pendula,True,A,0.000000,Vitis rotundifolia,False,,inf,False,True,Vitis rotundifolia,False
Melothria_pendula_2.jpg,Melothria pendula,True,C,0.000000,Melothria pendula,True,Melothria pendula,0.000000,False,False,,False
Melothria_pendula_2.jpg,Melothria pendula,True,C-m0.01,0.010000,Melothria pendula,True,Melothria pendula,0.000000,False,False,,False
Melothria_pendula_2.jpg,Melothria pendula,True,C-m0.02,0.020000,Melothria pendula,True,Melothria pendula,0.000000,False,False,,False
Melothria_pendula_2.jpg,Melothria pendula,True,C-m0.03,0.030000,Melothria pendula,True,Melothria pendula,0.000000,False,False,,False
Melothria_pendula_2.jpg,Melothria pendula,True,C-m0.04,0.040000,Melothria pendula,True,Melothria pendula,0.000000,False,False,,False
Melothria_pendula_2.jpg,Melothria pendula,True,C-m0.048,0.048000,Melothria pendula,True,Melothria pendula,0.000000,False,False,,False
Melothria_pendula_2.jpg,Melothria pendula,True,C-m0.05,0.050000,Melothria pendula,True,Melothria pendula,0.000000,False,False,,False
Melothria_pendula_2.jpg,Melothria pendula,True,C-m0.06,0.060000,Melothria pendula,True,Melothria pendula,0.000000,False,False,,False
Melothria_pendula_2.jpg,Melothria pendula,True,C-m0.08,0.080000,Melothria pendula,True,Melothria pendula,0.000000,False,False,,False
Melothria_pendula_2.jpg,Melothria pendula,True,C-m0.1,0.100000,Melothria pendula,True,Melothria pendula,0.000000,False,False,,False
Melothria_pendula_2.jpg,Melothria pendula,True,C-m*raw,0.047722,Melothria pendula,True,Melothria pendula,0.000000,False,False,,False
Melothria_pendula_2.jpg,Melothria pendula,True,C-m*hazard,0.047722,Melothria pendula,True,Melothria pendula,0.000000,False,False,,False
Jacquemontia_tamnifolia_0.jpg,Jacquemontia tamnifolia,True,A,0.000000,Conoclinium coelestinum,False,,inf,False,True,Conoclinium coelestinum,False
Jacquemontia_tamnifolia_0.jpg,Jacquemontia tamnifolia,True,C,0.000000,Jacquemontia tamnifolia,True,Jacquemontia tamnifolia,0.000000,False,False,,False
Jacquemontia_tamnifolia_0.jpg,Jacquemontia tamnifolia,True,C-m0.01,0.010000,Jacquemontia tamnifolia,True,Jacquemontia tamnifolia,0.000000,False,False,,False
Jacquemontia_tamnifolia_0.jpg,Jacquemontia tamnifolia,True,C-m0.02,0.020000,Jacquemontia tamnifolia,True,Jacquemontia tamnifolia,0.000000,False,False,,False
Jacquemontia_tamnifolia_0.jpg,Jacquemontia tamnifolia,True,C-m0.03,0.030000,Jacquemontia tamnifolia,True,Jacquemontia tamnifolia,0.000000,False,False,,False
Jacquemontia_tamnifolia_0.jpg,Jacquemontia tamnifolia,True,C-m0.04,0.040000,Jacquemontia tamnifolia,True,Jacquemontia tamnifolia,0.000000,False,False,,False
Jacquemontia_tamnifolia_0.jpg,Jacquemontia tamnifolia,True,C-m0.048,0.048000,Jacquemontia tamnifolia,True,Jacquemontia tamnifolia,0.000000,False,False,,False
Jacquemontia_tamnifolia_0.jpg,Jacquemontia tamnifolia,True,C-m0.05,0.050000,Jacquemontia tamnifolia,True,Jacquemontia tamnifolia,0.000000,False,False,,False
Jacquemontia_tamnifolia_0.jpg,Jacquemontia tamnifolia,True,C-m0.06,0.060000,Jacquemontia tamnifolia,True,Jacquemontia tamnifolia,0.000000,False,False,,False
Jacquemontia_tamnifolia_0.jpg,Jacquemontia tamnifolia,True,C-m0.08,0.080000,Jacquemontia tamnifolia,True,Jacquemontia tamnifolia,0.000000,False,False,,False
Jacquemontia_tamnifolia_0.jpg,Jacquemontia tamnifolia,True,C-m0.1,0.100000,Jacquemontia tamnifolia,True,Jacquemontia tamnifolia,0.000000,False,False,,False
Jacquemontia_tamnifolia_0.jpg,Jacquemontia tamnifolia,True,C-m*raw,0.047722,Jacquemontia tamnifolia,True,Jacquemontia tamnifolia,0.000000,False,False,,False
Jacquemontia_tamnifolia_0.jpg,Jacquemontia tamnifolia,True,C-m*hazard,0.047722,Jacquemontia tamnifolia,True,Jacquemontia tamnifolia,0.000000,False,False,,False
Jacquemontia_tamnifolia_1.jpg,Jacquemontia tamnifolia,True,A,0.000000,Conoclinium coelestinum,False,,inf,False,True,Conoclinium coelestinum,False
Jacquemontia_tamnifolia_1.jpg,Jacquemontia tamnifolia,True,C,0.000000,Jacquemontia tamnifolia,True,Jacquemontia tamnifolia,0.000000,False,False,,False
Jacquemontia_tamnifolia_1.jpg,Jacquemontia tamnifolia,True,C-m0.01,0.010000,Jacquemontia tamnifolia,True,Jacquemontia tamnifolia,0.000000,False,False,,False
Jacquemontia_tamnifolia_1.jpg,Jacquemontia tamnifolia,True,C-m0.02,0.020000,Jacquemontia tamnifolia,True,Jacquemontia tamnifolia,0.000000,False,False,,False
Jacquemontia_tamnifolia_1.jpg,Jacquemontia tamnifolia,True,C-m0.03,0.030000,Jacquemontia tamnifolia,True,Jacquemontia tamnifolia,0.000000,False,False,,False
Jacquemontia_tamnifolia_1.jpg,Jacquemontia tamnifolia,True,C-m0.04,0.040000,Jacquemontia tamnifolia,True,Jacquemontia tamnifolia,0.000000,False,False,,False
Jacquemontia_tamnifolia_1.jpg,Jacquemontia tamnifolia,True,C-m0.048,0.048000,Jacquemontia tamnifolia,True,Jacquemontia tamnifolia,0.000000,False,False,,False
Jacquemontia_tamnifolia_1.jpg,Jacquemontia tamnifolia,True,C-m0.05,0.050000,Jacquemontia tamnifolia,True,Jacquemontia tamnifolia,0.000000,False,False,,False
Jacquemontia_tamnifolia_1.jpg,Jacquemontia tamnifolia,True,C-m0.06,0.060000,Jacquemontia tamnifolia,True,Jacquemontia tamnifolia,0.000000,False,False,,False
Jacquemontia_tamnifolia_1.jpg,Jacquemontia tamnifolia,True,C-m0.08,0.080000,Jacquemontia tamnifolia,True,Jacquemontia tamnifolia,0.000000,False,False,,False
Jacquemontia_tamnifolia_1.jpg,Jacquemontia tamnifolia,True,C-m0.1,0.100000,Jacquemontia tamnifolia,True,Jacquemontia tamnifolia,0.000000,False,False,,False
Jacquemontia_tamnifolia_1.jpg,Jacquemontia tamnifolia,True,C-m*raw,0.047722,Jacquemontia tamnifolia,True,Jacquemontia tamnifolia,0.000000,False,False,,False
Jacquemontia_tamnifolia_1.jpg,Jacquemontia tamnifolia,True,C-m*hazard,0.047722,Jacquemontia tamnifolia,True,Jacquemontia tamnifolia,0.000000,False,False,,False
Jacquemontia_tamnifolia_2.jpg,Jacquemontia tamnifolia,True,A,0.000000,Conoclinium coelestinum,False,,inf,False,True,Conoclinium coelestinum,False
Jacquemontia_tamnifolia_2.jpg,Jacquemontia tamnifolia,True,C,0.000000,Jacquemontia tamnifolia,True,Jacquemontia tamnifolia,0.000000,False,False,,False
Jacquemontia_tamnifolia_2.jpg,Jacquemontia tamnifolia,True,C-m0.01,0.010000,Jacquemontia tamnifolia,True,Jacquemontia tamnifolia,0.000000,False,False,,False
Jacquemontia_tamnifolia_2.jpg,Jacquemontia tamnifolia,True,C-m0.02,0.020000,Jacquemontia tamnifolia,True,Jacquemontia tamnifolia,0.000000,False,False,,False
Jacquemontia_tamnifolia_2.jpg,Jacquemontia tamnifolia,True,C-m0.03,0.030000,Jacquemontia tamnifolia,True,Jacquemontia tamnifolia,0.000000,False,False,,False
Jacquemontia_tamnifolia_2.jpg,Jacquemontia tamnifolia,True,C-m0.04,0.040000,Jacquemontia tamnifolia,True,Jacquemontia tamnifolia,0.000000,False,False,,False
Jacquemontia_tamnifolia_2.jpg,Jacquemontia tamnifolia,True,C-m0.048,0.048000,Jacquemontia tamnifolia,True,Jacquemontia tamnifolia,0.000000,False,False,,False
Jacquemontia_tamnifolia_2.jpg,Jacquemontia tamnifolia,True,C-m0.05,0.050000,Jacquemontia tamnifolia,True,Jacquemontia tamnifolia,0.000000,False,False,,False
Jacquemontia_tamnifolia_2.jpg,Jacquemontia tamnifolia,True,C-m0.06,0.060000,Jacquemontia tamnifolia,True,Jacquemontia tamnifolia,0.000000,False,False,,False
Jacquemontia_tamnifolia_2.jpg,Jacquemontia tamnifolia,True,C-m0.08,0.080000,Jacquemontia tamnifolia,True,Jacquemontia tamnifolia,0.000000,False,False,,False
Jacquemontia_tamnifolia_2.jpg,Jacquemontia tamnifolia,True,C-m0.1,0.100000,Jacquemontia tamnifolia,True,Jacquemontia tamnifolia,0.000000,False,False,,False
Jacquemontia_tamnifolia_2.jpg,Jacquemontia tamnifolia,True,C-m*raw,0.047722,Jacquemontia tamnifolia,True,Jacquemontia tamnifolia,0.000000,False,False,,False
Jacquemontia_tamnifolia_2.jpg,Jacquemontia tamnifolia,True,C-m*hazard,0.047722,Jacquemontia tamnifolia,True,Jacquemontia tamnifolia,0.000000,False,False,,False
Rudbeckia_laciniata_0.jpg,Rudbeckia laciniata,True,A,0.000000,Solidago altissima,False,,inf,False,True,Solidago altissima,False
Rudbeckia_laciniata_0.jpg,Rudbeckia laciniata,True,C,0.000000,Rudbeckia laciniata,True,Rudbeckia laciniata,0.000000,False,False,,False
Rudbeckia_laciniata_0.jpg,Rudbeckia laciniata,True,C-m0.01,0.010000,Rudbeckia laciniata,True,Rudbeckia laciniata,0.000000,False,False,,False
Rudbeckia_laciniata_0.jpg,Rudbeckia laciniata,True,C-m0.02,0.020000,Rudbeckia laciniata,True,Rudbeckia laciniata,0.000000,False,False,,False
Rudbeckia_laciniata_0.jpg,Rudbeckia laciniata,True,C-m0.03,0.030000,Rudbeckia laciniata,True,Rudbeckia laciniata,0.000000,False,False,,False
Rudbeckia_laciniata_0.jpg,Rudbeckia laciniata,True,C-m0.04,0.040000,Rudbeckia laciniata,True,Rudbeckia laciniata,0.000000,False,False,,False
Rudbeckia_laciniata_0.jpg,Rudbeckia laciniata,True,C-m0.048,0.048000,Rudbeckia laciniata,True,Rudbeckia laciniata,0.000000,False,False,,False
Rudbeckia_laciniata_0.jpg,Rudbeckia laciniata,True,C-m0.05,0.050000,Rudbeckia laciniata,True,Rudbeckia laciniata,0.000000,False,False,,False
Rudbeckia_laciniata_0.jpg,Rudbeckia laciniata,True,C-m0.06,0.060000,Rudbeckia laciniata,True,Rudbeckia laciniata,0.000000,False,False,,False
Rudbeckia_laciniata_0.jpg,Rudbeckia laciniata,True,C-m0.08,0.080000,Rudbeckia laciniata,True,Rudbeckia laciniata,0.000000,False,False,,False
Rudbeckia_laciniata_0.jpg,Rudbeckia laciniata,True,C-m0.1,0.100000,Rudbeckia laciniata,True,Rudbeckia laciniata,0.000000,False,False,,False
Rudbeckia_laciniata_0.jpg,Rudbeckia laciniata,True,C-m*raw,0.047722,Rudbeckia laciniata,True,Rudbeckia laciniata,0.000000,False,False,,False
Rudbeckia_laciniata_0.jpg,Rudbeckia laciniata,True,C-m*hazard,0.047722,Rudbeckia laciniata,True,Rudbeckia laciniata,0.000000,False,False,,False
Rudbeckia_laciniata_1.jpg,Rudbeckia laciniata,True,A,0.000000,Pueraria montana,False,,inf,False,True,Pueraria montana,False
Rudbeckia_laciniata_1.jpg,Rudbeckia laciniata,True,C,0.000000,Cryptotaenia canadensis,True,Cryptotaenia canadensis,0.000000,False,False,,False
Rudbeckia_laciniata_1.jpg,Rudbeckia laciniata,True,C-m0.01,0.010000,Cryptotaenia canadensis,True,Cryptotaenia canadensis,0.000000,False,False,,False
Rudbeckia_laciniata_1.jpg,Rudbeckia laciniata,True,C-m0.02,0.020000,Cryptotaenia canadensis,True,Cryptotaenia canadensis,0.000000,False,False,,False
Rudbeckia_laciniata_1.jpg,Rudbeckia laciniata,True,C-m0.03,0.030000,Cryptotaenia canadensis,True,Cryptotaenia canadensis,0.000000,False,False,,False
Rudbeckia_laciniata_1.jpg,Rudbeckia laciniata,True,C-m0.04,0.040000,Cryptotaenia canadensis,True,Cryptotaenia canadensis,0.000000,False,False,,False
Rudbeckia_laciniata_1.jpg,Rudbeckia laciniata,True,C-m0.048,0.048000,Cryptotaenia canadensis,True,Cryptotaenia canadensis,0.000000,False,False,,False
Rudbeckia_laciniata_1.jpg,Rudbeckia laciniata,True,C-m0.05,0.050000,Cryptotaenia canadensis,True,Cryptotaenia canadensis,0.000000,False,False,,False
Rudbeckia_laciniata_1.jpg,Rudbeckia laciniata,True,C-m0.06,0.060000,Cryptotaenia canadensis,True,Cryptotaenia canadensis,0.000000,False,False,,False
Rudbeckia_laciniata_1.jpg,Rudbeckia laciniata,True,C-m0.08,0.080000,Cryptotaenia canadensis,True,Cryptotaenia canadensis,0.000000,False,False,,False
Rudbeckia_laciniata_1.jpg,Rudbeckia laciniata,True,C-m0.1,0.100000,Cryptotaenia canadensis,True,Cryptotaenia canadensis,0.000000,False,False,,False
Rudbeckia_laciniata_1.jpg,Rudbeckia laciniata,True,C-m*raw,0.047722,Cryptotaenia canadensis,True,Cryptotaenia canadensis,0.000000,False,False,,False
Rudbeckia_laciniata_1.jpg,Rudbeckia laciniata,True,C-m*hazard,0.047722,Cryptotaenia canadensis,True,Cryptotaenia canadensis,0.000000,False,False,,False
Rudbeckia_laciniata_2.jpg,Rudbeckia laciniata,True,A,0.000000,Solidago altissima,False,,inf,False,True,Solidago altissima,False
Rudbeckia_laciniata_2.jpg,Rudbeckia laciniata,True,C,0.000000,Verbesina alternifolia,True,Verbesina alternifolia,0.000000,False,False,,False
Rudbeckia_laciniata_2.jpg,Rudbeckia laciniata,True,C-m0.01,0.010000,Verbesina alternifolia,True,Verbesina alternifolia,0.000000,False,False,,False
Rudbeckia_laciniata_2.jpg,Rudbeckia laciniata,True,C-m0.02,0.020000,Verbesina alternifolia,True,Verbesina alternifolia,0.000000,False,False,,False
Rudbeckia_laciniata_2.jpg,Rudbeckia laciniata,True,C-m0.03,0.030000,Verbesina alternifolia,True,Verbesina alternifolia,0.000000,False,False,,False
Rudbeckia_laciniata_2.jpg,Rudbeckia laciniata,True,C-m0.04,0.040000,Verbesina alternifolia,True,Verbesina alternifolia,0.000000,False,False,,False
Rudbeckia_laciniata_2.jpg,Rudbeckia laciniata,True,C-m0.048,0.048000,Verbesina alternifolia,True,Verbesina alternifolia,0.000000,False,False,,False
Rudbeckia_laciniata_2.jpg,Rudbeckia laciniata,True,C-m0.05,0.050000,Verbesina alternifolia,True,Verbesina alternifolia,0.000000,False,False,,False
Rudbeckia_laciniata_2.jpg,Rudbeckia laciniata,True,C-m0.06,0.060000,Verbesina alternifolia,True,Verbesina alternifolia,0.000000,False,False,,False
Rudbeckia_laciniata_2.jpg,Rudbeckia laciniata,True,C-m0.08,0.080000,Verbesina alternifolia,True,Verbesina alternifolia,0.000000,False,False,,False
Rudbeckia_laciniata_2.jpg,Rudbeckia laciniata,True,C-m0.1,0.100000,Verbesina alternifolia,True,Verbesina alternifolia,0.000000,False,False,,False
Rudbeckia_laciniata_2.jpg,Rudbeckia laciniata,True,C-m*raw,0.047722,Verbesina alternifolia,True,Verbesina alternifolia,0.000000,False,False,,False
Rudbeckia_laciniata_2.jpg,Rudbeckia laciniata,True,C-m*hazard,0.047722,Verbesina alternifolia,True,Verbesina alternifolia,0.000000,False,False,,False
Verbesina_virginica_0.jpg,Verbesina virginica,True,A,0.000000,Conoclinium coelestinum,False,,inf,False,True,Conoclinium coelestinum,False
Verbesina_virginica_0.jpg,Verbesina virginica,True,C,0.000000,Verbesina virginica,True,Verbesina virginica,0.000000,False,False,,False
Verbesina_virginica_0.jpg,Verbesina virginica,True,C-m0.01,0.010000,Verbesina virginica,True,Verbesina virginica,0.000000,False,False,,False
Verbesina_virginica_0.jpg,Verbesina virginica,True,C-m0.02,0.020000,Verbesina virginica,True,Verbesina virginica,0.000000,False,False,,False
Verbesina_virginica_0.jpg,Verbesina virginica,True,C-m0.03,0.030000,Verbesina virginica,True,Verbesina virginica,0.000000,False,False,,False
Verbesina_virginica_0.jpg,Verbesina virginica,True,C-m0.04,0.040000,Verbesina virginica,True,Verbesina virginica,0.000000,False,False,,False
Verbesina_virginica_0.jpg,Verbesina virginica,True,C-m0.048,0.048000,Verbesina virginica,True,Verbesina virginica,0.000000,False,False,,False
Verbesina_virginica_0.jpg,Verbesina virginica,True,C-m0.05,0.050000,Verbesina virginica,True,Verbesina virginica,0.000000,False,False,,False
Verbesina_virginica_0.jpg,Verbesina virginica,True,C-m0.06,0.060000,Verbesina virginica,True,Verbesina virginica,0.000000,False,False,,False
Verbesina_virginica_0.jpg,Verbesina virginica,True,C-m0.08,0.080000,Verbesina virginica,True,Verbesina virginica,0.000000,False,False,,False
Verbesina_virginica_0.jpg,Verbesina virginica,True,C-m0.1,0.100000,Verbesina virginica,True,Verbesina virginica,0.000000,False,False,,False
Verbesina_virginica_0.jpg,Verbesina virginica,True,C-m*raw,0.047722,Verbesina virginica,True,Verbesina virginica,0.000000,False,False,,False
Verbesina_virginica_0.jpg,Verbesina virginica,True,C-m*hazard,0.047722,Verbesina virginica,True,Verbesina virginica,0.000000,False,False,,False
Verbesina_virginica_1.jpg,Verbesina virginica,True,A,0.000000,Callicarpa americana,False,,inf,False,True,Callicarpa americana,False
Verbesina_virginica_1.jpg,Verbesina virginica,True,C,0.000000,Verbesina virginica,True,Verbesina virginica,0.000000,False,False,,False
Verbesina_virginica_1.jpg,Verbesina virginica,True,C-m0.01,0.010000,Verbesina virginica,True,Verbesina virginica,0.000000,False,False,,False
Verbesina_virginica_1.jpg,Verbesina virginica,True,C-m0.02,0.020000,Verbesina virginica,True,Verbesina virginica,0.000000,False,False,,False
Verbesina_virginica_1.jpg,Verbesina virginica,True,C-m0.03,0.030000,Verbesina virginica,True,Verbesina virginica,0.000000,False,False,,False
Verbesina_virginica_1.jpg,Verbesina virginica,True,C-m0.04,0.040000,Verbesina virginica,True,Verbesina virginica,0.000000,False,False,,False
Verbesina_virginica_1.jpg,Verbesina virginica,True,C-m0.048,0.048000,Verbesina virginica,True,Verbesina virginica,0.000000,False,False,,False
Verbesina_virginica_1.jpg,Verbesina virginica,True,C-m0.05,0.050000,Verbesina virginica,True,Verbesina virginica,0.000000,False,False,,False
Verbesina_virginica_1.jpg,Verbesina virginica,True,C-m0.06,0.060000,Verbesina virginica,True,Verbesina virginica,0.000000,False,False,,False
Verbesina_virginica_1.jpg,Verbesina virginica,True,C-m0.08,0.080000,Verbesina virginica,True,Verbesina virginica,0.000000,False,False,,False
Verbesina_virginica_1.jpg,Verbesina virginica,True,C-m0.1,0.100000,Verbesina virginica,True,Verbesina virginica,0.000000,False,False,,False
Verbesina_virginica_1.jpg,Verbesina virginica,True,C-m*raw,0.047722,Verbesina virginica,True,Verbesina virginica,0.000000,False,False,,False
Verbesina_virginica_1.jpg,Verbesina virginica,True,C-m*hazard,0.047722,Verbesina virginica,True,Verbesina virginica,0.000000,False,False,,False
Verbesina_virginica_2.jpg,Verbesina virginica,True,A,0.000000,Callicarpa americana,False,,inf,False,True,Callicarpa americana,False
Verbesina_virginica_2.jpg,Verbesina virginica,True,C,0.000000,Verbesina virginica,True,Verbesina virginica,0.000000,False,False,,False
Verbesina_virginica_2.jpg,Verbesina virginica,True,C-m0.01,0.010000,Verbesina virginica,True,Verbesina virginica,0.000000,False,False,,False
Verbesina_virginica_2.jpg,Verbesina virginica,True,C-m0.02,0.020000,Verbesina virginica,True,Verbesina virginica,0.000000,False,False,,False
Verbesina_virginica_2.jpg,Verbesina virginica,True,C-m0.03,0.030000,Verbesina virginica,True,Verbesina virginica,0.000000,False,False,,False
Verbesina_virginica_2.jpg,Verbesina virginica,True,C-m0.04,0.040000,Verbesina virginica,True,Verbesina virginica,0.000000,False,False,,False
Verbesina_virginica_2.jpg,Verbesina virginica,True,C-m0.048,0.048000,Verbesina virginica,True,Verbesina virginica,0.000000,False,False,,False
Verbesina_virginica_2.jpg,Verbesina virginica,True,C-m0.05,0.050000,Verbesina virginica,True,Verbesina virginica,0.000000,False,False,,False
Verbesina_virginica_2.jpg,Verbesina virginica,True,C-m0.06,0.060000,Verbesina virginica,True,Verbesina virginica,0.000000,False,False,,False
Verbesina_virginica_2.jpg,Verbesina virginica,True,C-m0.08,0.080000,Verbesina virginica,True,Verbesina virginica,0.000000,False,False,,False
Verbesina_virginica_2.jpg,Verbesina virginica,True,C-m0.1,0.100000,Verbesina virginica,True,Verbesina virginica,0.000000,False,False,,False
Verbesina_virginica_2.jpg,Verbesina virginica,True,C-m*raw,0.047722,Verbesina virginica,True,Verbesina virginica,0.000000,False,False,,False
Verbesina_virginica_2.jpg,Verbesina virginica,True,C-m*hazard,0.047722,Verbesina virginica,True,Verbesina virginica,0.000000,False,False,,False
Vaccinium_arboreum_0.jpg,Vaccinium arboreum,True,A,0.000000,Rhus copallinum,False,,inf,False,True,Rhus copallinum,False
Vaccinium_arboreum_0.jpg,Vaccinium arboreum,True,C,0.000000,Vaccinium arboreum,True,Vaccinium arboreum,0.000000,False,False,,False
Vaccinium_arboreum_0.jpg,Vaccinium arboreum,True,C-m0.01,0.010000,Vaccinium arboreum,True,Vaccinium arboreum,0.000000,False,False,,False
Vaccinium_arboreum_0.jpg,Vaccinium arboreum,True,C-m0.02,0.020000,Vaccinium arboreum,True,Vaccinium arboreum,0.000000,False,False,,False
Vaccinium_arboreum_0.jpg,Vaccinium arboreum,True,C-m0.03,0.030000,Vaccinium arboreum,True,Vaccinium arboreum,0.000000,False,False,,False
Vaccinium_arboreum_0.jpg,Vaccinium arboreum,True,C-m0.04,0.040000,Vaccinium arboreum,True,Vaccinium arboreum,0.000000,False,False,,False
Vaccinium_arboreum_0.jpg,Vaccinium arboreum,True,C-m0.048,0.048000,Vaccinium arboreum,True,Vaccinium arboreum,0.000000,False,False,,False
Vaccinium_arboreum_0.jpg,Vaccinium arboreum,True,C-m0.05,0.050000,Vaccinium arboreum,True,Vaccinium arboreum,0.000000,False,False,,False
Vaccinium_arboreum_0.jpg,Vaccinium arboreum,True,C-m0.06,0.060000,Vaccinium arboreum,True,Vaccinium arboreum,0.000000,False,False,,False
Vaccinium_arboreum_0.jpg,Vaccinium arboreum,True,C-m0.08,0.080000,Vaccinium arboreum,True,Vaccinium arboreum,0.000000,False,False,,False
Vaccinium_arboreum_0.jpg,Vaccinium arboreum,True,C-m0.1,0.100000,Vaccinium arboreum,True,Vaccinium arboreum,0.000000,False,False,,False
Vaccinium_arboreum_0.jpg,Vaccinium arboreum,True,C-m*raw,0.047722,Vaccinium arboreum,True,Vaccinium arboreum,0.000000,False,False,,False
Vaccinium_arboreum_0.jpg,Vaccinium arboreum,True,C-m*hazard,0.047722,Vaccinium arboreum,True,Vaccinium arboreum,0.000000,False,False,,False
Vaccinium_arboreum_1.jpg,Vaccinium arboreum,True,A,0.000000,Diospyros virginiana,False,,inf,False,True,Diospyros virginiana,False
Vaccinium_arboreum_1.jpg,Vaccinium arboreum,True,C,0.000000,Ligustrum sinense,True,Ligustrum sinense,0.000000,False,False,,False
Vaccinium_arboreum_1.jpg,Vaccinium arboreum,True,C-m0.01,0.010000,Ligustrum sinense,True,Ligustrum sinense,0.000000,False,False,,False
Vaccinium_arboreum_1.jpg,Vaccinium arboreum,True,C-m0.02,0.020000,Ligustrum sinense,True,Ligustrum sinense,0.000000,False,False,,False
Vaccinium_arboreum_1.jpg,Vaccinium arboreum,True,C-m0.03,0.030000,Ligustrum sinense,True,Ligustrum sinense,0.000000,False,False,,False
Vaccinium_arboreum_1.jpg,Vaccinium arboreum,True,C-m0.04,0.040000,Ligustrum sinense,True,Ligustrum sinense,0.000000,False,False,,False
Vaccinium_arboreum_1.jpg,Vaccinium arboreum,True,C-m0.048,0.048000,Ligustrum sinense,True,Ligustrum sinense,0.000000,False,False,,False
Vaccinium_arboreum_1.jpg,Vaccinium arboreum,True,C-m0.05,0.050000,Ligustrum sinense,True,Ligustrum sinense,0.000000,False,False,,False
Vaccinium_arboreum_1.jpg,Vaccinium arboreum,True,C-m0.06,0.060000,Ligustrum sinense,True,Ligustrum sinense,0.000000,False,False,,False
Vaccinium_arboreum_1.jpg,Vaccinium arboreum,True,C-m0.08,0.080000,Ligustrum sinense,True,Ligustrum sinense,0.000000,False,False,,False
Vaccinium_arboreum_1.jpg,Vaccinium arboreum,True,C-m0.1,0.100000,Ligustrum sinense,True,Ligustrum sinense,0.000000,False,False,,False
Vaccinium_arboreum_1.jpg,Vaccinium arboreum,True,C-m*raw,0.047722,Ligustrum sinense,True,Ligustrum sinense,0.000000,False,False,,False
Vaccinium_arboreum_1.jpg,Vaccinium arboreum,True,C-m*hazard,0.047722,Ligustrum sinense,True,Ligustrum sinense,0.000000,False,False,,False
Vaccinium_arboreum_2.jpg,Vaccinium arboreum,True,A,0.000000,Diospyros virginiana,False,,inf,False,True,Diospyros virginiana,False
Vaccinium_arboreum_2.jpg,Vaccinium arboreum,True,C,0.000000,Vaccinium arboreum,True,Vaccinium arboreum,0.000000,False,False,,False
Vaccinium_arboreum_2.jpg,Vaccinium arboreum,True,C-m0.01,0.010000,Vaccinium arboreum,True,Vaccinium arboreum,0.000000,False,False,,False
Vaccinium_arboreum_2.jpg,Vaccinium arboreum,True,C-m0.02,0.020000,Vaccinium arboreum,True,Vaccinium arboreum,0.000000,False,False,,False
Vaccinium_arboreum_2.jpg,Vaccinium arboreum,True,C-m0.03,0.030000,Vaccinium arboreum,True,Vaccinium arboreum,0.000000,False,False,,False
Vaccinium_arboreum_2.jpg,Vaccinium arboreum,True,C-m0.04,0.040000,Vaccinium arboreum,True,Vaccinium arboreum,0.000000,False,False,,False
Vaccinium_arboreum_2.jpg,Vaccinium arboreum,True,C-m0.048,0.048000,Vaccinium arboreum,True,Vaccinium arboreum,0.000000,False,False,,False
Vaccinium_arboreum_2.jpg,Vaccinium arboreum,True,C-m0.05,0.050000,Vaccinium arboreum,True,Vaccinium arboreum,0.000000,False,False,,False
Vaccinium_arboreum_2.jpg,Vaccinium arboreum,True,C-m0.06,0.060000,Vaccinium arboreum,True,Vaccinium arboreum,0.000000,False,False,,False
Vaccinium_arboreum_2.jpg,Vaccinium arboreum,True,C-m0.08,0.080000,Vaccinium arboreum,True,Vaccinium arboreum,0.000000,False,False,,False
Vaccinium_arboreum_2.jpg,Vaccinium arboreum,True,C-m0.1,0.100000,Vaccinium arboreum,True,Vaccinium arboreum,0.000000,False,False,,False
Vaccinium_arboreum_2.jpg,Vaccinium arboreum,True,C-m*raw,0.047722,Vaccinium arboreum,True,Vaccinium arboreum,0.000000,False,False,,False
Vaccinium_arboreum_2.jpg,Vaccinium arboreum,True,C-m*hazard,0.047722,Vaccinium arboreum,True,Vaccinium arboreum,0.000000,False,False,,False
Juniperus_virginiana_0.jpg,Juniperus virginiana,True,A,0.000000,Rhus copallinum,False,,inf,False,True,Rhus copallinum,False
Juniperus_virginiana_0.jpg,Juniperus virginiana,True,C,0.000000,Juniperus virginiana,True,Juniperus virginiana,0.000000,False,False,,False
Juniperus_virginiana_0.jpg,Juniperus virginiana,True,C-m0.01,0.010000,Juniperus virginiana,True,Juniperus virginiana,0.000000,False,False,,False
Juniperus_virginiana_0.jpg,Juniperus virginiana,True,C-m0.02,0.020000,Juniperus virginiana,True,Juniperus virginiana,0.000000,False,False,,False
Juniperus_virginiana_0.jpg,Juniperus virginiana,True,C-m0.03,0.030000,Juniperus virginiana,True,Juniperus virginiana,0.000000,False,False,,False
Juniperus_virginiana_0.jpg,Juniperus virginiana,True,C-m0.04,0.040000,Juniperus virginiana,True,Juniperus virginiana,0.000000,False,False,,False
Juniperus_virginiana_0.jpg,Juniperus virginiana,True,C-m0.048,0.048000,Juniperus virginiana,True,Juniperus virginiana,0.000000,False,False,,False
Juniperus_virginiana_0.jpg,Juniperus virginiana,True,C-m0.05,0.050000,Juniperus virginiana,True,Juniperus virginiana,0.000000,False,False,,False
Juniperus_virginiana_0.jpg,Juniperus virginiana,True,C-m0.06,0.060000,Juniperus virginiana,True,Juniperus virginiana,0.000000,False,False,,False
Juniperus_virginiana_0.jpg,Juniperus virginiana,True,C-m0.08,0.080000,Juniperus virginiana,True,Juniperus virginiana,0.000000,False,False,,False
Juniperus_virginiana_0.jpg,Juniperus virginiana,True,C-m0.1,0.100000,Juniperus virginiana,True,Juniperus virginiana,0.000000,False,False,,False
Juniperus_virginiana_0.jpg,Juniperus virginiana,True,C-m*raw,0.047722,Juniperus virginiana,True,Juniperus virginiana,0.000000,False,False,,False
Juniperus_virginiana_0.jpg,Juniperus virginiana,True,C-m*hazard,0.047722,Juniperus virginiana,True,Juniperus virginiana,0.000000,False,False,,False
Juniperus_virginiana_1.jpg,Juniperus virginiana,True,A,0.000000,Ampelopsis glandulosa,False,,inf,False,True,Ampelopsis glandulosa,False
Juniperus_virginiana_1.jpg,Juniperus virginiana,True,C,0.000000,Juniperus virginiana,True,Juniperus virginiana,0.000000,False,False,,False
Juniperus_virginiana_1.jpg,Juniperus virginiana,True,C-m0.01,0.010000,Juniperus virginiana,True,Juniperus virginiana,0.000000,False,False,,False
Juniperus_virginiana_1.jpg,Juniperus virginiana,True,C-m0.02,0.020000,Juniperus virginiana,True,Juniperus virginiana,0.000000,False,False,,False
Juniperus_virginiana_1.jpg,Juniperus virginiana,True,C-m0.03,0.030000,Juniperus virginiana,True,Juniperus virginiana,0.000000,False,False,,False
Juniperus_virginiana_1.jpg,Juniperus virginiana,True,C-m0.04,0.040000,Juniperus virginiana,True,Juniperus virginiana,0.000000,False,False,,False
Juniperus_virginiana_1.jpg,Juniperus virginiana,True,C-m0.048,0.048000,Juniperus virginiana,True,Juniperus virginiana,0.000000,False,False,,False
Juniperus_virginiana_1.jpg,Juniperus virginiana,True,C-m0.05,0.050000,Juniperus virginiana,True,Juniperus virginiana,0.000000,False,False,,False
Juniperus_virginiana_1.jpg,Juniperus virginiana,True,C-m0.06,0.060000,Juniperus virginiana,True,Juniperus virginiana,0.000000,False,False,,False
Juniperus_virginiana_1.jpg,Juniperus virginiana,True,C-m0.08,0.080000,Juniperus virginiana,True,Juniperus virginiana,0.000000,False,False,,False
Juniperus_virginiana_1.jpg,Juniperus virginiana,True,C-m0.1,0.100000,Juniperus virginiana,True,Juniperus virginiana,0.000000,False,False,,False
Juniperus_virginiana_1.jpg,Juniperus virginiana,True,C-m*raw,0.047722,Juniperus virginiana,True,Juniperus virginiana,0.000000,False,False,,False
Juniperus_virginiana_1.jpg,Juniperus virginiana,True,C-m*hazard,0.047722,Juniperus virginiana,True,Juniperus virginiana,0.000000,False,False,,False
Juniperus_virginiana_2.jpg,Juniperus virginiana,True,A,0.000000,Phyllanthus urinaria,False,,inf,False,True,Phyllanthus urinaria,False
Juniperus_virginiana_2.jpg,Juniperus virginiana,True,C,0.000000,Juniperus virginiana,True,Juniperus virginiana,0.000000,False,False,,False
Juniperus_virginiana_2.jpg,Juniperus virginiana,True,C-m0.01,0.010000,Juniperus virginiana,True,Juniperus virginiana,0.000000,False,False,,False
Juniperus_virginiana_2.jpg,Juniperus virginiana,True,C-m0.02,0.020000,Juniperus virginiana,True,Juniperus virginiana,0.000000,False,False,,False
Juniperus_virginiana_2.jpg,Juniperus virginiana,True,C-m0.03,0.030000,Juniperus virginiana,True,Juniperus virginiana,0.000000,False,False,,False
Juniperus_virginiana_2.jpg,Juniperus virginiana,True,C-m0.04,0.040000,Juniperus virginiana,True,Juniperus virginiana,0.000000,False,False,,False
Juniperus_virginiana_2.jpg,Juniperus virginiana,True,C-m0.048,0.048000,Juniperus virginiana,True,Juniperus virginiana,0.000000,False,False,,False
Juniperus_virginiana_2.jpg,Juniperus virginiana,True,C-m0.05,0.050000,Juniperus virginiana,True,Juniperus virginiana,0.000000,False,False,,False
Juniperus_virginiana_2.jpg,Juniperus virginiana,True,C-m0.06,0.060000,Juniperus virginiana,True,Juniperus virginiana,0.000000,False,False,,False
Juniperus_virginiana_2.jpg,Juniperus virginiana,True,C-m0.08,0.080000,Juniperus virginiana,True,Juniperus virginiana,0.000000,False,False,,False
Juniperus_virginiana_2.jpg,Juniperus virginiana,True,C-m0.1,0.100000,Juniperus virginiana,True,Juniperus virginiana,0.000000,False,False,,False
Juniperus_virginiana_2.jpg,Juniperus virginiana,True,C-m*raw,0.047722,Juniperus virginiana,True,Juniperus virginiana,0.000000,False,False,,False
Juniperus_virginiana_2.jpg,Juniperus virginiana,True,C-m*hazard,0.047722,Juniperus virginiana,True,Juniperus virginiana,0.000000,False,False,,False
Verbascum_thapsus_0.jpg,Verbascum thapsus,True,A,0.000000,Cercis canadensis,False,,inf,False,True,Cercis canadensis,False
Verbascum_thapsus_0.jpg,Verbascum thapsus,True,C,0.000000,Eriobotrya japonica,True,Eriobotrya japonica,0.000000,False,False,,False
Verbascum_thapsus_0.jpg,Verbascum thapsus,True,C-m0.01,0.010000,Eriobotrya japonica,True,Eriobotrya japonica,0.000000,False,False,,False
Verbascum_thapsus_0.jpg,Verbascum thapsus,True,C-m0.02,0.020000,Eriobotrya japonica,True,Eriobotrya japonica,0.000000,False,False,,False
Verbascum_thapsus_0.jpg,Verbascum thapsus,True,C-m0.03,0.030000,Eriobotrya japonica,True,Eriobotrya japonica,0.000000,False,False,,False
Verbascum_thapsus_0.jpg,Verbascum thapsus,True,C-m0.04,0.040000,Eriobotrya japonica,True,Eriobotrya japonica,0.000000,False,False,,False
Verbascum_thapsus_0.jpg,Verbascum thapsus,True,C-m0.048,0.048000,Eriobotrya japonica,True,Eriobotrya japonica,0.000000,False,False,,False
Verbascum_thapsus_0.jpg,Verbascum thapsus,True,C-m0.05,0.050000,Eriobotrya japonica,True,Eriobotrya japonica,0.000000,False,False,,False
Verbascum_thapsus_0.jpg,Verbascum thapsus,True,C-m0.06,0.060000,Eriobotrya japonica,True,Eriobotrya japonica,0.000000,False,False,,False
Verbascum_thapsus_0.jpg,Verbascum thapsus,True,C-m0.08,0.080000,Eriobotrya japonica,True,Eriobotrya japonica,0.000000,False,False,,False
Verbascum_thapsus_0.jpg,Verbascum thapsus,True,C-m0.1,0.100000,Eriobotrya japonica,True,Eriobotrya japonica,0.000000,False,False,,False
Verbascum_thapsus_0.jpg,Verbascum thapsus,True,C-m*raw,0.047722,Eriobotrya japonica,True,Eriobotrya japonica,0.000000,False,False,,False
Verbascum_thapsus_0.jpg,Verbascum thapsus,True,C-m*hazard,0.047722,Eriobotrya japonica,True,Eriobotrya japonica,0.000000,False,False,,False
Verbascum_thapsus_1.jpg,Verbascum thapsus,True,A,0.000000,Callicarpa americana,False,,inf,False,True,Callicarpa americana,False
Verbascum_thapsus_1.jpg,Verbascum thapsus,True,C,0.000000,Verbascum thapsus,True,Verbascum thapsus,0.000000,False,False,,False
Verbascum_thapsus_1.jpg,Verbascum thapsus,True,C-m0.01,0.010000,Verbascum thapsus,True,Verbascum thapsus,0.000000,False,False,,False
Verbascum_thapsus_1.jpg,Verbascum thapsus,True,C-m0.02,0.020000,Verbascum thapsus,True,Verbascum thapsus,0.000000,False,False,,False
Verbascum_thapsus_1.jpg,Verbascum thapsus,True,C-m0.03,0.030000,Verbascum thapsus,True,Verbascum thapsus,0.000000,False,False,,False
Verbascum_thapsus_1.jpg,Verbascum thapsus,True,C-m0.04,0.040000,Verbascum thapsus,True,Verbascum thapsus,0.000000,False,False,,False
Verbascum_thapsus_1.jpg,Verbascum thapsus,True,C-m0.048,0.048000,Verbascum thapsus,True,Verbascum thapsus,0.000000,False,False,,False
Verbascum_thapsus_1.jpg,Verbascum thapsus,True,C-m0.05,0.050000,Verbascum thapsus,True,Verbascum thapsus,0.000000,False,False,,False
Verbascum_thapsus_1.jpg,Verbascum thapsus,True,C-m0.06,0.060000,Verbascum thapsus,True,Verbascum thapsus,0.000000,False,False,,False
Verbascum_thapsus_1.jpg,Verbascum thapsus,True,C-m0.08,0.080000,Verbascum thapsus,True,Verbascum thapsus,0.000000,False,False,,False
Verbascum_thapsus_1.jpg,Verbascum thapsus,True,C-m0.1,0.100000,Verbascum thapsus,True,Verbascum thapsus,0.000000,False,False,,False
Verbascum_thapsus_1.jpg,Verbascum thapsus,True,C-m*raw,0.047722,Verbascum thapsus,True,Verbascum thapsus,0.000000,False,False,,False
Verbascum_thapsus_1.jpg,Verbascum thapsus,True,C-m*hazard,0.047722,Verbascum thapsus,True,Verbascum thapsus,0.000000,False,False,,False
Verbascum_thapsus_2.jpg,Verbascum thapsus,True,A,0.000000,Callicarpa americana,False,,inf,False,True,Callicarpa americana,False
Verbascum_thapsus_2.jpg,Verbascum thapsus,True,C,0.000000,Verbascum thapsus,True,Verbascum thapsus,0.000000,False,False,,False
Verbascum_thapsus_2.jpg,Verbascum thapsus,True,C-m0.01,0.010000,Verbascum thapsus,True,Verbascum thapsus,0.000000,False,False,,False
Verbascum_thapsus_2.jpg,Verbascum thapsus,True,C-m0.02,0.020000,Verbascum thapsus,True,Verbascum thapsus,0.000000,False,False,,False
Verbascum_thapsus_2.jpg,Verbascum thapsus,True,C-m0.03,0.030000,Verbascum thapsus,True,Verbascum thapsus,0.000000,False,False,,False
Verbascum_thapsus_2.jpg,Verbascum thapsus,True,C-m0.04,0.040000,Verbascum thapsus,True,Verbascum thapsus,0.000000,False,False,,False
Verbascum_thapsus_2.jpg,Verbascum thapsus,True,C-m0.048,0.048000,Verbascum thapsus,True,Verbascum thapsus,0.000000,False,False,,False
Verbascum_thapsus_2.jpg,Verbascum thapsus,True,C-m0.05,0.050000,Verbascum thapsus,True,Verbascum thapsus,0.000000,False,False,,False
Verbascum_thapsus_2.jpg,Verbascum thapsus,True,C-m0.06,0.060000,Verbascum thapsus,True,Verbascum thapsus,0.000000,False,False,,False
Verbascum_thapsus_2.jpg,Verbascum thapsus,True,C-m0.08,0.080000,Verbascum thapsus,True,Verbascum thapsus,0.000000,False,False,,False
Verbascum_thapsus_2.jpg,Verbascum thapsus,True,C-m0.1,0.100000,Verbascum thapsus,True,Verbascum thapsus,0.000000,False,False,,False
Verbascum_thapsus_2.jpg,Verbascum thapsus,True,C-m*raw,0.047722,Verbascum thapsus,True,Verbascum thapsus,0.000000,False,False,,False
Verbascum_thapsus_2.jpg,Verbascum thapsus,True,C-m*hazard,0.047722,Verbascum thapsus,True,Verbascum thapsus,0.000000,False,False,,False
Onoclea_sensibilis_0.jpg,Onoclea sensibilis,True,A,0.000000,Phyllanthus urinaria,False,,inf,False,True,Phyllanthus urinaria,False
Onoclea_sensibilis_0.jpg,Onoclea sensibilis,True,C,0.000000,Woodwardia areolata,True,Woodwardia areolata,0.000000,False,False,,False
Onoclea_sensibilis_0.jpg,Onoclea sensibilis,True,C-m0.01,0.010000,Woodwardia areolata,True,Woodwardia areolata,0.000000,False,False,,False
Onoclea_sensibilis_0.jpg,Onoclea sensibilis,True,C-m0.02,0.020000,Woodwardia areolata,True,Woodwardia areolata,0.000000,False,False,,False
Onoclea_sensibilis_0.jpg,Onoclea sensibilis,True,C-m0.03,0.030000,Woodwardia areolata,True,Woodwardia areolata,0.000000,False,False,,False
Onoclea_sensibilis_0.jpg,Onoclea sensibilis,True,C-m0.04,0.040000,Woodwardia areolata,True,Woodwardia areolata,0.000000,False,False,,False
Onoclea_sensibilis_0.jpg,Onoclea sensibilis,True,C-m0.048,0.048000,Woodwardia areolata,True,Woodwardia areolata,0.000000,False,False,,False
Onoclea_sensibilis_0.jpg,Onoclea sensibilis,True,C-m0.05,0.050000,Woodwardia areolata,True,Woodwardia areolata,0.000000,False,False,,False
Onoclea_sensibilis_0.jpg,Onoclea sensibilis,True,C-m0.06,0.060000,Woodwardia areolata,True,Woodwardia areolata,0.000000,False,False,,False
Onoclea_sensibilis_0.jpg,Onoclea sensibilis,True,C-m0.08,0.080000,Woodwardia areolata,True,Woodwardia areolata,0.000000,False,False,,False
Onoclea_sensibilis_0.jpg,Onoclea sensibilis,True,C-m0.1,0.100000,Woodwardia areolata,True,Woodwardia areolata,0.000000,False,False,,False
Onoclea_sensibilis_0.jpg,Onoclea sensibilis,True,C-m*raw,0.047722,Woodwardia areolata,True,Woodwardia areolata,0.000000,False,False,,False
Onoclea_sensibilis_0.jpg,Onoclea sensibilis,True,C-m*hazard,0.047722,Woodwardia areolata,True,Woodwardia areolata,0.000000,False,False,,False
Onoclea_sensibilis_1.jpg,Onoclea sensibilis,True,A,0.000000,Polystichum acrostichoides,False,,inf,False,True,Polystichum acrostichoides,False
Onoclea_sensibilis_1.jpg,Onoclea sensibilis,True,C,0.000000,Onoclea sensibilis,True,Onoclea sensibilis,0.000000,False,False,,False
Onoclea_sensibilis_1.jpg,Onoclea sensibilis,True,C-m0.01,0.010000,Onoclea sensibilis,True,Onoclea sensibilis,0.000000,False,False,,False
Onoclea_sensibilis_1.jpg,Onoclea sensibilis,True,C-m0.02,0.020000,Onoclea sensibilis,True,Onoclea sensibilis,0.000000,False,False,,False
Onoclea_sensibilis_1.jpg,Onoclea sensibilis,True,C-m0.03,0.030000,Onoclea sensibilis,True,Onoclea sensibilis,0.000000,False,False,,False
Onoclea_sensibilis_1.jpg,Onoclea sensibilis,True,C-m0.04,0.040000,Onoclea sensibilis,True,Onoclea sensibilis,0.000000,False,False,,False
Onoclea_sensibilis_1.jpg,Onoclea sensibilis,True,C-m0.048,0.048000,Onoclea sensibilis,True,Onoclea sensibilis,0.000000,False,False,,False
Onoclea_sensibilis_1.jpg,Onoclea sensibilis,True,C-m0.05,0.050000,Onoclea sensibilis,True,Onoclea sensibilis,0.000000,False,False,,False
Onoclea_sensibilis_1.jpg,Onoclea sensibilis,True,C-m0.06,0.060000,Onoclea sensibilis,True,Onoclea sensibilis,0.000000,False,False,,False
Onoclea_sensibilis_1.jpg,Onoclea sensibilis,True,C-m0.08,0.080000,Onoclea sensibilis,True,Onoclea sensibilis,0.000000,False,False,,False
Onoclea_sensibilis_1.jpg,Onoclea sensibilis,True,C-m0.1,0.100000,Onoclea sensibilis,True,Onoclea sensibilis,0.000000,False,False,,False
Onoclea_sensibilis_1.jpg,Onoclea sensibilis,True,C-m*raw,0.047722,Onoclea sensibilis,True,Onoclea sensibilis,0.000000,False,False,,False
Onoclea_sensibilis_1.jpg,Onoclea sensibilis,True,C-m*hazard,0.047722,Onoclea sensibilis,True,Onoclea sensibilis,0.000000,False,False,,False
Onoclea_sensibilis_2.jpg,Onoclea sensibilis,True,A,0.000000,Polystichum acrostichoides,False,,inf,False,True,Polystichum acrostichoides,False
Onoclea_sensibilis_2.jpg,Onoclea sensibilis,True,C,0.000000,Onoclea sensibilis,True,Onoclea sensibilis,0.000000,False,False,,False
Onoclea_sensibilis_2.jpg,Onoclea sensibilis,True,C-m0.01,0.010000,Onoclea sensibilis,True,Onoclea sensibilis,0.000000,False,False,,False
Onoclea_sensibilis_2.jpg,Onoclea sensibilis,True,C-m0.02,0.020000,Onoclea sensibilis,True,Onoclea sensibilis,0.000000,False,False,,False
Onoclea_sensibilis_2.jpg,Onoclea sensibilis,True,C-m0.03,0.030000,Onoclea sensibilis,True,Onoclea sensibilis,0.000000,False,False,,False
Onoclea_sensibilis_2.jpg,Onoclea sensibilis,True,C-m0.04,0.040000,Onoclea sensibilis,True,Onoclea sensibilis,0.000000,False,False,,False
Onoclea_sensibilis_2.jpg,Onoclea sensibilis,True,C-m0.048,0.048000,Onoclea sensibilis,True,Onoclea sensibilis,0.000000,False,False,,False
Onoclea_sensibilis_2.jpg,Onoclea sensibilis,True,C-m0.05,0.050000,Onoclea sensibilis,True,Onoclea sensibilis,0.000000,False,False,,False
Onoclea_sensibilis_2.jpg,Onoclea sensibilis,True,C-m0.06,0.060000,Onoclea sensibilis,True,Onoclea sensibilis,0.000000,False,False,,False
Onoclea_sensibilis_2.jpg,Onoclea sensibilis,True,C-m0.08,0.080000,Onoclea sensibilis,True,Onoclea sensibilis,0.000000,False,False,,False
Onoclea_sensibilis_2.jpg,Onoclea sensibilis,True,C-m0.1,0.100000,Onoclea sensibilis,True,Onoclea sensibilis,0.000000,False,False,,False
Onoclea_sensibilis_2.jpg,Onoclea sensibilis,True,C-m*raw,0.047722,Onoclea sensibilis,True,Onoclea sensibilis,0.000000,False,False,,False
Onoclea_sensibilis_2.jpg,Onoclea sensibilis,True,C-m*hazard,0.047722,Onoclea sensibilis,True,Onoclea sensibilis,0.000000,False,False,,False
Helianthus_angustifolius_0.jpg,Helianthus angustifolius,True,A,0.000000,Erechtites hieraciifolius,False,,inf,False,True,Erechtites hieraciifolius,False
Helianthus_angustifolius_0.jpg,Helianthus angustifolius,True,C,0.000000,Helianthus angustifolius,True,Helianthus angustifolius,0.000000,False,False,,False
Helianthus_angustifolius_0.jpg,Helianthus angustifolius,True,C-m0.01,0.010000,Helianthus angustifolius,True,Helianthus angustifolius,0.000000,False,False,,False
Helianthus_angustifolius_0.jpg,Helianthus angustifolius,True,C-m0.02,0.020000,Helianthus angustifolius,True,Helianthus angustifolius,0.000000,False,False,,False
Helianthus_angustifolius_0.jpg,Helianthus angustifolius,True,C-m0.03,0.030000,Helianthus angustifolius,True,Helianthus angustifolius,0.000000,False,False,,False
Helianthus_angustifolius_0.jpg,Helianthus angustifolius,True,C-m0.04,0.040000,Helianthus angustifolius,True,Helianthus angustifolius,0.000000,False,False,,False
Helianthus_angustifolius_0.jpg,Helianthus angustifolius,True,C-m0.048,0.048000,Helianthus angustifolius,True,Helianthus angustifolius,0.000000,False,False,,False
Helianthus_angustifolius_0.jpg,Helianthus angustifolius,True,C-m0.05,0.050000,Helianthus angustifolius,True,Helianthus angustifolius,0.000000,False,False,,False
Helianthus_angustifolius_0.jpg,Helianthus angustifolius,True,C-m0.06,0.060000,Helianthus angustifolius,True,Helianthus angustifolius,0.000000,False,False,,False
Helianthus_angustifolius_0.jpg,Helianthus angustifolius,True,C-m0.08,0.080000,Helianthus angustifolius,True,Helianthus angustifolius,0.000000,False,False,,False
Helianthus_angustifolius_0.jpg,Helianthus angustifolius,True,C-m0.1,0.100000,Helianthus angustifolius,True,Helianthus angustifolius,0.000000,False,False,,False
Helianthus_angustifolius_0.jpg,Helianthus angustifolius,True,C-m*raw,0.047722,Helianthus angustifolius,True,Helianthus angustifolius,0.000000,False,False,,False
Helianthus_angustifolius_0.jpg,Helianthus angustifolius,True,C-m*hazard,0.047722,Helianthus angustifolius,True,Helianthus angustifolius,0.000000,False,False,,False
Helianthus_angustifolius_1.jpg,Helianthus angustifolius,True,A,0.000000,Solidago altissima,False,,inf,False,True,Solidago altissima,False
Helianthus_angustifolius_1.jpg,Helianthus angustifolius,True,C,0.000000,Asclepias verticillata,True,Asclepias verticillata,0.000000,False,False,,False
Helianthus_angustifolius_1.jpg,Helianthus angustifolius,True,C-m0.01,0.010000,Asclepias verticillata,True,Asclepias verticillata,0.000000,False,False,,False
Helianthus_angustifolius_1.jpg,Helianthus angustifolius,True,C-m0.02,0.020000,Asclepias verticillata,True,Asclepias verticillata,0.000000,False,False,,False
Helianthus_angustifolius_1.jpg,Helianthus angustifolius,True,C-m0.03,0.030000,Asclepias verticillata,True,Asclepias verticillata,0.000000,False,False,,False
Helianthus_angustifolius_1.jpg,Helianthus angustifolius,True,C-m0.04,0.040000,Asclepias verticillata,True,Asclepias verticillata,0.000000,False,False,,False
Helianthus_angustifolius_1.jpg,Helianthus angustifolius,True,C-m0.048,0.048000,Asclepias verticillata,True,Asclepias verticillata,0.000000,False,False,,False
Helianthus_angustifolius_1.jpg,Helianthus angustifolius,True,C-m0.05,0.050000,Asclepias verticillata,True,Asclepias verticillata,0.000000,False,False,,False
Helianthus_angustifolius_1.jpg,Helianthus angustifolius,True,C-m0.06,0.060000,Asclepias verticillata,True,Asclepias verticillata,0.000000,False,False,,False
Helianthus_angustifolius_1.jpg,Helianthus angustifolius,True,C-m0.08,0.080000,Asclepias verticillata,True,Asclepias verticillata,0.000000,False,False,,False
Helianthus_angustifolius_1.jpg,Helianthus angustifolius,True,C-m0.1,0.100000,Asclepias verticillata,True,Asclepias verticillata,0.000000,False,False,,False
Helianthus_angustifolius_1.jpg,Helianthus angustifolius,True,C-m*raw,0.047722,Asclepias verticillata,True,Asclepias verticillata,0.000000,False,False,,False
Helianthus_angustifolius_1.jpg,Helianthus angustifolius,True,C-m*hazard,0.047722,Asclepias verticillata,True,Asclepias verticillata,0.000000,False,False,,False
Helianthus_angustifolius_2.jpg,Helianthus angustifolius,True,A,0.000000,Conoclinium coelestinum,False,,inf,False,True,Conoclinium coelestinum,False
Helianthus_angustifolius_2.jpg,Helianthus angustifolius,True,C,0.000000,Helianthus angustifolius,True,Helianthus angustifolius,0.000000,False,False,,False
Helianthus_angustifolius_2.jpg,Helianthus angustifolius,True,C-m0.01,0.010000,Helianthus angustifolius,True,Helianthus angustifolius,0.000000,False,False,,False
Helianthus_angustifolius_2.jpg,Helianthus angustifolius,True,C-m0.02,0.020000,Helianthus angustifolius,True,Helianthus angustifolius,0.000000,False,False,,False
Helianthus_angustifolius_2.jpg,Helianthus angustifolius,True,C-m0.03,0.030000,Helianthus angustifolius,True,Helianthus angustifolius,0.000000,False,False,,False
Helianthus_angustifolius_2.jpg,Helianthus angustifolius,True,C-m0.04,0.040000,Helianthus angustifolius,True,Helianthus angustifolius,0.000000,False,False,,False
Helianthus_angustifolius_2.jpg,Helianthus angustifolius,True,C-m0.048,0.048000,Helianthus angustifolius,True,Helianthus angustifolius,0.000000,False,False,,False
Helianthus_angustifolius_2.jpg,Helianthus angustifolius,True,C-m0.05,0.050000,Helianthus angustifolius,True,Helianthus angustifolius,0.000000,False,False,,False
Helianthus_angustifolius_2.jpg,Helianthus angustifolius,True,C-m0.06,0.060000,Helianthus angustifolius,True,Helianthus angustifolius,0.000000,False,False,,False
Helianthus_angustifolius_2.jpg,Helianthus angustifolius,True,C-m0.08,0.080000,Helianthus angustifolius,True,Helianthus angustifolius,0.000000,False,False,,False
Helianthus_angustifolius_2.jpg,Helianthus angustifolius,True,C-m0.1,0.100000,Helianthus angustifolius,True,Helianthus angustifolius,0.000000,False,False,,False
Helianthus_angustifolius_2.jpg,Helianthus angustifolius,True,C-m*raw,0.047722,Helianthus angustifolius,True,Helianthus angustifolius,0.000000,False,False,,False
Helianthus_angustifolius_2.jpg,Helianthus angustifolius,True,C-m*hazard,0.047722,Helianthus angustifolius,True,Helianthus angustifolius,0.000000,False,False,,False
Monotropa_uniflora_0.jpg,Monotropa uniflora,True,A,0.000000,Chimaphila maculata,False,,inf,False,True,Chimaphila maculata,False
Monotropa_uniflora_0.jpg,Monotropa uniflora,True,C,0.000000,Monotropa uniflora,True,Monotropa uniflora,0.000000,False,False,,False
Monotropa_uniflora_0.jpg,Monotropa uniflora,True,C-m0.01,0.010000,Monotropa uniflora,True,Monotropa uniflora,0.000000,False,False,,False
Monotropa_uniflora_0.jpg,Monotropa uniflora,True,C-m0.02,0.020000,Monotropa uniflora,True,Monotropa uniflora,0.000000,False,False,,False
Monotropa_uniflora_0.jpg,Monotropa uniflora,True,C-m0.03,0.030000,Monotropa uniflora,True,Monotropa uniflora,0.000000,False,False,,False
Monotropa_uniflora_0.jpg,Monotropa uniflora,True,C-m0.04,0.040000,Monotropa uniflora,True,Monotropa uniflora,0.000000,False,False,,False
Monotropa_uniflora_0.jpg,Monotropa uniflora,True,C-m0.048,0.048000,Monotropa uniflora,True,Monotropa uniflora,0.000000,False,False,,False
Monotropa_uniflora_0.jpg,Monotropa uniflora,True,C-m0.05,0.050000,Monotropa uniflora,True,Monotropa uniflora,0.000000,False,False,,False
Monotropa_uniflora_0.jpg,Monotropa uniflora,True,C-m0.06,0.060000,Monotropa uniflora,True,Monotropa uniflora,0.000000,False,False,,False
Monotropa_uniflora_0.jpg,Monotropa uniflora,True,C-m0.08,0.080000,Monotropa uniflora,True,Monotropa uniflora,0.000000,False,False,,False
Monotropa_uniflora_0.jpg,Monotropa uniflora,True,C-m0.1,0.100000,Monotropa uniflora,True,Monotropa uniflora,0.000000,False,False,,False
Monotropa_uniflora_0.jpg,Monotropa uniflora,True,C-m*raw,0.047722,Monotropa uniflora,True,Monotropa uniflora,0.000000,False,False,,False
Monotropa_uniflora_0.jpg,Monotropa uniflora,True,C-m*hazard,0.047722,Monotropa uniflora,True,Monotropa uniflora,0.000000,False,False,,False
Monotropa_uniflora_1.jpg,Monotropa uniflora,True,A,0.000000,Chimaphila maculata,False,,inf,False,True,Chimaphila maculata,False
Monotropa_uniflora_1.jpg,Monotropa uniflora,True,C,0.000000,Monotropa uniflora,True,Monotropa uniflora,0.000000,False,False,,False
Monotropa_uniflora_1.jpg,Monotropa uniflora,True,C-m0.01,0.010000,Monotropa uniflora,True,Monotropa uniflora,0.000000,False,False,,False
Monotropa_uniflora_1.jpg,Monotropa uniflora,True,C-m0.02,0.020000,Monotropa uniflora,True,Monotropa uniflora,0.000000,False,False,,False
Monotropa_uniflora_1.jpg,Monotropa uniflora,True,C-m0.03,0.030000,Monotropa uniflora,True,Monotropa uniflora,0.000000,False,False,,False
Monotropa_uniflora_1.jpg,Monotropa uniflora,True,C-m0.04,0.040000,Monotropa uniflora,True,Monotropa uniflora,0.000000,False,False,,False
Monotropa_uniflora_1.jpg,Monotropa uniflora,True,C-m0.048,0.048000,Monotropa uniflora,True,Monotropa uniflora,0.000000,False,False,,False
Monotropa_uniflora_1.jpg,Monotropa uniflora,True,C-m0.05,0.050000,Monotropa uniflora,True,Monotropa uniflora,0.000000,False,False,,False
Monotropa_uniflora_1.jpg,Monotropa uniflora,True,C-m0.06,0.060000,Monotropa uniflora,True,Monotropa uniflora,0.000000,False,False,,False
Monotropa_uniflora_1.jpg,Monotropa uniflora,True,C-m0.08,0.080000,Monotropa uniflora,True,Monotropa uniflora,0.000000,False,False,,False
Monotropa_uniflora_1.jpg,Monotropa uniflora,True,C-m0.1,0.100000,Monotropa uniflora,True,Monotropa uniflora,0.000000,False,False,,False
Monotropa_uniflora_1.jpg,Monotropa uniflora,True,C-m*raw,0.047722,Monotropa uniflora,True,Monotropa uniflora,0.000000,False,False,,False
Monotropa_uniflora_1.jpg,Monotropa uniflora,True,C-m*hazard,0.047722,Monotropa uniflora,True,Monotropa uniflora,0.000000,False,False,,False
Monotropa_uniflora_2.jpg,Monotropa uniflora,True,A,0.000000,Magnolia grandiflora,False,,inf,False,True,Magnolia grandiflora,False
Monotropa_uniflora_2.jpg,Monotropa uniflora,True,C,0.000000,Magnolia grandiflora,False,Photinia serratifolia,0.015333,False,True,Magnolia grandiflora,False
Monotropa_uniflora_2.jpg,Monotropa uniflora,True,C-m0.01,0.010000,Magnolia grandiflora,False,Photinia serratifolia,0.015333,False,True,Magnolia grandiflora,False
Monotropa_uniflora_2.jpg,Monotropa uniflora,True,C-m0.02,0.020000,Magnolia grandiflora,False,Photinia serratifolia,0.015333,False,False,,False
Monotropa_uniflora_2.jpg,Monotropa uniflora,True,C-m0.03,0.030000,Magnolia grandiflora,False,Photinia serratifolia,0.015333,False,False,,False
Monotropa_uniflora_2.jpg,Monotropa uniflora,True,C-m0.04,0.040000,Magnolia grandiflora,False,Photinia serratifolia,0.015333,False,False,,False
Monotropa_uniflora_2.jpg,Monotropa uniflora,True,C-m0.048,0.048000,Magnolia grandiflora,False,Photinia serratifolia,0.015333,False,False,,False
Monotropa_uniflora_2.jpg,Monotropa uniflora,True,C-m0.05,0.050000,Magnolia grandiflora,False,Photinia serratifolia,0.015333,False,False,,False
Monotropa_uniflora_2.jpg,Monotropa uniflora,True,C-m0.06,0.060000,Magnolia grandiflora,False,Photinia serratifolia,0.015333,False,False,,False
Monotropa_uniflora_2.jpg,Monotropa uniflora,True,C-m0.08,0.080000,Magnolia grandiflora,False,Photinia serratifolia,0.015333,False,False,,False
Monotropa_uniflora_2.jpg,Monotropa uniflora,True,C-m0.1,0.100000,Magnolia grandiflora,False,Photinia serratifolia,0.015333,False,False,,False
Monotropa_uniflora_2.jpg,Monotropa uniflora,True,C-m*raw,0.047722,Magnolia grandiflora,False,Photinia serratifolia,0.015333,False,False,,False
Monotropa_uniflora_2.jpg,Monotropa uniflora,True,C-m*hazard,0.047722,Magnolia grandiflora,False,Photinia serratifolia,0.015333,False,False,,False
Prunus_caroliniana_0.jpg,Prunus caroliniana,True,A,0.000000,Magnolia grandiflora,False,,inf,False,True,Magnolia grandiflora,False
Prunus_caroliniana_0.jpg,Prunus caroliniana,True,C,0.000000,Gelsemium sempervirens,True,Gelsemium sempervirens,0.000000,False,False,,False
Prunus_caroliniana_0.jpg,Prunus caroliniana,True,C-m0.01,0.010000,Gelsemium sempervirens,True,Gelsemium sempervirens,0.000000,False,False,,False
Prunus_caroliniana_0.jpg,Prunus caroliniana,True,C-m0.02,0.020000,Gelsemium sempervirens,True,Gelsemium sempervirens,0.000000,False,False,,False
Prunus_caroliniana_0.jpg,Prunus caroliniana,True,C-m0.03,0.030000,Gelsemium sempervirens,True,Gelsemium sempervirens,0.000000,False,False,,False
Prunus_caroliniana_0.jpg,Prunus caroliniana,True,C-m0.04,0.040000,Gelsemium sempervirens,True,Gelsemium sempervirens,0.000000,False,False,,False
Prunus_caroliniana_0.jpg,Prunus caroliniana,True,C-m0.048,0.048000,Gelsemium sempervirens,True,Gelsemium sempervirens,0.000000,False,False,,False
Prunus_caroliniana_0.jpg,Prunus caroliniana,True,C-m0.05,0.050000,Gelsemium sempervirens,True,Gelsemium sempervirens,0.000000,False,False,,False
Prunus_caroliniana_0.jpg,Prunus caroliniana,True,C-m0.06,0.060000,Gelsemium sempervirens,True,Gelsemium sempervirens,0.000000,False,False,,False
Prunus_caroliniana_0.jpg,Prunus caroliniana,True,C-m0.08,0.080000,Gelsemium sempervirens,True,Gelsemium sempervirens,0.000000,False,False,,False
Prunus_caroliniana_0.jpg,Prunus caroliniana,True,C-m0.1,0.100000,Gelsemium sempervirens,True,Gelsemium sempervirens,0.000000,False,False,,False
Prunus_caroliniana_0.jpg,Prunus caroliniana,True,C-m*raw,0.047722,Gelsemium sempervirens,True,Gelsemium sempervirens,0.000000,False,False,,False
Prunus_caroliniana_0.jpg,Prunus caroliniana,True,C-m*hazard,0.047722,Gelsemium sempervirens,True,Gelsemium sempervirens,0.000000,False,False,,False
Prunus_caroliniana_1.jpg,Prunus caroliniana,True,A,0.000000,Magnolia grandiflora,False,,inf,False,True,Magnolia grandiflora,False
Prunus_caroliniana_1.jpg,Prunus caroliniana,True,C,0.000000,Prunus caroliniana,True,Prunus caroliniana,0.000000,False,False,,False
Prunus_caroliniana_1.jpg,Prunus caroliniana,True,C-m0.01,0.010000,Prunus caroliniana,True,Prunus caroliniana,0.000000,False,False,,False
Prunus_caroliniana_1.jpg,Prunus caroliniana,True,C-m0.02,0.020000,Prunus caroliniana,True,Prunus caroliniana,0.000000,False,False,,False
Prunus_caroliniana_1.jpg,Prunus caroliniana,True,C-m0.03,0.030000,Prunus caroliniana,True,Prunus caroliniana,0.000000,False,False,,False
Prunus_caroliniana_1.jpg,Prunus caroliniana,True,C-m0.04,0.040000,Prunus caroliniana,True,Prunus caroliniana,0.000000,False,False,,False
Prunus_caroliniana_1.jpg,Prunus caroliniana,True,C-m0.048,0.048000,Prunus caroliniana,True,Prunus caroliniana,0.000000,False,False,,False
Prunus_caroliniana_1.jpg,Prunus caroliniana,True,C-m0.05,0.050000,Prunus caroliniana,True,Prunus caroliniana,0.000000,False,False,,False
Prunus_caroliniana_1.jpg,Prunus caroliniana,True,C-m0.06,0.060000,Prunus caroliniana,True,Prunus caroliniana,0.000000,False,False,,False
Prunus_caroliniana_1.jpg,Prunus caroliniana,True,C-m0.08,0.080000,Prunus caroliniana,True,Prunus caroliniana,0.000000,False,False,,False
Prunus_caroliniana_1.jpg,Prunus caroliniana,True,C-m0.1,0.100000,Prunus caroliniana,True,Prunus caroliniana,0.000000,False,False,,False
Prunus_caroliniana_1.jpg,Prunus caroliniana,True,C-m*raw,0.047722,Prunus caroliniana,True,Prunus caroliniana,0.000000,False,False,,False
Prunus_caroliniana_1.jpg,Prunus caroliniana,True,C-m*hazard,0.047722,Prunus caroliniana,True,Prunus caroliniana,0.000000,False,False,,False
Prunus_caroliniana_2.jpg,Prunus caroliniana,True,A,0.000000,Diospyros virginiana,False,,inf,False,True,Diospyros virginiana,False
Prunus_caroliniana_2.jpg,Prunus caroliniana,True,C,0.000000,Prunus caroliniana,True,Prunus caroliniana,0.000000,False,False,,False
Prunus_caroliniana_2.jpg,Prunus caroliniana,True,C-m0.01,0.010000,Prunus caroliniana,True,Prunus caroliniana,0.000000,False,False,,False
Prunus_caroliniana_2.jpg,Prunus caroliniana,True,C-m0.02,0.020000,Prunus caroliniana,True,Prunus caroliniana,0.000000,False,False,,False
Prunus_caroliniana_2.jpg,Prunus caroliniana,True,C-m0.03,0.030000,Prunus caroliniana,True,Prunus caroliniana,0.000000,False,False,,False
Prunus_caroliniana_2.jpg,Prunus caroliniana,True,C-m0.04,0.040000,Prunus caroliniana,True,Prunus caroliniana,0.000000,False,False,,False
Prunus_caroliniana_2.jpg,Prunus caroliniana,True,C-m0.048,0.048000,Prunus caroliniana,True,Prunus caroliniana,0.000000,False,False,,False
Prunus_caroliniana_2.jpg,Prunus caroliniana,True,C-m0.05,0.050000,Prunus caroliniana,True,Prunus caroliniana,0.000000,False,False,,False
Prunus_caroliniana_2.jpg,Prunus caroliniana,True,C-m0.06,0.060000,Prunus caroliniana,True,Prunus caroliniana,0.000000,False,False,,False
Prunus_caroliniana_2.jpg,Prunus caroliniana,True,C-m0.08,0.080000,Prunus caroliniana,True,Prunus caroliniana,0.000000,False,False,,False
Prunus_caroliniana_2.jpg,Prunus caroliniana,True,C-m0.1,0.100000,Prunus caroliniana,True,Prunus caroliniana,0.000000,False,False,,False
Prunus_caroliniana_2.jpg,Prunus caroliniana,True,C-m*raw,0.047722,Prunus caroliniana,True,Prunus caroliniana,0.000000,False,False,,False
Prunus_caroliniana_2.jpg,Prunus caroliniana,True,C-m*hazard,0.047722,Prunus caroliniana,True,Prunus caroliniana,0.000000,False,False,,False
Senna_obtusifolia_0.jpg,Senna obtusifolia,True,A,0.000000,Phyllanthus urinaria,False,,inf,False,True,Phyllanthus urinaria,False
Senna_obtusifolia_0.jpg,Senna obtusifolia,True,C,0.000000,Senna obtusifolia,True,Senna obtusifolia,0.000000,False,False,,False
Senna_obtusifolia_0.jpg,Senna obtusifolia,True,C-m0.01,0.010000,Senna obtusifolia,True,Senna obtusifolia,0.000000,False,False,,False
Senna_obtusifolia_0.jpg,Senna obtusifolia,True,C-m0.02,0.020000,Senna obtusifolia,True,Senna obtusifolia,0.000000,False,False,,False
Senna_obtusifolia_0.jpg,Senna obtusifolia,True,C-m0.03,0.030000,Senna obtusifolia,True,Senna obtusifolia,0.000000,False,False,,False
Senna_obtusifolia_0.jpg,Senna obtusifolia,True,C-m0.04,0.040000,Senna obtusifolia,True,Senna obtusifolia,0.000000,False,False,,False
Senna_obtusifolia_0.jpg,Senna obtusifolia,True,C-m0.048,0.048000,Senna obtusifolia,True,Senna obtusifolia,0.000000,False,False,,False
Senna_obtusifolia_0.jpg,Senna obtusifolia,True,C-m0.05,0.050000,Senna obtusifolia,True,Senna obtusifolia,0.000000,False,False,,False
Senna_obtusifolia_0.jpg,Senna obtusifolia,True,C-m0.06,0.060000,Senna obtusifolia,True,Senna obtusifolia,0.000000,False,False,,False
Senna_obtusifolia_0.jpg,Senna obtusifolia,True,C-m0.08,0.080000,Senna obtusifolia,True,Senna obtusifolia,0.000000,False,False,,False
Senna_obtusifolia_0.jpg,Senna obtusifolia,True,C-m0.1,0.100000,Senna obtusifolia,True,Senna obtusifolia,0.000000,False,False,,False
Senna_obtusifolia_0.jpg,Senna obtusifolia,True,C-m*raw,0.047722,Senna obtusifolia,True,Senna obtusifolia,0.000000,False,False,,False
Senna_obtusifolia_0.jpg,Senna obtusifolia,True,C-m*hazard,0.047722,Senna obtusifolia,True,Senna obtusifolia,0.000000,False,False,,False
Senna_obtusifolia_1.jpg,Senna obtusifolia,True,A,0.000000,Phyllanthus urinaria,False,,inf,False,True,Phyllanthus urinaria,False
Senna_obtusifolia_1.jpg,Senna obtusifolia,True,C,0.000000,Catharanthus roseus,True,Catharanthus roseus,0.000000,False,False,,False
Senna_obtusifolia_1.jpg,Senna obtusifolia,True,C-m0.01,0.010000,Catharanthus roseus,True,Catharanthus roseus,0.000000,False,False,,False
Senna_obtusifolia_1.jpg,Senna obtusifolia,True,C-m0.02,0.020000,Catharanthus roseus,True,Catharanthus roseus,0.000000,False,False,,False
Senna_obtusifolia_1.jpg,Senna obtusifolia,True,C-m0.03,0.030000,Catharanthus roseus,True,Catharanthus roseus,0.000000,False,False,,False
Senna_obtusifolia_1.jpg,Senna obtusifolia,True,C-m0.04,0.040000,Catharanthus roseus,True,Catharanthus roseus,0.000000,False,False,,False
Senna_obtusifolia_1.jpg,Senna obtusifolia,True,C-m0.048,0.048000,Catharanthus roseus,True,Catharanthus roseus,0.000000,False,False,,False
Senna_obtusifolia_1.jpg,Senna obtusifolia,True,C-m0.05,0.050000,Catharanthus roseus,True,Catharanthus roseus,0.000000,False,False,,False
Senna_obtusifolia_1.jpg,Senna obtusifolia,True,C-m0.06,0.060000,Catharanthus roseus,True,Catharanthus roseus,0.000000,False,False,,False
Senna_obtusifolia_1.jpg,Senna obtusifolia,True,C-m0.08,0.080000,Catharanthus roseus,True,Catharanthus roseus,0.000000,False,False,,False
Senna_obtusifolia_1.jpg,Senna obtusifolia,True,C-m0.1,0.100000,Catharanthus roseus,True,Catharanthus roseus,0.000000,False,False,,False
Senna_obtusifolia_1.jpg,Senna obtusifolia,True,C-m*raw,0.047722,Catharanthus roseus,True,Catharanthus roseus,0.000000,False,False,,False
Senna_obtusifolia_1.jpg,Senna obtusifolia,True,C-m*hazard,0.047722,Catharanthus roseus,True,Catharanthus roseus,0.000000,False,False,,False
Senna_obtusifolia_2.jpg,Senna obtusifolia,True,A,0.000000,Phyllanthus urinaria,False,,inf,False,True,Phyllanthus urinaria,False
Senna_obtusifolia_2.jpg,Senna obtusifolia,True,C,0.000000,Senna obtusifolia,True,Senna obtusifolia,0.000000,False,False,,False
Senna_obtusifolia_2.jpg,Senna obtusifolia,True,C-m0.01,0.010000,Senna obtusifolia,True,Senna obtusifolia,0.000000,False,False,,False
Senna_obtusifolia_2.jpg,Senna obtusifolia,True,C-m0.02,0.020000,Senna obtusifolia,True,Senna obtusifolia,0.000000,False,False,,False
Senna_obtusifolia_2.jpg,Senna obtusifolia,True,C-m0.03,0.030000,Senna obtusifolia,True,Senna obtusifolia,0.000000,False,False,,False
Senna_obtusifolia_2.jpg,Senna obtusifolia,True,C-m0.04,0.040000,Senna obtusifolia,True,Senna obtusifolia,0.000000,False,False,,False
Senna_obtusifolia_2.jpg,Senna obtusifolia,True,C-m0.048,0.048000,Senna obtusifolia,True,Senna obtusifolia,0.000000,False,False,,False
Senna_obtusifolia_2.jpg,Senna obtusifolia,True,C-m0.05,0.050000,Senna obtusifolia,True,Senna obtusifolia,0.000000,False,False,,False
Senna_obtusifolia_2.jpg,Senna obtusifolia,True,C-m0.06,0.060000,Senna obtusifolia,True,Senna obtusifolia,0.000000,False,False,,False
Senna_obtusifolia_2.jpg,Senna obtusifolia,True,C-m0.08,0.080000,Senna obtusifolia,True,Senna obtusifolia,0.000000,False,False,,False
Senna_obtusifolia_2.jpg,Senna obtusifolia,True,C-m0.1,0.100000,Senna obtusifolia,True,Senna obtusifolia,0.000000,False,False,,False
Senna_obtusifolia_2.jpg,Senna obtusifolia,True,C-m*raw,0.047722,Senna obtusifolia,True,Senna obtusifolia,0.000000,False,False,,False
Senna_obtusifolia_2.jpg,Senna obtusifolia,True,C-m*hazard,0.047722,Senna obtusifolia,True,Senna obtusifolia,0.000000,False,False,,False
Baccharis_halimifolia_0.jpg,Baccharis halimifolia,True,A,0.000000,Quercus nigra,False,,inf,False,True,Quercus nigra,False
Baccharis_halimifolia_0.jpg,Baccharis halimifolia,True,C,0.000000,Baccharis halimifolia,True,Baccharis halimifolia,0.000000,False,False,,False
Baccharis_halimifolia_0.jpg,Baccharis halimifolia,True,C-m0.01,0.010000,Baccharis halimifolia,True,Baccharis halimifolia,0.000000,False,False,,False
Baccharis_halimifolia_0.jpg,Baccharis halimifolia,True,C-m0.02,0.020000,Baccharis halimifolia,True,Baccharis halimifolia,0.000000,False,False,,False
Baccharis_halimifolia_0.jpg,Baccharis halimifolia,True,C-m0.03,0.030000,Baccharis halimifolia,True,Baccharis halimifolia,0.000000,False,False,,False
Baccharis_halimifolia_0.jpg,Baccharis halimifolia,True,C-m0.04,0.040000,Baccharis halimifolia,True,Baccharis halimifolia,0.000000,False,False,,False
Baccharis_halimifolia_0.jpg,Baccharis halimifolia,True,C-m0.048,0.048000,Baccharis halimifolia,True,Baccharis halimifolia,0.000000,False,False,,False
Baccharis_halimifolia_0.jpg,Baccharis halimifolia,True,C-m0.05,0.050000,Baccharis halimifolia,True,Baccharis halimifolia,0.000000,False,False,,False
Baccharis_halimifolia_0.jpg,Baccharis halimifolia,True,C-m0.06,0.060000,Baccharis halimifolia,True,Baccharis halimifolia,0.000000,False,False,,False
Baccharis_halimifolia_0.jpg,Baccharis halimifolia,True,C-m0.08,0.080000,Baccharis halimifolia,True,Baccharis halimifolia,0.000000,False,False,,False
Baccharis_halimifolia_0.jpg,Baccharis halimifolia,True,C-m0.1,0.100000,Baccharis halimifolia,True,Baccharis halimifolia,0.000000,False,False,,False
Baccharis_halimifolia_0.jpg,Baccharis halimifolia,True,C-m*raw,0.047722,Baccharis halimifolia,True,Baccharis halimifolia,0.000000,False,False,,False
Baccharis_halimifolia_0.jpg,Baccharis halimifolia,True,C-m*hazard,0.047722,Baccharis halimifolia,True,Baccharis halimifolia,0.000000,False,False,,False
Baccharis_halimifolia_1.jpg,Baccharis halimifolia,True,A,0.000000,Erechtites hieraciifolius,False,,inf,False,True,Erechtites hieraciifolius,False
Baccharis_halimifolia_1.jpg,Baccharis halimifolia,True,C,0.000000,Smilax tamnoides,True,Smilax tamnoides,0.000000,False,False,,False
Baccharis_halimifolia_1.jpg,Baccharis halimifolia,True,C-m0.01,0.010000,Smilax tamnoides,True,Smilax tamnoides,0.000000,False,False,,False
Baccharis_halimifolia_1.jpg,Baccharis halimifolia,True,C-m0.02,0.020000,Smilax tamnoides,True,Smilax tamnoides,0.000000,False,False,,False
Baccharis_halimifolia_1.jpg,Baccharis halimifolia,True,C-m0.03,0.030000,Smilax tamnoides,True,Smilax tamnoides,0.000000,False,False,,False
Baccharis_halimifolia_1.jpg,Baccharis halimifolia,True,C-m0.04,0.040000,Smilax tamnoides,True,Smilax tamnoides,0.000000,False,False,,False
Baccharis_halimifolia_1.jpg,Baccharis halimifolia,True,C-m0.048,0.048000,Smilax tamnoides,True,Smilax tamnoides,0.000000,False,False,,False
Baccharis_halimifolia_1.jpg,Baccharis halimifolia,True,C-m0.05,0.050000,Smilax tamnoides,True,Smilax tamnoides,0.000000,False,False,,False
Baccharis_halimifolia_1.jpg,Baccharis halimifolia,True,C-m0.06,0.060000,Smilax tamnoides,True,Smilax tamnoides,0.000000,False,False,,False
Baccharis_halimifolia_1.jpg,Baccharis halimifolia,True,C-m0.08,0.080000,Smilax tamnoides,True,Smilax tamnoides,0.000000,False,False,,False
Baccharis_halimifolia_1.jpg,Baccharis halimifolia,True,C-m0.1,0.100000,Smilax tamnoides,True,Smilax tamnoides,0.000000,False,False,,False
Baccharis_halimifolia_1.jpg,Baccharis halimifolia,True,C-m*raw,0.047722,Smilax tamnoides,True,Smilax tamnoides,0.000000,False,False,,False
Baccharis_halimifolia_1.jpg,Baccharis halimifolia,True,C-m*hazard,0.047722,Smilax tamnoides,True,Smilax tamnoides,0.000000,False,False,,False
Baccharis_halimifolia_2.jpg,Baccharis halimifolia,True,A,0.000000,Rhus copallinum,False,,inf,False,True,Rhus copallinum,False
Baccharis_halimifolia_2.jpg,Baccharis halimifolia,True,C,0.000000,Baccharis halimifolia,True,Baccharis halimifolia,0.000000,False,False,,False
Baccharis_halimifolia_2.jpg,Baccharis halimifolia,True,C-m0.01,0.010000,Baccharis halimifolia,True,Baccharis halimifolia,0.000000,False,False,,False
Baccharis_halimifolia_2.jpg,Baccharis halimifolia,True,C-m0.02,0.020000,Baccharis halimifolia,True,Baccharis halimifolia,0.000000,False,False,,False
Baccharis_halimifolia_2.jpg,Baccharis halimifolia,True,C-m0.03,0.030000,Baccharis halimifolia,True,Baccharis halimifolia,0.000000,False,False,,False
Baccharis_halimifolia_2.jpg,Baccharis halimifolia,True,C-m0.04,0.040000,Baccharis halimifolia,True,Baccharis halimifolia,0.000000,False,False,,False
Baccharis_halimifolia_2.jpg,Baccharis halimifolia,True,C-m0.048,0.048000,Baccharis halimifolia,True,Baccharis halimifolia,0.000000,False,False,,False
Baccharis_halimifolia_2.jpg,Baccharis halimifolia,True,C-m0.05,0.050000,Baccharis halimifolia,True,Baccharis halimifolia,0.000000,False,False,,False
Baccharis_halimifolia_2.jpg,Baccharis halimifolia,True,C-m0.06,0.060000,Baccharis halimifolia,True,Baccharis halimifolia,0.000000,False,False,,False
Baccharis_halimifolia_2.jpg,Baccharis halimifolia,True,C-m0.08,0.080000,Baccharis halimifolia,True,Baccharis halimifolia,0.000000,False,False,,False
Baccharis_halimifolia_2.jpg,Baccharis halimifolia,True,C-m0.1,0.100000,Baccharis halimifolia,True,Baccharis halimifolia,0.000000,False,False,,False
Baccharis_halimifolia_2.jpg,Baccharis halimifolia,True,C-m*raw,0.047722,Baccharis halimifolia,True,Baccharis halimifolia,0.000000,False,False,,False
Baccharis_halimifolia_2.jpg,Baccharis halimifolia,True,C-m*hazard,0.047722,Baccharis halimifolia,True,Baccharis halimifolia,0.000000,False,False,,False
Lobelia_puberula_0.jpg,Lobelia puberula,True,A,0.000000,Conoclinium coelestinum,False,,inf,False,True,Conoclinium coelestinum,False
Lobelia_puberula_0.jpg,Lobelia puberula,True,C,0.000000,Lobelia puberula,True,Lobelia puberula,0.000000,False,False,,False
Lobelia_puberula_0.jpg,Lobelia puberula,True,C-m0.01,0.010000,Lobelia puberula,True,Lobelia puberula,0.000000,False,False,,False
Lobelia_puberula_0.jpg,Lobelia puberula,True,C-m0.02,0.020000,Lobelia puberula,True,Lobelia puberula,0.000000,False,False,,False
Lobelia_puberula_0.jpg,Lobelia puberula,True,C-m0.03,0.030000,Lobelia puberula,True,Lobelia puberula,0.000000,False,False,,False
Lobelia_puberula_0.jpg,Lobelia puberula,True,C-m0.04,0.040000,Lobelia puberula,True,Lobelia puberula,0.000000,False,False,,False
Lobelia_puberula_0.jpg,Lobelia puberula,True,C-m0.048,0.048000,Lobelia puberula,True,Lobelia puberula,0.000000,False,False,,False
Lobelia_puberula_0.jpg,Lobelia puberula,True,C-m0.05,0.050000,Lobelia puberula,True,Lobelia puberula,0.000000,False,False,,False
Lobelia_puberula_0.jpg,Lobelia puberula,True,C-m0.06,0.060000,Lobelia puberula,True,Lobelia puberula,0.000000,False,False,,False
Lobelia_puberula_0.jpg,Lobelia puberula,True,C-m0.08,0.080000,Lobelia puberula,True,Lobelia puberula,0.000000,False,False,,False
Lobelia_puberula_0.jpg,Lobelia puberula,True,C-m0.1,0.100000,Lobelia puberula,True,Lobelia puberula,0.000000,False,False,,False
Lobelia_puberula_0.jpg,Lobelia puberula,True,C-m*raw,0.047722,Lobelia puberula,True,Lobelia puberula,0.000000,False,False,,False
Lobelia_puberula_0.jpg,Lobelia puberula,True,C-m*hazard,0.047722,Lobelia puberula,True,Lobelia puberula,0.000000,False,False,,False
Lobelia_puberula_1.jpg,Lobelia puberula,True,A,0.000000,Conoclinium coelestinum,False,,inf,False,True,Conoclinium coelestinum,False
Lobelia_puberula_1.jpg,Lobelia puberula,True,C,0.000000,Lobelia puberula,True,Lobelia puberula,0.000000,False,False,,False
Lobelia_puberula_1.jpg,Lobelia puberula,True,C-m0.01,0.010000,Lobelia puberula,True,Lobelia puberula,0.000000,False,False,,False
Lobelia_puberula_1.jpg,Lobelia puberula,True,C-m0.02,0.020000,Lobelia puberula,True,Lobelia puberula,0.000000,False,False,,False
Lobelia_puberula_1.jpg,Lobelia puberula,True,C-m0.03,0.030000,Lobelia puberula,True,Lobelia puberula,0.000000,False,False,,False
Lobelia_puberula_1.jpg,Lobelia puberula,True,C-m0.04,0.040000,Lobelia puberula,True,Lobelia puberula,0.000000,False,False,,False
Lobelia_puberula_1.jpg,Lobelia puberula,True,C-m0.048,0.048000,Lobelia puberula,True,Lobelia puberula,0.000000,False,False,,False
Lobelia_puberula_1.jpg,Lobelia puberula,True,C-m0.05,0.050000,Lobelia puberula,True,Lobelia puberula,0.000000,False,False,,False
Lobelia_puberula_1.jpg,Lobelia puberula,True,C-m0.06,0.060000,Lobelia puberula,True,Lobelia puberula,0.000000,False,False,,False
Lobelia_puberula_1.jpg,Lobelia puberula,True,C-m0.08,0.080000,Lobelia puberula,True,Lobelia puberula,0.000000,False,False,,False
Lobelia_puberula_1.jpg,Lobelia puberula,True,C-m0.1,0.100000,Lobelia puberula,True,Lobelia puberula,0.000000,False,False,,False
Lobelia_puberula_1.jpg,Lobelia puberula,True,C-m*raw,0.047722,Lobelia puberula,True,Lobelia puberula,0.000000,False,False,,False
Lobelia_puberula_1.jpg,Lobelia puberula,True,C-m*hazard,0.047722,Lobelia puberula,True,Lobelia puberula,0.000000,False,False,,False
Lobelia_puberula_2.jpg,Lobelia puberula,True,A,0.000000,Conoclinium coelestinum,False,,inf,False,True,Conoclinium coelestinum,False
Lobelia_puberula_2.jpg,Lobelia puberula,True,C,0.000000,Lobelia puberula,True,Lobelia puberula,0.000000,False,False,,False
Lobelia_puberula_2.jpg,Lobelia puberula,True,C-m0.01,0.010000,Lobelia puberula,True,Lobelia puberula,0.000000,False,False,,False
Lobelia_puberula_2.jpg,Lobelia puberula,True,C-m0.02,0.020000,Lobelia puberula,True,Lobelia puberula,0.000000,False,False,,False
Lobelia_puberula_2.jpg,Lobelia puberula,True,C-m0.03,0.030000,Lobelia puberula,True,Lobelia puberula,0.000000,False,False,,False
Lobelia_puberula_2.jpg,Lobelia puberula,True,C-m0.04,0.040000,Lobelia puberula,True,Lobelia puberula,0.000000,False,False,,False
Lobelia_puberula_2.jpg,Lobelia puberula,True,C-m0.048,0.048000,Lobelia puberula,True,Lobelia puberula,0.000000,False,False,,False
Lobelia_puberula_2.jpg,Lobelia puberula,True,C-m0.05,0.050000,Lobelia puberula,True,Lobelia puberula,0.000000,False,False,,False
Lobelia_puberula_2.jpg,Lobelia puberula,True,C-m0.06,0.060000,Lobelia puberula,True,Lobelia puberula,0.000000,False,False,,False
Lobelia_puberula_2.jpg,Lobelia puberula,True,C-m0.08,0.080000,Lobelia puberula,True,Lobelia puberula,0.000000,False,False,,False
Lobelia_puberula_2.jpg,Lobelia puberula,True,C-m0.1,0.100000,Lobelia puberula,True,Lobelia puberula,0.000000,False,False,,False
Lobelia_puberula_2.jpg,Lobelia puberula,True,C-m*raw,0.047722,Lobelia puberula,True,Lobelia puberula,0.000000,False,False,,False
Lobelia_puberula_2.jpg,Lobelia puberula,True,C-m*hazard,0.047722,Lobelia puberula,True,Lobelia puberula,0.000000,False,False,,False
Diodia_virginiana_0.jpg,Diodia virginiana,True,A,0.000000,Phyllanthus urinaria,False,,inf,False,True,Phyllanthus urinaria,False
Diodia_virginiana_0.jpg,Diodia virginiana,True,C,0.000000,Diodia virginiana,True,Diodia virginiana,0.000000,False,False,,False
Diodia_virginiana_0.jpg,Diodia virginiana,True,C-m0.01,0.010000,Diodia virginiana,True,Diodia virginiana,0.000000,False,False,,False
Diodia_virginiana_0.jpg,Diodia virginiana,True,C-m0.02,0.020000,Diodia virginiana,True,Diodia virginiana,0.000000,False,False,,False
Diodia_virginiana_0.jpg,Diodia virginiana,True,C-m0.03,0.030000,Diodia virginiana,True,Diodia virginiana,0.000000,False,False,,False
Diodia_virginiana_0.jpg,Diodia virginiana,True,C-m0.04,0.040000,Diodia virginiana,True,Diodia virginiana,0.000000,False,False,,False
Diodia_virginiana_0.jpg,Diodia virginiana,True,C-m0.048,0.048000,Diodia virginiana,True,Diodia virginiana,0.000000,False,False,,False
Diodia_virginiana_0.jpg,Diodia virginiana,True,C-m0.05,0.050000,Diodia virginiana,True,Diodia virginiana,0.000000,False,False,,False
Diodia_virginiana_0.jpg,Diodia virginiana,True,C-m0.06,0.060000,Diodia virginiana,True,Diodia virginiana,0.000000,False,False,,False
Diodia_virginiana_0.jpg,Diodia virginiana,True,C-m0.08,0.080000,Diodia virginiana,True,Diodia virginiana,0.000000,False,False,,False
Diodia_virginiana_0.jpg,Diodia virginiana,True,C-m0.1,0.100000,Diodia virginiana,True,Diodia virginiana,0.000000,False,False,,False
Diodia_virginiana_0.jpg,Diodia virginiana,True,C-m*raw,0.047722,Diodia virginiana,True,Diodia virginiana,0.000000,False,False,,False
Diodia_virginiana_0.jpg,Diodia virginiana,True,C-m*hazard,0.047722,Diodia virginiana,True,Diodia virginiana,0.000000,False,False,,False
Diodia_virginiana_1.jpg,Diodia virginiana,True,A,0.000000,Chimaphila maculata,False,,inf,False,True,Chimaphila maculata,False
Diodia_virginiana_1.jpg,Diodia virginiana,True,C,0.000000,Diodia virginiana,True,Diodia virginiana,0.000000,False,False,,False
Diodia_virginiana_1.jpg,Diodia virginiana,True,C-m0.01,0.010000,Diodia virginiana,True,Diodia virginiana,0.000000,False,False,,False
Diodia_virginiana_1.jpg,Diodia virginiana,True,C-m0.02,0.020000,Diodia virginiana,True,Diodia virginiana,0.000000,False,False,,False
Diodia_virginiana_1.jpg,Diodia virginiana,True,C-m0.03,0.030000,Diodia virginiana,True,Diodia virginiana,0.000000,False,False,,False
Diodia_virginiana_1.jpg,Diodia virginiana,True,C-m0.04,0.040000,Diodia virginiana,True,Diodia virginiana,0.000000,False,False,,False
Diodia_virginiana_1.jpg,Diodia virginiana,True,C-m0.048,0.048000,Diodia virginiana,True,Diodia virginiana,0.000000,False,False,,False
Diodia_virginiana_1.jpg,Diodia virginiana,True,C-m0.05,0.050000,Diodia virginiana,True,Diodia virginiana,0.000000,False,False,,False
Diodia_virginiana_1.jpg,Diodia virginiana,True,C-m0.06,0.060000,Diodia virginiana,True,Diodia virginiana,0.000000,False,False,,False
Diodia_virginiana_1.jpg,Diodia virginiana,True,C-m0.08,0.080000,Diodia virginiana,True,Diodia virginiana,0.000000,False,False,,False
Diodia_virginiana_1.jpg,Diodia virginiana,True,C-m0.1,0.100000,Diodia virginiana,True,Diodia virginiana,0.000000,False,False,,False
Diodia_virginiana_1.jpg,Diodia virginiana,True,C-m*raw,0.047722,Diodia virginiana,True,Diodia virginiana,0.000000,False,False,,False
Diodia_virginiana_1.jpg,Diodia virginiana,True,C-m*hazard,0.047722,Diodia virginiana,True,Diodia virginiana,0.000000,False,False,,False
Diodia_virginiana_2.jpg,Diodia virginiana,True,A,0.000000,Chimaphila maculata,False,,inf,False,True,Chimaphila maculata,False
Diodia_virginiana_2.jpg,Diodia virginiana,True,C,0.000000,Diodia virginiana,True,Diodia virginiana,0.000000,False,False,,False
Diodia_virginiana_2.jpg,Diodia virginiana,True,C-m0.01,0.010000,Diodia virginiana,True,Diodia virginiana,0.000000,False,False,,False
Diodia_virginiana_2.jpg,Diodia virginiana,True,C-m0.02,0.020000,Diodia virginiana,True,Diodia virginiana,0.000000,False,False,,False
Diodia_virginiana_2.jpg,Diodia virginiana,True,C-m0.03,0.030000,Diodia virginiana,True,Diodia virginiana,0.000000,False,False,,False
Diodia_virginiana_2.jpg,Diodia virginiana,True,C-m0.04,0.040000,Diodia virginiana,True,Diodia virginiana,0.000000,False,False,,False
Diodia_virginiana_2.jpg,Diodia virginiana,True,C-m0.048,0.048000,Diodia virginiana,True,Diodia virginiana,0.000000,False,False,,False
Diodia_virginiana_2.jpg,Diodia virginiana,True,C-m0.05,0.050000,Diodia virginiana,True,Diodia virginiana,0.000000,False,False,,False
Diodia_virginiana_2.jpg,Diodia virginiana,True,C-m0.06,0.060000,Diodia virginiana,True,Diodia virginiana,0.000000,False,False,,False
Diodia_virginiana_2.jpg,Diodia virginiana,True,C-m0.08,0.080000,Diodia virginiana,True,Diodia virginiana,0.000000,False,False,,False
Diodia_virginiana_2.jpg,Diodia virginiana,True,C-m0.1,0.100000,Diodia virginiana,True,Diodia virginiana,0.000000,False,False,,False
Diodia_virginiana_2.jpg,Diodia virginiana,True,C-m*raw,0.047722,Diodia virginiana,True,Diodia virginiana,0.000000,False,False,,False
Diodia_virginiana_2.jpg,Diodia virginiana,True,C-m*hazard,0.047722,Diodia virginiana,True,Diodia virginiana,0.000000,False,False,,False
Ageratina_altissima_0.jpg,Ageratina altissima,True,A,0.000000,Conoclinium coelestinum,False,,inf,False,True,Conoclinium coelestinum,False
Ageratina_altissima_0.jpg,Ageratina altissima,True,C,0.000000,Eupatorium serotinum,True,Eupatorium serotinum,0.000000,False,False,,False
Ageratina_altissima_0.jpg,Ageratina altissima,True,C-m0.01,0.010000,Eupatorium serotinum,True,Eupatorium serotinum,0.000000,False,False,,False
Ageratina_altissima_0.jpg,Ageratina altissima,True,C-m0.02,0.020000,Eupatorium serotinum,True,Eupatorium serotinum,0.000000,False,False,,False
Ageratina_altissima_0.jpg,Ageratina altissima,True,C-m0.03,0.030000,Eupatorium serotinum,True,Eupatorium serotinum,0.000000,False,False,,False
Ageratina_altissima_0.jpg,Ageratina altissima,True,C-m0.04,0.040000,Eupatorium serotinum,True,Eupatorium serotinum,0.000000,False,False,,False
Ageratina_altissima_0.jpg,Ageratina altissima,True,C-m0.048,0.048000,Eupatorium serotinum,True,Eupatorium serotinum,0.000000,False,False,,False
Ageratina_altissima_0.jpg,Ageratina altissima,True,C-m0.05,0.050000,Eupatorium serotinum,True,Eupatorium serotinum,0.000000,False,False,,False
Ageratina_altissima_0.jpg,Ageratina altissima,True,C-m0.06,0.060000,Eupatorium serotinum,True,Eupatorium serotinum,0.000000,False,False,,False
Ageratina_altissima_0.jpg,Ageratina altissima,True,C-m0.08,0.080000,Eupatorium serotinum,True,Eupatorium serotinum,0.000000,False,False,,False
Ageratina_altissima_0.jpg,Ageratina altissima,True,C-m0.1,0.100000,Eupatorium serotinum,True,Eupatorium serotinum,0.000000,False,False,,False
Ageratina_altissima_0.jpg,Ageratina altissima,True,C-m*raw,0.047722,Eupatorium serotinum,True,Eupatorium serotinum,0.000000,False,False,,False
Ageratina_altissima_0.jpg,Ageratina altissima,True,C-m*hazard,0.047722,Eupatorium serotinum,True,Eupatorium serotinum,0.000000,False,False,,False
Ageratina_altissima_1.jpg,Ageratina altissima,True,A,0.000000,Callicarpa americana,False,,inf,False,True,Callicarpa americana,False
Ageratina_altissima_1.jpg,Ageratina altissima,True,C,0.000000,Sambucus canadensis,True,Sambucus canadensis,0.000000,False,False,,False
Ageratina_altissima_1.jpg,Ageratina altissima,True,C-m0.01,0.010000,Sambucus canadensis,True,Sambucus canadensis,0.000000,False,False,,False
Ageratina_altissima_1.jpg,Ageratina altissima,True,C-m0.02,0.020000,Sambucus canadensis,True,Sambucus canadensis,0.000000,False,False,,False
Ageratina_altissima_1.jpg,Ageratina altissima,True,C-m0.03,0.030000,Sambucus canadensis,True,Sambucus canadensis,0.000000,False,False,,False
Ageratina_altissima_1.jpg,Ageratina altissima,True,C-m0.04,0.040000,Sambucus canadensis,True,Sambucus canadensis,0.000000,False,False,,False
Ageratina_altissima_1.jpg,Ageratina altissima,True,C-m0.048,0.048000,Sambucus canadensis,True,Sambucus canadensis,0.000000,False,False,,False
Ageratina_altissima_1.jpg,Ageratina altissima,True,C-m0.05,0.050000,Sambucus canadensis,True,Sambucus canadensis,0.000000,False,False,,False
Ageratina_altissima_1.jpg,Ageratina altissima,True,C-m0.06,0.060000,Sambucus canadensis,True,Sambucus canadensis,0.000000,False,False,,False
Ageratina_altissima_1.jpg,Ageratina altissima,True,C-m0.08,0.080000,Sambucus canadensis,True,Sambucus canadensis,0.000000,False,False,,False
Ageratina_altissima_1.jpg,Ageratina altissima,True,C-m0.1,0.100000,Sambucus canadensis,True,Sambucus canadensis,0.000000,False,False,,False
Ageratina_altissima_1.jpg,Ageratina altissima,True,C-m*raw,0.047722,Sambucus canadensis,True,Sambucus canadensis,0.000000,False,False,,False
Ageratina_altissima_1.jpg,Ageratina altissima,True,C-m*hazard,0.047722,Sambucus canadensis,True,Sambucus canadensis,0.000000,False,False,,False
Ageratina_altissima_2.jpg,Ageratina altissima,True,A,0.000000,Conoclinium coelestinum,False,,inf,False,True,Conoclinium coelestinum,False
Ageratina_altissima_2.jpg,Ageratina altissima,True,C,0.000000,Ageratina altissima,True,Ageratina altissima,0.000000,False,False,,False
Ageratina_altissima_2.jpg,Ageratina altissima,True,C-m0.01,0.010000,Ageratina altissima,True,Ageratina altissima,0.000000,False,False,,False
Ageratina_altissima_2.jpg,Ageratina altissima,True,C-m0.02,0.020000,Ageratina altissima,True,Ageratina altissima,0.000000,False,False,,False
Ageratina_altissima_2.jpg,Ageratina altissima,True,C-m0.03,0.030000,Ageratina altissima,True,Ageratina altissima,0.000000,False,False,,False
Ageratina_altissima_2.jpg,Ageratina altissima,True,C-m0.04,0.040000,Ageratina altissima,True,Ageratina altissima,0.000000,False,False,,False
Ageratina_altissima_2.jpg,Ageratina altissima,True,C-m0.048,0.048000,Ageratina altissima,True,Ageratina altissima,0.000000,False,False,,False
Ageratina_altissima_2.jpg,Ageratina altissima,True,C-m0.05,0.050000,Ageratina altissima,True,Ageratina altissima,0.000000,False,False,,False
Ageratina_altissima_2.jpg,Ageratina altissima,True,C-m0.06,0.060000,Ageratina altissima,True,Ageratina altissima,0.000000,False,False,,False
Ageratina_altissima_2.jpg,Ageratina altissima,True,C-m0.08,0.080000,Ageratina altissima,True,Ageratina altissima,0.000000,False,False,,False
Ageratina_altissima_2.jpg,Ageratina altissima,True,C-m0.1,0.100000,Ageratina altissima,True,Ageratina altissima,0.000000,False,False,,False
Ageratina_altissima_2.jpg,Ageratina altissima,True,C-m*raw,0.047722,Ageratina altissima,True,Ageratina altissima,0.000000,False,False,,False
Ageratina_altissima_2.jpg,Ageratina altissima,True,C-m*hazard,0.047722,Ageratina altissima,True,Ageratina altissima,0.000000,False,False,,False
Pleopeltis_michauxiana_0.jpg,Pleopeltis michauxiana,True,A,0.000000,Phyllanthus urinaria,False,,inf,False,True,Phyllanthus urinaria,False
Pleopeltis_michauxiana_0.jpg,Pleopeltis michauxiana,True,C,0.000000,Pleopeltis michauxiana,True,Pleopeltis michauxiana,0.000000,False,False,,False
Pleopeltis_michauxiana_0.jpg,Pleopeltis michauxiana,True,C-m0.01,0.010000,Pleopeltis michauxiana,True,Pleopeltis michauxiana,0.000000,False,False,,False
Pleopeltis_michauxiana_0.jpg,Pleopeltis michauxiana,True,C-m0.02,0.020000,Pleopeltis michauxiana,True,Pleopeltis michauxiana,0.000000,False,False,,False
Pleopeltis_michauxiana_0.jpg,Pleopeltis michauxiana,True,C-m0.03,0.030000,Pleopeltis michauxiana,True,Pleopeltis michauxiana,0.000000,False,False,,False
Pleopeltis_michauxiana_0.jpg,Pleopeltis michauxiana,True,C-m0.04,0.040000,Pleopeltis michauxiana,True,Pleopeltis michauxiana,0.000000,False,False,,False
Pleopeltis_michauxiana_0.jpg,Pleopeltis michauxiana,True,C-m0.048,0.048000,Pleopeltis michauxiana,True,Pleopeltis michauxiana,0.000000,False,False,,False
Pleopeltis_michauxiana_0.jpg,Pleopeltis michauxiana,True,C-m0.05,0.050000,Pleopeltis michauxiana,True,Pleopeltis michauxiana,0.000000,False,False,,False
Pleopeltis_michauxiana_0.jpg,Pleopeltis michauxiana,True,C-m0.06,0.060000,Pleopeltis michauxiana,True,Pleopeltis michauxiana,0.000000,False,False,,False
Pleopeltis_michauxiana_0.jpg,Pleopeltis michauxiana,True,C-m0.08,0.080000,Pleopeltis michauxiana,True,Pleopeltis michauxiana,0.000000,False,False,,False
Pleopeltis_michauxiana_0.jpg,Pleopeltis michauxiana,True,C-m0.1,0.100000,Pleopeltis michauxiana,True,Pleopeltis michauxiana,0.000000,False,False,,False
Pleopeltis_michauxiana_0.jpg,Pleopeltis michauxiana,True,C-m*raw,0.047722,Pleopeltis michauxiana,True,Pleopeltis michauxiana,0.000000,False,False,,False
Pleopeltis_michauxiana_0.jpg,Pleopeltis michauxiana,True,C-m*hazard,0.047722,Pleopeltis michauxiana,True,Pleopeltis michauxiana,0.000000,False,False,,False
Pleopeltis_michauxiana_1.jpg,Pleopeltis michauxiana,True,A,0.000000,Magnolia grandiflora,False,,inf,False,True,Magnolia grandiflora,False
Pleopeltis_michauxiana_1.jpg,Pleopeltis michauxiana,True,C,0.000000,Pleopeltis michauxiana,True,Pleopeltis michauxiana,0.000000,False,False,,False
Pleopeltis_michauxiana_1.jpg,Pleopeltis michauxiana,True,C-m0.01,0.010000,Pleopeltis michauxiana,True,Pleopeltis michauxiana,0.000000,False,False,,False
Pleopeltis_michauxiana_1.jpg,Pleopeltis michauxiana,True,C-m0.02,0.020000,Pleopeltis michauxiana,True,Pleopeltis michauxiana,0.000000,False,False,,False
Pleopeltis_michauxiana_1.jpg,Pleopeltis michauxiana,True,C-m0.03,0.030000,Pleopeltis michauxiana,True,Pleopeltis michauxiana,0.000000,False,False,,False
Pleopeltis_michauxiana_1.jpg,Pleopeltis michauxiana,True,C-m0.04,0.040000,Pleopeltis michauxiana,True,Pleopeltis michauxiana,0.000000,False,False,,False
Pleopeltis_michauxiana_1.jpg,Pleopeltis michauxiana,True,C-m0.048,0.048000,Pleopeltis michauxiana,True,Pleopeltis michauxiana,0.000000,False,False,,False
Pleopeltis_michauxiana_1.jpg,Pleopeltis michauxiana,True,C-m0.05,0.050000,Pleopeltis michauxiana,True,Pleopeltis michauxiana,0.000000,False,False,,False
Pleopeltis_michauxiana_1.jpg,Pleopeltis michauxiana,True,C-m0.06,0.060000,Pleopeltis michauxiana,True,Pleopeltis michauxiana,0.000000,False,False,,False
Pleopeltis_michauxiana_1.jpg,Pleopeltis michauxiana,True,C-m0.08,0.080000,Pleopeltis michauxiana,True,Pleopeltis michauxiana,0.000000,False,False,,False
Pleopeltis_michauxiana_1.jpg,Pleopeltis michauxiana,True,C-m0.1,0.100000,Pleopeltis michauxiana,True,Pleopeltis michauxiana,0.000000,False,False,,False
Pleopeltis_michauxiana_1.jpg,Pleopeltis michauxiana,True,C-m*raw,0.047722,Pleopeltis michauxiana,True,Pleopeltis michauxiana,0.000000,False,False,,False
Pleopeltis_michauxiana_1.jpg,Pleopeltis michauxiana,True,C-m*hazard,0.047722,Pleopeltis michauxiana,True,Pleopeltis michauxiana,0.000000,False,False,,False
Pleopeltis_michauxiana_2.jpg,Pleopeltis michauxiana,True,A,0.000000,Magnolia grandiflora,False,,inf,False,True,Magnolia grandiflora,False
Pleopeltis_michauxiana_2.jpg,Pleopeltis michauxiana,True,C,0.000000,Pontederia crassipes,True,Pontederia crassipes,0.000000,False,False,,False
Pleopeltis_michauxiana_2.jpg,Pleopeltis michauxiana,True,C-m0.01,0.010000,Pontederia crassipes,True,Pontederia crassipes,0.000000,False,False,,False
Pleopeltis_michauxiana_2.jpg,Pleopeltis michauxiana,True,C-m0.02,0.020000,Pontederia crassipes,True,Pontederia crassipes,0.000000,False,False,,False
Pleopeltis_michauxiana_2.jpg,Pleopeltis michauxiana,True,C-m0.03,0.030000,Pontederia crassipes,True,Pontederia crassipes,0.000000,False,False,,False
Pleopeltis_michauxiana_2.jpg,Pleopeltis michauxiana,True,C-m0.04,0.040000,Pontederia crassipes,True,Pontederia crassipes,0.000000,False,False,,False
Pleopeltis_michauxiana_2.jpg,Pleopeltis michauxiana,True,C-m0.048,0.048000,Pontederia crassipes,True,Pontederia crassipes,0.000000,False,False,,False
Pleopeltis_michauxiana_2.jpg,Pleopeltis michauxiana,True,C-m0.05,0.050000,Pontederia crassipes,True,Pontederia crassipes,0.000000,False,False,,False
Pleopeltis_michauxiana_2.jpg,Pleopeltis michauxiana,True,C-m0.06,0.060000,Pontederia crassipes,True,Pontederia crassipes,0.000000,False,False,,False
Pleopeltis_michauxiana_2.jpg,Pleopeltis michauxiana,True,C-m0.08,0.080000,Pontederia crassipes,True,Pontederia crassipes,0.000000,False,False,,False
Pleopeltis_michauxiana_2.jpg,Pleopeltis michauxiana,True,C-m0.1,0.100000,Pontederia crassipes,True,Pontederia crassipes,0.000000,False,False,,False
Pleopeltis_michauxiana_2.jpg,Pleopeltis michauxiana,True,C-m*raw,0.047722,Pontederia crassipes,True,Pontederia crassipes,0.000000,False,False,,False
Pleopeltis_michauxiana_2.jpg,Pleopeltis michauxiana,True,C-m*hazard,0.047722,Pontederia crassipes,True,Pontederia crassipes,0.000000,False,False,,False
Cephalanthus_occidentalis_0.jpg,Cephalanthus occidentalis,True,A,0.000000,Callicarpa americana,False,,inf,False,True,Callicarpa americana,False
Cephalanthus_occidentalis_0.jpg,Cephalanthus occidentalis,True,C,0.000000,Cephalanthus occidentalis,True,Cephalanthus occidentalis,0.000000,False,False,,False
Cephalanthus_occidentalis_0.jpg,Cephalanthus occidentalis,True,C-m0.01,0.010000,Cephalanthus occidentalis,True,Cephalanthus occidentalis,0.000000,False,False,,False
Cephalanthus_occidentalis_0.jpg,Cephalanthus occidentalis,True,C-m0.02,0.020000,Cephalanthus occidentalis,True,Cephalanthus occidentalis,0.000000,False,False,,False
Cephalanthus_occidentalis_0.jpg,Cephalanthus occidentalis,True,C-m0.03,0.030000,Cephalanthus occidentalis,True,Cephalanthus occidentalis,0.000000,False,False,,False
Cephalanthus_occidentalis_0.jpg,Cephalanthus occidentalis,True,C-m0.04,0.040000,Cephalanthus occidentalis,True,Cephalanthus occidentalis,0.000000,False,False,,False
Cephalanthus_occidentalis_0.jpg,Cephalanthus occidentalis,True,C-m0.048,0.048000,Cephalanthus occidentalis,True,Cephalanthus occidentalis,0.000000,False,False,,False
Cephalanthus_occidentalis_0.jpg,Cephalanthus occidentalis,True,C-m0.05,0.050000,Cephalanthus occidentalis,True,Cephalanthus occidentalis,0.000000,False,False,,False
Cephalanthus_occidentalis_0.jpg,Cephalanthus occidentalis,True,C-m0.06,0.060000,Cephalanthus occidentalis,True,Cephalanthus occidentalis,0.000000,False,False,,False
Cephalanthus_occidentalis_0.jpg,Cephalanthus occidentalis,True,C-m0.08,0.080000,Cephalanthus occidentalis,True,Cephalanthus occidentalis,0.000000,False,False,,False
Cephalanthus_occidentalis_0.jpg,Cephalanthus occidentalis,True,C-m0.1,0.100000,Cephalanthus occidentalis,True,Cephalanthus occidentalis,0.000000,False,False,,False
Cephalanthus_occidentalis_0.jpg,Cephalanthus occidentalis,True,C-m*raw,0.047722,Cephalanthus occidentalis,True,Cephalanthus occidentalis,0.000000,False,False,,False
Cephalanthus_occidentalis_0.jpg,Cephalanthus occidentalis,True,C-m*hazard,0.047722,Cephalanthus occidentalis,True,Cephalanthus occidentalis,0.000000,False,False,,False
Cephalanthus_occidentalis_1.jpg,Cephalanthus occidentalis,True,A,0.000000,Liquidambar styraciflua,False,,inf,False,True,Liquidambar styraciflua,False
Cephalanthus_occidentalis_1.jpg,Cephalanthus occidentalis,True,C,0.000000,Cephalanthus occidentalis,True,Cephalanthus occidentalis,0.000000,False,False,,False
Cephalanthus_occidentalis_1.jpg,Cephalanthus occidentalis,True,C-m0.01,0.010000,Cephalanthus occidentalis,True,Cephalanthus occidentalis,0.000000,False,False,,False
Cephalanthus_occidentalis_1.jpg,Cephalanthus occidentalis,True,C-m0.02,0.020000,Cephalanthus occidentalis,True,Cephalanthus occidentalis,0.000000,False,False,,False
Cephalanthus_occidentalis_1.jpg,Cephalanthus occidentalis,True,C-m0.03,0.030000,Cephalanthus occidentalis,True,Cephalanthus occidentalis,0.000000,False,False,,False
Cephalanthus_occidentalis_1.jpg,Cephalanthus occidentalis,True,C-m0.04,0.040000,Cephalanthus occidentalis,True,Cephalanthus occidentalis,0.000000,False,False,,False
Cephalanthus_occidentalis_1.jpg,Cephalanthus occidentalis,True,C-m0.048,0.048000,Cephalanthus occidentalis,True,Cephalanthus occidentalis,0.000000,False,False,,False
Cephalanthus_occidentalis_1.jpg,Cephalanthus occidentalis,True,C-m0.05,0.050000,Cephalanthus occidentalis,True,Cephalanthus occidentalis,0.000000,False,False,,False
Cephalanthus_occidentalis_1.jpg,Cephalanthus occidentalis,True,C-m0.06,0.060000,Cephalanthus occidentalis,True,Cephalanthus occidentalis,0.000000,False,False,,False
Cephalanthus_occidentalis_1.jpg,Cephalanthus occidentalis,True,C-m0.08,0.080000,Cephalanthus occidentalis,True,Cephalanthus occidentalis,0.000000,False,False,,False
Cephalanthus_occidentalis_1.jpg,Cephalanthus occidentalis,True,C-m0.1,0.100000,Cephalanthus occidentalis,True,Cephalanthus occidentalis,0.000000,False,False,,False
Cephalanthus_occidentalis_1.jpg,Cephalanthus occidentalis,True,C-m*raw,0.047722,Cephalanthus occidentalis,True,Cephalanthus occidentalis,0.000000,False,False,,False
Cephalanthus_occidentalis_1.jpg,Cephalanthus occidentalis,True,C-m*hazard,0.047722,Cephalanthus occidentalis,True,Cephalanthus occidentalis,0.000000,False,False,,False
Cephalanthus_occidentalis_2.jpg,Cephalanthus occidentalis,True,A,0.000000,Callicarpa americana,False,,inf,False,True,Callicarpa americana,False
Cephalanthus_occidentalis_2.jpg,Cephalanthus occidentalis,True,C,0.000000,Cephalanthus occidentalis,True,Cephalanthus occidentalis,0.000000,False,False,,False
Cephalanthus_occidentalis_2.jpg,Cephalanthus occidentalis,True,C-m0.01,0.010000,Cephalanthus occidentalis,True,Cephalanthus occidentalis,0.000000,False,False,,False
Cephalanthus_occidentalis_2.jpg,Cephalanthus occidentalis,True,C-m0.02,0.020000,Cephalanthus occidentalis,True,Cephalanthus occidentalis,0.000000,False,False,,False
Cephalanthus_occidentalis_2.jpg,Cephalanthus occidentalis,True,C-m0.03,0.030000,Cephalanthus occidentalis,True,Cephalanthus occidentalis,0.000000,False,False,,False
Cephalanthus_occidentalis_2.jpg,Cephalanthus occidentalis,True,C-m0.04,0.040000,Cephalanthus occidentalis,True,Cephalanthus occidentalis,0.000000,False,False,,False
Cephalanthus_occidentalis_2.jpg,Cephalanthus occidentalis,True,C-m0.048,0.048000,Cephalanthus occidentalis,True,Cephalanthus occidentalis,0.000000,False,False,,False
Cephalanthus_occidentalis_2.jpg,Cephalanthus occidentalis,True,C-m0.05,0.050000,Cephalanthus occidentalis,True,Cephalanthus occidentalis,0.000000,False,False,,False
Cephalanthus_occidentalis_2.jpg,Cephalanthus occidentalis,True,C-m0.06,0.060000,Cephalanthus occidentalis,True,Cephalanthus occidentalis,0.000000,False,False,,False
Cephalanthus_occidentalis_2.jpg,Cephalanthus occidentalis,True,C-m0.08,0.080000,Cephalanthus occidentalis,True,Cephalanthus occidentalis,0.000000,False,False,,False
Cephalanthus_occidentalis_2.jpg,Cephalanthus occidentalis,True,C-m0.1,0.100000,Cephalanthus occidentalis,True,Cephalanthus occidentalis,0.000000,False,False,,False
Cephalanthus_occidentalis_2.jpg,Cephalanthus occidentalis,True,C-m*raw,0.047722,Cephalanthus occidentalis,True,Cephalanthus occidentalis,0.000000,False,False,,False
Cephalanthus_occidentalis_2.jpg,Cephalanthus occidentalis,True,C-m*hazard,0.047722,Cephalanthus occidentalis,True,Cephalanthus occidentalis,0.000000,False,False,,False
Ipomoea_lacunosa_0.jpg,Ipomoea lacunosa,True,A,0.000000,Ampelopsis glandulosa,False,,inf,False,True,Ampelopsis glandulosa,False
Ipomoea_lacunosa_0.jpg,Ipomoea lacunosa,True,C,0.000000,Ipomoea lacunosa,True,Ipomoea lacunosa,0.000000,False,False,,False
Ipomoea_lacunosa_0.jpg,Ipomoea lacunosa,True,C-m0.01,0.010000,Ipomoea lacunosa,True,Ipomoea lacunosa,0.000000,False,False,,False
Ipomoea_lacunosa_0.jpg,Ipomoea lacunosa,True,C-m0.02,0.020000,Ipomoea lacunosa,True,Ipomoea lacunosa,0.000000,False,False,,False
Ipomoea_lacunosa_0.jpg,Ipomoea lacunosa,True,C-m0.03,0.030000,Ipomoea lacunosa,True,Ipomoea lacunosa,0.000000,False,False,,False
Ipomoea_lacunosa_0.jpg,Ipomoea lacunosa,True,C-m0.04,0.040000,Ipomoea lacunosa,True,Ipomoea lacunosa,0.000000,False,False,,False
Ipomoea_lacunosa_0.jpg,Ipomoea lacunosa,True,C-m0.048,0.048000,Ipomoea lacunosa,True,Ipomoea lacunosa,0.000000,False,False,,False
Ipomoea_lacunosa_0.jpg,Ipomoea lacunosa,True,C-m0.05,0.050000,Ipomoea lacunosa,True,Ipomoea lacunosa,0.000000,False,False,,False
Ipomoea_lacunosa_0.jpg,Ipomoea lacunosa,True,C-m0.06,0.060000,Ipomoea lacunosa,True,Ipomoea lacunosa,0.000000,False,False,,False
Ipomoea_lacunosa_0.jpg,Ipomoea lacunosa,True,C-m0.08,0.080000,Ipomoea lacunosa,True,Ipomoea lacunosa,0.000000,False,False,,False
Ipomoea_lacunosa_0.jpg,Ipomoea lacunosa,True,C-m0.1,0.100000,Ipomoea lacunosa,True,Ipomoea lacunosa,0.000000,False,False,,False
Ipomoea_lacunosa_0.jpg,Ipomoea lacunosa,True,C-m*raw,0.047722,Ipomoea lacunosa,True,Ipomoea lacunosa,0.000000,False,False,,False
Ipomoea_lacunosa_0.jpg,Ipomoea lacunosa,True,C-m*hazard,0.047722,Ipomoea lacunosa,True,Ipomoea lacunosa,0.000000,False,False,,False
Ipomoea_lacunosa_1.jpg,Ipomoea lacunosa,True,A,0.000000,Ampelopsis glandulosa,False,,inf,False,True,Ampelopsis glandulosa,False
Ipomoea_lacunosa_1.jpg,Ipomoea lacunosa,True,C,0.000000,Ipomoea lacunosa,True,Ipomoea lacunosa,0.000000,False,False,,False
Ipomoea_lacunosa_1.jpg,Ipomoea lacunosa,True,C-m0.01,0.010000,Ipomoea lacunosa,True,Ipomoea lacunosa,0.000000,False,False,,False
Ipomoea_lacunosa_1.jpg,Ipomoea lacunosa,True,C-m0.02,0.020000,Ipomoea lacunosa,True,Ipomoea lacunosa,0.000000,False,False,,False
Ipomoea_lacunosa_1.jpg,Ipomoea lacunosa,True,C-m0.03,0.030000,Ipomoea lacunosa,True,Ipomoea lacunosa,0.000000,False,False,,False
Ipomoea_lacunosa_1.jpg,Ipomoea lacunosa,True,C-m0.04,0.040000,Ipomoea lacunosa,True,Ipomoea lacunosa,0.000000,False,False,,False
Ipomoea_lacunosa_1.jpg,Ipomoea lacunosa,True,C-m0.048,0.048000,Ipomoea lacunosa,True,Ipomoea lacunosa,0.000000,False,False,,False
Ipomoea_lacunosa_1.jpg,Ipomoea lacunosa,True,C-m0.05,0.050000,Ipomoea lacunosa,True,Ipomoea lacunosa,0.000000,False,False,,False
Ipomoea_lacunosa_1.jpg,Ipomoea lacunosa,True,C-m0.06,0.060000,Ipomoea lacunosa,True,Ipomoea lacunosa,0.000000,False,False,,False
Ipomoea_lacunosa_1.jpg,Ipomoea lacunosa,True,C-m0.08,0.080000,Ipomoea lacunosa,True,Ipomoea lacunosa,0.000000,False,False,,False
Ipomoea_lacunosa_1.jpg,Ipomoea lacunosa,True,C-m0.1,0.100000,Ipomoea lacunosa,True,Ipomoea lacunosa,0.000000,False,False,,False
Ipomoea_lacunosa_1.jpg,Ipomoea lacunosa,True,C-m*raw,0.047722,Ipomoea lacunosa,True,Ipomoea lacunosa,0.000000,False,False,,False
Ipomoea_lacunosa_1.jpg,Ipomoea lacunosa,True,C-m*hazard,0.047722,Ipomoea lacunosa,True,Ipomoea lacunosa,0.000000,False,False,,False
Ipomoea_lacunosa_2.jpg,Ipomoea lacunosa,True,A,0.000000,Ampelopsis glandulosa,False,,inf,False,True,Ampelopsis glandulosa,False
Ipomoea_lacunosa_2.jpg,Ipomoea lacunosa,True,C,0.000000,Ipomoea lacunosa,True,Ipomoea lacunosa,0.000000,False,False,,False
Ipomoea_lacunosa_2.jpg,Ipomoea lacunosa,True,C-m0.01,0.010000,Ipomoea lacunosa,True,Ipomoea lacunosa,0.000000,False,False,,False
Ipomoea_lacunosa_2.jpg,Ipomoea lacunosa,True,C-m0.02,0.020000,Ipomoea lacunosa,True,Ipomoea lacunosa,0.000000,False,False,,False
Ipomoea_lacunosa_2.jpg,Ipomoea lacunosa,True,C-m0.03,0.030000,Ipomoea lacunosa,True,Ipomoea lacunosa,0.000000,False,False,,False
Ipomoea_lacunosa_2.jpg,Ipomoea lacunosa,True,C-m0.04,0.040000,Ipomoea lacunosa,True,Ipomoea lacunosa,0.000000,False,False,,False
Ipomoea_lacunosa_2.jpg,Ipomoea lacunosa,True,C-m0.048,0.048000,Ipomoea lacunosa,True,Ipomoea lacunosa,0.000000,False,False,,False
Ipomoea_lacunosa_2.jpg,Ipomoea lacunosa,True,C-m0.05,0.050000,Ipomoea lacunosa,True,Ipomoea lacunosa,0.000000,False,False,,False
Ipomoea_lacunosa_2.jpg,Ipomoea lacunosa,True,C-m0.06,0.060000,Ipomoea lacunosa,True,Ipomoea lacunosa,0.000000,False,False,,False
Ipomoea_lacunosa_2.jpg,Ipomoea lacunosa,True,C-m0.08,0.080000,Ipomoea lacunosa,True,Ipomoea lacunosa,0.000000,False,False,,False
Ipomoea_lacunosa_2.jpg,Ipomoea lacunosa,True,C-m0.1,0.100000,Ipomoea lacunosa,True,Ipomoea lacunosa,0.000000,False,False,,False
Ipomoea_lacunosa_2.jpg,Ipomoea lacunosa,True,C-m*raw,0.047722,Ipomoea lacunosa,True,Ipomoea lacunosa,0.000000,False,False,,False
Ipomoea_lacunosa_2.jpg,Ipomoea lacunosa,True,C-m*hazard,0.047722,Ipomoea lacunosa,True,Ipomoea lacunosa,0.000000,False,False,,False
Gonolobus_suberosus_0.jpg,Gonolobus suberosus,True,A,0.000000,Pueraria montana,False,,inf,False,True,Pueraria montana,False
Gonolobus_suberosus_0.jpg,Gonolobus suberosus,True,C,0.000000,Gonolobus suberosus,True,Gonolobus suberosus,0.000000,False,False,,False
Gonolobus_suberosus_0.jpg,Gonolobus suberosus,True,C-m0.01,0.010000,Gonolobus suberosus,True,Gonolobus suberosus,0.000000,False,False,,False
Gonolobus_suberosus_0.jpg,Gonolobus suberosus,True,C-m0.02,0.020000,Gonolobus suberosus,True,Gonolobus suberosus,0.000000,False,False,,False
Gonolobus_suberosus_0.jpg,Gonolobus suberosus,True,C-m0.03,0.030000,Gonolobus suberosus,True,Gonolobus suberosus,0.000000,False,False,,False
Gonolobus_suberosus_0.jpg,Gonolobus suberosus,True,C-m0.04,0.040000,Gonolobus suberosus,True,Gonolobus suberosus,0.000000,False,False,,False
Gonolobus_suberosus_0.jpg,Gonolobus suberosus,True,C-m0.048,0.048000,Gonolobus suberosus,True,Gonolobus suberosus,0.000000,False,False,,False
Gonolobus_suberosus_0.jpg,Gonolobus suberosus,True,C-m0.05,0.050000,Gonolobus suberosus,True,Gonolobus suberosus,0.000000,False,False,,False
Gonolobus_suberosus_0.jpg,Gonolobus suberosus,True,C-m0.06,0.060000,Gonolobus suberosus,True,Gonolobus suberosus,0.000000,False,False,,False
Gonolobus_suberosus_0.jpg,Gonolobus suberosus,True,C-m0.08,0.080000,Gonolobus suberosus,True,Gonolobus suberosus,0.000000,False,False,,False
Gonolobus_suberosus_0.jpg,Gonolobus suberosus,True,C-m0.1,0.100000,Gonolobus suberosus,True,Gonolobus suberosus,0.000000,False,False,,False
Gonolobus_suberosus_0.jpg,Gonolobus suberosus,True,C-m*raw,0.047722,Gonolobus suberosus,True,Gonolobus suberosus,0.000000,False,False,,False
Gonolobus_suberosus_0.jpg,Gonolobus suberosus,True,C-m*hazard,0.047722,Gonolobus suberosus,True,Gonolobus suberosus,0.000000,False,False,,False
Gonolobus_suberosus_1.jpg,Gonolobus suberosus,True,A,0.000000,Liriodendron tulipifera,False,,inf,False,True,Liriodendron tulipifera,False
Gonolobus_suberosus_1.jpg,Gonolobus suberosus,True,C,0.000000,Euphorbia corollata,True,Euphorbia corollata,0.000000,False,False,,False
Gonolobus_suberosus_1.jpg,Gonolobus suberosus,True,C-m0.01,0.010000,Euphorbia corollata,True,Euphorbia corollata,0.000000,False,False,,False
Gonolobus_suberosus_1.jpg,Gonolobus suberosus,True,C-m0.02,0.020000,Euphorbia corollata,True,Euphorbia corollata,0.000000,False,False,,False
Gonolobus_suberosus_1.jpg,Gonolobus suberosus,True,C-m0.03,0.030000,Euphorbia corollata,True,Euphorbia corollata,0.000000,False,False,,False
Gonolobus_suberosus_1.jpg,Gonolobus suberosus,True,C-m0.04,0.040000,Euphorbia corollata,True,Euphorbia corollata,0.000000,False,False,,False
Gonolobus_suberosus_1.jpg,Gonolobus suberosus,True,C-m0.048,0.048000,Euphorbia corollata,True,Euphorbia corollata,0.000000,False,False,,False
Gonolobus_suberosus_1.jpg,Gonolobus suberosus,True,C-m0.05,0.050000,Euphorbia corollata,True,Euphorbia corollata,0.000000,False,False,,False
Gonolobus_suberosus_1.jpg,Gonolobus suberosus,True,C-m0.06,0.060000,Euphorbia corollata,True,Euphorbia corollata,0.000000,False,False,,False
Gonolobus_suberosus_1.jpg,Gonolobus suberosus,True,C-m0.08,0.080000,Euphorbia corollata,True,Euphorbia corollata,0.000000,False,False,,False
Gonolobus_suberosus_1.jpg,Gonolobus suberosus,True,C-m0.1,0.100000,Euphorbia corollata,True,Euphorbia corollata,0.000000,False,False,,False
Gonolobus_suberosus_1.jpg,Gonolobus suberosus,True,C-m*raw,0.047722,Euphorbia corollata,True,Euphorbia corollata,0.000000,False,False,,False
Gonolobus_suberosus_1.jpg,Gonolobus suberosus,True,C-m*hazard,0.047722,Euphorbia corollata,True,Euphorbia corollata,0.000000,False,False,,False
Gonolobus_suberosus_2.jpg,Gonolobus suberosus,True,A,0.000000,Cercis canadensis,False,,inf,False,True,Cercis canadensis,False
Gonolobus_suberosus_2.jpg,Gonolobus suberosus,True,C,0.000000,Triadica sebifera,True,Triadica sebifera,0.000000,False,False,,False
Gonolobus_suberosus_2.jpg,Gonolobus suberosus,True,C-m0.01,0.010000,Triadica sebifera,True,Triadica sebifera,0.000000,False,False,,False
Gonolobus_suberosus_2.jpg,Gonolobus suberosus,True,C-m0.02,0.020000,Triadica sebifera,True,Triadica sebifera,0.000000,False,False,,False
Gonolobus_suberosus_2.jpg,Gonolobus suberosus,True,C-m0.03,0.030000,Triadica sebifera,True,Triadica sebifera,0.000000,False,False,,False
Gonolobus_suberosus_2.jpg,Gonolobus suberosus,True,C-m0.04,0.040000,Triadica sebifera,True,Triadica sebifera,0.000000,False,False,,False
Gonolobus_suberosus_2.jpg,Gonolobus suberosus,True,C-m0.048,0.048000,Triadica sebifera,True,Triadica sebifera,0.000000,False,False,,False
Gonolobus_suberosus_2.jpg,Gonolobus suberosus,True,C-m0.05,0.050000,Triadica sebifera,True,Triadica sebifera,0.000000,False,False,,False
Gonolobus_suberosus_2.jpg,Gonolobus suberosus,True,C-m0.06,0.060000,Triadica sebifera,True,Triadica sebifera,0.000000,False,False,,False
Gonolobus_suberosus_2.jpg,Gonolobus suberosus,True,C-m0.08,0.080000,Triadica sebifera,True,Triadica sebifera,0.000000,False,False,,False
Gonolobus_suberosus_2.jpg,Gonolobus suberosus,True,C-m0.1,0.100000,Triadica sebifera,True,Triadica sebifera,0.000000,False,False,,False
Gonolobus_suberosus_2.jpg,Gonolobus suberosus,True,C-m*raw,0.047722,Triadica sebifera,True,Triadica sebifera,0.000000,False,False,,False
Gonolobus_suberosus_2.jpg,Gonolobus suberosus,True,C-m*hazard,0.047722,Triadica sebifera,True,Triadica sebifera,0.000000,False,False,,False
Smallanthus_uvedalia_0.jpg,Smallanthus uvedalia,True,A,0.000000,Platanus occidentalis,False,,inf,False,True,Platanus occidentalis,False
Smallanthus_uvedalia_0.jpg,Smallanthus uvedalia,True,C,0.000000,Smallanthus uvedalia,True,Smallanthus uvedalia,0.000000,False,False,,False
Smallanthus_uvedalia_0.jpg,Smallanthus uvedalia,True,C-m0.01,0.010000,Smallanthus uvedalia,True,Smallanthus uvedalia,0.000000,False,False,,False
Smallanthus_uvedalia_0.jpg,Smallanthus uvedalia,True,C-m0.02,0.020000,Smallanthus uvedalia,True,Smallanthus uvedalia,0.000000,False,False,,False
Smallanthus_uvedalia_0.jpg,Smallanthus uvedalia,True,C-m0.03,0.030000,Smallanthus uvedalia,True,Smallanthus uvedalia,0.000000,False,False,,False
Smallanthus_uvedalia_0.jpg,Smallanthus uvedalia,True,C-m0.04,0.040000,Smallanthus uvedalia,True,Smallanthus uvedalia,0.000000,False,False,,False
Smallanthus_uvedalia_0.jpg,Smallanthus uvedalia,True,C-m0.048,0.048000,Smallanthus uvedalia,True,Smallanthus uvedalia,0.000000,False,False,,False
Smallanthus_uvedalia_0.jpg,Smallanthus uvedalia,True,C-m0.05,0.050000,Smallanthus uvedalia,True,Smallanthus uvedalia,0.000000,False,False,,False
Smallanthus_uvedalia_0.jpg,Smallanthus uvedalia,True,C-m0.06,0.060000,Smallanthus uvedalia,True,Smallanthus uvedalia,0.000000,False,False,,False
Smallanthus_uvedalia_0.jpg,Smallanthus uvedalia,True,C-m0.08,0.080000,Smallanthus uvedalia,True,Smallanthus uvedalia,0.000000,False,False,,False
Smallanthus_uvedalia_0.jpg,Smallanthus uvedalia,True,C-m0.1,0.100000,Smallanthus uvedalia,True,Smallanthus uvedalia,0.000000,False,False,,False
Smallanthus_uvedalia_0.jpg,Smallanthus uvedalia,True,C-m*raw,0.047722,Smallanthus uvedalia,True,Smallanthus uvedalia,0.000000,False,False,,False
Smallanthus_uvedalia_0.jpg,Smallanthus uvedalia,True,C-m*hazard,0.047722,Smallanthus uvedalia,True,Smallanthus uvedalia,0.000000,False,False,,False
Smallanthus_uvedalia_1.jpg,Smallanthus uvedalia,True,A,0.000000,Erechtites hieraciifolius,False,,inf,False,True,Erechtites hieraciifolius,False
Smallanthus_uvedalia_1.jpg,Smallanthus uvedalia,True,C,0.000000,Smallanthus uvedalia,True,Smallanthus uvedalia,0.000000,False,False,,False
Smallanthus_uvedalia_1.jpg,Smallanthus uvedalia,True,C-m0.01,0.010000,Smallanthus uvedalia,True,Smallanthus uvedalia,0.000000,False,False,,False
Smallanthus_uvedalia_1.jpg,Smallanthus uvedalia,True,C-m0.02,0.020000,Smallanthus uvedalia,True,Smallanthus uvedalia,0.000000,False,False,,False
Smallanthus_uvedalia_1.jpg,Smallanthus uvedalia,True,C-m0.03,0.030000,Smallanthus uvedalia,True,Smallanthus uvedalia,0.000000,False,False,,False
Smallanthus_uvedalia_1.jpg,Smallanthus uvedalia,True,C-m0.04,0.040000,Smallanthus uvedalia,True,Smallanthus uvedalia,0.000000,False,False,,False
Smallanthus_uvedalia_1.jpg,Smallanthus uvedalia,True,C-m0.048,0.048000,Smallanthus uvedalia,True,Smallanthus uvedalia,0.000000,False,False,,False
Smallanthus_uvedalia_1.jpg,Smallanthus uvedalia,True,C-m0.05,0.050000,Smallanthus uvedalia,True,Smallanthus uvedalia,0.000000,False,False,,False
Smallanthus_uvedalia_1.jpg,Smallanthus uvedalia,True,C-m0.06,0.060000,Smallanthus uvedalia,True,Smallanthus uvedalia,0.000000,False,False,,False
Smallanthus_uvedalia_1.jpg,Smallanthus uvedalia,True,C-m0.08,0.080000,Smallanthus uvedalia,True,Smallanthus uvedalia,0.000000,False,False,,False
Smallanthus_uvedalia_1.jpg,Smallanthus uvedalia,True,C-m0.1,0.100000,Smallanthus uvedalia,True,Smallanthus uvedalia,0.000000,False,False,,False
Smallanthus_uvedalia_1.jpg,Smallanthus uvedalia,True,C-m*raw,0.047722,Smallanthus uvedalia,True,Smallanthus uvedalia,0.000000,False,False,,False
Smallanthus_uvedalia_1.jpg,Smallanthus uvedalia,True,C-m*hazard,0.047722,Smallanthus uvedalia,True,Smallanthus uvedalia,0.000000,False,False,,False
Smallanthus_uvedalia_2.jpg,Smallanthus uvedalia,True,A,0.000000,Callicarpa americana,False,,inf,False,True,Callicarpa americana,False
Smallanthus_uvedalia_2.jpg,Smallanthus uvedalia,True,C,0.000000,Smallanthus uvedalia,True,Smallanthus uvedalia,0.000000,False,False,,False
Smallanthus_uvedalia_2.jpg,Smallanthus uvedalia,True,C-m0.01,0.010000,Smallanthus uvedalia,True,Smallanthus uvedalia,0.000000,False,False,,False
Smallanthus_uvedalia_2.jpg,Smallanthus uvedalia,True,C-m0.02,0.020000,Smallanthus uvedalia,True,Smallanthus uvedalia,0.000000,False,False,,False
Smallanthus_uvedalia_2.jpg,Smallanthus uvedalia,True,C-m0.03,0.030000,Smallanthus uvedalia,True,Smallanthus uvedalia,0.000000,False,False,,False
Smallanthus_uvedalia_2.jpg,Smallanthus uvedalia,True,C-m0.04,0.040000,Smallanthus uvedalia,True,Smallanthus uvedalia,0.000000,False,False,,False
Smallanthus_uvedalia_2.jpg,Smallanthus uvedalia,True,C-m0.048,0.048000,Smallanthus uvedalia,True,Smallanthus uvedalia,0.000000,False,False,,False
Smallanthus_uvedalia_2.jpg,Smallanthus uvedalia,True,C-m0.05,0.050000,Smallanthus uvedalia,True,Smallanthus uvedalia,0.000000,False,False,,False
Smallanthus_uvedalia_2.jpg,Smallanthus uvedalia,True,C-m0.06,0.060000,Smallanthus uvedalia,True,Smallanthus uvedalia,0.000000,False,False,,False
Smallanthus_uvedalia_2.jpg,Smallanthus uvedalia,True,C-m0.08,0.080000,Smallanthus uvedalia,True,Smallanthus uvedalia,0.000000,False,False,,False
Smallanthus_uvedalia_2.jpg,Smallanthus uvedalia,True,C-m0.1,0.100000,Smallanthus uvedalia,True,Smallanthus uvedalia,0.000000,False,False,,False
Smallanthus_uvedalia_2.jpg,Smallanthus uvedalia,True,C-m*raw,0.047722,Smallanthus uvedalia,True,Smallanthus uvedalia,0.000000,False,False,,False
Smallanthus_uvedalia_2.jpg,Smallanthus uvedalia,True,C-m*hazard,0.047722,Smallanthus uvedalia,True,Smallanthus uvedalia,0.000000,False,False,,False
Fallopia_scandens_0.jpg,Fallopia scandens,True,A,0.000000,Rhus copallinum,False,,inf,False,True,Rhus copallinum,False
Fallopia_scandens_0.jpg,Fallopia scandens,True,C,0.000000,Berberis bealei,True,Berberis bealei,0.000000,False,False,,False
Fallopia_scandens_0.jpg,Fallopia scandens,True,C-m0.01,0.010000,Berberis bealei,True,Berberis bealei,0.000000,False,False,,False
Fallopia_scandens_0.jpg,Fallopia scandens,True,C-m0.02,0.020000,Berberis bealei,True,Berberis bealei,0.000000,False,False,,False
Fallopia_scandens_0.jpg,Fallopia scandens,True,C-m0.03,0.030000,Berberis bealei,True,Berberis bealei,0.000000,False,False,,False
Fallopia_scandens_0.jpg,Fallopia scandens,True,C-m0.04,0.040000,Berberis bealei,True,Berberis bealei,0.000000,False,False,,False
Fallopia_scandens_0.jpg,Fallopia scandens,True,C-m0.048,0.048000,Berberis bealei,True,Berberis bealei,0.000000,False,False,,False
Fallopia_scandens_0.jpg,Fallopia scandens,True,C-m0.05,0.050000,Berberis bealei,True,Berberis bealei,0.000000,False,False,,False
Fallopia_scandens_0.jpg,Fallopia scandens,True,C-m0.06,0.060000,Berberis bealei,True,Berberis bealei,0.000000,False,False,,False
Fallopia_scandens_0.jpg,Fallopia scandens,True,C-m0.08,0.080000,Berberis bealei,True,Berberis bealei,0.000000,False,False,,False
Fallopia_scandens_0.jpg,Fallopia scandens,True,C-m0.1,0.100000,Berberis bealei,True,Berberis bealei,0.000000,False,False,,False
Fallopia_scandens_0.jpg,Fallopia scandens,True,C-m*raw,0.047722,Berberis bealei,True,Berberis bealei,0.000000,False,False,,False
Fallopia_scandens_0.jpg,Fallopia scandens,True,C-m*hazard,0.047722,Berberis bealei,True,Berberis bealei,0.000000,False,False,,False
Fallopia_scandens_1.jpg,Fallopia scandens,True,A,0.000000,Ampelopsis glandulosa,False,,inf,False,True,Ampelopsis glandulosa,False
Fallopia_scandens_1.jpg,Fallopia scandens,True,C,0.000000,Fallopia scandens,True,Fallopia scandens,0.000000,False,False,,False
Fallopia_scandens_1.jpg,Fallopia scandens,True,C-m0.01,0.010000,Fallopia scandens,True,Fallopia scandens,0.000000,False,False,,False
Fallopia_scandens_1.jpg,Fallopia scandens,True,C-m0.02,0.020000,Fallopia scandens,True,Fallopia scandens,0.000000,False,False,,False
Fallopia_scandens_1.jpg,Fallopia scandens,True,C-m0.03,0.030000,Fallopia scandens,True,Fallopia scandens,0.000000,False,False,,False
Fallopia_scandens_1.jpg,Fallopia scandens,True,C-m0.04,0.040000,Fallopia scandens,True,Fallopia scandens,0.000000,False,False,,False
Fallopia_scandens_1.jpg,Fallopia scandens,True,C-m0.048,0.048000,Fallopia scandens,True,Fallopia scandens,0.000000,False,False,,False
Fallopia_scandens_1.jpg,Fallopia scandens,True,C-m0.05,0.050000,Fallopia scandens,True,Fallopia scandens,0.000000,False,False,,False
Fallopia_scandens_1.jpg,Fallopia scandens,True,C-m0.06,0.060000,Fallopia scandens,True,Fallopia scandens,0.000000,False,False,,False
Fallopia_scandens_1.jpg,Fallopia scandens,True,C-m0.08,0.080000,Fallopia scandens,True,Fallopia scandens,0.000000,False,False,,False
Fallopia_scandens_1.jpg,Fallopia scandens,True,C-m0.1,0.100000,Fallopia scandens,True,Fallopia scandens,0.000000,False,False,,False
Fallopia_scandens_1.jpg,Fallopia scandens,True,C-m*raw,0.047722,Fallopia scandens,True,Fallopia scandens,0.000000,False,False,,False
Fallopia_scandens_1.jpg,Fallopia scandens,True,C-m*hazard,0.047722,Fallopia scandens,True,Fallopia scandens,0.000000,False,False,,False
Fallopia_scandens_2.jpg,Fallopia scandens,True,A,0.000000,Ampelopsis glandulosa,False,,inf,False,True,Ampelopsis glandulosa,False
Fallopia_scandens_2.jpg,Fallopia scandens,True,C,0.000000,Fallopia scandens,True,Fallopia scandens,0.000000,False,False,,False
Fallopia_scandens_2.jpg,Fallopia scandens,True,C-m0.01,0.010000,Fallopia scandens,True,Fallopia scandens,0.000000,False,False,,False
Fallopia_scandens_2.jpg,Fallopia scandens,True,C-m0.02,0.020000,Fallopia scandens,True,Fallopia scandens,0.000000,False,False,,False
Fallopia_scandens_2.jpg,Fallopia scandens,True,C-m0.03,0.030000,Fallopia scandens,True,Fallopia scandens,0.000000,False,False,,False
Fallopia_scandens_2.jpg,Fallopia scandens,True,C-m0.04,0.040000,Fallopia scandens,True,Fallopia scandens,0.000000,False,False,,False
Fallopia_scandens_2.jpg,Fallopia scandens,True,C-m0.048,0.048000,Fallopia scandens,True,Fallopia scandens,0.000000,False,False,,False
Fallopia_scandens_2.jpg,Fallopia scandens,True,C-m0.05,0.050000,Fallopia scandens,True,Fallopia scandens,0.000000,False,False,,False
Fallopia_scandens_2.jpg,Fallopia scandens,True,C-m0.06,0.060000,Fallopia scandens,True,Fallopia scandens,0.000000,False,False,,False
Fallopia_scandens_2.jpg,Fallopia scandens,True,C-m0.08,0.080000,Fallopia scandens,True,Fallopia scandens,0.000000,False,False,,False
Fallopia_scandens_2.jpg,Fallopia scandens,True,C-m0.1,0.100000,Fallopia scandens,True,Fallopia scandens,0.000000,False,False,,False
Fallopia_scandens_2.jpg,Fallopia scandens,True,C-m*raw,0.047722,Fallopia scandens,True,Fallopia scandens,0.000000,False,False,,False
Fallopia_scandens_2.jpg,Fallopia scandens,True,C-m*hazard,0.047722,Fallopia scandens,True,Fallopia scandens,0.000000,False,False,,False
Prunus_serotina_0.jpg,Prunus serotina,True,A,0.000000,Diospyros virginiana,False,,inf,False,True,Diospyros virginiana,False
Prunus_serotina_0.jpg,Prunus serotina,True,C,0.000000,Prunus serotina,True,Prunus serotina,0.000000,False,False,,False
Prunus_serotina_0.jpg,Prunus serotina,True,C-m0.01,0.010000,Prunus serotina,True,Prunus serotina,0.000000,False,False,,False
Prunus_serotina_0.jpg,Prunus serotina,True,C-m0.02,0.020000,Prunus serotina,True,Prunus serotina,0.000000,False,False,,False
Prunus_serotina_0.jpg,Prunus serotina,True,C-m0.03,0.030000,Prunus serotina,True,Prunus serotina,0.000000,False,False,,False
Prunus_serotina_0.jpg,Prunus serotina,True,C-m0.04,0.040000,Prunus serotina,True,Prunus serotina,0.000000,False,False,,False
Prunus_serotina_0.jpg,Prunus serotina,True,C-m0.048,0.048000,Prunus serotina,True,Prunus serotina,0.000000,False,False,,False
Prunus_serotina_0.jpg,Prunus serotina,True,C-m0.05,0.050000,Prunus serotina,True,Prunus serotina,0.000000,False,False,,False
Prunus_serotina_0.jpg,Prunus serotina,True,C-m0.06,0.060000,Prunus serotina,True,Prunus serotina,0.000000,False,False,,False
Prunus_serotina_0.jpg,Prunus serotina,True,C-m0.08,0.080000,Prunus serotina,True,Prunus serotina,0.000000,False,False,,False
Prunus_serotina_0.jpg,Prunus serotina,True,C-m0.1,0.100000,Prunus serotina,True,Prunus serotina,0.000000,False,False,,False
Prunus_serotina_0.jpg,Prunus serotina,True,C-m*raw,0.047722,Prunus serotina,True,Prunus serotina,0.000000,False,False,,False
Prunus_serotina_0.jpg,Prunus serotina,True,C-m*hazard,0.047722,Prunus serotina,True,Prunus serotina,0.000000,False,False,,False
Prunus_serotina_1.jpg,Prunus serotina,True,A,0.000000,Quercus nigra,False,,inf,False,True,Quercus nigra,False
Prunus_serotina_1.jpg,Prunus serotina,True,C,0.000000,Quercus marilandica,True,Quercus marilandica,0.000000,False,False,,False
Prunus_serotina_1.jpg,Prunus serotina,True,C-m0.01,0.010000,Quercus marilandica,True,Quercus marilandica,0.000000,False,False,,False
Prunus_serotina_1.jpg,Prunus serotina,True,C-m0.02,0.020000,Quercus marilandica,True,Quercus marilandica,0.000000,False,False,,False
Prunus_serotina_1.jpg,Prunus serotina,True,C-m0.03,0.030000,Quercus marilandica,True,Quercus marilandica,0.000000,False,False,,False
Prunus_serotina_1.jpg,Prunus serotina,True,C-m0.04,0.040000,Quercus marilandica,True,Quercus marilandica,0.000000,False,False,,False
Prunus_serotina_1.jpg,Prunus serotina,True,C-m0.048,0.048000,Quercus marilandica,True,Quercus marilandica,0.000000,False,False,,False
Prunus_serotina_1.jpg,Prunus serotina,True,C-m0.05,0.050000,Quercus marilandica,True,Quercus marilandica,0.000000,False,False,,False
Prunus_serotina_1.jpg,Prunus serotina,True,C-m0.06,0.060000,Quercus marilandica,True,Quercus marilandica,0.000000,False,False,,False
Prunus_serotina_1.jpg,Prunus serotina,True,C-m0.08,0.080000,Quercus marilandica,True,Quercus marilandica,0.000000,False,False,,False
Prunus_serotina_1.jpg,Prunus serotina,True,C-m0.1,0.100000,Quercus marilandica,True,Quercus marilandica,0.000000,False,False,,False
Prunus_serotina_1.jpg,Prunus serotina,True,C-m*raw,0.047722,Quercus marilandica,True,Quercus marilandica,0.000000,False,False,,False
Prunus_serotina_1.jpg,Prunus serotina,True,C-m*hazard,0.047722,Quercus marilandica,True,Quercus marilandica,0.000000,False,False,,False
Prunus_serotina_2.jpg,Prunus serotina,True,A,0.000000,Quercus nigra,False,,inf,False,True,Quercus nigra,False
Prunus_serotina_2.jpg,Prunus serotina,True,C,0.000000,Pleopeltis michauxiana,True,Pleopeltis michauxiana,0.000000,False,False,,False
Prunus_serotina_2.jpg,Prunus serotina,True,C-m0.01,0.010000,Pleopeltis michauxiana,True,Pleopeltis michauxiana,0.000000,False,False,,False
Prunus_serotina_2.jpg,Prunus serotina,True,C-m0.02,0.020000,Pleopeltis michauxiana,True,Pleopeltis michauxiana,0.000000,False,False,,False
Prunus_serotina_2.jpg,Prunus serotina,True,C-m0.03,0.030000,Pleopeltis michauxiana,True,Pleopeltis michauxiana,0.000000,False,False,,False
Prunus_serotina_2.jpg,Prunus serotina,True,C-m0.04,0.040000,Pleopeltis michauxiana,True,Pleopeltis michauxiana,0.000000,False,False,,False
Prunus_serotina_2.jpg,Prunus serotina,True,C-m0.048,0.048000,Pleopeltis michauxiana,True,Pleopeltis michauxiana,0.000000,False,False,,False
Prunus_serotina_2.jpg,Prunus serotina,True,C-m0.05,0.050000,Pleopeltis michauxiana,True,Pleopeltis michauxiana,0.000000,False,False,,False
Prunus_serotina_2.jpg,Prunus serotina,True,C-m0.06,0.060000,Pleopeltis michauxiana,True,Pleopeltis michauxiana,0.000000,False,False,,False
Prunus_serotina_2.jpg,Prunus serotina,True,C-m0.08,0.080000,Pleopeltis michauxiana,True,Pleopeltis michauxiana,0.000000,False,False,,False
Prunus_serotina_2.jpg,Prunus serotina,True,C-m0.1,0.100000,Pleopeltis michauxiana,True,Pleopeltis michauxiana,0.000000,False,False,,False
Prunus_serotina_2.jpg,Prunus serotina,True,C-m*raw,0.047722,Pleopeltis michauxiana,True,Pleopeltis michauxiana,0.000000,False,False,,False
Prunus_serotina_2.jpg,Prunus serotina,True,C-m*hazard,0.047722,Pleopeltis michauxiana,True,Pleopeltis michauxiana,0.000000,False,False,,False
Helenium_amarum_0.jpg,Helenium amarum,True,A,0.000000,Conoclinium coelestinum,False,,inf,False,True,Conoclinium coelestinum,False
Helenium_amarum_0.jpg,Helenium amarum,True,C,0.000000,Helenium amarum,True,Helenium amarum,0.000000,False,False,,False
Helenium_amarum_0.jpg,Helenium amarum,True,C-m0.01,0.010000,Helenium amarum,True,Helenium amarum,0.000000,False,False,,False
Helenium_amarum_0.jpg,Helenium amarum,True,C-m0.02,0.020000,Helenium amarum,True,Helenium amarum,0.000000,False,False,,False
Helenium_amarum_0.jpg,Helenium amarum,True,C-m0.03,0.030000,Helenium amarum,True,Helenium amarum,0.000000,False,False,,False
Helenium_amarum_0.jpg,Helenium amarum,True,C-m0.04,0.040000,Helenium amarum,True,Helenium amarum,0.000000,False,False,,False
Helenium_amarum_0.jpg,Helenium amarum,True,C-m0.048,0.048000,Helenium amarum,True,Helenium amarum,0.000000,False,False,,False
Helenium_amarum_0.jpg,Helenium amarum,True,C-m0.05,0.050000,Helenium amarum,True,Helenium amarum,0.000000,False,False,,False
Helenium_amarum_0.jpg,Helenium amarum,True,C-m0.06,0.060000,Helenium amarum,True,Helenium amarum,0.000000,False,False,,False
Helenium_amarum_0.jpg,Helenium amarum,True,C-m0.08,0.080000,Helenium amarum,True,Helenium amarum,0.000000,False,False,,False
Helenium_amarum_0.jpg,Helenium amarum,True,C-m0.1,0.100000,Helenium amarum,True,Helenium amarum,0.000000,False,False,,False
Helenium_amarum_0.jpg,Helenium amarum,True,C-m*raw,0.047722,Helenium amarum,True,Helenium amarum,0.000000,False,False,,False
Helenium_amarum_0.jpg,Helenium amarum,True,C-m*hazard,0.047722,Helenium amarum,True,Helenium amarum,0.000000,False,False,,False
Helenium_amarum_1.jpg,Helenium amarum,True,A,0.000000,Conoclinium coelestinum,False,,inf,False,True,Conoclinium coelestinum,False
Helenium_amarum_1.jpg,Helenium amarum,True,C,0.000000,Helenium amarum,True,Helenium amarum,0.000000,False,False,,False
Helenium_amarum_1.jpg,Helenium amarum,True,C-m0.01,0.010000,Helenium amarum,True,Helenium amarum,0.000000,False,False,,False
Helenium_amarum_1.jpg,Helenium amarum,True,C-m0.02,0.020000,Helenium amarum,True,Helenium amarum,0.000000,False,False,,False
Helenium_amarum_1.jpg,Helenium amarum,True,C-m0.03,0.030000,Helenium amarum,True,Helenium amarum,0.000000,False,False,,False
Helenium_amarum_1.jpg,Helenium amarum,True,C-m0.04,0.040000,Helenium amarum,True,Helenium amarum,0.000000,False,False,,False
Helenium_amarum_1.jpg,Helenium amarum,True,C-m0.048,0.048000,Helenium amarum,True,Helenium amarum,0.000000,False,False,,False
Helenium_amarum_1.jpg,Helenium amarum,True,C-m0.05,0.050000,Helenium amarum,True,Helenium amarum,0.000000,False,False,,False
Helenium_amarum_1.jpg,Helenium amarum,True,C-m0.06,0.060000,Helenium amarum,True,Helenium amarum,0.000000,False,False,,False
Helenium_amarum_1.jpg,Helenium amarum,True,C-m0.08,0.080000,Helenium amarum,True,Helenium amarum,0.000000,False,False,,False
Helenium_amarum_1.jpg,Helenium amarum,True,C-m0.1,0.100000,Helenium amarum,True,Helenium amarum,0.000000,False,False,,False
Helenium_amarum_1.jpg,Helenium amarum,True,C-m*raw,0.047722,Helenium amarum,True,Helenium amarum,0.000000,False,False,,False
Helenium_amarum_1.jpg,Helenium amarum,True,C-m*hazard,0.047722,Helenium amarum,True,Helenium amarum,0.000000,False,False,,False
Helenium_amarum_2.jpg,Helenium amarum,True,A,0.000000,Solidago altissima,False,,inf,False,True,Solidago altissima,False
Helenium_amarum_2.jpg,Helenium amarum,True,C,0.000000,Helenium amarum,True,Helenium amarum,0.000000,False,False,,False
Helenium_amarum_2.jpg,Helenium amarum,True,C-m0.01,0.010000,Helenium amarum,True,Helenium amarum,0.000000,False,False,,False
Helenium_amarum_2.jpg,Helenium amarum,True,C-m0.02,0.020000,Helenium amarum,True,Helenium amarum,0.000000,False,False,,False
Helenium_amarum_2.jpg,Helenium amarum,True,C-m0.03,0.030000,Helenium amarum,True,Helenium amarum,0.000000,False,False,,False
Helenium_amarum_2.jpg,Helenium amarum,True,C-m0.04,0.040000,Helenium amarum,True,Helenium amarum,0.000000,False,False,,False
Helenium_amarum_2.jpg,Helenium amarum,True,C-m0.048,0.048000,Helenium amarum,True,Helenium amarum,0.000000,False,False,,False
Helenium_amarum_2.jpg,Helenium amarum,True,C-m0.05,0.050000,Helenium amarum,True,Helenium amarum,0.000000,False,False,,False
Helenium_amarum_2.jpg,Helenium amarum,True,C-m0.06,0.060000,Helenium amarum,True,Helenium amarum,0.000000,False,False,,False
Helenium_amarum_2.jpg,Helenium amarum,True,C-m0.08,0.080000,Helenium amarum,True,Helenium amarum,0.000000,False,False,,False
Helenium_amarum_2.jpg,Helenium amarum,True,C-m0.1,0.100000,Helenium amarum,True,Helenium amarum,0.000000,False,False,,False
Helenium_amarum_2.jpg,Helenium amarum,True,C-m*raw,0.047722,Helenium amarum,True,Helenium amarum,0.000000,False,False,,False
Helenium_amarum_2.jpg,Helenium amarum,True,C-m*hazard,0.047722,Helenium amarum,True,Helenium amarum,0.000000,False,False,,False
Trichostema_dichotomum_0.jpg,Trichostema dichotomum,True,A,0.000000,Erechtites hieraciifolius,False,,inf,False,True,Erechtites hieraciifolius,False
Trichostema_dichotomum_0.jpg,Trichostema dichotomum,True,C,0.000000,Brickellia eupatorioides,True,Brickellia eupatorioides,0.000000,False,False,,False
Trichostema_dichotomum_0.jpg,Trichostema dichotomum,True,C-m0.01,0.010000,Brickellia eupatorioides,True,Brickellia eupatorioides,0.000000,False,False,,False
Trichostema_dichotomum_0.jpg,Trichostema dichotomum,True,C-m0.02,0.020000,Brickellia eupatorioides,True,Brickellia eupatorioides,0.000000,False,False,,False
Trichostema_dichotomum_0.jpg,Trichostema dichotomum,True,C-m0.03,0.030000,Brickellia eupatorioides,True,Brickellia eupatorioides,0.000000,False,False,,False
Trichostema_dichotomum_0.jpg,Trichostema dichotomum,True,C-m0.04,0.040000,Brickellia eupatorioides,True,Brickellia eupatorioides,0.000000,False,False,,False
Trichostema_dichotomum_0.jpg,Trichostema dichotomum,True,C-m0.048,0.048000,Brickellia eupatorioides,True,Brickellia eupatorioides,0.000000,False,False,,False
Trichostema_dichotomum_0.jpg,Trichostema dichotomum,True,C-m0.05,0.050000,Brickellia eupatorioides,True,Brickellia eupatorioides,0.000000,False,False,,False
Trichostema_dichotomum_0.jpg,Trichostema dichotomum,True,C-m0.06,0.060000,Brickellia eupatorioides,True,Brickellia eupatorioides,0.000000,False,False,,False
Trichostema_dichotomum_0.jpg,Trichostema dichotomum,True,C-m0.08,0.080000,Brickellia eupatorioides,True,Brickellia eupatorioides,0.000000,False,False,,False
Trichostema_dichotomum_0.jpg,Trichostema dichotomum,True,C-m0.1,0.100000,Brickellia eupatorioides,True,Brickellia eupatorioides,0.000000,False,False,,False
Trichostema_dichotomum_0.jpg,Trichostema dichotomum,True,C-m*raw,0.047722,Brickellia eupatorioides,True,Brickellia eupatorioides,0.000000,False,False,,False
Trichostema_dichotomum_0.jpg,Trichostema dichotomum,True,C-m*hazard,0.047722,Brickellia eupatorioides,True,Brickellia eupatorioides,0.000000,False,False,,False
Trichostema_dichotomum_1.jpg,Trichostema dichotomum,True,A,0.000000,Conoclinium coelestinum,False,,inf,False,True,Conoclinium coelestinum,False
Trichostema_dichotomum_1.jpg,Trichostema dichotomum,True,C,0.000000,Trichostema dichotomum,True,Trichostema dichotomum,0.000000,False,False,,False
Trichostema_dichotomum_1.jpg,Trichostema dichotomum,True,C-m0.01,0.010000,Trichostema dichotomum,True,Trichostema dichotomum,0.000000,False,False,,False
Trichostema_dichotomum_1.jpg,Trichostema dichotomum,True,C-m0.02,0.020000,Trichostema dichotomum,True,Trichostema dichotomum,0.000000,False,False,,False
Trichostema_dichotomum_1.jpg,Trichostema dichotomum,True,C-m0.03,0.030000,Trichostema dichotomum,True,Trichostema dichotomum,0.000000,False,False,,False
Trichostema_dichotomum_1.jpg,Trichostema dichotomum,True,C-m0.04,0.040000,Trichostema dichotomum,True,Trichostema dichotomum,0.000000,False,False,,False
Trichostema_dichotomum_1.jpg,Trichostema dichotomum,True,C-m0.048,0.048000,Trichostema dichotomum,True,Trichostema dichotomum,0.000000,False,False,,False
Trichostema_dichotomum_1.jpg,Trichostema dichotomum,True,C-m0.05,0.050000,Trichostema dichotomum,True,Trichostema dichotomum,0.000000,False,False,,False
Trichostema_dichotomum_1.jpg,Trichostema dichotomum,True,C-m0.06,0.060000,Trichostema dichotomum,True,Trichostema dichotomum,0.000000,False,False,,False
Trichostema_dichotomum_1.jpg,Trichostema dichotomum,True,C-m0.08,0.080000,Trichostema dichotomum,True,Trichostema dichotomum,0.000000,False,False,,False
Trichostema_dichotomum_1.jpg,Trichostema dichotomum,True,C-m0.1,0.100000,Trichostema dichotomum,True,Trichostema dichotomum,0.000000,False,False,,False
Trichostema_dichotomum_1.jpg,Trichostema dichotomum,True,C-m*raw,0.047722,Trichostema dichotomum,True,Trichostema dichotomum,0.000000,False,False,,False
Trichostema_dichotomum_1.jpg,Trichostema dichotomum,True,C-m*hazard,0.047722,Trichostema dichotomum,True,Trichostema dichotomum,0.000000,False,False,,False
Trichostema_dichotomum_2.jpg,Trichostema dichotomum,True,A,0.000000,Conoclinium coelestinum,False,,inf,False,True,Conoclinium coelestinum,False
Trichostema_dichotomum_2.jpg,Trichostema dichotomum,True,C,0.000000,Trichostema dichotomum,True,Trichostema dichotomum,0.000000,False,False,,False
Trichostema_dichotomum_2.jpg,Trichostema dichotomum,True,C-m0.01,0.010000,Trichostema dichotomum,True,Trichostema dichotomum,0.000000,False,False,,False
Trichostema_dichotomum_2.jpg,Trichostema dichotomum,True,C-m0.02,0.020000,Trichostema dichotomum,True,Trichostema dichotomum,0.000000,False,False,,False
Trichostema_dichotomum_2.jpg,Trichostema dichotomum,True,C-m0.03,0.030000,Trichostema dichotomum,True,Trichostema dichotomum,0.000000,False,False,,False
Trichostema_dichotomum_2.jpg,Trichostema dichotomum,True,C-m0.04,0.040000,Trichostema dichotomum,True,Trichostema dichotomum,0.000000,False,False,,False
Trichostema_dichotomum_2.jpg,Trichostema dichotomum,True,C-m0.048,0.048000,Trichostema dichotomum,True,Trichostema dichotomum,0.000000,False,False,,False
Trichostema_dichotomum_2.jpg,Trichostema dichotomum,True,C-m0.05,0.050000,Trichostema dichotomum,True,Trichostema dichotomum,0.000000,False,False,,False
Trichostema_dichotomum_2.jpg,Trichostema dichotomum,True,C-m0.06,0.060000,Trichostema dichotomum,True,Trichostema dichotomum,0.000000,False,False,,False
Trichostema_dichotomum_2.jpg,Trichostema dichotomum,True,C-m0.08,0.080000,Trichostema dichotomum,True,Trichostema dichotomum,0.000000,False,False,,False
Trichostema_dichotomum_2.jpg,Trichostema dichotomum,True,C-m0.1,0.100000,Trichostema dichotomum,True,Trichostema dichotomum,0.000000,False,False,,False
Trichostema_dichotomum_2.jpg,Trichostema dichotomum,True,C-m*raw,0.047722,Trichostema dichotomum,True,Trichostema dichotomum,0.000000,False,False,,False
Trichostema_dichotomum_2.jpg,Trichostema dichotomum,True,C-m*hazard,0.047722,Trichostema dichotomum,True,Trichostema dichotomum,0.000000,False,False,,False
Solanum_emulans_0.jpg,Solanum emulans,True,A,0.000000,Conoclinium coelestinum,False,,inf,True,True,Conoclinium coelestinum,False
Solanum_emulans_0.jpg,Solanum emulans,True,C,0.000000,Physalis angulata,True,Physalis angulata,0.000000,True,False,,False
Solanum_emulans_0.jpg,Solanum emulans,True,C-m0.01,0.010000,Physalis angulata,True,Physalis angulata,0.000000,True,False,,False
Solanum_emulans_0.jpg,Solanum emulans,True,C-m0.02,0.020000,Physalis angulata,True,Physalis angulata,0.000000,True,False,,False
Solanum_emulans_0.jpg,Solanum emulans,True,C-m0.03,0.030000,Physalis angulata,True,Physalis angulata,0.000000,True,False,,False
Solanum_emulans_0.jpg,Solanum emulans,True,C-m0.04,0.040000,Physalis angulata,True,Physalis angulata,0.000000,True,False,,False
Solanum_emulans_0.jpg,Solanum emulans,True,C-m0.048,0.048000,Physalis angulata,True,Physalis angulata,0.000000,True,False,,False
Solanum_emulans_0.jpg,Solanum emulans,True,C-m0.05,0.050000,Physalis angulata,True,Physalis angulata,0.000000,True,False,,False
Solanum_emulans_0.jpg,Solanum emulans,True,C-m0.06,0.060000,Physalis angulata,True,Physalis angulata,0.000000,True,False,,False
Solanum_emulans_0.jpg,Solanum emulans,True,C-m0.08,0.080000,Physalis angulata,True,Physalis angulata,0.000000,True,False,,False
Solanum_emulans_0.jpg,Solanum emulans,True,C-m0.1,0.100000,Physalis angulata,True,Physalis angulata,0.000000,True,False,,False
Solanum_emulans_0.jpg,Solanum emulans,True,C-m*raw,0.047722,Physalis angulata,True,Physalis angulata,0.000000,True,False,,False
Solanum_emulans_0.jpg,Solanum emulans,True,C-m*hazard,0.047722,Physalis angulata,True,Physalis angulata,0.000000,True,False,,False
Solanum_emulans_1.jpg,Solanum emulans,True,A,0.000000,Phyllanthus urinaria,False,,inf,False,True,Phyllanthus urinaria,False
Solanum_emulans_1.jpg,Solanum emulans,True,C,0.000000,Persicaria sagittata,True,Persicaria sagittata,0.000000,False,False,,False
Solanum_emulans_1.jpg,Solanum emulans,True,C-m0.01,0.010000,Persicaria sagittata,True,Persicaria sagittata,0.000000,False,False,,False
Solanum_emulans_1.jpg,Solanum emulans,True,C-m0.02,0.020000,Persicaria sagittata,True,Persicaria sagittata,0.000000,False,False,,False
Solanum_emulans_1.jpg,Solanum emulans,True,C-m0.03,0.030000,Persicaria sagittata,True,Persicaria sagittata,0.000000,False,False,,False
Solanum_emulans_1.jpg,Solanum emulans,True,C-m0.04,0.040000,Persicaria sagittata,True,Persicaria sagittata,0.000000,False,False,,False
Solanum_emulans_1.jpg,Solanum emulans,True,C-m0.048,0.048000,Persicaria sagittata,True,Persicaria sagittata,0.000000,False,False,,False
Solanum_emulans_1.jpg,Solanum emulans,True,C-m0.05,0.050000,Persicaria sagittata,True,Persicaria sagittata,0.000000,False,False,,False
Solanum_emulans_1.jpg,Solanum emulans,True,C-m0.06,0.060000,Persicaria sagittata,True,Persicaria sagittata,0.000000,False,False,,False
Solanum_emulans_1.jpg,Solanum emulans,True,C-m0.08,0.080000,Persicaria sagittata,True,Persicaria sagittata,0.000000,False,False,,False
Solanum_emulans_1.jpg,Solanum emulans,True,C-m0.1,0.100000,Persicaria sagittata,True,Persicaria sagittata,0.000000,False,False,,False
Solanum_emulans_1.jpg,Solanum emulans,True,C-m*raw,0.047722,Persicaria sagittata,True,Persicaria sagittata,0.000000,False,False,,False
Solanum_emulans_1.jpg,Solanum emulans,True,C-m*hazard,0.047722,Persicaria sagittata,True,Persicaria sagittata,0.000000,False,False,,False
Solanum_emulans_2.jpg,Solanum emulans,True,A,0.000000,Vitis rotundifolia,False,,inf,True,True,Vitis rotundifolia,False
Solanum_emulans_2.jpg,Solanum emulans,True,C,0.000000,Solanum emulans,True,Solanum emulans,0.000000,True,False,,False
Solanum_emulans_2.jpg,Solanum emulans,True,C-m0.01,0.010000,Solanum emulans,True,Solanum emulans,0.000000,True,False,,False
Solanum_emulans_2.jpg,Solanum emulans,True,C-m0.02,0.020000,Solanum emulans,True,Solanum emulans,0.000000,True,False,,False
Solanum_emulans_2.jpg,Solanum emulans,True,C-m0.03,0.030000,Solanum emulans,True,Solanum emulans,0.000000,True,False,,False
Solanum_emulans_2.jpg,Solanum emulans,True,C-m0.04,0.040000,Solanum emulans,True,Solanum emulans,0.000000,True,False,,False
Solanum_emulans_2.jpg,Solanum emulans,True,C-m0.048,0.048000,Solanum emulans,True,Solanum emulans,0.000000,True,False,,False
Solanum_emulans_2.jpg,Solanum emulans,True,C-m0.05,0.050000,Solanum emulans,True,Solanum emulans,0.000000,True,False,,False
Solanum_emulans_2.jpg,Solanum emulans,True,C-m0.06,0.060000,Solanum emulans,True,Solanum emulans,0.000000,True,False,,False
Solanum_emulans_2.jpg,Solanum emulans,True,C-m0.08,0.080000,Solanum emulans,True,Solanum emulans,0.000000,True,False,,False
Solanum_emulans_2.jpg,Solanum emulans,True,C-m0.1,0.100000,Solanum emulans,True,Solanum emulans,0.000000,True,False,,False
Solanum_emulans_2.jpg,Solanum emulans,True,C-m*raw,0.047722,Solanum emulans,True,Solanum emulans,0.000000,True,False,,False
Solanum_emulans_2.jpg,Solanum emulans,True,C-m*hazard,0.047722,Solanum emulans,True,Solanum emulans,0.000000,True,False,,False
Conocephalum_salebrosum_0.jpg,Conocephalum salebrosum,True,A,0.000000,Platanus occidentalis,False,,inf,False,True,Platanus occidentalis,False
Conocephalum_salebrosum_0.jpg,Conocephalum salebrosum,True,C,0.000000,Conocephalum salebrosum,True,Conocephalum salebrosum,0.000000,False,False,,False
Conocephalum_salebrosum_0.jpg,Conocephalum salebrosum,True,C-m0.01,0.010000,Conocephalum salebrosum,True,Conocephalum salebrosum,0.000000,False,False,,False
Conocephalum_salebrosum_0.jpg,Conocephalum salebrosum,True,C-m0.02,0.020000,Conocephalum salebrosum,True,Conocephalum salebrosum,0.000000,False,False,,False
Conocephalum_salebrosum_0.jpg,Conocephalum salebrosum,True,C-m0.03,0.030000,Conocephalum salebrosum,True,Conocephalum salebrosum,0.000000,False,False,,False
Conocephalum_salebrosum_0.jpg,Conocephalum salebrosum,True,C-m0.04,0.040000,Conocephalum salebrosum,True,Conocephalum salebrosum,0.000000,False,False,,False
Conocephalum_salebrosum_0.jpg,Conocephalum salebrosum,True,C-m0.048,0.048000,Conocephalum salebrosum,True,Conocephalum salebrosum,0.000000,False,False,,False
Conocephalum_salebrosum_0.jpg,Conocephalum salebrosum,True,C-m0.05,0.050000,Conocephalum salebrosum,True,Conocephalum salebrosum,0.000000,False,False,,False
Conocephalum_salebrosum_0.jpg,Conocephalum salebrosum,True,C-m0.06,0.060000,Conocephalum salebrosum,True,Conocephalum salebrosum,0.000000,False,False,,False
Conocephalum_salebrosum_0.jpg,Conocephalum salebrosum,True,C-m0.08,0.080000,Conocephalum salebrosum,True,Conocephalum salebrosum,0.000000,False,False,,False
Conocephalum_salebrosum_0.jpg,Conocephalum salebrosum,True,C-m0.1,0.100000,Conocephalum salebrosum,True,Conocephalum salebrosum,0.000000,False,False,,False
Conocephalum_salebrosum_0.jpg,Conocephalum salebrosum,True,C-m*raw,0.047722,Conocephalum salebrosum,True,Conocephalum salebrosum,0.000000,False,False,,False
Conocephalum_salebrosum_0.jpg,Conocephalum salebrosum,True,C-m*hazard,0.047722,Conocephalum salebrosum,True,Conocephalum salebrosum,0.000000,False,False,,False
Conocephalum_salebrosum_1.jpg,Conocephalum salebrosum,True,A,0.000000,Platanus occidentalis,False,,inf,False,True,Platanus occidentalis,False
Conocephalum_salebrosum_1.jpg,Conocephalum salebrosum,True,C,0.000000,Conocephalum salebrosum,True,Conocephalum salebrosum,0.000000,False,False,,False
Conocephalum_salebrosum_1.jpg,Conocephalum salebrosum,True,C-m0.01,0.010000,Conocephalum salebrosum,True,Conocephalum salebrosum,0.000000,False,False,,False
Conocephalum_salebrosum_1.jpg,Conocephalum salebrosum,True,C-m0.02,0.020000,Conocephalum salebrosum,True,Conocephalum salebrosum,0.000000,False,False,,False
Conocephalum_salebrosum_1.jpg,Conocephalum salebrosum,True,C-m0.03,0.030000,Conocephalum salebrosum,True,Conocephalum salebrosum,0.000000,False,False,,False
Conocephalum_salebrosum_1.jpg,Conocephalum salebrosum,True,C-m0.04,0.040000,Conocephalum salebrosum,True,Conocephalum salebrosum,0.000000,False,False,,False
Conocephalum_salebrosum_1.jpg,Conocephalum salebrosum,True,C-m0.048,0.048000,Conocephalum salebrosum,True,Conocephalum salebrosum,0.000000,False,False,,False
Conocephalum_salebrosum_1.jpg,Conocephalum salebrosum,True,C-m0.05,0.050000,Conocephalum salebrosum,True,Conocephalum salebrosum,0.000000,False,False,,False
Conocephalum_salebrosum_1.jpg,Conocephalum salebrosum,True,C-m0.06,0.060000,Conocephalum salebrosum,True,Conocephalum salebrosum,0.000000,False,False,,False
Conocephalum_salebrosum_1.jpg,Conocephalum salebrosum,True,C-m0.08,0.080000,Conocephalum salebrosum,True,Conocephalum salebrosum,0.000000,False,False,,False
Conocephalum_salebrosum_1.jpg,Conocephalum salebrosum,True,C-m0.1,0.100000,Conocephalum salebrosum,True,Conocephalum salebrosum,0.000000,False,False,,False
Conocephalum_salebrosum_1.jpg,Conocephalum salebrosum,True,C-m*raw,0.047722,Conocephalum salebrosum,True,Conocephalum salebrosum,0.000000,False,False,,False
Conocephalum_salebrosum_1.jpg,Conocephalum salebrosum,True,C-m*hazard,0.047722,Conocephalum salebrosum,True,Conocephalum salebrosum,0.000000,False,False,,False
Conocephalum_salebrosum_2.jpg,Conocephalum salebrosum,True,A,0.000000,Platanus occidentalis,False,,inf,False,True,Platanus occidentalis,False
Conocephalum_salebrosum_2.jpg,Conocephalum salebrosum,True,C,0.000000,Conocephalum salebrosum,True,Conocephalum salebrosum,0.000000,False,False,,False
Conocephalum_salebrosum_2.jpg,Conocephalum salebrosum,True,C-m0.01,0.010000,Conocephalum salebrosum,True,Conocephalum salebrosum,0.000000,False,False,,False
Conocephalum_salebrosum_2.jpg,Conocephalum salebrosum,True,C-m0.02,0.020000,Conocephalum salebrosum,True,Conocephalum salebrosum,0.000000,False,False,,False
Conocephalum_salebrosum_2.jpg,Conocephalum salebrosum,True,C-m0.03,0.030000,Conocephalum salebrosum,True,Conocephalum salebrosum,0.000000,False,False,,False
Conocephalum_salebrosum_2.jpg,Conocephalum salebrosum,True,C-m0.04,0.040000,Conocephalum salebrosum,True,Conocephalum salebrosum,0.000000,False,False,,False
Conocephalum_salebrosum_2.jpg,Conocephalum salebrosum,True,C-m0.048,0.048000,Conocephalum salebrosum,True,Conocephalum salebrosum,0.000000,False,False,,False
Conocephalum_salebrosum_2.jpg,Conocephalum salebrosum,True,C-m0.05,0.050000,Conocephalum salebrosum,True,Conocephalum salebrosum,0.000000,False,False,,False
Conocephalum_salebrosum_2.jpg,Conocephalum salebrosum,True,C-m0.06,0.060000,Conocephalum salebrosum,True,Conocephalum salebrosum,0.000000,False,False,,False
Conocephalum_salebrosum_2.jpg,Conocephalum salebrosum,True,C-m0.08,0.080000,Conocephalum salebrosum,True,Conocephalum salebrosum,0.000000,False,False,,False
Conocephalum_salebrosum_2.jpg,Conocephalum salebrosum,True,C-m0.1,0.100000,Conocephalum salebrosum,True,Conocephalum salebrosum,0.000000,False,False,,False
Conocephalum_salebrosum_2.jpg,Conocephalum salebrosum,True,C-m*raw,0.047722,Conocephalum salebrosum,True,Conocephalum salebrosum,0.000000,False,False,,False
Conocephalum_salebrosum_2.jpg,Conocephalum salebrosum,True,C-m*hazard,0.047722,Conocephalum salebrosum,True,Conocephalum salebrosum,0.000000,False,False,,False
Woodwardia_areolata_0.jpg,Woodwardia areolata,True,A,0.000000,Polystichum acrostichoides,False,,inf,False,True,Polystichum acrostichoides,False
Woodwardia_areolata_0.jpg,Woodwardia areolata,True,C,0.000000,Woodwardia areolata,True,Woodwardia areolata,0.000000,False,False,,False
Woodwardia_areolata_0.jpg,Woodwardia areolata,True,C-m0.01,0.010000,Woodwardia areolata,True,Woodwardia areolata,0.000000,False,False,,False
Woodwardia_areolata_0.jpg,Woodwardia areolata,True,C-m0.02,0.020000,Woodwardia areolata,True,Woodwardia areolata,0.000000,False,False,,False
Woodwardia_areolata_0.jpg,Woodwardia areolata,True,C-m0.03,0.030000,Woodwardia areolata,True,Woodwardia areolata,0.000000,False,False,,False
Woodwardia_areolata_0.jpg,Woodwardia areolata,True,C-m0.04,0.040000,Woodwardia areolata,True,Woodwardia areolata,0.000000,False,False,,False
Woodwardia_areolata_0.jpg,Woodwardia areolata,True,C-m0.048,0.048000,Woodwardia areolata,True,Woodwardia areolata,0.000000,False,False,,False
Woodwardia_areolata_0.jpg,Woodwardia areolata,True,C-m0.05,0.050000,Woodwardia areolata,True,Woodwardia areolata,0.000000,False,False,,False
Woodwardia_areolata_0.jpg,Woodwardia areolata,True,C-m0.06,0.060000,Woodwardia areolata,True,Woodwardia areolata,0.000000,False,False,,False
Woodwardia_areolata_0.jpg,Woodwardia areolata,True,C-m0.08,0.080000,Woodwardia areolata,True,Woodwardia areolata,0.000000,False,False,,False
Woodwardia_areolata_0.jpg,Woodwardia areolata,True,C-m0.1,0.100000,Woodwardia areolata,True,Woodwardia areolata,0.000000,False,False,,False
Woodwardia_areolata_0.jpg,Woodwardia areolata,True,C-m*raw,0.047722,Woodwardia areolata,True,Woodwardia areolata,0.000000,False,False,,False
Woodwardia_areolata_0.jpg,Woodwardia areolata,True,C-m*hazard,0.047722,Woodwardia areolata,True,Woodwardia areolata,0.000000,False,False,,False
Woodwardia_areolata_1.jpg,Woodwardia areolata,True,A,0.000000,Phyllanthus urinaria,False,,inf,False,True,Phyllanthus urinaria,False
Woodwardia_areolata_1.jpg,Woodwardia areolata,True,C,0.000000,Ageratum conyzoides,True,Ageratum conyzoides,0.000000,False,False,,False
Woodwardia_areolata_1.jpg,Woodwardia areolata,True,C-m0.01,0.010000,Ageratum conyzoides,True,Ageratum conyzoides,0.000000,False,False,,False
Woodwardia_areolata_1.jpg,Woodwardia areolata,True,C-m0.02,0.020000,Ageratum conyzoides,True,Ageratum conyzoides,0.000000,False,False,,False
Woodwardia_areolata_1.jpg,Woodwardia areolata,True,C-m0.03,0.030000,Ageratum conyzoides,True,Ageratum conyzoides,0.000000,False,False,,False
Woodwardia_areolata_1.jpg,Woodwardia areolata,True,C-m0.04,0.040000,Ageratum conyzoides,True,Ageratum conyzoides,0.000000,False,False,,False
Woodwardia_areolata_1.jpg,Woodwardia areolata,True,C-m0.048,0.048000,Ageratum conyzoides,True,Ageratum conyzoides,0.000000,False,False,,False
Woodwardia_areolata_1.jpg,Woodwardia areolata,True,C-m0.05,0.050000,Ageratum conyzoides,True,Ageratum conyzoides,0.000000,False,False,,False
Woodwardia_areolata_1.jpg,Woodwardia areolata,True,C-m0.06,0.060000,Ageratum conyzoides,True,Ageratum conyzoides,0.000000,False,False,,False
Woodwardia_areolata_1.jpg,Woodwardia areolata,True,C-m0.08,0.080000,Ageratum conyzoides,True,Ageratum conyzoides,0.000000,False,False,,False
Woodwardia_areolata_1.jpg,Woodwardia areolata,True,C-m0.1,0.100000,Ageratum conyzoides,True,Ageratum conyzoides,0.000000,False,False,,False
Woodwardia_areolata_1.jpg,Woodwardia areolata,True,C-m*raw,0.047722,Ageratum conyzoides,True,Ageratum conyzoides,0.000000,False,False,,False
Woodwardia_areolata_1.jpg,Woodwardia areolata,True,C-m*hazard,0.047722,Ageratum conyzoides,True,Ageratum conyzoides,0.000000,False,False,,False
Woodwardia_areolata_2.jpg,Woodwardia areolata,True,A,0.000000,Ampelopsis glandulosa,False,,inf,False,True,Ampelopsis glandulosa,False
Woodwardia_areolata_2.jpg,Woodwardia areolata,True,C,0.000000,Crataegus marshallii,True,Crataegus marshallii,0.000000,False,False,,False
Woodwardia_areolata_2.jpg,Woodwardia areolata,True,C-m0.01,0.010000,Crataegus marshallii,True,Crataegus marshallii,0.000000,False,False,,False
Woodwardia_areolata_2.jpg,Woodwardia areolata,True,C-m0.02,0.020000,Crataegus marshallii,True,Crataegus marshallii,0.000000,False,False,,False
Woodwardia_areolata_2.jpg,Woodwardia areolata,True,C-m0.03,0.030000,Crataegus marshallii,True,Crataegus marshallii,0.000000,False,False,,False
Woodwardia_areolata_2.jpg,Woodwardia areolata,True,C-m0.04,0.040000,Crataegus marshallii,True,Crataegus marshallii,0.000000,False,False,,False
Woodwardia_areolata_2.jpg,Woodwardia areolata,True,C-m0.048,0.048000,Crataegus marshallii,True,Crataegus marshallii,0.000000,False,False,,False
Woodwardia_areolata_2.jpg,Woodwardia areolata,True,C-m0.05,0.050000,Crataegus marshallii,True,Crataegus marshallii,0.000000,False,False,,False
Woodwardia_areolata_2.jpg,Woodwardia areolata,True,C-m0.06,0.060000,Crataegus marshallii,True,Crataegus marshallii,0.000000,False,False,,False
Woodwardia_areolata_2.jpg,Woodwardia areolata,True,C-m0.08,0.080000,Crataegus marshallii,True,Crataegus marshallii,0.000000,False,False,,False
Woodwardia_areolata_2.jpg,Woodwardia areolata,True,C-m0.1,0.100000,Crataegus marshallii,True,Crataegus marshallii,0.000000,False,False,,False
Woodwardia_areolata_2.jpg,Woodwardia areolata,True,C-m*raw,0.047722,Crataegus marshallii,True,Crataegus marshallii,0.000000,False,False,,False
Woodwardia_areolata_2.jpg,Woodwardia areolata,True,C-m*hazard,0.047722,Crataegus marshallii,True,Crataegus marshallii,0.000000,False,False,,False
Collinsonia_canadensis_0.jpg,Collinsonia canadensis,True,A,0.000000,Erechtites hieraciifolius,False,,inf,False,True,Erechtites hieraciifolius,False
Collinsonia_canadensis_0.jpg,Collinsonia canadensis,True,C,0.000000,Collinsonia canadensis,True,Collinsonia canadensis,0.000000,False,False,,False
Collinsonia_canadensis_0.jpg,Collinsonia canadensis,True,C-m0.01,0.010000,Collinsonia canadensis,True,Collinsonia canadensis,0.000000,False,False,,False
Collinsonia_canadensis_0.jpg,Collinsonia canadensis,True,C-m0.02,0.020000,Collinsonia canadensis,True,Collinsonia canadensis,0.000000,False,False,,False
Collinsonia_canadensis_0.jpg,Collinsonia canadensis,True,C-m0.03,0.030000,Collinsonia canadensis,True,Collinsonia canadensis,0.000000,False,False,,False
Collinsonia_canadensis_0.jpg,Collinsonia canadensis,True,C-m0.04,0.040000,Collinsonia canadensis,True,Collinsonia canadensis,0.000000,False,False,,False
Collinsonia_canadensis_0.jpg,Collinsonia canadensis,True,C-m0.048,0.048000,Collinsonia canadensis,True,Collinsonia canadensis,0.000000,False,False,,False
Collinsonia_canadensis_0.jpg,Collinsonia canadensis,True,C-m0.05,0.050000,Collinsonia canadensis,True,Collinsonia canadensis,0.000000,False,False,,False
Collinsonia_canadensis_0.jpg,Collinsonia canadensis,True,C-m0.06,0.060000,Collinsonia canadensis,True,Collinsonia canadensis,0.000000,False,False,,False
Collinsonia_canadensis_0.jpg,Collinsonia canadensis,True,C-m0.08,0.080000,Collinsonia canadensis,True,Collinsonia canadensis,0.000000,False,False,,False
Collinsonia_canadensis_0.jpg,Collinsonia canadensis,True,C-m0.1,0.100000,Collinsonia canadensis,True,Collinsonia canadensis,0.000000,False,False,,False
Collinsonia_canadensis_0.jpg,Collinsonia canadensis,True,C-m*raw,0.047722,Collinsonia canadensis,True,Collinsonia canadensis,0.000000,False,False,,False
Collinsonia_canadensis_0.jpg,Collinsonia canadensis,True,C-m*hazard,0.047722,Collinsonia canadensis,True,Collinsonia canadensis,0.000000,False,False,,False
Collinsonia_canadensis_1.jpg,Collinsonia canadensis,True,A,0.000000,Callicarpa americana,False,,inf,False,True,Callicarpa americana,False
Collinsonia_canadensis_1.jpg,Collinsonia canadensis,True,C,0.000000,Collinsonia canadensis,True,Collinsonia canadensis,0.000000,False,False,,False
Collinsonia_canadensis_1.jpg,Collinsonia canadensis,True,C-m0.01,0.010000,Collinsonia canadensis,True,Collinsonia canadensis,0.000000,False,False,,False
Collinsonia_canadensis_1.jpg,Collinsonia canadensis,True,C-m0.02,0.020000,Collinsonia canadensis,True,Collinsonia canadensis,0.000000,False,False,,False
Collinsonia_canadensis_1.jpg,Collinsonia canadensis,True,C-m0.03,0.030000,Collinsonia canadensis,True,Collinsonia canadensis,0.000000,False,False,,False
Collinsonia_canadensis_1.jpg,Collinsonia canadensis,True,C-m0.04,0.040000,Collinsonia canadensis,True,Collinsonia canadensis,0.000000,False,False,,False
Collinsonia_canadensis_1.jpg,Collinsonia canadensis,True,C-m0.048,0.048000,Collinsonia canadensis,True,Collinsonia canadensis,0.000000,False,False,,False
Collinsonia_canadensis_1.jpg,Collinsonia canadensis,True,C-m0.05,0.050000,Collinsonia canadensis,True,Collinsonia canadensis,0.000000,False,False,,False
Collinsonia_canadensis_1.jpg,Collinsonia canadensis,True,C-m0.06,0.060000,Collinsonia canadensis,True,Collinsonia canadensis,0.000000,False,False,,False
Collinsonia_canadensis_1.jpg,Collinsonia canadensis,True,C-m0.08,0.080000,Collinsonia canadensis,True,Collinsonia canadensis,0.000000,False,False,,False
Collinsonia_canadensis_1.jpg,Collinsonia canadensis,True,C-m0.1,0.100000,Collinsonia canadensis,True,Collinsonia canadensis,0.000000,False,False,,False
Collinsonia_canadensis_1.jpg,Collinsonia canadensis,True,C-m*raw,0.047722,Collinsonia canadensis,True,Collinsonia canadensis,0.000000,False,False,,False
Collinsonia_canadensis_1.jpg,Collinsonia canadensis,True,C-m*hazard,0.047722,Collinsonia canadensis,True,Collinsonia canadensis,0.000000,False,False,,False
Collinsonia_canadensis_2.jpg,Collinsonia canadensis,True,A,0.000000,Albizia julibrissin,False,,inf,False,True,Albizia julibrissin,False
Collinsonia_canadensis_2.jpg,Collinsonia canadensis,True,C,0.000000,Brickellia eupatorioides,True,Brickellia eupatorioides,0.000000,False,False,,False
Collinsonia_canadensis_2.jpg,Collinsonia canadensis,True,C-m0.01,0.010000,Brickellia eupatorioides,True,Brickellia eupatorioides,0.000000,False,False,,False
Collinsonia_canadensis_2.jpg,Collinsonia canadensis,True,C-m0.02,0.020000,Brickellia eupatorioides,True,Brickellia eupatorioides,0.000000,False,False,,False
Collinsonia_canadensis_2.jpg,Collinsonia canadensis,True,C-m0.03,0.030000,Brickellia eupatorioides,True,Brickellia eupatorioides,0.000000,False,False,,False
Collinsonia_canadensis_2.jpg,Collinsonia canadensis,True,C-m0.04,0.040000,Brickellia eupatorioides,True,Brickellia eupatorioides,0.000000,False,False,,False
Collinsonia_canadensis_2.jpg,Collinsonia canadensis,True,C-m0.048,0.048000,Brickellia eupatorioides,True,Brickellia eupatorioides,0.000000,False,False,,False
Collinsonia_canadensis_2.jpg,Collinsonia canadensis,True,C-m0.05,0.050000,Brickellia eupatorioides,True,Brickellia eupatorioides,0.000000,False,False,,False
Collinsonia_canadensis_2.jpg,Collinsonia canadensis,True,C-m0.06,0.060000,Brickellia eupatorioides,True,Brickellia eupatorioides,0.000000,False,False,,False
Collinsonia_canadensis_2.jpg,Collinsonia canadensis,True,C-m0.08,0.080000,Brickellia eupatorioides,True,Brickellia eupatorioides,0.000000,False,False,,False
Collinsonia_canadensis_2.jpg,Collinsonia canadensis,True,C-m0.1,0.100000,Brickellia eupatorioides,True,Brickellia eupatorioides,0.000000,False,False,,False
Collinsonia_canadensis_2.jpg,Collinsonia canadensis,True,C-m*raw,0.047722,Brickellia eupatorioides,True,Brickellia eupatorioides,0.000000,False,False,,False
Collinsonia_canadensis_2.jpg,Collinsonia canadensis,True,C-m*hazard,0.047722,Brickellia eupatorioides,True,Brickellia eupatorioides,0.000000,False,False,,False
Mazus_pumilus_0.jpg,Mazus pumilus,True,A,0.000000,Pueraria montana,False,,inf,False,True,Pueraria montana,False
Mazus_pumilus_0.jpg,Mazus pumilus,True,C,0.000000,Oxalis violacea,True,Oxalis violacea,0.000000,False,False,,False
Mazus_pumilus_0.jpg,Mazus pumilus,True,C-m0.01,0.010000,Oxalis violacea,True,Oxalis violacea,0.000000,False,False,,False
Mazus_pumilus_0.jpg,Mazus pumilus,True,C-m0.02,0.020000,Oxalis violacea,True,Oxalis violacea,0.000000,False,False,,False
Mazus_pumilus_0.jpg,Mazus pumilus,True,C-m0.03,0.030000,Oxalis violacea,True,Oxalis violacea,0.000000,False,False,,False
Mazus_pumilus_0.jpg,Mazus pumilus,True,C-m0.04,0.040000,Oxalis violacea,True,Oxalis violacea,0.000000,False,False,,False
Mazus_pumilus_0.jpg,Mazus pumilus,True,C-m0.048,0.048000,Oxalis violacea,True,Oxalis violacea,0.000000,False,False,,False
Mazus_pumilus_0.jpg,Mazus pumilus,True,C-m0.05,0.050000,Oxalis violacea,True,Oxalis violacea,0.000000,False,False,,False
Mazus_pumilus_0.jpg,Mazus pumilus,True,C-m0.06,0.060000,Oxalis violacea,True,Oxalis violacea,0.000000,False,False,,False
Mazus_pumilus_0.jpg,Mazus pumilus,True,C-m0.08,0.080000,Oxalis violacea,True,Oxalis violacea,0.000000,False,False,,False
Mazus_pumilus_0.jpg,Mazus pumilus,True,C-m0.1,0.100000,Oxalis violacea,True,Oxalis violacea,0.000000,False,False,,False
Mazus_pumilus_0.jpg,Mazus pumilus,True,C-m*raw,0.047722,Oxalis violacea,True,Oxalis violacea,0.000000,False,False,,False
Mazus_pumilus_0.jpg,Mazus pumilus,True,C-m*hazard,0.047722,Oxalis violacea,True,Oxalis violacea,0.000000,False,False,,False
Mazus_pumilus_1.jpg,Mazus pumilus,True,A,0.000000,Phyllanthus urinaria,False,,inf,False,True,Phyllanthus urinaria,False
Mazus_pumilus_1.jpg,Mazus pumilus,True,C,0.000000,Mazus pumilus,True,Mazus pumilus,0.000000,False,False,,False
Mazus_pumilus_1.jpg,Mazus pumilus,True,C-m0.01,0.010000,Mazus pumilus,True,Mazus pumilus,0.000000,False,False,,False
Mazus_pumilus_1.jpg,Mazus pumilus,True,C-m0.02,0.020000,Mazus pumilus,True,Mazus pumilus,0.000000,False,False,,False
Mazus_pumilus_1.jpg,Mazus pumilus,True,C-m0.03,0.030000,Mazus pumilus,True,Mazus pumilus,0.000000,False,False,,False
Mazus_pumilus_1.jpg,Mazus pumilus,True,C-m0.04,0.040000,Mazus pumilus,True,Mazus pumilus,0.000000,False,False,,False
Mazus_pumilus_1.jpg,Mazus pumilus,True,C-m0.048,0.048000,Mazus pumilus,True,Mazus pumilus,0.000000,False,False,,False
Mazus_pumilus_1.jpg,Mazus pumilus,True,C-m0.05,0.050000,Mazus pumilus,True,Mazus pumilus,0.000000,False,False,,False
Mazus_pumilus_1.jpg,Mazus pumilus,True,C-m0.06,0.060000,Mazus pumilus,True,Mazus pumilus,0.000000,False,False,,False
Mazus_pumilus_1.jpg,Mazus pumilus,True,C-m0.08,0.080000,Mazus pumilus,True,Mazus pumilus,0.000000,False,False,,False
Mazus_pumilus_1.jpg,Mazus pumilus,True,C-m0.1,0.100000,Mazus pumilus,True,Mazus pumilus,0.000000,False,False,,False
Mazus_pumilus_1.jpg,Mazus pumilus,True,C-m*raw,0.047722,Mazus pumilus,True,Mazus pumilus,0.000000,False,False,,False
Mazus_pumilus_1.jpg,Mazus pumilus,True,C-m*hazard,0.047722,Mazus pumilus,True,Mazus pumilus,0.000000,False,False,,False
Mazus_pumilus_2.jpg,Mazus pumilus,True,A,0.000000,Cercis canadensis,False,,inf,False,True,Cercis canadensis,False
Mazus_pumilus_2.jpg,Mazus pumilus,True,C,0.000000,Iris verna,True,Iris verna,0.000000,False,False,,False
Mazus_pumilus_2.jpg,Mazus pumilus,True,C-m0.01,0.010000,Iris verna,True,Iris verna,0.000000,False,False,,False
Mazus_pumilus_2.jpg,Mazus pumilus,True,C-m0.02,0.020000,Iris verna,True,Iris verna,0.000000,False,False,,False
Mazus_pumilus_2.jpg,Mazus pumilus,True,C-m0.03,0.030000,Iris verna,True,Iris verna,0.000000,False,False,,False
Mazus_pumilus_2.jpg,Mazus pumilus,True,C-m0.04,0.040000,Iris verna,True,Iris verna,0.000000,False,False,,False
Mazus_pumilus_2.jpg,Mazus pumilus,True,C-m0.048,0.048000,Iris verna,True,Iris verna,0.000000,False,False,,False
Mazus_pumilus_2.jpg,Mazus pumilus,True,C-m0.05,0.050000,Iris verna,True,Iris verna,0.000000,False,False,,False
Mazus_pumilus_2.jpg,Mazus pumilus,True,C-m0.06,0.060000,Iris verna,True,Iris verna,0.000000,False,False,,False
Mazus_pumilus_2.jpg,Mazus pumilus,True,C-m0.08,0.080000,Iris verna,True,Iris verna,0.000000,False,False,,False
Mazus_pumilus_2.jpg,Mazus pumilus,True,C-m0.1,0.100000,Iris verna,True,Iris verna,0.000000,False,False,,False
Mazus_pumilus_2.jpg,Mazus pumilus,True,C-m*raw,0.047722,Iris verna,True,Iris verna,0.000000,False,False,,False
Mazus_pumilus_2.jpg,Mazus pumilus,True,C-m*hazard,0.047722,Iris verna,True,Iris verna,0.000000,False,False,,False
Hexastylis_arifolia_0.jpg,Hexastylis arifolia,True,A,0.000000,Vitis rotundifolia,False,,inf,False,True,Vitis rotundifolia,False
Hexastylis_arifolia_0.jpg,Hexastylis arifolia,True,C,0.000000,Smilax tamnoides,True,Smilax tamnoides,0.000000,False,False,,False
Hexastylis_arifolia_0.jpg,Hexastylis arifolia,True,C-m0.01,0.010000,Smilax tamnoides,True,Smilax tamnoides,0.000000,False,False,,False
Hexastylis_arifolia_0.jpg,Hexastylis arifolia,True,C-m0.02,0.020000,Smilax tamnoides,True,Smilax tamnoides,0.000000,False,False,,False
Hexastylis_arifolia_0.jpg,Hexastylis arifolia,True,C-m0.03,0.030000,Smilax tamnoides,True,Smilax tamnoides,0.000000,False,False,,False
Hexastylis_arifolia_0.jpg,Hexastylis arifolia,True,C-m0.04,0.040000,Smilax tamnoides,True,Smilax tamnoides,0.000000,False,False,,False
Hexastylis_arifolia_0.jpg,Hexastylis arifolia,True,C-m0.048,0.048000,Smilax tamnoides,True,Smilax tamnoides,0.000000,False,False,,False
Hexastylis_arifolia_0.jpg,Hexastylis arifolia,True,C-m0.05,0.050000,Smilax tamnoides,True,Smilax tamnoides,0.000000,False,False,,False
Hexastylis_arifolia_0.jpg,Hexastylis arifolia,True,C-m0.06,0.060000,Smilax tamnoides,True,Smilax tamnoides,0.000000,False,False,,False
Hexastylis_arifolia_0.jpg,Hexastylis arifolia,True,C-m0.08,0.080000,Smilax tamnoides,True,Smilax tamnoides,0.000000,False,False,,False
Hexastylis_arifolia_0.jpg,Hexastylis arifolia,True,C-m0.1,0.100000,Smilax tamnoides,True,Smilax tamnoides,0.000000,False,False,,False
Hexastylis_arifolia_0.jpg,Hexastylis arifolia,True,C-m*raw,0.047722,Smilax tamnoides,True,Smilax tamnoides,0.000000,False,False,,False
Hexastylis_arifolia_0.jpg,Hexastylis arifolia,True,C-m*hazard,0.047722,Smilax tamnoides,True,Smilax tamnoides,0.000000,False,False,,False
Hexastylis_arifolia_1.jpg,Hexastylis arifolia,True,A,0.000000,Tipularia discolor,False,,inf,False,True,Tipularia discolor,False
Hexastylis_arifolia_1.jpg,Hexastylis arifolia,True,C,0.000000,Hexastylis arifolia,True,Hexastylis arifolia,0.000000,False,False,,False
Hexastylis_arifolia_1.jpg,Hexastylis arifolia,True,C-m0.01,0.010000,Hexastylis arifolia,True,Hexastylis arifolia,0.000000,False,False,,False
Hexastylis_arifolia_1.jpg,Hexastylis arifolia,True,C-m0.02,0.020000,Hexastylis arifolia,True,Hexastylis arifolia,0.000000,False,False,,False
Hexastylis_arifolia_1.jpg,Hexastylis arifolia,True,C-m0.03,0.030000,Hexastylis arifolia,True,Hexastylis arifolia,0.000000,False,False,,False
Hexastylis_arifolia_1.jpg,Hexastylis arifolia,True,C-m0.04,0.040000,Hexastylis arifolia,True,Hexastylis arifolia,0.000000,False,False,,False
Hexastylis_arifolia_1.jpg,Hexastylis arifolia,True,C-m0.048,0.048000,Hexastylis arifolia,True,Hexastylis arifolia,0.000000,False,False,,False
Hexastylis_arifolia_1.jpg,Hexastylis arifolia,True,C-m0.05,0.050000,Hexastylis arifolia,True,Hexastylis arifolia,0.000000,False,False,,False
Hexastylis_arifolia_1.jpg,Hexastylis arifolia,True,C-m0.06,0.060000,Hexastylis arifolia,True,Hexastylis arifolia,0.000000,False,False,,False
Hexastylis_arifolia_1.jpg,Hexastylis arifolia,True,C-m0.08,0.080000,Hexastylis arifolia,True,Hexastylis arifolia,0.000000,False,False,,False
Hexastylis_arifolia_1.jpg,Hexastylis arifolia,True,C-m0.1,0.100000,Hexastylis arifolia,True,Hexastylis arifolia,0.000000,False,False,,False
Hexastylis_arifolia_1.jpg,Hexastylis arifolia,True,C-m*raw,0.047722,Hexastylis arifolia,True,Hexastylis arifolia,0.000000,False,False,,False
Hexastylis_arifolia_1.jpg,Hexastylis arifolia,True,C-m*hazard,0.047722,Hexastylis arifolia,True,Hexastylis arifolia,0.000000,False,False,,False
Hexastylis_arifolia_2.jpg,Hexastylis arifolia,True,A,0.000000,Tipularia discolor,False,,inf,False,True,Tipularia discolor,False
Hexastylis_arifolia_2.jpg,Hexastylis arifolia,True,C,0.000000,Hexastylis arifolia,True,Hexastylis arifolia,0.000000,False,False,,False
Hexastylis_arifolia_2.jpg,Hexastylis arifolia,True,C-m0.01,0.010000,Hexastylis arifolia,True,Hexastylis arifolia,0.000000,False,False,,False
Hexastylis_arifolia_2.jpg,Hexastylis arifolia,True,C-m0.02,0.020000,Hexastylis arifolia,True,Hexastylis arifolia,0.000000,False,False,,False
Hexastylis_arifolia_2.jpg,Hexastylis arifolia,True,C-m0.03,0.030000,Hexastylis arifolia,True,Hexastylis arifolia,0.000000,False,False,,False
Hexastylis_arifolia_2.jpg,Hexastylis arifolia,True,C-m0.04,0.040000,Hexastylis arifolia,True,Hexastylis arifolia,0.000000,False,False,,False
Hexastylis_arifolia_2.jpg,Hexastylis arifolia,True,C-m0.048,0.048000,Hexastylis arifolia,True,Hexastylis arifolia,0.000000,False,False,,False
Hexastylis_arifolia_2.jpg,Hexastylis arifolia,True,C-m0.05,0.050000,Hexastylis arifolia,True,Hexastylis arifolia,0.000000,False,False,,False
Hexastylis_arifolia_2.jpg,Hexastylis arifolia,True,C-m0.06,0.060000,Hexastylis arifolia,True,Hexastylis arifolia,0.000000,False,False,,False
Hexastylis_arifolia_2.jpg,Hexastylis arifolia,True,C-m0.08,0.080000,Hexastylis arifolia,True,Hexastylis arifolia,0.000000,False,False,,False
Hexastylis_arifolia_2.jpg,Hexastylis arifolia,True,C-m0.1,0.100000,Hexastylis arifolia,True,Hexastylis arifolia,0.000000,False,False,,False
Hexastylis_arifolia_2.jpg,Hexastylis arifolia,True,C-m*raw,0.047722,Hexastylis arifolia,True,Hexastylis arifolia,0.000000,False,False,,False
Hexastylis_arifolia_2.jpg,Hexastylis arifolia,True,C-m*hazard,0.047722,Hexastylis arifolia,True,Hexastylis arifolia,0.000000,False,False,,False
Anomodon_attenuatus_0.jpg,Anomodon attenuatus,True,A,0.000000,Polystichum acrostichoides,False,,inf,False,True,Polystichum acrostichoides,False
Anomodon_attenuatus_0.jpg,Anomodon attenuatus,True,C,0.000000,Anomodon attenuatus,True,Anomodon attenuatus,0.000000,False,False,,False
Anomodon_attenuatus_0.jpg,Anomodon attenuatus,True,C-m0.01,0.010000,Anomodon attenuatus,True,Anomodon attenuatus,0.000000,False,False,,False
Anomodon_attenuatus_0.jpg,Anomodon attenuatus,True,C-m0.02,0.020000,Anomodon attenuatus,True,Anomodon attenuatus,0.000000,False,False,,False
Anomodon_attenuatus_0.jpg,Anomodon attenuatus,True,C-m0.03,0.030000,Anomodon attenuatus,True,Anomodon attenuatus,0.000000,False,False,,False
Anomodon_attenuatus_0.jpg,Anomodon attenuatus,True,C-m0.04,0.040000,Anomodon attenuatus,True,Anomodon attenuatus,0.000000,False,False,,False
Anomodon_attenuatus_0.jpg,Anomodon attenuatus,True,C-m0.048,0.048000,Anomodon attenuatus,True,Anomodon attenuatus,0.000000,False,False,,False
Anomodon_attenuatus_0.jpg,Anomodon attenuatus,True,C-m0.05,0.050000,Anomodon attenuatus,True,Anomodon attenuatus,0.000000,False,False,,False
Anomodon_attenuatus_0.jpg,Anomodon attenuatus,True,C-m0.06,0.060000,Anomodon attenuatus,True,Anomodon attenuatus,0.000000,False,False,,False
Anomodon_attenuatus_0.jpg,Anomodon attenuatus,True,C-m0.08,0.080000,Anomodon attenuatus,True,Anomodon attenuatus,0.000000,False,False,,False
Anomodon_attenuatus_0.jpg,Anomodon attenuatus,True,C-m0.1,0.100000,Anomodon attenuatus,True,Anomodon attenuatus,0.000000,False,False,,False
Anomodon_attenuatus_0.jpg,Anomodon attenuatus,True,C-m*raw,0.047722,Anomodon attenuatus,True,Anomodon attenuatus,0.000000,False,False,,False
Anomodon_attenuatus_0.jpg,Anomodon attenuatus,True,C-m*hazard,0.047722,Anomodon attenuatus,True,Anomodon attenuatus,0.000000,False,False,,False
Anomodon_attenuatus_1.jpg,Anomodon attenuatus,True,A,0.000000,Phyllanthus urinaria,False,,inf,False,True,Phyllanthus urinaria,False
Anomodon_attenuatus_1.jpg,Anomodon attenuatus,True,C,0.000000,Anomodon attenuatus,True,Anomodon attenuatus,0.000000,False,False,,False
Anomodon_attenuatus_1.jpg,Anomodon attenuatus,True,C-m0.01,0.010000,Anomodon attenuatus,True,Anomodon attenuatus,0.000000,False,False,,False
Anomodon_attenuatus_1.jpg,Anomodon attenuatus,True,C-m0.02,0.020000,Anomodon attenuatus,True,Anomodon attenuatus,0.000000,False,False,,False
Anomodon_attenuatus_1.jpg,Anomodon attenuatus,True,C-m0.03,0.030000,Anomodon attenuatus,True,Anomodon attenuatus,0.000000,False,False,,False
Anomodon_attenuatus_1.jpg,Anomodon attenuatus,True,C-m0.04,0.040000,Anomodon attenuatus,True,Anomodon attenuatus,0.000000,False,False,,False
Anomodon_attenuatus_1.jpg,Anomodon attenuatus,True,C-m0.048,0.048000,Anomodon attenuatus,True,Anomodon attenuatus,0.000000,False,False,,False
Anomodon_attenuatus_1.jpg,Anomodon attenuatus,True,C-m0.05,0.050000,Anomodon attenuatus,True,Anomodon attenuatus,0.000000,False,False,,False
Anomodon_attenuatus_1.jpg,Anomodon attenuatus,True,C-m0.06,0.060000,Anomodon attenuatus,True,Anomodon attenuatus,0.000000,False,False,,False
Anomodon_attenuatus_1.jpg,Anomodon attenuatus,True,C-m0.08,0.080000,Anomodon attenuatus,True,Anomodon attenuatus,0.000000,False,False,,False
Anomodon_attenuatus_1.jpg,Anomodon attenuatus,True,C-m0.1,0.100000,Anomodon attenuatus,True,Anomodon attenuatus,0.000000,False,False,,False
Anomodon_attenuatus_1.jpg,Anomodon attenuatus,True,C-m*raw,0.047722,Anomodon attenuatus,True,Anomodon attenuatus,0.000000,False,False,,False
Anomodon_attenuatus_1.jpg,Anomodon attenuatus,True,C-m*hazard,0.047722,Anomodon attenuatus,True,Anomodon attenuatus,0.000000,False,False,,False
Anomodon_attenuatus_2.jpg,Anomodon attenuatus,True,A,0.000000,Polystichum acrostichoides,False,,inf,False,True,Polystichum acrostichoides,False
Anomodon_attenuatus_2.jpg,Anomodon attenuatus,True,C,0.000000,Thuidium delicatulum,True,Thuidium delicatulum,0.000000,False,False,,False
Anomodon_attenuatus_2.jpg,Anomodon attenuatus,True,C-m0.01,0.010000,Thuidium delicatulum,True,Thuidium delicatulum,0.000000,False,False,,False
Anomodon_attenuatus_2.jpg,Anomodon attenuatus,True,C-m0.02,0.020000,Thuidium delicatulum,True,Thuidium delicatulum,0.000000,False,False,,False
Anomodon_attenuatus_2.jpg,Anomodon attenuatus,True,C-m0.03,0.030000,Thuidium delicatulum,True,Thuidium delicatulum,0.000000,False,False,,False
Anomodon_attenuatus_2.jpg,Anomodon attenuatus,True,C-m0.04,0.040000,Thuidium delicatulum,True,Thuidium delicatulum,0.000000,False,False,,False
Anomodon_attenuatus_2.jpg,Anomodon attenuatus,True,C-m0.048,0.048000,Thuidium delicatulum,True,Thuidium delicatulum,0.000000,False,False,,False
Anomodon_attenuatus_2.jpg,Anomodon attenuatus,True,C-m0.05,0.050000,Thuidium delicatulum,True,Thuidium delicatulum,0.000000,False,False,,False
Anomodon_attenuatus_2.jpg,Anomodon attenuatus,True,C-m0.06,0.060000,Thuidium delicatulum,True,Thuidium delicatulum,0.000000,False,False,,False
Anomodon_attenuatus_2.jpg,Anomodon attenuatus,True,C-m0.08,0.080000,Thuidium delicatulum,True,Thuidium delicatulum,0.000000,False,False,,False
Anomodon_attenuatus_2.jpg,Anomodon attenuatus,True,C-m0.1,0.100000,Thuidium delicatulum,True,Thuidium delicatulum,0.000000,False,False,,False
Anomodon_attenuatus_2.jpg,Anomodon attenuatus,True,C-m*raw,0.047722,Thuidium delicatulum,True,Thuidium delicatulum,0.000000,False,False,,False
Anomodon_attenuatus_2.jpg,Anomodon attenuatus,True,C-m*hazard,0.047722,Thuidium delicatulum,True,Thuidium delicatulum,0.000000,False,False,,False
Endodeca_serpentaria_0.jpg,Endodeca serpentaria,True,A,0.000000,Vitis rotundifolia,False,,inf,False,True,Vitis rotundifolia,False
Endodeca_serpentaria_0.jpg,Endodeca serpentaria,True,C,0.000000,Endodeca serpentaria,True,Endodeca serpentaria,0.000000,False,False,,False
Endodeca_serpentaria_0.jpg,Endodeca serpentaria,True,C-m0.01,0.010000,Endodeca serpentaria,True,Endodeca serpentaria,0.000000,False,False,,False
Endodeca_serpentaria_0.jpg,Endodeca serpentaria,True,C-m0.02,0.020000,Endodeca serpentaria,True,Endodeca serpentaria,0.000000,False,False,,False
Endodeca_serpentaria_0.jpg,Endodeca serpentaria,True,C-m0.03,0.030000,Endodeca serpentaria,True,Endodeca serpentaria,0.000000,False,False,,False
Endodeca_serpentaria_0.jpg,Endodeca serpentaria,True,C-m0.04,0.040000,Endodeca serpentaria,True,Endodeca serpentaria,0.000000,False,False,,False
Endodeca_serpentaria_0.jpg,Endodeca serpentaria,True,C-m0.048,0.048000,Endodeca serpentaria,True,Endodeca serpentaria,0.000000,False,False,,False
Endodeca_serpentaria_0.jpg,Endodeca serpentaria,True,C-m0.05,0.050000,Endodeca serpentaria,True,Endodeca serpentaria,0.000000,False,False,,False
Endodeca_serpentaria_0.jpg,Endodeca serpentaria,True,C-m0.06,0.060000,Endodeca serpentaria,True,Endodeca serpentaria,0.000000,False,False,,False
Endodeca_serpentaria_0.jpg,Endodeca serpentaria,True,C-m0.08,0.080000,Endodeca serpentaria,True,Endodeca serpentaria,0.000000,False,False,,False
Endodeca_serpentaria_0.jpg,Endodeca serpentaria,True,C-m0.1,0.100000,Endodeca serpentaria,True,Endodeca serpentaria,0.000000,False,False,,False
Endodeca_serpentaria_0.jpg,Endodeca serpentaria,True,C-m*raw,0.047722,Endodeca serpentaria,True,Endodeca serpentaria,0.000000,False,False,,False
Endodeca_serpentaria_0.jpg,Endodeca serpentaria,True,C-m*hazard,0.047722,Endodeca serpentaria,True,Endodeca serpentaria,0.000000,False,False,,False
Endodeca_serpentaria_1.jpg,Endodeca serpentaria,True,A,0.000000,Tipularia discolor,False,,inf,False,True,Tipularia discolor,False
Endodeca_serpentaria_1.jpg,Endodeca serpentaria,True,C,0.000000,Endodeca serpentaria,True,Endodeca serpentaria,0.000000,False,False,,False
Endodeca_serpentaria_1.jpg,Endodeca serpentaria,True,C-m0.01,0.010000,Endodeca serpentaria,True,Endodeca serpentaria,0.000000,False,False,,False
Endodeca_serpentaria_1.jpg,Endodeca serpentaria,True,C-m0.02,0.020000,Endodeca serpentaria,True,Endodeca serpentaria,0.000000,False,False,,False
Endodeca_serpentaria_1.jpg,Endodeca serpentaria,True,C-m0.03,0.030000,Endodeca serpentaria,True,Endodeca serpentaria,0.000000,False,False,,False
Endodeca_serpentaria_1.jpg,Endodeca serpentaria,True,C-m0.04,0.040000,Endodeca serpentaria,True,Endodeca serpentaria,0.000000,False,False,,False
Endodeca_serpentaria_1.jpg,Endodeca serpentaria,True,C-m0.048,0.048000,Endodeca serpentaria,True,Endodeca serpentaria,0.000000,False,False,,False
Endodeca_serpentaria_1.jpg,Endodeca serpentaria,True,C-m0.05,0.050000,Endodeca serpentaria,True,Endodeca serpentaria,0.000000,False,False,,False
Endodeca_serpentaria_1.jpg,Endodeca serpentaria,True,C-m0.06,0.060000,Endodeca serpentaria,True,Endodeca serpentaria,0.000000,False,False,,False
Endodeca_serpentaria_1.jpg,Endodeca serpentaria,True,C-m0.08,0.080000,Endodeca serpentaria,True,Endodeca serpentaria,0.000000,False,False,,False
Endodeca_serpentaria_1.jpg,Endodeca serpentaria,True,C-m0.1,0.100000,Endodeca serpentaria,True,Endodeca serpentaria,0.000000,False,False,,False
Endodeca_serpentaria_1.jpg,Endodeca serpentaria,True,C-m*raw,0.047722,Endodeca serpentaria,True,Endodeca serpentaria,0.000000,False,False,,False
Endodeca_serpentaria_1.jpg,Endodeca serpentaria,True,C-m*hazard,0.047722,Endodeca serpentaria,True,Endodeca serpentaria,0.000000,False,False,,False
Endodeca_serpentaria_2.jpg,Endodeca serpentaria,True,A,0.000000,Phyllanthus urinaria,False,,inf,False,True,Phyllanthus urinaria,False
Endodeca_serpentaria_2.jpg,Endodeca serpentaria,True,C,0.000000,Endodeca serpentaria,True,Endodeca serpentaria,0.000000,False,False,,False
Endodeca_serpentaria_2.jpg,Endodeca serpentaria,True,C-m0.01,0.010000,Endodeca serpentaria,True,Endodeca serpentaria,0.000000,False,False,,False
Endodeca_serpentaria_2.jpg,Endodeca serpentaria,True,C-m0.02,0.020000,Endodeca serpentaria,True,Endodeca serpentaria,0.000000,False,False,,False
Endodeca_serpentaria_2.jpg,Endodeca serpentaria,True,C-m0.03,0.030000,Endodeca serpentaria,True,Endodeca serpentaria,0.000000,False,False,,False
Endodeca_serpentaria_2.jpg,Endodeca serpentaria,True,C-m0.04,0.040000,Endodeca serpentaria,True,Endodeca serpentaria,0.000000,False,False,,False
Endodeca_serpentaria_2.jpg,Endodeca serpentaria,True,C-m0.048,0.048000,Endodeca serpentaria,True,Endodeca serpentaria,0.000000,False,False,,False
Endodeca_serpentaria_2.jpg,Endodeca serpentaria,True,C-m0.05,0.050000,Endodeca serpentaria,True,Endodeca serpentaria,0.000000,False,False,,False
Endodeca_serpentaria_2.jpg,Endodeca serpentaria,True,C-m0.06,0.060000,Endodeca serpentaria,True,Endodeca serpentaria,0.000000,False,False,,False
Endodeca_serpentaria_2.jpg,Endodeca serpentaria,True,C-m0.08,0.080000,Endodeca serpentaria,True,Endodeca serpentaria,0.000000,False,False,,False
Endodeca_serpentaria_2.jpg,Endodeca serpentaria,True,C-m0.1,0.100000,Endodeca serpentaria,True,Endodeca serpentaria,0.000000,False,False,,False
Endodeca_serpentaria_2.jpg,Endodeca serpentaria,True,C-m*raw,0.047722,Endodeca serpentaria,True,Endodeca serpentaria,0.000000,False,False,,False
Endodeca_serpentaria_2.jpg,Endodeca serpentaria,True,C-m*hazard,0.047722,Endodeca serpentaria,True,Endodeca serpentaria,0.000000,False,False,,False
