rule,tau,set,photo,kind,species,own_genus,toxic,L,top_genus,hazard_warn,reticle_plant,pass_own,pass_wrong_genus,toxic_pass_raw,toxic_pass_verdict
R0 baseline,0.0480,S50,target_Conoclinium_coelestinum_404305465.jpg,target,Conoclinium coelestinum,Conoclinium,False,0.132257,Conoclinium,False,True,1.0000,0.0000,False,False
R0 baseline,0.0480,S50,target_Conoclinium_coelestinum_403544356.jpg,target,Conoclinium coelestinum,Conoclinium,False,0.146845,Conoclinium,False,True,1.0000,0.0000,False,False
R0 baseline,0.0480,S50,target_Callicarpa_americana_400532330.jpg,target,Callicarpa americana,Callicarpa,False,0.178905,Callicarpa,False,True,1.0000,0.0000,False,False
R0 baseline,0.0480,S50,target_Callicarpa_americana_399137999.jpg,target,Callicarpa americana,Callicarpa,False,0.198009,Callicarpa,False,True,1.0000,0.0000,False,False
R0 baseline,0.0480,S50,target_Liquidambar_styraciflua_405042376.jpg,target,Liquidambar styraciflua,Liquidambar,False,-0.027162,Liquidambar,False,True,0.0000,0.0000,False,False
R0 baseline,0.0480,S50,target_Liquidambar_styraciflua_404493614.jpg,target,Liquidambar styraciflua,Liquidambar,False,0.002233,Cercis,False,True,0.0000,0.0000,False,False
R0 baseline,0.0480,S50,target_Magnolia_grandiflora_396800120.jpg,target,Magnolia grandiflora,Magnolia,False,-0.043651,Magnolia,False,True,0.0000,0.0000,False,False
R0 baseline,0.0480,S50,target_Magnolia_grandiflora_390971398.jpg,target,Magnolia grandiflora,Magnolia,False,0.070745,Magnolia,False,True,1.0000,0.0000,False,False
R0 baseline,0.0480,S50,target_Liriodendron_tulipifera_405512381.jpg,target,Liriodendron tulipifera,Liriodendron,False,-0.027870,Platanus,False,True,0.0000,0.0000,False,False
R0 baseline,0.0480,S50,target_Liriodendron_tulipifera_405264498.jpg,target,Liriodendron tulipifera,Liriodendron,False,-0.032033,Cercis,False,True,0.0000,0.0000,False,False
R0 baseline,0.0480,S50,target_Polystichum_acrostichoides_405345748.jpg,target,Polystichum acrostichoides,Polystichum,False,0.204052,Polystichum,False,True,1.0000,0.0000,False,False
R0 baseline,0.0480,S50,target_Polystichum_acrostichoides_405345610.jpg,target,Polystichum acrostichoides,Polystichum,False,0.231287,Polystichum,False,True,1.0000,0.0000,False,False
R0 baseline,0.0480,S50,target_Fagus_grandifolia_405501294.jpg,target,Fagus grandifolia,Fagus,False,-0.088021,Phyllanthus,False,True,0.0000,0.0000,False,False
R0 baseline,0.0480,S50,target_Fagus_grandifolia_405345574.jpg,target,Fagus grandifolia,Fagus,False,0.095092,Fagus,False,True,1.0000,0.0000,False,False
R0 baseline,0.0480,S50,target_Erechtites_hieraciifolius_405067001.jpg,target,Erechtites hieraciifolius,Erechtites,False,-0.049690,Erechtites,False,True,0.0000,0.0000,False,False
R0 baseline,0.0480,S50,target_Ampelopsis_glandulosa_405082405.jpg,target,Ampelopsis glandulosa,Ampelopsis,False,0.113753,Ampelopsis,False,True,1.0000,0.0000,False,False
R0 baseline,0.0480,S50,target_Diospyros_virginiana_403124444.jpg,target,Diospyros virginiana,Diospyros,False,0.033250,Diospyros,False,True,0.0000,0.0000,False,False
R0 baseline,0.0480,S50,target_Platanus_occidentalis_405314707.jpg,target,Platanus occidentalis,Platanus,False,0.040495,Platanus,False,True,0.0000,0.0000,False,False
R0 baseline,0.0480,S50,target_Vitis_rotundifolia_402327267.jpg,target,Vitis rotundifolia,Vitis,False,0.148088,Vitis,False,True,1.0000,0.0000,False,False
R0 baseline,0.0480,S50,target_Pueraria_montana_404096208.jpg,target,Pueraria montana,Pueraria,False,0.109945,Pueraria,False,True,1.0000,0.0000,False,False
R0 baseline,0.0480,S50,target_Cercis_canadensis_404198314.jpg,target,Cercis canadensis,Cercis,False,0.085402,Cercis,False,True,1.0000,0.0000,False,False
R0 baseline,0.0480,S50,target_Quercus_nigra_400010614.jpg,target,Quercus nigra,Quercus,False,-0.055202,Quercus,False,True,0.0000,0.0000,False,False
R0 baseline,0.0480,S50,target_Albizia_julibrissin_401649566.jpg,target,Albizia julibrissin,Albizia,False,-0.061108,Albizia,False,True,0.0000,0.0000,False,False
R0 baseline,0.0480,S50,target_Chimaphila_maculata_405278636.jpg,target,Chimaphila maculata,Chimaphila,False,0.076341,Chimaphila,False,True,1.0000,0.0000,False,False
R0 baseline,0.0480,S50,target_Rhus_copallinum_405529666.jpg,target,Rhus copallinum,Rhus,False,0.045004,Rhus,False,True,0.0000,0.0000,False,False
R0 baseline,0.0480,S50,target_Ilex_cornuta_355455003.jpg,target,Ilex cornuta,Ilex,False,0.137578,Ilex,False,True,1.0000,0.0000,False,False
R0 baseline,0.0480,S50,target_Solidago_altissima_403428628.jpg,target,Solidago altissima,Solidago,False,0.106617,Solidago,False,True,1.0000,0.0000,False,False
R0 baseline,0.0480,S50,target_Sassafras_albidum_405971253.jpg,target,Sassafras albidum,Sassafras,False,0.174077,Sassafras,False,True,1.0000,0.0000,False,False
R0 baseline,0.0480,S50,target_Tipularia_discolor_398521399.jpg,target,Tipularia discolor,Tipularia,False,-0.041730,Tipularia,False,True,0.0000,0.0000,False,False
R0 baseline,0.0480,S50,target_Phyllanthus_urinaria_396003845.jpg,target,Phyllanthus urinaria,Phyllanthus,False,0.054295,Phyllanthus,False,True,1.0000,0.0000,False,False
R0 baseline,0.0480,S50,grass_Arundo_donax_406751438.jpg,grass,Arundo donax,Arundo,True,-0.198612,Ampelopsis,False,True,0.0000,0.0000,False,False
R0 baseline,0.0480,S50,grass_Hordeum_jubatum_406696238.jpg,grass,Hordeum jubatum,Hordeum,True,-0.134604,Albizia,False,True,0.0000,0.0000,False,False
R0 baseline,0.0480,S50,grass_Arrhenatherum_elatius_406671945.jpg,grass,Arrhenatherum elatius,Arrhenatherum,False,-0.113749,Erechtites,False,True,0.0000,0.0000,False,False
R0 baseline,0.0480,S50,grass_Diplachne_fusca_406653544.jpg,grass,Diplachne fusca,Diplachne,False,-0.031857,Albizia,False,True,0.0000,0.0000,False,False
R0 baseline,0.0480,S50,grass_Steinchisma_hians_406606905.jpg,grass,Steinchisma hians,Steinchisma,False,-0.184932,Phyllanthus,False,True,0.0000,0.0000,False,False
R0 baseline,0.0480,S50,grass_Andropogon_gerardi_406597519.jpg,grass,Andropogon gerardi,Andropogon,False,-0.183885,Tipularia,False,True,0.0000,0.0000,False,False
R0 baseline,0.0480,S50,grass_Paspalum_distichum_406584892.jpg,grass,Paspalum distichum,Paspalum,False,-0.235011,Phyllanthus,False,True,0.0000,0.0000,False,False
R0 baseline,0.0480,S50,grass_Sorghastrum_nutans_406580824.jpg,grass,Sorghastrum nutans,Sorghastrum,False,-0.149556,Pueraria,False,True,0.0000,0.0000,False,False
R0 baseline,0.0480,S50,grass_Panicum_racemosum_406576237.jpg,grass,Panicum racemosum,Panicum,False,-0.138693,Pueraria,False,True,0.0000,0.0000,False,False
R0 baseline,0.0480,S50,grass_Pseudoroegneria_spicata_406559012.jpg,grass,Pseudoroegneria spicata,Pseudoroegneria,False,-0.139848,Phyllanthus,False,True,0.0000,0.0000,False,False
R0 baseline,0.0480,S50,non_grass_Trifolium_repens_406359770.jpg,non_grass,Trifolium repens,Trifolium,False,-0.233937,Phyllanthus,False,True,0.0000,0.0000,False,False
R0 baseline,0.0480,S50,non_grass_Taraxacum_officinale_406035391.jpg,non_grass,Taraxacum officinale,Taraxacum,False,-0.164120,Erechtites,False,True,0.0000,0.0000,False,False
R0 baseline,0.0480,S50,non_grass_Plantago_lanceolata_406558218.jpg,non_grass,Plantago lanceolata,Plantago,False,-0.124597,Polystichum,False,True,0.0000,0.0000,False,False
R0 baseline,0.0480,S50,non_grass_Oxalis_stricta_rufa_406756800.jpg,non_grass,Oxalis stricta rufa,Oxalis,False,-0.207186,Phyllanthus,False,True,0.0000,0.0000,False,False
R0 baseline,0.0480,S50,non_grass_Quercus_alba_405748845.jpg,non_grass,Quercus alba,Quercus,True,-0.088870,Quercus,False,True,0.0000,0.0000,False,False
R0 baseline,0.0480,S50,non_grass_Acer_rubrum_405066941.jpg,non_grass,Acer rubrum,Acer,True,-0.074676,Sassafras,False,True,0.0000,0.0000,False,False
R0 baseline,0.0480,S50,non_grass_Lonicera_japonica_406655855.jpg,non_grass,Lonicera japonica,Lonicera,True,-0.165415,Callicarpa,False,True,0.0000,0.0000,False,False
R0 baseline,0.0480,S50,non_grass_Rubus_ulmifolius_406649712.jpg,non_grass,Rubus ulmifolius,Rubus,False,0.013514,Ampelopsis,False,True,0.0000,0.0000,False,False
R0 baseline,0.0480,S50,non_grass_Polystichum_acrostichoides_405278830.jpg,non_grass,Polystichum acrostichoides,Polystichum,False,0.184759,Polystichum,False,True,1.0000,0.0000,False,False
R0 baseline,0.0480,S50,non_grass_Carex_enneastachya_406638844.jpg,non_grass,Carex enneastachya,Carex,False,-0.149292,Cercis,False,True,0.0000,0.0000,False,False
R0 baseline,0.0480,TB,Conoclinium_coelestinum_0.jpg,target,Conoclinium coelestinum,Conoclinium,False,0.178098,Conoclinium,False,True,1.0000,0.0000,False,False
R0 baseline,0.0480,TB,Conoclinium_coelestinum_1.jpg,target,Conoclinium coelestinum,Conoclinium,False,0.014458,Conoclinium,False,True,0.0000,0.0000,False,False
R0 baseline,0.0480,TB,Conoclinium_coelestinum_2.jpg,target,Conoclinium coelestinum,Conoclinium,False,-0.024871,Conoclinium,False,True,0.0000,0.0000,False,False
R0 baseline,0.0480,TB,Callicarpa_americana_0.jpg,target,Callicarpa americana,Callicarpa,False,0.154388,Callicarpa,False,True,1.0000,0.0000,False,False
R0 baseline,0.0480,TB,Callicarpa_americana_1.jpg,target,Callicarpa americana,Callicarpa,False,0.201502,Callicarpa,False,True,1.0000,0.0000,False,False
R0 baseline,0.0480,TB,Callicarpa_americana_2.jpg,target,Callicarpa americana,Callicarpa,False,0.103729,Callicarpa,False,True,1.0000,0.0000,False,False
R0 baseline,0.0480,TB,Liquidambar_styraciflua_0.jpg,target,Liquidambar styraciflua,Liquidambar,False,0.102300,Liquidambar,False,True,1.0000,0.0000,False,False
R0 baseline,0.0480,TB,Liquidambar_styraciflua_1.jpg,target,Liquidambar styraciflua,Liquidambar,False,0.018293,Liquidambar,False,True,0.0000,0.0000,False,False
R0 baseline,0.0480,TB,Liquidambar_styraciflua_2.jpg,target,Liquidambar styraciflua,Liquidambar,False,0.028168,Liquidambar,False,True,0.0000,0.0000,False,False
R0 baseline,0.0480,TB,Magnolia_grandiflora_0.jpg,target,Magnolia grandiflora,Magnolia,False,-0.016333,Magnolia,False,True,0.0000,0.0000,False,False
R0 baseline,0.0480,TB,Magnolia_grandiflora_1.jpg,target,Magnolia grandiflora,Magnolia,False,0.124421,Magnolia,False,True,1.0000,0.0000,False,False
R0 baseline,0.0480,TB,Magnolia_grandiflora_2.jpg,target,Magnolia grandiflora,Magnolia,False,0.094479,Magnolia,False,True,1.0000,0.0000,False,False
R0 baseline,0.0480,TB,Liriodendron_tulipifera_0.jpg,target,Liriodendron tulipifera,Liriodendron,False,0.076436,Liriodendron,False,True,1.0000,0.0000,False,False
R0 baseline,0.0480,TB,Liriodendron_tulipifera_1.jpg,target,Liriodendron tulipifera,Liriodendron,False,-0.011989,Quercus,False,True,0.0000,0.0000,False,False
R0 baseline,0.0480,TB,Liriodendron_tulipifera_2.jpg,target,Liriodendron tulipifera,Liriodendron,False,-0.041312,Cercis,False,True,0.0000,0.0000,False,False
R0 baseline,0.0480,TB,Polystichum_acrostichoides_0.jpg,target,Polystichum acrostichoides,Polystichum,False,0.020531,Polystichum,False,True,0.0000,0.0000,False,False
R0 baseline,0.0480,TB,Polystichum_acrostichoides_1.jpg,target,Polystichum acrostichoides,Polystichum,False,0.172291,Polystichum,False,True,1.0000,0.0000,False,False
R0 baseline,0.0480,TB,Polystichum_acrostichoides_2.jpg,target,Polystichum acrostichoides,Polystichum,False,0.145838,Polystichum,False,True,1.0000,0.0000,False,False
R0 baseline,0.0480,TB,Fagus_grandifolia_0.jpg,target,Fagus grandifolia,Fagus,False,0.160727,Fagus,False,True,1.0000,0.0000,False,False
R0 baseline,0.0480,TB,Fagus_grandifolia_1.jpg,target,Fagus grandifolia,Fagus,False,0.010232,Fagus,False,True,0.0000,0.0000,False,False
R0 baseline,0.0480,TB,Fagus_grandifolia_2.jpg,target,Fagus grandifolia,Fagus,False,0.196577,Fagus,False,True,1.0000,0.0000,False,False
R0 baseline,0.0480,TB,Erechtites_hieraciifolius_0.jpg,target,Erechtites hieraciifolius,Erechtites,False,0.007696,Erechtites,False,True,0.0000,0.0000,False,False
R0 baseline,0.0480,TB,Erechtites_hieraciifolius_1.jpg,target,Erechtites hieraciifolius,Erechtites,False,0.144552,Erechtites,False,True,1.0000,0.0000,False,False
R0 baseline,0.0480,TB,Erechtites_hieraciifolius_2.jpg,target,Erechtites hieraciifolius,Erechtites,False,-0.030794,Erechtites,False,True,0.0000,0.0000,False,False
R0 baseline,0.0480,TB,Ampelopsis_glandulosa_0.jpg,target,Ampelopsis glandulosa,Ampelopsis,False,0.130979,Ampelopsis,False,True,1.0000,0.0000,False,False
R0 baseline,0.0480,TB,Ampelopsis_glandulosa_1.jpg,target,Ampelopsis glandulosa,Ampelopsis,False,0.124380,Ampelopsis,False,True,1.0000,0.0000,False,False
R0 baseline,0.0480,TB,Ampelopsis_glandulosa_2.jpg,target,Ampelopsis glandulosa,Ampelopsis,False,0.116861,Ampelopsis,False,True,1.0000,0.0000,False,False
R0 baseline,0.0480,TB,Diospyros_virginiana_0.jpg,target,Diospyros virginiana,Diospyros,False,-0.028389,Diospyros,False,True,0.0000,0.0000,False,False
R0 baseline,0.0480,TB,Diospyros_virginiana_1.jpg,target,Diospyros virginiana,Diospyros,False,-0.021603,Diospyros,False,True,0.0000,0.0000,False,False
R0 baseline,0.0480,TB,Diospyros_virginiana_2.jpg,target,Diospyros virginiana,Diospyros,False,0.014878,Quercus,False,True,0.0000,0.0000,False,False
R0 baseline,0.0480,TB,Platanus_occidentalis_0.jpg,target,Platanus occidentalis,Platanus,False,-0.017150,Platanus,True,True,0.0000,0.0000,False,False
R0 baseline,0.0480,TB,Platanus_occidentalis_1.jpg,target,Platanus occidentalis,Platanus,False,0.062471,Platanus,False,True,1.0000,0.0000,False,False
R0 baseline,0.0480,TB,Platanus_occidentalis_2.jpg,target,Platanus occidentalis,Platanus,False,0.083543,Platanus,False,True,1.0000,0.0000,False,False
R0 baseline,0.0480,TB,Vitis_rotundifolia_0.jpg,target,Vitis rotundifolia,Vitis,False,-0.010113,Vitis,False,True,0.0000,0.0000,False,False
R0 baseline,0.0480,TB,Vitis_rotundifolia_1.jpg,target,Vitis rotundifolia,Vitis,False,-0.049287,Vitis,False,True,0.0000,0.0000,False,False
R0 baseline,0.0480,TB,Vitis_rotundifolia_2.jpg,target,Vitis rotundifolia,Vitis,False,-0.078131,Ampelopsis,False,True,0.0000,0.0000,False,False
R0 baseline,0.0480,TB,Pueraria_montana_0.jpg,target,Pueraria montana,Pueraria,False,0.132597,Pueraria,False,True,1.0000,0.0000,False,False
R0 baseline,0.0480,TB,Pueraria_montana_1.jpg,target,Pueraria montana,Pueraria,False,-0.080063,Pueraria,False,True,0.0000,0.0000,False,False
R0 baseline,0.0480,TB,Pueraria_montana_2.jpg,target,Pueraria montana,Pueraria,False,0.063900,Pueraria,False,True,1.0000,0.0000,False,False
R0 baseline,0.0480,TB,Cercis_canadensis_0.jpg,target,Cercis canadensis,Cercis,False,-0.076191,Cercis,False,True,0.0000,0.0000,False,False
R0 baseline,0.0480,TB,Cercis_canadensis_1.jpg,target,Cercis canadensis,Cercis,False,0.080107,Cercis,False,True,1.0000,0.0000,False,False
R0 baseline,0.0480,TB,Cercis_canadensis_2.jpg,target,Cercis canadensis,Cercis,False,-0.098561,Cercis,False,True,0.0000,0.0000,False,False
R0 baseline,0.0480,TB,Quercus_nigra_0.jpg,target,Quercus nigra,Quercus,False,-0.059065,Quercus,False,True,0.0000,0.0000,False,False
R0 baseline,0.0480,TB,Quercus_nigra_1.jpg,target,Quercus nigra,Quercus,False,-0.036316,Magnolia,False,True,0.0000,0.0000,False,False
R0 baseline,0.0480,TB,Quercus_nigra_2.jpg,target,Quercus nigra,Quercus,False,0.123210,Quercus,False,True,1.0000,0.0000,False,False
R0 baseline,0.0480,TB,Albizia_julibrissin_0.jpg,target,Albizia julibrissin,Albizia,False,0.155187,Albizia,False,True,1.0000,0.0000,False,False
R0 baseline,0.0480,TB,Albizia_julibrissin_1.jpg,target,Albizia julibrissin,Albizia,False,-0.074883,Pueraria,False,True,0.0000,0.0000,False,False
R0 baseline,0.0480,TB,Albizia_julibrissin_2.jpg,target,Albizia julibrissin,Albizia,False,0.040022,Albizia,False,True,0.0000,0.0000,False,False
R0 baseline,0.0480,TB,Chimaphila_maculata_0.jpg,target,Chimaphila maculata,Chimaphila,False,0.151424,Chimaphila,False,True,1.0000,0.0000,False,False
R0 baseline,0.0480,TB,Chimaphila_maculata_1.jpg,target,Chimaphila maculata,Chimaphila,False,0.196394,Chimaphila,False,True,1.0000,0.0000,False,False
R0 baseline,0.0480,TB,Chimaphila_maculata_2.jpg,target,Chimaphila maculata,Chimaphila,False,0.163996,Chimaphila,False,True,1.0000,0.0000,False,False
R0 baseline,0.0480,TB,Rhus_copallinum_0.jpg,target,Rhus copallinum,Rhus,False,-0.060744,Albizia,True,True,0.0000,0.0000,False,False
R0 baseline,0.0480,TB,Rhus_copallinum_1.jpg,target,Rhus copallinum,Rhus,False,-0.069163,Albizia,False,True,0.0000,0.0000,False,False
R0 baseline,0.0480,TB,Rhus_copallinum_2.jpg,target,Rhus copallinum,Rhus,False,0.015176,Rhus,False,True,0.0000,0.0000,False,False
R0 baseline,0.0480,TB,Solidago_altissima_0.jpg,target,Solidago altissima,Solidago,False,0.194423,Solidago,False,True,1.0000,0.0000,False,False
R0 baseline,0.0480,TB,Solidago_altissima_1.jpg,target,Solidago altissima,Solidago,False,0.155419,Solidago,False,True,1.0000,0.0000,False,False
R0 baseline,0.0480,TB,Solidago_altissima_2.jpg,target,Solidago altissima,Solidago,False,-0.141922,Solidago,False,True,0.0000,0.0000,False,False
R0 baseline,0.0480,TB,Ilex_cornuta_0.jpg,target,Ilex cornuta,Ilex,False,0.010715,Ilex,True,True,0.0000,0.0000,False,False
R0 baseline,0.0480,TB,Ilex_cornuta_1.jpg,target,Ilex cornuta,Ilex,False,0.127587,Ilex,False,True,1.0000,0.0000,False,False
R0 baseline,0.0480,TB,Ilex_cornuta_2.jpg,target,Ilex cornuta,Ilex,False,0.124445,Ilex,False,True,1.0000,0.0000,False,False
R0 baseline,0.0480,TB,Sassafras_albidum_0.jpg,target,Sassafras albidum,Sassafras,False,0.071018,Sassafras,False,True,1.0000,0.0000,False,False
R0 baseline,0.0480,TB,Sassafras_albidum_1.jpg,target,Sassafras albidum,Sassafras,False,-0.051459,Quercus,False,True,0.0000,0.0000,False,False
R0 baseline,0.0480,TB,Sassafras_albidum_2.jpg,target,Sassafras albidum,Sassafras,False,0.143497,Sassafras,False,True,1.0000,0.0000,False,False
R0 baseline,0.0480,TB,Tipularia_discolor_0.jpg,target,Tipularia discolor,Tipularia,False,-0.026594,Magnolia,False,True,0.0000,0.0000,False,False
R0 baseline,0.0480,TB,Tipularia_discolor_1.jpg,target,Tipularia discolor,Tipularia,False,0.039973,Magnolia,False,True,0.0000,0.0000,False,False
R0 baseline,0.0480,TB,Tipularia_discolor_2.jpg,target,Tipularia discolor,Tipularia,False,-0.003254,Tipularia,False,True,0.0000,0.0000,False,False
R0 baseline,0.0480,TB,Phyllanthus_urinaria_0.jpg,target,Phyllanthus urinaria,Phyllanthus,False,0.080647,Phyllanthus,False,True,1.0000,0.0000,False,False
R0 baseline,0.0480,TB,Phyllanthus_urinaria_1.jpg,target,Phyllanthus urinaria,Phyllanthus,False,0.033394,Phyllanthus,False,True,0.0000,0.0000,False,False
R0 baseline,0.0480,TB,Phyllanthus_urinaria_2.jpg,target,Phyllanthus urinaria,Phyllanthus,False,-0.023291,Phyllanthus,False,True,0.0000,0.0000,False,False
R0 baseline,0.0480,TB,Persicaria_longiseta_0.jpg,toxic,Persicaria longiseta,Persicaria,True,-0.180094,Conoclinium,False,True,0.0000,0.0000,False,False
R0 baseline,0.0480,TB,Persicaria_longiseta_1.jpg,toxic,Persicaria longiseta,Persicaria,True,-0.255642,Conoclinium,False,True,0.0000,0.0000,False,False
R0 baseline,0.0480,TB,Persicaria_longiseta_2.jpg,toxic,Persicaria longiseta,Persicaria,True,-0.134434,Phyllanthus,False,True,0.0000,0.0000,False,False
R0 baseline,0.0480,TB,Phytolacca_americana_0.jpg,toxic,Phytolacca americana,Phytolacca,True,-0.120067,Callicarpa,True,True,0.0000,0.0000,False,False
R0 baseline,0.0480,TB,Phytolacca_americana_1.jpg,toxic,Phytolacca americana,Phytolacca,True,-0.242204,Callicarpa,True,True,0.0000,0.0000,False,False
R0 baseline,0.0480,TB,Phytolacca_americana_2.jpg,toxic,Phytolacca americana,Phytolacca,True,-0.067113,Callicarpa,False,True,0.0000,0.0000,False,False
R0 baseline,0.0480,TB,Eupatorium_capillifolium_0.jpg,toxic,Eupatorium capillifolium,Eupatorium,True,-0.182344,Phyllanthus,False,True,0.0000,0.0000,False,False
R0 baseline,0.0480,TB,Eupatorium_capillifolium_1.jpg,toxic,Eupatorium capillifolium,Eupatorium,True,-0.181933,Erechtites,False,True,0.0000,0.0000,False,False
R0 baseline,0.0480,TB,Eupatorium_capillifolium_2.jpg,toxic,Eupatorium capillifolium,Eupatorium,True,-0.252164,Conoclinium,False,True,0.0000,0.0000,False,False
R0 baseline,0.0480,TB,Euonymus_americanus_0.jpg,toxic,Euonymus americanus,Euonymus,True,-0.158961,Callicarpa,False,True,0.0000,0.0000,False,False
R0 baseline,0.0480,TB,Euonymus_americanus_1.jpg,toxic,Euonymus americanus,Euonymus,True,-0.176243,Callicarpa,False,True,0.0000,0.0000,False,False
R0 baseline,0.0480,TB,Euonymus_americanus_2.jpg,toxic,Euonymus americanus,Euonymus,True,-0.197376,Chimaphila,False,True,0.0000,0.0000,False,False
R0 baseline,0.0480,TB,Lonicera_maackii_0.jpg,toxic,Lonicera maackii,Lonicera,True,-0.162727,Callicarpa,False,True,0.0000,0.0000,False,False
R0 baseline,0.0480,TB,Lonicera_maackii_1.jpg,toxic,Lonicera maackii,Lonicera,True,-0.172489,Callicarpa,False,True,0.0000,0.0000,False,False
R0 baseline,0.0480,TB,Lonicera_maackii_2.jpg,toxic,Lonicera maackii,Lonicera,True,-0.184331,Callicarpa,False,True,0.0000,0.0000,False,False
R0 baseline,0.0480,TB,Eupatorium_serotinum_0.jpg,toxic,Eupatorium serotinum,Eupatorium,True,-0.111045,Conoclinium,False,True,0.0000,0.0000,False,False
R0 baseline,0.0480,TB,Eupatorium_serotinum_1.jpg,toxic,Eupatorium serotinum,Eupatorium,True,-0.209701,Erechtites,False,True,0.0000,0.0000,False,False
R0 baseline,0.0480,TB,Eupatorium_serotinum_2.jpg,toxic,Eupatorium serotinum,Eupatorium,True,-0.125959,Solidago,False,True,0.0000,0.0000,False,False
R0 baseline,0.0480,TB,Ligustrum_sinense_0.jpg,toxic,Ligustrum sinense,Ligustrum,True,-0.128715,Diospyros,False,True,0.0000,0.0000,False,False
R0 baseline,0.0480,TB,Ligustrum_sinense_1.jpg,toxic,Ligustrum sinense,Ligustrum,True,-0.182658,Ilex,False,True,0.0000,0.0000,False,False
R0 baseline,0.0480,TB,Ligustrum_sinense_2.jpg,toxic,Ligustrum sinense,Ligustrum,True,-0.153404,Callicarpa,False,True,0.0000,0.0000,False,False
R0 baseline,0.0480,TB,Hedera_helix_0.jpg,toxic,Hedera helix,Hedera,True,-0.098661,Vitis,True,True,0.0000,0.0000,False,False
R0 baseline,0.0480,TB,Hedera_helix_1.jpg,toxic,Hedera helix,Hedera,True,-0.284773,Ilex,False,True,0.0000,0.0000,False,False
R0 baseline,0.0480,TB,Hedera_helix_2.jpg,toxic,Hedera helix,Hedera,True,-0.077447,Ampelopsis,False,True,0.0000,0.0000,False,False
R0 baseline,0.0480,TB,Parthenocissus_quinquefolia_0.jpg,toxic,Parthenocissus quinquefolia,Parthenocissus,True,-0.036669,Ampelopsis,False,True,0.0000,0.0000,False,False
R0 baseline,0.0480,TB,Parthenocissus_quinquefolia_1.jpg,toxic,Parthenocissus quinquefolia,Parthenocissus,True,-0.142287,Ampelopsis,False,True,0.0000,0.0000,False,False
R0 baseline,0.0480,TB,Parthenocissus_quinquefolia_2.jpg,toxic,Parthenocissus quinquefolia,Parthenocissus,True,-0.132714,Vitis,True,True,0.0000,0.0000,False,False
R0 baseline,0.0480,TB,Acer_negundo_0.jpg,toxic,Acer negundo,Acer,True,0.009288,Pueraria,False,True,0.0000,0.0000,False,False
R0 baseline,0.0480,TB,Acer_negundo_1.jpg,toxic,Acer negundo,Acer,True,-0.096620,Pueraria,False,True,0.0000,0.0000,False,False
R0 baseline,0.0480,TB,Acer_negundo_2.jpg,toxic,Acer negundo,Acer,True,-0.088615,Diospyros,False,True,0.0000,0.0000,False,False
R0 baseline,0.0480,TB,Cornus_florida_0.jpg,toxic,Cornus florida,Cornus,True,-0.059929,Callicarpa,False,True,0.0000,0.0000,False,False
R0 baseline,0.0480,TB,Cornus_florida_1.jpg,toxic,Cornus florida,Cornus,True,-0.025160,Sassafras,False,True,0.0000,0.0000,False,False
R0 baseline,0.0480,TB,Cornus_florida_2.jpg,toxic,Cornus florida,Cornus,True,-0.115226,Diospyros,False,True,0.0000,0.0000,False,False
R0 baseline,0.0480,TB,Nandina_domestica_0.jpg,toxic,Nandina domestica,Nandina,True,-0.234685,Magnolia,False,True,0.0000,0.0000,False,False
R0 baseline,0.0480,TB,Nandina_domestica_1.jpg,toxic,Nandina domestica,Nandina,True,-0.100428,Rhus,False,True,0.0000,0.0000,False,False
R0 baseline,0.0480,TB,Nandina_domestica_2.jpg,toxic,Nandina domestica,Nandina,True,-0.157365,Phyllanthus,False,True,0.0000,0.0000,False,False
R0 baseline,0.0480,TB,Toxicodendron_radicans_0.jpg,toxic,Toxicodendron radicans,Toxicodendron,True,0.047722,Callicarpa,False,True,0.0000,0.0000,False,False
R0 baseline,0.0480,TB,Toxicodendron_radicans_1.jpg,toxic,Toxicodendron radicans,Toxicodendron,True,-0.282146,Sassafras,True,True,0.0000,0.0000,False,False
R0 baseline,0.0480,TB,Toxicodendron_radicans_2.jpg,toxic,Toxicodendron radicans,Toxicodendron,True,-0.274476,Ampelopsis,True,True,0.0000,0.0000,False,False
R0 baseline,0.0480,TB,Solanum_carolinense_0.jpg,toxic,Solanum carolinense,Solanum,True,-0.225947,Diospyros,True,True,0.0000,0.0000,False,False
R0 baseline,0.0480,TB,Solanum_carolinense_1.jpg,toxic,Solanum carolinense,Solanum,True,-0.135976,Erechtites,True,True,0.0000,0.0000,False,False
R0 baseline,0.0480,TB,Solanum_carolinense_2.jpg,toxic,Solanum carolinense,Solanum,True,-0.059858,Sassafras,True,True,0.0000,0.0000,False,False
R0 baseline,0.0480,TB,Juglans_nigra_0.jpg,toxic,Juglans nigra,Juglans,True,-0.164110,Albizia,False,True,0.0000,0.0000,False,False
R0 baseline,0.0480,TB,Juglans_nigra_1.jpg,toxic,Juglans nigra,Juglans,True,-0.159193,Albizia,False,True,0.0000,0.0000,False,False
R0 baseline,0.0480,TB,Juglans_nigra_2.jpg,toxic,Juglans nigra,Juglans,True,-0.206501,Phyllanthus,False,True,0.0000,0.0000,False,False
R0 baseline,0.0480,TB,Acer_rubrum_0.jpg,toxic,Acer rubrum,Acer,True,-0.149728,Liquidambar,False,True,0.0000,0.0000,False,False
R0 baseline,0.0480,TB,Acer_rubrum_1.jpg,toxic,Acer rubrum,Acer,True,-0.075461,Rhus,False,True,0.0000,0.0000,False,False
R0 baseline,0.0480,TB,Acer_rubrum_2.jpg,toxic,Acer rubrum,Acer,True,0.009066,Platanus,False,True,0.0000,0.0000,False,False
R0 baseline,0.0480,TB,Asimina_triloba_0.jpg,toxic,Asimina triloba,Asimina,True,-0.098757,Fagus,False,True,0.0000,0.0000,False,False
R0 baseline,0.0480,TB,Asimina_triloba_1.jpg,toxic,Asimina triloba,Asimina,True,-0.120887,Sassafras,False,True,0.0000,0.0000,False,False
R0 baseline,0.0480,TB,Asimina_triloba_2.jpg,toxic,Asimina triloba,Asimina,True,-0.094390,Magnolia,False,True,0.0000,0.0000,False,False
R0 baseline,0.0480,TB,Ilex_opaca_0.jpg,toxic,Ilex opaca,Ilex,True,-0.131288,Ilex,False,True,0.0000,0.0000,False,False
R0 baseline,0.0480,TB,Ilex_opaca_1.jpg,toxic,Ilex opaca,Ilex,True,-0.105011,Ilex,False,True,0.0000,0.0000,False,False
R0 baseline,0.0480,TB,Ilex_opaca_2.jpg,toxic,Ilex opaca,Ilex,True,-0.083940,Magnolia,False,True,0.0000,0.0000,False,False
R0 baseline,0.0480,TB,Perilla_frutescens_0.jpg,toxic,Perilla frutescens,Perilla,True,-0.173077,Phyllanthus,False,True,0.0000,0.0000,False,False
R0 baseline,0.0480,TB,Perilla_frutescens_1.jpg,toxic,Perilla frutescens,Perilla,True,-0.192668,Callicarpa,False,True,0.0000,0.0000,False,False
R0 baseline,0.0480,TB,Perilla_frutescens_2.jpg,toxic,Perilla frutescens,Perilla,True,-0.192026,Callicarpa,False,True,0.0000,0.0000,False,False
R0 baseline,0.0480,TB,Quercus_alba_0.jpg,toxic,Quercus alba,Quercus,True,-0.037971,Quercus,False,True,0.0000,0.0000,False,False
R0 baseline,0.0480,TB,Quercus_alba_1.jpg,toxic,Quercus alba,Quercus,True,-0.158559,Quercus,False,True,0.0000,0.0000,False,False
R0 baseline,0.0480,TB,Quercus_alba_2.jpg,toxic,Quercus alba,Quercus,True,-0.119227,Quercus,False,True,0.0000,0.0000,False,False
R0 baseline,0.0480,TB,Berberis_bealei_0.jpg,toxic,Berberis bealei,Berberis,True,-0.102717,Ilex,False,True,0.0000,0.0000,False,False
R0 baseline,0.0480,TB,Berberis_bealei_1.jpg,toxic,Berberis bealei,Berberis,True,-0.012937,Albizia,False,True,0.0000,0.0000,False,False
R0 baseline,0.0480,TB,Berberis_bealei_2.jpg,toxic,Berberis bealei,Berberis,True,-0.019960,Ilex,False,True,0.0000,0.0000,False,False
R0 baseline,0.0480,TB,Lonicera_japonica_0.jpg,toxic,Lonicera japonica,Lonicera,True,-0.271932,Ampelopsis,False,True,0.0000,0.0000,False,False
R0 baseline,0.0480,TB,Lonicera_japonica_1.jpg,toxic,Lonicera japonica,Lonicera,True,-0.089951,Solidago,False,True,0.0000,0.0000,False,False
R0 baseline,0.0480,TB,Lonicera_japonica_2.jpg,toxic,Lonicera japonica,Lonicera,True,-0.130057,Pueraria,False,True,0.0000,0.0000,False,False
R0 baseline,0.0480,TB,Lobelia_cardinalis_0.jpg,toxic,Lobelia cardinalis,Lobelia,True,-0.271046,Erechtites,False,True,0.0000,0.0000,False,False
R0 baseline,0.0480,TB,Lobelia_cardinalis_1.jpg,toxic,Lobelia cardinalis,Lobelia,True,-0.252107,Erechtites,False,True,0.0000,0.0000,False,False
R0 baseline,0.0480,TB,Lobelia_cardinalis_2.jpg,toxic,Lobelia cardinalis,Lobelia,True,-0.274302,Erechtites,False,True,0.0000,0.0000,False,False
R0 baseline,0.0480,TB,Physalis_angulata_0.jpg,toxic,Physalis angulata,Physalis,True,-0.055017,Phyllanthus,False,True,0.0000,0.0000,False,False
R0 baseline,0.0480,TB,Physalis_angulata_1.jpg,toxic,Physalis angulata,Physalis,True,-0.219914,Phyllanthus,False,True,0.0000,0.0000,False,False
R0 baseline,0.0480,TB,Physalis_angulata_2.jpg,toxic,Physalis angulata,Physalis,True,-0.162803,Pueraria,False,True,0.0000,0.0000,False,False
R0 baseline,0.0480,TB,Verbesina_alternifolia_0.jpg,toxic,Verbesina alternifolia,Verbesina,True,-0.224640,Erechtites,False,True,0.0000,0.0000,False,False
R0 baseline,0.0480,TB,Verbesina_alternifolia_1.jpg,toxic,Verbesina alternifolia,Verbesina,True,-0.205926,Erechtites,False,True,0.0000,0.0000,False,False
R0 baseline,0.0480,TB,Verbesina_alternifolia_2.jpg,toxic,Verbesina alternifolia,Verbesina,True,-0.214855,Erechtites,False,True,0.0000,0.0000,False,False
R0 baseline,0.0480,TB,Lycoris_radiata_0.jpg,toxic,Lycoris radiata,Lycoris,True,-0.294883,Albizia,False,True,0.0000,0.0000,False,False
R0 baseline,0.0480,TB,Lycoris_radiata_1.jpg,toxic,Lycoris radiata,Lycoris,True,-0.291117,Albizia,False,True,0.0000,0.0000,False,False
R0 baseline,0.0480,TB,Lycoris_radiata_2.jpg,toxic,Lycoris radiata,Lycoris,True,-0.294036,Albizia,False,True,0.0000,0.0000,False,False
R0 baseline,0.0480,TB,Campsis_radicans_0.jpg,toxic,Campsis radicans,Campsis,True,-0.135672,Ampelopsis,False,True,0.0000,0.0000,False,False
R0 baseline,0.0480,TB,Campsis_radicans_1.jpg,toxic,Campsis radicans,Campsis,True,-0.282460,Albizia,False,True,0.0000,0.0000,False,False
R0 baseline,0.0480,TB,Campsis_radicans_2.jpg,toxic,Campsis radicans,Campsis,True,-0.135519,Ampelopsis,False,True,0.0000,0.0000,False,False
R0 baseline,0.0480,TB,Glechoma_hederacea_0.jpg,toxic,Glechoma hederacea,Glechoma,True,-0.170870,Ampelopsis,False,True,0.0000,0.0000,False,False
R0 baseline,0.0480,TB,Glechoma_hederacea_1.jpg,toxic,Glechoma hederacea,Glechoma,True,-0.266143,Conoclinium,False,True,0.0000,0.0000,False,False
R0 baseline,0.0480,TB,Glechoma_hederacea_2.jpg,toxic,Glechoma hederacea,Glechoma,True,-0.236838,Ampelopsis,False,True,0.0000,0.0000,False,False
R0 baseline,0.0480,TB,Persicaria_sagittata_0.jpg,toxic,Persicaria sagittata,Persicaria,True,-0.054794,Pueraria,False,True,0.0000,0.0000,False,False
R0 baseline,0.0480,TB,Persicaria_sagittata_1.jpg,toxic,Persicaria sagittata,Persicaria,True,-0.282872,Conoclinium,False,True,0.0000,0.0000,False,False
R0 baseline,0.0480,TB,Persicaria_sagittata_2.jpg,toxic,Persicaria sagittata,Persicaria,True,-0.309889,Conoclinium,False,True,0.0000,0.0000,False,False
R0 baseline,0.0480,TB,Solidago_caesia_0.jpg,toxic,Solidago caesia,Solidago,True,-0.167065,Solidago,False,True,0.0000,0.0000,False,False
R0 baseline,0.0480,TB,Solidago_caesia_1.jpg,toxic,Solidago caesia,Solidago,True,-0.056185,Polystichum,False,True,0.0000,0.0000,False,False
R0 baseline,0.0480,TB,Solidago_caesia_2.jpg,toxic,Solidago caesia,Solidago,True,-0.242309,Solidago,False,True,0.0000,0.0000,False,False
R0 baseline,0.0480,TB,Melothria_pendula_0.jpg,toxic,Melothria pendula,Melothria,True,-0.187338,Vitis,False,True,0.0000,0.0000,False,False
R0 baseline,0.0480,TB,Melothria_pendula_1.jpg,toxic,Melothria pendula,Melothria,True,-0.099698,Vitis,False,True,0.0000,0.0000,False,False
R0 baseline,0.0480,TB,Melothria_pendula_2.jpg,toxic,Melothria pendula,Melothria,True,-0.239684,Vitis,False,True,0.0000,0.0000,False,False
R0 baseline,0.0480,TB,Jacquemontia_tamnifolia_0.jpg,toxic,Jacquemontia tamnifolia,Jacquemontia,True,-0.204399,Conoclinium,False,True,0.0000,0.0000,False,False
R0 baseline,0.0480,TB,Jacquemontia_tamnifolia_1.jpg,toxic,Jacquemontia tamnifolia,Jacquemontia,True,-0.246597,Conoclinium,False,True,0.0000,0.0000,False,False
R0 baseline,0.0480,TB,Jacquemontia_tamnifolia_2.jpg,toxic,Jacquemontia tamnifolia,Jacquemontia,True,-0.277976,Conoclinium,False,True,0.0000,0.0000,False,False
R0 baseline,0.0480,TB,Rudbeckia_laciniata_0.jpg,toxic,Rudbeckia laciniata,Rudbeckia,True,-0.173544,Solidago,False,True,0.0000,0.0000,False,False
R0 baseline,0.0480,TB,Rudbeckia_laciniata_1.jpg,toxic,Rudbeckia laciniata,Rudbeckia,True,-0.059143,Pueraria,True,True,0.0000,0.0000,False,False
R0 baseline,0.0480,TB,Rudbeckia_laciniata_2.jpg,toxic,Rudbeckia laciniata,Rudbeckia,True,-0.211213,Solidago,False,True,0.0000,0.0000,False,False
R0 baseline,0.0480,TB,Verbesina_virginica_0.jpg,toxic,Verbesina virginica,Verbesina,True,-0.131010,Conoclinium,False,True,0.0000,0.0000,False,False
R0 baseline,0.0480,TB,Verbesina_virginica_1.jpg,toxic,Verbesina virginica,Verbesina,True,-0.142167,Callicarpa,False,True,0.0000,0.0000,False,False
R0 baseline,0.0480,TB,Verbesina_virginica_2.jpg,toxic,Verbesina virginica,Verbesina,True,-0.168842,Callicarpa,False,True,0.0000,0.0000,False,False
R0 baseline,0.0480,TB,Vaccinium_arboreum_0.jpg,toxic,Vaccinium arboreum,Vaccinium,True,-0.071745,Rhus,False,True,0.0000,0.0000,False,False
R0 baseline,0.0480,TB,Vaccinium_arboreum_1.jpg,toxic,Vaccinium arboreum,Vaccinium,True,-0.042061,Diospyros,False,True,0.0000,0.0000,False,False
R0 baseline,0.0480,TB,Vaccinium_arboreum_2.jpg,toxic,Vaccinium arboreum,Vaccinium,True,-0.044479,Diospyros,False,True,0.0000,0.0000,False,False
R0 baseline,0.0480,TB,Juniperus_virginiana_0.jpg,toxic,Juniperus virginiana,Juniperus,True,-0.224012,Rhus,False,True,0.0000,0.0000,False,False
R0 baseline,0.0480,TB,Juniperus_virginiana_1.jpg,toxic,Juniperus virginiana,Juniperus,True,-0.330639,Ampelopsis,False,True,0.0000,0.0000,False,False
R0 baseline,0.0480,TB,Juniperus_virginiana_2.jpg,toxic,Juniperus virginiana,Juniperus,True,-0.289246,Phyllanthus,False,True,0.0000,0.0000,False,False
R0 baseline,0.0480,TB,Verbascum_thapsus_0.jpg,toxic,Verbascum thapsus,Verbascum,True,-0.155165,Cercis,False,True,0.0000,0.0000,False,False
R0 baseline,0.0480,TB,Verbascum_thapsus_1.jpg,toxic,Verbascum thapsus,Verbascum,True,-0.157073,Callicarpa,False,True,0.0000,0.0000,False,False
R0 baseline,0.0480,TB,Verbascum_thapsus_2.jpg,toxic,Verbascum thapsus,Verbascum,True,-0.239949,Callicarpa,False,True,0.0000,0.0000,False,False
R0 baseline,0.0480,TB,Onoclea_sensibilis_0.jpg,toxic,Onoclea sensibilis,Onoclea,True,-0.081489,Phyllanthus,False,True,0.0000,0.0000,False,False
R0 baseline,0.0480,TB,Onoclea_sensibilis_1.jpg,toxic,Onoclea sensibilis,Onoclea,True,-0.101291,Polystichum,False,True,0.0000,0.0000,False,False
R0 baseline,0.0480,TB,Onoclea_sensibilis_2.jpg,toxic,Onoclea sensibilis,Onoclea,True,-0.149358,Polystichum,False,True,0.0000,0.0000,False,False
R0 baseline,0.0480,TB,Helianthus_angustifolius_0.jpg,toxic,Helianthus angustifolius,Helianthus,True,-0.103221,Erechtites,False,True,0.0000,0.0000,False,False
R0 baseline,0.0480,TB,Helianthus_angustifolius_1.jpg,toxic,Helianthus angustifolius,Helianthus,True,-0.207040,Solidago,False,True,0.0000,0.0000,False,False
R0 baseline,0.0480,TB,Helianthus_angustifolius_2.jpg,toxic,Helianthus angustifolius,Helianthus,True,-0.176026,Conoclinium,False,True,0.0000,0.0000,False,False
R0 baseline,0.0480,TB,Monotropa_uniflora_0.jpg,toxic,Monotropa uniflora,Monotropa,True,-0.106072,Chimaphila,False,True,0.0000,0.0000,False,False
R0 baseline,0.0480,TB,Monotropa_uniflora_1.jpg,toxic,Monotropa uniflora,Monotropa,True,-0.238317,Chimaphila,False,True,0.0000,0.0000,False,False
R0 baseline,0.0480,TB,Monotropa_uniflora_2.jpg,toxic,Monotropa uniflora,Monotropa,True,0.015333,Magnolia,False,False,0.0000,0.0000,False,False
R0 baseline,0.0480,TB,Prunus_caroliniana_0.jpg,toxic,Prunus caroliniana,Prunus,True,-0.083561,Magnolia,False,True,0.0000,0.0000,False,False
R0 baseline,0.0480,TB,Prunus_caroliniana_1.jpg,toxic,Prunus caroliniana,Prunus,True,-0.124365,Magnolia,False,True,0.0000,0.0000,False,False
R0 baseline,0.0480,TB,Prunus_caroliniana_2.jpg,toxic,Prunus caroliniana,Prunus,True,-0.125592,Diospyros,False,True,0.0000,0.0000,False,False
R0 baseline,0.0480,TB,Senna_obtusifolia_0.jpg,toxic,Senna obtusifolia,Senna,True,-0.186016,Phyllanthus,False,True,0.0000,0.0000,False,False
R0 baseline,0.0480,TB,Senna_obtusifolia_1.jpg,toxic,Senna obtusifolia,Senna,True,-0.066882,Phyllanthus,False,True,0.0000,0.0000,False,False
R0 baseline,0.0480,TB,Senna_obtusifolia_2.jpg,toxic,Senna obtusifolia,Senna,True,-0.153986,Phyllanthus,False,True,0.0000,0.0000,False,False
R0 baseline,0.0480,TB,Baccharis_halimifolia_0.jpg,toxic,Baccharis halimifolia,Baccharis,True,-0.148598,Quercus,False,True,0.0000,0.0000,False,False
R0 baseline,0.0480,TB,Baccharis_halimifolia_1.jpg,toxic,Baccharis halimifolia,Baccharis,True,-0.081201,Erechtites,False,True,0.0000,0.0000,False,False
R0 baseline,0.0480,TB,Baccharis_halimifolia_2.jpg,toxic,Baccharis halimifolia,Baccharis,True,-0.020971,Rhus,False,True,0.0000,0.0000,False,False
R0 baseline,0.0480,TB,Lobelia_puberula_0.jpg,toxic,Lobelia puberula,Lobelia,True,-0.144733,Conoclinium,False,True,0.0000,0.0000,False,False
R0 baseline,0.0480,TB,Lobelia_puberula_1.jpg,toxic,Lobelia puberula,Lobelia,True,-0.176681,Conoclinium,False,True,0.0000,0.0000,False,False
R0 baseline,0.0480,TB,Lobelia_puberula_2.jpg,toxic,Lobelia puberula,Lobelia,True,-0.231918,Conoclinium,False,True,0.0000,0.0000,False,False
R0 baseline,0.0480,TB,Diodia_virginiana_0.jpg,toxic,Diodia virginiana,Diodia,True,-0.117919,Phyllanthus,False,True,0.0000,0.0000,False,False
R0 baseline,0.0480,TB,Diodia_virginiana_1.jpg,toxic,Diodia virginiana,Diodia,True,-0.226806,Chimaphila,False,True,0.0000,0.0000,False,False
R0 baseline,0.0480,TB,Diodia_virginiana_2.jpg,toxic,Diodia virginiana,Diodia,True,-0.251794,Chimaphila,False,True,0.0000,0.0000,False,False
R0 baseline,0.0480,TB,Ageratina_altissima_0.jpg,toxic,Ageratina altissima,Ageratina,True,-0.089946,Conoclinium,False,True,0.0000,0.0000,False,False
R0 baseline,0.0480,TB,Ageratina_altissima_1.jpg,toxic,Ageratina altissima,Ageratina,True,-0.171935,Callicarpa,False,True,0.0000,0.0000,False,False
R0 baseline,0.0480,TB,Ageratina_altissima_2.jpg,toxic,Ageratina altissima,Ageratina,True,-0.081317,Conoclinium,False,True,0.0000,0.0000,False,False
R0 baseline,0.0480,TB,Pleopeltis_michauxiana_0.jpg,toxic,Pleopeltis michauxiana,Pleopeltis,True,-0.192813,Phyllanthus,False,True,0.0000,0.0000,False,False
R0 baseline,0.0480,TB,Pleopeltis_michauxiana_1.jpg,toxic,Pleopeltis michauxiana,Pleopeltis,True,-0.072279,Magnolia,False,True,0.0000,0.0000,False,False
R0 baseline,0.0480,TB,Pleopeltis_michauxiana_2.jpg,toxic,Pleopeltis michauxiana,Pleopeltis,True,-0.029822,Magnolia,False,True,0.0000,0.0000,False,False
R0 baseline,0.0480,TB,Cephalanthus_occidentalis_0.jpg,toxic,Cephalanthus occidentalis,Cephalanthus,True,-0.181148,Callicarpa,False,True,0.0000,0.0000,False,False
R0 baseline,0.0480,TB,Cephalanthus_occidentalis_1.jpg,toxic,Cephalanthus occidentalis,Cephalanthus,True,-0.057236,Liquidambar,False,True,0.0000,0.0000,False,False
R0 baseline,0.0480,TB,Cephalanthus_occidentalis_2.jpg,toxic,Cephalanthus occidentalis,Cephalanthus,True,-0.214728,Callicarpa,False,True,0.0000,0.0000,False,False
R0 baseline,0.0480,TB,Ipomoea_lacunosa_0.jpg,toxic,Ipomoea lacunosa,Ipomoea,True,-0.278561,Ampelopsis,False,True,0.0000,0.0000,False,False
R0 baseline,0.0480,TB,Ipomoea_lacunosa_1.jpg,toxic,Ipomoea lacunosa,Ipomoea,True,-0.299007,Ampelopsis,False,True,0.0000,0.0000,False,False
R0 baseline,0.0480,TB,Ipomoea_lacunosa_2.jpg,toxic,Ipomoea lacunosa,Ipomoea,True,-0.285984,Ampelopsis,False,True,0.0000,0.0000,False,False
R0 baseline,0.0480,TB,Gonolobus_suberosus_0.jpg,toxic,Gonolobus suberosus,Gonolobus,True,-0.201393,Pueraria,False,True,0.0000,0.0000,False,False
R0 baseline,0.0480,TB,Gonolobus_suberosus_1.jpg,toxic,Gonolobus suberosus,Gonolobus,True,-0.055034,Liriodendron,False,True,0.0000,0.0000,False,False
R0 baseline,0.0480,TB,Gonolobus_suberosus_2.jpg,toxic,Gonolobus suberosus,Gonolobus,True,-0.011565,Cercis,False,True,0.0000,0.0000,False,False
R0 baseline,0.0480,TB,Smallanthus_uvedalia_0.jpg,toxic,Smallanthus uvedalia,Smallanthus,True,-0.157110,Platanus,False,True,0.0000,0.0000,False,False
R0 baseline,0.0480,TB,Smallanthus_uvedalia_1.jpg,toxic,Smallanthus uvedalia,Smallanthus,True,-0.202095,Erechtites,False,True,0.0000,0.0000,False,False
R0 baseline,0.0480,TB,Smallanthus_uvedalia_2.jpg,toxic,Smallanthus uvedalia,Smallanthus,True,-0.251553,Callicarpa,False,True,0.0000,0.0000,False,False
R0 baseline,0.0480,TB,Fallopia_scandens_0.jpg,toxic,Fallopia scandens,Fallopia,True,-0.102456,Rhus,False,True,0.0000,0.0000,False,False
R0 baseline,0.0480,TB,Fallopia_scandens_1.jpg,toxic,Fallopia scandens,Fallopia,True,-0.295733,Ampelopsis,False,True,0.0000,0.0000,False,False
R0 baseline,0.0480,TB,Fallopia_scandens_2.jpg,toxic,Fallopia scandens,Fallopia,True,-0.266798,Ampelopsis,False,True,0.0000,0.0000,False,False
R0 baseline,0.0480,TB,Prunus_serotina_0.jpg,toxic,Prunus serotina,Prunus,True,-0.042564,Diospyros,False,True,0.0000,0.0000,False,False
R0 baseline,0.0480,TB,Prunus_serotina_1.jpg,toxic,Prunus serotina,Prunus,True,-0.001892,Quercus,False,True,0.0000,0.0000,False,False
R0 baseline,0.0480,TB,Prunus_serotina_2.jpg,toxic,Prunus serotina,Prunus,True,-0.016584,Quercus,False,True,0.0000,0.0000,False,False
R0 baseline,0.0480,TB,Helenium_amarum_0.jpg,toxic,Helenium amarum,Helenium,True,-0.269448,Conoclinium,False,True,0.0000,0.0000,False,False
R0 baseline,0.0480,TB,Helenium_amarum_1.jpg,toxic,Helenium amarum,Helenium,True,-0.287310,Conoclinium,False,True,0.0000,0.0000,False,False
R0 baseline,0.0480,TB,Helenium_amarum_2.jpg,toxic,Helenium amarum,Helenium,True,-0.235757,Solidago,False,True,0.0000,0.0000,False,False
R0 baseline,0.0480,TB,Trichostema_dichotomum_0.jpg,toxic,Trichostema dichotomum,Trichostema,True,-0.069123,Erechtites,False,True,0.0000,0.0000,False,False
R0 baseline,0.0480,TB,Trichostema_dichotomum_1.jpg,toxic,Trichostema dichotomum,Trichostema,True,-0.214611,Conoclinium,False,True,0.0000,0.0000,False,False
R0 baseline,0.0480,TB,Trichostema_dichotomum_2.jpg,toxic,Trichostema dichotomum,Trichostema,True,-0.170667,Conoclinium,False,True,0.0000,0.0000,False,False
R0 baseline,0.0480,TB,Solanum_emulans_0.jpg,toxic,Solanum emulans,Solanum,True,-0.196278,Conoclinium,True,True,0.0000,0.0000,False,False
R0 baseline,0.0480,TB,Solanum_emulans_1.jpg,toxic,Solanum emulans,Solanum,True,-0.138693,Phyllanthus,False,True,0.0000,0.0000,False,False
R0 baseline,0.0480,TB,Solanum_emulans_2.jpg,toxic,Solanum emulans,Solanum,True,-0.228293,Vitis,True,True,0.0000,0.0000,False,False
R0 baseline,0.0480,TB,Conocephalum_salebrosum_0.jpg,toxic,Conocephalum salebrosum,Conocephalum,True,-0.294672,Platanus,False,True,0.0000,0.0000,False,False
R0 baseline,0.0480,TB,Conocephalum_salebrosum_1.jpg,toxic,Conocephalum salebrosum,Conocephalum,True,-0.283435,Platanus,False,True,0.0000,0.0000,False,False
R0 baseline,0.0480,TB,Conocephalum_salebrosum_2.jpg,toxic,Conocephalum salebrosum,Conocephalum,True,-0.274794,Platanus,False,True,0.0000,0.0000,False,False
R0 baseline,0.0480,TB,Woodwardia_areolata_0.jpg,toxic,Woodwardia areolata,Woodwardia,True,-0.094620,Polystichum,False,True,0.0000,0.0000,False,False
R0 baseline,0.0480,TB,Woodwardia_areolata_1.jpg,toxic,Woodwardia areolata,Woodwardia,True,-0.060558,Phyllanthus,False,True,0.0000,0.0000,False,False
R0 baseline,0.0480,TB,Woodwardia_areolata_2.jpg,toxic,Woodwardia areolata,Woodwardia,True,-0.049811,Ampelopsis,False,True,0.0000,0.0000,False,False
R0 baseline,0.0480,TB,Collinsonia_canadensis_0.jpg,toxic,Collinsonia canadensis,Collinsonia,True,-0.152152,Erechtites,False,True,0.0000,0.0000,False,False
R0 baseline,0.0480,TB,Collinsonia_canadensis_1.jpg,toxic,Collinsonia canadensis,Collinsonia,True,-0.043551,Callicarpa,False,True,0.0000,0.0000,False,False
R0 baseline,0.0480,TB,Collinsonia_canadensis_2.jpg,toxic,Collinsonia canadensis,Collinsonia,True,-0.069287,Albizia,False,True,0.0000,0.0000,False,False
R0 baseline,0.0480,TB,Mazus_pumilus_0.jpg,toxic,Mazus pumilus,Mazus,True,-0.147962,Pueraria,False,True,0.0000,0.0000,False,False
R0 baseline,0.0480,TB,Mazus_pumilus_1.jpg,toxic,Mazus pumilus,Mazus,True,-0.253196,Phyllanthus,False,True,0.0000,0.0000,False,False
R0 baseline,0.0480,TB,Mazus_pumilus_2.jpg,toxic,Mazus pumilus,Mazus,True,-0.083299,Cercis,False,True,0.0000,0.0000,False,False
R0 baseline,0.0480,TB,Hexastylis_arifolia_0.jpg,toxic,Hexastylis arifolia,Hexastylis,True,-0.132089,Vitis,False,True,0.0000,0.0000,False,False
R0 baseline,0.0480,TB,Hexastylis_arifolia_1.jpg,toxic,Hexastylis arifolia,Hexastylis,True,-0.195845,Tipularia,False,True,0.0000,0.0000,False,False
R0 baseline,0.0480,TB,Hexastylis_arifolia_2.jpg,toxic,Hexastylis arifolia,Hexastylis,True,-0.154559,Tipularia,False,True,0.0000,0.0000,False,False
R0 baseline,0.0480,TB,Anomodon_attenuatus_0.jpg,toxic,Anomodon attenuatus,Anomodon,True,-0.144544,Polystichum,False,True,0.0000,0.0000,False,False
R0 baseline,0.0480,TB,Anomodon_attenuatus_1.jpg,toxic,Anomodon attenuatus,Anomodon,True,-0.132863,Phyllanthus,False,True,0.0000,0.0000,False,False
R0 baseline,0.0480,TB,Anomodon_attenuatus_2.jpg,toxic,Anomodon attenuatus,Anomodon,True,-0.255726,Polystichum,False,True,0.0000,0.0000,False,False
R0 baseline,0.0480,TB,Endodeca_serpentaria_0.jpg,toxic,Endodeca serpentaria,Endodeca,True,-0.156116,Vitis,False,True,0.0000,0.0000,False,False
R0 baseline,0.0480,TB,Endodeca_serpentaria_1.jpg,toxic,Endodeca serpentaria,Endodeca,True,-0.178715,Tipularia,False,True,0.0000,0.0000,False,False
R0 baseline,0.0480,TB,Endodeca_serpentaria_2.jpg,toxic,Endodeca serpentaria,Endodeca,True,-0.185017,Phyllanthus,False,True,0.0000,0.0000,False,False
R0 baseline,0.0480,S51,target_Conoclinium_coelestinum_402497442.jpg,target,Conoclinium coelestinum,Conoclinium,False,-0.024089,Conoclinium,False,True,0.0000,0.0000,False,False
R0 baseline,0.0480,S51,target_Callicarpa_americana_398710393.jpg,target,Callicarpa americana,Callicarpa,False,0.206871,Callicarpa,False,True,1.0000,0.0000,False,False
R0 baseline,0.0480,S51,target_Liquidambar_styraciflua_403739349.jpg,target,Liquidambar styraciflua,Liquidambar,False,0.071042,Liquidambar,False,True,1.0000,0.0000,False,False
R0 baseline,0.0480,S51,target_Magnolia_grandiflora_389072742.jpg,target,Magnolia grandiflora,Magnolia,False,0.089654,Magnolia,False,True,1.0000,0.0000,False,False
R0 baseline,0.0480,S51,target_Liriodendron_tulipifera_405264462.jpg,target,Liriodendron tulipifera,Liriodendron,False,-0.062966,Magnolia,False,True,0.0000,0.0000,False,False
R0 baseline,0.0480,S51,target_Polystichum_acrostichoides_405276217.jpg,target,Polystichum acrostichoides,Polystichum,False,0.092736,Polystichum,False,True,1.0000,0.0000,False,False
R0 baseline,0.0480,S51,target_Fagus_grandifolia_404794246.jpg,target,Fagus grandifolia,Fagus,False,0.093087,Fagus,False,True,1.0000,0.0000,False,False
R0 baseline,0.0480,S51,target_Erechtites_hieraciifolius_405066909.jpg,target,Erechtites hieraciifolius,Erechtites,False,0.017624,Erechtites,False,True,0.0000,0.0000,False,False
R0 baseline,0.0480,S51,target_Erechtites_hieraciifolius_404919483.jpg,target,Erechtites hieraciifolius,Erechtites,False,0.001772,Erechtites,False,True,0.0000,0.0000,False,False
R0 baseline,0.0480,S51,target_Ampelopsis_glandulosa_404850238.jpg,target,Ampelopsis glandulosa,Ampelopsis,False,0.065545,Ampelopsis,False,True,1.0000,0.0000,False,False
R0 baseline,0.0480,S51,target_Ampelopsis_glandulosa_404581096.jpg,target,Ampelopsis glandulosa,Ampelopsis,False,0.007607,Ampelopsis,False,True,0.0000,0.0000,False,False
R0 baseline,0.0480,S51,target_Diospyros_virginiana_402279427.jpg,target,Diospyros virginiana,Diospyros,False,0.008170,Cercis,False,False,0.0000,0.0000,False,False
R0 baseline,0.0480,S51,target_Diospyros_virginiana_400803551.jpg,target,Diospyros virginiana,Diospyros,False,-0.077818,Diospyros,False,True,0.0000,0.0000,False,False
R0 baseline,0.0480,S51,target_Platanus_occidentalis_404972710.jpg,target,Platanus occidentalis,Platanus,False,0.052709,Platanus,False,True,1.0000,0.0000,False,False
R0 baseline,0.0480,S51,target_Platanus_occidentalis_404834946.jpg,target,Platanus occidentalis,Platanus,False,0.022690,Platanus,False,True,0.0000,0.0000,False,False
R0 baseline,0.0480,S51,target_Vitis_rotundifolia_402234219.jpg,target,Vitis rotundifolia,Vitis,False,-0.013414,Magnolia,False,True,0.0000,0.0000,False,False
R0 baseline,0.0480,S51,target_Vitis_rotundifolia_401273832.jpg,target,Vitis rotundifolia,Vitis,False,0.198761,Vitis,False,True,1.0000,0.0000,False,False
R0 baseline,0.0480,S51,target_Pueraria_montana_403875690.jpg,target,Pueraria montana,Pueraria,False,0.113849,Pueraria,False,True,1.0000,0.0000,False,False
R0 baseline,0.0480,S51,target_Pueraria_montana_400615536.jpg,target,Pueraria montana,Pueraria,False,-0.169683,Pueraria,False,True,0.0000,0.0000,False,False
R0 baseline,0.0480,S51,target_Cercis_canadensis_402371869.jpg,target,Cercis canadensis,Cercis,False,0.016722,Cercis,False,True,0.0000,0.0000,False,False
R0 baseline,0.0480,S51,target_Cercis_canadensis_402097331.jpg,target,Cercis canadensis,Cercis,False,0.207898,Cercis,False,True,1.0000,0.0000,False,False
R0 baseline,0.0480,S51,target_Quercus_nigra_396037990.jpg,target,Quercus nigra,Quercus,False,0.092428,Quercus,False,True,1.0000,0.0000,False,False
R0 baseline,0.0480,S51,target_Albizia_julibrissin_399602191.jpg,target,Albizia julibrissin,Albizia,False,-0.075574,Albizia,False,True,0.0000,0.0000,False,False
R0 baseline,0.0480,S51,target_Chimaphila_maculata_405056544.jpg,target,Chimaphila maculata,Chimaphila,False,0.191146,Chimaphila,False,True,1.0000,0.0000,False,False
R0 baseline,0.0480,S51,target_Rhus_copallinum_405335103.jpg,target,Rhus copallinum,Rhus,False,0.042366,Rhus,True,True,0.0000,0.0000,False,False
R0 baseline,0.0480,S51,target_Ilex_cornuta_354883834.jpg,target,Ilex cornuta,Ilex,False,0.084400,Ilex,False,True,1.0000,0.0000,False,False
R0 baseline,0.0480,S51,target_Solidago_altissima_403424772.jpg,target,Solidago altissima,Solidago,False,0.150668,Solidago,False,True,1.0000,0.0000,False,False
R0 baseline,0.0480,S51,target_Sassafras_albidum_405954859.jpg,target,Sassafras albidum,Sassafras,False,-0.080779,Pueraria,False,True,0.0000,0.0000,False,False
R0 baseline,0.0480,S51,target_Tipularia_discolor_394266269.jpg,target,Tipularia discolor,Tipularia,False,0.177728,Tipularia,False,True,1.0000,0.0000,False,False
R0 baseline,0.0480,S51,target_Phyllanthus_urinaria_389375799.jpg,target,Phyllanthus urinaria,Phyllanthus,False,0.148623,Phyllanthus,False,True,1.0000,0.0000,False,False
R0 baseline,0.0480,S51,toxic_Phytolacca_americana_406342093.jpg,toxic,Phytolacca americana,Phytolacca,True,-0.181562,Ampelopsis,True,True,0.0000,0.0000,False,False
R0 baseline,0.0480,S51,toxic_Toxicodendron_radicans_406081708.jpg,toxic,Toxicodendron radicans,Toxicodendron,True,-0.187523,Vitis,True,True,0.0000,0.0000,False,False
R0 baseline,0.0480,S51,toxic_Solanum_carolinense_405261312.jpg,toxic,Solanum carolinense,Solanum,True,-0.270680,Conoclinium,True,True,0.0000,0.0000,False,False
R0 baseline,0.0480,S51,toxic_Persicaria_longiseta_406218602.jpg,toxic,Persicaria longiseta,Persicaria,True,-0.264778,Phyllanthus,False,True,0.0000,0.0000,False,False
R0 baseline,0.0480,S51,toxic_Eupatorium_capillifolium_402327244.jpg,toxic,Eupatorium capillifolium,Eupatorium,True,-0.108968,Phyllanthus,False,True,0.0000,0.0000,False,False
R0 baseline,0.0480,S51,toxic_Euonymus_americanus_405073628.jpg,toxic,Euonymus americanus,Euonymus,True,-0.169280,Chimaphila,False,True,0.0000,0.0000,False,False
R0 baseline,0.0480,S51,toxic_Lonicera_maackii_406226268.jpg,toxic,Lonicera maackii,Lonicera,True,-0.175676,Callicarpa,False,True,0.0000,0.0000,False,False
R0 baseline,0.0480,S51,toxic_Eupatorium_serotinum_404623579.jpg,toxic,Eupatorium serotinum,Eupatorium,True,-0.127774,Erechtites,False,True,0.0000,0.0000,False,False
R0 baseline,0.0480,S51,toxic_Ligustrum_sinense_395276789.jpg,toxic,Ligustrum sinense,Ligustrum,True,-0.165420,Callicarpa,False,True,0.0000,0.0000,False,False
R0 baseline,0.0480,S51,toxic_Hexastylis_arifolia_396808078.jpg,toxic,Hexastylis arifolia,Hexastylis,True,-0.169785,Tipularia,False,True,0.0000,0.0000,False,False
R0 baseline,0.0480,S51,toxic_Hedera_helix_406160784.jpg,toxic,Hedera helix,Hedera,True,-0.242838,Ampelopsis,False,True,0.0000,0.0000,False,False
R0 baseline,0.0480,S51,toxic_Parthenocissus_quinquefolia_406476317.jpg,toxic,Parthenocissus quinquefolia,Parthenocissus,True,-0.263096,Ampelopsis,True,True,0.0000,0.0000,False,False
R0 baseline,0.0480,S51,toxic_Acer_negundo_404938271.jpg,toxic,Acer negundo,Acer,True,-0.061306,Pueraria,False,True,0.0000,0.0000,False,False
R0 baseline,0.0480,S51,toxic_Cornus_florida_399165586.jpg,toxic,Cornus florida,Cornus,True,-0.149045,Callicarpa,False,True,0.0000,0.0000,False,False
R0 baseline,0.0480,S51,toxic_Nandina_domestica_399938263.jpg,toxic,Nandina domestica,Nandina,True,-0.229526,Rhus,False,True,0.0000,0.0000,False,False
R0 baseline,0.0480,S51,non_plant_Laptop_computer_monitor__Unsplash_.jpg,non_plant,computer monitor,computer,False,-0.048456,Solidago,False,False,0.0000,0.0000,False,False
R0 baseline,0.0480,S51,non_plant_Old_dirty_working_computer__Unsplash_.jpg,non_plant,computer monitor,computer,False,-0.049360,Solidago,False,False,0.0000,0.0000,False,False
R0 baseline,0.0480,S51,non_plant_Statistics_on_a_laptop__Unsplash_.jpg,non_plant,laptop screen,laptop,False,-0.060439,Cercis,False,False,0.0000,0.0000,False,False
R0 baseline,0.0480,S51,non_plant_Online_store_on_a_screen__Unsplash_.jpg,non_plant,laptop screen,laptop,False,-0.023124,Cercis,False,False,0.0000,0.0000,False,False
R0 baseline,0.0480,S51,non_plant_Man_with_smartphone_and_laptop__Unsplash_.jpg,non_plant,smartphone,smartphone,False,-0.052447,Cercis,False,False,0.0000,0.0000,False,False
R0 baseline,0.0480,S51,non_plant_Nordic_walker_with_smartphone__Unsplash_.jpg,non_plant,smartphone,smartphone,False,-0.063026,Cercis,False,False,0.0000,0.0000,False,False
R0 baseline,0.0480,S51,non_plant_Vintage_television__Unsplash_.jpg,non_plant,television,television,False,-0.101175,Phyllanthus,False,False,0.0000,0.0000,False,False
R0 baseline,0.0480,S51,non_plant_Woman_Sketch_Man_Portrait__Unsplash_.jpg,non_plant,woman portrait,woman,False,-0.054627,Platanus,False,False,0.0000,0.0000,False,False
R0 baseline,0.0480,S51,non_plant_Portrait_of_elderly_woman__Unsplash_.jpg,non_plant,woman portrait,woman,False,-0.040542,Cercis,False,False,0.0000,0.0000,False,False
R0 baseline,0.0480,S51,non_plant_Gray-haired_man_portrait__Unsplash_.jpg,non_plant,man portrait,man,False,-0.021170,Albizia,False,False,0.0000,0.0000,False,False
R0 baseline,0.0480,S51,non_plant_Portrait_of_a_man__Unsplash_.jpg,non_plant,man portrait,man,False,-0.040996,Albizia,False,False,0.0000,0.0000,False,False
R0 baseline,0.0480,S51,non_plant_Happy_Child__Unsplash_.jpg,non_plant,child,child,False,-0.038150,Albizia,False,False,0.0000,0.0000,False,False
R0 baseline,0.0480,S51,non_plant_People_crossing_street__Unsplash_.jpg,non_plant,people street,people,False,-0.084907,Phyllanthus,False,False,0.0000,0.0000,False,False
R0 baseline,0.0480,S51,non_plant_People_walking_across_urban_street__Unsplash_.jpg,non_plant,people street,people,False,-0.041878,Pueraria,False,False,0.0000,0.0000,False,False
R0 baseline,0.0480,S51,non_plant_Confetti_on_asphalt__Unsplash_.jpg,non_plant,asphalt,asphalt,False,-0.052325,Phyllanthus,False,False,0.0000,0.0000,False,False
R0 baseline,0.0480,S51,non_plant_Glasses_on_asphalt__Unsplash_.jpg,non_plant,asphalt,asphalt,False,-0.125383,Phyllanthus,False,False,0.0000,0.0000,False,False
R0 baseline,0.0480,S51,non_plant_Crosswalk__Unsplash_cjgDWi-yIxE_.jpg,non_plant,crosswalk,crosswalk,False,0.017616,Cercis,False,False,0.0000,0.0000,False,False
R0 baseline,0.0480,S51,non_plant_Industrial_Parking_Lot__Unsplash_.jpg,non_plant,parking lot,parking,False,-0.107317,Phyllanthus,False,False,0.0000,0.0000,False,False
R0 baseline,0.0480,S51,non_plant_Labrador_urban_sidewalk__Unsplash_.jpg,non_plant,sidewalk,sidewalk,False,-0.034395,Magnolia,False,False,0.0000,0.0000,False,False
R0 baseline,0.0480,S51,non_plant_Mong_Kok_city_sidewalk__Unsplash_.jpg,non_plant,sidewalk,sidewalk,False,-0.110703,Albizia,False,False,0.0000,0.0000,False,False
R0 baseline,0.0480,S51,non_plant_Houston_sneakers__Unsplash_.jpg,non_plant,sneakers,sneakers,False,-0.040547,Phyllanthus,False,False,0.0000,0.0000,False,False
R0 baseline,0.0480,S51,non_plant_Sheep_dog_and_fence_Lipoglav__Unsplash_.jpg,non_plant,dog,dog,False,-0.064966,Phyllanthus,False,False,0.0000,0.0000,False,False
R0 baseline,0.0480,S51,non_plant_Wedding_car__Unsplash_.jpg,non_plant,car,car,False,-0.039663,Pueraria,False,False,0.0000,0.0000,False,False
R0 baseline,0.0480,S51,non_plant_Hell_s_Kitchen__Unsplash_.jpg,non_plant,kitchen,kitchen,False,-0.048474,Phyllanthus,False,False,0.0000,0.0000,False,False
R0 baseline,0.0480,S51,non_plant_Abstract_spiral_pattern__Unsplash_.jpg,non_plant,building,building,False,-0.086858,Albizia,False,False,0.0000,0.0000,False,False
R0 baseline,0.0480,S51,non_plant_White_bicycle__Unsplash_.jpg,non_plant,bicycle,bicycle,False,-0.083094,Solidago,False,False,0.0000,0.0000,False,False
R0 baseline,0.0480,S51,non_plant_Living_room__Unsplash_.jpg,non_plant,living room,living,False,-0.057202,Albizia,False,False,0.0000,0.0000,False,False
R0 baseline,0.0480,S50,target_Conoclinium_coelestinum_404305465.jpg,target,Conoclinium coelestinum,Conoclinium,False,0.132257,Conoclinium,False,True,1.0000,0.0000,False,False
R0 baseline,0.0480,S50,target_Conoclinium_coelestinum_403544356.jpg,target,Conoclinium coelestinum,Conoclinium,False,0.146845,Conoclinium,False,True,1.0000,0.0000,False,False
R0 baseline,0.0480,S50,target_Callicarpa_americana_400532330.jpg,target,Callicarpa americana,Callicarpa,False,0.178905,Callicarpa,False,True,1.0000,0.0000,False,False
R0 baseline,0.0480,S50,target_Callicarpa_americana_399137999.jpg,target,Callicarpa americana,Callicarpa,False,0.198009,Callicarpa,False,True,1.0000,0.0000,False,False
R0 baseline,0.0480,S50,target_Liquidambar_styraciflua_405042376.jpg,target,Liquidambar styraciflua,Liquidambar,False,-0.027162,Liquidambar,False,True,0.0000,0.0000,False,False
R0 baseline,0.0480,S50,target_Liquidambar_styraciflua_404493614.jpg,target,Liquidambar styraciflua,Liquidambar,False,0.002233,Cercis,False,True,0.0000,0.0000,False,False
R0 baseline,0.0480,S50,target_Magnolia_grandiflora_396800120.jpg,target,Magnolia grandiflora,Magnolia,False,-0.043651,Magnolia,False,True,0.0000,0.0000,False,False
R0 baseline,0.0480,S50,target_Magnolia_grandiflora_390971398.jpg,target,Magnolia grandiflora,Magnolia,False,0.070745,Magnolia,False,True,1.0000,0.0000,False,False
R0 baseline,0.0480,S50,target_Liriodendron_tulipifera_405512381.jpg,target,Liriodendron tulipifera,Liriodendron,False,-0.027870,Platanus,False,True,0.0000,0.0000,False,False
R0 baseline,0.0480,S50,target_Liriodendron_tulipifera_405264498.jpg,target,Liriodendron tulipifera,Liriodendron,False,-0.032033,Cercis,False,True,0.0000,0.0000,False,False
R0 baseline,0.0480,S50,target_Polystichum_acrostichoides_405345748.jpg,target,Polystichum acrostichoides,Polystichum,False,0.204052,Polystichum,False,True,1.0000,0.0000,False,False
R0 baseline,0.0480,S50,target_Polystichum_acrostichoides_405345610.jpg,target,Polystichum acrostichoides,Polystichum,False,0.231287,Polystichum,False,True,1.0000,0.0000,False,False
R0 baseline,0.0480,S50,target_Fagus_grandifolia_405501294.jpg,target,Fagus grandifolia,Fagus,False,-0.088021,Phyllanthus,False,True,0.0000,0.0000,False,False
R0 baseline,0.0480,S50,target_Fagus_grandifolia_405345574.jpg,target,Fagus grandifolia,Fagus,False,0.095092,Fagus,False,True,1.0000,0.0000,False,False
R0 baseline,0.0480,S50,target_Erechtites_hieraciifolius_405067001.jpg,target,Erechtites hieraciifolius,Erechtites,False,-0.049690,Erechtites,False,True,0.0000,0.0000,False,False
R0 baseline,0.0480,S50,target_Ampelopsis_glandulosa_405082405.jpg,target,Ampelopsis glandulosa,Ampelopsis,False,0.113753,Ampelopsis,False,True,1.0000,0.0000,False,False
R0 baseline,0.0480,S50,target_Diospyros_virginiana_403124444.jpg,target,Diospyros virginiana,Diospyros,False,0.033250,Diospyros,False,True,0.0000,0.0000,False,False
R0 baseline,0.0480,S50,target_Platanus_occidentalis_405314707.jpg,target,Platanus occidentalis,Platanus,False,0.040495,Platanus,False,True,0.0000,0.0000,False,False
R0 baseline,0.0480,S50,target_Vitis_rotundifolia_402327267.jpg,target,Vitis rotundifolia,Vitis,False,0.148088,Vitis,False,True,1.0000,0.0000,False,False
R0 baseline,0.0480,S50,target_Pueraria_montana_404096208.jpg,target,Pueraria montana,Pueraria,False,0.109945,Pueraria,False,True,1.0000,0.0000,False,False
R0 baseline,0.0480,S50,target_Cercis_canadensis_404198314.jpg,target,Cercis canadensis,Cercis,False,0.085402,Cercis,False,True,1.0000,0.0000,False,False
R0 baseline,0.0480,S50,target_Quercus_nigra_400010614.jpg,target,Quercus nigra,Quercus,False,-0.055202,Quercus,False,True,0.0000,0.0000,False,False
R0 baseline,0.0480,S50,target_Albizia_julibrissin_401649566.jpg,target,Albizia julibrissin,Albizia,False,-0.061108,Albizia,False,True,0.0000,0.0000,False,False
R0 baseline,0.0480,S50,target_Chimaphila_maculata_405278636.jpg,target,Chimaphila maculata,Chimaphila,False,0.076341,Chimaphila,False,True,1.0000,0.0000,False,False
R0 baseline,0.0480,S50,target_Rhus_copallinum_405529666.jpg,target,Rhus copallinum,Rhus,False,0.045004,Rhus,False,True,0.0000,0.0000,False,False
R0 baseline,0.0480,S50,target_Ilex_cornuta_355455003.jpg,target,Ilex cornuta,Ilex,False,0.137578,Ilex,False,True,1.0000,0.0000,False,False
R0 baseline,0.0480,S50,target_Solidago_altissima_403428628.jpg,target,Solidago altissima,Solidago,False,0.106617,Solidago,False,True,1.0000,0.0000,False,False
R0 baseline,0.0480,S50,target_Sassafras_albidum_405971253.jpg,target,Sassafras albidum,Sassafras,False,0.174077,Sassafras,False,True,1.0000,0.0000,False,False
R0 baseline,0.0480,S50,target_Tipularia_discolor_398521399.jpg,target,Tipularia discolor,Tipularia,False,-0.041730,Tipularia,False,True,0.0000,0.0000,False,False
R0 baseline,0.0480,S50,target_Phyllanthus_urinaria_396003845.jpg,target,Phyllanthus urinaria,Phyllanthus,False,0.054295,Phyllanthus,False,True,1.0000,0.0000,False,False
R0 baseline,0.0480,S50,grass_Arundo_donax_406751438.jpg,grass,Arundo donax,Arundo,True,-0.198612,Ampelopsis,False,True,0.0000,0.0000,False,False
R0 baseline,0.0480,S50,grass_Hordeum_jubatum_406696238.jpg,grass,Hordeum jubatum,Hordeum,True,-0.134604,Albizia,False,True,0.0000,0.0000,False,False
R0 baseline,0.0480,S50,grass_Arrhenatherum_elatius_406671945.jpg,grass,Arrhenatherum elatius,Arrhenatherum,False,-0.113749,Erechtites,False,True,0.0000,0.0000,False,False
R0 baseline,0.0480,S50,grass_Diplachne_fusca_406653544.jpg,grass,Diplachne fusca,Diplachne,False,-0.031857,Albizia,False,True,0.0000,0.0000,False,False
R0 baseline,0.0480,S50,grass_Steinchisma_hians_406606905.jpg,grass,Steinchisma hians,Steinchisma,False,-0.184932,Phyllanthus,False,True,0.0000,0.0000,False,False
R0 baseline,0.0480,S50,grass_Andropogon_gerardi_406597519.jpg,grass,Andropogon gerardi,Andropogon,False,-0.183885,Tipularia,False,True,0.0000,0.0000,False,False
R0 baseline,0.0480,S50,grass_Paspalum_distichum_406584892.jpg,grass,Paspalum distichum,Paspalum,False,-0.235011,Phyllanthus,False,True,0.0000,0.0000,False,False
R0 baseline,0.0480,S50,grass_Sorghastrum_nutans_406580824.jpg,grass,Sorghastrum nutans,Sorghastrum,False,-0.149556,Pueraria,False,True,0.0000,0.0000,False,False
R0 baseline,0.0480,S50,grass_Panicum_racemosum_406576237.jpg,grass,Panicum racemosum,Panicum,False,-0.138693,Pueraria,False,True,0.0000,0.0000,False,False
R0 baseline,0.0480,S50,grass_Pseudoroegneria_spicata_406559012.jpg,grass,Pseudoroegneria spicata,Pseudoroegneria,False,-0.139848,Phyllanthus,False,True,0.0000,0.0000,False,False
R0 baseline,0.0480,S50,non_grass_Trifolium_repens_406359770.jpg,non_grass,Trifolium repens,Trifolium,False,-0.233937,Phyllanthus,False,True,0.0000,0.0000,False,False
R0 baseline,0.0480,S50,non_grass_Taraxacum_officinale_406035391.jpg,non_grass,Taraxacum officinale,Taraxacum,False,-0.164120,Erechtites,False,True,0.0000,0.0000,False,False
R0 baseline,0.0480,S50,non_grass_Plantago_lanceolata_406558218.jpg,non_grass,Plantago lanceolata,Plantago,False,-0.124597,Polystichum,False,True,0.0000,0.0000,False,False
R0 baseline,0.0480,S50,non_grass_Oxalis_stricta_rufa_406756800.jpg,non_grass,Oxalis stricta rufa,Oxalis,False,-0.207186,Phyllanthus,True,True,0.0000,0.0000,False,False
R0 baseline,0.0480,S50,non_grass_Quercus_alba_405748845.jpg,non_grass,Quercus alba,Quercus,True,-0.088870,Quercus,False,True,0.0000,0.0000,False,False
R0 baseline,0.0480,S50,non_grass_Acer_rubrum_405066941.jpg,non_grass,Acer rubrum,Acer,True,-0.074676,Sassafras,False,True,0.0000,0.0000,False,False
R0 baseline,0.0480,S50,non_grass_Lonicera_japonica_406655855.jpg,non_grass,Lonicera japonica,Lonicera,True,-0.165415,Callicarpa,False,True,0.0000,0.0000,False,False
R0 baseline,0.0480,S50,non_grass_Rubus_ulmifolius_406649712.jpg,non_grass,Rubus ulmifolius,Rubus,False,0.013514,Ampelopsis,False,True,0.0000,0.0000,False,False
R0 baseline,0.0480,S50,non_grass_Polystichum_acrostichoides_405278830.jpg,non_grass,Polystichum acrostichoides,Polystichum,False,0.184759,Polystichum,False,True,1.0000,0.0000,False,False
R0 baseline,0.0480,S50,non_grass_Carex_enneastachya_406638844.jpg,non_grass,Carex enneastachya,Carex,False,-0.149292,Cercis,False,True,0.0000,0.0000,False,False
R0 baseline,0.0480,TB,Conoclinium_coelestinum_0.jpg,target,Conoclinium coelestinum,Conoclinium,False,0.178098,Conoclinium,False,True,1.0000,0.0000,False,False
R0 baseline,0.0480,TB,Conoclinium_coelestinum_1.jpg,target,Conoclinium coelestinum,Conoclinium,False,0.014458,Conoclinium,False,True,0.0000,0.0000,False,False
R0 baseline,0.0480,TB,Conoclinium_coelestinum_2.jpg,target,Conoclinium coelestinum,Conoclinium,False,-0.024871,Conoclinium,False,True,0.0000,0.0000,False,False
R0 baseline,0.0480,TB,Callicarpa_americana_0.jpg,target,Callicarpa americana,Callicarpa,False,0.154388,Callicarpa,False,True,1.0000,0.0000,False,False
R0 baseline,0.0480,TB,Callicarpa_americana_1.jpg,target,Callicarpa americana,Callicarpa,False,0.201502,Callicarpa,False,True,1.0000,0.0000,False,False
R0 baseline,0.0480,TB,Callicarpa_americana_2.jpg,target,Callicarpa americana,Callicarpa,False,0.103729,Callicarpa,False,True,1.0000,0.0000,False,False
R0 baseline,0.0480,TB,Liquidambar_styraciflua_0.jpg,target,Liquidambar styraciflua,Liquidambar,False,0.102300,Liquidambar,False,True,1.0000,0.0000,False,False
R0 baseline,0.0480,TB,Liquidambar_styraciflua_1.jpg,target,Liquidambar styraciflua,Liquidambar,False,0.018293,Liquidambar,False,True,0.0000,0.0000,False,False
R0 baseline,0.0480,TB,Liquidambar_styraciflua_2.jpg,target,Liquidambar styraciflua,Liquidambar,False,0.028168,Liquidambar,True,True,0.0000,0.0000,False,False
R0 baseline,0.0480,TB,Magnolia_grandiflora_0.jpg,target,Magnolia grandiflora,Magnolia,False,-0.016333,Magnolia,False,True,0.0000,0.0000,False,False
R0 baseline,0.0480,TB,Magnolia_grandiflora_1.jpg,target,Magnolia grandiflora,Magnolia,False,0.124421,Magnolia,False,True,1.0000,0.0000,False,False
R0 baseline,0.0480,TB,Magnolia_grandiflora_2.jpg,target,Magnolia grandiflora,Magnolia,False,0.094479,Magnolia,False,True,1.0000,0.0000,False,False
R0 baseline,0.0480,TB,Liriodendron_tulipifera_0.jpg,target,Liriodendron tulipifera,Liriodendron,False,0.076436,Liriodendron,False,True,1.0000,0.0000,False,False
R0 baseline,0.0480,TB,Liriodendron_tulipifera_1.jpg,target,Liriodendron tulipifera,Liriodendron,False,-0.011989,Quercus,False,True,0.0000,0.0000,False,False
R0 baseline,0.0480,TB,Liriodendron_tulipifera_2.jpg,target,Liriodendron tulipifera,Liriodendron,False,-0.041312,Cercis,False,True,0.0000,0.0000,False,False
R0 baseline,0.0480,TB,Polystichum_acrostichoides_0.jpg,target,Polystichum acrostichoides,Polystichum,False,0.020531,Polystichum,False,True,0.0000,0.0000,False,False
R0 baseline,0.0480,TB,Polystichum_acrostichoides_1.jpg,target,Polystichum acrostichoides,Polystichum,False,0.172291,Polystichum,False,True,1.0000,0.0000,False,False
R0 baseline,0.0480,TB,Polystichum_acrostichoides_2.jpg,target,Polystichum acrostichoides,Polystichum,False,0.145838,Polystichum,False,True,1.0000,0.0000,False,False
R0 baseline,0.0480,TB,Fagus_grandifolia_0.jpg,target,Fagus grandifolia,Fagus,False,0.160727,Fagus,False,True,1.0000,0.0000,False,False
R0 baseline,0.0480,TB,Fagus_grandifolia_1.jpg,target,Fagus grandifolia,Fagus,False,0.010232,Fagus,False,True,0.0000,0.0000,False,False
R0 baseline,0.0480,TB,Fagus_grandifolia_2.jpg,target,Fagus grandifolia,Fagus,False,0.196577,Fagus,False,True,1.0000,0.0000,False,False
R0 baseline,0.0480,TB,Erechtites_hieraciifolius_0.jpg,target,Erechtites hieraciifolius,Erechtites,False,0.007696,Erechtites,False,True,0.0000,0.0000,False,False
R0 baseline,0.0480,TB,Erechtites_hieraciifolius_1.jpg,target,Erechtites hieraciifolius,Erechtites,False,0.144552,Erechtites,False,True,1.0000,0.0000,False,False
R0 baseline,0.0480,TB,Erechtites_hieraciifolius_2.jpg,target,Erechtites hieraciifolius,Erechtites,False,-0.030794,Erechtites,False,True,0.0000,0.0000,False,False
R0 baseline,0.0480,TB,Ampelopsis_glandulosa_0.jpg,target,Ampelopsis glandulosa,Ampelopsis,False,0.130979,Ampelopsis,False,True,1.0000,0.0000,False,False
R0 baseline,0.0480,TB,Ampelopsis_glandulosa_1.jpg,target,Ampelopsis glandulosa,Ampelopsis,False,0.124380,Ampelopsis,False,True,1.0000,0.0000,False,False
R0 baseline,0.0480,TB,Ampelopsis_glandulosa_2.jpg,target,Ampelopsis glandulosa,Ampelopsis,False,0.116861,Ampelopsis,False,True,1.0000,0.0000,False,False
R0 baseline,0.0480,TB,Diospyros_virginiana_0.jpg,target,Diospyros virginiana,Diospyros,False,-0.028389,Diospyros,True,True,0.0000,0.0000,False,False
R0 baseline,0.0480,TB,Diospyros_virginiana_1.jpg,target,Diospyros virginiana,Diospyros,False,-0.021603,Diospyros,False,True,0.0000,0.0000,False,False
R0 baseline,0.0480,TB,Diospyros_virginiana_2.jpg,target,Diospyros virginiana,Diospyros,False,0.014878,Quercus,False,True,0.0000,0.0000,False,False
R0 baseline,0.0480,TB,Platanus_occidentalis_0.jpg,target,Platanus occidentalis,Platanus,False,-0.017150,Platanus,True,True,0.0000,0.0000,False,False
R0 baseline,0.0480,TB,Platanus_occidentalis_1.jpg,target,Platanus occidentalis,Platanus,False,0.062471,Platanus,False,True,1.0000,0.0000,False,False
R0 baseline,0.0480,TB,Platanus_occidentalis_2.jpg,target,Platanus occidentalis,Platanus,False,0.083543,Platanus,False,True,1.0000,0.0000,False,False
R0 baseline,0.0480,TB,Vitis_rotundifolia_0.jpg,target,Vitis rotundifolia,Vitis,False,-0.010113,Vitis,False,True,0.0000,0.0000,False,False
R0 baseline,0.0480,TB,Vitis_rotundifolia_1.jpg,target,Vitis rotundifolia,Vitis,False,-0.049287,Vitis,False,True,0.0000,0.0000,False,False
R0 baseline,0.0480,TB,Vitis_rotundifolia_2.jpg,target,Vitis rotundifolia,Vitis,False,-0.078131,Ampelopsis,False,True,0.0000,0.0000,False,False
R0 baseline,0.0480,TB,Pueraria_montana_0.jpg,target,Pueraria montana,Pueraria,False,0.132597,Pueraria,False,True,1.0000,0.0000,False,False
R0 baseline,0.0480,TB,Pueraria_montana_1.jpg,target,Pueraria montana,Pueraria,False,-0.080063,Pueraria,False,True,0.0000,0.0000,False,False
R0 baseline,0.0480,TB,Pueraria_montana_2.jpg,target,Pueraria montana,Pueraria,False,0.063900,Pueraria,False,True,1.0000,0.0000,False,False
R0 baseline,0.0480,TB,Cercis_canadensis_0.jpg,target,Cercis canadensis,Cercis,False,-0.076191,Cercis,False,True,0.0000,0.0000,False,False
R0 baseline,0.0480,TB,Cercis_canadensis_1.jpg,target,Cercis canadensis,Cercis,False,0.080107,Cercis,False,True,1.0000,0.0000,False,False
R0 baseline,0.0480,TB,Cercis_canadensis_2.jpg,target,Cercis canadensis,Cercis,False,-0.098561,Cercis,False,True,0.0000,0.0000,False,False
R0 baseline,0.0480,TB,Quercus_nigra_0.jpg,target,Quercus nigra,Quercus,False,-0.059065,Quercus,False,True,0.0000,0.0000,False,False
R0 baseline,0.0480,TB,Quercus_nigra_1.jpg,target,Quercus nigra,Quercus,False,-0.036316,Magnolia,False,True,0.0000,0.0000,False,False
R0 baseline,0.0480,TB,Quercus_nigra_2.jpg,target,Quercus nigra,Quercus,False,0.123210,Quercus,False,True,1.0000,0.0000,False,False
R0 baseline,0.0480,TB,Albizia_julibrissin_0.jpg,target,Albizia julibrissin,Albizia,False,0.155187,Albizia,False,True,1.0000,0.0000,False,False
R0 baseline,0.0480,TB,Albizia_julibrissin_1.jpg,target,Albizia julibrissin,Albizia,False,-0.074883,Pueraria,False,True,0.0000,0.0000,False,False
R0 baseline,0.0480,TB,Albizia_julibrissin_2.jpg,target,Albizia julibrissin,Albizia,False,0.040022,Albizia,False,True,0.0000,0.0000,False,False
R0 baseline,0.0480,TB,Chimaphila_maculata_0.jpg,target,Chimaphila maculata,Chimaphila,False,0.151424,Chimaphila,False,True,1.0000,0.0000,False,False
R0 baseline,0.0480,TB,Chimaphila_maculata_1.jpg,target,Chimaphila maculata,Chimaphila,False,0.196394,Chimaphila,False,True,1.0000,0.0000,False,False
R0 baseline,0.0480,TB,Chimaphila_maculata_2.jpg,target,Chimaphila maculata,Chimaphila,False,0.163996,Chimaphila,False,True,1.0000,0.0000,False,False
R0 baseline,0.0480,TB,Rhus_copallinum_0.jpg,target,Rhus copallinum,Rhus,False,-0.060744,Albizia,True,True,0.0000,0.0000,False,False
R0 baseline,0.0480,TB,Rhus_copallinum_1.jpg,target,Rhus copallinum,Rhus,False,-0.069163,Albizia,False,True,0.0000,0.0000,False,False
R0 baseline,0.0480,TB,Rhus_copallinum_2.jpg,target,Rhus copallinum,Rhus,False,0.015176,Rhus,False,True,0.0000,0.0000,False,False
R0 baseline,0.0480,TB,Solidago_altissima_0.jpg,target,Solidago altissima,Solidago,False,0.194423,Solidago,False,True,1.0000,0.0000,False,False
R0 baseline,0.0480,TB,Solidago_altissima_1.jpg,target,Solidago altissima,Solidago,False,0.155419,Solidago,False,True,1.0000,0.0000,False,False
R0 baseline,0.0480,TB,Solidago_altissima_2.jpg,target,Solidago altissima,Solidago,False,-0.141922,Solidago,False,True,0.0000,0.0000,False,False
R0 baseline,0.0480,TB,Ilex_cornuta_0.jpg,target,Ilex cornuta,Ilex,False,0.010715,Ilex,True,True,0.0000,0.0000,False,False
R0 baseline,0.0480,TB,Ilex_cornuta_1.jpg,target,Ilex cornuta,Ilex,False,0.127587,Ilex,False,True,1.0000,0.0000,False,False
R0 baseline,0.0480,TB,Ilex_cornuta_2.jpg,target,Ilex cornuta,Ilex,False,0.124445,Ilex,False,True,1.0000,0.0000,False,False
R0 baseline,0.0480,TB,Sassafras_albidum_0.jpg,target,Sassafras albidum,Sassafras,False,0.071018,Sassafras,False,True,1.0000,0.0000,False,False
R0 baseline,0.0480,TB,Sassafras_albidum_1.jpg,target,Sassafras albidum,Sassafras,False,-0.051459,Quercus,False,True,0.0000,0.0000,False,False
R0 baseline,0.0480,TB,Sassafras_albidum_2.jpg,target,Sassafras albidum,Sassafras,False,0.143497,Sassafras,False,True,1.0000,0.0000,False,False
R0 baseline,0.0480,TB,Tipularia_discolor_0.jpg,target,Tipularia discolor,Tipularia,False,-0.026594,Magnolia,False,True,0.0000,0.0000,False,False
R0 baseline,0.0480,TB,Tipularia_discolor_1.jpg,target,Tipularia discolor,Tipularia,False,0.039973,Magnolia,False,True,0.0000,0.0000,False,False
R0 baseline,0.0480,TB,Tipularia_discolor_2.jpg,target,Tipularia discolor,Tipularia,False,-0.003254,Tipularia,False,True,0.0000,0.0000,False,False
R0 baseline,0.0480,TB,Phyllanthus_urinaria_0.jpg,target,Phyllanthus urinaria,Phyllanthus,False,0.080647,Phyllanthus,False,True,1.0000,0.0000,False,False
R0 baseline,0.0480,TB,Phyllanthus_urinaria_1.jpg,target,Phyllanthus urinaria,Phyllanthus,False,0.033394,Phyllanthus,False,True,0.0000,0.0000,False,False
R0 baseline,0.0480,TB,Phyllanthus_urinaria_2.jpg,target,Phyllanthus urinaria,Phyllanthus,False,-0.023291,Phyllanthus,False,True,0.0000,0.0000,False,False
R0 baseline,0.0480,TB,Persicaria_longiseta_0.jpg,toxic,Persicaria longiseta,Persicaria,True,-0.180094,Conoclinium,False,True,0.0000,0.0000,False,False
R0 baseline,0.0480,TB,Persicaria_longiseta_1.jpg,toxic,Persicaria longiseta,Persicaria,True,-0.255642,Conoclinium,False,True,0.0000,0.0000,False,False
R0 baseline,0.0480,TB,Persicaria_longiseta_2.jpg,toxic,Persicaria longiseta,Persicaria,True,-0.134434,Phyllanthus,False,True,0.0000,0.0000,False,False
R0 baseline,0.0480,TB,Phytolacca_americana_0.jpg,toxic,Phytolacca americana,Phytolacca,True,-0.120067,Callicarpa,True,True,0.0000,0.0000,False,False
R0 baseline,0.0480,TB,Phytolacca_americana_1.jpg,toxic,Phytolacca americana,Phytolacca,True,-0.242204,Callicarpa,True,True,0.0000,0.0000,False,False
R0 baseline,0.0480,TB,Phytolacca_americana_2.jpg,toxic,Phytolacca americana,Phytolacca,True,-0.067113,Callicarpa,False,True,0.0000,0.0000,False,False
R0 baseline,0.0480,TB,Eupatorium_capillifolium_0.jpg,toxic,Eupatorium capillifolium,Eupatorium,True,-0.182344,Phyllanthus,False,True,0.0000,0.0000,False,False
R0 baseline,0.0480,TB,Eupatorium_capillifolium_1.jpg,toxic,Eupatorium capillifolium,Eupatorium,True,-0.181933,Erechtites,False,True,0.0000,0.0000,False,False
R0 baseline,0.0480,TB,Eupatorium_capillifolium_2.jpg,toxic,Eupatorium capillifolium,Eupatorium,True,-0.252164,Conoclinium,False,True,0.0000,0.0000,False,False
R0 baseline,0.0480,TB,Euonymus_americanus_0.jpg,toxic,Euonymus americanus,Euonymus,True,-0.158961,Callicarpa,False,True,0.0000,0.0000,False,False
R0 baseline,0.0480,TB,Euonymus_americanus_1.jpg,toxic,Euonymus americanus,Euonymus,True,-0.176243,Callicarpa,False,True,0.0000,0.0000,False,False
R0 baseline,0.0480,TB,Euonymus_americanus_2.jpg,toxic,Euonymus americanus,Euonymus,True,-0.197376,Chimaphila,False,True,0.0000,0.0000,False,False
R0 baseline,0.0480,TB,Lonicera_maackii_0.jpg,toxic,Lonicera maackii,Lonicera,True,-0.162727,Callicarpa,False,True,0.0000,0.0000,False,False
R0 baseline,0.0480,TB,Lonicera_maackii_1.jpg,toxic,Lonicera maackii,Lonicera,True,-0.172489,Callicarpa,False,True,0.0000,0.0000,False,False
R0 baseline,0.0480,TB,Lonicera_maackii_2.jpg,toxic,Lonicera maackii,Lonicera,True,-0.184331,Callicarpa,False,True,0.0000,0.0000,False,False
R0 baseline,0.0480,TB,Eupatorium_serotinum_0.jpg,toxic,Eupatorium serotinum,Eupatorium,True,-0.111045,Conoclinium,True,True,0.0000,0.0000,False,False
R0 baseline,0.0480,TB,Eupatorium_serotinum_1.jpg,toxic,Eupatorium serotinum,Eupatorium,True,-0.209701,Erechtites,False,True,0.0000,0.0000,False,False
R0 baseline,0.0480,TB,Eupatorium_serotinum_2.jpg,toxic,Eupatorium serotinum,Eupatorium,True,-0.125959,Solidago,False,True,0.0000,0.0000,False,False
R0 baseline,0.0480,TB,Ligustrum_sinense_0.jpg,toxic,Ligustrum sinense,Ligustrum,True,-0.128715,Diospyros,False,True,0.0000,0.0000,False,False
R0 baseline,0.0480,TB,Ligustrum_sinense_1.jpg,toxic,Ligustrum sinense,Ligustrum,True,-0.182658,Ilex,False,True,0.0000,0.0000,False,False
R0 baseline,0.0480,TB,Ligustrum_sinense_2.jpg,toxic,Ligustrum sinense,Ligustrum,True,-0.153404,Callicarpa,False,True,0.0000,0.0000,False,False
R0 baseline,0.0480,TB,Hedera_helix_0.jpg,toxic,Hedera helix,Hedera,True,-0.098661,Vitis,True,True,0.0000,0.0000,False,False
R0 baseline,0.0480,TB,Hedera_helix_1.jpg,toxic,Hedera helix,Hedera,True,-0.284773,Ilex,True,True,0.0000,0.0000,False,False
R0 baseline,0.0480,TB,Hedera_helix_2.jpg,toxic,Hedera helix,Hedera,True,-0.077447,Ampelopsis,True,True,0.0000,0.0000,False,False
R0 baseline,0.0480,TB,Parthenocissus_quinquefolia_0.jpg,toxic,Parthenocissus quinquefolia,Parthenocissus,True,-0.036669,Ampelopsis,False,True,0.0000,0.0000,False,False
R0 baseline,0.0480,TB,Parthenocissus_quinquefolia_1.jpg,toxic,Parthenocissus quinquefolia,Parthenocissus,True,-0.142287,Ampelopsis,False,True,0.0000,0.0000,False,False
R0 baseline,0.0480,TB,Parthenocissus_quinquefolia_2.jpg,toxic,Parthenocissus quinquefolia,Parthenocissus,True,-0.132714,Vitis,True,True,0.0000,0.0000,False,False
R0 baseline,0.0480,TB,Acer_negundo_0.jpg,toxic,Acer negundo,Acer,True,0.009288,Pueraria,False,True,0.0000,0.0000,False,False
R0 baseline,0.0480,TB,Acer_negundo_1.jpg,toxic,Acer negundo,Acer,True,-0.096620,Pueraria,False,True,0.0000,0.0000,False,False
R0 baseline,0.0480,TB,Acer_negundo_2.jpg,toxic,Acer negundo,Acer,True,-0.088615,Diospyros,False,True,0.0000,0.0000,False,False
R0 baseline,0.0480,TB,Cornus_florida_0.jpg,toxic,Cornus florida,Cornus,True,-0.059929,Callicarpa,False,True,0.0000,0.0000,False,False
R0 baseline,0.0480,TB,Cornus_florida_1.jpg,toxic,Cornus florida,Cornus,True,-0.025160,Sassafras,False,True,0.0000,0.0000,False,False
R0 baseline,0.0480,TB,Cornus_florida_2.jpg,toxic,Cornus florida,Cornus,True,-0.115226,Diospyros,False,True,0.0000,0.0000,False,False
R0 baseline,0.0480,TB,Nandina_domestica_0.jpg,toxic,Nandina domestica,Nandina,True,-0.234685,Magnolia,False,True,0.0000,0.0000,False,False
R0 baseline,0.0480,TB,Nandina_domestica_1.jpg,toxic,Nandina domestica,Nandina,True,-0.100428,Rhus,False,True,0.0000,0.0000,False,False
R0 baseline,0.0480,TB,Nandina_domestica_2.jpg,toxic,Nandina domestica,Nandina,True,-0.157365,Phyllanthus,False,True,0.0000,0.0000,False,False
R0 baseline,0.0480,TB,Toxicodendron_radicans_0.jpg,toxic,Toxicodendron radicans,Toxicodendron,True,0.047722,Callicarpa,False,True,0.0000,0.0000,False,False
R0 baseline,0.0480,TB,Toxicodendron_radicans_1.jpg,toxic,Toxicodendron radicans,Toxicodendron,True,-0.282146,Sassafras,True,True,0.0000,0.0000,False,False
R0 baseline,0.0480,TB,Toxicodendron_radicans_2.jpg,toxic,Toxicodendron radicans,Toxicodendron,True,-0.274476,Ampelopsis,True,True,0.0000,0.0000,False,False
R0 baseline,0.0480,TB,Solanum_carolinense_0.jpg,toxic,Solanum carolinense,Solanum,True,-0.225947,Diospyros,True,True,0.0000,0.0000,False,False
R0 baseline,0.0480,TB,Solanum_carolinense_1.jpg,toxic,Solanum carolinense,Solanum,True,-0.135976,Erechtites,True,True,0.0000,0.0000,False,False
R0 baseline,0.0480,TB,Solanum_carolinense_2.jpg,toxic,Solanum carolinense,Solanum,True,-0.059858,Sassafras,True,True,0.0000,0.0000,False,False
R0 baseline,0.0480,TB,Juglans_nigra_0.jpg,toxic,Juglans nigra,Juglans,True,-0.164110,Albizia,False,True,0.0000,0.0000,False,False
R0 baseline,0.0480,TB,Juglans_nigra_1.jpg,toxic,Juglans nigra,Juglans,True,-0.159193,Albizia,False,True,0.0000,0.0000,False,False
R0 baseline,0.0480,TB,Juglans_nigra_2.jpg,toxic,Juglans nigra,Juglans,True,-0.206501,Phyllanthus,False,True,0.0000,0.0000,False,False
R0 baseline,0.0480,TB,Acer_rubrum_0.jpg,toxic,Acer rubrum,Acer,True,-0.149728,Liquidambar,False,True,0.0000,0.0000,False,False
R0 baseline,0.0480,TB,Acer_rubrum_1.jpg,toxic,Acer rubrum,Acer,True,-0.075461,Rhus,False,True,0.0000,0.0000,False,False
R0 baseline,0.0480,TB,Acer_rubrum_2.jpg,toxic,Acer rubrum,Acer,True,0.009066,Platanus,False,True,0.0000,0.0000,False,False
R0 baseline,0.0480,TB,Asimina_triloba_0.jpg,toxic,Asimina triloba,Asimina,True,-0.098757,Fagus,False,True,0.0000,0.0000,False,False
R0 baseline,0.0480,TB,Asimina_triloba_1.jpg,toxic,Asimina triloba,Asimina,True,-0.120887,Sassafras,False,True,0.0000,0.0000,False,False
R0 baseline,0.0480,TB,Asimina_triloba_2.jpg,toxic,Asimina triloba,Asimina,True,-0.094390,Magnolia,False,True,0.0000,0.0000,False,False
R0 baseline,0.0480,TB,Ilex_opaca_0.jpg,toxic,Ilex opaca,Ilex,True,-0.131288,Ilex,False,True,0.0000,0.0000,False,False
R0 baseline,0.0480,TB,Ilex_opaca_1.jpg,toxic,Ilex opaca,Ilex,True,-0.105011,Ilex,False,True,0.0000,0.0000,False,False
R0 baseline,0.0480,TB,Ilex_opaca_2.jpg,toxic,Ilex opaca,Ilex,True,-0.083940,Magnolia,False,True,0.0000,0.0000,False,False
R0 baseline,0.0480,TB,Perilla_frutescens_0.jpg,toxic,Perilla frutescens,Perilla,True,-0.173077,Phyllanthus,False,True,0.0000,0.0000,False,False
R0 baseline,0.0480,TB,Perilla_frutescens_1.jpg,toxic,Perilla frutescens,Perilla,True,-0.192668,Callicarpa,False,True,0.0000,0.0000,False,False
R0 baseline,0.0480,TB,Perilla_frutescens_2.jpg,toxic,Perilla frutescens,Perilla,True,-0.192026,Callicarpa,False,True,0.0000,0.0000,False,False
R0 baseline,0.0480,TB,Quercus_alba_0.jpg,toxic,Quercus alba,Quercus,True,-0.037971,Quercus,False,True,0.0000,0.0000,False,False
R0 baseline,0.0480,TB,Quercus_alba_1.jpg,toxic,Quercus alba,Quercus,True,-0.158559,Quercus,False,True,0.0000,0.0000,False,False
R0 baseline,0.0480,TB,Quercus_alba_2.jpg,toxic,Quercus alba,Quercus,True,-0.119227,Quercus,False,True,0.0000,0.0000,False,False
R0 baseline,0.0480,TB,Berberis_bealei_0.jpg,toxic,Berberis bealei,Berberis,True,-0.102717,Ilex,False,True,0.0000,0.0000,False,False
R0 baseline,0.0480,TB,Berberis_bealei_1.jpg,toxic,Berberis bealei,Berberis,True,-0.012937,Albizia,False,True,0.0000,0.0000,False,False
R0 baseline,0.0480,TB,Berberis_bealei_2.jpg,toxic,Berberis bealei,Berberis,True,-0.019960,Ilex,False,True,0.0000,0.0000,False,False
R0 baseline,0.0480,TB,Lonicera_japonica_0.jpg,toxic,Lonicera japonica,Lonicera,True,-0.271932,Ampelopsis,False,True,0.0000,0.0000,False,False
R0 baseline,0.0480,TB,Lonicera_japonica_1.jpg,toxic,Lonicera japonica,Lonicera,True,-0.089951,Solidago,True,True,0.0000,0.0000,False,False
R0 baseline,0.0480,TB,Lonicera_japonica_2.jpg,toxic,Lonicera japonica,Lonicera,True,-0.130057,Pueraria,False,True,0.0000,0.0000,False,False
R0 baseline,0.0480,TB,Lobelia_cardinalis_0.jpg,toxic,Lobelia cardinalis,Lobelia,True,-0.271046,Erechtites,False,True,0.0000,0.0000,False,False
R0 baseline,0.0480,TB,Lobelia_cardinalis_1.jpg,toxic,Lobelia cardinalis,Lobelia,True,-0.252107,Erechtites,False,True,0.0000,0.0000,False,False
R0 baseline,0.0480,TB,Lobelia_cardinalis_2.jpg,toxic,Lobelia cardinalis,Lobelia,True,-0.274302,Erechtites,False,True,0.0000,0.0000,False,False
R0 baseline,0.0480,TB,Physalis_angulata_0.jpg,toxic,Physalis angulata,Physalis,True,-0.055017,Phyllanthus,False,True,0.0000,0.0000,False,False
R0 baseline,0.0480,TB,Physalis_angulata_1.jpg,toxic,Physalis angulata,Physalis,True,-0.219914,Phyllanthus,False,True,0.0000,0.0000,False,False
R0 baseline,0.0480,TB,Physalis_angulata_2.jpg,toxic,Physalis angulata,Physalis,True,-0.162803,Pueraria,False,True,0.0000,0.0000,False,False
R0 baseline,0.0480,TB,Verbesina_alternifolia_0.jpg,toxic,Verbesina alternifolia,Verbesina,True,-0.224640,Erechtites,False,True,0.0000,0.0000,False,False
R0 baseline,0.0480,TB,Verbesina_alternifolia_1.jpg,toxic,Verbesina alternifolia,Verbesina,True,-0.205926,Erechtites,False,True,0.0000,0.0000,False,False
R0 baseline,0.0480,TB,Verbesina_alternifolia_2.jpg,toxic,Verbesina alternifolia,Verbesina,True,-0.214855,Erechtites,False,True,0.0000,0.0000,False,False
R0 baseline,0.0480,TB,Lycoris_radiata_0.jpg,toxic,Lycoris radiata,Lycoris,True,-0.294883,Albizia,False,True,0.0000,0.0000,False,False
R0 baseline,0.0480,TB,Lycoris_radiata_1.jpg,toxic,Lycoris radiata,Lycoris,True,-0.291117,Albizia,False,True,0.0000,0.0000,False,False
R0 baseline,0.0480,TB,Lycoris_radiata_2.jpg,toxic,Lycoris radiata,Lycoris,True,-0.294036,Albizia,False,True,0.0000,0.0000,False,False
R0 baseline,0.0480,TB,Campsis_radicans_0.jpg,toxic,Campsis radicans,Campsis,True,-0.135672,Ampelopsis,False,True,0.0000,0.0000,False,False
R0 baseline,0.0480,TB,Campsis_radicans_1.jpg,toxic,Campsis radicans,Campsis,True,-0.282460,Albizia,False,True,0.0000,0.0000,False,False
R0 baseline,0.0480,TB,Campsis_radicans_2.jpg,toxic,Campsis radicans,Campsis,True,-0.135519,Ampelopsis,False,True,0.0000,0.0000,False,False
R0 baseline,0.0480,TB,Glechoma_hederacea_0.jpg,toxic,Glechoma hederacea,Glechoma,True,-0.170870,Ampelopsis,False,True,0.0000,0.0000,False,False
R0 baseline,0.0480,TB,Glechoma_hederacea_1.jpg,toxic,Glechoma hederacea,Glechoma,True,-0.266143,Conoclinium,False,True,0.0000,0.0000,False,False
R0 baseline,0.0480,TB,Glechoma_hederacea_2.jpg,toxic,Glechoma hederacea,Glechoma,True,-0.236838,Ampelopsis,False,True,0.0000,0.0000,False,False
R0 baseline,0.0480,TB,Persicaria_sagittata_0.jpg,toxic,Persicaria sagittata,Persicaria,True,-0.054794,Pueraria,False,True,0.0000,0.0000,False,False
R0 baseline,0.0480,TB,Persicaria_sagittata_1.jpg,toxic,Persicaria sagittata,Persicaria,True,-0.282872,Conoclinium,False,True,0.0000,0.0000,False,False
R0 baseline,0.0480,TB,Persicaria_sagittata_2.jpg,toxic,Persicaria sagittata,Persicaria,True,-0.309889,Conoclinium,False,True,0.0000,0.0000,False,False
R0 baseline,0.0480,TB,Solidago_caesia_0.jpg,toxic,Solidago caesia,Solidago,True,-0.167065,Solidago,False,True,0.0000,0.0000,False,False
R0 baseline,0.0480,TB,Solidago_caesia_1.jpg,toxic,Solidago caesia,Solidago,True,-0.056185,Polystichum,False,True,0.0000,0.0000,False,False
R0 baseline,0.0480,TB,Solidago_caesia_2.jpg,toxic,Solidago caesia,Solidago,True,-0.242309,Solidago,False,True,0.0000,0.0000,False,False
R0 baseline,0.0480,TB,Melothria_pendula_0.jpg,toxic,Melothria pendula,Melothria,True,-0.187338,Vitis,False,True,0.0000,0.0000,False,False
R0 baseline,0.0480,TB,Melothria_pendula_1.jpg,toxic,Melothria pendula,Melothria,True,-0.099698,Vitis,False,True,0.0000,0.0000,False,False
R0 baseline,0.0480,TB,Melothria_pendula_2.jpg,toxic,Melothria pendula,Melothria,True,-0.239684,Vitis,False,True,0.0000,0.0000,False,False
R0 baseline,0.0480,TB,Jacquemontia_tamnifolia_0.jpg,toxic,Jacquemontia tamnifolia,Jacquemontia,True,-0.204399,Conoclinium,False,True,0.0000,0.0000,False,False
R0 baseline,0.0480,TB,Jacquemontia_tamnifolia_1.jpg,toxic,Jacquemontia tamnifolia,Jacquemontia,True,-0.246597,Conoclinium,False,True,0.0000,0.0000,False,False
R0 baseline,0.0480,TB,Jacquemontia_tamnifolia_2.jpg,toxic,Jacquemontia tamnifolia,Jacquemontia,True,-0.277976,Conoclinium,False,True,0.0000,0.0000,False,False
R0 baseline,0.0480,TB,Rudbeckia_laciniata_0.jpg,toxic,Rudbeckia laciniata,Rudbeckia,True,-0.173544,Solidago,False,True,0.0000,0.0000,False,False
R0 baseline,0.0480,TB,Rudbeckia_laciniata_1.jpg,toxic,Rudbeckia laciniata,Rudbeckia,True,-0.059143,Pueraria,True,True,0.0000,0.0000,False,False
R0 baseline,0.0480,TB,Rudbeckia_laciniata_2.jpg,toxic,Rudbeckia laciniata,Rudbeckia,True,-0.211213,Solidago,False,True,0.0000,0.0000,False,False
R0 baseline,0.0480,TB,Verbesina_virginica_0.jpg,toxic,Verbesina virginica,Verbesina,True,-0.131010,Conoclinium,False,True,0.0000,0.0000,False,False
R0 baseline,0.0480,TB,Verbesina_virginica_1.jpg,toxic,Verbesina virginica,Verbesina,True,-0.142167,Callicarpa,False,True,0.0000,0.0000,False,False
R0 baseline,0.0480,TB,Verbesina_virginica_2.jpg,toxic,Verbesina virginica,Verbesina,True,-0.168842,Callicarpa,False,True,0.0000,0.0000,False,False
R0 baseline,0.0480,TB,Vaccinium_arboreum_0.jpg,toxic,Vaccinium arboreum,Vaccinium,True,-0.071745,Rhus,False,True,0.0000,0.0000,False,False
R0 baseline,0.0480,TB,Vaccinium_arboreum_1.jpg,toxic,Vaccinium arboreum,Vaccinium,True,-0.042061,Diospyros,False,True,0.0000,0.0000,False,False
R0 baseline,0.0480,TB,Vaccinium_arboreum_2.jpg,toxic,Vaccinium arboreum,Vaccinium,True,-0.044479,Diospyros,False,True,0.0000,0.0000,False,False
R0 baseline,0.0480,TB,Juniperus_virginiana_0.jpg,toxic,Juniperus virginiana,Juniperus,True,-0.224012,Rhus,False,True,0.0000,0.0000,False,False
R0 baseline,0.0480,TB,Juniperus_virginiana_1.jpg,toxic,Juniperus virginiana,Juniperus,True,-0.330639,Ampelopsis,False,True,0.0000,0.0000,False,False
R0 baseline,0.0480,TB,Juniperus_virginiana_2.jpg,toxic,Juniperus virginiana,Juniperus,True,-0.289246,Phyllanthus,False,True,0.0000,0.0000,False,False
R0 baseline,0.0480,TB,Verbascum_thapsus_0.jpg,toxic,Verbascum thapsus,Verbascum,True,-0.155165,Cercis,True,True,0.0000,0.0000,False,False
R0 baseline,0.0480,TB,Verbascum_thapsus_1.jpg,toxic,Verbascum thapsus,Verbascum,True,-0.157073,Callicarpa,True,True,0.0000,0.0000,False,False
R0 baseline,0.0480,TB,Verbascum_thapsus_2.jpg,toxic,Verbascum thapsus,Verbascum,True,-0.239949,Callicarpa,True,True,0.0000,0.0000,False,False
R0 baseline,0.0480,TB,Onoclea_sensibilis_0.jpg,toxic,Onoclea sensibilis,Onoclea,True,-0.081489,Phyllanthus,False,True,0.0000,0.0000,False,False
R0 baseline,0.0480,TB,Onoclea_sensibilis_1.jpg,toxic,Onoclea sensibilis,Onoclea,True,-0.101291,Polystichum,False,True,0.0000,0.0000,False,False
R0 baseline,0.0480,TB,Onoclea_sensibilis_2.jpg,toxic,Onoclea sensibilis,Onoclea,True,-0.149358,Polystichum,False,True,0.0000,0.0000,False,False
R0 baseline,0.0480,TB,Helianthus_angustifolius_0.jpg,toxic,Helianthus angustifolius,Helianthus,True,-0.103221,Erechtites,False,True,0.0000,0.0000,False,False
R0 baseline,0.0480,TB,Helianthus_angustifolius_1.jpg,toxic,Helianthus angustifolius,Helianthus,True,-0.207040,Solidago,False,True,0.0000,0.0000,False,False
R0 baseline,0.0480,TB,Helianthus_angustifolius_2.jpg,toxic,Helianthus angustifolius,Helianthus,True,-0.176026,Conoclinium,False,True,0.0000,0.0000,False,False
R0 baseline,0.0480,TB,Monotropa_uniflora_0.jpg,toxic,Monotropa uniflora,Monotropa,True,-0.106072,Chimaphila,False,True,0.0000,0.0000,False,False
R0 baseline,0.0480,TB,Monotropa_uniflora_1.jpg,toxic,Monotropa uniflora,Monotropa,True,-0.238317,Chimaphila,False,True,0.0000,0.0000,False,False
R0 baseline,0.0480,TB,Monotropa_uniflora_2.jpg,toxic,Monotropa uniflora,Monotropa,True,0.015333,Magnolia,False,False,0.0000,0.0000,False,False
R0 baseline,0.0480,TB,Prunus_caroliniana_0.jpg,toxic,Prunus caroliniana,Prunus,True,-0.083561,Magnolia,False,True,0.0000,0.0000,False,False
R0 baseline,0.0480,TB,Prunus_caroliniana_1.jpg,toxic,Prunus caroliniana,Prunus,True,-0.124365,Magnolia,False,True,0.0000,0.0000,False,False
R0 baseline,0.0480,TB,Prunus_caroliniana_2.jpg,toxic,Prunus caroliniana,Prunus,True,-0.125592,Diospyros,False,True,0.0000,0.0000,False,False
R0 baseline,0.0480,TB,Senna_obtusifolia_0.jpg,toxic,Senna obtusifolia,Senna,True,-0.186016,Phyllanthus,False,True,0.0000,0.0000,False,False
R0 baseline,0.0480,TB,Senna_obtusifolia_1.jpg,toxic,Senna obtusifolia,Senna,True,-0.066882,Phyllanthus,False,True,0.0000,0.0000,False,False
R0 baseline,0.0480,TB,Senna_obtusifolia_2.jpg,toxic,Senna obtusifolia,Senna,True,-0.153986,Phyllanthus,False,True,0.0000,0.0000,False,False
R0 baseline,0.0480,TB,Baccharis_halimifolia_0.jpg,toxic,Baccharis halimifolia,Baccharis,True,-0.148598,Quercus,False,True,0.0000,0.0000,False,False
R0 baseline,0.0480,TB,Baccharis_halimifolia_1.jpg,toxic,Baccharis halimifolia,Baccharis,True,-0.081201,Erechtites,False,True,0.0000,0.0000,False,False
R0 baseline,0.0480,TB,Baccharis_halimifolia_2.jpg,toxic,Baccharis halimifolia,Baccharis,True,-0.020971,Rhus,False,True,0.0000,0.0000,False,False
R0 baseline,0.0480,TB,Lobelia_puberula_0.jpg,toxic,Lobelia puberula,Lobelia,True,-0.144733,Conoclinium,False,True,0.0000,0.0000,False,False
R0 baseline,0.0480,TB,Lobelia_puberula_1.jpg,toxic,Lobelia puberula,Lobelia,True,-0.176681,Conoclinium,False,True,0.0000,0.0000,False,False
R0 baseline,0.0480,TB,Lobelia_puberula_2.jpg,toxic,Lobelia puberula,Lobelia,True,-0.231918,Conoclinium,False,True,0.0000,0.0000,False,False
R0 baseline,0.0480,TB,Diodia_virginiana_0.jpg,toxic,Diodia virginiana,Diodia,True,-0.117919,Phyllanthus,False,True,0.0000,0.0000,False,False
R0 baseline,0.0480,TB,Diodia_virginiana_1.jpg,toxic,Diodia virginiana,Diodia,True,-0.226806,Chimaphila,False,True,0.0000,0.0000,False,False
R0 baseline,0.0480,TB,Diodia_virginiana_2.jpg,toxic,Diodia virginiana,Diodia,True,-0.251794,Chimaphila,False,True,0.0000,0.0000,False,False
R0 baseline,0.0480,TB,Ageratina_altissima_0.jpg,toxic,Ageratina altissima,Ageratina,True,-0.089946,Conoclinium,False,True,0.0000,0.0000,False,False
R0 baseline,0.0480,TB,Ageratina_altissima_1.jpg,toxic,Ageratina altissima,Ageratina,True,-0.171935,Callicarpa,False,True,0.0000,0.0000,False,False
R0 baseline,0.0480,TB,Ageratina_altissima_2.jpg,toxic,Ageratina altissima,Ageratina,True,-0.081317,Conoclinium,False,True,0.0000,0.0000,False,False
R0 baseline,0.0480,TB,Pleopeltis_michauxiana_0.jpg,toxic,Pleopeltis michauxiana,Pleopeltis,True,-0.192813,Phyllanthus,False,True,0.0000,0.0000,False,False
R0 baseline,0.0480,TB,Pleopeltis_michauxiana_1.jpg,toxic,Pleopeltis michauxiana,Pleopeltis,True,-0.072279,Magnolia,False,True,0.0000,0.0000,False,False
R0 baseline,0.0480,TB,Pleopeltis_michauxiana_2.jpg,toxic,Pleopeltis michauxiana,Pleopeltis,True,-0.029822,Magnolia,False,True,0.0000,0.0000,False,False
R0 baseline,0.0480,TB,Cephalanthus_occidentalis_0.jpg,toxic,Cephalanthus occidentalis,Cephalanthus,True,-0.181148,Callicarpa,False,True,0.0000,0.0000,False,False
R0 baseline,0.0480,TB,Cephalanthus_occidentalis_1.jpg,toxic,Cephalanthus occidentalis,Cephalanthus,True,-0.057236,Liquidambar,False,True,0.0000,0.0000,False,False
R0 baseline,0.0480,TB,Cephalanthus_occidentalis_2.jpg,toxic,Cephalanthus occidentalis,Cephalanthus,True,-0.214728,Callicarpa,False,True,0.0000,0.0000,False,False
R0 baseline,0.0480,TB,Ipomoea_lacunosa_0.jpg,toxic,Ipomoea lacunosa,Ipomoea,True,-0.278561,Ampelopsis,False,True,0.0000,0.0000,False,False
R0 baseline,0.0480,TB,Ipomoea_lacunosa_1.jpg,toxic,Ipomoea lacunosa,Ipomoea,True,-0.299007,Ampelopsis,False,True,0.0000,0.0000,False,False
R0 baseline,0.0480,TB,Ipomoea_lacunosa_2.jpg,toxic,Ipomoea lacunosa,Ipomoea,True,-0.285984,Ampelopsis,False,True,0.0000,0.0000,False,False
R0 baseline,0.0480,TB,Gonolobus_suberosus_0.jpg,toxic,Gonolobus suberosus,Gonolobus,True,-0.201393,Pueraria,True,True,0.0000,0.0000,False,False
R0 baseline,0.0480,TB,Gonolobus_suberosus_1.jpg,toxic,Gonolobus suberosus,Gonolobus,True,-0.055034,Liriodendron,False,True,0.0000,0.0000,False,False
R0 baseline,0.0480,TB,Gonolobus_suberosus_2.jpg,toxic,Gonolobus suberosus,Gonolobus,True,-0.011565,Cercis,True,True,0.0000,0.0000,False,False
R0 baseline,0.0480,TB,Smallanthus_uvedalia_0.jpg,toxic,Smallanthus uvedalia,Smallanthus,True,-0.157110,Platanus,False,True,0.0000,0.0000,False,False
R0 baseline,0.0480,TB,Smallanthus_uvedalia_1.jpg,toxic,Smallanthus uvedalia,Smallanthus,True,-0.202095,Erechtites,False,True,0.0000,0.0000,False,False
R0 baseline,0.0480,TB,Smallanthus_uvedalia_2.jpg,toxic,Smallanthus uvedalia,Smallanthus,True,-0.251553,Callicarpa,False,True,0.0000,0.0000,False,False
R0 baseline,0.0480,TB,Fallopia_scandens_0.jpg,toxic,Fallopia scandens,Fallopia,True,-0.102456,Rhus,False,True,0.0000,0.0000,False,False
R0 baseline,0.0480,TB,Fallopia_scandens_1.jpg,toxic,Fallopia scandens,Fallopia,True,-0.295733,Ampelopsis,False,True,0.0000,0.0000,False,False
R0 baseline,0.0480,TB,Fallopia_scandens_2.jpg,toxic,Fallopia scandens,Fallopia,True,-0.266798,Ampelopsis,True,True,0.0000,0.0000,False,False
R0 baseline,0.0480,TB,Prunus_serotina_0.jpg,toxic,Prunus serotina,Prunus,True,-0.042564,Diospyros,False,True,0.0000,0.0000,False,False
R0 baseline,0.0480,TB,Prunus_serotina_1.jpg,toxic,Prunus serotina,Prunus,True,-0.001892,Quercus,False,True,0.0000,0.0000,False,False
R0 baseline,0.0480,TB,Prunus_serotina_2.jpg,toxic,Prunus serotina,Prunus,True,-0.016584,Quercus,False,True,0.0000,0.0000,False,False
R0 baseline,0.0480,TB,Helenium_amarum_0.jpg,toxic,Helenium amarum,Helenium,True,-0.269448,Conoclinium,False,True,0.0000,0.0000,False,False
R0 baseline,0.0480,TB,Helenium_amarum_1.jpg,toxic,Helenium amarum,Helenium,True,-0.287310,Conoclinium,False,True,0.0000,0.0000,False,False
R0 baseline,0.0480,TB,Helenium_amarum_2.jpg,toxic,Helenium amarum,Helenium,True,-0.235757,Solidago,False,True,0.0000,0.0000,False,False
R0 baseline,0.0480,TB,Trichostema_dichotomum_0.jpg,toxic,Trichostema dichotomum,Trichostema,True,-0.069123,Erechtites,False,True,0.0000,0.0000,False,False
R0 baseline,0.0480,TB,Trichostema_dichotomum_1.jpg,toxic,Trichostema dichotomum,Trichostema,True,-0.214611,Conoclinium,False,True,0.0000,0.0000,False,False
R0 baseline,0.0480,TB,Trichostema_dichotomum_2.jpg,toxic,Trichostema dichotomum,Trichostema,True,-0.170667,Conoclinium,False,True,0.0000,0.0000,False,False
R0 baseline,0.0480,TB,Solanum_emulans_0.jpg,toxic,Solanum emulans,Solanum,True,-0.196278,Conoclinium,True,True,0.0000,0.0000,False,False
R0 baseline,0.0480,TB,Solanum_emulans_1.jpg,toxic,Solanum emulans,Solanum,True,-0.138693,Phyllanthus,False,True,0.0000,0.0000,False,False
R0 baseline,0.0480,TB,Solanum_emulans_2.jpg,toxic,Solanum emulans,Solanum,True,-0.228293,Vitis,True,True,0.0000,0.0000,False,False
R0 baseline,0.0480,TB,Conocephalum_salebrosum_0.jpg,toxic,Conocephalum salebrosum,Conocephalum,True,-0.294672,Platanus,False,True,0.0000,0.0000,False,False
R0 baseline,0.0480,TB,Conocephalum_salebrosum_1.jpg,toxic,Conocephalum salebrosum,Conocephalum,True,-0.283435,Platanus,False,True,0.0000,0.0000,False,False
R0 baseline,0.0480,TB,Conocephalum_salebrosum_2.jpg,toxic,Conocephalum salebrosum,Conocephalum,True,-0.274794,Platanus,False,True,0.0000,0.0000,False,False
R0 baseline,0.0480,TB,Woodwardia_areolata_0.jpg,toxic,Woodwardia areolata,Woodwardia,True,-0.094620,Polystichum,False,True,0.0000,0.0000,False,False
R0 baseline,0.0480,TB,Woodwardia_areolata_1.jpg,toxic,Woodwardia areolata,Woodwardia,True,-0.060558,Phyllanthus,False,True,0.0000,0.0000,False,False
R0 baseline,0.0480,TB,Woodwardia_areolata_2.jpg,toxic,Woodwardia areolata,Woodwardia,True,-0.049811,Ampelopsis,False,True,0.0000,0.0000,False,False
R0 baseline,0.0480,TB,Collinsonia_canadensis_0.jpg,toxic,Collinsonia canadensis,Collinsonia,True,-0.152152,Erechtites,False,True,0.0000,0.0000,False,False
R0 baseline,0.0480,TB,Collinsonia_canadensis_1.jpg,toxic,Collinsonia canadensis,Collinsonia,True,-0.043551,Callicarpa,False,True,0.0000,0.0000,False,False
R0 baseline,0.0480,TB,Collinsonia_canadensis_2.jpg,toxic,Collinsonia canadensis,Collinsonia,True,-0.069287,Albizia,False,True,0.0000,0.0000,False,False
R0 baseline,0.0480,TB,Mazus_pumilus_0.jpg,toxic,Mazus pumilus,Mazus,True,-0.147962,Pueraria,False,True,0.0000,0.0000,False,False
R0 baseline,0.0480,TB,Mazus_pumilus_1.jpg,toxic,Mazus pumilus,Mazus,True,-0.253196,Phyllanthus,False,True,0.0000,0.0000,False,False
R0 baseline,0.0480,TB,Mazus_pumilus_2.jpg,toxic,Mazus pumilus,Mazus,True,-0.083299,Cercis,False,True,0.0000,0.0000,False,False
R0 baseline,0.0480,TB,Hexastylis_arifolia_0.jpg,toxic,Hexastylis arifolia,Hexastylis,True,-0.132089,Vitis,False,True,0.0000,0.0000,False,False
R0 baseline,0.0480,TB,Hexastylis_arifolia_1.jpg,toxic,Hexastylis arifolia,Hexastylis,True,-0.195845,Tipularia,False,True,0.0000,0.0000,False,False
R0 baseline,0.0480,TB,Hexastylis_arifolia_2.jpg,toxic,Hexastylis arifolia,Hexastylis,True,-0.154559,Tipularia,False,True,0.0000,0.0000,False,False
R0 baseline,0.0480,TB,Anomodon_attenuatus_0.jpg,toxic,Anomodon attenuatus,Anomodon,True,-0.144544,Polystichum,False,True,0.0000,0.0000,False,False
R0 baseline,0.0480,TB,Anomodon_attenuatus_1.jpg,toxic,Anomodon attenuatus,Anomodon,True,-0.132863,Phyllanthus,False,True,0.0000,0.0000,False,False
R0 baseline,0.0480,TB,Anomodon_attenuatus_2.jpg,toxic,Anomodon attenuatus,Anomodon,True,-0.255726,Polystichum,False,True,0.0000,0.0000,False,False
R0 baseline,0.0480,TB,Endodeca_serpentaria_0.jpg,toxic,Endodeca serpentaria,Endodeca,True,-0.156116,Vitis,False,True,0.0000,0.0000,False,False
R0 baseline,0.0480,TB,Endodeca_serpentaria_1.jpg,toxic,Endodeca serpentaria,Endodeca,True,-0.178715,Tipularia,False,True,0.0000,0.0000,False,False
R0 baseline,0.0480,TB,Endodeca_serpentaria_2.jpg,toxic,Endodeca serpentaria,Endodeca,True,-0.185017,Phyllanthus,False,True,0.0000,0.0000,False,False
R0 baseline,0.0480,S51,target_Conoclinium_coelestinum_402497442.jpg,target,Conoclinium coelestinum,Conoclinium,False,-0.024089,Conoclinium,False,True,0.0000,0.0000,False,False
R0 baseline,0.0480,S51,target_Callicarpa_americana_398710393.jpg,target,Callicarpa americana,Callicarpa,False,0.206871,Callicarpa,False,True,1.0000,0.0000,False,False
R0 baseline,0.0480,S51,target_Liquidambar_styraciflua_403739349.jpg,target,Liquidambar styraciflua,Liquidambar,False,0.071042,Liquidambar,True,True,0.0000,0.0000,False,False
R0 baseline,0.0480,S51,target_Magnolia_grandiflora_389072742.jpg,target,Magnolia grandiflora,Magnolia,False,0.089654,Magnolia,False,True,1.0000,0.0000,False,False
R0 baseline,0.0480,S51,target_Liriodendron_tulipifera_405264462.jpg,target,Liriodendron tulipifera,Liriodendron,False,-0.062966,Magnolia,False,True,0.0000,0.0000,False,False
R0 baseline,0.0480,S51,target_Polystichum_acrostichoides_405276217.jpg,target,Polystichum acrostichoides,Polystichum,False,0.092736,Polystichum,False,True,1.0000,0.0000,False,False
R0 baseline,0.0480,S51,target_Fagus_grandifolia_404794246.jpg,target,Fagus grandifolia,Fagus,False,0.093087,Fagus,False,True,1.0000,0.0000,False,False
R0 baseline,0.0480,S51,target_Erechtites_hieraciifolius_405066909.jpg,target,Erechtites hieraciifolius,Erechtites,False,0.017624,Erechtites,False,True,0.0000,0.0000,False,False
R0 baseline,0.0480,S51,target_Erechtites_hieraciifolius_404919483.jpg,target,Erechtites hieraciifolius,Erechtites,False,0.001772,Erechtites,False,True,0.0000,0.0000,False,False
R0 baseline,0.0480,S51,target_Ampelopsis_glandulosa_404850238.jpg,target,Ampelopsis glandulosa,Ampelopsis,False,0.065545,Ampelopsis,False,True,1.0000,0.0000,False,False
R0 baseline,0.0480,S51,target_Ampelopsis_glandulosa_404581096.jpg,target,Ampelopsis glandulosa,Ampelopsis,False,0.007607,Ampelopsis,False,True,0.0000,0.0000,False,False
R0 baseline,0.0480,S51,target_Diospyros_virginiana_402279427.jpg,target,Diospyros virginiana,Diospyros,False,0.008170,Cercis,False,False,0.0000,0.0000,False,False
R0 baseline,0.0480,S51,target_Diospyros_virginiana_400803551.jpg,target,Diospyros virginiana,Diospyros,False,-0.077818,Diospyros,False,True,0.0000,0.0000,False,False
R0 baseline,0.0480,S51,target_Platanus_occidentalis_404972710.jpg,target,Platanus occidentalis,Platanus,False,0.052709,Platanus,False,True,1.0000,0.0000,False,False
R0 baseline,0.0480,S51,target_Platanus_occidentalis_404834946.jpg,target,Platanus occidentalis,Platanus,False,0.022690,Platanus,False,True,0.0000,0.0000,False,False
R0 baseline,0.0480,S51,target_Vitis_rotundifolia_402234219.jpg,target,Vitis rotundifolia,Vitis,False,-0.013414,Magnolia,False,True,0.0000,0.0000,False,False
R0 baseline,0.0480,S51,target_Vitis_rotundifolia_401273832.jpg,target,Vitis rotundifolia,Vitis,False,0.198761,Vitis,False,True,1.0000,0.0000,False,False
R0 baseline,0.0480,S51,target_Pueraria_montana_403875690.jpg,target,Pueraria montana,Pueraria,False,0.113849,Pueraria,False,True,1.0000,0.0000,False,False
R0 baseline,0.0480,S51,target_Pueraria_montana_400615536.jpg,target,Pueraria montana,Pueraria,False,-0.169683,Pueraria,False,True,0.0000,0.0000,False,False
R0 baseline,0.0480,S51,target_Cercis_canadensis_402371869.jpg,target,Cercis canadensis,Cercis,False,0.016722,Cercis,True,True,0.0000,0.0000,False,False
R0 baseline,0.0480,S51,target_Cercis_canadensis_402097331.jpg,target,Cercis canadensis,Cercis,False,0.207898,Cercis,False,True,1.0000,0.0000,False,False
R0 baseline,0.0480,S51,target_Quercus_nigra_396037990.jpg,target,Quercus nigra,Quercus,False,0.092428,Quercus,False,True,1.0000,0.0000,False,False
R0 baseline,0.0480,S51,target_Albizia_julibrissin_399602191.jpg,target,Albizia julibrissin,Albizia,False,-0.075574,Albizia,False,True,0.0000,0.0000,False,False
R0 baseline,0.0480,S51,target_Chimaphila_maculata_405056544.jpg,target,Chimaphila maculata,Chimaphila,False,0.191146,Chimaphila,False,True,1.0000,0.0000,False,False
R0 baseline,0.0480,S51,target_Rhus_copallinum_405335103.jpg,target,Rhus copallinum,Rhus,False,0.042366,Rhus,True,True,0.0000,0.0000,False,False
R0 baseline,0.0480,S51,target_Ilex_cornuta_354883834.jpg,target,Ilex cornuta,Ilex,False,0.084400,Ilex,False,True,1.0000,0.0000,False,False
R0 baseline,0.0480,S51,target_Solidago_altissima_403424772.jpg,target,Solidago altissima,Solidago,False,0.150668,Solidago,False,True,1.0000,0.0000,False,False
R0 baseline,0.0480,S51,target_Sassafras_albidum_405954859.jpg,target,Sassafras albidum,Sassafras,False,-0.080779,Pueraria,False,True,0.0000,0.0000,False,False
R0 baseline,0.0480,S51,target_Tipularia_discolor_394266269.jpg,target,Tipularia discolor,Tipularia,False,0.177728,Tipularia,False,True,1.0000,0.0000,False,False
R0 baseline,0.0480,S51,target_Phyllanthus_urinaria_389375799.jpg,target,Phyllanthus urinaria,Phyllanthus,False,0.148623,Phyllanthus,False,True,1.0000,0.0000,False,False
R0 baseline,0.0480,S51,toxic_Phytolacca_americana_406342093.jpg,toxic,Phytolacca americana,Phytolacca,True,-0.181562,Ampelopsis,True,True,0.0000,0.0000,False,False
R0 baseline,0.0480,S51,toxic_Toxicodendron_radicans_406081708.jpg,toxic,Toxicodendron radicans,Toxicodendron,True,-0.187523,Vitis,True,True,0.0000,0.0000,False,False
R0 baseline,0.0480,S51,toxic_Solanum_carolinense_405261312.jpg,toxic,Solanum carolinense,Solanum,True,-0.270680,Conoclinium,True,True,0.0000,0.0000,False,False
R0 baseline,0.0480,S51,toxic_Persicaria_longiseta_406218602.jpg,toxic,Persicaria longiseta,Persicaria,True,-0.264778,Phyllanthus,False,True,0.0000,0.0000,False,False
R0 baseline,0.0480,S51,toxic_Eupatorium_capillifolium_402327244.jpg,toxic,Eupatorium capillifolium,Eupatorium,True,-0.108968,Phyllanthus,False,True,0.0000,0.0000,False,False
R0 baseline,0.0480,S51,toxic_Euonymus_americanus_405073628.jpg,toxic,Euonymus americanus,Euonymus,True,-0.169280,Chimaphila,False,True,0.0000,0.0000,False,False
R0 baseline,0.0480,S51,toxic_Lonicera_maackii_406226268.jpg,toxic,Lonicera maackii,Lonicera,True,-0.175676,Callicarpa,False,True,0.0000,0.0000,False,False
R0 baseline,0.0480,S51,toxic_Eupatorium_serotinum_404623579.jpg,toxic,Eupatorium serotinum,Eupatorium,True,-0.127774,Erechtites,False,True,0.0000,0.0000,False,False
R0 baseline,0.0480,S51,toxic_Ligustrum_sinense_395276789.jpg,toxic,Ligustrum sinense,Ligustrum,True,-0.165420,Callicarpa,False,True,0.0000,0.0000,False,False
R0 baseline,0.0480,S51,toxic_Hexastylis_arifolia_396808078.jpg,toxic,Hexastylis arifolia,Hexastylis,True,-0.169785,Tipularia,False,True,0.0000,0.0000,False,False
R0 baseline,0.0480,S51,toxic_Hedera_helix_406160784.jpg,toxic,Hedera helix,Hedera,True,-0.242838,Ampelopsis,False,True,0.0000,0.0000,False,False
R0 baseline,0.0480,S51,toxic_Parthenocissus_quinquefolia_406476317.jpg,toxic,Parthenocissus quinquefolia,Parthenocissus,True,-0.263096,Ampelopsis,True,True,0.0000,0.0000,False,False
R0 baseline,0.0480,S51,toxic_Acer_negundo_404938271.jpg,toxic,Acer negundo,Acer,True,-0.061306,Pueraria,False,True,0.0000,0.0000,False,False
R0 baseline,0.0480,S51,toxic_Cornus_florida_399165586.jpg,toxic,Cornus florida,Cornus,True,-0.149045,Callicarpa,False,True,0.0000,0.0000,False,False
R0 baseline,0.0480,S51,toxic_Nandina_domestica_399938263.jpg,toxic,Nandina domestica,Nandina,True,-0.229526,Rhus,False,True,0.0000,0.0000,False,False
R0 baseline,0.0480,S51,non_plant_Laptop_computer_monitor__Unsplash_.jpg,non_plant,computer monitor,computer,False,-0.048456,Solidago,False,False,0.0000,0.0000,False,False
R0 baseline,0.0480,S51,non_plant_Old_dirty_working_computer__Unsplash_.jpg,non_plant,computer monitor,computer,False,-0.049360,Solidago,False,False,0.0000,0.0000,False,False
R0 baseline,0.0480,S51,non_plant_Statistics_on_a_laptop__Unsplash_.jpg,non_plant,laptop screen,laptop,False,-0.060439,Cercis,False,False,0.0000,0.0000,False,False
R0 baseline,0.0480,S51,non_plant_Online_store_on_a_screen__Unsplash_.jpg,non_plant,laptop screen,laptop,False,-0.023124,Cercis,False,False,0.0000,0.0000,False,False
R0 baseline,0.0480,S51,non_plant_Man_with_smartphone_and_laptop__Unsplash_.jpg,non_plant,smartphone,smartphone,False,-0.052447,Cercis,False,False,0.0000,0.0000,False,False
R0 baseline,0.0480,S51,non_plant_Nordic_walker_with_smartphone__Unsplash_.jpg,non_plant,smartphone,smartphone,False,-0.063026,Cercis,False,False,0.0000,0.0000,False,False
R0 baseline,0.0480,S51,non_plant_Vintage_television__Unsplash_.jpg,non_plant,television,television,False,-0.101175,Phyllanthus,False,False,0.0000,0.0000,False,False
R0 baseline,0.0480,S51,non_plant_Woman_Sketch_Man_Portrait__Unsplash_.jpg,non_plant,woman portrait,woman,False,-0.054627,Platanus,False,False,0.0000,0.0000,False,False
R0 baseline,0.0480,S51,non_plant_Portrait_of_elderly_woman__Unsplash_.jpg,non_plant,woman portrait,woman,False,-0.040542,Cercis,False,False,0.0000,0.0000,False,False
R0 baseline,0.0480,S51,non_plant_Gray-haired_man_portrait__Unsplash_.jpg,non_plant,man portrait,man,False,-0.021170,Albizia,False,False,0.0000,0.0000,False,False
R0 baseline,0.0480,S51,non_plant_Portrait_of_a_man__Unsplash_.jpg,non_plant,man portrait,man,False,-0.040996,Albizia,False,False,0.0000,0.0000,False,False
R0 baseline,0.0480,S51,non_plant_Happy_Child__Unsplash_.jpg,non_plant,child,child,False,-0.038150,Albizia,False,False,0.0000,0.0000,False,False
R0 baseline,0.0480,S51,non_plant_People_crossing_street__Unsplash_.jpg,non_plant,people street,people,False,-0.084907,Phyllanthus,False,False,0.0000,0.0000,False,False
R0 baseline,0.0480,S51,non_plant_People_walking_across_urban_street__Unsplash_.jpg,non_plant,people street,people,False,-0.041878,Pueraria,False,False,0.0000,0.0000,False,False
R0 baseline,0.0480,S51,non_plant_Confetti_on_asphalt__Unsplash_.jpg,non_plant,asphalt,asphalt,False,-0.052325,Phyllanthus,False,False,0.0000,0.0000,False,False
R0 baseline,0.0480,S51,non_plant_Glasses_on_asphalt__Unsplash_.jpg,non_plant,asphalt,asphalt,False,-0.125383,Phyllanthus,False,False,0.0000,0.0000,False,False
R0 baseline,0.0480,S51,non_plant_Crosswalk__Unsplash_cjgDWi-yIxE_.jpg,non_plant,crosswalk,crosswalk,False,0.017616,Cercis,False,False,0.0000,0.0000,False,False
R0 baseline,0.0480,S51,non_plant_Industrial_Parking_Lot__Unsplash_.jpg,non_plant,parking lot,parking,False,-0.107317,Phyllanthus,False,False,0.0000,0.0000,False,False
R0 baseline,0.0480,S51,non_plant_Labrador_urban_sidewalk__Unsplash_.jpg,non_plant,sidewalk,sidewalk,False,-0.034395,Magnolia,False,False,0.0000,0.0000,False,False
R0 baseline,0.0480,S51,non_plant_Mong_Kok_city_sidewalk__Unsplash_.jpg,non_plant,sidewalk,sidewalk,False,-0.110703,Albizia,False,False,0.0000,0.0000,False,False
R0 baseline,0.0480,S51,non_plant_Houston_sneakers__Unsplash_.jpg,non_plant,sneakers,sneakers,False,-0.040547,Phyllanthus,False,False,0.0000,0.0000,False,False
R0 baseline,0.0480,S51,non_plant_Sheep_dog_and_fence_Lipoglav__Unsplash_.jpg,non_plant,dog,dog,False,-0.064966,Phyllanthus,False,False,0.0000,0.0000,False,False
R0 baseline,0.0480,S51,non_plant_Wedding_car__Unsplash_.jpg,non_plant,car,car,False,-0.039663,Pueraria,False,False,0.0000,0.0000,False,False
R0 baseline,0.0480,S51,non_plant_Hell_s_Kitchen__Unsplash_.jpg,non_plant,kitchen,kitchen,False,-0.048474,Phyllanthus,False,False,0.0000,0.0000,False,False
R0 baseline,0.0480,S51,non_plant_Abstract_spiral_pattern__Unsplash_.jpg,non_plant,building,building,False,-0.086858,Albizia,False,False,0.0000,0.0000,False,False
R0 baseline,0.0480,S51,non_plant_White_bicycle__Unsplash_.jpg,non_plant,bicycle,bicycle,False,-0.083094,Solidago,False,False,0.0000,0.0000,False,False
R0 baseline,0.0480,S51,non_plant_Living_room__Unsplash_.jpg,non_plant,living room,living,False,-0.057202,Albizia,False,False,0.0000,0.0000,False,False
