t_ns,sensor_ns,gap_ms,frame_w,frame_h,rotation,verdict,streak,reticle_share,full_share,reticle_hazard_rank,full_hazard_rank,goal_score,goal_rank,af_state,diopters,zoom,focus_matched,crop_ms,resize_ms,gate_ms,bioclip_ms,hazard_ms,goal_ms,verify_ms,frame_ms
164119005332169,164118919025069,,886,1920,90,not_plant,0,0.1498992357195583,0.1498992357195583,,,,,1,-1.0,1.0,true,42.902031,164.90974,181.479791,0.002448,0.009896,4.69E-4,389.367448,390.036927
164119400163887,164119320113402,394.831718,886,1920,90,not_plant,0,0.09849926111812426,0.07059305804297633,,,,,1,3.0674849,1.0,true,10.286354,22.065105,64.677239,0.002292,0.00651,6.25E-4,97.052396,97.084948
164119629130502,164119554081736,228.966615,886,1920,90,not_plant,0,0.05122848790650154,0.10550241611294467,,,,,2,2.1645021,1.0,true,13.086719,29.566041,60.239167,0.002708,0.006719,4.17E-4,102.919791,102.957291
164119869171752,164119788050069,240.04125,886,1920,90,not_plant,0,0.08060351008179124,0.37099488469004954,,,,,2,2.1141648,1.0,true,14.426302,21.888072,61.296303,0.002291,0.007448,4.69E-4,97.641302,97.683906
164120103004825,164120022018194,233.833073,886,1920,90,not_plant,0,0.1405058453461188,0.13799627344909038,,,,,2,1.9417475,1.0,true,13.851615,18.250208,127.914531,0.00323,0.008437,5.73E-4,160.037188,160.079166
164120328746595,164120255986527,225.74177,886,1920,90,not_plant,0,0.19377792528148316,0.15256470516004533,,,,,2,1.9417475,1.0,true,9.63427,17.190261,56.924114,0.00224,0.00724,5.2E-4,83.768697,83.801771
164120543226543,164120456258486,214.479948,886,1920,90,not_plant,0,0.43894044541815824,0.2973275568729978,,,,,2,1.9417475,1.0,true,15.799583,12.080208,58.620261,0.002291,0.008073,0.015261,86.540989,86.585677
164120748939824,164120664817861,205.713281,886,1920,90,not_plant,0,0.313909512962054,0.2729427237730214,,,,,2,2.3584905,1.0,true,14.392187,13.718594,61.547135,0.002396,0.005469,5.73E-4,89.683385,89.735469
164120963262481,164120873377028,214.322657,886,1920,90,not_plant,0,0.3333685618822602,0.20629652813393135,,,,,2,2.5839794,1.0,true,14.508281,12.205052,57.262396,0.002552,0.004792,5.2E-4,84.003854,84.043593
164121166652793,164121081936403,203.390312,886,1920,90,not_plant,0,0.11690681461296618,0.15172385704971827,,,,,2,2.65252,1.0,true,15.382761,14.266145,60.750417,0.003125,0.005729,6.25E-4,90.431198,90.474427
164121380601595,164121290495569,213.948802,886,1920,90,not_plant,0,0.19283032019237112,0.19162909395370045,,,,,2,2.7027028,1.0,true,14.795261,12.022656,60.738177,0.003073,0.005,4.69E-4,87.573386,87.667031
164121582261803,164121499054944,201.660208,886,1920,90,not_plant,0,0.2346630685087497,0.17485151638583385,,,,,2,2.7027028,1.0,true,14.461198,24.691145,57.585261,0.002864,0.005052,4.69E-4,96.757708,96.801406
164121798057064,164121707614111,215.795261,886,1920,90,not_plant,0,0.13364130324186627,0.16617046388745232,,,,,2,2.7027028,1.0,true,12.13526,12.285365,57.400729,0.00224,0.005104,4.68E-4,81.840677,81.888124
164122000101803,164121916173486,202.044739,886,1920,90,not_plant,0,0.1853655533894099,0.17693663712060637,,,,,2,2.7027028,1.0,true,10.914114,13.632292,70.047916,0.002917,0.005261,5.2E-4,94.619218,94.663385
164122204893157,164122124732653,204.791354,886,1920,90,not_plant,0,0.20635648706633336,0.15772427196444408,,,,,2,2.7027028,1.0,true,11.017656,9.544479,85.40776,0.003229,0.005365,5.73E-4,105.999947,106.068073
164122419193209,164122333292028,214.300052,886,1920,90,not_plant,0,0.1651753959876889,0.19501775446545613,,,,,2,2.7027028,1.0,true,23.016979,18.431042,102.904218,0.002865,0.007865,5.2E-4,144.381562,144.424375
164122632548730,164122541851194,213.355521,886,1920,90,not_plant,0,0.36655388697834906,0.36896794042505904,,,,,2,2.7027028,1.0,true,13.317083,11.446667,57.44599,0.002708,0.004844,4.16E-4,82.2375,82.281667
164122839676230,164122750410569,207.1275,886,1920,90,not_plant,0,0.20726495376700815,0.23417165460600609,,,,,2,2.7027028,1.0,true,15.806406,15.63625,58.14099,0.002708,0.007084,4.68E-4,89.603021,89.654166
164123043391803,164122958969944,203.715573,886,1920,90,not_plant,0,0.16980113979050593,0.16595550302591586,,,,,2,2.5316455,1.0,true,12.022916,13.671198,155.804219,0.002812,0.004636,4.16E-4,181.516822,181.552968
164123247218365,164123167801319,203.826562,886,1920,90,not_plant,0,0.15238458904803892,0.23730923608042037,,,,,2,2.754821,1.0,true,10.562084,24.858854,114.959218,0.003386,0.0075,3.64E-4,150.404584,150.439583
164123461098157,164123368345486,213.879792,886,1920,90,not_plant,0,0.1314591945555887,0.09413109853818695,,,,,2,2.631579,1.0,true,31.206198,60.936407,278.277343,0.003438,0.007448,4.68E-4,370.4525,370.531718
164123846759875,164123502041736,385.661718,886,1920,90,not_plant,0,0.18521941296494468,0.0633225683266769,,,,,2,2.0408163,1.0,true,16.699532,39.329947,166.822813,0.003125,0.005677,5.73E-4,222.893177,222.943281
164196032316671,164195971554276,72185.556796,886,1920,90,not_plant,0,0.02268144237887392,0.03136018402488,,,,,1,-1.0,1.0,true,8.234532,12.048593,71.480104,0.002917,0.006771,3.65E-4,91.791042,91.822395
164196235660941,164196171469068,203.34427,886,1920,90,not_plant,0,0.025102799861221214,0.03319001083187137,,,,,1,-1.0,1.0,true,8.456198,9.536146,64.136302,0.002448,0.006718,3.65E-4,82.156198,82.191667
164196467799535,164196404703026,232.138594,886,1920,90,not_plant,0,0.027407145185696258,0.022312230993423606,,,,,1,2.0920503,1.0,true,9.511354,14.281563,92.589219,0.002239,0.004167,3.64E-4,116.397865,116.430573
164196695518650,164196637936984,227.719115,886,1920,90,not_plant,0,0.05210669409362551,0.04695320989118949,,,,,2,2.016129,1.0,true,11.654532,10.587812,55.811719,0.00276,0.008698,4.69E-4,78.078907,78.122604
164196909523754,164196837851568,214.005104,886,1920,90,not_plant,0,0.05632553366104481,0.03904882942783341,,,,,2,1.8450184,1.0,true,12.312657,14.214531,57.366354,0.002292,0.006666,3.65E-4,83.916667,83.960989
164197140570941,164197071085526,231.047187,886,1920,90,not_plant,0,0.143294934171312,0.0852150973864387,,,,,2,1.3003901,1.0,true,11.766146,10.30099,56.587343,0.002448,0.00448,4.16E-4,78.679896,78.720156
164197364278597,164197304319484,223.707656,886,1920,90,not_plant,0,0.21965060917642446,0.11677660163236904,,,,,2,1.3003901,1.0,true,18.769583,8.719323,57.316406,0.002344,0.004167,3.64E-4,84.819375,84.859219
164197573875264,164197504234276,209.596667,886,1920,90,not_plant,0,0.2610227735612211,0.13310990109265,,,,,2,1.3003901,1.0,true,17.194843,15.983698,55.389948,0.002084,0.004843,5.21E-4,88.585989,88.667969
164197802606410,164197737468026,228.731146,886,1920,90,not_plant,0,0.13101290004676533,0.06385998649981509,,,,,2,1.3003901,1.0,true,9.632396,11.090208,57.755729,0.00276,0.004271,3.65E-4,78.498489,78.54151
164198027856982,164197970701984,225.250572,886,1920,90,not_plant,0,0.022057101660115982,0.038041464159728006,,,,,2,0.97751707,1.0,true,10.648646,16.649479,63.829219,0.003281,0.004948,3.65E-4,91.152292,91.208125
164198230620889,164198170616776,202.763907,886,1920,90,not_plant,0,0.030765200094903578,0.03164345311800044,,,,,2,0.97751707,1.0,true,10.814635,15.265052,60.384792,0.00276,0.01099,4.69E-4,86.496562,86.532343
164198436571826,164198370531568,205.950937,886,1920,90,not_plant,0,0.007526965674418784,0.044083148794751774,,,,,2,0.92678404,1.0,true,12.422604,13.333125,69.331042,0.003021,0.004218,4.69E-4,95.101875,95.144427
164198671513076,164198603765318,234.94125,886,1920,90,not_plant,0,0.007744940038814531,0.04310164639803885,,,,,2,0.77760494,1.0,true,14.409843,16.16073,61.352083,0.002396,0.004896,4.68E-4,91.942448,92.017344
164198875675680,164198803680109,204.162604,886,1920,90,not_plant,0,0.012556289964680584,0.031007970782693284,,,,,2,0.77760494,1.0,true,12.72823,16.45526,64.789844,0.003073,0.005625,5.21E-4,93.998282,94.048854
164199097772399,164199036914068,222.096719,886,1920,90,not_plant,0,0.017277594792848936,0.03963924030154906,,,,,2,0.77760494,1.0,true,10.415521,12.972083,79.919427,0.003282,0.006041,5.21E-4,103.337448,103.37526
164199327637815,164199270148026,229.865416,886,1920,90,not_plant,0,0.02841565109374898,0.054014206030310936,,,,,2,0.77760494,1.0,true,11.648646,14.028072,61.91625,0.0025,0.007032,4.16E-4,87.62125,87.660261
164199531856982,164199470062609,204.219167,886,1920,90,not_plant,0,0.02754002997747127,0.0656120354833314,,,,,2,0.77760494,1.0,true,13.070781,15.104688,127.800208,0.010781,0.026354,0.003698,156.06,156.115677
164199736359638,164199669977401,204.502656,886,1920,90,not_plant,0,0.013472120914727598,0.0663660803701183,,,,,2,0.77760494,1.0,true,14.377969,16.645833,85.180625,0.003438,0.009271,5.2E-4,116.231667,116.301667
164199942335888,164199869892193,205.97625,886,1920,90,not_plant,0,0.021684910039740147,0.054327696418943,,,,,2,0.77760494,1.0,true,8.783385,16.745937,94.672292,0.011198,0.020729,0.004011,120.335468,120.396667
164200182730627,164200103126151,240.394739,886,1920,90,not_plant,0,0.035898683186866016,0.04748299712893241,,,,,2,0.77760494,1.0,true,9.442084,15.903333,107.386094,0.003125,0.005364,5.21E-4,132.760938,132.803959
164200402199117,164200336360109,219.46849,886,1920,90,not_plant,0,0.1657118474276602,0.05543708024469422,,,,,2,0.77760494,1.0,true,11.341041,16.18323,90.486927,0.002968,0.005261,4.68E-4,118.044218,118.112344
164200635444013,164200569593859,233.244896,886,1920,90,not_plant,0,0.47758606070933307,0.16805637513786972,,,,,2,0.77760494,1.0,true,15.866406,28.028854,95.419479,0.002709,0.004843,4.69E-4,139.331198,139.373072
164200871742658,164200802827818,236.298645,886,1920,90,not_plant,0,0.41651256918693136,0.4694232821505885,,,,,2,0.20132877,1.0,true,16.004687,17.836875,73.796094,0.002864,0.023125,5.21E-4,107.679062,107.746459
164201092210731,164201036061776,220.468073,886,1920,90,walk_closer,0,0.7146964632159053,0.7907443623866269,230,303,0.40823866702254463,1,2,0.20132877,1.0,true,18.713125,14.198959,74.927552,192.593802,35.901562,0.102552,336.459583,336.513333
164201430980939,164201335933859,338.770208,886,1920,90,walk_closer,0,0.580924636881762,0.44836167561265816,1386,,0.37001522037360246,2,2,0.20132877,1.0,true,12.511094,15.714791,82.755469,63.6575,11.128594,0.016771,185.818229,185.855625
164201637502137,164201569167818,206.521198,886,1920,90,walk_closer,0,0.9719769136826147,0.8942500549462798,1036,335,0.4883384488761635,1,2,0.20132877,1.0,true,12.052865,13.941354,95.678646,121.270885,16.561667,0.013229,259.547656,259.589896
164201899434950,164201802401568,261.932813,886,1920,90,walk_closer,0,0.6532383518015307,0.7679594001592009,2039,2150,0.3925552446314029,3,2,0.20132877,1.0,true,9.372291,17.516875,84.109896,91.13724,20.282395,0.014427,222.45151,222.483333
164202124359793,164202035635526,224.924843,886,1920,90,walk_closer,0,0.9386482110281109,0.736872048618488,1564,778,0.4668894828083978,2,2,0.20132877,1.0,true,9.860781,19.811823,59.966094,84.540468,16.05375,0.014636,190.270937,190.311198
164202344231668,164202268869484,219.871875,886,1920,90,walk_closer,0,0.500518370257175,0.7302770277708608,808,998,0.3801799490520068,3,2,0.20132877,1.0,true,18.223907,19.219427,75.512395,84.964375,15.347761,0.013958,213.302552,213.360365
164202561630262,164202468784068,217.398594,886,1920,90,not_plant,0,0.29059380463208023,0.7120255011534107,,703,,,2,0.20132877,1.0,true,8.451979,18.728854,60.013489,51.791146,9.480625,0.008698,148.579687,148.604166
164202770796199,164202702018026,209.165937,886,1920,90,walk_closer,0,0.8978659828828812,0.8833273306181418,851,78,0.48431654323034934,1,2,0.20132877,1.0,true,24.742865,14.45875,63.608541,83.446667,14.797083,0.01573,201.088073,201.166875
164202974114585,164202901932818,203.318386,886,1920,90,walk_closer,0,0.898920150361795,0.8588092015730608,1075,171,0.5051420196504637,1,2,0.20132877,1.0,true,8.396406,16.316042,62.674322,83.751459,13.310156,0.012917,184.478281,184.508489
164203200389376,164203135166776,226.274791,886,1920,90,walk_closer,0,0.9256267225282343,0.8728993365146673,1624,203,0.4625875316440613,1,2,0.20132877,1.0,true,25.414323,19.186302,56.379063,84.079479,13.464688,0.017968,198.571511,198.650365
164203401338022,164203335081568,200.948646,886,1920,90,not_plant,0,0.4171656502175317,0.7130940305893249,,793,,,2,0.20132877,1.0,true,15.493698,13.059427,57.403333,41.553021,6.493073,0.001042,134.026771,134.054271
164203607990834,164203534996151,206.652812,886,1920,90,walk_closer,0,0.8749061534577346,0.8350635515063315,644,504,0.4871011488328669,1,2,0.20132877,1.0,true,19.729167,18.350677,61.546614,83.253334,13.682812,0.0175,196.618021,196.694532
164203832849116,164203768230109,224.858282,886,1920,90,not_plant,0,0.47865229860062436,0.6051637306252956,,389,,,2,0.20132877,1.0,true,23.166666,16.18724,61.822969,43.768177,6.160677,8.85E-4,151.122552,151.178125
164204066262501,164204001464068,233.413385,886,1920,90,walk_closer,0,0.9193606027898731,0.7713246793220389,456,454,0.4604143943035084,1,2,0.20132877,1.0,true,27.525261,13.196354,55.144166,87.861459,11.759635,0.012865,195.517083,195.589166
164204266578699,164204201378859,200.316198,886,1920,90,walk_closer,0,0.9182996917222999,0.7662371459179204,824,289,0.47396989603602435,1,2,0.20132877,1.0,true,9.20948,13.164687,63.153802,86.602396,13.683177,0.019687,185.862865,185.934427
164204472570626,164204401293443,205.991927,886,1920,90,walk_closer,0,0.6781401881331051,0.6037476424903223,1103,314,0.42431299367914477,2,2,0.20132877,1.0,true,16.041666,13.505261,58.463021,84.927396,13.378177,0.017031,186.359844,186.410208
164204697378021,164204634527401,224.807395,886,1920,90,walk_closer,0,0.9014368334459951,0.7399115163033989,690,173,0.4778425365825285,1,2,0.20132877,1.0,true,24.980885,13.624219,58.888646,90.583333,13.153854,0.013229,201.268541,201.323646
164204900803282,164204834442193,203.425261,886,1920,90,walk_closer,0,0.9188000132281637,0.7846132854484423,954,246,0.47334610928920995,1,2,0.20132877,1.0,true,8.527552,14.661666,62.103959,84.119219,12.34927,0.012865,181.789166,181.817396
164205102135209,164205034356984,201.331927,886,1920,90,walk_closer,0,0.951571467344363,0.8575560366861236,878,199,0.4837216779203857,1,2,0.20132877,1.0,true,18.354895,11.453855,62.674739,93.452865,14.545677,0.018281,200.531198,200.593125
164205305502657,164205234271776,203.367448,886,1920,90,walk_closer,0,0.9128968515673175,0.8048896834491528,650,242,0.49274858074605277,2,2,0.20132877,1.0,true,13.369063,10.002187,66.459011,87.881406,12.309791,0.012032,190.052292,190.087708
164205541221823,164205467505526,235.719166,886,1920,90,walk_closer,0,0.9217800016973735,0.8271784569913614,845,698,0.49408132962427764,1,2,0.20132877,1.0,true,24.408907,20.23125,65.552031,81.631927,13.651042,0.015937,205.517657,205.584948
164205748880052,164205667420318,207.658229,886,1920,90,walk_closer,0,0.9317042254396566,0.8522651544812349,1199,251,0.4683517865855542,2,2,0.20132877,1.0,true,9.022656,13.621302,61.974792,107.999114,12.541563,0.016666,205.209635,205.241719
164205956672969,164205867335109,207.792917,886,1920,90,walk_closer,0,0.9289591831264471,0.8338115853828116,1293,317,0.4923811391426369,1,2,0.20132877,1.0,true,16.303438,9.866406,64.121406,93.402552,12.207292,0.015521,195.933698,195.971614
164206174117708,164206100569068,217.444739,886,1920,90,walk_closer,0,0.9264785925281822,0.8298574018505257,1075,249,0.49419035852363935,1,2,0.20132877,1.0,true,9.474375,13.045677,62.581198,89.265365,13.277448,0.018906,187.691615,187.74849
164206402722344,164206333803026,228.604636,886,1920,90,walk_closer,0,0.9247637616641926,0.862550214918096,1345,244,0.4817789390608769,2,2,0.20132877,1.0,true,17.559792,13.122812,67.822604,103.679011,15.413958,0.020313,217.652344,217.733854
164206626918073,164206533717609,224.195729,886,1920,90,walk_closer,0,0.9476945936937046,0.8752858473526866,1083,672,0.4819922398344625,1,2,0.20132877,1.0,true,23.70875,12.025104,71.470416,98.954584,14.539114,0.021927,220.756562,220.815781
164206851518854,164206766951568,224.600781,886,1920,90,walk_closer,0,0.9090577513913013,0.8890099352067883,1526,498,0.48004601593601137,1,2,0.20132877,1.0,true,10.95276,16.719792,81.325937,100.7125,14.507344,0.015573,224.264948,224.313646
164207079170989,164207000185526,227.652135,886,1920,90,walk_closer,0,0.9081233278824425,0.8436705092714837,1263,820,0.48367784261387214,1,2,0.20132877,1.0,true,9.826458,15.417344,68.73625,94.27151,14.345105,0.015937,202.631823,202.669167
164207284632604,164207200100318,205.461615,886,1920,90,walk_closer,0,0.9322126463110871,0.8647198798801361,1235,514,0.48172620329866334,1,2,0.20132877,1.0,true,15.304323,15.375989,71.61,96.755105,14.340052,0.015,213.42151,213.459896
164207500707343,164207433334068,216.074739,886,1920,90,tap_to_focus,0,0.9282655247662728,0.8734930893470926,1766,421,0.47264652730436296,1,3,0.1,1.0,true,10.739062,13.318177,84.78375,102.643959,14.581979,0.020052,226.12276,226.166459
164207730853906,164207666568026,230.146563,886,1920,90,walk_closer,0,0.9239306734872003,0.8768396829043948,1361,581,0.4791664019757036,1,4,0.1,1.0,true,10.329948,13.887813,79.510469,96.047343,15.709948,0.016354,215.530417,215.565052
164207948958906,164207866482818,218.105,886,1920,90,tap_to_focus,0,0.9350414549570333,0.875972169959805,1535,468,0.4756426654355721,1,3,0.1,1.0,true,9.700781,16.789271,73.994792,99.17776,14.74099,0.016927,214.459792,214.490885
164208168939218,164208099716776,219.980312,886,1920,90,tap_to_focus,0,0.9313509317414256,0.8677449812306539,1698,664,0.4777944746449023,1,3,0.1,1.0,true,12.182656,16.773281,93.794063,95.201093,14.33849,0.016771,232.326354,232.36724
164208407634895,164208332950526,238.695677,886,1920,90,walk_closer,0,0.9400122510958725,0.8729638365600441,1472,454,0.48341045001232885,1,4,0.1,1.0,true,11.046354,12.049167,70.73927,97.367709,17.445677,0.020781,208.698958,208.751979
164208619181874,164208532865318,211.546979,886,1920,90,walk_closer,0,0.9424416057550771,0.8820905572335321,1656,503,0.4834992400705076,1,4,0.1,1.0,true,16.442604,15.438282,80.032031,100.202396,16.463489,0.019844,228.629479,228.676094
164208851499739,164208766099276,232.317865,886,1920,90,walk_closer,0,0.9436506481235026,0.8840694743328392,1866,630,0.4811156833964141,1,4,0.1,1.0,true,10.26349,12.822917,71.513489,93.386563,14.726718,0.021719,202.773334,202.882083
164209057468749,164208966014068,205.96901,886,1920,90,walk_closer,0,0.9378575327627848,0.8773886750017021,1826,696,0.47613576563580473,1,4,0.1,1.0,true,11.008177,20.44125,78.894323,97.415313,14.304583,0.015208,222.11474,222.153385
164209282344686,164209199247818,224.875937,886,1920,90,walk_closer,0,0.945238257033938,0.8725232072515239,1727,583,0.47629588432103276,1,4,0.1,1.0,true,10.25875,16.148646,73.592291,103.822761,14.387708,0.016146,218.250469,218.287917
164209504099374,164209432481776,221.754688,886,1920,90,walk_closer,0,0.9423684428188066,0.8785879628710124,1686,524,0.47081820651195017,1,4,0.1,1.0,true,9.279948,13.405417,70.223593,101.679948,15.185625,0.024063,209.8375,209.880833
164209717210207,164209632396568,213.110833,886,1920,90,walk_closer,0,0.9432314596790988,0.8748148079516068,1873,593,0.4756173692683632,1,4,0.1,1.0,true,11.695365,18.897187,80.210938,103.106874,15.722917,0.019896,229.689114,229.737031
164209949796353,164209865630526,232.586146,886,1920,90,walk_closer,0,0.9023248175400985,0.8843855088946415,1790,262,0.45220642399701916,1,4,0.1,1.0,true,10.239531,14.644531,75.156146,97.214479,14.559323,0.019115,211.868489,211.911979
164210164300676,164210098864276,214.504323,886,1920,90,walk_closer,0,0.9713505040698516,0.8897675891724574,135,138,0.43786098611016655,3,4,0.1,1.0,true,10.467396,12.580781,76.706354,96.021927,14.643646,0.021927,210.470729,210.516562
164210377761405,164210298779068,213.460729,886,1920,90,walk_closer,0,0.9724270062686072,0.9244110075153507,1195,147,0.3911823718653977,3,4,0.1,1.0,true,9.84552,20.549532,78.567187,103.869167,14.718125,0.024375,227.609687,227.658437
164210609475571,164210532013026,231.714166,886,1920,90,walk_closer,0,0.8096147827433147,0.7525897502661034,2048,1490,0.33001906606988385,3,4,0.1,1.0,true,10.639895,16.284948,73.598334,99.119531,14.460521,0.018958,214.156197,214.206406
164210828068436,164210731927818,218.592865,886,1920,90,walk_closer,0,0.7920404287465541,0.8394355885489839,2347,2045,0.36110315675054494,3,4,0.1,1.0,true,18.312344,16.37099,79.978229,97.001458,14.250156,0.015052,225.955313,226.007291
164211056708800,164210965161568,228.640364,886,1920,90,walk_closer,0,0.9643952613864252,0.9674422534025252,2034,786,0.3743860186432144,3,4,0.1,1.0,true,10.359218,16.024219,73.998021,115.092552,14.736146,0.019896,230.27052,230.314063
164211290061456,164211198395526,233.352656,886,1920,90,walk_closer,0,0.9726725319482801,0.9648067214818729,998,452,0.4141546055851206,5,4,0.1,1.0,true,11.00401,18.704792,77.669218,121.903542,14.608698,0.022239,243.938645,243.983542
164211537949321,164211464948443,247.887865,886,1920,90,walk_closer,0,0.9097144048636229,0.8991597994280155,1617,1613,0.3602272663824664,5,4,0.1,1.0,true,10.005156,19.304167,72.780468,101.374948,14.303854,0.015313,217.806718,217.858594
164211758618644,164211664863234,220.669323,886,1920,90,walk_closer,0,0.7795958471075235,0.8786824942351134,763,1080,0.3216244735076401,1,4,0.1,1.0,true,10.700729,18.780886,75.553906,100.625781,15.681198,0.020938,221.405052,221.447187
164211983243956,164211898097193,224.625312,886,1920,90,walk_closer,0,0.8940120500615983,0.9377096213620201,1501,2277,0.33368597540291667,2,4,0.1,1.0,true,12.706094,17.561823,73.881198,95.275937,14.394115,0.015729,213.862709,213.903802
164212200236508,164212131331151,216.992552,886,1920,90,walk_closer,0,0.9518198359204659,0.9474180866949826,451,291,0.40912152852570216,5,4,0.1,1.0,true,10.065052,12.30974,70.239219,97.153437,14.438229,0.013958,204.249219,204.281771
164212407480779,164212331245734,207.244271,886,1920,90,walk_closer,0,0.982320923380103,0.9776330642531614,756,361,0.42129054535514854,3,4,0.1,1.0,true,11.065573,27.435104,79.7525,101.760469,15.147916,0.023229,235.216146,235.261875
164212645725154,164212564479693,238.244375,886,1920,90,walk_closer,0,0.9086223779384633,0.9380706408929298,1235,623,0.39732408681375375,4,4,0.1,1.0,true,10.407292,17.562343,75.138177,248.504792,21.581979,0.018021,373.240104,373.281771
164213750368226,164213685942193,1104.643072,1920,886,180,walk_closer,0,0.6156544081354913,0.48633364468718615,1863,,0.4484424525933832,2,2,0.1,1.0,true,9.457969,16.234375,73.032812,50.342135,7.267032,0.01552,156.38026,156.423386
164213990635674,164213919176151,240.267448,1920,886,180,walk_closer,0,0.6916847721181395,0.6023012918666172,1773,511,0.4493294285691718,2,2,0.25157234,1.0,true,15.353959,18.250781,70.706042,97.622812,14.666875,0.016563,216.651771,216.709531
164214209574841,164214119090734,218.939167,1920,886,180,not_plant,0,0.411428540976034,0.29452230325461204,,,,,2,2.3094687,1.0,true,10.327761,17.108489,88.794375,0.003334,0.005364,3.13E-4,116.255,116.288802
164214414015257,164214352324693,204.440416,1920,886,180,not_plant,0,0.46998210420168124,0.2272908161018703,,,,,2,2.849003,1.0,true,16.312865,18.882135,73.131771,0.002291,0.008855,3.64E-4,108.357292,108.406615
164214653798643,164214585558651,239.783386,1920,886,180,guide,0,0.6400279109369728,0.4866645703968589,114,,0.43116544798976975,2,2,2.65252,1.0,true,15.953021,15.677448,73.97,49.234948,7.349114,0.018958,162.240052,162.360989
164214881699893,164214818792401,227.90125,1920,886,180,guide,0,0.6162692801403122,0.4485031588902336,992,,0.4055628973648595,4,2,2.4570024,1.0,true,14.804166,20.015104,74.939896,52.679375,7.368021,0.015677,169.854114,169.909583
164215084913486,164215018707193,203.213593,1920,886,180,not_plant,0,0.2590379332755783,0.24854922851657757,,,,,2,2.631579,1.0,true,16.775833,12.394271,73.210937,0.003282,0.005677,3.64E-4,102.426198,102.472761
164215313585413,164215251941151,228.671927,1920,886,180,not_plant,0,0.11996554982541771,0.10668940348616553,,,,,2,2.5062656,1.0,true,17.37026,17.111146,75.910052,0.002969,0.009948,4.16E-4,110.423645,110.541979
164215516450413,164215451855943,202.865,1920,886,180,not_plant,0,0.1557270154008095,0.11385083625954806,,,,,2,1.6474464,1.0,true,16.26625,12.737448,72.193386,0.002968,0.005313,3.12E-4,101.224792,101.272604
164215752249267,164215685089693,235.798854,1920,886,180,not_plant,0,0.18261961380933106,0.1835442203900859,,,,,2,3.0487804,1.0,true,17.102656,15.933334,73.32151,0.002604,0.022344,4.69E-4,106.412344,106.482396
164215989965465,164215918323651,237.716198,1920,886,180,guide,0,0.5316337026765631,0.14050605634530483,1126,,0.43357759519898664,4,2,2.8248587,1.0,true,14.747344,14.170104,89.442396,132.510312,11.165052,0.017031,262.086302,262.130208
164216950917913,164216890320109,960.952448,886,1920,90,not_plant,0,0.10304348774505273,0.06526260071352168,,,,,2,2.3094687,1.0,true,9.644271,15.911719,74.602812,0.001927,0.008438,4.16E-4,100.201198,100.241458
164217156785881,164217090234693,205.867968,886,1920,90,not_plant,0,0.2955828425397651,0.11064087295870581,,,,,2,2.8248587,1.0,true,16.852552,17.941354,72.564739,0.0025,0.007084,4.16E-4,107.383385,107.465261
164217395672340,164217323468651,238.886459,886,1920,90,not_plant,0,0.192789764329591,0.11758842228912549,,,,,2,2.754821,1.0,true,22.107812,18.714011,78.384947,0.003646,0.005,3.65E-4,119.239687,119.289791
164217620849527,164217556702609,225.177187,886,1920,90,not_plant,0,0.3178653422508509,0.25101743974704194,,,,,2,4.4444447,1.0,true,17.676719,27.027187,75.131198,0.003698,0.00526,3.13E-4,119.86901,119.917604
164217822793485,164217756617401,201.943958,886,1920,90,not_plant,0,0.10535280982629706,0.048944656502502924,,,,,2,4.9751244,1.0,true,16.885104,12.534166,85.256771,0.002709,0.004114,3.65E-4,114.706198,114.743125
164218024320673,164217956532193,201.527188,886,1920,90,not_plant,0,0.1745235693078997,0.11153156279556191,,,,,2,4.6511626,1.0,true,20.24849,11.388802,73.213385,0.003334,0.00552,3.65E-4,104.894688,104.935364
164218252910829,164218189765943,228.590156,886,1920,90,not_plant,0,0.11567471925007232,0.04713119472926331,,,,,2,4.464286,1.0,true,16.7825,13.981458,77.287344,0.003958,0.005938,3.65E-4,108.08125,108.129114
164218455932964,164218389680734,203.022135,886,1920,90,not_plant,0,0.028958984903518323,0.020648409545466234,,,,,2,4.504504,1.0,true,17.746093,12.202344,75.389792,0.003281,0.006511,4.16E-4,105.37375,105.421563
164218690676297,164218622914693,234.743333,886,1920,90,not_plant,0,0.0244196206842903,0.022182202324307693,,,,,2,5.0251255,1.0,true,20.991979,14.008229,76.715521,0.003646,0.005104,3.64E-4,111.755625,111.80573
164218924371922,164218856148443,233.695625,886,1920,90,not_plant,0,0.032550602541273004,0.03629997639291001,,,,,2,5.681818,1.0,true,17.586771,18.115156,73.729479,0.003229,0.006459,3.64E-4,109.471615,109.549479
164219154902339,164219089382401,230.530417,886,1920,90,not_plant,0,0.028075375752971494,0.04019583146566354,,,,,2,5.4945054,1.0,true,17.621094,19.634479,73.115781,0.003125,0.005365,4.16E-4,110.396667,110.448177
164219357904058,164219289297193,203.001719,886,1920,90,not_plant,0,0.04111193352443196,0.03978264543616215,,,,,2,4.464286,1.0,true,21.230521,15.881771,71.362031,0.002396,0.005208,2.61E-4,108.510677,108.564479
164219559644370,164219489211984,201.740312,886,1920,90,not_plant,0,0.020897189151828997,0.028768416059515835,,,,,2,4.464286,1.0,true,16.472604,14.777448,69.25776,0.004688,0.006302,3.12E-4,100.539687,100.59151
164219793857287,164219722445734,234.212917,886,1920,90,not_plant,0,0.02035169983837141,0.040757890875262485,,,,,2,3.9840636,1.0,true,26.197396,20.653072,80.243803,0.002864,0.005886,3.64E-4,127.126979,127.195364
164219995207286,164219922360526,201.349999,886,1920,90,not_plant,0,0.021584102638329286,0.020845723323318473,,,,,2,3.717472,1.0,true,21.341875,19.036302,88.180781,0.004427,0.006355,4.68E-4,128.6075,128.681459
164220195780672,164220122275318,200.573386,886,1920,90,matching,1,0.6222075994022296,0.6267284595486001,2060,721,0.49895146023050074,1,2,3.717472,1.0,true,19.560625,20.966719,85.725208,108.937969,20.8475,0.020989,256.100416,256.26776
164220459447651,164220388828443,263.666979,886,1920,90,guide,0,0.7118859061509655,0.6046506672470531,123,65,0.49696696163322684,2,2,3.5971224,1.0,true,12.583386,16.004844,86.596198,118.302291,17.422083,0.01849,250.9525,250.993073
164220713378224,164220622062193,253.930573,886,1920,90,walk_closer,0,0.8775595591675811,0.6837431847741364,85,271,0.5345787863317675,1,2,0.20132877,1.0,true,17.869532,15.44125,89.765156,109.780052,17.983646,0.025989,250.912188,250.969218
164220968499942,164220888615318,255.121718,886,1920,90,walk_closer,0,0.5902894708837688,0.5991639068173104,1909,801,0.4165117867943273,2,2,0.20132877,1.0,true,12.263177,16.105417,83.097031,137.507136,16.81552,0.016875,265.838802,265.901198
164221237634317,164221155168234,269.134375,886,1920,90,not_plant,0,0.4827737629013891,0.5893564017419736,,217,,,2,0.20132877,1.0,true,11.658802,21.7575,90.447865,56.736562,8.462813,5.73E-4,189.101927,189.135156
164221457260515,164221388402193,219.626198,886,1920,90,walk_closer,0,0.7741045241630718,0.7615712126278849,50,502,0.41292230561913357,1,2,0.20132877,1.0,true,13.289688,19.456927,82.785937,114.516302,17.304844,0.023906,247.413021,247.482552
164221708954161,164221621636151,251.693646,886,1920,90,walk_closer,0,0.7992239702520311,0.7831467942223304,752,145,0.4103075974164696,4,2,0.20132877,1.0,true,12.5925,21.818073,87.448125,121.021822,16.989323,0.016302,259.909739,259.971302
164221973556452,164221888189068,264.602291,886,1920,90,walk_closer,0,0.7049221489600901,0.8847207990987132,420,127,0.5158707910608662,1,2,0.20132877,1.0,true,13.950989,21.76724,101.166302,123.301823,17.06875,0.022083,277.315052,277.363438
164222254173379,164222188061151,280.616927,886,1920,90,walk_closer,0,0.8966352745686739,0.8415348703153268,40,33,0.4412064218331011,1,2,0.20132877,1.0,true,11.331093,13.866615,83.586198,108.171614,16.780417,0.017292,233.78875,233.828594
164222493031608,164222421295109,238.858229,886,1920,90,walk_closer,0,0.7654322160780161,0.7632027925391539,430,397,0.4593196072564325,2,2,0.20132877,1.0,true,12.403594,21.327396,91.230573,111.419166,17.249167,0.026042,253.691198,253.739948
164222751383119,164222654529068,258.351511,886,1920,90,walk_closer,0,0.9087794649177536,0.856753950407284,155,354,0.550739617335962,1,2,0.20132877,1.0,true,16.121406,18.670104,87.095469,111.981094,17.990781,0.025937,251.975989,252.045468
164223010110931,164222921081984,258.727812,886,1920,90,walk_closer,0,0.7405501520907855,0.7949411850229642,331,87,0.4738439927549649,2,2,0.20132877,1.0,true,15.030938,15.613541,84.903698,113.468959,16.768958,0.018073,245.837813,245.900573
164223259127962,164223187635109,249.017031,886,1920,90,walk_closer,0,0.8109401692748812,0.8122363996746685,1792,1584,0.4403933509937019,5,2,0.20132877,1.0,true,11.878854,18.129219,80.850833,116.434844,17.268385,0.026615,244.639166,244.693021
164223507228952,164223420868859,248.10099,886,1920,90,walk_closer,0,0.8407528680719439,0.8521652684626818,2836,1262,0.4238412894758312,4,2,0.20132877,1.0,true,11.684114,20.26,90.833229,114.93474,17.267292,0.02177,255.028072,255.074583
164223766452389,164223687421984,259.223437,886,1920,90,walk_closer,0,0.7673378169730382,0.7369992143784786,741,262,0.40228131877600504,2,2,0.20132877,1.0,true,11.766302,16.062552,79.473646,114.010573,17.211198,0.025208,238.617708,238.67875
164224008484316,164223920655943,242.031927,886,1920,90,walk_closer,0,0.8405935442071777,0.7336585269127013,1468,761,0.4555128139900724,1,2,0.20132877,1.0,true,14.444636,20.952343,88.981823,118.451667,17.350156,0.023958,260.249844,260.298594
164224276494004,164224187208859,268.009688,886,1920,90,walk_closer,0,0.8450852343570441,0.8728348448681222,1816,1388,0.45169723864435696,3,2,0.20132877,1.0,true,18.389584,25.775781,83.115156,107.50474,17.19276,0.016667,252.029636,252.085677
164224531722545,164224453761984,255.228541,886,1920,90,walk_closer,0,0.576549988155656,0.6907895241588227,928,520,0.4075802134270816,3,2,0.20132877,1.0,true,12.085886,15.296927,82.342187,109.738333,16.947552,0.017865,236.450365,236.489844
164224772397024,164224686995734,240.674479,886,1920,90,walk_closer,0,0.723824658865712,0.8314901674512847,857,88,0.4641313682598227,4,2,0.20132877,1.0,true,11.70802,23.33875,81.586615,115.389531,17.308177,0.029011,249.400416,249.453021
164225025229732,164224953548859,252.832708,886,1920,90,walk_closer,0,0.9082030681014713,0.8787549895106032,941,737,0.488944638798122,1,2,0.20132877,1.0,true,12.362291,19.495104,81.343959,111.512708,17.254531,0.026563,242.040416,242.091667
164225270646034,164225186782609,245.416302,886,1920,90,walk_closer,0,0.8079646844639363,0.8296747290886484,845,972,0.500022106354308,1,2,0.20132877,1.0,true,11.329115,21.767864,80.237813,117.033541,17.304584,0.023854,247.740729,247.784688
164225531588326,164225453335734,260.942292,886,1920,90,walk_closer,0,0.7629173396800497,0.7923839615181738,1198,1273,0.41281652742659247,5,2,0.20132877,1.0,true,22.694479,15.923646,82.847448,113.972135,16.734635,0.017448,252.2275,252.284531
164225786936607,164225719888651,255.348281,886,1920,90,walk_closer,0,0.7066745308201087,0.8281930518111998,211,258,0.4765393671678293,2,2,0.20132877,1.0,true,12.22651,20.155313,85.664219,119.779322,16.89724,0.017031,254.765885,254.803854
164226044853951,164225953122609,257.917344,886,1920,90,tap_to_focus,0,0.6631544781433985,0.8300458876879642,451,310,0.5057093597745279,1,3,0.25157234,1.0,true,11.270938,14.538437,161.130469,178.897812,17.142761,0.019114,383.028333,383.063281
164226430900149,164226352952193,386.046198,886,1920,90,walk_closer,0,0.6118523562435286,0.8194468323258111,1430,874,0.4625240147477996,1,4,0.30184123,1.0,true,11.225938,16.992812,85.472396,131.135365,18.030468,0.023594,262.923958,262.96776
164226697605513,164226619505109,266.705364,886,1920,90,walk_closer,0,0.6541842372238135,0.7698867493974608,111,16,0.3986997763264073,3,4,0.30184123,1.0,true,12.687761,18.663229,92.677135,115.356615,17.967968,0.026094,257.412865,257.467865
164226961386034,164226886058234,263.780521,886,1920,90,walk_closer,0,0.7095868162872765,0.6723808564775062,552,121,0.4104454612792665,3,4,0.30184123,1.0,true,13.176771,14.596458,96.709271,129.560156,19.225573,0.026562,273.339062,273.415052
164227239322075,164227152611151,277.936041,886,1920,90,walk_closer,0,0.6394035603400912,0.7347000763896179,902,261,0.39151653489278715,5,4,0.30184123,1.0,true,14.63026,24.071771,95.231927,121.739844,18.979739,0.020469,274.709166,274.776302
164227518025044,164227452483443,278.702969,886,1920,90,walk_closer,0,0.9607092771972445,0.9355077603595506,1939,915,0.45634842499865236,1,4,0.30184123,1.0,true,13.122448,16.791198,85.921979,117.216458,18.148646,0.027135,251.280989,251.347552
164227774659679,164227685717193,256.634635,886,1920,90,walk_closer,0,0.9247979506218925,0.9570097208498125,2244,2848,0.3577865741384585,5,4,0.30184123,1.0,true,13.387864,18.038282,95.052187,116.253177,18.118906,0.026407,260.912812,260.982136
164228040558898,164227952270318,265.899219,886,1920,90,walk_closer,0,0.8542892395962618,0.8294955884393127,1921,1483,0.3584260428002466,5,4,0.30184123,1.0,true,14.06448,21.5225,93.180573,200.404374,19.097032,0.025989,348.332344,348.403125
164228393090617,164228318780734,352.531719,886,1920,90,walk_closer,0,0.9238654489289998,0.9276360148749266,1762,164,0.38697048455197347,4,4,0.30184123,1.0,true,14.484322,18.902709,95.266562,121.110573,17.85349,0.019635,267.674635,267.722864
164228664253950,164228585333651,271.163333,886,1920,90,walk_closer,0,0.845881765220348,0.8625884335508968,1451,413,0.42842372546109964,1,4,0.30184123,1.0,true,11.40302,23.730782,91.306666,148.503021,18.687865,0.023333,293.744114,293.790156
164228961516554,164228885205734,297.262604,886,1920,90,walk_closer,0,0.8414336219470252,0.872926157508544,1786,859,0.4358103684885606,1,4,0.30184123,1.0,true,12.752188,16.093906,92.167604,123.843594,18.028281,0.026511,262.9475,262.996979
164229230154991,164229151758859,268.638437,886,1920,90,walk_closer,0,0.891689490422358,0.8502719302342433,1079,472,0.48991292299884037,1,4,0.30184123,1.0,true,13.058437,17.525469,93.741823,118.270833,20.961667,0.023229,263.616822,263.677709
164229497116606,164229418311776,266.961615,886,1920,90,walk_closer,0,0.9297921856901563,0.8690676277190282,1455,1448,0.4759985102478481,1,4,0.30184123,1.0,true,17.673178,18.155937,94.819531,129.005677,28.787448,0.039948,288.535625,288.588281
164229789541033,164229684864901,292.424427,886,1920,90,not_plant,0,0.3480820820114585,0.6743384950008002,,1248,,,4,0.30184123,1.0,true,14.050469,30.699947,115.937709,116.770208,9.194583,0.001355,286.710104,286.752031
164230079903116,164229984736984,290.362083,886,1920,90,not_plant,0,0.4582149010665121,0.33889474892022686,,,,,4,0.30184123,1.0,true,14.427604,17.800417,110.789531,0.003385,0.009323,5.21E-4,143.053073,143.092292
164230283354574,164230217970943,203.451458,886,1920,90,walk_closer,0,0.5309620606208592,0.393021478329991,369,,0.45326569849466125,1,4,0.30184123,1.0,true,29.734427,19.723177,127.125834,84.384635,9.588698,0.023542,270.619167,270.689948
164230568373845,164230484523859,285.019271,886,1920,90,not_plant,0,0.32347620126274373,0.3295845809508229,,,,,4,0.30184123,1.0,true,18.213906,21.27974,136.797864,0.004479,1.028386,5.21E-4,177.353229,177.393229
164230788080980,164230717757818,219.707135,886,1920,90,not_plant,0,0.22622801269004242,0.36981225369211845,,,,,4,0.30184123,1.0,true,13.402084,17.111562,130.784635,0.004011,0.012292,5.2E-4,161.358229,161.411615
164230990127595,164230917672609,202.046615,886,1920,90,not_plant,0,0.13288945126542615,0.1972334942538849,,,,,0,0.67750674,1.0,true,20.618958,21.227604,128.82349,0.003073,0.005885,5.21E-4,170.699687,170.761093
164231216007803,164231150906568,225.880208,886,1920,90,not_plant,0,0.16129307855890487,0.2569968278349676,,,,,0,1.1013216,1.0,true,17.477604,19.151719,125.156718,0.009271,0.019375,0.002604,162.058698,162.128125
164231445832074,164231384140318,229.824271,886,1920,90,not_plant,0,0.1734579043520592,0.3258303041576138,,,,,0,1.2755102,1.0,true,20.770729,23.106927,119.966563,0.002864,0.007084,4.68E-4,163.885677,163.933906
164231680140042,164231617374276,234.307968,886,1920,90,not_plant,0,0.411265317382355,0.4431867724116394,,,,,0,1.9193859,1.0,true,27.280521,13.457761,87.52125,0.00276,0.006615,3.64E-4,128.298386,128.37349
164231888425094,164231817289068,208.285052,886,1920,90,not_plant,0,0.30611620401153994,0.6480015531471869,,608,,,0,0.8525149,1.0,true,26.074792,15.865312,88.109532,65.544375,9.564166,0.001511,205.248906,205.331146
164232098379990,164232017203859,209.954896,886,1920,90,tap_to_focus,0,0.719459960951235,0.63281363718036,546,531,0.43908044573652205,3,0,0.20132877,1.0,true,17.25948,16.652083,95.088854,116.049167,18.067812,0.02849,263.183907,263.254271
164232366508011,164232283756776,268.128021,886,1920,90,not_plant,0,0.44186798898040847,0.642234133874572,,1097,,,0,0.20132877,1.0,true,14.043282,20.916614,104.851406,65.453907,9.006198,0.001823,214.308959,214.366302
164232585375823,164232516990734,218.867812,886,1920,90,tap_to_focus,0,0.7489955910551046,0.8480591550751608,969,1478,0.332312783094288,2,0,0.20132877,1.0,true,17.782656,13.427396,85.299843,176.191823,19.048438,0.027343,311.822656,311.887188
164232900581500,164232816862818,315.205677,886,1920,90,tap_to_focus,0,0.9354402126430696,0.9641368829862553,1416,1711,0.37855831279634344,5,0,0.20132877,1.0,true,12.317813,19.781666,89.986719,116.686875,17.999583,0.019688,256.836302,256.881354
164233163172750,164233083415943,262.59125,886,1920,90,tap_to_focus,0,0.9714574165673538,0.9713665039348767,788,1054,0.36883432489601375,4,0,0.20132877,1.0,true,12.663229,23.498542,98.038125,117.672552,19.185208,0.025156,271.117604,271.175886
164233438708896,164233349968859,275.536146,886,1920,90,tap_to_focus,0,0.9772427961046968,0.9731235398346176,1178,650,0.33291388623106855,5,0,0.20132877,1.0,true,12.475417,16.01651,89.514688,118.288854,18.336927,0.025469,254.694792,254.754792
164233698062385,164233616521984,259.353489,886,1920,90,tap_to_focus,0,0.9803354283291064,0.9704777164331174,1390,882,0.34181241718209776,5,0,0.20132877,1.0,true,20.034584,16.162708,104.850833,122.631927,19.134063,0.025,282.887813,282.942448
164233988561292,164233916394068,290.498907,886,1920,90,tap_to_focus,0,0.9803993922737418,0.9780030781479547,823,1061,0.3816441460525013,3,0,0.20132877,1.0,true,13.2675,14.001354,86.111406,121.400104,17.972032,0.027968,252.833906,252.903229
164234244995875,164234149628026,256.434583,886,1920,90,tap_to_focus,0,0.9196870460561871,0.9389982590764481,2150,1347,0.40724633636551744,5,0,0.20132877,1.0,true,13.535313,18.258958,92.842865,128.58901,18.197604,0.024531,271.479011,271.520677
164234523938375,164234449500109,278.9425,886,1920,90,tap_to_focus,0,0.9554905928146358,0.9447595108223068,2064,654,0.3454499942605622,5,0,0.20132877,1.0,true,12.244687,28.440729,90.764636,121.450521,18.20427,0.025625,271.175416,271.224062
164234799662958,164234716053026,275.724583,886,1920,90,tap_to_focus,0,0.9609966756664473,0.9358348829841514,1371,842,0.44950003456046517,4,0,0.20132877,1.0,true,12.496667,16.565469,87.043437,124.922656,17.968646,0.026511,259.072032,259.139166
164235062827593,164234982606151,263.164635,886,1920,90,tap_to_focus,0,0.9510288880282275,0.7773425009671289,2077,2250,0.460226965801219,4,0,0.20132877,1.0,true,11.675052,21.354375,90.608229,117.038125,18.046458,0.019011,258.783229,258.820625
164235324968531,164235249159068,262.140938,886,1920,90,tap_to_focus,0,0.6623482642311411,0.5821732673999865,660,1173,0.34401840308677833,4,0,0.20132877,1.0,true,12.683646,23.259792,92.43026,120.759792,18.150364,0.026927,267.348229,267.395208
164235596007645,164235515712193,271.039114,886,1920,90,tap_to_focus,0,0.7727263391213649,0.6015007349124264,1017,1049,0.4641453711146539,2,0,0.20132877,1.0,true,13.388646,22.419479,87.656979,132.316042,20.247344,0.026094,276.095781,276.145729
164235878965093,164235782265109,282.957448,886,1920,90,tap_to_focus,0,0.8617801653011423,0.7374067405346045,28,35,0.5190203364835497,1,0,0.20132877,1.0,true,14.404739,23.231146,94.160625,128.152135,18.345157,0.025521,278.36625,278.428281
164236161124572,164236082137401,282.159479,886,1920,90,tap_to_focus,0,0.9373483301373963,0.9030164463786916,38,29,0.47309682076594584,1,0,0.20132877,1.0,true,12.18526,19.658333,86.697552,122.192917,18.004844,0.024479,258.810572,258.860469
164236424063686,164236348690318,262.939114,886,1920,90,tap_to_focus,0,0.9562491224764863,0.8793945208435971,45,139,0.4671070886791,1,0,0.20132877,1.0,true,13.931041,29.566771,133.920365,125.090937,17.959532,0.023958,320.526093,320.576094
164236750909780,164236681881568,326.846094,886,1920,90,tap_to_focus,0,0.9547597039370155,0.895893385697862,51,33,0.49498918169565087,1,1,0.1,1.0,true,13.305885,14.456875,91.180781,124.310625,17.916771,0.019114,261.220208,261.279896
164237015297020,164236948434693,264.38724,886,1920,90,walk_closer,0,0.948207386871749,0.9279897200265042,54,51,0.4766104347465898,1,2,0.1,1.0,true,12.836562,17.752969,92.251354,120.289896,18.870938,0.019687,262.059062,262.104687
164237280997592,164237181668443,265.700572,886,1920,90,tap_to_focus,0,0.956210314443404,0.9307899504412318,74,21,0.47242541457377785,1,3,0.1,1.0,true,13.484583,13.931354,86.869323,121.211094,18.936562,0.019219,254.494739,254.535677
164237538975874,164237448221568,257.978282,886,1920,90,tap_to_focus,0,0.9385865170094856,0.9323517880916006,57,52,0.4839123233937812,1,3,0.17618042,1.0,true,13.485,20.561302,87.091562,118.902761,18.112448,0.027604,258.220625,258.266562
164237801708217,164237714774484,262.732343,886,1920,90,walk_closer,0,0.9398412722704715,0.9149495574698888,36,20,0.46174770523752784,1,4,0.17618042,1.0,true,17.353906,18.718907,93.345833,130.296406,17.82349,0.020104,277.59151,277.648698
164238087380873,164238014646776,285.672656,886,1920,90,walk_closer,0,0.9526374887594999,0.9365406359392503,51,35,0.47666538696153626,1,4,0.17618042,1.0,true,13.550729,24.612448,94.701562,120.243854,18.064167,0.026146,271.246874,271.313906
164238363270613,164238281199693,275.88974,886,1920,90,walk_closer,0,0.9371292667675715,0.9123062829755176,37,26,0.4794000643381331,1,4,0.17618042,1.0,true,13.308593,17.549063,90.653802,114.184375,18.051198,0.027187,253.797447,253.855833
164238621978113,164238547752818,258.7075,886,1920,90,walk_closer,0,0.9504678346748257,0.8795006206612518,43,20,0.4816890698463663,1,4,0.17618042,1.0,true,18.490261,16.373385,87.394167,131.174843,22.975157,0.034218,276.481823,276.544218
164238902058425,164238814305734,280.080312,886,1920,90,walk_closer,0,0.9596565702631511,0.8802663937677959,134,120,0.47100031474851534,1,4,0.17618042,1.0,true,12.423646,21.52125,96.741875,121.123958,18.095469,0.026406,269.971458,270.024115
164239176138269,164239080858859,274.079844,886,1920,90,walk_closer,0,0.9453505426975104,0.941655046552459,61,111,0.47596284456102467,1,4,0.17618042,1.0,true,14.522187,14.280417,95.907292,131.100833,18.052604,0.024896,273.935469,274.002239
164239454788217,164239380730943,278.649948,886,1920,90,walk_closer,0,0.9486921731758422,0.9375941546034804,61,70,0.46632805818975953,1,4,0.17618042,1.0,true,17.152552,17.181771,83.47974,121.440625,19.035364,0.025521,258.348542,258.420572
164239724534258,164239647283859,269.746041,886,1920,90,walk_closer,0,0.9554395236489,0.911063702526564,64,107,0.4645648787997132,1,4,0.17618042,1.0,true,14.01349,18.055573,96.827656,132.450156,18.596459,0.024531,280.001615,280.07776
164240008060039,164239913836984,283.525781,886,1920,90,walk_closer,0,0.9430440996753094,0.9081436692392294,54,142,0.47529240924824023,1,4,0.17618042,1.0,true,13.050989,12.687917,88.58125,116.473958,18.057188,0.024479,248.923802,248.973646
164240260456081,164240180389901,252.396042,886,1920,90,walk_closer,0,0.9453975237167473,0.900373072645027,156,176,0.47565805041478626,1,4,0.17618042,1.0,true,12.744531,15.363333,85.856719,128.377656,18.061198,0.025104,260.475677,260.53
164240526083841,164240446943026,265.62776,886,1920,90,walk_closer,0,0.931942709489139,0.8914240260164847,165,228,0.4829900377581069,1,4,0.17618042,1.0,true,12.648229,19.987292,92.84026,118.626459,18.200885,0.021406,262.350469,262.410885
164240791800872,164240713495943,265.717031,886,1920,90,walk_closer,0,0.9318725771525694,0.9142391693041672,232,122,0.47701018288691444,1,4,0.17618042,1.0,true,12.511406,16.297969,86.716927,123.793906,18.008334,0.025,257.39026,257.439948
164241052927331,164240980049068,261.126459,886,1920,90,walk_closer,0,0.9442753131014753,0.9355263128391503,78,37,0.5081827395564744,1,4,0.17618042,1.0,true,12.937604,16.923438,90.222031,128.088542,19.209219,0.026041,267.448334,267.501249
164241324579518,164241246601984,271.652187,886,1920,90,walk_closer,0,0.9331637379481571,0.8943052265825749,38,50,0.47653090868431036,1,4,0.17618042,1.0,true,12.763073,17.837708,119.930104,120.550469,18.088073,0.025312,289.23901,289.312604
164241617363164,164241546474276,292.783646,886,1920,90,walk_closer,0,0.9523528896062969,0.831844708113223,49,40,0.4954542848841115,1,4,0.17618042,1.0,true,12.607032,18.045364,86.815208,124.579688,18.103385,0.023907,260.205261,260.2575
164241882807747,164241813027193,265.444583,886,1920,90,walk_closer,0,0.9571576469477827,0.8834786846361391,69,37,0.49968774008787875,1,4,0.17618042,1.0,true,20.47974,19.246875,89.525729,126.424687,18.014115,0.025573,273.754219,273.8275
164242160206601,164242079580318,277.398854,886,1920,90,walk_closer,0,0.9495571469752242,0.9043455148150931,70,26,0.494934977607397,1,4,0.17618042,1.0,true,13.545053,16.416093,87.476146,122.014271,18.031094,0.024739,257.54875,257.594062
164242423238424,164242346133234,263.031823,886,1920,90,tap_to_focus,0,0.9521627121930964,0.8909183974408283,71,37,0.48482549583246737,1,0,0.17618042,1.0,true,12.282344,18.480312,92.113906,116.83599,18.269427,0.018906,258.040312,258.097135
164242684559413,164242612686359,261.320989,886,1920,90,tap_to_focus,0,0.9516126007840856,0.9131955069543483,66,19,0.4948379368887714,1,1,0.1,1.0,true,12.403906,21.432812,93.175365,166.212083,19.959323,0.02474,313.237395,313.285625
164243001431236,164242912558443,316.871823,886,1920,90,walk_closer,0,0.9545439133172701,0.8904199638672343,79,18,0.488941481572013,1,2,0.1,1.0,true,13.910104,15.949219,99.400365,124.078385,17.993385,0.026094,271.396146,271.44849
164243277653528,164243212430526,276.222292,886,1920,90,walk_closer,0,0.9560410075947329,0.8350167285663338,74,59,0.503506808754878,1,2,0.1,1.0,true,13.771875,15.491562,94.457656,126.126511,18.297656,0.023802,268.206875,268.269166
164243549212173,164243478983651,271.558645,886,1920,90,walk_closer,0,0.920763866165808,0.9151049731850237,41,32,0.4746529861725719,1,2,0.1,1.0,true,12.02125,23.033854,90.581563,122.164479,18.229531,0.019219,266.090886,266.133334
164243819210194,164243745536568,269.998021,886,1920,90,walk_closer,0,0.8952603481478999,0.9105198821669525,22,21,0.4173269890377327,1,2,0.1,1.0,true,12.403959,16.691458,87.861719,119.50776,17.984219,0.024791,254.508229,254.561458
164244078993006,164244012089693,259.782812,886,1920,90,walk_closer,0,0.7780917329633977,0.8599953967358922,63,44,0.36328979130786365,2,2,0.1,1.0,true,14.055,29.255104,108.695052,125.673594,18.025104,0.018125,295.75026,295.815417
164244378511340,164244311961776,299.518334,886,1920,90,walk_closer,0,0.9466779199519754,0.8014509414855355,45,28,0.402982956048902,1,2,0.1,1.0,true,12.912813,19.749531,94.122552,119.481302,17.855521,0.019948,264.177917,264.22651
164244646626235,164244578514693,268.114895,886,1920,90,walk_closer,0,0.8310445229260833,0.8961481028669843,482,337,0.4982893291047503,1,2,0.1,1.0,true,12.577865,25.413437,93.626615,138.02151,17.909792,0.019219,287.60599,287.662448
164244937358423,164244845067818,290.732188,886,1920,90,walk_closer,0,0.8889252352539789,0.9416994615856069,265,283,0.43879452884737447,1,2,0.1,1.0,true,14.843229,16.501458,90.389323,118.614636,18.272656,0.020156,258.669166,258.712343
164245199246027,164245111620734,261.887604,886,1920,90,walk_closer,0,0.9358953933955283,0.9492002001717325,199,424,0.445428675165644,1,2,0.1,1.0,true,12.885885,20.248594,88.977188,120.37677,19.247292,0.020573,261.829427,261.881146
164245464927485,164245378173859,265.681458,886,1920,90,tap_to_focus,0,0.9091975422644016,0.9196674049716329,133,226,0.49080818095692536,1,3,0.1,1.0,true,12.563854,19.859323,88.993125,114.527083,18.122396,0.021146,254.116458,254.167813
164245722363787,164245644726776,257.436302,886,1920,90,walk_closer,0,0.9360069089679947,0.9079020021512596,51,198,0.4830766177389023,1,4,0.1,1.0,true,13.080052,16.878541,84.285521,125.194271,18.086719,0.02651,257.58552,257.638437
164245985352329,164245911279901,262.988542,886,1920,90,walk_closer,0,0.9381595814968458,0.9183019681278948,56,27,0.48210820247669517,1,4,0.1,1.0,true,13.006094,17.697448,88.551094,115.001406,18.861458,0.018854,253.158698,253.22552
164246244029151,164246177832818,258.676822,886,1920,90,walk_closer,0,0.8321200847743171,0.8534773651826638,475,82,0.429803213123092,2,4,0.1,1.0,true,13.455834,22.69276,104.584219,116.764062,19.785834,0.027291,277.346302,277.409167
164246526393474,164246444385943,282.364323,886,1920,90,walk_closer,0,0.8119688345174075,0.8570346525894221,27,49,0.4400502732960945,1,4,0.1,1.0,true,12.245625,21.170312,95.327136,120.214791,19.525,0.021719,268.532395,268.589636
164246798848370,164246710938859,272.454896,886,1920,90,walk_closer,0,0.704267735794436,0.8753390416340345,36,168,0.5202547349113473,1,4,0.1,1.0,true,12.391979,20.538489,91.71,115.710573,18.193021,0.021198,258.596041,258.654792
164247061341026,164246977491984,262.492656,886,1920,90,walk_closer,0,0.9342108678544688,0.7920265990112824,44,102,0.5280655285682485,1,4,0.1,1.0,true,12.789323,24.224219,92.203229,111.292656,17.779636,0.018645,258.331823,258.37776
164247322766859,164247244044901,261.425833,886,1920,90,walk_closer,0,0.7946710087564245,0.8866260402802103,45,119,0.4977709332200835,1,4,0.1,1.0,true,12.877083,21.225781,85.48224,117.528489,18.092865,0.024635,255.261927,255.31224
164247581452536,164247477278859,258.685677,886,1920,90,walk_closer,0,0.6439298084366731,0.8450420652454151,30,93,0.49922139860464654,1,4,0.1,1.0,true,19.223489,15.498177,89.105209,114.043385,17.953385,0.018802,255.867552,255.914323
164247840597068,164247777150943,259.144532,886,1920,90,walk_closer,0,0.5036077171084292,0.6025701812610296,8,721,0.5031314922941874,1,4,0.1,1.0,true,12.629635,18.669636,87.063333,121.823229,20.869896,0.025781,261.120833,261.17276
164248106148630,164248010384901,265.551562,886,1920,90,walk_closer,0,0.5019029914850508,0.6048573005177892,13,54,0.42800421507395425,1,4,0.1,1.0,true,13.675417,17.008854,87.678854,116.907813,18.022187,0.026198,253.34974,253.413333
164248364008005,164248276937818,257.859375,886,1920,90,walk_closer,0,0.695984127577448,0.681312212617375,32,61,0.42736851567854117,1,4,0.1,1.0,true,13.650417,17.580052,93.072135,111.374219,18.117812,0.020729,253.843073,253.907239
164248621011026,164248543490943,257.003021,886,1920,90,walk_closer,0,0.9172932106811921,0.8840905621559154,15,64,0.4599755789039932,1,4,0.1,1.0,true,11.92,20.812708,90.362084,135.580468,18.235365,0.024479,276.965,277.010572
164248901794880,164248810043859,280.783854,886,1920,90,walk_closer,0,0.9065650992931125,0.7264757504962858,32,159,0.5101303353892064,1,4,0.1,1.0,true,13.412083,13.264635,84.044844,125.370938,19.398645,0.02948,255.562395,255.636822
164249161486077,164249076596984,259.691197,886,1920,90,walk_closer,0,0.9165220340848347,0.8261647974563882,41,208,0.5135264613260944,1,4,0.1,1.0,true,13.461823,16.892761,92.466406,116.331771,18.048854,0.026615,257.262865,257.34
164249422330452,164249343149901,260.844375,886,1920,90,walk_closer,0,0.9208338438033695,0.8183178176346001,42,180,0.5260212567539497,1,4,0.1,1.0,true,11.706719,21.981198,91.184844,121.252968,17.873282,0.020052,264.046094,264.087761
164249689499723,164249609703026,267.169271,886,1920,90,walk_closer,0,0.9190931936573377,0.9012091312354483,125,246,0.5454887245781848,1,4,0.1,1.0,true,12.186771,20.780417,88.508697,118.595105,19.011197,0.027188,259.144427,259.193073
164249954158056,164249876255943,264.658333,886,1920,90,walk_closer,0,0.9431703461254564,0.8901538287675229,63,72,0.5299406973155527,1,4,0.1,1.0,true,12.300312,26.259479,97.262657,118.516666,17.907656,0.019271,272.294218,272.349688
164250229648890,164250142809068,275.490834,886,1920,90,walk_closer,0,0.9138592737959332,0.8996664644500975,671,530,0.5201696180683655,2,4,0.1,1.0,true,12.125313,17.208593,88.607969,120.426667,18.167031,0.026823,256.593125,256.64026
164250491251077,164250409361984,261.602187,886,1920,90,tap_to_focus,0,0.9527398667738175,0.9389209784661532,84,91,0.501621921459261,1,0,0.1,1.0,true,18.780416,16.868959,91.142864,119.588907,18.07901,0.025677,264.514218,264.573177
164250759310139,164250675915109,268.059062,886,1920,90,tap_to_focus,0,0.8617317501562942,0.7330303568919161,909,835,0.43203743298944897,2,1,0.1,1.0,true,13.514792,22.178802,89.033385,134.253802,18.534636,0.023489,277.570521,277.619948
164251040454931,164250942468026,281.144792,886,1920,90,not_plant,0,0.39512156651717617,0.53451100751496,,1714,,,2,0.1,1.0,true,13.427709,16.156979,95.893906,65.13901,9.036146,0.001459,199.691667,199.729844
164251243958837,164251142382818,203.503906,886,1920,90,walk_closer,0,0.5290792516311542,0.8711405807952595,751,500,0.47300436469410556,3,2,0.1,1.0,true,15.577813,16.634062,93.560521,170.644375,22.483854,0.026615,318.960052,319.029167
164251569112795,164251475574068,325.153958,886,1920,90,walk_closer,0,0.7061274214985864,0.7362698174248911,875,1128,0.4581169857698342,1,2,0.1,1.0,true,13.412188,16.985156,100.35599,120.643906,18.153958,0.024479,269.60698,269.664115
164251843087587,164251775446359,273.974792,886,1920,90,walk_closer,0,0.8332275585533153,0.7873110651843215,777,869,0.44468741786515054,2,2,0.1,1.0,true,12.957604,15.80677,92.07724,122.463333,18.044323,0.023281,261.405729,261.471302
164252108537326,164252041999276,265.449739,886,1920,90,tap_to_focus,0,0.7862150164101546,0.7096765344791414,1126,980,0.42969479092396057,2,1,0.1,1.0,true,13.522396,16.78,91.977708,124.077917,18.07875,0.024687,264.529583,264.58
164252377107639,164252308552401,268.570313,886,1920,90,tap_to_focus,0,0.9214785995151279,0.8697621329435534,1007,915,0.42913875330586393,3,1,0.100725226,1.0,true,11.986614,18.726927,98.956094,118.490833,18.862813,0.019531,267.066875,267.109323
164252648011128,164252575105318,270.903489,886,1920,90,walk_closer,0,0.7857199500661772,0.9103239008923161,1097,833,0.4583669808579316,3,2,0.100725226,1.0,true,11.386511,16.827552,89.519843,131.843438,18.094635,0.025886,267.731146,267.779583
164252919975555,164252841658443,271.964427,886,1920,90,walk_closer,0,0.6549898767778688,0.6701184782580814,839,834,0.47529056549299753,2,2,0.100725226,1.0,true,11.676979,21.036666,100.37724,127.358854,18.356511,0.024791,278.864114,278.914427
164253203847482,164253108211359,283.871927,886,1920,90,not_plant,0,0.4058299850947878,0.6450754507989357,,766,,,2,0.100725226,1.0,true,14.337656,21.420469,89.257708,67.067604,8.956146,0.001094,201.071927,201.130729
164253408354878,164253341445318,204.507396,886,1920,90,not_plant,0,0.45411384887257567,0.6876417656133226,,729,,,2,0.100725226,1.0,true,17.109896,15.453177,86.866875,64.553281,9.031354,0.002032,193.044167,193.088125
164253645877690,164253574679068,237.522812,886,1920,90,not_plant,0,0.44024671780104163,0.8071109381793479,,1298,,,1,0.1,1.0,true,24.540052,18.341927,88.003386,65.207656,8.951042,0.00177,205.079219,205.130052
164253855509878,164253774593859,209.632188,886,1920,90,not_plant,0,0.37595407375476336,0.868712925038692,,311,,,2,0.17618042,1.0,true,15.501979,23.450365,89.841927,59.461146,9.074531,0.002083,197.365729,197.409323
164254057078003,164253974508651,201.568125,886,1920,90,not_plant,0,0.3768068459980503,0.8685259487291436,,226,,,2,0.17618042,1.0,true,18.028906,15.428281,92.686928,62.552187,11.321146,0.001562,200.05875,200.105104
164254260879513,164254174423443,203.80151,886,1920,90,not_plant,0,0.4838378060678871,0.819036807999348,,160,,,2,0.17618042,1.0,true,21.559739,14.646719,86.04776,60.137448,9.703698,0.003073,192.137291,192.232604
164254477921232,164254407657401,217.041719,886,1920,90,not_plant,0,0.49275794448305194,0.5822583577288025,,237,,,1,0.1,1.0,true,13.214114,22.757396,86.986771,65.124948,9.031927,8.85E-4,197.139375,197.196666
164254686181336,164254607571984,208.260104,886,1920,90,not_plant,0,0.49060791236895596,0.7195232962593257,,472,,,2,0.1,1.0,true,12.454947,24.08974,89.739635,59.105469,10.763281,0.001407,196.181666,196.231198
164254906346388,164254840805943,220.165052,886,1920,90,not_plant,0,0.4720574918205154,0.5349105422751614,,301,,,2,0.1,1.0,true,14.910886,22.00901,92.630104,72.191198,8.982552,7.81E-4,210.751563,210.799531
164255120965346,164255040720734,214.618958,886,1920,90,tap_to_focus,0,0.5955518991983191,0.5073028179159292,270,350,0.5282773323750725,1,3,0.1,1.0,true,13.231667,17.800104,89.748958,120.86901,19.595938,0.024115,261.304583,261.355989
164255385367846,164255307273859,264.4025,886,1920,90,tap_to_focus,0,0.5739807151938252,0.7005423257021973,300,218,0.5181856438996704,1,3,0.1,1.0,true,12.483698,26.615364,92.558438,125.15125,20.481354,0.024635,277.350052,277.396823
164255666587690,164255573826776,281.219844,886,1920,90,not_plant,0,0.4125318664469716,0.45766711273901334,,,,,4,0.1,1.0,true,12.864219,15.107239,98.1125,0.003959,0.047968,4.69E-4,126.153698,126.20802
164255875841439,164255807060734,209.253749,886,1920,90,not_plant,0,0.4872133866567873,0.7327455833316098,,1682,,,4,0.1,1.0,true,23.400417,19.5,92.738542,61.403489,10.044167,8.85E-4,207.115105,207.188334
164256086498991,164256006975526,210.657552,886,1920,90,walk_closer,0,0.6872115468970654,0.638882774616732,380,32,0.4850679358430199,2,4,0.1,1.0,true,13.828385,18.702344,87.743073,112.763437,17.995209,0.018333,251.076093,251.120938
164256340547846,164256273528443,254.048855,886,1920,90,walk_closer,0,0.8127491716003367,0.814180165137895,213,38,0.5183733772895778,1,4,0.1,1.0,true,12.231146,14.804167,89.293125,144.520468,24.162709,0.024219,285.067031,285.11802
164256628883627,164256540081568,288.335781,886,1920,90,walk_closer,0,0.7323836013390892,0.7756337907321937,102,10,0.4941319265184916,2,4,0.1,1.0,true,13.193854,21.027813,113.450781,163.96,21.801302,0.027969,333.489219,333.542708
164256968150449,164256873272818,339.266822,886,1920,90,walk_closer,0,0.540285457181042,0.545262286032921,17,21,0.5301162773860071,2,4,0.1,1.0,true,14.745156,21.134583,97.822865,143.354114,20.158334,0.019948,297.260573,297.319427
164257268661856,164257173144901,300.511407,886,1920,90,walk_closer,0,0.6461922131853013,0.6066453227375075,110,109,0.5288940125091557,1,4,0.1,1.0,true,14.010781,15.77125,108.490313,135.473333,20.096302,0.026458,293.904167,293.95776
164257567342376,164257473016984,298.68052,886,1920,90,not_plant,0,0.49567828680338644,0.5530105738092813,,11,,,4,0.1,1.0,true,14.71099,18.075,105.756041,73.224271,10.096511,0.001614,221.905104,221.957188
164257793127116,164257706250943,225.78474,886,1920,90,walk_closer,0,0.7978302323727162,0.6095282774073939,1559,1437,0.46230434438710954,5,4,0.1,1.0,true,21.940833,14.874219,103.687239,134.248959,22.63401,0.028802,297.450364,297.516771
164258095009407,164258006123026,301.882291,886,1920,90,walk_closer,0,0.6432184320760083,0.6240337923006087,717,471,0.47171704117598523,2,4,0.1,1.0,true,13.700677,25.875521,106.702812,134.066875,20.170886,0.030312,300.583698,300.659948
164258400852480,164258305995318,305.843073,886,1920,90,walk_closer,0,0.6517511528740916,0.6260659048962662,2608,440,0.4569222016991148,4,4,0.1,1.0,true,14.259687,14.977605,95.033229,136.316146,20.185104,0.025416,280.828698,280.8875
164258685707845,164258605867401,284.855365,886,1920,90,walk_closer,0,0.7771434211519824,0.49945157804506957,1899,,0.38849234201856575,5,4,0.1,1.0,true,14.073698,17.586718,102.199584,71.15927,9.97448,0.024739,215.042916,215.099791
164258905464928,164258805782193,219.757083,886,1920,90,walk_closer,0,0.6288213910194137,0.598583505549047,1592,1035,0.3751809367653891,4,4,0.1,1.0,true,17.956823,26.374271,112.37901,137.544375,19.871615,0.020781,314.174896,314.23026
164259223460657,164259138973443,317.995729,886,1920,90,walk_closer,0,0.788945979537991,0.8662736585044057,994,2080,0.3178363405112705,3,4,0.1,1.0,true,12.977396,21.73401,94.644687,133.059271,27.304636,0.025364,289.776145,289.822031
164259518639563,164259438845526,295.178906,886,1920,90,walk_closer,0,0.8872838617059539,0.8480316332148778,1738,2215,0.3610186151593666,5,4,0.1,1.0,true,24.619583,16.674739,103.258334,141.436458,20.094948,0.020885,306.135833,306.239583
164259828392323,164259738717609,309.75276,886,1920,90,walk_closer,0,0.909222690001976,0.7779271916432164,835,957,0.3930858275711957,3,4,0.1,1.0,true,14.120365,23.3075,108.002396,184.470677,20.100416,0.023229,350.05151,350.09625
164260184397896,164260105228026,356.005573,886,1920,90,tap_to_focus,0,0.9063540934380343,0.6388824915907007,1913,2100,0.385281513548577,4,0,0.1,1.0,true,13.109375,15.710261,100.975937,130.818073,21.928906,0.021459,282.589948,282.647552
164260470416906,164260405100318,286.01901,886,1920,90,tap_to_focus,0,0.8807746710380598,0.5749398014203964,1943,1873,0.3594867598133664,4,0,0.1,1.0,true,13.51323,15.320989,96.383177,139.145208,21.415834,0.026875,285.844167,285.898177
164260762973938,164260671653234,292.557032,886,1920,90,tap_to_focus,0,0.967368267356175,0.6579417858378068,694,448,0.39309317499959295,4,0,0.1,1.0,true,15.961406,19.34375,104.212604,132.492032,20.790312,0.028646,292.872135,292.939114
164261059485552,164260971525318,296.511614,886,1920,90,tap_to_focus,0,0.9719745147795081,0.7762053599170743,2019,830,0.43887164589082417,5,0,0.1,1.0,true,13.217396,21.004739,113.094896,196.843177,36.177084,0.030625,380.402864,380.448958
164261443706177,164261371354901,384.220625,886,1920,90,tap_to_focus,0,0.9296961649739869,0.9672110686298881,1019,1229,0.40266871024978457,3,0,0.1,1.0,true,31.183906,15.83349,107.128906,129.362188,20.031927,0.021041,303.593021,303.652604
164261750840604,164261671226984,307.134427,886,1920,90,tap_to_focus,0,0.820181637511338,0.8735109895445184,884,1633,0.3309463575410341,4,0,0.1,1.0,true,14.066146,26.086614,100.466563,171.672135,28.422187,0.024844,340.774323,340.817239
164262095595708,164262004418443,344.755104,886,1920,90,tap_to_focus,0,0.9300830227782284,0.6656733361841998,1713,525,0.4267515545237597,5,0,0.1,1.0,true,17.016875,16.116458,104.364844,154.498541,20.086927,0.027136,312.142343,312.189271
164262411817687,164262337609693,316.221979,886,1920,90,tap_to_focus,0,0.8713129107085105,0.3464626919184606,1869,,0.45182373418184696,3,0,0.1,1.0,true,15.873386,17.259375,104.177656,68.894687,9.982552,0.020625,216.236615,216.302448
164262631745031,164262537524276,219.927344,886,1920,90,tap_to_focus,0,0.8814759536418879,0.47284274693910616,1870,,0.4383130623289304,5,0,0.1,1.0,true,16.416511,15.630416,107.219584,68.203333,13.088437,0.025938,220.61599,220.658437
164262857284458,164262770758234,225.539427,886,1920,90,tap_to_focus,0,0.824854464937939,0.7275953077688829,1198,988,0.44900195369381635,3,0,0.1,1.0,true,21.876615,15.350469,124.127968,134.105053,20.10427,0.03073,315.645,315.702395
164263177988260,164263103949484,320.703802,886,1920,90,tap_to_focus,0,0.9050408181215239,0.8823558462939783,34,61,0.4364441555454306,1,0,0.1,1.0,true,15.295677,24.860156,102.389791,135.044219,26.023958,0.032657,303.683854,303.738437
164263490476384,164263403821776,312.488124,886,1920,90,tap_to_focus,0,0.9250606340203181,0.8775506235922433,765,747,0.3883865785228693,2,0,0.1,1.0,true,26.285156,24.190625,115.850781,138.902553,20.032031,0.025416,325.322708,325.425625
164263821451384,164263737013026,330.975,886,1920,90,tap_to_focus,0,0.955735510175641,0.926660662650372,31,49,0.49023799866827744,1,0,0.1,1.0,true,14.236355,23.513072,107.029375,136.075313,20.651041,0.028959,301.572761,301.631406
164264127091645,164264036885109,305.640261,886,1920,90,tap_to_focus,0,0.9270688304794936,0.9427832684150371,33,64,0.4351126397069791,1,3,0.1,1.0,true,14.464166,17.947188,97.433593,140.607344,20.135417,0.029062,290.653437,290.717395
164264422055863,164264336757193,294.964218,886,1920,90,walk_closer,0,0.9445622032304274,0.9457716978794894,35,73,0.45249579669942364,1,4,0.1,1.0,true,14.035677,29.245886,97.771614,138.327813,22.377448,0.027031,301.817604,301.892188
164264731446436,164264636629484,309.390573,886,1920,90,walk_closer,0,0.9544954065132625,0.940950907937837,34,75,0.46179986755198854,1,4,0.1,1.0,true,14.936146,15.503698,98.878802,133.885938,21.948489,0.023646,285.20875,285.270625
164265022055446,164264936501568,290.60901,886,1920,90,walk_closer,0,0.9573350899054514,0.9174589600848745,37,77,0.4546501992936811,1,4,0.1,1.0,true,15.307448,25.255,97.235313,128.288645,20.043959,0.020989,286.183646,286.250729
164265316537009,164265236373651,294.481563,886,1920,90,tap_to_focus,0,0.9688817458889248,0.931189264251426,34,64,0.4140547939558523,1,3,0.1,1.0,true,14.263385,20.104479,108.836042,133.365208,21.856927,0.02349,298.476093,298.527708
164265619692582,164265536245734,303.155573,886,1920,90,walk_closer,0,0.9654001751795701,0.9522222679476312,42,89,0.4620125031282285,1,4,0.1,1.0,true,14.07776,23.008594,92.92276,132.405,20.305938,0.02375,282.778437,282.844114
164265906670238,164265836118026,286.977656,886,1920,90,walk_closer,0,0.9648404438142135,0.9392563875519441,40,68,0.4307828995134457,1,4,0.1,1.0,true,21.33651,19.191719,128.562292,166.527187,22.591927,0.028021,358.273073,358.335885
164266274480446,164266169309276,367.810208,886,1920,90,walk_closer,0,0.9648212237055137,0.9345405219771966,36,82,0.4288316632496816,1,4,0.1,1.0,true,27.805625,36.201614,124.815886,170.214687,20.02474,0.021562,379.110572,379.17875
164266657364977,164266569138859,382.884531,886,1920,90,tap_to_focus,0,0.9651754923313192,0.9189439122503558,35,94,0.47137906197126966,1,3,0.1,1.0,true,13.570469,19.494323,106.308749,129.767344,20.018646,0.019844,289.206458,289.247656
164266950209769,164266869010943,292.844792,886,1920,90,tap_to_focus,0,0.9646256378614675,0.9456602168903679,37,91,0.4467500169363987,1,3,0.1,1.0,true,13.323802,22.860886,100.654739,129.558646,19.940313,0.020729,286.390365,286.437083
164267239834143,164267168883026,289.624374,886,1920,90,walk_closer,0,0.974224380025392,0.9345066512401737,45,97,0.44685136567122186,1,4,0.1,1.0,true,13.665208,20.20651,101.337813,135.621041,20.157553,0.02776,291.044218,291.097448
164267534835810,164267468755109,295.001667,886,1920,90,walk_closer,0,0.9751035595170089,0.9469580800597295,47,84,0.4593251951409343,1,4,0.1,1.0,true,13.572969,26.853177,106.435313,132.393281,20.022448,0.02151,299.324948,299.383802
164267838014612,164267768627401,303.178802,886,1920,90,walk_closer,0,0.9773655046389745,0.9452264037704043,39,87,0.44911240183225054,1,4,0.1,1.0,true,13.6225,16.69974,99.218229,133.636146,19.998385,0.021823,283.225105,283.285312
164268124522320,164268035180318,286.507708,886,1920,90,tap_to_focus,0,0.9748499453644902,0.9450592864255062,39,79,0.44612972659231787,1,3,0.1,1.0,true,13.808958,18.320937,102.751459,129.250937,19.919011,0.021406,284.105572,284.147188
164268412026383,164268335052609,287.504063,886,1920,90,tap_to_focus,0,0.9734572367081128,0.9376369800907991,43,81,0.4356680457059383,1,3,0.1,1.0,true,13.156406,15.938021,92.46651,140.317292,20.15625,0.025677,282.086927,282.128385
164268698470185,164268601605526,286.443802,886,1920,90,walk_closer,0,0.9752873242388383,0.9426832381700823,31,72,0.43839930276078576,1,4,0.1,1.0,true,19.511823,18.079583,99.197292,127.403854,19.94375,0.021615,284.18724,284.25026
164268986008101,164268901477609,287.537916,886,1920,90,walk_closer,0,0.9740012636375791,0.9473767477204007,37,90,0.440890360632622,1,4,0.1,1.0,true,14.022344,20.837968,109.862552,131.737709,21.046927,0.029687,297.587239,297.64849
164269287351539,164269201349901,301.343438,886,1920,90,walk_closer,0,0.9716269398078302,0.9576040442786969,33,70,0.42967137971459124,1,4,0.1,1.0,true,14.169479,23.968854,122.917552,138.189792,20.038073,0.021041,319.338697,319.388333
164269610461330,164269534541151,323.109791,886,1920,90,tap_to_focus,0,0.9699744338145347,0.9515748964119621,32,77,0.42883850409031865,1,3,0.1,1.0,true,13.175261,19.104583,97.653333,155.642396,20.219011,0.020989,305.844271,305.889219
164269919845653,164269834413234,309.384323,886,1920,90,walk_closer,0,0.9727129151132564,0.9468647491165513,31,70,0.42675213553778235,1,4,0.100725226,1.0,true,13.503906,17.330313,99.412135,138.348177,20.100156,0.027813,288.756562,288.808593
164270213759663,164270134285318,293.91401,886,1920,90,walk_closer,0,0.9674824694197004,0.9550314982576787,32,67,0.4347542203199737,1,4,0.100725226,1.0,true,14.226823,20.703802,102.159271,136.388646,20.038229,0.026354,293.579167,293.650156
164270511606746,164270434157609,297.847083,886,1920,90,walk_closer,0,0.9723520464908134,0.9409635460712393,41,66,0.4558584882570713,1,4,0.100725226,1.0,true,13.887396,23.918906,100.959427,131.498646,20.168229,0.02349,290.481667,290.539532
164270805762007,164270734029693,294.155261,886,1920,90,walk_closer,0,0.9664304784128838,0.9306804861531328,39,69,0.4616815014192426,1,4,0.100725226,1.0,true,13.69026,16.743646,101.853229,131.529635,20.076459,0.02526,283.947395,283.996614
164271096208309,164271000582609,290.446302,886,1920,90,walk_closer,0,0.9693521470396367,0.9405898511213142,37,75,0.45580557587118165,1,4,0.100725226,1.0,true,20.773802,19.671719,98.124323,129.571302,19.927917,0.023593,288.123698,288.214322
164271388102631,164271300454901,291.894322,886,1920,90,walk_closer,0,0.964075184108485,0.9407080861799875,31,79,0.4415634926698715,1,4,0.100725226,1.0,true,13.37651,17.354323,127.665729,140.591094,20.080417,0.029843,319.141666,319.18948
164271711786954,164271633646151,323.684323,886,1920,90,walk_closer,0,0.9723957828459656,0.9448706641443151,33,85,0.43458805144382495,1,4,0.100725226,1.0,true,13.740937,22.313385,103.206459,133.729948,20.17,0.027187,293.221666,293.312344
164272008876225,164271933518234,297.089271,886,1920,90,walk_closer,0,0.9750811554378677,0.961134248748742,30,69,0.4195887674938703,1,4,0.100725226,1.0,true,13.816093,26.43948,97.395833,135.364375,20.31151,0.028021,293.390208,293.431979
164272306893725,164272233390318,298.0175,886,1920,90,walk_closer,0,0.9704841902421102,0.9491844477475454,34,73,0.43378143373655575,1,4,0.100725226,1.0,true,14.39875,21.636407,99.964062,127.774427,20.225469,0.020989,284.050573,284.102656
164272594623725,164272533262609,287.73,886,1920,90,walk_closer,0,0.971043372773387,0.9340991809763723,43,71,0.4411254582230413,1,4,0.100725226,1.0,true,14.321614,21.376198,105.079687,148.728907,20.328437,0.023646,309.885937,309.933385
164272908047787,164272833134693,313.424062,886,1920,90,walk_closer,0,0.961010739712472,0.9183989079009107,74,63,0.36892672776315294,2,4,0.100725226,1.0,true,13.988698,22.610781,101.433021,135.150729,20.365729,0.029792,293.614166,293.662448
164273208415600,164273133006776,300.367813,886,1920,90,walk_closer,0,0.9630305096188699,0.9402192997520007,9,63,0.36133489575198574,1,4,0.100725226,1.0,true,14.003125,22.839948,101.316511,139.250624,19.872188,0.020833,297.334636,297.386614
164273518491276,164273432879068,310.075676,886,1920,90,walk_closer,0,0.9536020103897103,0.9230319739954135,187,74,0.4745684103248209,2,4,0.100725226,1.0,true,13.620938,17.396041,106.847917,138.95026,21.52375,0.029896,298.413385,298.483177
164273822846328,164273732751151,304.355052,886,1920,90,walk_closer,0,0.8904479666734015,0.9421132868010956,307,74,0.48175874778239347,1,4,0.100725226,1.0,true,14.709479,17.611875,103.987396,138.959948,20.198541,0.027136,295.528854,295.593698
164274122384558,164274032623234,299.53823,886,1920,90,walk_closer,0,0.9328944915938908,0.9600041972331307,46,82,0.47141814098792256,1,4,0.100725226,1.0,true,14.236823,15.600886,105.663489,140.910781,21.325,0.029479,297.806667,297.860104
164274424877318,164274332495526,302.49276,886,1920,90,walk_closer,0,0.8504540703247626,0.9357593531741851,262,73,0.494925411728353,1,4,0.100725226,1.0,true,16.815677,24.614115,103.85026,162.589271,21.821354,0.030937,329.763542,329.828489
164274759742370,164274665686776,334.865052,886,1920,90,tap_to_focus,0,0.8710293666427896,0.9264372312459561,235,74,0.4389180333196414,2,0,0.100725226,1.0,true,13.64375,15.215261,96.079531,137.597344,21.052239,0.026459,283.647709,283.699062
164275048168359,164274965558859,288.425989,886,1920,90,tap_to_focus,0,0.9293378514133814,0.9487901869141004,859,617,0.4795820765288674,2,0,0.100725226,1.0,true,15.204844,17.45526,102.765521,138.062344,20.05901,0.025886,293.606875,293.671823
164275345988047,164275265430943,297.819688,886,1920,90,tap_to_focus,0,0.9665471411769103,0.9681441307756358,94,618,0.5482285019922841,1,0,0.100725226,1.0,true,13.603594,20.858073,109.871614,133.720313,20.134479,0.026719,298.244635,298.280937
164275647986849,164275565303234,301.998802,886,1920,90,tap_to_focus,0,0.9454103143429083,0.9620621088039821,25,98,0.49988681790225087,1,0,0.100725226,1.0,true,14.578125,20.406406,100.112709,140.870156,20.021562,0.026511,296.055573,296.098802
164275947510859,164275865175318,299.52401,886,1920,90,tap_to_focus,0,0.9475845976462668,0.9459323825759618,86,331,0.531147696361927,1,0,0.100725226,1.0,true,13.537396,19.445521,106.140781,134.775521,20.259271,0.02849,294.217813,294.261666
164276245269817,164276165047401,297.758958,886,1920,90,tap_to_focus,0,0.9435644529662163,0.9552085233378563,68,320,0.5251702561598393,1,0,0.100725226,1.0,true,14.820364,19.617083,106.659063,146.195417,20.171822,0.029948,307.532239,307.580833
164276557130754,164276464919484,311.860937,886,1920,90,tap_to_focus,0,0.9578084060473218,0.9615296061814533,71,140,0.5310980150066769,1,3,0.12588117,1.0,true,14.538281,17.439115,101.163229,132.048906,20.220886,0.022448,285.466198,285.518646
164276846165702,164276764791776,289.034948,886,1920,90,tap_to_focus,0,0.9520152493496106,0.9662382002077202,73,189,0.5320646407015417,1,3,0.100725226,1.0,true,13.618438,17.952968,110.999323,129.426094,20.076667,0.023333,292.122448,292.163646
164277142864088,164277064663859,296.698386,886,1920,90,walk_closer,0,0.9543086339326292,0.9657843656118926,71,209,0.5297026550867301,1,4,0.100725226,1.0,true,13.149115,24.250625,102.29875,135.825677,21.137708,0.032552,296.729219,296.788541
164277444685285,164277364535943,301.821197,886,1920,90,walk_closer,0,0.8632722612476909,0.9179978770206884,765,1477,0.4399475024122239,2,4,0.100725226,1.0,true,13.774323,20.892813,105.04125,150.141979,20.007812,0.021875,309.911042,309.964532
164277758247837,164277664408234,313.562552,886,1920,90,not_plant,0,0.23865409025881892,0.24613279594128487,,,,,4,0.100725226,1.0,true,14.562917,18.063802,103.178906,0.003333,0.006615,5.21E-4,135.839219,135.871042
164277971181952,164277897641984,212.934115,886,1920,90,walk_closer,0,0.8382403277443888,0.8158575324956405,1956,1702,0.34105049471139637,3,4,0.100725226,1.0,true,21.578073,18.629532,112.613802,136.730468,21.963438,0.023229,311.565573,311.647969
164278287097889,164278197514276,315.915937,886,1920,90,walk_closer,0,0.9664224543515438,0.9186672445808508,1626,1447,0.3253245555375699,5,4,0.100725226,1.0,true,13.916406,20.709583,103.101875,136.863177,22.455782,0.029323,297.114218,297.180938
164278589471118,164278497386359,302.373229,886,1920,90,walk_closer,0,0.9567038065865489,0.9444735208337585,408,482,0.4293801143621221,1,4,0.100725226,1.0,true,21.727291,16.597657,102.629218,139.265573,20.143854,0.026615,300.427343,300.495677
164278894319556,164278830577609,304.848438,886,1920,90,walk_closer,0,0.9298801815544684,0.9642959005151868,513,432,0.39375223601362563,5,4,0.100725226,1.0,true,15.338906,16.864115,98.930885,128.659792,20.019219,0.027187,279.867865,279.928177
164279178602420,164279097130734,284.282864,886,1920,90,walk_closer,0,0.9016603959543504,0.9505505533068698,500,264,0.396372122591643,5,4,0.100725226,1.0,true,14.362604,17.13974,98.299062,139.022187,20.089323,0.027032,288.975416,289.040625
164279472016118,164279397002818,293.413698,886,1920,90,walk_closer,0,0.908661515549941,0.946598702964543,830,304,0.41782718306888,5,4,0.100725226,1.0,true,13.618645,19.977396,108.963073,140.999063,20.15651,0.025833,303.775104,303.824583
164279779521430,164279696874901,307.505312,886,1920,90,walk_closer,0,0.7290597067622475,0.8731602710867024,623,757,0.3593604927442158,3,4,0.100725226,1.0,true,13.577552,15.836979,111.935209,130.563854,20.203073,0.02151,292.169948,292.213959
164280075238461,164279996746984,295.717031,886,1920,90,walk_closer,0,0.9604284257986353,0.961893205323957,1200,569,0.40745646642439226,4,4,0.100725226,1.0,true,14.061875,17.188021,97.578281,135.677344,20.266614,0.02698,284.827969,284.875886
164280365994763,164280296619276,290.756302,886,1920,90,walk_closer,0,0.8364463386232115,0.8657130612224033,1719,1680,0.378776677105634,4,4,0.100725226,1.0,true,13.704739,20.754271,108.157083,137.169375,20.078125,0.032709,299.93776,300.001615
164280671193826,164280596491359,305.199063,886,1920,90,walk_closer,0,0.9529557016239237,0.9684166595834371,734,274,0.37407489071955524,4,4,0.100725226,1.0,true,13.224636,24.121458,106.758646,133.386667,25.095468,0.028334,302.654584,302.717916
164280978214919,164280896363443,307.021093,886,1920,90,walk_closer,0,0.8012546468838265,0.8092812038837724,488,798,0.3293816666432363,1,4,0.100725226,1.0,true,16.303125,18.251094,110.826041,173.050417,21.550781,0.026667,340.04401,340.097709
164281322895544,164281229554693,344.680625,886,1920,90,walk_closer,0,0.959699966861528,0.9748357335174663,156,211,0.40836245207108846,2,4,0.100725226,1.0,true,14.103854,15.121354,109.515313,170.262135,20.30474,0.023177,329.361042,329.415834
164281656900648,164281562746151,334.005104,886,1920,90,walk_closer,0,0.9764099124142793,0.9725630418051904,50,686,0.39113076304508354,3,4,0.100725226,1.0,true,14.628334,18.492083,103.061927,143.516823,20.036146,0.025208,299.793698,299.850886
164281960108721,164281895937401,303.208073,886,1920,90,tap_to_focus,0,0.9838482843484793,0.9834195499097427,157,416,0.43144822442270225,2,0,0.100725226,1.0,true,14.160468,15.121771,107.934219,140.342135,21.276406,0.109792,298.986354,299.030573
164282269538773,164282195809484,309.430052,886,1920,90,tap_to_focus,0,0.9773844801219663,0.9797663797522808,159,943,0.398874422544667,2,0,0.100725226,1.0,true,14.209322,21.443646,94.025261,125.434948,20.762916,0.02625,275.934895,276.003333
164282549573773,164282462362401,280.035,886,1920,90,tap_to_focus,0,0.9865727914453186,0.9935461219197953,402,482,0.3733807377187137,5,0,0.100725226,1.0,true,14.083802,22.212813,107.621614,130.348178,19.945729,0.021458,294.264219,294.310469
164282847200440,164282762234693,297.626667,886,1920,90,tap_to_focus,0,0.9892105577974551,0.9897537029801823,688,602,0.36318428048297413,4,0,0.100725226,1.0,true,13.162812,21.339792,100.630989,135.752292,19.946667,0.021458,290.888854,290.92677
164283141561221,164283062106776,294.360781,886,1920,90,tap_to_focus,0,0.9856087688574274,0.9909920065112249,622,510,0.40898310177755803,4,0,0.100725226,1.0,true,20.26026,16.985052,97.853907,128.995312,19.994531,0.020886,284.140312,284.182083
164283429024814,164283361978859,287.463593,886,1920,90,tap_to_focus,0,0.9878726473514915,0.9917538459640352,514,575,0.3873103625455556,4,0,0.100725226,1.0,true,14.355782,30.111666,97.804323,144.778438,20.197552,0.026666,307.306771,307.350573
164283740814398,164283661851151,311.789584,886,1920,90,tap_to_focus,0,0.9809139866319587,0.9936303410578681,395,461,0.39971618921022056,4,0,0.100725226,1.0,true,13.700156,16.235364,103.819011,139.83302,21.471459,0.031823,295.126301,295.253906
164284042145231,164283961723234,301.330833,886,1920,90,tap_to_focus,0,0.983428992535855,0.9884964364922052,410,236,0.3687606490730033,3,0,0.100725226,1.0,true,15.299375,19.54375,98.212969,135.230364,20.061354,0.027344,288.412812,288.468489
164284333981377,164284261595318,291.836146,886,1920,90,tap_to_focus,0,0.989517680608271,0.9914207663638877,614,630,0.3899779487875321,5,0,0.100725226,1.0,true,13.834271,19.219791,107.902552,126.755625,20.074636,0.020364,287.829791,287.869114
164284625410178,164284528148443,291.428801,886,1920,90,tap_to_focus,0,0.9869327878445316,0.9904727389094334,1261,471,0.37159171970193494,5,0,0.100725226,1.0,true,17.431667,17.945833,93.709063,136.445416,20.171979,0.026979,285.76349,285.801719
164284915550803,164284828020526,290.140625,886,1920,90,tap_to_focus,0,0.9869251052788426,0.9868495883642793,1265,696,0.35340306826416423,5,0,0.100725226,1.0,true,15.925364,23.731979,105.653802,131.799219,20.413802,0.029167,297.602499,297.664479
164285217208616,164285127892609,301.657813,886,1920,90,tap_to_focus,0,0.9822454352606611,0.9856429631836955,208,83,0.3896153247064973,3,0,0.100725226,1.0,true,15.61901,21.363542,96.852708,136.699219,20.169583,0.031146,290.779479,290.835781
164285512546064,164285427764901,295.337448,886,1920,90,tap_to_focus,0,0.9849627600044788,0.9930482560847024,653,720,0.4240720953631296,2,0,0.100725226,1.0,true,13.823438,24.276979,103.319218,125.633959,20.253385,0.021146,287.353021,287.389322
164285803441428,164285727636984,290.895364,886,1920,90,tap_to_focus,0,0.9857580126383876,0.9906051133987963,588,504,0.4208957936687625,4,0,0.100725226,1.0,true,13.716615,18.980312,97.687969,131.557812,20.762865,0.024271,282.762396,282.801042
164286089577574,164285994189901,286.136146,886,1920,90,tap_to_focus,0,0.9850938807484821,0.9838431017273217,100,761,0.39215260346019054,4,1,0.5274261,1.0,true,14.810313,26.076875,108.238333,134.121719,20.063541,0.026667,303.375417,303.41802
164286397994865,164286327381151,308.417291,886,1920,90,tap_to_focus,0,0.9866932747149632,0.9864612082174157,462,696,0.43681297183123036,3,3,0.5274261,1.0,true,13.490469,28.076719,107.858281,130.311146,20.218229,0.020573,299.997552,300.05375
164286701641532,164286627253443,303.646667,886,1920,90,tap_to_focus,0,0.9800608698980533,0.9919667105849911,422,726,0.4434551883524058,3,3,0.42716786,1.0,true,13.002761,18.79125,97.281562,135.621615,20.126718,0.02448,284.87875,284.924896
164286990625126,164286893806359,288.983594,886,1920,90,walk_closer,0,0.9801373264458884,0.9909978905731788,333,723,0.4353529594880854,2,4,0.42716786,1.0,true,13.677448,21.909687,93.389948,137.122813,20.134791,0.027292,286.303073,286.368541
164287283022157,164287193678651,292.397031,886,1920,90,walk_closer,0,0.9725031513552777,0.9889156690971965,247,557,0.4145664478641482,4,4,0.42716786,1.0,true,13.759166,18.298021,103.185313,131.084479,20.087396,0.027812,286.485781,286.551302
164287574400646,164287493550734,291.378489,886,1920,90,walk_closer,0,0.9802722857338961,0.9819032923270813,426,658,0.4291570088327177,3,4,0.42716786,1.0,true,13.772032,19.534166,96.985677,132.844584,20.533333,0.024271,283.721094,283.782083
164287862300646,164287793422818,287.9,886,1920,90,walk_closer,0,0.9871903860466179,0.9868136163307306,424,574,0.4359270139611553,4,4,0.42716786,1.0,true,21.534479,18.991041,102.93948,157.718072,19.979323,0.020729,321.211666,321.269479
164288187019083,164288093294901,324.718437,886,1920,90,tap_to_focus,0,0.983735461661921,0.9912453345610239,639,484,0.4154192095664939,3,3,0.5025126,1.0,true,15.547136,23.020364,100.084948,126.93875,20.81224,0.0225,286.453594,286.488907
164288477337990,164288393167193,290.318907,886,1920,90,tap_to_focus,0,0.9860785683353799,0.9902397516742008,760,419,0.4091351086367041,3,3,0.5524862,1.0,true,13.18474,20.301823,96.256718,136.936823,20.064115,0.020104,286.795208,286.83151
164288767826271,164288693039276,290.488281,886,1920,90,walk_closer,0,0.9870740771082822,0.9866197316049684,545,466,0.41230542948800064,3,4,0.5274261,1.0,true,14.049531,20.98901,93.78224,138.638177,20.366302,0.019739,287.870677,287.912135
164289059431843,164288992911359,291.605572,886,1920,90,walk_closer,0,0.9795093183120962,0.9860435506257099,114,640,0.4153147909176056,4,4,0.5274261,1.0,true,13.525417,18.159531,99.496562,130.461094,20.059375,0.035104,281.767656,281.817448
164289344663666,164289259464484,285.231823,886,1920,90,walk_closer,0,0.9848871059417684,0.9903679313121672,1049,678,0.4086458555130572,4,4,0.5274261,1.0,true,13.736146,17.995573,99.050989,129.779896,20.083906,0.026198,280.70776,280.753906
164289630651427,164289559336568,285.987761,886,1920,90,walk_closer,0,0.9838533535842131,0.9916239407826355,704,620,0.4036978647280165,4,4,0.5274261,1.0,true,19.742135,19.408282,98.378437,133.355469,20.257812,0.025677,291.19276,291.253749
164289926314083,164289859208651,295.662656,886,1920,90,walk_closer,0,0.9806417237747493,0.983058673131158,403,789,0.36564054936860657,4,4,0.5274261,1.0,true,14.433594,23.952552,105.914375,218.450833,22.407187,0.030209,385.224062,385.284427
164290315911999,164290225719068,389.597916,886,1920,90,walk_closer,0,0.9849343790203474,0.9869370778631898,642,530,0.4250383573242331,4,4,0.5274261,1.0,true,14.563646,19.370833,100.456615,130.151614,20.036354,0.021615,284.630677,284.684896
164290604520489,164290525591359,288.60849,886,1920,90,walk_closer,0,0.9849186197060559,0.988628904298092,387,550,0.43940541693170587,3,4,0.5274261,1.0,true,13.697031,24.203437,101.050834,136.220885,20.296406,0.020782,295.52401,295.564635
164290904349812,164290825463443,299.829323,886,1920,90,tap_to_focus,0,0.9805469602990778,0.9895224212315429,256,584,0.42667493950406765,4,3,0.5025126,1.0,true,13.601719,24.209166,104.342917,138.437604,20.008229,0.021563,300.650781,300.688854
164291209671530,164291125335526,305.321718,886,1920,90,tap_to_focus,0,0.97813042937482,0.9875643628752189,908,566,0.4294190903168271,4,3,0.47732696,1.0,true,12.797761,22.712239,107.076302,143.760365,21.938854,0.025469,308.342709,308.38026
164291522591113,164291425207818,312.919583,886,1920,90,tap_to_focus,0,0.9809699349400498,0.9889994856264732,190,571,0.44433409388766876,3,3,0.452284,1.0,true,18.941458,17.349792,104.213698,142.59125,20.024322,0.021042,303.17302,303.22
164291829864967,164291758399068,307.273854,886,1920,90,tap_to_focus,0,0.9779141909573724,0.9870341019947136,413,775,0.41986184433738316,4,3,0.5025126,1.0,true,14.210573,18.83875,107.381198,137.797291,20.411198,0.024636,298.690312,298.729115
164292137216894,164292024951984,307.351927,886,1920,90,walk_closer,0,0.9780939861394558,0.9862280437233012,438,684,0.4193056876875545,2,4,0.57770073,1.0,true,18.826198,21.591198,111.840521,143.409635,20.143646,0.038854,315.878281,315.922657
164292457582103,164292391462401,320.365209,886,1920,90,tap_to_focus,0,0.9787549843015203,0.9850017826280061,358,611,0.42462765640418354,2,3,0.5524862,1.0,true,14.539844,23.097292,110.696927,149.819323,21.209739,0.022969,319.415833,319.462135
164292780248040,164292691334484,322.665937,886,1920,90,tap_to_focus,0,0.9584174820567521,0.978138523030919,85,93,0.39668694696918205,2,3,0.452284,1.0,true,14.201354,16.938594,106.452708,141.849427,21.513646,0.021562,300.999322,301.032917
164293085307415,164292991206776,305.059375,886,1920,90,tap_to_focus,0,0.9855027621423245,0.9855038659976317,552,735,0.42689824659105113,4,3,0.452284,1.0,true,14.930677,17.267135,106.256875,142.793177,20.439063,0.021614,301.731771,301.775521
164293391128665,164293291078859,305.82125,886,1920,90,tap_to_focus,0,0.9722182210249735,0.9745020974960877,15,753,0.41612811025524366,2,3,0.5274261,1.0,true,14.498906,22.820625,112.998073,149.777916,20.2725,0.030521,320.437864,320.496145
164293716674863,164293624270109,325.546198,886,1920,90,tap_to_focus,0,0.8687875033331344,0.9440312038945593,753,952,0.34355590755282606,5,3,0.5524862,1.0,true,14.35099,20.8125,105.504739,149.917969,20.072187,0.029219,310.738125,310.800624
164294034321633,164293957461359,317.64677,886,1920,90,tap_to_focus,0,0.7768952117437594,0.7496539103299729,1924,1169,0.37335699170598957,5,3,0.77760494,1.0,true,13.240834,23.165625,105.106875,172.007656,20.268854,0.024844,333.842448,333.895677
164294371961841,164294290652609,337.640208,886,1920,90,tap_to_focus,0,0.9658842005668246,0.9669850807014156,940,1116,0.3495210242138995,5,3,0.77760494,1.0,true,15.113542,23.129011,110.997187,152.255937,20.143646,0.028334,321.700365,321.752032
164294701401060,164294590524901,329.439219,886,1920,90,tap_to_focus,0,0.9480310899686617,0.9773407830672057,981,212,0.4159133034120259,5,3,0.90252703,1.0,true,14.334792,22.612083,98.87474,144.724062,20.108438,0.019583,300.705,300.78974
164295005683612,164294923716151,304.282552,886,1920,90,hazard,0,0.9476871574421952,0.9847168033325766,109,5,0.3764581365675568,4,3,0.82712984,1.0,true,21.056042,18.519531,118.070833,163.289219,20.017187,0.026771,341.007239,341.038021
164295350944497,164295256907401,345.260885,886,1920,90,hazard,0,0.9563342595472407,0.9760120434849304,108,5,0.3543540930843676,4,3,1.0515248,1.0,true,14.203282,18.308958,105.2525,133.495156,20.281459,0.022031,291.593177,291.640104
164295647342883,164295556779484,296.398386,886,1920,90,tap_to_focus,0,0.9490765700119249,0.966926475963404,124,34,0.33715190361988334,3,3,1.150748,1.0,true,14.109011,18.519948,112.533749,138.233282,20.084271,0.020156,303.527136,303.562083
164295954611737,164295856651568,307.268854,886,1920,90,tap_to_focus,0,0.957315425228193,0.9677748872140804,231,21,0.3663752144109438,2,3,1.25,1.0,true,14.794218,18.112604,104.956459,144.059114,21.4325,0.023281,303.411145,303.445989
164296263221632,164296189843026,308.609895,886,1920,90,tap_to_focus,0,0.9578969095470252,0.9772499221836112,34,32,0.34914153887326194,2,3,1.4992504,1.0,true,21.047031,21.284323,102.754688,139.028437,20.974115,0.022083,305.136875,305.176198
164296571719445,164296489715109,308.497813,886,1920,90,tap_to_focus,0,0.9608373757967976,0.9727403311897882,27,63,0.3475888285570363,2,3,1.4492754,1.0,true,21.13927,21.272552,110.175417,150.166042,22.540729,0.048489,325.389322,325.43151
164296902114236,164296822906359,330.394791,886,1920,90,walk_closer,0,0.9740064509827665,0.9736560301268216,52,76,0.35390925815858054,2,4,1.4492754,1.0,true,14.281667,23.065365,106.12875,146.130677,21.169218,0.022813,310.829792,310.890261
164297217101424,164297122778443,314.987188,886,1920,90,tap_to_focus,0,0.9613369240107884,0.9762427502377127,27,106,0.358957046325056,2,3,1.472754,1.0,true,14.578594,17.619635,108.21526,154.338021,19.932292,0.021614,314.731406,314.777291
164297535759965,164297455969693,318.658541,886,1920,90,tap_to_focus,0,0.9631601395630326,0.969424561946632,70,27,0.36346097798107735,2,3,1.3245033,1.0,true,13.866042,16.550521,109.777239,139.795573,20.180625,0.026563,300.230365,300.271511
164297840429496,164297755841984,304.669531,886,1920,90,tap_to_focus,0,0.9736416148979575,0.9856510827797252,93,25,0.3622125965993206,2,3,1.3495277,1.0,true,14.04375,17.507344,105.282447,137.523802,20.0275,0.019896,294.435781,294.483021
164298138411528,164298055714068,297.982032,886,1920,90,tap_to_focus,0,0.9777492133559589,0.986505692749197,26,23,0.37935104887334514,2,3,1.3245033,1.0,true,23.145365,18.930573,105.10026,164.188437,20.222813,0.025573,331.642344,331.681406
164298475436319,164298388905318,337.024791,886,1920,90,walk_closer,0,0.9545809775699469,0.961676562784622,43,30,0.36993924454571925,2,4,1.3495277,1.0,true,14.769479,30.172396,111.588854,147.584167,19.955677,0.023802,324.123646,324.176875
164298802890850,164298722096568,327.454531,886,1920,90,tap_to_focus,0,0.9627590571789268,0.9674226977413705,37,155,0.349658461717155,2,3,1.3495277,1.0,true,13.57151,21.255781,104.245417,156.072448,28.63,0.02802,323.842031,323.884583
164299130729704,164299055287818,327.838854,886,1920,90,tap_to_focus,0,0.9552063763912743,0.9765800642109118,56,35,0.3575195622086653,2,3,1.2755102,1.0,true,14.113698,17.494479,111.833229,256.580677,20.370781,0.026875,420.458385,420.514427
164299554453662,164299488436568,423.723958,886,1920,90,walk_closer,0,0.9697687979587472,0.976545323072166,39,22,0.36081490276723116,2,4,1.2755102,1.0,true,14.066614,15.271823,110.334844,142.194167,20.304479,0.028021,302.235781,302.284896
164299861885069,164299788308651,307.431407,886,1920,90,walk_closer,0,0.9617584215442231,0.9750530362916293,31,43,0.35193616039499354,2,4,1.2755102,1.0,true,13.927031,22.638125,102.300469,141.319948,29.264531,0.028073,309.513489,309.582656
164300174160225,164300088180734,312.275156,886,1920,90,walk_closer,0,0.9454516225302881,0.9549727386429843,19,45,0.34882584773687597,2,4,1.2755102,1.0,true,14.954114,26.787709,127.289166,169.025625,20.351146,0.026719,358.475416,358.527864
164300536093193,164300454691151,361.932968,886,1920,90,walk_closer,0,0.9187613631479522,0.9733342043176582,61,86,0.35705345951289047,2,4,1.2755102,1.0,true,13.639792,21.318021,108.98125,146.224843,20.36698,0.023698,310.583854,310.625313
164300850296526,164300754563443,314.203333,886,1920,90,walk_closer,0,0.9203928245303911,0.9648939938770488,50,59,0.35410612560366417,2,4,1.2755102,1.0,true,13.451614,16.525052,105.954636,145.443698,20.576875,0.026406,302.013385,302.059323
164301158227047,164301087754693,307.930521,886,1920,90,walk_closer,0,0.9209134959289034,0.9738185413932579,79,85,0.35316390453346,2,4,1.2755102,1.0,true,13.368593,22.474323,104.061511,234.690364,20.633906,0.025573,395.285104,395.346458
164301559863349,164301454265109,401.636302,886,1920,90,walk_closer,0,0.9465132801946236,0.9690297180220337,58,91,0.3534853132972273,2,4,1.2755102,1.0,true,13.43,21.733437,93.305313,146.147396,20.013073,0.026979,294.686562,294.74099
164301859173557,164301787456359,299.310208,886,1920,90,walk_closer,0,0.8929873319357287,0.9684774234070185,50,134,0.37161472905333426,2,4,1.2755102,1.0,true,14.081094,21.030208,98.747344,151.868645,24.975157,0.026927,310.762812,310.810781
164302174309859,164302087328443,315.136302,886,1920,90,walk_closer,0,0.9048654454369465,0.968766784449266,59,24,0.3724490067467521,2,4,1.2755102,1.0,true,13.720833,21.919115,106.453594,180.210833,20.372708,0.022657,342.758438,342.812656
164302521794963,164302420519693,347.485104,886,1920,90,walk_closer,0,0.9604452595982826,0.9755191601697548,97,107,0.34508339209565975,2,4,1.2755102,1.0,true,14.200729,27.444792,118.457552,166.451354,20.207031,0.022969,346.81224,346.863698
164302873941422,164302787030109,352.146459,886,1920,90,tap_to_focus,0,0.9701016093495504,0.9801334852053081,216,81,0.37417244497630975,2,3,1.3986014,1.0,true,24.814947,24.127553,129.575989,249.88276,20.385677,0.026198,448.84651,448.890885
164303327440067,164303253497818,453.498645,886,1920,90,walk_closer,0,0.9758894100857646,0.9785629970817076,116,72,0.3630799212972917,2,4,1.4992504,1.0,true,15.170312,33.314635,134.301511,175.340156,20.301458,0.021927,378.483176,378.531719
164303710116630,164303620008234,382.676563,886,1920,90,walk_closer,0,0.9736544961889242,0.9846738976775564,59,114,0.3301168910119543,4,4,1.4992504,1.0,true,15.123073,17.135833,132.915625,143.623282,26.37625,0.02526,335.227604,335.285729
164304049783192,164303953199484,339.666562,886,1920,90,walk_closer,0,0.9768448437677267,0.9733992689892573,68,13,0.32178667762804025,5,4,1.4992504,1.0,true,14.86927,26.069636,107.040781,138.333542,20.138541,0.0225,306.504374,306.556094
164304359874338,164304286390943,310.091146,886,1920,90,tap_to_focus,0,0.9680894460435552,0.9742064624851978,46,50,0.326491812450854,2,3,1.150748,1.0,true,13.5175,19.373125,102.197396,157.885625,20.012552,0.020677,313.037344,313.075
164304676314077,164304586263026,316.439739,886,1920,90,walk_closer,0,0.9590214601789856,0.9688382338528974,308,12,0.3420791457102439,3,4,1.0764263,1.0,true,14.076354,16.139479,103.750104,127.611511,21.773333,0.025573,283.403906,283.450573
164304963705483,164304886135109,287.391406,886,1920,90,walk_closer,0,0.9709645380896669,0.9748250577936716,87,46,0.35558060835914773,2,4,1.0764263,1.0,true,23.934323,18.147396,131.800833,146.296719,20.770468,0.025625,341.008594,341.068958
164305308194181,164305219326359,344.488698,886,1920,90,walk_closer,0,0.9732314429211895,0.9761719671769093,95,11,0.34780899547601507,2,4,1.0764263,1.0,true,14.193906,19.336563,106.54875,131.069583,20.100521,0.023021,291.307031,291.353073
164305603246420,164305519198651,295.052239,886,1920,90,tap_to_focus,0,0.9726460690843819,0.9741800920882129,242,14,0.3215224364683422,2,3,1.126126,1.0,true,14.134687,24.721198,110.293177,131.774479,20.009375,0.022396,300.981302,301.019271
164305908166785,164305819070734,304.920365,886,1920,90,walk_closer,0,0.9703663753480857,0.9780442298093871,40,40,0.33360418477560216,3,4,1.150748,1.0,true,14.410938,16.736041,97.053386,158.132031,21.415625,0.028438,307.810781,307.874687
164306223893816,164306152261984,315.727031,886,1920,90,walk_closer,0,0.9742696488191647,0.9776904423508932,47,68,0.3605471138464651,2,4,1.150748,1.0,true,16.633385,20.481875,101.115521,145.124583,20.019532,0.027448,303.440625,303.51375
164306533106160,164306452134068,309.212344,886,1920,90,walk_closer,0,0.9692559059996648,0.9742963809589691,147,19,0.30652773542769296,4,4,1.150748,1.0,true,14.610886,22.0325,104.54401,198.723646,24.578281,0.035209,364.655469,364.726458
164306902552097,164306818644484,369.445937,886,1920,90,walk_closer,0,0.9721763516923622,0.9787926503277098,69,16,0.3772930735329396,2,4,1.150748,1.0,true,15.820104,21.21901,116.916928,162.580468,24.848021,0.026563,341.439583,341.502448
164307254879857,164307151835734,352.32776,886,1920,90,walk_closer,0,0.976136098839643,0.9779759291375277,27,14,0.3459044393412256,2,4,1.150748,1.0,true,16.102083,26.39224,130.647135,158.386823,22.794844,0.025729,354.384271,354.441823
164307613369284,164307518346151,358.489427,886,1920,90,tap_to_focus,0,0.96872599111445,0.9719860280355148,20,125,0.3358940929196521,4,3,1.126126,1.0,true,15.666354,20.898229,107.842917,153.926927,22.815989,0.023959,321.210573,321.294844
164307938398399,164307851537401,325.029115,886,1920,90,walk_closer,0,0.9721767710251062,0.9825183919747722,35,8,0.3413673871029914,2,4,1.0515248,1.0,true,23.65599,16.879166,112.677813,155.477343,23.866927,0.029219,332.620469,332.679427
164308274861680,164308184728651,336.463281,886,1920,90,walk_closer,0,0.9711019538016415,0.9834683985857378,110,75,0.33291897793822045,4,4,1.0515248,1.0,true,15.985052,18.63224,112.995104,153.74375,24.315885,0.032344,325.745521,325.803229
164308605570117,164308517920109,330.708437,886,1920,90,walk_closer,0,0.9637415741399645,0.9791092489676086,62,15,0.3549999848432037,2,4,1.0515248,1.0,true,23.975417,19.298333,108.575781,148.388594,24.063958,0.030886,324.375,324.437031
164308934930430,164308851111359,329.360313,886,1920,90,walk_closer,0,0.9719283146279457,0.9769605120615118,42,31,0.3414253295161984,2,4,1.0515248,1.0,true,15.441354,23.246927,121.740937,149.137396,24.059636,0.031562,333.693802,333.765572
164309275002877,164309184302609,340.072447,886,1920,90,walk_closer,0,0.9711510216669264,0.9774789961891412,236,16,0.3535543222190256,2,4,1.0515248,1.0,true,16.428437,23.231354,110.647136,158.930573,24.525781,0.029739,333.827343,333.886771
164309612883294,164309517493859,337.880417,886,1920,90,walk_closer,0,0.9692966374026197,0.9760929763765319,43,27,0.33860582215544355,2,4,1.0515248,1.0,true,30.821406,19.942135,111.39375,157.96625,24.338229,0.027552,344.524843,344.575989
164309964463242,164309884004276,351.579948,886,1920,90,walk_closer,0,0.9721731264041574,0.983836741330291,137,8,0.353363150926981,2,4,1.0515248,1.0,true,16.437656,26.365313,111.886146,160.135416,24.340834,0.029635,339.224583,339.28651
164310308455742,164310217195526,343.9925,886,1920,90,walk_closer,0,0.9763304961520345,0.9844222820334547,89,29,0.374274490986636,2,4,1.0515248,1.0,true,16.13651,23.231563,120.585937,162.370729,24.293594,0.030625,346.688177,346.752447
164310662474231,164310583705943,354.018489,886,1920,90,hazard,0,0.9697786756756548,0.9786695839762939,45,5,0.344594765098563,2,4,1.0515248,1.0,true,24.006093,19.513959,115.067656,157.608906,22.994479,0.024532,339.2525,339.310521
164311005648658,164310916897193,343.174427,886,1920,90,walk_closer,0,0.9677505448091346,0.9858299172999789,29,115,0.3360809646760341,3,4,1.0515248,1.0,true,16.422291,19.082656,143.073177,161.196146,24.046146,0.030052,363.884791,363.943437
164311374833137,164311283407609,369.184479,886,1920,90,walk_closer,0,0.9787516330353926,0.9749534638486123,26,25,0.32939691663617054,3,4,1.0515248,1.0,true,16.49724,20.669531,122.585208,162.648438,24.317499,0.029167,346.782396,346.846562
164311726522929,164311649918026,351.689792,886,1920,90,walk_closer,0,0.9764923456908087,0.9804834002865169,25,21,0.34488076098742226,3,4,1.0515248,1.0,true,21.444688,26.149114,157.238386,164.044948,23.944739,0.029271,392.886667,392.946927
164312124255949,164312049747609,397.73302,886,1920,90,walk_closer,0,0.9714358688614431,0.9811058475390327,42,14,0.3352031717860555,3,4,1.0515248,1.0,true,15.44901,25.545833,114.021407,159.462135,24.758594,0.03375,339.309479,339.363333
164312468282668,164312382938859,344.026719,886,1920,90,walk_closer,0,0.9708600982132777,0.9818598211852205,23,25,0.3847799948306232,2,4,1.0515248,1.0,true,16.027604,19.921562,111.189115,162.089896,25.248229,0.032916,334.548489,334.620781
164312808310532,164312716130109,340.027864,886,1920,90,tap_to_focus,0,0.9705929375365947,0.9816479221379526,70,6,0.3243409906096417,3,0,1.0515248,1.0,true,16.271042,20.64677,125.490313,156.920052,24.111406,0.029948,343.510364,343.572188
164313158068032,164313082640526,349.7575,886,1920,90,tap_to_focus,0,0.9288314284871496,0.9845971780869889,93,24,0.40489509616377006,3,0,1.026694,1.0,true,14.924531,22.320782,113.772448,168.823749,24.050886,0.025,343.947604,344.025
164313506511730,164313415831776,348.443698,886,1920,90,tap_to_focus,0,0.9306363683474534,0.9568484096267188,266,237,0.3450113139866797,3,0,1.026694,1.0,true,16.108282,25.862656,118.258698,156.862812,23.911823,0.027813,341.06125,341.121875
164313852335115,164313749023026,345.823385,886,1920,90,tap_to_focus,0,0.976223980235093,0.9598125259551713,1166,381,0.41824123534171065,2,0,1.026694,1.0,true,15.459115,23.849375,124.53526,168.106042,24.519479,0.028542,356.531979,356.59099
164314213400636,164314115533443,361.065521,886,1920,90,tap_to_focus,0,0.9827116593330151,0.9644916167984827,357,340,0.4259214783427723,4,0,0.47732696,1.0,true,17.004115,20.30526,107.134792,217.045833,25.169427,0.029844,386.720521,386.781979
164314604090636,164314515363026,390.69,886,1920,90,tap_to_focus,0,0.8990565319561659,0.9227255831224261,1332,1226,0.42412284104105424,2,0,0.47732696,1.0,true,15.586614,23.903021,131.836563,205.510156,25.286667,0.029583,402.189062,402.238802
164315011990063,164314915192401,407.899427,886,1920,90,tap_to_focus,0,0.7366428649779595,0.8538835919356029,1738,1255,0.3944715321251806,4,0,0.37707388,1.0,true,19.325469,18.893438,119.450468,186.132552,24.533386,0.030833,368.411771,368.471979
164315384883396,164315315021984,372.893333,886,1920,90,tap_to_focus,0,0.9093524036121374,0.9284285983839823,1203,793,0.4749907123639936,1,0,0.35198873,1.0,true,15.350208,18.159115,114.910104,152.280364,24.342188,0.028177,325.097708,325.150677
164315714123187,164315614894068,329.239791,886,1920,90,tap_to_focus,0,0.9014442281960217,0.9469403141936563,1032,946,0.5023909573700678,1,0,0.35198873,1.0,true,15.998906,19.535417,116.522343,154.057813,24.23,0.027708,330.407135,330.451198
164316051837094,164315981404484,337.713907,886,1920,90,tap_to_focus,0,0.8993882145960834,0.8784296040418065,837,789,0.5165608587264785,1,0,0.35198873,1.0,true,16.050781,26.69401,157.217552,154.571563,26.364687,0.031406,380.977083,381.036249
164316440054854,164316347914901,388.21776,886,1920,90,tap_to_focus,0,0.8114222580170536,0.913610514674566,385,580,0.4721190914513045,1,0,0.35198873,1.0,true,24.820573,20.103072,105.899948,163.194531,23.28849,0.025469,337.358541,337.419739
164316782508187,164316714425318,342.453333,886,1920,90,tap_to_focus,0,0.8750349379515957,0.9114277470791863,822,769,0.4691915685258863,1,0,0.35198873,1.0,true,16.816927,17.426459,151.13776,163.126615,23.906718,0.030261,372.484531,372.544635
164317160108343,164317080935734,377.600156,886,1920,90,tap_to_focus,0,0.9003024796105576,0.8919518469612467,889,762,0.48706383628879735,1,0,0.35198873,1.0,true,15.309114,20.343698,112.576771,170.029896,32.972448,0.030052,351.303125,351.349792
164317520630322,164317447446151,360.521979,886,1920,90,tap_to_focus,0,0.8975982084976045,0.8573355922302414,383,598,0.46995748014258965,1,0,0.4022526,1.0,true,19.188125,26.176927,120.489948,155.765573,23.614896,0.030052,345.301823,345.367969
164317871041572,164317780637401,350.41125,886,1920,90,tap_to_focus,0,0.8574519929056181,0.9260647216981077,960,679,0.4279245843827084,3,0,0.42716786,1.0,true,15.921823,19.031198,116.57375,159.540833,25.416875,0.026927,336.544114,336.588698
164318212477926,164318113828651,341.436354,886,1920,90,tap_to_focus,0,0.8982569175386838,0.804695752387053,582,672,0.4587789288513733,2,0,0.35198873,1.0,true,26.063333,19.080938,117.389531,165.693229,24.549739,0.031563,352.852552,352.915312
164318570080791,164318480339068,357.602865,886,1920,90,tap_to_focus,0,0.6889432703727015,0.7606576486498934,1721,1230,0.42126815958328656,3,0,0.20132877,1.0,true,16.543542,21.596562,122.572605,174.020677,24.339843,0.034011,359.139115,359.200624
164318935394020,164318846849484,365.313229,886,1920,90,tap_to_focus,0,0.8179077990272263,0.909534124482762,1966,1046,0.4073178354721847,3,0,0.20132877,1.0,true,25.222396,18.279167,118.364062,160.513854,24.522865,0.031146,346.972188,347.023593
164319287240947,164319213359901,351.846927,886,1920,90,tap_to_focus,0,0.8170625889008032,0.9214636423292661,1499,2135,0.3316115770657966,3,0,0.20132877,1.0,true,15.966719,25.035156,125.164948,155.375,24.673125,0.031198,346.291354,346.353958
164319640283863,164319546551151,353.042916,886,1920,90,tap_to_focus,0,0.7226768982545358,0.8075909914828283,911,1453,0.31713113912977065,2,0,0.20132877,1.0,true,16.839531,21.079115,122.227968,171.657344,37.942031,0.029636,369.806666,369.869635
164320015106623,164319946380734,374.82276,886,1920,90,tap_to_focus,0,0.9095032104280291,0.8953975502545528,1829,959,0.4441878267223416,5,0,0.20132877,1.0,true,17.074531,19.493021,125.551927,160.892917,24.124219,0.03276,347.209479,347.266719
164320366142144,164320279571984,351.035521,886,1920,90,tap_to_focus,0,0.8485752326317094,0.8762877366753152,680,407,0.38461007469886965,3,0,0.20132877,1.0,true,22.644792,20.51125,117.604166,200.428281,25.282136,0.028646,386.537604,386.580729
164320757839852,164320679401568,391.697708,886,1920,90,tap_to_focus,0,0.7673847209226974,0.7906183564344132,1267,979,0.39525173488249266,4,0,0.20132877,1.0,true,17.271093,23.007553,141.435312,199.553281,33.065417,0.029323,414.392395,414.437969
164321194046519,164321079230943,436.206667,886,1920,90,not_plant,0,0.1500824741136032,0.16271881839741095,,,,,0,0.6277464,1.0,true,35.67625,33.808386,214.496145,0.004219,0.01,0.020208,284.039635,284.08177
164321484957664,164321379103234,290.911145,886,1920,90,not_plant,0,0.1750914224983354,0.1969434863853016,,,,,0,3.3557048,1.0,true,26.217865,31.96151,133.663281,0.005052,0.012604,7.82E-4,191.889271,191.932761
164321692817664,164321579017818,207.86,886,1920,90,tap_to_focus,0,0.7801532551957905,0.8191333422319479,2227,1624,0.450688994080366,4,0,3.267974,1.0,true,19.591198,28.91198,128.567864,166.085573,22.926927,0.029948,366.143802,366.193646
164322065814487,164321945528234,372.996823,886,1920,90,tap_to_focus,0,0.7484272815180816,0.882349632145272,1597,820,0.36520889294138215,5,0,0.67750674,1.0,true,40.903542,26.509844,111.763437,148.492552,22.723802,0.024479,350.450937,350.502448
164322420162352,164322345357818,354.347865,886,1920,90,tap_to_focus,0,0.7772489756892293,0.7906381459534603,987,808,0.45286113413479256,4,0,0.452284,1.0,true,15.955521,18.490104,123.062917,164.685052,24.161354,0.032552,346.431771,346.484479
164322770665164,164322678549068,350.502812,886,1920,90,tap_to_focus,0,0.8087453846774708,0.8167113465591848,911,1073,0.4237719937450386,2,0,0.47732696,1.0,true,16.594896,17.146093,117.686042,154.617187,24.399532,0.028906,330.500156,330.546198
164323105635528,164323011740318,334.970364,886,1920,90,tap_to_focus,0,0.7987013704674694,0.7833071167832569,1296,1273,0.42980071891435756,4,0,0.47732696,1.0,true,17.172969,24.545364,110.822813,163.525364,28.35323,0.032135,344.491094,344.552084
164323455559903,164323378250734,349.924375,886,1920,90,tap_to_focus,0,0.7177598762263668,0.8537471380911678,644,1088,0.41899909322575013,3,0,0.47732696,1.0,true,16.9125,19.623177,124.020989,154.173073,24.727083,0.030052,339.525051,339.595833
164323799545528,164323711441984,343.985625,886,1920,90,tap_to_focus,0,0.7939010651493627,0.9032847026220839,964,962,0.4235552700111498,4,0,0.47732696,1.0,true,16.167187,19.219583,113.871302,154.87198,24.055364,0.029427,328.248072,328.294479
164324132666049,164324044633234,333.120521,886,1920,90,tap_to_focus,0,0.9667607218969695,0.9413182651768557,126,154,0.46553032034532293,1,0,0.47732696,1.0,true,17.029218,16.732136,123.070052,159.547656,22.81375,0.023646,339.245416,339.302343
164324475767247,164324377824693,343.101198,886,1920,90,tap_to_focus,0,0.9710661775714605,0.9746396290289974,132,38,0.4724928748256758,1,0,0.47732696,1.0,true,16.253854,22.350781,118.488646,154.240469,22.904323,0.024062,334.295469,334.338333
164324813775163,164324744334901,338.007916,886,1920,90,tap_to_focus,0,0.9740887289749796,0.9711244778969583,68,40,0.4419369762975407,1,0,0.47732696,1.0,true,16.807604,32.22526,117.475208,152.597032,26.570677,0.028281,345.729947,345.773906
164325166194017,164325077526359,352.418854,886,1920,90,tap_to_focus,0,0.9572913146251151,0.9742604779345511,54,35,0.41278300592838946,1,0,0.47732696,1.0,true,16.166563,16.488073,115.344895,145.128073,22.818542,0.023437,316.000365,316.051667
164325485992975,164325410717609,319.798958,886,1920,90,tap_to_focus,0,0.9726817542145311,0.9744269665504501,77,47,0.49285296002009815,1,3,0.22644927,1.0,true,14.808229,27.139531,125.425365,147.120833,22.617552,0.03125,337.179948,337.225
164325828272298,164325743908859,342.279323,886,1920,90,walk_closer,0,0.9688116463168055,0.9723872151087513,44,51,0.4745393993945797,1,4,0.22644927,1.0,true,15.779844,27.691667,118.376406,152.748854,24.183125,0.094635,338.966875,339.034531
164326172346204,164326077100109,344.073906,886,1920,90,walk_closer,0,0.9586270830098521,0.967812012061151,856,64,0.44370160911705625,2,4,0.22644927,1.0,true,17.209948,30.599062,113.157188,159.4475,22.928125,0.026302,343.401562,343.461771
164326519924329,164326443610526,347.578125,886,1920,90,walk_closer,0,0.967910954294898,0.9599752711314055,27,49,0.46343136637450155,1,4,0.22644927,1.0,true,16.3625,17.403542,109.705364,160.74349,24.075364,0.029011,328.356719,328.409167
164326852969433,164326776801776,333.045104,886,1920,90,walk_closer,0,0.9132559663263887,0.9314030934206867,722,416,0.4371466505128865,3,4,0.22644927,1.0,true,15.94526,26.748177,124.507969,153.753802,22.956042,0.025104,343.974687,344.023542
164327201012298,164327109993026,348.042865,886,1920,90,walk_closer,0,0.9456397988461461,0.9508148136493695,168,513,0.4815980370350297,1,4,0.22644927,1.0,true,17.319062,18.879844,108.849114,153.114427,25.419636,0.03026,323.646145,323.698906
164327530815787,164327443184276,329.803489,886,1920,90,walk_closer,0,0.9417531140595712,0.9487424180765485,272,330,0.4791363407994904,1,4,0.22644927,1.0,true,23.175729,18.872708,116.294219,153.555989,24.50099,0.031823,336.47052,336.53474
164327872070214,164327776375526,341.254427,886,1920,90,walk_closer,0,0.9457025544778574,0.9484120171393609,316,329,0.48167878468086656,1,4,0.22644927,1.0,true,25.835886,24.399531,109.392083,155.629167,24.419479,0.03099,339.747552,339.80599
164328215995422,164328142885943,343.925208,886,1920,90,walk_closer,0,0.9435852518233132,0.9474532093724204,158,466,0.48867440115553507,1,4,0.22644927,1.0,true,15.681406,18.519583,117.211146,166.16401,24.907136,0.033125,342.548593,342.599219
164328563312401,164328476077193,347.316979,886,1920,90,walk_closer,0,0.9515144003470608,0.9457195928058296,306,130,0.46186089724160695,1,4,0.22644927,1.0,true,16.086563,18.710364,121.635625,150.841042,23.936979,0.032083,331.283802,331.346511
164328899557245,164328809268443,336.244844,886,1920,90,walk_closer,0,0.965276710552947,0.9515075956987131,113,87,0.4479177851886753,1,4,0.22644927,1.0,true,15.656666,21.080469,120.831094,146.882239,22.976771,0.027292,327.493593,327.545104
164329231141984,164329142459901,331.584739,886,1920,90,walk_closer,0,0.9755891860364655,0.9656554031589626,82,51,0.46375854245361836,1,4,0.22644927,1.0,true,23.866667,17.898021,111.177239,157.065938,26.760573,0.028333,336.822709,336.8725
164329572101828,164329475651151,340.959844,886,1920,90,walk_closer,0,0.9713942169407045,0.9709888315296181,55,36,0.470767097189281,1,4,0.22644927,1.0,true,27.417864,24.959271,115.189479,152.028802,23.594375,0.028802,343.251614,343.296667
164329919478182,164329842161568,347.376354,886,1920,90,walk_closer,0,0.9564069829268679,0.9647370650760205,86,56,0.4984273271502957,1,4,0.22644927,1.0,true,15.337865,30.418854,113.981458,158.932396,22.707813,0.025989,341.440157,341.491562
164330264691828,164330175352818,345.213646,886,1920,90,walk_closer,0,0.9261429335425231,0.9655282133710003,44,47,0.5167505305233817,1,4,0.22644927,1.0,true,15.952187,18.89849,115.409218,171.078282,23.903177,0.028646,345.303437,345.364114
164330613875734,164330541863234,349.183906,886,1920,90,tap_to_focus,0,0.9591866904442197,0.9604239442961289,40,44,0.4785222960363882,1,0,0.22644927,1.0,true,15.044427,21.084427,113.0275,156.97427,23.045261,0.024635,329.232135,329.272864
164330946901359,164330875054484,333.025625,886,1920,90,tap_to_focus,0,0.9616711027375766,0.9640579873295881,70,52,0.5004764937635002,1,3,0.22644927,1.0,true,16.170886,21.86802,121.000313,165.603594,26.114218,0.034427,350.831094,350.876145
164331302877869,164331208245734,355.97651,886,1920,90,walk_closer,0,0.9589692264692022,0.9573851733088843,51,47,0.5068021182560187,1,4,0.27670172,1.0,true,19.992344,16.97901,141.013073,219.483958,23.886354,0.032084,421.42625,421.489479
164331728870265,164331641394276,425.992396,886,1920,90,walk_closer,0,0.9652402456354016,0.9699463724259271,57,47,0.49859748190912967,1,4,0.27670172,1.0,true,25.429218,15.757344,122.097865,165.348437,22.688542,0.029896,351.386562,351.449791
164332084495733,164332007904693,355.625468,886,1920,90,walk_closer,0,0.9375108103984318,0.9647231350240241,838,42,0.45234950180952893,2,4,0.27670172,1.0,true,15.464791,25.618125,125.481302,155.640209,24.418541,0.031719,346.696458,346.755834
164332435115369,164332341095943,350.619636,886,1920,90,walk_closer,0,0.7313850192760534,0.7132776927091078,805,1149,0.3979563711534695,5,4,0.27670172,1.0,true,16.009531,19.369375,117.985209,152.405052,23.036822,0.030938,328.866094,328.915104
164332771666462,164332674287193,336.551093,886,1920,90,walk_closer,0,0.8843590479325572,0.9131083058780352,1799,815,0.43998569914678853,5,4,0.27670172,1.0,true,21.648125,20.045938,119.20901,159.615521,23.924792,0.030833,344.511042,344.580521
164333120213493,164333040797609,348.547031,886,1920,90,walk_closer,0,0.9314422544741827,0.893053136526021,583,246,0.43436021470377995,3,4,0.27670172,1.0,true,15.716406,27.730521,127.079531,154.239063,22.819531,0.02401,347.641041,347.687969
164333471740941,164333407308026,351.527448,886,1920,90,walk_closer,0,0.9453670365654695,0.932765085393694,265,19,0.4689593998472432,3,4,0.27670172,1.0,true,17.078333,21.842396,125.933854,229.685364,22.88099,0.025052,417.476406,417.524844
164333893439535,164333807137609,421.698594,886,1920,90,walk_closer,0,0.8094613011999043,0.9033079455522908,610,577,0.4029039568473358,2,4,0.27670172,1.0,true,15.475625,18.215521,118.330781,149.371146,22.832499,0.026094,324.285989,324.335572
164334221470785,164334140328859,328.03125,886,1920,90,walk_closer,0,0.8406130072902627,0.8992125526870058,973,1440,0.44018860217396494,5,4,0.27670172,1.0,true,16.275573,23.624271,119.745625,166.256146,28.635208,0.031302,354.612709,354.666406
164334581112659,164334506839276,359.641874,886,1920,90,walk_closer,0,0.6439576094352828,0.8365876262580496,153,401,0.4324589926996225,3,4,0.27670172,1.0,true,16.900781,22.654792,122.967656,158.808281,24.904063,0.032083,346.30599,346.381198
164334932282243,164334840030526,351.169584,886,1920,90,walk_closer,0,0.7359912005789794,0.6945055238624662,982,583,0.4202519996448686,4,4,0.27670172,1.0,true,16.115156,17.517865,125.810625,173.154583,24.431094,0.031979,357.1,357.166875
164335295519534,164335206540943,363.237291,886,1920,90,walk_closer,0,0.7419604281981881,0.7472549256607574,1214,1482,0.3584945657012497,5,4,0.27670172,1.0,true,16.340416,22.992552,118.549844,161.191302,22.777917,0.025104,341.913125,341.973229
164335642505888,164335573051359,346.986354,886,1920,90,walk_closer,0,0.6991270705890887,0.8411590482096992,332,421,0.3947463288146196,5,4,0.27670172,1.0,true,16.119114,19.035938,151.170989,202.316198,23.21151,0.031042,411.92177,411.97276
164336059373232,164335972880943,416.867344,886,1920,90,hazard,0,0.8419304381382489,0.9425367822484326,4,64,0.44785312318648174,1,0,0.27670172,1.0,true,23.954583,16.236823,133.81474,159.750312,24.28125,0.033281,358.111041,358.159114
164336422445107,164336339391359,363.071875,886,1920,90,tap_to_focus,0,0.8707320934328426,0.867689095795591,185,498,0.42217198826540425,5,0,0.27670172,1.0,true,15.545312,18.72724,108.451094,160.31276,23.008177,0.033542,326.122187,326.193072
164336754660940,164336672582609,332.215833,886,1920,90,tap_to_focus,0,0.5956058529837516,0.7156113238494083,427,80,0.37410990690345614,5,0,0.27670172,1.0,true,16.042396,27.072083,121.205261,155.737083,24.31776,0.029011,344.43349,344.498489
164337105191461,164337005773859,350.530521,886,1920,90,tap_to_focus,0,0.7594153382057194,0.8099546480420043,373,63,0.42091338940294065,3,0,0.97751707,1.0,true,16.751459,26.053281,122.144375,156.764167,23.521354,0.02901,345.298438,345.356197
164337454685523,164337372284276,349.494062,886,1920,90,tap_to_focus,0,0.891145076187333,0.9134820006791637,203,530,0.4113540037216694,4,0,0.97751707,1.0,true,24.376875,19.300364,112.213542,153.616094,24.392656,0.031667,333.974583,334.026979
164337795484637,164337705475526,340.799114,886,1920,90,tap_to_focus,0,0.8238393550003421,0.8605364670885524,631,471,0.46037511146592713,3,0,0.97751707,1.0,true,16.43375,20.600417,121.857708,149.319791,24.845105,0.029895,333.118021,333.174844
164338132722346,164338038666776,337.237709,886,1920,90,tap_to_focus,0,0.8777534353836629,0.9007342325802371,37,147,0.49913981167816246,1,0,0.97751707,1.0,true,22.507084,28.822916,122.796875,161.298959,24.353541,0.032136,359.849271,359.89802
164338498219533,164338405177193,365.497187,886,1920,90,tap_to_focus,0,0.8374560908525097,0.7841437808089137,462,781,0.4306158048008797,4,0,0.97751707,1.0,true,16.182031,16.636719,116.713646,180.083125,26.090364,0.031823,355.779115,355.832812
164338857801929,164338771687609,359.582396,886,1920,90,tap_to_focus,0,0.9465784718099076,0.9379181739438046,84,238,0.46542814800534416,2,0,0.97751707,1.0,true,26.105572,19.794011,116.935521,158.446718,24.407032,0.029739,345.750937,345.808333
164339215225470,164339138198026,357.423541,886,1920,90,tap_to_focus,0,0.9623409509557753,0.9482711294829118,867,762,0.3573652421186644,3,0,0.97751707,1.0,true,25.270834,23.175729,117.495,170.579218,22.77974,0.026979,359.357969,359.409427
164339581840522,164339504708443,366.615052,886,1920,90,tap_to_focus,0,0.8084369193612353,0.8864196385810479,839,673,0.39069128086533667,4,0,0.97751707,1.0,true,16.011459,20.484843,127.278386,158.132604,24.49026,0.031719,346.471146,346.516302
164339935272553,164339837899693,353.432031,886,1920,90,tap_to_focus,0,0.8902802943407602,0.8277352724078794,293,889,0.44697179619393523,4,0,0.97751707,1.0,true,16.688646,17.515937,112.971198,161.91901,23.923594,0.028854,333.079427,333.1425
164340276972553,164340204410109,341.7,886,1920,90,tap_to_focus,0,0.82721706254282,0.9227344970722062,432,1220,0.41933830284818185,4,0,0.97751707,1.0,true,15.692135,24.275104,115.216823,167.861823,27.315469,0.029479,350.424375,350.474948
164340632057084,164340537601359,355.084531,886,1920,90,tap_to_focus,0,0.8510654823889374,0.8333273270209313,692,859,0.3813579672592615,4,0,0.97751707,1.0,true,16.869688,16.770416,120.795,145.802865,23.770885,0.023386,324.07,324.117396
164340960072761,164340870792609,328.015677,886,1920,90,tap_to_focus,0,0.9540500091261255,0.9625632062132617,205,790,0.4233323621573106,2,0,0.97751707,1.0,true,22.025104,18.313438,114.713854,181.724687,23.920886,0.029635,360.765,360.810313
164341324630001,164341237303026,364.55724,886,1920,90,tap_to_focus,0,0.9320047072525744,0.9141814460650667,147,275,0.4006195541130495,2,0,0.97751707,1.0,true,16.028073,21.493386,116.228281,168.52427,25.201615,0.02724,347.536146,347.576874
164341677001980,164341570494276,352.371979,886,1920,90,tap_to_focus,0,0.8115896188015878,0.8335603004803741,876,1073,0.3477872007410703,5,0,0.97751707,1.0,true,19.075104,26.551511,139.668125,162.200833,24.397917,0.031146,371.967344,372.018697
164342055259115,164341970323859,378.257135,886,1920,90,tap_to_focus,0,0.9459428765617143,0.965234140436562,1266,942,0.41951447525858043,4,0,0.97751707,1.0,true,16.529375,19.002813,137.722395,159.606407,24.442031,0.031198,357.367344,357.428281
164342417381094,164342336834276,362.121979,886,1920,90,tap_to_focus,0,0.7619952225508693,0.8322516046965719,675,1592,0.38891722392292394,4,0,0.97751707,1.0,true,16.183542,19.889688,112.974895,164.284792,24.072031,0.030781,337.47625,337.536979
164342758705729,164342670025526,341.324635,886,1920,90,tap_to_focus,0,0.9057814641266616,0.8945829462831887,625,623,0.41117568948396865,4,0,0.97751707,1.0,true,16.893438,31.498593,119.449584,153.65151,23.968802,0.030573,345.532396,345.580938
164343108555677,164343036535943,349.849948,886,1920,90,tap_to_focus,0,0.8377340829787259,0.8027067251720248,815,1291,0.4339790885525474,1,0,0.97751707,1.0,true,15.388281,20.137761,116.021302,155.004531,24.855573,0.030521,331.476198,331.523281
164343444298698,164343369727193,335.743021,886,1920,90,tap_to_focus,0,0.8895939646104737,0.8721666387668118,963,770,0.365098783263619,4,0,0.97751707,1.0,true,15.995469,21.51224,118.263698,187.520156,24.751146,0.031302,368.111927,368.159114
164343817020521,164343736237609,372.721823,886,1920,90,tap_to_focus,0,0.9447911771763191,0.9158604428423763,1380,954,0.40885708149085076,3,0,0.97751707,1.0,true,16.141927,31.275416,115.323334,152.423177,22.765208,0.02474,337.990625,338.043593
164344158794218,164344069428859,341.773697,886,1920,90,tap_to_focus,0,0.8558386870502349,0.9544820623304959,289,325,0.48468000579408965,2,3,0.60240966,1.0,true,15.799583,17.738646,114.217396,171.598594,24.484427,0.0325,343.903177,343.950521
164344508989791,164344435939276,350.195573,886,1920,90,walk_closer,0,0.7859598396420604,0.9611881167540682,383,162,0.4862389292408551,2,4,0.67750674,1.0,true,15.877708,21.974167,110.313229,153.366823,23.82276,0.030105,325.420937,325.487917
164344838838645,164344769130526,329.848854,886,1920,90,walk_closer,0,0.8451374627361443,0.9320534846975512,1416,2407,0.4225996102322682,5,4,0.67750674,1.0,true,14.570104,23.859583,114.619532,161.800208,24.623854,0.031771,339.55276,339.607187
164345182681405,164345102321776,343.84276,886,1920,90,walk_closer,0,0.9630413315431099,0.952631784806667,318,442,0.43715413628605404,2,4,0.67750674,1.0,true,16.0125,20.794167,126.777813,151.008229,22.845104,0.02375,337.490469,337.543802
164345524077134,164345435513026,341.395729,886,1920,90,walk_closer,0,0.9265413985673357,0.9077479496212033,330,381,0.43454950964431305,2,4,0.67750674,1.0,true,18.31974,36.112552,130.487083,156.876927,23.106719,0.036094,364.973854,365.054636
164345892766718,164345802023443,368.689584,886,1920,90,tap_to_focus,0,0.9084543040796205,0.8953071246910026,323,264,0.44419430659300474,2,3,0.80256826,1.0,true,15.39099,17.399271,113.746875,169.367083,24.77651,0.028959,340.749323,340.795104
164346238511613,164346168533859,345.744895,886,1920,90,walk_closer,0,0.9395280185302604,0.8956125017616177,259,416,0.45882775484791205,2,4,0.75244546,1.0,true,16.478854,26.54849,120.433646,152.096406,24.553542,0.030572,340.172813,340.244584
164346583701040,164346501725109,345.189427,886,1920,90,walk_closer,0,0.8482731027195038,0.9423814719156206,1784,1560,0.4512303319116455,2,4,0.75244546,1.0,true,15.629063,25.243906,121.310208,148.073907,22.676718,0.024636,332.992865,333.04724
164346921780311,164346834916359,338.079271,886,1920,90,walk_closer,0,0.8495237050503985,0.9634455005579324,103,185,0.502746473895229,1,4,0.75244546,1.0,true,15.10901,25.067605,115.775468,153.806823,22.76349,0.025573,332.583802,332.633802
164347258274061,164347168107609,336.49375,886,1920,90,tap_to_focus,0,0.7287252056300217,0.949617628440688,208,179,0.48325657592351945,2,3,0.67750674,1.0,true,16.105052,24.533594,116.934531,155.277708,24.211979,0.030313,337.12276,337.165312
164347599488227,164347501298859,341.214166,886,1920,90,walk_closer,0,0.887425902310245,0.920213301619662,212,318,0.4889548789958553,2,4,0.67750674,1.0,true,15.339531,21.836563,122.712916,164.881979,23.922865,0.031927,348.763541,348.815886
164347953312654,164347867809276,353.824427,886,1920,90,walk_closer,0,0.8961011041203908,0.9296791459923808,217,445,0.4746188419294697,2,4,0.67750674,1.0,true,14.80349,20.308541,113.755417,147.999479,22.896094,0.02375,319.821458,319.883594
164348278034842,164348201000526,324.722188,886,1920,90,tap_to_focus,0,0.9558033554336569,0.9470510527790573,152,321,0.47661552739119983,2,3,0.75244546,1.0,true,15.5325,26.969375,127.450625,151.668177,24.630104,0.030886,346.310156,346.356458
164348629337498,164348534191776,351.302656,886,1920,90,walk_closer,0,0.9481921502292814,0.9373751878067569,236,357,0.4670128621139966,2,4,0.7278021,1.0,true,21.923385,21.02724,109.876563,150.306718,24.348177,0.032761,327.587031,328.039375
164348961176248,164348867383234,331.83875,886,1920,90,walk_closer,0,0.964517987942185,0.9305411106349544,271,318,0.4466957331829846,2,4,0.7278021,1.0,true,23.970313,17.449322,109.247917,157.144427,24.350677,0.032136,332.233385,332.288906
164349300349581,164349200574484,339.173333,886,1920,90,walk_closer,0,0.9100892855399753,0.945465585726131,226,299,0.44517757910419675,2,4,0.7278021,1.0,true,15.661771,18.594531,111.341823,149.439739,24.325886,0.033281,319.443021,319.513281
164349626300206,164349533765734,325.950625,886,1920,90,walk_closer,0,0.905140513926042,0.9274615283124469,311,250,0.4540235444887202,2,4,0.7278021,1.0,true,15.48901,17.581771,124.462136,153.691249,27.14724,0.032708,338.438177,338.502656
164349968614060,164349900276151,342.313854,886,1920,90,walk_closer,0,0.9312786361634907,0.9406500866607438,292,203,0.4528542169437202,2,4,0.7278021,1.0,true,15.01875,21.029219,115.981146,165.340833,24.424062,0.032136,341.867135,341.92375
164350314541612,164350233467401,345.927552,886,1920,90,walk_closer,0,0.9209701798597658,0.8798807736539302,1785,1844,0.40835613894618916,5,4,0.7278021,1.0,true,14.801042,21.371406,117.494948,156.396146,24.335625,0.032864,334.476719,334.54875
164350654056560,164350566658651,339.514948,886,1920,90,walk_closer,0,0.8082965425141136,0.9373701512298401,105,317,0.5144165933419345,1,4,0.7278021,1.0,true,28.013802,17.341771,118.04375,159.776614,23.901563,0.029687,347.143854,347.207395
164351005596664,164350933169068,351.540104,886,1920,90,walk_closer,0,0.917648180422209,0.9273833841916533,790,2481,0.399685913625035,1,4,0.7278021,1.0,true,15.339948,28.640833,118.524948,157.963646,24.11552,0.030625,344.656614,344.708958
164351355169059,164351266360318,349.572395,886,1920,90,walk_closer,0,0.8453389022011655,0.8631075937970222,567,777,0.3432673268297428,2,4,0.7278021,1.0,true,16.232448,17.685833,119.413125,148.796094,25.788437,0.031928,327.992865,328.06974
164351689336715,164351599551568,334.167656,886,1920,90,walk_closer,0,0.9572477521227765,0.9188629028255749,287,386,0.43837195986533395,2,4,0.7278021,1.0,true,16.579323,17.380052,111.410625,161.588125,23.054948,0.024479,330.069792,330.138854
164352023282444,164351932742818,333.945729,886,1920,90,walk_closer,0,0.9447830218341883,0.9172076519217389,869,502,0.4067086907663011,2,4,0.7278021,1.0,true,15.315313,24.327031,117.217188,155.346354,22.742552,0.024844,335.006407,335.05375
164352362559528,164352265934068,339.277084,886,1920,90,walk_closer,0,0.8481872235469207,0.8638672854481452,314,670,0.3824745762635473,4,4,0.7278021,1.0,true,15.908593,17.814792,114.901667,156.061718,26.381719,0.026563,331.128958,331.17125
164352697377392,164352632444484,334.817864,886,1920,90,walk_closer,0,0.866922597862134,0.9678112531891602,228,302,0.469310500748108,2,4,0.7278021,1.0,true,21.950729,21.935677,110.984844,154.104687,23.993021,0.027552,333.02651,333.073437
164353034796975,164352965635734,337.419583,886,1920,90,walk_closer,0,0.9812543270709211,0.9656092431617826,495,565,0.4568936973461746,2,4,0.7278021,1.0,true,16.736094,27.760521,120.772188,156.533697,24.481667,0.03375,346.357344,346.419011
164353385447444,164353298826984,350.650469,886,1920,90,tap_to_focus,0,0.9647220273193948,0.9628465468576811,279,391,0.41707920205074345,2,0,0.7278021,1.0,true,15.778021,19.022969,114.676354,155.541667,22.781666,0.025209,327.868125,327.918333
164353717037288,164353632018443,331.589844,886,1920,90,tap_to_focus,0,0.9664232312273149,0.9548689709883449,794,615,0.41098755191354996,3,0,0.7278021,1.0,true,16.358125,22.007188,116.589062,159.647969,25.540156,0.028855,340.203177,340.289843
164354063203590,164353965209693,346.166302,886,1920,90,tap_to_focus,0,0.8686405841539768,0.9600991859170961,418,599,0.43989368534394657,2,0,0.7278021,1.0,true,16.020833,19.240469,122.635052,153.363385,24.104219,0.030573,335.430208,335.490416
164354402723694,164354331720109,339.520104,886,1920,90,tap_to_focus,0,0.9476307928965112,0.949759599647802,106,365,0.46119797142470986,2,0,0.7278021,1.0,true,15.788542,18.428802,109.130886,156.139895,24.028282,0.027864,323.579219,323.625781
164354730656923,164354631592193,327.933229,886,1920,90,tap_to_focus,0,0.8841746776517538,0.9562269324499163,685,604,0.4578166257024634,1,0,0.7278021,1.0,true,16.721719,25.044583,113.440521,153.785417,23.63552,0.02625,332.679375,332.731093
164355068267287,164354998102609,337.610364,886,1920,90,tap_to_focus,0,0.9503049010637158,0.9651095919528118,1235,967,0.4306044682256571,3,3,0.75244546,1.0,true,15.79625,28.03125,118.998541,155.842761,24.365208,0.03276,343.103437,343.161771
164355416509839,164355331293859,348.242552,886,1920,90,walk_closer,0,0.9464760515035602,0.9671437451531084,162,216,0.444288351120361,1,4,0.67750674,1.0,true,15.221928,20.93677,125.133073,164.996406,24.71323,0.027604,351.064011,351.124948
164355773829266,164355697804276,357.319427,886,1920,90,walk_closer,0,0.7279078566583179,0.9524437529123072,75,282,0.41318278086759364,2,4,0.67750674,1.0,true,15.811093,21.327709,110.593854,172.93375,23.114427,0.030781,343.842812,343.900104
164356127865880,164356030995526,354.036614,886,1920,90,tap_to_focus,0,0.8786917181351345,0.950868889068219,84,310,0.4533118855416518,2,3,0.70274067,1.0,true,17.053177,26.36224,124.303229,149.285365,22.827187,0.023854,339.887031,339.944167
164356474687964,164356397505943,346.822084,886,1920,90,walk_closer,0,0.8442790841503094,0.9463540479738368,53,148,0.4844182114346842,2,4,0.77760494,1.0,true,15.450417,21.06375,111.60276,159.049115,22.981354,0.024896,330.2075,330.261145
164356808632703,164356730697193,333.944739,886,1920,90,walk_closer,0,0.9085953080785363,0.9223669769477075,75,205,0.4666423460062106,2,4,0.77760494,1.0,true,23.485781,17.60875,116.045573,200.466979,24.457969,0.031458,382.128177,382.187604
164357194975672,164357097207609,386.342969,886,1920,90,walk_closer,0,0.8860254622446321,0.953390000412582,59,148,0.49197631891051685,1,4,0.77760494,1.0,true,16.238489,29.558334,114.180729,173.29927,30.979011,0.026458,364.31651,364.370781
164357563978380,164357497037193,369.002708,886,1920,90,walk_closer,0,0.936710452324452,0.9408067373580022,103,104,0.46475104017880753,2,4,0.77760494,1.0,true,17.334635,22.635886,110.877343,150.918229,22.783542,0.02401,324.606093,324.665156
164357892506973,164357796909276,328.528593,886,1920,90,walk_closer,0,0.9234223022499076,0.9344163830908049,71,184,0.4769431599195997,2,4,0.77760494,1.0,true,16.124062,17.182604,112.616823,175.728282,23.175364,0.031615,344.890885,344.941927
164358243055619,164358163419693,350.548646,886,1920,90,walk_closer,0,0.9165066944591509,0.943401568779594,119,247,0.47820786648861713,2,4,0.77760494,1.0,true,16.09276,20.069323,119.304583,151.334271,27.063021,0.033958,333.936666,334.031302
164358582516609,164358496610943,339.46099,886,1920,90,walk_closer,0,0.9129252252624336,0.9409474313490281,142,168,0.49354149845656536,1,4,0.77760494,1.0,true,14.810625,18.766198,112.958906,155.846771,24.461614,0.030417,326.918542,326.985781
164358913214317,164358829802193,330.697708,886,1920,90,walk_closer,0,0.8350897007554434,0.9320868030330962,988,286,0.4252019920240855,2,4,0.77760494,1.0,true,26.190625,15.381302,115.761354,146.876875,22.816406,0.024531,327.079791,327.131146
164359244016921,164359162993443,330.802604,886,1920,90,walk_closer,0,0.8907789179238517,0.8839339469609564,84,114,0.4095614635236444,2,4,0.77760494,1.0,true,16.130364,24.146667,123.028646,149.925572,22.838907,0.024583,336.126822,336.175416
164359583877962,164359496184693,339.861041,886,1920,90,walk_closer,0,0.9524473513435812,0.8468206126096935,458,663,0.4277914355035506,2,4,0.77760494,1.0,true,15.595104,19.546146,116.154532,145.297135,23.199792,0.026979,319.852969,319.89974
164359909215619,164359829375943,325.337657,886,1920,90,walk_closer,0,0.9715976458821115,0.890073381808091,1686,1083,0.4246591075483295,4,4,0.77760494,1.0,true,24.244688,17.7025,126.78,224.363854,24.244271,0.02526,417.394271,417.44052
164360332166452,164360229205526,422.950833,886,1920,90,walk_closer,0,0.9672283392263651,0.9566068061009821,327,339,0.4062215309246966,2,4,0.77760494,1.3057779,true,15.676563,32.482135,142.735886,161.112291,26.609636,0.027968,378.675521,378.729583
164360715027389,164360629035109,382.860937,886,1920,90,walk_closer,0,0.9733493080817339,0.9692920658866221,453,607,0.3737081844007264,4,4,0.77760494,2.0004358,true,14.297396,22.822291,116.940521,152.073646,25.009479,0.027344,331.204479,331.268385
164361050955722,164360962226359,335.928333,886,1920,90,walk_closer,0,0.9839099107971888,0.9669924989821392,230,380,0.28271122024681006,3,4,0.77760494,2.237962,true,14.5875,20.627865,109.505312,168.02875,23.717552,0.025729,336.51849,336.566198
164361391037389,164361328736776,340.081667,886,1920,90,walk_closer,0,0.80381563746942,0.7738195080103154,965,484,0.43688777029956327,5,2,0.77760494,2.237962,true,15.598906,23.150365,120.779531,160.266511,24.485156,0.03026,344.345885,344.400468
164361739125774,164361661928026,348.088385,886,1920,90,walk_closer,0,0.7856902140174957,0.7557539627111232,707,178,0.45710081594036467,1,2,0.77760494,2.237962,true,14.944427,21.495833,128.227969,160.93,24.638021,0.02625,350.294844,350.344219
164362092880045,164362028438443,353.754271,886,1920,90,walk_closer,0,0.960151763548708,0.9405352132577097,137,149,0.45713589040272495,1,2,0.77760494,2.237962,true,27.444792,19.728073,114.970833,187.954948,23.015729,0.024166,373.165104,373.209479
164362470075878,164362394948859,377.195833,886,1920,90,tap_to_focus,0,0.9490246670540755,0.9477564201197679,108,140,0.4680618483001453,1,3,0.67750674,2.237962,true,22.591303,27.164739,112.92401,162.79474,24.147552,0.030156,349.682865,349.722239
164362824324420,164362728140109,354.248542,886,1920,90,walk_closer,0,0.965475307278019,0.97131999795982,165,214,0.43413889644072867,1,4,0.67750674,2.237962,true,15.74099,17.824739,116.916146,152.762917,23.126667,0.025104,326.432604,326.505364
164363154784263,164363061331359,330.459843,886,1920,90,walk_closer,0,0.9673483353878228,0.9648387368555912,121,196,0.4767045432570711,1,4,0.67750674,2.237962,true,19.656563,17.959114,119.153542,162.407708,24.108386,0.030573,343.35974,343.409427
164363501937023,164363427841776,347.15276,886,1920,90,walk_closer,0,0.9669496953381028,0.9545782954520329,118,184,0.47094591742100533,1,4,0.67750674,2.237962,true,15.578958,20.395781,122.774427,156.445834,24.528593,0.0325,339.794114,339.843594
164363845981450,164363761033026,344.044427,886,1920,90,walk_closer,0,0.9166957721178418,0.963612913211608,1123,822,0.44531028262684913,2,4,0.67750674,2.237962,true,15.693021,21.582812,108.689011,148.203645,23.899792,0.028958,318.134635,318.193073
164364168484106,164364094224276,322.502656,886,1920,90,walk_closer,0,0.9765952742199814,0.9709192724873987,347,550,0.3434550011500619,5,4,0.67750674,2.237962,true,22.98625,18.368906,122.207448,171.533437,24.371979,0.032552,359.542864,359.593282
164364532773221,164364460734693,364.289115,886,1920,90,walk_closer,0,0.9741111116886649,0.9546076540129951,101,308,0.4861432101845895,2,4,0.67750674,2.237962,true,15.712344,19.283959,109.932552,158.527968,24.287448,0.029583,327.805157,327.872448
164364865390669,164364793925943,332.617448,886,1920,90,walk_closer,0,0.9721238856158511,0.9692028127558427,200,494,0.3889073314864717,2,4,0.67750674,2.237962,true,15.843854,18.705104,111.681614,196.446355,24.205208,0.030573,366.950676,367.020729
164365237555564,164365160436359,372.164895,886,1920,90,walk_closer,0,0.9099884164406489,0.9531638484088898,443,224,0.47111679656982375,2,4,0.67750674,2.237962,true,17.677917,23.833646,116.548958,155.630469,24.74875,0.031823,338.518802,338.592136
164365580791137,164365493627609,343.235573,886,1920,90,walk_closer,0,0.9434399202323029,0.9577237458336381,449,588,0.4579570379988951,2,4,0.67750674,2.237962,true,16.817657,21.108229,118.906146,175.672552,23.142343,0.025782,355.699115,355.761563
164365942462022,164365860138026,361.670885,886,1920,90,walk_closer,0,0.9209614177224964,0.969690095279917,478,384,0.40873005404515084,2,4,0.67750674,2.237962,true,15.165209,38.852916,129.846459,188.567135,24.602656,0.026823,397.093021,397.147657
164366343581397,164366193329276,401.119375,886,1920,90,guide,0,0.8998034418447385,0.9641772101072413,1317,292,0.3903415900611016,3,4,0.66979235,3.5329998,true,15.14125,27.973073,129.205781,201.041354,23.045156,0.027865,396.47552,396.5325
164366745390564,164366653591824,401.809167,886,1920,90,guide,0,0.8189284251894964,0.9563900878016408,1285,1234,0.45869829384207605,3,4,0.66979235,4.187778,true,14.927864,32.434063,120.914114,174.352552,22.872448,0.023802,365.552916,365.598177
164367114887647,164366987136408,369.497083,886,1920,90,guide,0,0.9052401814640402,0.9428903206266954,1286,462,0.4343346570339577,2,4,0.66979235,4.187778,true,16.100261,24.660677,118.067343,191.892188,25.104479,0.028594,375.889271,375.934635
164367496052855,164367354280991,381.165208,886,1920,90,tap_to_focus,0,0.8525465115504994,0.9278997424656121,798,442,0.3978140189847821,5,0,0.6738545,6.079096,true,24.468281,41.356094,155.521979,169.995989,25.81,0.028021,417.214062,417.25974
164367916944001,164367804003509,420.891146,886,1920,90,tap_to_focus,0,0.7841297431270253,0.9130292321643814,1256,938,0.37037293505780156,5,0,0.9680542,7.0836887,true,15.551823,19.86375,131.844218,175.958282,28.859583,0.043021,372.153125,372.204375
164368296526084,164368172148301,379.582083,886,1920,90,guide,0,0.9204951727360274,0.939415272035986,1053,671,0.3742212150618798,4,2,0.9852217,7.1069136,true,16.827552,23.174479,134.196355,189.36552,24.884584,0.028906,388.53724,388.598958
164368695378115,164368573760801,398.852031,886,1920,90,guide,0,0.8950774051736289,0.9610747996037362,706,459,0.374280668331302,5,2,0.9852217,6.058763,true,29.897552,23.165156,125.304427,214.302344,23.442031,0.029896,416.170208,416.22724
164369117584990,164369008841009,422.206875,886,1920,90,guide,0,0.8948273323589203,0.9498382084081418,678,994,0.34620492819067294,4,2,0.9852217,5.0677457,true,16.94198,40.995729,147.972812,167.745729,24.40099,0.030885,398.124323,398.1825
164369520985719,164369421585574,403.400729,886,1920,90,matching,1,0.9561330512182303,0.9710400537307722,300,267,0.4373727125146871,1,2,1.049318,3.562191,true,21.546302,17.883958,115.332344,170.709687,22.935833,0.025261,348.472447,348.526979
164369878747542,164369788730366,357.761823,886,1920,90,guide,0,0.9428543083428192,0.9728688628664428,733,267,0.4120628887802411,2,2,1.049318,3.535317,true,15.363802,25.035938,138.049166,172.206719,23.934219,0.024271,374.639896,374.687187
164370256928427,164370156520991,378.180885,886,1920,90,guide,0,0.9513397402928734,0.9732993092286871,454,231,0.40051324935510024,4,2,1.049318,3.535317,true,17.114843,33.057917,118.856042,170.023489,23.246927,0.024896,362.359843,362.412812
164370623053167,164370524570366,366.12474,886,1920,90,tap_to_focus,0,0.9774625221466923,0.9768138301510627,1055,219,0.4026325659954182,1,3,0.96993214,3.535317,true,17.300052,15.899583,120.514427,168.59948,24.027656,0.029844,346.409323,346.457604
164370973130614,164370892748699,350.077447,886,1920,90,guide,0,0.9565941029664902,0.9777334020584575,1407,722,0.3922225976741629,3,4,0.96993214,3.535317,true,25.736667,17.915625,126.139218,226.649948,25.830313,0.02776,422.330104,422.385
164371400257802,164371327739533,427.127188,886,1920,90,guide,0,0.9430935003205811,0.9324694678644443,1138,1342,0.4364184224603207,5,4,0.96993214,3.535317,true,17.073646,21.314531,129.142552,160.494532,24.342708,0.029948,352.435209,352.5125
164371756727385,164371662188699,356.469583,886,1920,90,guide,0,0.8339594829269373,0.9440707246862753,827,326,0.33962934586523374,5,4,0.96993214,3.535317,true,15.768542,17.668697,165.92073,289.163489,27.421771,0.028489,516.008177,516.058385
164372276782072,164372163604116,520.054687,886,1920,90,guide,0,0.9330489296848613,0.9285960571559515,633,108,0.4024766499376824,5,4,0.96993214,3.535317,true,18.144166,25.016407,117.153385,177.009375,24.743385,0.033229,362.132135,362.184896
164372643632385,164372531653283,366.850313,886,1920,90,guide,0,0.9406636621822015,0.9338111373694625,1069,1099,0.33335234382931844,5,4,0.96993214,3.535317,true,17.241406,29.440104,138.682239,167.609844,24.516511,0.043489,377.574062,377.636406
164373027565301,164372940104005,383.932916,886,1920,90,guide,0,0.951965156594558,0.9641512427560502,1265,829,0.41175452406544366,5,4,0.96993214,3.535317,true,14.97276,21.370938,121.368593,167.804532,23.104062,0.025729,348.677396,348.743333
164373380474051,164373306860880,352.90875,886,1920,90,guide,0,0.865631842285596,0.9235186839617356,1988,773,0.3553682446181057,5,4,0.96993214,3.535317,true,24.429531,18.725417,114.090364,157.886615,22.914114,0.027448,338.107969,338.156666
164373723150457,164373640276297,342.676406,886,1920,90,guide,0,0.899698556264975,0.9596243490545507,552,476,0.3642475388698756,3,4,0.96993214,3.535317,true,17.104323,20.02776,116.073959,151.489479,25.792187,0.028802,330.555104,330.606771
164374057461342,164373973691714,334.310885,886,1920,90,guide,0,0.7431613912824777,0.6825350065562173,2194,368,0.44276680919115563,5,4,0.96993214,3.535317,true,15.980052,20.79625,131.180209,155.339218,22.958698,0.028229,346.311719,346.360365
164374408342280,164374340448589,350.880938,886,1920,90,guide,0,0.8739687584026382,0.9177605447430942,1881,1031,0.3604890141357515,5,4,0.96993214,3.535317,true,14.825417,23.944166,124.368594,168.506667,24.495364,0.029792,356.205677,356.268229
164374768369155,164374707205464,360.026875,886,1920,90,guide,0,0.8381423973911819,0.8847860073172061,825,1022,0.3670487395478119,4,4,0.96993214,3.535317,true,14.64599,20.011562,123.445208,154.02,24.114948,0.028386,336.300885,336.347135
164375108890456,164375040620880,340.521301,886,1920,90,guide,0,0.8903295049929292,0.8475679948845867,1519,638,0.39713445651077706,4,4,0.96993214,3.535317,true,21.088698,22.676927,113.964219,182.459427,24.581771,0.029427,364.829427,364.875938
164375477808217,164375407377755,368.917761,886,1920,90,guide,0,0.8293929037507575,0.8828194071644365,2712,1572,0.41390804436279893,4,4,0.96993214,3.535317,true,14.774531,21.804427,112.616667,160.543541,24.497604,0.034011,334.311406,334.377916
164375818022383,164375740793172,340.214166,886,1920,90,tap_to_focus,0,0.8110209051734456,0.9146366317894429,1270,682,0.3764375567756528,4,0,1.0964912,3.535317,true,16.252291,23.240834,138.673281,153.422552,29.142604,0.031198,360.799895,360.854792
164376183553841,164376074208589,365.531458,886,1920,90,tap_to_focus,0,0.9011278769209067,0.8331520683476761,948,896,0.3173485240773033,5,0,1.002004,3.535317,true,18.52625,20.441667,113.889062,170.767136,24.372552,0.033489,348.06651,348.136563
164376537685977,164376440965464,354.132136,886,1920,90,tap_to_focus,0,0.9041463436730661,0.9378794460916758,2047,1130,0.37735242186678875,5,0,1.002004,3.535317,true,16.085052,18.187552,128.735416,170.941406,27.379948,0.030938,361.397083,361.460104
164376903385612,164376807722547,365.699635,886,1920,90,tap_to_focus,0,0.8492540204084046,0.9280560865298514,917,725,0.4055602609452933,5,0,1.002004,3.535317,true,23.344427,24.034167,130.173125,168.905208,24.581979,0.030417,371.106979,371.162708
164377280384779,164377207820880,376.999167,886,1920,90,tap_to_focus,0,0.9087799342620974,0.9399315621655805,1403,732,0.3455742766815746,5,0,1.002004,3.535317,true,15.460938,27.262292,121.094531,163.206718,26.506094,0.031667,353.596927,353.662083
164377638812851,164377541236297,358.428072,886,1920,90,tap_to_focus,0,0.9726838774989751,0.9617654620444499,1693,737,0.3847678611443719,5,0,1.002004,3.535317,true,16.356355,21.992395,130.354688,155.156614,24.536979,0.028438,348.461823,348.522136
164377993004101,164377907993172,354.19125,886,1920,90,tap_to_focus,0,0.7972876090703305,0.8561875204335856,1385,1021,0.3539016318994612,5,0,1.002004,3.535317,true,16.197761,24.849895,122.27724,168.795781,26.010052,0.031823,358.205937,358.269115
164378356038372,164378274750047,363.034271,886,1920,90,tap_to_focus,0,0.827462694048562,0.8292260255723488,642,644,0.402571000793813,2,0,1.002004,3.535317,true,17.299896,24.752187,122.150625,168.008959,23.800468,0.029584,356.073802,356.124844
164378718068528,164378641507130,362.030156,886,1920,90,tap_to_focus,0,0.844927719363934,0.9025409818219815,2062,1488,0.33891584507902195,5,0,1.002004,3.535317,true,15.400729,20.245521,124.115677,179.510156,24.393541,0.031303,363.736979,363.798229
164379086611861,164379008264005,368.543333,886,1920,90,tap_to_focus,0,0.8444822279341212,0.8941824414890653,1292,491,0.35997618636395146,5,0,1.002004,3.535317,true,26.614479,18.692292,116.034635,170.9075,24.128802,0.031458,356.466198,356.546875
164379447796080,164379375020880,361.184219,886,1920,90,tap_to_focus,0,0.7393678425703247,0.8760501415113356,693,701,0.39228666994785044,4,0,1.002004,3.535317,true,16.477917,33.242396,127.963646,205.922604,25.48526,0.031771,409.156979,409.204323
164379861655976,164379775119422,413.859896,886,1920,90,tap_to_focus,0,0.6774309966270013,0.6498945181820744,570,385,0.4230223120338721,4,0,1.002004,3.535317,true,14.699792,23.693177,109.99375,193.532552,24.535729,0.030781,366.519115,366.575885
164380232775038,164380141876297,371.119062,886,1920,90,tap_to_focus,0,0.7953635178815283,0.9362399791978855,2264,665,0.34346729214161087,5,0,1.002004,3.535317,true,15.363854,19.157448,113.511458,179.735677,22.692761,0.024271,350.523281,350.575416
164380587569204,164380508633172,354.794166,886,1920,90,tap_to_focus,0,0.8513833768575971,0.8014092039543028,1305,1682,0.35731046763044105,5,0,1.002004,3.535317,true,15.017761,23.760052,139.033698,191.002812,24.944219,0.02875,393.818385,393.863073
164380990369777,164380908731714,402.800573,886,1920,90,tap_to_focus,0,0.91182194514323,0.858655684393078,1305,370,0.3010540865069373,5,0,1.002004,3.535317,true,17.11901,23.121719,136.672812,178.085834,24.628229,0.034635,379.706406,379.766458
164381376481600,164381275488589,386.111823,886,1920,90,tap_to_focus,0,0.9532301435399642,0.8333715630790399,214,450,0.356124319528476,5,0,1.002004,3.535317,true,23.676666,24.779167,112.626719,288.958125,22.832864,0.029688,472.945208,473.012448
164381858209621,164381775611714,481.728021,886,1920,90,tap_to_focus,0,0.8969464840974236,0.957774142647998,1563,539,0.3219624071365246,5,0,1.002004,3.535317,true,17.756094,21.9725,111.276823,164.133229,25.959323,0.035625,341.174896,341.235885
164382203807954,164382109027130,345.598333,886,1920,90,tap_to_focus,0,0.7504088918812937,0.8584256901543177,1563,618,0.36201300917932144,5,0,1.002004,3.535317,true,16.547812,21.120052,131.871198,166.612552,23.038125,0.025729,359.254114,359.305573
164382567497120,164382475784005,363.689166,886,1920,90,tap_to_focus,0,0.9185615487428085,0.9390960614848349,1504,462,0.3778638291087191,5,0,1.002004,3.535317,true,15.620885,21.736198,124.155729,174.395625,27.954323,0.031771,363.9275,363.982917
164382934570349,164382842540880,367.073229,886,1920,90,tap_to_focus,0,0.9287208262370188,0.9513464525758883,1330,182,0.41856488847976436,4,0,1.1441647,3.535317,true,16.478333,18.055833,122.626407,164.834062,24.492292,0.027656,346.547552,346.600834
164383285920193,164383209297755,351.349844,886,1920,90,tap_to_focus,0,0.8602498699046818,0.8776249202591909,2537,547,0.34410279528844967,5,0,1.1441647,3.535317,true,19.329115,25.544479,108.225886,156.529479,24.464531,0.029114,334.160834,334.223646
164383625026755,164383542713172,339.106562,886,1920,90,tap_to_focus,0,0.8813012053093101,0.939163805728239,1472,747,0.324536950939347,5,0,1.1441647,3.535317,true,15.774375,59.076302,160.817448,187.25651,23.805104,0.027657,446.782031,446.861042
164384076042484,164384009494839,451.015729,886,1920,90,tap_to_focus,0,0.9838370666184263,0.9825521215975089,827,223,0.286882417405792,5,0,1.1441647,3.535317,true,15.654011,19.315833,130.221771,160.625208,24.117604,0.031927,350.011771,350.067917
164384430138995,164384342910047,354.096511,886,1920,90,tap_to_focus,0,0.9488042009160033,0.9231934191031445,565,248,0.34535417213592723,5,0,1.1904762,3.535317,true,15.940834,25.189687,133.537761,192.302083,23.088281,0.029011,390.127292,390.170468
164384825729880,164384743008589,395.590885,886,1920,90,tap_to_focus,0,0.7329374556539107,0.7510221952180951,2215,811,0.33627522194221626,5,0,1.1904762,3.535317,true,15.013594,21.802291,134.84724,161.977552,22.754948,0.024166,356.4475,356.503125
164385187331598,164385109765464,361.601718,886,1920,90,tap_to_focus,0,0.9252880836191345,0.9847116253887471,1683,469,0.3747702311341783,4,0,1.1904762,3.535317,true,15.140104,19.700417,116.476823,159.486146,22.878072,0.033855,333.750469,333.810261
164385525404515,164385443180880,338.072917,886,1920,90,tap_to_focus,0,0.8977418334434027,0.9749479313167834,1576,398,0.36844763697558847,5,0,1.1904762,3.535317,true,24.636459,20.234479,131.287396,166.715156,24.468906,0.030625,367.413334,367.455937
164385896732588,164385809937755,371.328073,886,1920,90,tap_to_focus,0,0.9525248892002782,0.8423391194022676,594,127,0.3872273615166719,5,0,1.285347,3.535317,true,15.584323,32.953541,122.046615,180.791145,23.155261,0.029323,374.589374,374.634895
164386275543629,164386176694839,378.811041,886,1920,90,tap_to_focus,0,0.9368653247548363,0.9064484601881346,1839,1350,0.33790149398913627,5,0,1.112347,3.535317,true,16.588021,17.167344,126.928333,178.928802,23.942187,0.028438,363.615052,363.664531
164386644489931,164386576793172,368.946302,886,1920,90,tap_to_focus,0,0.9376527748396419,0.956488023785696,1224,528,0.2980731416141893,5,0,1.0964912,3.535317,true,16.378698,23.047292,119.409948,161.16552,24.614271,0.030313,344.686406,344.77474
164386993810348,164386910208589,349.320417,886,1920,90,tap_to_focus,0,0.8814220284730097,0.8104768555954469,2113,830,0.34667832553212463,5,0,1.0964912,3.535317,true,21.477552,39.303386,210.847864,206.318282,23.003802,0.02776,501.010625,501.057604
164387499297118,164387410331714,505.48677,886,1920,90,tap_to_focus,0,0.9132898227476444,0.9220967730433998,1768,548,0.3204177492969311,5,0,1.0964912,3.535317,true,14.388906,22.700469,168.015677,279.327448,31.184792,0.027447,515.680104,515.730104
164388018811389,164387943796297,519.514271,886,1920,90,tap_to_focus,0,0.9493732540422367,0.937912512446139,1401,379,0.3483189635214785,5,0,1.081081,3.535317,true,30.576563,32.418802,202.187395,222.661407,26.56427,0.031511,514.472344,514.520104
164388537229514,164388443919422,518.418125,886,1920,90,tap_to_focus,0,0.9565098603865531,0.9344812951401705,495,665,0.22519201417992596,5,0,1.081081,3.535317,true,17.450417,37.265416,202.762709,203.999322,24.866615,0.028542,486.405729,486.455
164389027859357,164388944042547,490.629843,886,1920,90,tap_to_focus,0,0.8636205707269128,0.845883957496292,2515,717,0.35051832534563476,5,0,1.0330578,3.535317,true,23.50474,23.1625,165.696979,238.605052,23.456927,0.032708,474.501094,474.546459
164389506883107,164389410824005,479.02375,886,1920,90,tap_to_focus,0,0.9529203277061947,0.965096065104865,1317,309,0.2726501270269921,5,0,1.0330578,3.535317,true,39.680781,21.296146,167.228594,213.808906,23.873906,0.030104,465.951458,466.026875
164389979273315,164389910947130,472.390208,886,1920,90,tap_to_focus,0,0.8511260364520243,0.9214777588371666,1051,674,0.3279059078068265,5,0,1.081081,3.535317,true,16.104792,40.136146,152.67526,157.907396,24.075312,0.03,390.960469,391.011875
164390374631024,164390311045464,395.357709,886,1920,90,tap_to_focus,0,0.9112382202768087,0.8832429118439288,1287,1017,0.3186336978076838,5,0,1.0330578,3.535317,true,16.432656,17.777032,119.071093,162.838802,22.789115,0.025729,338.966771,339.019947
164390717252065,164390644460880,342.621041,886,1920,90,tap_to_focus,0,0.8291635270861029,0.8487929096439254,1960,1045,0.3493748938396095,5,0,1.0330578,3.535317,true,17.234896,18.539114,114.492344,160.807812,23.908386,0.030364,335.048541,335.092396
164391056141752,164390977876297,338.889687,886,1920,90,tap_to_focus,0,0.7997436747744671,0.7300541193173065,1902,865,0.37911041288841574,5,0,1.0330578,3.535317,true,15.532604,26.522344,153.80401,185.445573,24.504948,0.030937,405.8725,405.913021
164391466568784,164391377974839,410.427032,886,1920,90,tap_to_focus,0,0.9447471799413409,0.9063457776529288,519,311,0.34705993222823395,5,0,1.0330578,3.535317,true,15.775156,21.060104,116.999479,153.561927,23.132708,0.029844,330.594427,330.648229
164391802249877,164391711390047,335.681093,886,1920,90,tap_to_focus,0,0.9444547322475959,0.8479073496437025,829,640,0.33061088263281135,4,0,1.0330578,3.535317,true,22.050729,19.043021,133.1425,177.976145,22.750938,0.024479,375.020885,375.068958
164392181476127,164392111488589,379.22625,886,1920,90,tap_to_focus,0,0.9172454963452235,0.9413046831666096,1564,720,0.31978558382490974,5,0,1.0330578,3.535317,true,23.18625,27.319687,155.612292,167.691041,24.019896,0.031094,397.891822,397.940729
164392583163366,164392511587130,401.687239,886,1920,90,tap_to_focus,0,0.8065779280543112,0.8895586526458836,1630,650,0.37181740159458343,5,0,1.002004,3.535317,true,16.191511,21.150885,144.396563,171.551666,23.965,0.030105,377.324688,377.368334
164392964391023,164392878344005,381.227657,886,1920,90,tap_to_focus,0,0.8902908289003193,0.929732292131887,733,344,0.3853210658273838,5,0,1.002004,3.535317,true,15.086302,20.355833,143.371198,180.976667,24.004635,0.028229,383.860937,383.900833
164393353610241,164393278442547,389.219218,886,1920,90,tap_to_focus,0,0.7166042442804453,0.7575181212806822,1652,1341,0.3746903880726453,5,0,1.002004,3.535317,true,14.669635,21.694583,122.93349,169.130989,26.691615,0.027969,355.175104,355.22099
164393713659720,164393611857755,360.049479,886,1920,90,tap_to_focus,0,0.7685992694095741,0.7786884479733821,574,755,0.3431630335534651,2,0,1.002004,3.535317,true,15.993281,17.622031,122.923177,175.610469,25.053646,0.029166,357.264323,357.316667
164394074897220,164393978614839,361.2375,886,1920,90,tap_to_focus,0,0.6345599767590532,0.824374637657093,1047,168,0.3356217965673185,5,0,1.002004,3.535317,true,15.873802,21.296302,124.867969,162.391979,23.539323,0.033229,348.041927,348.091198
164394428550553,164394345371714,353.653333,886,1920,90,tap_to_focus,0,0.7795232508895772,0.8177094709945515,1291,902,0.3512124411929278,4,0,1.002004,3.535317,true,17.217761,23.501979,132.316875,170.63,22.783333,0.032552,366.52125,366.581719
164394800054564,164394712128589,371.504011,886,1920,90,tap_to_focus,0,0.8902783445512938,0.876809532775006,1136,643,0.30294357552189055,5,0,1.002004,3.535317,true,16.449271,17.34349,118.298645,182.142604,26.361198,0.031511,360.663698,360.722343
164395164526074,164395078885464,364.47151,886,1920,90,tap_to_focus,0,0.7010853492663036,0.6329843292334133,1610,969,0.38328818424145084,3,0,1.002004,3.535317,true,30.70927,20.124636,129.318489,152.645938,22.744583,0.024427,355.604531,355.647187
164395525183313,164395445642547,360.657239,886,1920,90,tap_to_focus,0,0.9059222539197349,0.9056556226803893,422,466,0.37635396252803943,5,0,1.002004,3.535317,true,15.717135,27.450782,110.670572,160.998959,28.283593,0.029844,343.18151,343.223542
164395875134303,164395779057755,349.95099,886,1920,90,tap_to_focus,0,0.9041571041086459,0.8589968477835387,1608,1042,0.3047620773765427,5,0,1.002004,3.535317,true,16.408906,19.658386,128.619635,200.41224,26.066718,0.037813,391.246615,391.300989
164396271591125,164396179156297,396.456822,886,1920,90,tap_to_focus,0,0.6991429222204957,0.7371769830811684,1926,1291,0.3452833415578169,5,0,1.002004,3.535317,true,14.968437,20.311355,144.792916,183.549688,24.615729,0.028854,388.308541,388.356459
164396664540032,164396579254839,392.948907,886,1920,90,tap_to_focus,0,0.7233171138651374,0.8363982811766807,576,756,0.3483449234443867,5,0,1.002004,3.535317,true,15.863646,25.15099,144.796562,170.311979,25.214792,0.030677,381.400208,381.455104
164397053300552,164396979353172,388.76052,886,1920,90,tap_to_focus,0,0.7961172044107595,0.7702345238304966,1531,1201,0.38573434899619485,5,0,1.002004,3.535317,true,17.384271,25.745364,152.564427,199.047604,25.786198,0.030677,420.60125,420.651823
164397478062792,164397379451714,424.76224,886,1920,90,tap_to_focus,0,0.8037441606537777,0.7774490367384609,1290,1214,0.3827084781709118,4,0,1.002004,3.535317,true,23.408802,25.045833,136.324115,189.934062,24.893594,0.029427,399.663073,399.705104
164397882651594,164397779550047,404.588802,886,1920,90,tap_to_focus,0,0.8273762715754325,0.8556053854269435,1819,1531,0.3520040925479009,5,0,1.002004,3.535317,true,16.723177,30.828802,140.815781,186.317604,24.814792,0.030156,399.567916,399.617447
164398286417948,164398212990047,403.766354,886,1920,90,tap_to_focus,0,0.9669506816047244,0.9633137187325853,1375,1381,0.4034444371022552,4,0,1.002004,3.535317,true,16.658021,20.157656,133.896198,185.066354,34.056198,0.029479,389.900833,389.951249
164398685379093,164398613088589,398.961145,886,1920,90,tap_to_focus,0,0.9335389992353521,0.9063184888061947,1394,1267,0.35833141609181496,5,0,1.002004,3.535317,true,18.645833,25.522136,124.202656,175.625937,24.481407,0.026145,368.534219,368.580834
164399059379197,164398946504005,374.000104,886,1920,90,tap_to_focus,0,0.7983729676383825,0.8380195733745908,1233,1064,0.3922133220964312,5,0,1.002004,3.535317,true,18.046927,43.407448,170.292761,188.586822,28.468125,0.027865,448.861875,448.908229
164399517590864,164399413285464,458.211667,886,1920,90,tap_to_focus,0,0.5649417262107446,0.6906993442904145,514,1110,0.3848452890635343,4,0,1.002004,3.535317,true,17.2475,26.908854,129.346719,182.654479,25.947656,0.030677,382.177864,382.231354
164399905949666,164399813384005,388.358802,886,1920,90,tap_to_focus,0,0.9580030428911903,0.8996493904847473,1910,1334,0.3893949248123363,3,0,0.9861933,3.535317,true,22.151406,29.078073,138.402448,204.735625,24.475625,0.025937,418.902708,418.960364
164400330541801,164400246824005,424.592135,886,1920,90,tap_to_focus,0,0.9129744104210868,0.9056433632359633,826,2389,0.40286053194595484,1,0,0.96993214,3.535317,true,15.205521,22.020729,135.866562,180.411927,30.043802,0.031459,383.621771,383.672187
164400719954665,164400646922547,389.412864,886,1920,90,tap_to_focus,0,0.8155934212853957,0.7211289574896197,1653,1128,0.36238978783869413,5,0,0.96993214,3.535317,true,18.098177,27.666458,138.310469,174.068646,26.034166,0.033698,384.245729,384.300157
164401108970030,164401013679422,389.015365,886,1920,90,tap_to_focus,0,0.8597183012744547,0.7942319200244963,1610,1103,0.3477987756840637,5,0,0.96993214,3.535317,true,18.458594,22.919583,130.647865,203.008125,28.617031,0.031458,403.721667,403.776875
164401518658571,164401447119422,409.688541,886,1920,90,tap_to_focus,0,0.9205740738034767,0.9191580719777055,1873,989,0.39821066685234285,5,0,0.96993214,3.535317,true,18.725157,20.742187,131.729636,218.285208,37.429062,0.028907,426.977761,427.037865
164401949902946,164401880559422,431.244375,886,1920,90,tap_to_focus,0,0.8359956981906937,0.8867389525129735,2133,1869,0.3632316362050858,4,0,0.96993214,3.535317,true,28.23052,24.919532,181.548645,190.883802,25.286823,0.032084,450.936874,450.988438
164402405295967,164402313999422,455.393021,886,1920,90,tap_to_focus,0,0.935475888558607,0.8764670267190241,995,1674,0.3946805081661324,4,0,0.96993214,3.535317,true,17.668906,23.43625,126.811979,172.321354,25.382084,0.03151,365.693021,365.747916
164402776951123,164402680756297,371.655156,886,1920,90,tap_to_focus,0,0.7961997371771615,0.6973591299119752,1478,2016,0.4282594150311567,3,0,0.96993214,3.535317,true,17.174271,18.971562,123.663802,171.894427,25.961667,0.033229,357.736041,357.797239
164403139867060,164403047513172,362.915937,886,1920,90,tap_to_focus,0,0.8873388417182627,0.9368864853946695,1690,962,0.37668294590196183,5,0,0.96993214,3.535317,true,23.98974,20.661614,129.404532,170.721458,28.616406,0.031198,373.478073,373.545365
164403520083727,164403414270047,380.216667,886,1920,90,tap_to_focus,0,0.9565016048656219,0.9646976706082605,1325,816,0.3426909194521599,4,0,1.1286682,3.535317,true,17.556667,23.277083,145.346667,173.546093,26.066667,0.032552,385.864635,385.916146
164403911045758,164403814368589,390.962031,886,1920,90,tap_to_focus,0,0.9793956314332931,0.9845545520099027,485,327,0.41875535410586195,4,0,1.1441647,3.535317,true,17.176615,28.972968,125.571407,162.079062,24.82875,0.025833,358.680625,358.739114
164404274062633,164404181125464,363.016875,886,1920,90,tap_to_focus,0,0.9747738629794989,0.9796299758806039,522,312,0.35087403092964564,5,0,1.1441647,3.535317,true,17.761927,27.247344,139.266302,165.606406,26.751094,0.030781,376.701406,376.744948
164404656043101,164404581224005,381.980468,886,1920,90,tap_to_focus,0,0.9191884876932161,0.89782535034471,1609,1026,0.35488587843209984,5,0,1.2062726,3.535317,true,15.652917,25.295364,132.502344,205.891667,25.838177,0.03276,405.260573,405.321979
164405065511018,164404981322547,409.467917,886,1920,90,tap_to_focus,0,0.9907464459062504,0.9908545002328125,1084,1359,0.38914093302389574,2,0,1.0330578,3.535317,true,17.838438,41.743802,169.268229,177.826041,26.624896,0.028802,433.364323,433.405052
164405503164091,164405414762547,437.653073,886,1920,90,tap_to_focus,0,0.8496411201446752,0.9243981760944419,567,548,0.34848095788191813,5,0,1.0330578,3.535317,true,16.7675,24.782969,146.548073,184.894948,30.197239,0.030313,403.264636,403.304427
164405912307372,164405814860880,409.143281,886,1920,90,tap_to_focus,0,0.5847044156765006,0.85408525295588,716,1244,0.36778412720296316,5,0,0.7490637,3.535317,true,18.548073,19.664115,127.521094,194.751041,26.761042,0.03125,387.319792,387.377448
164406304505601,164406214959422,392.198229,886,1920,90,tap_to_focus,0,0.9035645290924892,0.7709039400745747,1097,835,0.34577642076313,5,0,0.62189054,3.535317,true,28.294792,23.081198,128.97802,193.443125,27.055938,0.031354,400.921406,400.974531
164406713634247,164406615057755,409.128646,886,1920,90,tap_to_focus,0,0.7858981729546268,0.9076452907321734,689,836,0.38930599011500533,5,0,0.62189054,3.535317,true,17.067084,32.315104,130.351094,173.534531,27.203021,0.029947,380.543646,380.602551
164407098441590,164407015156297,384.807343,886,1920,90,tap_to_focus,0,0.8618056556028888,0.8608276063175736,811,461,0.3555021583654674,5,0,0.62189054,3.535317,true,19.084219,21.060781,131.568281,201.237031,27.952292,0.033437,400.969479,401.015781
164407504680548,164407415254839,406.238958,886,1920,90,tap_to_focus,0,0.6500493759537392,0.8330405123047687,1008,1130,0.3461924404247725,4,0,0.62189054,3.535317,true,19.780938,20.125521,155.728698,201.895312,28.967135,0.033594,426.573386,426.6275
164407936692319,164407848694839,432.011771,886,1920,90,guide,0,0.7092917758058985,0.9063699655475387,831,1295,0.3490402142691593,3,2,0.76452595,3.535317,true,18.157239,28.233229,221.429427,259.775104,29.958698,0.026771,557.617551,557.680625
164408500357058,164408415500880,563.664739,886,1920,90,guide,0,0.7265254255812541,0.907791417088281,1234,1205,0.3173803229178418,4,2,0.76452595,3.535317,true,18.284063,33.48776,173.691094,229.123958,26.766146,0.026979,481.414323,481.466511
164408986390496,164408882282547,486.033438,886,1920,90,tap_to_focus,0,0.692618478523976,0.9088431986587338,504,1071,0.31325756804879745,3,3,0.6377551,3.535317,true,27.970365,26.584791,148.843698,190.395156,28.234948,0.029271,422.094375,422.137656
164409414204714,164409315722547,427.814218,886,1920,90,guide,0,0.8064377734796377,0.8551316113570522,479,727,0.3188505031222917,3,4,0.6377551,3.535317,true,20.186823,33.061979,138.105625,200.204375,31.756927,0.053906,423.404843,423.470469
164409843376120,164409749162547,429.171406,886,1920,90,guide,0,0.7635741963014328,0.9094201663845997,1076,1083,0.3105705891973116,4,4,0.6377551,3.535317,true,18.153178,33.222708,176.30875,191.715781,28.442448,0.031562,447.913698,447.975677
164410296701328,164410215944005,453.325208,886,1920,90,guide,0,0.748326421795079,0.8939268062985228,1177,1841,0.31428067445045826,4,4,0.6377551,3.535317,true,17.804843,21.282188,136.219635,190.273854,26.359375,0.033229,392.004583,392.06474
164410693780964,164410616042547,397.079636,886,1920,90,guide,0,0.7320912991227676,0.8492050457087648,2489,2090,0.4195634305248177,2,4,0.6377551,3.535317,true,18.008958,22.64573,144.436562,190.046771,28.7425,0.033333,403.957187,404.025208
164411104515495,164411016140880,410.734531,886,1920,90,guide,0,0.8328814480055267,0.8843200462301858,617,1644,0.3314561683115613,3,4,0.6377551,3.535317,true,20.384687,22.010677,153.825625,197.084792,28.436041,0.034375,421.82177,421.895052
164411531411432,164411449580880,426.895937,886,1920,90,guide,0,0.8195094579058491,0.8672856609481102,689,2185,0.3263979786356117,4,4,0.6377551,3.535317,true,27.102709,21.958125,136.624583,197.95776,32.370625,0.032292,416.084844,416.150313
164411953132526,164411849679422,421.721094,886,1920,90,guide,0,0.7583411993831771,0.9227490135756901,1635,816,0.3751098279475684,3,4,0.6377551,3.535317,true,19.977865,33.753958,135.828541,178.255261,29.775521,0.033958,397.666354,397.733645
164412357116276,164412283119422,403.98375,886,1920,90,guide,0,0.6993629776870922,0.8119897920335221,1412,1607,0.414274502149226,3,4,0.6377551,3.535317,true,18.24776,21.720833,153.533386,173.900156,26.716198,0.02776,394.19151,394.262031
164412755887682,164412683217755,398.771406,886,1920,90,guide,0,0.5358117385008937,0.8544446620324408,50,649,0.41026940636686504,2,4,0.6377551,3.535317,true,19.04,23.558646,137.338646,189.621354,27.846927,0.034636,397.484532,397.544843
164413158986900,164413083316297,403.099218,886,1920,90,guide,0,0.9696324689959367,0.9761764647071576,659,498,0.3370257255739326,5,4,0.6377551,3.535317,true,19.029584,25.856927,137.821875,180.600312,28.775313,0.033906,392.163854,392.219271
164413557651640,164413483414839,398.66474,886,1920,90,guide,0,0.976759214351883,0.9760374817798417,504,508,0.34460537780425327,5,4,0.6377551,3.535317,true,25.835938,21.690729,135.458698,188.865312,26.695209,0.028697,398.60875,398.673958
164413960931119,164413883513172,403.279479,886,1920,90,tap_to_focus,0,0.9458130957765248,0.9432883061536109,653,930,0.38245743315127356,5,0,0.6377551,3.535317,true,29.213698,20.969792,153.379271,198.184635,27.976094,0.032292,429.794584,429.840937
164414395919191,164414316953172,434.988072,886,1920,90,tap_to_focus,0,0.6724857966330601,0.858701527830152,1226,733,0.3350786738860734,4,0,0.6377551,3.535317,true,17.827083,37.37099,126.58,181.255104,26.880521,0.028333,389.987135,390.029375
164414790184764,164414717051714,394.265573,886,1920,90,tap_to_focus,0,0.7842940839937687,0.862658515094573,374,788,0.3723722422335598,5,0,0.6377551,3.535317,true,18.148854,22.668281,185.427708,184.801146,27.94625,0.037865,439.07026,439.120886
164415233921587,164415150491714,443.736823,886,1920,90,tap_to_focus,0,0.7993371831517272,0.866831281556348,669,475,0.3571007433390605,5,0,0.5903188,3.535317,true,17.630365,19.557135,131.090677,196.248594,29.047916,0.030417,393.640885,393.679635
164415633305285,164415550590047,399.383698,886,1920,90,tap_to_focus,0,0.8741725258863856,0.8849411875694452,854,1457,0.3375214827719262,2,0,0.5903188,3.535317,true,19.456979,26.04526,142.650365,189.986614,26.892448,0.029688,405.100572,405.157656
164416043288878,164415950688589,409.983593,886,1920,90,tap_to_focus,0,0.9021873960882111,0.9116523560259552,455,1469,0.3102247528630411,3,3,0.7490637,3.535317,true,17.801979,22.131458,135.62651,184.844636,28.285781,0.031979,388.76177,388.80599
164416436853722,164416350787130,393.564844,886,1920,90,guide,0,0.8556451436761277,0.8491160563758187,600,1219,0.30782877852338686,4,4,0.7490637,3.535317,true,31.215157,25.150885,142.885156,185.92724,26.974114,0.04599,412.241354,412.309271
164416866937628,164416750885464,430.083906,886,1920,90,matching,1,0.7550267233090615,0.8727382793913312,1565,576,0.39140129265933865,1,4,0.7490637,3.535317,true,20.002344,30.348594,132.299166,244.207813,27.791667,0.030208,454.709844,454.774531
164417326695857,164417251008589,459.758229,886,1920,90,guide,0,0.779069522021744,0.7915590462548574,225,645,0.30370311336452005,4,4,0.7490637,3.535317,true,18.601146,27.965469,157.714374,193.352136,27.492135,0.030365,425.197604,425.257344
164417757237888,164417684448589,430.542031,886,1920,90,guide,0,0.7595068864209122,0.9223727998065293,251,1436,0.3085294864672363,3,4,0.7490637,3.535317,true,17.7475,22.678802,142.193385,201.393802,28.481459,0.033906,412.568333,412.636406
164418177409138,164418084547130,420.17125,886,1920,90,guide,0,0.7878138827208583,0.8823665159202733,335,727,0.32611927798296847,2,4,0.7490637,3.535317,true,18.677396,24.820156,152.294219,194.177604,28.519896,0.034843,418.562864,418.620781
164418601312784,164418517987130,423.903646,886,1920,90,guide,0,0.8555034494996646,0.8306836395796733,272,536,0.30209558266625436,3,4,0.7490637,3.535317,true,19.092604,22.526719,130.402135,188.272812,28.481563,0.033594,388.877708,388.939479
164418996892783,164418918085464,395.579999,886,1920,90,guide,0,0.7872378592992822,0.8455308961078665,793,1547,0.32478537975592303,4,4,0.7490637,3.535317,true,25.321719,25.964843,130.029323,175.153229,27.015782,0.03026,383.546146,383.609584
164419384932315,164419284842547,388.039532,886,1920,90,guide,0,0.8394489174384373,0.8586567036098396,481,543,0.3193470633649689,3,4,0.7490637,3.535317,true,18.869375,32.407969,133.909479,183.971979,27.475364,0.031823,396.70276,396.75677
164419786893721,164419684940880,401.961406,886,1920,90,guide,0,0.8576978541808783,0.9014516206823313,613,538,0.3289665863542801,3,4,0.7490637,3.535317,true,18.591407,27.901354,152.499166,227.604792,28.356302,0.03224,455.027969,455.090364
164420247562783,164420151722547,460.669062,886,1920,90,guide,0,0.8213584321835459,0.9090164623445448,253,1350,0.39405231265564566,4,4,0.7490637,3.535317,true,20.180312,26.846667,151.054166,200.68474,30.716198,0.032187,429.550156,429.630937
164420682159762,164420585162547,434.596979,886,1920,90,guide,0,0.9052701768621811,0.9087341591609416,241,1502,0.26415018306900606,5,4,0.7490637,3.535317,true,18.512656,29.867916,157.972188,207.116979,27.245208,0.02823,440.782552,440.841458
164421128958304,164421051944005,446.798542,886,1920,90,tap_to_focus,0,0.8457355360487507,0.9085142026902978,509,896,0.3486547102326085,3,0,0.7490637,3.535317,true,18.516511,36.22,167.590989,182.957344,28.287187,0.033698,433.64125,433.69802
164421567132418,164421485384005,438.174114,886,1920,90,tap_to_focus,0,0.818228523646245,0.7893474533976185,1718,2027,0.3583162166638658,3,0,0.76452595,3.535317,true,27.251719,19.500677,136.416614,198.047136,30.951771,0.030937,412.23625,412.288958
164421989899918,164421885482547,422.7675,886,1920,90,not_plant,0,0.46336647349520554,0.5747079511170012,,539,,,0,0.5583473,3.535317,true,17.427447,21.48724,140.635469,107.733073,14.149947,8.86E-4,301.478854,301.52151
164422296222678,164422218897755,306.32276,886,1920,90,not_plant,0,0.31899156652229743,0.6386227111186339,,980,,,2,0.4789272,3.535317,true,23.60474,28.120052,140.432708,98.572761,14.277656,0.001198,305.049479,305.10599
164422606615699,164422518971714,310.393021,886,1920,90,walk_closer,0,0.858136725564425,0.9122983681815833,1079,811,0.32525998432345204,4,2,0.4789272,3.535317,true,25.897084,27.268645,151.951042,188.326823,26.873802,0.029167,420.386458,420.442135
164423031355282,164422952411714,424.739583,886,1920,90,walk_closer,0,0.6537494541618564,0.858644904797563,894,1296,0.36466990916194675,2,2,0.4789272,3.535317,true,19.259843,22.140209,139.12651,200.285729,28.551875,0.035261,409.449791,409.514114
164423446363615,164423352510047,415.008333,886,1920,90,walk_closer,0,0.8903223130013144,0.9527261538804526,563,760,0.29576391995537676,5,2,0.4789272,3.535317,true,24.927604,24.111511,135.969583,186.181927,29.61,0.031666,400.870416,400.951615
164423852696532,164423752608589,406.332917,886,1920,90,tap_to_focus,0,0.8405386265084638,0.9483060594741883,591,852,0.2999434772364111,5,1,0.4789272,3.535317,true,17.790573,31.338438,131.086041,208.026927,28.460781,0.034063,416.782031,416.844479
164424276447781,164424186048589,423.751249,886,1920,90,guide,0,0.8490229147187909,0.8981339758047986,410,1295,0.2959008488303425,5,2,0.8123477,3.535317,true,18.625885,22.761615,130.464375,172.991302,27.048906,0.026458,371.947239,372.013542
164424652584500,164424586147130,376.136719,886,1920,90,guide,0,0.781381127496204,0.8836367080573528,1382,857,0.37544236565972255,4,2,0.8123477,3.535317,true,18.037604,22.225573,130.317188,180.323697,27.116146,0.028073,378.087135,378.142187
164425036507573,164424952904005,383.923073,886,1920,90,guide,0,0.9112141007266681,0.8772166378735027,421,765,0.2961866159089084,3,2,0.79617834,3.535317,true,18.956302,29.976979,153.628021,167.234531,27.217604,0.027709,397.080885,397.135104
164425440216583,164425353002547,403.70901,886,1920,90,tap_to_focus,0,0.8124209311382923,0.8635820663477973,1604,954,0.3481857258150569,4,3,0.76452595,3.535317,true,17.643542,20.483594,126.831354,176.06151,27.822813,0.034948,368.918125,368.963958
164425814757885,164425719759422,374.541302,886,1920,90,guide,0,0.7945485534797285,0.8883974786639871,574,1474,0.3040073204460203,4,4,0.7490637,3.535317,true,26.778959,23.295364,122.826719,182.610677,32.484479,0.033438,388.066979,388.117552
164426209583302,164426119857755,394.825417,886,1920,90,guide,0,0.7936217421362377,0.8985336987692008,1831,1384,0.3069465877974338,4,4,0.7490637,3.535317,true,66.040886,31.046875,156.070573,197.3125,28.242395,0.03073,478.784427,478.846614
164426693720801,164426619980880,484.137499,886,1920,90,guide,0,0.7779382670692633,0.9026451910503573,1014,890,0.32546579469733583,4,4,0.7490637,3.535317,true,19.469427,28.320261,141.214114,193.122083,28.542917,0.033385,410.741198,410.812136
164427110334707,164427020079422,416.613906,886,1920,90,guide,0,0.8310357636292337,0.8891209014011041,762,1604,0.30667047015825233,5,4,0.7490637,3.535317,true,17.808125,19.884271,158.544948,180.311875,28.597708,0.032709,405.219063,405.28875
164427520362364,164427453519422,410.027657,886,1920,90,guide,0,0.8329450377890039,0.8639924225441199,550,514,0.30671699597075985,4,4,0.7490637,3.535317,true,17.968645,20.08849,173.031615,191.463958,28.524896,0.031145,431.138645,431.186614
164427956575488,164427886959422,436.213124,886,1920,90,guide,0,0.8889152210416288,0.9073327122191269,335,956,0.3191133574392744,3,4,0.7490637,3.535317,true,18.065834,33.565729,137.313906,191.85974,27.464427,0.031406,408.34349,408.409479
164428372861478,164428287057755,416.28599,886,1920,90,guide,0,0.8574109175210564,0.8520897826539147,517,1213,0.32737543938084457,3,4,0.7490637,3.535317,true,20.610625,28.396458,128.264427,183.599323,26.674791,0.028698,387.619062,387.687291
164428765858874,164428687156297,392.997396,886,1920,90,guide,0,0.9359585856224336,0.948309032081706,1059,431,0.3094271291824242,5,4,0.7490637,3.535317,true,18.223385,22.836927,140.381719,184.401927,28.882552,0.034271,394.796562,394.845937
164429166998144,164429087254839,401.13927,886,1920,90,guide,0,0.9692910233675539,0.9757968816756046,1188,1541,0.39047107708684425,5,4,0.7490637,3.535317,true,18.617187,22.1675,146.356771,183.245833,27.305521,0.034323,397.775364,397.843073
164429570571738,164429487353172,403.573594,886,1920,90,guide,0,0.9410779531025243,0.9524675431470875,1562,1097,0.4114350425046105,3,4,0.7490637,3.535317,true,19.539011,27.589739,130.494063,175.849791,27.901406,0.031459,381.437031,381.502031
164429956228300,164429887451714,385.656562,886,1920,90,guide,0,0.9655161718813333,0.9698810834656219,763,348,0.4131996914726468,4,4,0.7490637,3.535317,true,18.996459,21.207604,140.071875,207.197812,32.472396,0.028646,420.006302,420.046198
164430381123248,164430287550047,424.894948,886,1920,90,guide,0,0.9294168920222805,0.9534368989525529,381,268,0.35254802035589705,4,4,0.7490637,3.535317,true,17.746771,20.141823,134.684531,187.837604,26.815833,0.03073,387.304844,387.367708
164430773339602,164430687648589,392.216354,886,1920,90,guide,0,0.9452796119960429,0.9755561965082163,170,227,0.2541660328172952,4,2,0.9861933,3.535317,true,18.243594,26.389427,139.594688,196.448646,32.15901,0.035156,412.902917,412.958958
164431191027414,164431087747130,417.687812,886,1920,90,guide,0,0.9281085350333402,0.9621301335109738,230,236,0.25079701655239717,5,2,1.1286682,3.535317,true,19.673698,24.291979,139.915365,188.096666,26.719636,0.027708,398.760521,398.808802
164431594904081,164431487845464,403.876667,886,1920,90,tap_to_focus,0,0.9281032405993316,0.9679603941160159,313,249,0.2606855817497191,4,3,1.0649627,3.535317,true,29.143959,22.631666,141.222813,183.514114,28.582396,0.031875,405.172604,405.214843
164432005461789,164431921285464,410.557708,886,1920,90,guide,0,0.9473111938598721,0.969990979621565,196,303,0.24977484040266518,5,4,1.049318,3.535317,true,17.507396,33.031719,142.932344,180.733385,28.097969,0.032135,402.371406,402.430052
164432412393403,164432321384005,406.931614,886,1920,90,guide,0,0.9337938024994703,0.94378066639905,1645,1431,0.35859203815598306,4,4,1.049318,3.535317,true,24.139218,28.095157,136.62776,233.089531,29.545313,0.034166,451.576354,451.630417
164432869314549,164432788165464,456.921146,886,1920,90,guide,0,0.9733631107023235,0.9828825458353668,424,343,0.27204669397687553,5,4,1.049318,3.535317,true,17.164948,24.803489,134.97,177.701927,29.51948,0.031041,384.230573,384.310833
164433259608663,164433188264005,390.294114,886,1920,90,guide,0,0.9561142452300473,0.9870895423228886,853,552,0.3574630499087732,5,4,1.049318,3.535317,true,18.760573,27.98323,150.454895,183.136146,28.383698,0.03375,408.792657,408.85974
164433673688767,164433588362547,414.080104,886,1920,90,guide,0,0.966775220113018,0.9407701827623975,763,796,0.4055286869947565,2,4,1.049318,3.535317,true,16.716562,23.884532,132.494687,192.633594,26.904583,0.035833,392.719844,392.79
164434070995903,164433988460880,397.307136,886,1920,90,guide,0,0.9744546473823903,0.9728409572523609,1657,1229,0.3778461324614284,5,4,1.049318,3.535317,true,28.209739,18.855156,131.229844,192.10875,27.725,0.0325,398.198072,398.243437
164434474167934,164434388559422,403.172031,886,1920,90,guide,0,0.9829089273802799,0.9816536061754247,2018,1960,0.3777333524918305,5,4,1.049318,3.535317,true,25.60599,32.602083,130.473229,171.237657,26.7125,0.027916,386.697136,386.74625
164434867372882,164434788657755,393.204948,886,1920,90,guide,0,0.9227284410161375,0.9602844896828793,972,927,0.3278160245954922,5,4,1.049318,3.535317,true,17.030885,24.239219,144.780312,197.853281,26.61698,0.028541,410.581875,410.644687
164435282575902,164435188756297,415.20302,886,1920,90,guide,0,0.9509587901575136,0.9696142795459903,196,202,0.25328121660102454,4,4,1.049318,3.535317,true,18.411927,23.543385,167.085209,193.657239,29.551615,0.030625,432.311927,432.363125
164435720584756,164435622196297,438.008854,886,1920,90,guide,0,0.9387622452847089,0.9653189089470467,348,146,0.27744387755063116,5,4,1.049318,3.535317,true,17.908803,29.024479,145.754948,176.808749,26.997865,0.027396,396.575209,396.626979
164436121382308,164436022294839,400.797552,886,1920,90,tap_to_focus,0,0.9412426252477581,0.9662833571188993,227,145,0.26889397382632296,5,3,1.081081,3.535317,true,17.851979,26.098958,189.903386,206.177864,27.302032,0.03,467.396302,467.437604
164436593691318,164436522417755,472.30901,886,1920,90,guide,0,0.957170133915717,0.9770726652512063,180,217,0.26961876944867313,4,4,1.081081,3.535317,true,28.812656,25.210417,140.351145,189.622344,28.449948,0.033385,412.523229,412.602084
164437011357100,164436922516297,417.665782,886,1920,90,matching,1,0.7737203634363264,0.8666206725930669,1872,1689,0.35116458609888923,1,4,1.081081,3.535317,true,17.699219,23.048073,158.50151,209.016354,27.707657,0.033385,436.040729,436.108489
164437452358297,164437355956297,441.001197,886,1920,90,guide,0,0.8684255102406319,0.9435644458681045,1410,1366,0.3811042380488061,5,4,1.081081,3.535317,true,18.082553,23.694322,129.916511,200.556354,36.05276,0.031667,408.371094,408.425313
164437872341891,164437789396297,419.983594,886,1920,90,guide,0,0.9603660338179596,0.9767029793100344,179,654,0.29728038268655155,5,4,1.081081,3.535317,true,32.382135,21.555469,166.871406,246.260937,28.327813,0.033906,495.481093,495.544948
164438372405224,164438289519422,500.063333,886,1920,90,guide,0,0.9590263690247485,0.9644260092361333,2528,747,0.40960040575929213,5,4,1.081081,3.535317,true,18.0525,25.216198,144.635208,192.129636,29.846562,0.034115,409.95349,410.008958
164438789393713,164438689617755,416.988489,886,1920,90,guide,0,0.928441218286077,0.964651986803675,1082,391,0.29978579104109926,5,4,1.081081,3.535317,true,18.23224,26.427708,139.872656,193.469271,26.73349,0.028541,404.802865,404.870104
164439200773661,164439123057755,411.379948,886,1920,90,guide,0,0.8796252409997678,0.9548366258815624,3012,1300,0.39836446245379875,3,4,1.081081,3.535317,true,17.533281,24.965833,139.242031,191.006979,27.579011,0.031562,400.392343,400.460156
164439605673088,164439523156297,404.899427,886,1920,90,guide,0,0.9096009706194018,0.9611255808646694,2703,945,0.3994627219137783,4,4,1.081081,3.535317,true,16.662135,27.208282,140.712239,189.531771,27.948854,0.034219,402.139375,402.190469
164440013255484,164439923254839,407.582396,886,1920,90,guide,0,0.7373997261775836,0.955974193341875,2507,2367,0.43940740317634663,3,4,1.081081,3.535317,true,16.566719,19.931615,140.823333,208.909479,27.111198,0.028958,413.414896,413.478854
164440436161838,164440356694839,422.906354,886,1920,90,guide,0,0.786008641084372,0.7378223897592225,1023,1942,0.4216680503321584,4,4,1.081081,3.535317,true,28.901302,18.460625,147.807084,193.606145,30.563438,0.031041,419.40349,419.466458
164440861208556,164440798465480,425.046718,886,1920,90,not_plant,0,0.2890231110464615,0.8433738485176735,,1794,,,4,1.081081,3.535317,true,16.939323,30.403281,173.163646,123.301771,14.331979,7.81E-4,358.177344,358.220782
164441231412358,164441156891714,370.203802,886,1920,90,tap_to_focus,0,0.5851085073988155,0.8192047711886655,1878,1900,0.47235362452736496,2,0,1.081081,3.535317,true,17.288021,26.912448,148.229219,177.647135,28.369427,0.03099,398.509844,398.56375
164441634777514,164441556990047,403.365156,886,1920,90,tap_to_focus,0,0.7961717149450477,0.917659840544916,1659,1753,0.3883604462839969,5,1,1.081081,3.535317,true,25.709011,21.48802,145.376459,188.21,28.616458,0.032812,409.46875,409.517969
164442050245535,164441957088589,415.468021,886,1920,90,tap_to_focus,0,0.7203961597414577,0.7776315386802981,1626,1613,0.3926715911780685,5,1,1.4265336,3.535317,true,19.366667,33.635677,142.269166,190.055365,26.160573,0.031094,411.560989,411.613229
164442470239129,164442390528589,419.993594,886,1920,90,walk_closer,0,0.8059452984667664,0.8705488058826613,2417,1901,0.42805960458088066,5,2,0.4789272,3.535317,true,24.939688,19.617395,146.877032,201.368541,31.232448,0.038385,424.152552,424.221145
164442901101733,164442823968589,430.862604,886,1920,90,walk_closer,0,0.8308049519402667,0.939877753443398,402,953,0.4189021043100212,4,2,0.4789272,3.535317,true,18.083021,22.832031,145.470573,190.309635,32.424896,0.034479,409.193854,409.263333
164443315515326,164443224067130,414.413593,886,1920,90,tap_to_focus,0,0.9806427574882877,0.9820593723202996,491,720,0.36777355209909324,4,1,0.71736014,3.535317,true,18.553594,37.867968,136.811094,188.418594,28.483489,0.030573,410.206614,410.261719
164443731133659,164443657507130,415.618333,886,1920,90,guide,0,0.965933399813005,0.9705789038929031,1513,830,0.43262439380580986,4,2,0.76452595,3.535317,true,16.722657,24.763802,139.184531,199.728177,28.538906,0.07651,409.09875,409.195417
164444147080638,164444057605464,415.946979,886,1920,90,tap_to_focus,0,0.8686576653481959,0.8407004436129794,1480,1737,0.362078057861531,5,1,0.76452595,3.535317,true,25.660521,25.610312,131.280052,189.546406,29.239427,0.036198,401.42026,401.473334
164444556512409,164444457704005,409.431771,886,1920,90,guide,0,0.9637785445827904,0.9504048491757939,226,814,0.3004219813014686,5,2,0.73313785,3.535317,true,20.655521,31.847552,127.868542,191.836302,31.422239,0.032605,403.701198,403.767396
164444966062826,164444891144005,409.550417,886,1920,90,guide,0,0.7789156176215386,0.7395126266583799,1347,731,0.36984541186504316,2,2,0.68540096,3.535317,true,25.156979,21.991042,141.066094,201.357656,28.82474,0.0325,418.466458,418.521041
164445390467253,164445291242547,424.404427,886,1920,90,tap_to_focus,0,0.9605062999243218,0.9443303950813071,1239,901,0.3752182231494885,5,1,0.68540096,3.535317,true,17.498959,21.442239,133.545677,181.241354,28.41875,0.03375,382.224636,382.278541
164445778544961,164445691340880,388.077708,886,1920,90,guide,0,0.9852288535245873,0.976064674810876,710,1215,0.3862227938925571,5,2,0.7490637,3.535317,true,19.032813,22.197552,141.901562,179.275157,28.9575,0.033229,391.436511,391.4975
164446175592721,164446091439422,397.04776,886,1920,90,guide,0,0.9830282676075282,0.9914072321278744,1610,1296,0.366195867300263,5,2,0.8123477,3.535317,true,30.012136,29.499271,128.096874,187.172448,27.721407,0.028385,402.571406,402.629271
164446582895221,164446491537755,407.3025,886,1920,90,guide,0,0.984768609849071,0.990785574480434,761,643,0.30030716164815807,5,2,0.8123477,3.535317,true,17.577136,18.516302,134.254323,190.442968,26.900469,0.029583,387.75599,387.805677
164446976772877,164446891636297,393.877656,886,1920,90,guide,0,0.9803084753940697,0.9469931602889874,1261,692,0.3095752520523831,5,2,0.8123477,3.535317,true,18.475365,25.905989,149.322604,203.096198,26.428438,0.032083,423.296979,423.34875
164447405236887,164447325076297,428.46401,886,1920,90,tap_to_focus,0,0.9882777528478509,0.9855663398636191,1849,1591,0.3229627904604371,5,1,0.8123477,3.535317,true,17.729896,24.988021,143.494948,196.194166,27.740521,0.029948,410.220885,410.27974
164447821394335,164447725174839,416.157448,886,1920,90,guide,0,0.97377042002647,0.9905010782552535,840,1035,0.29085737094891684,5,2,0.89126563,3.535317,true,30.241511,22.760625,144.426093,211.766511,26.417239,0.05474,435.700573,435.756666
164448261920324,164448191956297,440.525989,886,1920,90,guide,0,0.8642343788970264,0.9741863752197646,1519,1018,0.3451009271449692,5,2,0.89126563,3.535317,true,17.287239,33.798334,142.598593,197.956406,27.105469,0.028386,418.81401,418.874167
164448685367512,164448592054839,423.447188,886,1920,90,guide,0,0.9164620545742033,0.8750039309718758,905,822,0.3988509138827965,5,2,0.8278145,3.535317,true,17.007813,18.276093,141.142604,225.45323,27.646458,0.032344,429.588385,429.634687
164449121495584,164449025494839,436.128072,886,1920,90,guide,0,0.7297257865755241,0.7247149412992461,1342,1538,0.2911072967239363,5,2,0.6535948,3.535317,true,17.1,21.834948,130.351875,190.512136,29.54401,0.033698,389.416563,389.476771
164449516186418,164449425593172,394.690834,886,1920,90,matching,1,0.7731388547587492,0.3883356871631908,713,,0.47715190704699584,1,2,0.57438254,3.535317,true,17.68125,21.691146,150.816927,104.552083,15.687396,0.033334,310.503646,310.56427
164449832037147,164449725667130,315.850729,886,1920,90,not_plant,0,0.2224554839963571,0.25408226304823156,,,,,2,0.5583473,3.535317,true,17.757083,24.689739,134.884427,0.003646,0.032917,4.69E-4,177.38677,177.431198
164450064076626,164449992399422,232.039479,886,1920,90,walk_closer,0,0.509339301301035,0.3705838250218409,1139,,0.4160149997071798,3,2,0.52659297,3.535317,true,20.552187,32.431927,150.518021,91.912187,13.928907,0.031771,309.417083,309.496666
164450376979855,164450292473172,312.903229,886,1920,90,walk_closer,0,0.7359153489813438,0.5532728535309493,353,738,0.3298167648622581,2,2,0.4789272,3.535317,true,35.954062,28.255781,208.706563,283.380833,32.979844,0.031823,589.344739,589.389583
164450972720896,164450892620880,595.741041,886,1920,90,not_plant,0,0.30182986794980965,0.35020508937193434,,,,,2,0.4789272,3.535317,true,29.356563,42.885052,243.53052,0.002813,0.007448,4.69E-4,315.800625,315.844271
164451297314594,164451192694839,324.593698,886,1920,90,not_plant,0,0.3838434799342984,0.3917785181568797,,,,,2,0.4789272,3.535317,true,19.670312,28.813438,197.141718,0.0075,0.024479,0.001667,245.71651,245.773385
164451548397771,164451459427130,251.083177,886,1920,90,not_plant,0,0.18365516144370017,0.4262684415092594,,,,,2,0.49480453,3.535317,true,30.14276,28.626355,192.236979,0.003021,0.007604,4.68E-4,251.042552,251.079896
164451804265375,164451692817755,255.867604,886,1920,90,not_plant,0,0.43989951255450216,0.3733701025859889,,,,,2,0.49480453,3.535317,true,27.285677,35.924323,191.568386,0.003385,0.009115,4.16E-4,254.822865,254.861823
164452065457198,164451992891714,261.191823,886,1920,90,not_plant,0,0.2316100227919071,0.3386137203531524,,,,,1,0.49480453,3.535317,true,29.489531,25.478698,193.141719,0.00302,0.0075,4.69E-4,248.14177,248.185677
164452318494177,164452226282547,253.036979,886,1920,90,not_plant,0,0.2644388241479945,0.33616060982879176,,,,,2,0.49480453,3.535317,true,28.965209,30.389531,169.391718,0.003855,0.030312,5.73E-4,228.806302,228.941979
164452552081000,164452459673172,233.586823,886,1920,90,not_plant,0,0.2469473729783295,0.46841025514877654,,,,,2,0.49480453,3.535317,true,29.922032,26.681458,171.941875,0.003594,0.007604,3.64E-4,228.580365,228.623958
164452785197406,164452693064005,233.116406,886,1920,90,not_plant,0,0.42857712693142513,0.527710647644724,,393,,,2,0.49480453,3.535317,true,25.561146,20.934063,134.451718,120.069688,23.633177,0.001406,324.687656,324.800989
164453114752302,164453026479422,329.554896,886,1920,90,walk_closer,0,0.565523254499544,0.32431513135876333,1811,,0.3529228460050433,5,2,0.49480453,3.535317,true,18.03776,31.970625,138.469011,95.390989,21.015261,0.032916,304.951927,305.009791
164453425668708,164453326553172,310.916406,886,1920,90,walk_closer,0,0.8459212825740039,0.859894889048499,1609,871,0.26535208288966317,5,2,0.49480453,3.535317,true,20.938438,32.25276,147.087865,189.818385,28.44349,0.034531,418.617657,418.68151
164453851372666,164453759993172,425.703958,886,1920,90,walk_closer,0,0.7477326822548943,0.7167973874412638,494,340,0.394674690020679,4,2,0.49480453,3.535317,true,18.802604,21.82849,135.50901,188.156563,28.284114,0.031875,392.654583,392.714271
164454249437353,164454160091714,398.064687,886,1920,90,walk_closer,0,0.9306644746745368,0.9491010461305136,1147,130,0.3894167261766661,5,2,0.49480453,3.535317,true,18.793802,19.549375,135.432083,190.963854,28.629948,0.037969,393.446771,393.511667
164454647189280,164454560190047,397.751927,886,1920,90,walk_closer,0,0.7518631205574707,0.7374964867798296,958,1428,0.3717709574905861,2,2,0.49480453,3.535317,true,18.860573,21.002969,141.94,172.935312,28.48625,0.032605,383.299948,383.352552
164455034438186,164454960288589,387.248906,886,1920,90,walk_closer,0,0.9604238029348342,0.959628342584446,1799,1501,0.4403756732420767,2,2,0.49480453,3.535317,true,18.28776,24.032709,161.603697,184.376563,28.727031,0.031979,417.098125,417.151459
164455458965738,164455360387130,424.527552,886,1920,90,walk_closer,0,0.8330607271068844,0.9552135750148217,409,893,0.39866366059331426,3,2,0.49480453,3.535317,true,29.649844,24.977344,142.152344,264.214895,31.53224,0.03125,492.590417,492.642917
164455955765426,164455860510047,496.799688,886,1920,90,walk_closer,0,0.9560643306820792,0.9819185062241267,1263,623,0.3811311785781868,2,2,0.49480453,3.535317,true,18.464844,27.469062,143.171354,196.934427,33.172657,0.032083,419.288437,419.340572
164456379669800,164456293950047,423.904374,886,1920,90,walk_closer,0,0.9656323901139288,0.9579267601030873,560,114,0.37780323889218437,5,2,0.49480453,3.535317,true,18.391459,23.084635,134.702656,191.357813,26.64,0.028489,394.242552,394.291146
164456778358654,164456694048589,398.688854,886,1920,90,walk_closer,0,0.938045339295755,0.9547595878925634,919,608,0.34197137777138664,3,2,0.49480453,3.535317,true,18.521511,21.279739,133.584688,181.019843,27.556927,0.03349,382.128177,382.185157
164457165341623,164457094147130,386.982969,886,1920,90,walk_closer,0,0.971428347720347,0.9580029414532641,636,615,0.4245994471366217,1,2,0.49480453,3.535317,true,17.188177,34.402656,160.354532,178.458437,30.285417,0.033958,420.773281,420.833177
164457592129019,164457494245464,426.787396,886,1920,90,walk_closer,0,0.97886073698827,0.888593025737035,592,408,0.4132228028474856,3,2,0.49480453,3.535317,true,17.815573,24.176979,132.798802,197.057136,28.490781,0.030521,400.40526,400.463385
164457997632092,164457927685464,405.503073,886,1920,90,walk_closer,0,0.9734188881031747,0.9821181387975851,528,886,0.2866676850144785,5,2,0.49480453,3.535317,true,32.654271,20.077083,133.578073,188.596979,28.134219,0.032448,403.114687,403.172291
164458405109018,164458327784005,407.476926,886,1920,90,walk_closer,0,0.9804511662264176,0.9890603455595365,2029,1653,0.38453385172837784,5,2,0.49480453,3.535317,true,17.669115,28.354635,146.231407,193.017552,29.396875,0.027343,414.723177,414.763907
164458824930685,164458727882547,419.821667,886,1920,90,walk_closer,0,0.9489785518202197,0.9293342631516274,650,666,0.35808746871724395,5,2,0.5425936,3.535317,true,17.553906,23.771667,130.261822,194.997605,28.445572,0.030209,395.095885,395.149427
164459225961414,164459127980880,401.030729,886,1920,90,guide,0,0.9699795102871313,0.9641233517327471,1874,1196,0.3925167082851786,4,2,1.081081,3.535317,true,32.096875,24.585,146.05974,188.130833,28.485104,0.03375,419.433542,419.491666
164459650710268,164459561420880,424.748854,886,1920,90,guide,0,0.946047075359423,0.9775220223341211,1738,1285,0.36369479750703704,5,2,1.1441647,3.535317,true,17.719896,25.576302,143.374531,187.537708,26.897552,0.030886,401.180833,401.2475
164460058391362,164459961519422,407.681094,886,1920,90,guide,0,0.9876742883476877,0.987259548118295,619,524,0.3171329282730895,5,2,1.1441647,3.535317,true,17.702135,21.806719,132.9325,190.705313,28.309739,0.038906,391.550885,391.627239
164460456886882,164460361617755,398.49552,886,1920,90,guide,0,0.9822014875858257,0.982209562056672,909,402,0.36470451712806096,5,2,1.1441647,3.535317,true,19.250364,22.866719,130.437761,230.640312,31.545885,0.032292,434.803854,434.863854
164460896545059,164460828399422,439.658177,886,1920,90,guide,0,0.9751644173113951,0.9885488234467027,547,216,0.38549274257385946,4,2,1.1441647,3.535317,true,17.35724,25.428906,139.576302,217.058177,27.75849,0.029843,427.244219,427.302448
164461328670007,164461228497755,432.124948,886,1920,90,guide,0,0.9692632497687683,0.9480162674372058,1374,940,0.3472350823191448,4,2,1.1441647,3.535317,true,24.821094,24.346875,137.952396,193.891302,26.787031,0.029115,407.87401,407.926979
164461741397923,164461661937755,412.727916,886,1920,90,guide,0,0.981787521019731,0.9894361556020455,384,327,0.38922589854326617,5,2,1.1750882,3.535317,true,27.734375,21.05,129.307761,194.356406,27.248333,0.029896,399.787969,399.835104
164462145447455,164462062036297,404.049532,886,1920,90,guide,0,0.9837478856569142,0.9883212180689642,984,631,0.33635321482319114,5,2,1.1441647,3.535317,true,27.706771,31.510052,143.189166,194.491355,31.227604,0.034218,428.199219,428.250885
164462578792923,164462495476297,433.345468,886,1920,90,guide,0,0.9858055935227139,0.9872761990152138,515,776,0.30529840233590555,5,2,1.1286682,3.535317,true,18.56625,20.140729,144.973802,197.310052,28.57026,0.029532,409.622708,409.688177
164462993564277,164462895574839,414.771354,886,1920,90,guide,0,0.9920938981190479,0.9910695734377176,843,652,0.3648117839341154,5,2,1.1286682,3.535317,true,17.839427,28.79875,140.416875,182.806666,28.120834,0.031718,398.04802,398.108229
164463396085683,164463295673172,402.521406,886,1920,90,guide,0,0.992591472826228,0.9939877512910118,436,617,0.337689132870409,5,2,1.1441647,3.535317,true,24.221459,29.534896,162.641562,185.785833,26.976771,0.027396,429.226667,429.275365
164463831850371,164463762454839,435.764688,886,1920,90,guide,0,0.8446015980324288,0.9356046219946629,1353,1090,0.3399152402107859,5,2,1.1441647,3.535317,true,17.880729,27.555104,144.381979,194.931667,31.315989,0.032917,416.136197,416.197083
164464255142818,164464162553172,423.292447,886,1920,90,guide,0,0.8328494483466725,0.9489661528232977,1003,1520,0.36651429502680344,5,2,1.1441647,3.535317,true,33.556198,20.737344,137.507812,191.082865,28.108594,0.03151,411.063177,411.132136
164464673002610,164464595993172,417.859792,886,1920,90,guide,0,0.9292446717460585,0.9750696945226615,1611,887,0.3394425314092864,5,2,1.1441647,3.535317,true,18.517865,35.648541,136.119584,194.582083,28.642916,0.033386,413.575885,413.641979
164465091979172,164464996091714,418.976562,886,1920,90,guide,0,0.9824698115030063,0.9386860813887362,555,340,0.3487952821751108,5,2,1.1441647,3.535317,true,16.799635,25.799427,130.535157,221.313125,26.81776,0.029427,421.33026,421.387969
164465518099120,164465429531714,426.119948,886,1920,90,guide,0,0.8506969319992639,0.8010512219613437,1879,1571,0.3941945360351182,2,2,1.1441647,3.535317,true,17.391927,20.128021,130.698229,245.387031,27.455,0.029271,441.127292,441.179948
164465964108807,164465896313172,446.009687,886,1920,90,guide,0,0.8997208452061556,0.925297495108697,1397,1409,0.3401894397510148,4,2,1.1441647,3.535317,true,19.302136,22.042968,143.121198,199.345104,28.592136,0.033385,412.475365,412.536563
164466381806984,164466296411714,417.698177,886,1920,90,guide,0,0.8929917178950548,0.9124585957397273,941,878,0.3960187534796731,2,2,1.2224939,3.535317,true,18.444896,22.310469,129.48349,184.828177,28.475885,0.034531,383.618125,383.675729
164466770518390,164466696510047,388.711406,886,1920,90,guide,0,0.887539578048508,0.9264936266317566,1684,196,0.4019977075587846,5,2,1.2224939,3.535317,true,29.340156,23.839583,136.183698,179.983333,28.399323,0.032813,397.820104,397.883281
164467174615473,164467096608589,404.097083,886,1920,90,guide,0,0.9127670845071096,0.9412632528757899,1161,694,0.3942898091758593,2,2,1.0330578,3.535317,true,24.058854,29.334323,133.102604,198.030521,26.485208,0.030104,411.075833,411.130782
164467590763130,164467496707130,416.147657,886,1920,90,guide,0,0.9634927706951607,0.9721238247458823,422,1224,0.3308654685097796,4,2,1.002004,3.535317,true,17.849271,23.712604,142.593854,180.971771,28.297344,0.034114,393.50375,393.569114
164467989509171,164467896805464,398.746041,886,1920,90,guide,0,0.9197395564966336,0.9207128721720723,1130,1541,0.3207129695093016,5,2,1.002004,3.535317,true,18.480729,24.242292,127.008437,180.364531,28.450886,0.031718,378.613593,378.680833
164468375229327,164468296904005,385.720156,886,1920,90,guide,0,0.6164715760274296,0.7521753199995844,1160,1968,0.3681749531583769,3,2,1.002004,3.535317,true,17.842396,22.83776,150.477761,184.034583,28.212448,0.033021,403.479271,403.542865
164468787918962,164468697002547,412.689635,886,1920,90,guide,0,0.9910103704065447,0.9786700398138986,993,976,0.31068940973623427,3,2,0.9861933,3.535317,true,17.984115,20.634948,130.836302,210.775312,27.964219,0.033125,408.271354,408.333229
164469200857400,164469130442547,412.938438,886,1920,90,guide,0,0.9442756684491077,0.9051254874962097,1304,1879,0.3761608705352444,5,2,0.9389671,3.535317,true,26.647292,22.629792,129.979166,192.025156,30.95875,0.033646,402.310052,402.356875
164469608369170,164469530540880,407.51177,886,1920,90,guide,0,0.9499418960626439,0.8507237874490396,1415,783,0.3952168338975639,4,2,0.923361,3.535317,true,18.76698,22.26927,129.516875,177.986771,26.977604,0.033125,375.596198,375.661354
164469988381202,164469897297755,380.012032,886,1920,90,guide,0,0.8930541906036947,0.8656415063222789,977,2170,0.3305714169694767,4,2,0.923361,3.535317,true,18.266198,24.662865,133.916406,189.972968,30.393542,0.036302,397.299948,397.361041
164470392067868,164470297396297,403.686666,886,1920,90,guide,0,0.8969255086063203,0.8937802807524958,532,1611,0.34800217182888105,3,2,0.923361,3.535317,true,17.988177,23.785729,151.656927,192.525365,27.046822,0.027657,413.077135,413.136198
164470809943389,164470730836297,417.875521,886,1920,90,matching,1,0.7917445686212368,0.8589494615625854,285,541,0.35844125306145713,1,2,0.923361,3.535317,true,17.498021,25.831718,138.498855,267.124322,28.880209,0.031354,477.904271,477.964791
164471293211878,164471197617755,483.268489,886,1920,90,guide,0,0.969220834447439,0.9836024118386351,647,853,0.4265196028802336,3,2,0.907441,3.535317,true,26.462291,26.323334,133.240572,222.213959,27.891927,0.033698,436.20677,436.272031
164471733523076,164471664399422,440.311198,886,1920,90,guide,0,0.8941158794670528,0.8525823484785932,1609,881,0.3653830197417989,4,2,0.907441,3.535317,true,18.318229,37.373489,138.386979,181.247605,28.532864,0.033073,403.934166,403.983541
164472142207555,164472064497755,408.684479,886,1920,90,guide,0,0.9134942437608654,0.9314684754223629,286,366,0.38872354604984594,3,2,0.907441,3.535317,true,17.802135,23.589948,147.117708,186.522031,28.895104,0.031511,403.993645,404.045885
164472550421617,164472464596297,408.214062,886,1920,90,guide,0,0.9244738784030273,0.9167097465616578,1219,667,0.3298788585568033,5,2,1.081081,3.535317,true,17.497084,21.394635,133.62776,193.228438,26.671666,0.026771,392.482761,392.527031
164472947101565,164472864694839,396.679948,886,1920,90,guide,0,0.7373824319346572,0.7688767537233105,2034,1805,0.3822380447332705,3,2,1.081081,3.535317,true,18.174948,26.209323,145.154166,179.620208,28.434011,0.03151,397.661979,397.711042
164473349226513,164473264793172,402.124948,886,1920,90,guide,0,0.7163692216385261,0.7470992533845441,1800,1842,0.3516750178399377,5,2,1.081081,3.535317,true,17.433854,23.470989,141.152813,191.787031,29.917344,0.031666,403.839322,403.889791
164473758130523,164473664891714,408.90401,886,1920,90,guide,0,0.9027609916680289,0.8794138813440591,1656,824,0.36605356109592435,2,2,1.081081,3.535317,true,29.282448,20.47901,138.394115,184.213697,28.491094,0.031615,400.92776,400.986667
164474165381460,164474064990047,407.250937,886,1920,90,guide,0,0.9507681956949686,0.9418469902956231,922,1094,0.3384119904487122,4,2,1.081081,3.535317,true,18.669635,35.113334,139.71052,179.667552,28.154375,0.034323,401.390885,401.460781
164474574678335,164474498430047,409.296875,886,1920,90,guide,0,0.9662728727987194,0.9724892549031913,893,437,0.36804562708181265,4,2,0.9541984,3.535317,true,25.623177,21.551771,138.1125,212.352395,29.173802,0.030886,426.876145,426.931979
164475006567554,164474931870047,431.889219,886,1920,90,guide,0,0.9466921348432318,0.9433776154746812,1373,536,0.3596381814529366,5,2,0.70126224,3.535317,true,17.493698,22.836197,138.628177,184.815938,29.454844,0.032812,393.305572,393.370468
164475406574377,164475331968589,400.006823,886,1920,90,guide,0,0.697765993588391,0.7066582256127604,776,382,0.3464585393963091,3,2,0.6377551,3.535317,true,18.041875,26.263958,143.472031,183.006719,28.554635,0.031042,399.398437,399.465468
164475810865262,164475732067130,404.290885,886,1920,90,guide,0,0.8128175713877966,0.8393302032471449,695,681,0.3389750708167085,5,2,0.5903188,3.535317,true,17.055729,25.641354,140.213698,227.821875,33.189739,0.034948,443.997916,444.059843
164476260168699,164476165507130,449.303437,886,1920,90,guide,0,0.9388229946498214,0.9515479539148867,810,1684,0.3638340113963068,2,2,0.5903188,3.535317,true,26.283489,26.232865,141.02901,184.416667,35.82401,0.03099,413.860208,413.92849
164476686478855,164476598947130,426.310156,886,1920,90,matching,1,0.8204574368783791,0.7964471179049162,779,1122,0.35203212098032566,1,2,0.5903188,3.535317,true,19.320677,19.810417,135.036198,170.092812,27.158073,0.029583,371.487812,371.580677
164477062435938,164476965704005,375.957083,886,1920,90,guide,0,0.9033503378821167,0.9262721448994901,1222,1756,0.4196419527255699,2,2,0.5903188,3.535317,true,18.660885,35.183958,139.540886,189.186562,28.292396,0.033542,410.939687,410.994948
164477478909688,164477399144005,416.47375,886,1920,90,guide,0,0.7982117832547851,0.8525593402496584,509,345,0.45453546972673564,2,2,0.5903188,3.535317,true,39.430364,21.988281,170.557657,200.500677,32.294791,0.03073,464.836979,464.907188
164477948633542,164477865925464,469.723854,886,1920,90,guide,0,0.8952829747604377,0.9353931630274079,1335,1439,0.34029024932432606,5,2,0.5903188,3.535317,true,22.199896,22.701823,141.542604,180.863854,28.287969,0.034323,395.671042,395.732865
164478353352240,164478266024005,404.718698,886,1920,90,guide,0,0.862099848937324,0.8872908525848834,1067,1451,0.37468698395681344,5,2,0.66979235,3.535317,true,19.749687,22.297604,139.20724,174.072864,31.446563,0.034427,386.855729,386.934948
164478746419688,164478666122547,393.067448,886,1920,90,guide,0,0.8674912650329761,0.8674297176195105,1905,1288,0.35371187030595763,5,2,1.049318,3.535317,true,20.168646,27.081042,142.544479,203.927448,26.223177,0.031041,420.008229,420.06177
164479170956823,164479099562547,424.537135,886,1920,90,guide,0,0.9654000521468894,0.9612029636594457,652,1165,0.3962178499899238,4,2,1.081081,3.535317,true,18.573594,26.02099,152.887812,184.275677,28.447031,0.032761,410.278385,410.338906
164479586370521,164479499660880,415.413698,886,1920,90,guide,0,0.9322884474379899,0.8328776771890205,1710,2112,0.3555362844049377,4,2,1.081081,3.535317,true,17.189584,25.522031,136.992344,196.55302,30.21849,0.032292,406.549896,406.615312
164479998245208,164479899759422,411.874687,886,1920,90,guide,0,0.8700118795787123,0.875737760191176,1692,1076,0.31809100342532304,5,2,1.081081,3.535317,true,18.655416,21.429011,149.010937,185.121094,27.789635,0.030521,402.069791,402.138333
164480404755729,164480333199422,406.510521,886,1920,90,guide,0,0.9323989714872711,0.9798361510404765,272,17,0.38850096565333203,5,2,1.3020833,3.535317,true,17.173593,20.601615,130.789844,192.707135,28.282448,0.030573,389.620937,389.667604
164480800022239,164480733297755,395.26651,886,1920,90,guide,0,0.9123702952234639,0.8523430289362426,594,208,0.2986877636229792,3,2,1.3642564,3.535317,true,17.495937,29.15974,143.924791,187.411979,32.946198,0.032396,411.004739,411.072604
164481216063749,164481133396297,416.04151,886,1920,90,guide,0,0.9252823171301868,0.9262498852362808,1477,1516,0.31759476551940224,5,2,1.049318,3.535317,true,18.965885,24.590052,135.629479,188.657656,27.191303,0.031979,395.112031,395.172031
164481623881197,164481533494839,407.817448,886,1920,90,guide,0,0.9297091628243609,0.989768404640381,129,52,0.3773260892339678,4,2,1.7241379,3.535317,true,18.503802,20.603854,140.654688,212.186614,26.869323,0.032135,418.894114,418.961146
164482047902291,164481966934839,424.021094,886,1920,90,guide,0,0.9853728577490177,0.98908812644332,12,10,0.2900378613626913,2,2,1.6920475,3.535317,true,17.873698,25.773854,145.292864,206.55849,29.13474,0.029947,424.696302,424.756614
164482477787186,164482400374839,429.884895,886,1920,90,guide,0,0.9808056394962422,0.9775911296684486,29,16,0.2944790010387308,4,2,1.6920475,3.535317,true,17.38,24.441823,163.963698,221.850677,30.060052,0.032031,457.768646,457.829427
164482939075415,164482833814839,461.288229,886,1920,90,guide,0,0.9623278081590266,0.9756685753741596,13,9,0.20358016061850392,3,2,1.1904762,3.535317,true,28.910417,26.463906,166.665156,229.788802,29.018542,0.031145,480.911718,480.974948
164483425540103,164483333937755,486.464688,886,1920,90,guide,0,0.9144938865523554,0.922731703799167,1945,715,0.4032359422690206,4,2,1.1441647,3.535317,true,18.881719,33.919323,135.643646,261.31375,29.279531,0.030521,479.107188,479.166927
164483912498852,164483834060880,486.958749,886,1920,90,guide,0,0.8599347114256449,0.8720923980755161,2171,422,0.385720794925982,2,2,0.89126563,3.535317,true,18.980157,28.224427,153.597135,201.444792,26.04125,0.030781,428.350521,428.402813
164484345778904,164484267500880,433.280052,886,1920,90,guide,0,0.9521974458833699,0.8763162600079608,845,391,0.23843249439197933,5,2,0.8598452,3.535317,true,18.1575,23.433073,145.826979,195.704948,28.998542,0.032187,412.186562,412.24474
164484763946925,164484667599422,418.168021,886,1920,90,guide,0,0.8731108360339824,0.8833507717985852,219,454,0.3680809652704369,2,2,0.8756568,3.535317,true,18.217135,24.873542,145.498177,183.060833,28.468229,0.028021,400.183333,400.244167
164485169136196,164485101039422,405.189271,886,1920,90,guide,0,0.8687566666245355,0.7961670598550603,552,1058,0.3650473769275493,4,2,0.8756568,3.535317,true,17.232031,25.242864,136.440469,182.044115,32.508854,0.031771,393.529895,393.575156
164485568583487,164485467796297,399.447291,886,1920,90,guide,0,0.9260460527049441,0.8314680176182865,489,417,0.3258087365491873,5,2,0.8598452,3.535317,true,30.530989,22.425104,131.096094,182.198385,27.697709,0.035573,394.027395,394.096875
164485969253591,164485867894839,400.670104,886,1920,90,guide,0,0.7157211955978867,0.7887078437639881,758,1296,0.35697763494690093,2,2,0.84388185,3.535317,true,18.151406,31.240208,174.009479,208.571094,26.791302,0.030937,458.841718,458.910417
164486432780831,164486334676297,463.52724,886,1920,90,guide,0,0.9411741174338029,0.8938252442990725,209,430,0.33650766048142344,5,2,0.84388185,3.535317,true,20.24151,30.218177,138.222188,197.079791,27.879427,0.032969,413.709479,413.767864
164486850972341,164486768116297,418.19151,886,1920,90,guide,0,0.918267806807886,0.9246421474957977,124,524,0.33325601163484464,5,2,0.79617834,3.535317,true,28.464323,19.8375,135.689114,204.016719,26.822448,0.02875,414.896614,414.946562
164487276500414,164487168214839,425.528073,886,1920,90,guide,0,0.8910468392786828,0.9156969011367426,213,239,0.3099981943106016,4,2,0.79617834,3.535317,true,18.90849,31.498385,143.645782,189.491614,27.142656,0.031719,410.75375,410.813645
164487693037289,164487601654839,416.536875,886,1920,90,guide,0,0.9213549272474036,0.7844893107347555,1678,1394,0.4055454699792307,4,2,0.79617834,3.535317,true,18.69474,19.002708,134.704688,194.137135,28.341823,0.035417,394.959063,395.070364
164488092554111,164488001753172,399.516822,886,1920,90,guide,0,0.9415144264717618,0.8771268029182087,1208,1188,0.39776278603531523,5,2,0.79617834,3.535317,true,27.033542,30.010364,156.655781,203.883854,28.021563,0.027604,445.673125,445.729792
164488546408903,164488435193172,453.854792,886,1920,90,guide,0,0.9107281311069944,0.905319931009994,191,703,0.31189952219631323,4,2,0.79617834,3.2720058,true,19.228125,32.099739,158.492292,233.149635,28.623646,0.031406,471.661614,471.720625
164489024162184,164488907821984,477.753281,886,1920,90,tap_to_focus,0,0.9284904885354772,0.9374850058880128,240,531,0.3299669674016883,4,1,0.80256826,2.2683563,true,18.667135,24.061302,138.98375,205.07724,27.402604,0.030729,414.263698,414.316302
164489442980100,164489340970526,418.817916,886,1920,90,walk_closer,0,0.9083862760443323,0.8959936589497253,438,199,0.420133552663259,1,2,0.80256826,1.4475904,true,31.850208,22.866302,133.636562,181.08323,26.68052,0.030261,396.180312,396.24
164489843670829,164489774119276,400.690729,886,1920,90,walk_closer,0,0.9384303586779392,0.9237918580176215,237,256,0.437691638035119,1,2,0.75244546,1.390948,true,18.434635,23.406615,129.170729,190.599114,28.663021,0.031094,390.338801,390.44974
164490239092027,164490140629693,395.421198,886,1920,90,walk_closer,0,0.9311733053291072,0.9215213308343655,277,350,0.3813863488270499,1,2,0.67750674,1.390948,true,27.215781,44.938333,146.348021,236.804115,27.96125,0.028541,483.333125,483.379687
164490727017444,164490607097401,487.925417,886,1920,90,walk_closer,0,0.9297705942551325,0.9694838828393177,410,100,0.41424395563513006,1,2,0.67750674,1.2170048,true,18.127604,27.331146,166.374063,237.606718,35.404792,0.034167,484.910469,484.970416
164491219791714,164491106884276,492.77427,886,1920,90,hazard,0,0.9144550912260268,0.9428392161905825,109,1,0.4109246409156597,3,2,0.67750674,1.1384029,true,22.521927,24.26151,159.132813,226.328593,26.662552,0.027605,458.977083,459.070677
164491683168068,164491606671151,463.376354,886,1920,90,hazard,0,0.9338264807196617,0.9507247901039424,10,5,0.37771805859683383,2,2,0.67750674,1.1384029,true,18.821093,23.83974,156.819427,194.484948,26.940989,0.029584,420.96651,421.005052
164492111225881,164492006500734,428.057813,886,1920,90,walk_closer,0,0.9276319944274053,0.9441576847403443,82,14,0.3695794644920518,1,2,0.67750674,1.1384029,true,19.245105,25.815416,168.771406,226.384271,28.045052,0.027552,468.324115,468.382083
164492583744162,164492472968651,472.518281,886,1920,90,hazard,0,0.9352074687360947,0.946205055642441,311,4,0.37016062195293387,1,1,0.65274155,1.5795608,true,27.450781,23.837292,157.099479,181.512969,26.939687,0.030833,416.905989,416.945937
164493008849422,164492906117193,425.10526,886,1920,90,walk_closer,0,0.76478329700449,0.7419624269016234,1879,400,0.3988950779277758,3,2,0.67750674,1.5795608,true,22.597135,29.480417,144.731094,183.434427,27.051562,0.027188,407.357083,407.41276
164493420481922,164493339265943,411.6325,886,1920,90,walk_closer,0,0.8502131615703473,0.8643303124001726,22,6,0.30324367424981347,5,2,0.67750674,1.5795608,true,18.220989,23.803438,127.670417,192.193281,26.745989,0.027396,388.700937,388.75677
164493815611245,164493739095318,395.129323,886,1920,90,hazard,0,0.886009454583282,0.9098133019351858,1,8,0.31728129919389403,1,2,0.67750674,1.5795608,true,17.694271,23.103907,127.017343,231.759479,30.854427,0.033594,430.499584,430.549635
164494253655932,164494172244068,438.044687,886,1920,90,walk_closer,0,0.9118249906022001,0.9439507476602437,10,16,0.3481368319055207,2,2,0.67750674,1.5795608,true,18.682187,27.599583,150.388646,199.444219,27.879219,0.032812,424.066145,424.134791
164494682948848,164494605392609,429.292916,886,1920,90,hazard,0,0.8983077092915565,0.9247331750026732,1,28,0.2807029652155677,2,2,0.67750674,1.5795608,true,18.556302,22.391875,133.908646,184.478229,28.26375,0.033541,387.677291,387.72974
164495077796921,164495005222193,394.848073,886,1920,90,hazard,0,0.9292353563475351,0.9311288927496499,4,15,0.3301855699244882,2,1,0.75244546,1.5795608,true,28.93224,26.203021,134.622656,183.042031,28.725104,0.032761,401.596927,401.650833
164495484958900,164495405051776,407.161979,886,1920,90,walk_closer,0,0.9115672997071603,0.9403233035040515,13,13,0.36333722337363383,2,2,0.75244546,1.5795608,true,18.66849,30.966979,138.124323,226.921041,30.030886,0.033802,444.786823,444.863437
164495936654890,164495838200318,451.69599,886,1920,90,walk_closer,0,0.9098268590524382,0.8541669920166894,951,835,0.38898044526210995,3,2,0.7278021,1.5795608,true,18.262084,23.43875,132.607864,194.412396,29.794792,0.031302,398.580313,398.648801
164496339586244,164496271349068,402.931354,886,1920,90,walk_closer,0,0.876952971168365,0.857574674900786,1278,905,0.4306007358898114,4,2,0.7278021,1.5795608,true,17.910209,23.474323,143.498281,192.420156,28.074115,0.033437,405.475052,405.525729
164496750468900,164496671178651,410.882656,886,1920,90,tap_to_focus,0,0.8935343520225533,0.9308325292984715,750,632,0.4387130409045028,1,1,0.7278021,1.5795608,true,18.74427,26.023021,138.053021,186.405104,28.453646,0.034323,397.760468,397.823541
164497153627858,164497071008026,403.158958,886,1920,90,walk_closer,0,0.9184545462809818,0.9069126583467811,314,87,0.3701342752778771,1,2,0.877193,1.5795608,true,17.698541,22.668959,133.036093,180.475886,29.167812,0.031979,383.121249,383.194427
164497543263483,164497470837609,389.635625,886,1920,90,tap_to_focus,0,0.9537337859706488,0.8804902632726739,365,228,0.38853046771320976,1,1,0.82712984,1.5795608,true,18.02375,22.88875,133.830781,182.829114,30.947188,0.033437,388.592916,388.647552
164497943879785,164497870667193,400.616302,886,1920,90,walk_closer,0,0.9239001456987864,0.885407056251955,316,201,0.37955916705521986,1,2,0.8525149,1.5795608,true,22.697344,25.334635,135.099062,172.409011,28.064583,0.034115,383.67776,383.746927
164498332170462,164498237177609,388.290677,886,1920,90,walk_closer,0,0.9002484772910441,0.8747291532405645,17,701,0.263618790364859,2,2,0.8525149,1.5795608,true,18.362083,18.82724,136.162187,189.158906,29.575573,0.033854,392.155937,392.204531
164498732472180,164498637007193,400.301718,886,1920,90,walk_closer,0,0.7688189299435065,0.8510008179216149,137,343,0.38173001802971385,4,2,0.80256826,1.5795608,true,34.544323,21.299687,152.496563,195.280052,28.029479,0.031927,431.721875,431.780156
164499176952597,164499103474901,444.480417,886,1920,90,walk_closer,0,0.928638269835548,0.9246844462435352,8,7,0.30573448740712905,2,2,0.77760494,1.5795608,true,19.369896,30.442761,132.981041,185.73875,27.931146,0.03901,396.550469,396.618697
164499578599628,164499503304484,401.647031,886,1920,90,tap_to_focus,0,0.9338559963868144,0.9417337966911122,8,8,0.25811566928595653,3,1,0.95238096,1.5795608,true,17.908177,22.765521,136.583906,175.146407,27.09802,0.027969,379.568594,379.615625
164499963336711,164499869814901,384.737083,886,1920,90,walk_closer,0,0.919615126926549,0.926062116298531,8,8,0.27415718334253825,3,2,0.95238096,1.5795608,true,19.09151,19.764584,124.024271,180.100416,27.936302,0.029948,370.987656,371.052969
164500339396138,164500269644276,376.059427,886,1920,90,walk_closer,0,0.9312778790247622,0.9122431722299859,9,11,0.25351862525732116,3,2,0.95238096,1.5795608,true,17.613125,25.416354,137.856094,200.581406,28.449635,0.034323,409.988072,410.053333
164500754902961,164500669473859,415.506823,886,1920,90,walk_closer,0,0.77356525717662,0.8025892491381456,181,574,0.42071608133494465,5,2,0.95238096,1.5795608,true,17.939531,20.3325,133.320781,177.403854,32.734792,0.032864,381.815833,381.877291
164501141894315,164501035984276,386.991354,886,1920,90,walk_closer,0,0.8957890799585708,0.752379895514579,59,191,0.4197718349072055,2,2,0.65274155,1.5795608,true,39.338594,32.892396,133.172187,177.163907,26.966041,0.028594,409.59599,409.660781
164501555782596,164501469133026,413.888281,886,1920,90,walk_closer,0,0.9249842489870937,0.8673693412830329,179,475,0.39405581797727507,1,2,0.65274155,1.5795608,true,17.911875,27.945625,137.754427,200.957188,28.424167,0.033385,413.062344,413.180625
164501973902804,164501902281568,418.120208,886,1920,90,walk_closer,0,0.931111952625075,0.8701069713292386,243,418,0.40590388802750255,1,2,0.90252703,1.5795608,true,26.403698,25.068177,127.381927,183.609688,28.305469,0.033073,390.842084,390.897083
164502371031554,164502302111151,397.12875,886,1920,90,walk_closer,0,0.9421222297550264,0.9001844070426788,751,311,0.4148748750843083,1,2,0.90252703,1.5795608,true,27.08,24.396823,130.331198,188.683698,28.485469,0.033281,399.043698,399.107812
164502775656449,164502701940734,404.624895,886,1920,90,walk_closer,0,0.899942850801047,0.8623182925806407,160,377,0.4212975514638231,1,2,0.90252703,1.5795608,true,18.94099,31.21125,130.857969,177.246562,26.883698,0.031406,385.213281,385.278959
164503165904262,164503068450943,390.247813,886,1920,90,walk_closer,0,0.9127201989097804,0.894404379764775,10,434,0.36774025686049394,1,2,0.90252703,1.5795608,true,18.135572,19.832032,131.981979,173.727656,26.998802,0.027083,370.745729,370.864843
164503542116449,164503468280526,376.212187,886,1920,90,walk_closer,0,0.9243164968354756,0.8931737329755702,16,124,0.359955997745697,1,2,0.90252703,1.5795608,true,18.043385,22.346615,129.235052,180.002187,28.539375,0.035469,378.23875,378.295469
164503925170980,164503834790943,383.054531,886,1920,90,walk_closer,0,0.9384358864074918,0.8819992829105978,14,97,0.33421009163782855,1,2,0.90252703,1.5795608,true,26.241927,24.454895,138.648021,175.397448,28.317656,0.034375,393.136666,393.197083
164504324893324,164504234620526,399.722344,886,1920,90,walk_closer,0,0.9362556320418283,0.8514531238059893,12,72,0.3341172056678374,1,2,0.90252703,1.5795608,true,18.798698,18.967188,129.268177,174.015573,28.498854,0.033646,369.614219,369.681927
164504707789730,164504601130943,382.896406,886,1920,90,walk_closer,0,0.9158030347690734,0.8536812694266205,14,392,0.33547953710392164,1,2,0.90252703,1.5795608,true,37.471875,21.029532,131.04375,200.00776,28.463021,0.032344,418.161146,418.229479
164505130423896,164505034279484,422.634166,886,1920,90,walk_closer,0,0.9017181899077239,0.8925457651221504,12,88,0.3275791869856164,1,2,0.90252703,1.5795608,true,18.414219,33.967917,131.322083,175.306041,26.090417,0.032396,385.173437,385.221407
164505520740042,164505434109068,390.316146,886,1920,90,walk_closer,0,0.9046752925266854,0.8895604845273282,14,98,0.3179859449421514,1,2,0.90252703,1.5795608,true,18.460156,20.039271,139.523125,188.269063,28.313802,0.037239,394.70349,394.771927
164505919993844,164505833938651,399.253802,886,1920,90,walk_closer,0,0.9117677107840901,0.898443130567358,12,510,0.3221254534013269,1,2,0.90252703,1.5795608,true,18.04474,21.155729,129.037396,180.241041,27.190781,0.029375,375.733437,375.781406
164506302935354,164506233768026,382.94151,886,1920,90,walk_closer,0,0.9417379975572304,0.8692414956634056,12,107,0.2794782249609966,1,2,0.90252703,1.5795608,true,18.777604,21.663281,137.237969,173.25276,28.427604,0.034948,379.438177,379.503906
164506687587542,164506600278443,384.652188,886,1920,90,walk_closer,0,0.9150947110193393,0.9244561246903349,17,251,0.3402854422846531,1,2,0.90252703,1.5795608,true,18.011042,22.126979,179.582708,176.011927,26.8025,0.036823,422.615312,422.676041
164507114608739,164507033427193,427.021197,886,1920,90,walk_closer,0,0.8573579856622786,0.9201846284405205,235,390,0.3846562379122247,1,2,1.002004,1.5795608,true,26.0725,23.782917,133.732604,176.495781,27.035365,0.030104,387.188281,387.24349
164507507930718,164507433256776,393.321979,886,1920,90,walk_closer,0,0.8524214621994736,0.9102115672941627,215,565,0.342262692949987,2,2,1.002004,1.5795608,true,18.736615,26.813593,133.94099,179.708646,26.956302,0.026354,386.210833,386.280469
164507898192489,164507833086151,390.261771,886,1920,90,walk_closer,0,0.8387244500403538,0.8995993946793315,475,332,0.3496387607676894,1,2,1.002004,1.5795608,true,19.596355,21.70026,131.890312,179.325834,28.009375,0.043802,380.610886,380.670677
164508283179260,164508199596568,384.986771,886,1920,90,walk_closer,0,0.8882301005663295,0.9074944066733782,223,178,0.33244129731926364,2,2,0.95238096,1.5795608,true,17.733385,21.712604,130.383438,190.001302,28.420469,0.031979,388.325312,388.375156
164508676902906,164508599426151,393.723646,886,1920,90,walk_closer,0,0.841864477930244,0.8413999405949455,381,422,0.36466307146795884,1,2,0.95238096,1.5795608,true,18.167605,23.680156,138.067031,190.991719,29.620052,0.035416,400.597709,400.661301
164509084003426,164508999255734,407.10052,886,1920,90,walk_closer,0,0.8576421659791099,0.7514000713621781,1677,774,0.37920961531137465,3,2,0.92678404,1.5795608,true,19.147864,20.296771,127.515573,177.791719,28.565156,0.031042,373.389375,373.458438
164509462809780,164509365766151,378.806354,886,1920,90,walk_closer,0,0.9073927691184024,0.9563094913160785,125,109,0.36989827857775026,2,2,0.877193,1.5795608,true,37.291198,29.625417,137.455989,172.077605,28.820937,0.034063,405.349948,405.416875
164509874893686,164509798914693,412.083906,886,1920,90,walk_closer,0,0.8141356440348595,0.9221958440475666,618,275,0.453087242643619,2,2,0.8525149,1.5795608,true,17.701146,27.70776,141.415209,189.914895,27.887448,0.033542,404.698698,404.764636
164510283910092,164510198744276,409.016406,886,1920,90,walk_closer,0,0.8520376500362911,0.918841266933109,1030,302,0.38875265919431,2,2,0.8525149,1.5795608,true,17.384688,24.385052,127.889583,169.271094,31.393489,0.032917,370.399115,370.457032
164510662265821,164510565254693,378.355729,886,1920,90,walk_closer,0,0.8328729165415204,0.9262196581329804,769,239,0.38211382918296977,2,2,0.8525149,1.5795608,true,31.797188,23.5025,141.917812,215.106459,28.922916,0.031979,441.323646,441.396146
164511108792800,164511031722401,446.526979,886,1920,90,walk_closer,0,0.8249843467324273,0.8290700763248524,2465,3112,0.3731610638066414,3,2,0.8525149,1.5795608,true,18.22625,30.91125,139.976302,173.49474,34.854062,0.033646,397.536719,397.611823
164511514090561,164511431551984,405.297761,886,1920,90,walk_closer,0,0.8480398337321766,0.8410554406732615,1885,2487,0.3672017043263516,2,2,0.8525149,1.5795608,true,18.369791,21.595625,139.370469,179.109375,28.534792,0.032604,387.054322,387.127135
164511909051758,164511831381568,394.961197,886,1920,90,not_plant,0,0.13088954615913562,0.15600035855730351,,,,,2,0.8525149,1.5795608,true,25.752083,21.792761,138.771302,0.00276,0.008177,4.69E-4,186.34651,186.451875
164512129871029,164512048161527,220.819271,886,1920,90,not_plant,0,0.19244254842647018,0.20598329052578304,,,,,2,0.8525149,1.5795608,true,28.862812,24.541667,140.464739,0.003698,0.014115,7.29E-4,193.910416,193.964063
164512332193894,164512265054693,202.322865,886,1920,90,not_plant,0,0.22852991642966186,0.1995181662878858,,,,,2,0.8525149,1.5795608,true,26.797292,24.066875,244.600156,0.003698,0.007135,5.73E-4,295.497344,295.539948
164513488660560,164513425766984,1156.466666,1920,886,0,not_plant,0,0.18388247154079398,0.13994154586979843,,,,,0,1.126126,1.0,true,15.054896,10.936979,62.982187,0.002084,0.009687,0.012084,89.013646,89.051042
164513691199987,164513625681776,202.539427,1920,886,0,not_plant,0,0.13229989446964582,0.15493234902002,,,,,3,1.150748,1.0,true,14.838541,15.990313,66.007083,0.001875,0.00724,2.6E-4,96.860208,96.893646
164513917618685,164513858915734,226.418698,1920,886,0,not_plant,0,0.13758817373334037,0.15114151500200454,,,,,3,1.472754,1.0,true,11.083437,18.661771,91.56875,0.002135,0.004896,2.09E-4,121.333281,121.368437
164514149742174,164514075800694,232.123489,1920,886,0,not_plant,0,0.15546251154842267,0.18954167757046572,,,,,3,1.472754,1.0,true,16.496198,14.56,57.611771,0.002031,0.0075,2.6E-4,88.688802,88.727813
164514389307330,164514325803234,239.565156,1920,886,0,not_plant,0,0.13816242660330819,0.15079810503983307,,,,,3,4.366812,1.0,true,13.399114,12.071771,65.358698,0.002292,0.011718,2.09E-4,90.860104,90.902761
164514616091445,164514559036984,226.784115,1920,886,0,not_plant,0,0.15324928532593196,0.14911655240830382,,,,,4,3.649635,1.0,true,15.599115,14.377708,139.508541,0.003386,0.004896,2.6E-4,169.507812,169.548073
164515429390924,164515372104693,813.299479,886,1920,90,not_plant,0,0.15240946157996962,0.16524330045941873,,,,,2,3.649635,1.0,true,7.587031,11.240573,63.117135,0.001771,0.010938,2.08E-4,81.974635,82.012135
164515631929726,164515563669335,202.538802,886,1920,90,not_plant,0,0.19158014269113743,0.19219721542815718,,,,,2,3.9682539,1.0,true,14.985989,11.400104,66.398438,0.001875,0.008333,2.61E-4,92.80526,92.837864
164515835585715,164515763584127,203.655989,886,1920,90,not_plant,0,0.1747841651275035,0.18965066524336952,,,,,2,4.608295,1.0,true,14.464843,13.339896,68.960209,0.002552,0.005625,2.6E-4,96.785468,96.82224
164516070209830,164515996817877,234.624115,886,1920,90,not_plant,0,0.16449046498676614,0.18650779603218906,,,,,2,7.518797,1.0,true,13.357084,15.527343,66.845209,0.001927,0.004896,2.08E-4,95.750782,95.789479
164516302952382,164516222053194,232.742552,886,1920,90,not_plant,0,0.15178449889441142,0.17459405049241158,,,,,2,5.9880238,1.0,true,17.513282,15.696458,70.180052,0.003177,0.006042,2.08E-4,103.417813,103.459687
164516531315194,164516456021319,228.362812,886,1920,90,not_plant,0,0.1622813814689375,0.167795713239099,,,,,2,5.9880238,1.0,true,14.425781,14.097292,67.389166,0.003594,0.009375,2.6E-4,95.94375,95.986146
164516731870611,164516656565694,200.555417,886,1920,90,not_plant,0,0.14870666375090105,0.1667553705022577,,,,,2,5.9880238,1.0,true,15.150104,17.801146,63.595417,0.001666,0.007813,2.6E-4,96.566614,96.615833
164516936357017,164516857109861,204.486406,886,1920,90,not_plant,0,0.1735503571240033,0.1670770241181327,,,,,2,5.9880238,1.0,true,11.971719,11.616145,68.155678,0.003541,0.007031,1.57E-4,91.769479,91.809427
164517163827798,164517091077986,227.470781,886,1920,90,not_plant,0,0.16035963299695505,0.1897186349726414,,,,,2,5.9880238,1.0,true,15.81724,12.046197,66.921667,0.002448,0.006146,2.08E-4,94.809948,94.849427
164517370623319,164517291622361,206.795521,886,1920,90,not_plant,0,0.1733432124667187,0.21100699973300568,,,,,2,5.9880238,1.0,true,14.583906,14.24099,69.147969,0.002447,0.006355,2.6E-4,98.001302,98.040104
164517606257485,164517525590486,235.634166,886,1920,90,not_plant,0,0.1744030381944672,0.19332603837460685,,,,,2,5.9880238,1.0,true,15.353802,15.065104,63.968489,0.002292,0.006094,2.6E-4,94.415937,94.456146
164517841128840,164517759558819,234.871355,886,1920,90,not_plant,0,0.1734599282677908,0.17081903056681755,,,,,2,5.9880238,1.0,true,16.237135,17.933073,67.229479,0.002865,0.00651,2.6E-4,101.423437,101.465781
164518068513527,164517993527152,227.384687,886,1920,90,not_plant,0,0.1757967719964934,0.16167906586749972,,,,,2,5.9880238,1.0,true,14.518281,13.045834,63.009583,0.001927,0.010469,3.12E-4,90.599688,90.642917
164518279737798,164518194071319,211.224271,886,1920,90,not_plant,0,0.18566206590528522,0.1639636520656946,,,,,2,5.9880238,1.0,true,30.71599,23.325364,143.14375,0.003906,0.017552,5.21E-4,197.234531,197.296093
164518481355298,164518394615486,201.6175,886,1920,90,not_plant,0,0.19072253571867498,0.16349263889398138,,,,,2,5.9880238,1.0,true,24.302135,22.503281,145.513958,0.00323,0.015677,4.68E-4,192.36776,192.413541
164518709926964,164518636267669,228.571666,886,1920,90,not_plant,0,0.16304959513370035,0.15102095158579648,,,,,2,5.9880238,1.0,true,19.311823,22.771093,127.901875,0.00375,0.008907,4.68E-4,170.029583,170.088333
164518914041235,164518836182460,204.114271,886,1920,90,not_plant,0,0.15123341003704646,0.1461474139946423,,,,,2,5.952381,1.0,true,20.188125,22.282916,133.957552,0.003438,0.009115,4.68E-4,176.46401,176.520573
164519114209933,164519036097252,200.168698,886,1920,90,not_plant,0,0.17515361434448823,0.15510929837768248,,,,,2,5.952381,1.0,true,24.469635,28.760104,142.851615,0.003437,0.008698,4.17E-4,196.117344,196.161666
164519315306808,164519236012044,201.096875,886,1920,90,not_plant,0,0.16476651378170445,0.15319816573761197,,,,,2,5.952381,1.0,true,26.623802,21.607083,129.145208,0.003646,0.008438,3.64E-4,177.413489,177.460885
164519551180818,164519469246002,235.87401,886,1920,90,not_plant,0,0.15373728444607715,0.15133786273452915,,,,,2,5.8479533,1.0,true,35.426771,19.658645,130.778021,0.002656,0.00823,4.16E-4,185.896354,185.953177
164519773580245,164519702479752,222.399427,886,1920,90,not_plant,0,0.143622056601741,0.14633352416782017,,,,,2,5.681818,1.0,true,20.434375,28.694167,146.908645,0.003438,0.009375,5.21E-4,196.083281,196.146458
164519975680610,164519894290902,202.100365,886,1920,90,not_plant,0,0.142556118914117,0.15579282688558482,,,,,2,5.714286,1.0,true,24.990468,25.373542,136.454219,0.003021,0.008385,3.65E-4,186.848593,186.894322
164520177515870,164520094835277,201.83526,886,1920,90,not_plant,0,0.12857057981189896,0.1623629191332137,,,,,2,5.714286,1.0,true,24.734375,31.978802,143.01901,0.003281,0.009427,6.78E-4,199.768385,199.807396
164520390844359,164520295379444,213.328489,886,1920,90,not_plant,0,0.15370206120180233,0.15741751277446592,,,,,2,5.714286,1.0,true,23.121719,21.845781,139.748281,0.002917,0.007448,3.64E-4,184.746823,184.791979
164520609903943,164520529347569,219.059584,886,1920,90,not_plant,0,0.17054769792691607,0.16883985932745912,,,,,2,5.714286,1.0,true,28.024896,25.22375,139.750364,0.003594,0.008125,4.17E-4,193.034427,193.085364
164520811598213,164520729891944,201.69427,886,1920,90,not_plant,0,0.16865969530341046,0.16618082298634415,,,,,2,5.714286,1.0,true,22.288959,22.368698,151.883229,0.003021,0.007916,4.69E-4,196.583438,196.628594
164521012808734,164520930436111,201.210521,886,1920,90,not_plant,0,0.15930357131232,0.14701713921819032,,,,,2,5.714286,1.0,true,25.820104,24.819271,135.191459,0.003802,0.00927,4.69E-4,185.865156,185.909531
164521222264463,164521130980277,209.455729,886,1920,90,not_plant,0,0.156079305118913,0.1595849291597144,,,,,2,5.714286,1.0,true,24.944636,25.852969,134.196198,0.002812,0.00776,3.65E-4,185.022396,185.06625
164521443903213,164521364948611,221.63875,886,1920,90,not_plant,0,0.1826370696092482,0.15861796022149563,,,,,2,5.714286,1.0,true,27.576771,25.866979,134.583073,0.003281,0.007969,3.64E-4,188.061041,188.114636
164521644431234,164521565492777,200.528021,886,1920,90,not_plant,0,0.17516039691674323,0.16243722930751128,,,,,2,5.714286,1.0,true,23.673854,22.326354,133.450521,0.003385,0.007344,4.17E-4,179.486667,179.529739
164521852077588,164521766036944,207.646354,886,1920,90,not_plant,0,0.16625943520605097,0.1506565754189205,,,,,2,5.714286,1.0,true,23.854584,24.696354,144.948281,0.003021,0.009062,4.17E-4,193.5425,193.588646
164522052719411,164521966581111,200.641823,886,1920,90,not_plant,0,0.17300082940679523,0.1564579497098055,,,,,2,5.714286,1.0,true,26.030729,31.394375,179.689271,0.003333,0.008177,4.17E-4,237.146354,237.223854
164522296683629,164522200549444,243.964218,886,1920,90,not_plant,0,0.16501721865218488,0.16227347883110751,,,,,2,5.714286,1.0,true,26.398697,18.996459,137.892239,0.003855,0.007552,4.16E-4,183.318697,183.362292
164522523584931,164522434517777,226.901302,886,1920,90,not_plant,0,0.15621093232244385,0.14829753841851492,,,,,2,5.714286,1.0,true,33.019427,24.601355,135.629531,0.003489,0.0075,4.17E-4,193.284115,193.35448
164522750323421,164522668485902,226.73849,886,1920,90,not_plant,0,0.15439667985826588,0.16177747159205572,,,,,2,5.586592,1.0,true,17.76151,21.735782,130.578073,0.003385,0.007187,4.17E-4,170.109896,170.163073
164522951156181,164522869030277,200.83276,886,1920,90,not_plant,0,0.14927892513339056,0.17289344975004287,,,,,2,5.076142,1.0,true,17.68849,19.942239,169.69974,0.003593,0.009167,4.69E-4,207.376615,207.435365
164523177145140,164523069574444,225.988959,886,1920,90,not_plant,0,0.19035198782389837,0.18320573578119675,,,,,2,4.9751244,1.0,true,25.591042,37.456614,160.180417,0.003541,0.008073,4.17E-4,223.258958,223.307135
164523406193056,164523303542569,229.047916,886,1920,90,not_plant,0,0.1847670359996363,0.18871675563544904,,,,,2,5.0251255,1.0,true,23.984323,19.67724,134.825312,0.003282,0.008333,3.12E-4,178.518907,178.561198
164523614270556,164523537510902,208.0775,886,1920,90,not_plant,0,0.1907981068897232,0.20194384658953465,,,,,2,4.878049,1.0,true,17.835052,18.666041,132.388334,0.002552,0.008229,4.69E-4,168.925416,168.979635
164523819571962,164523738055069,205.301406,886,1920,90,not_plant,0,0.18796759559108708,0.19375463415767777,,,,,2,4.7393365,1.0,true,27.40802,33.604584,135.770989,0.003125,0.009271,4.17E-4,196.823229,196.877031
164524021494514,164523938599444,201.922552,886,1920,90,not_plant,0,0.182492485372513,0.18259104676415064,,,,,2,4.5871563,1.0,true,27.188437,26.492292,142.186979,0.003125,0.009323,5.21E-4,195.911666,195.952709
164524222251441,164524139143611,200.756927,886,1920,90,not_plant,0,0.18081253138306508,0.18411173889537416,,,,,2,4.784689,1.0,true,25.91401,22.652396,127.245937,0.003386,0.008125,4.16E-4,175.843177,175.888959
164524425555139,164524347686419,203.303698,886,1920,90,not_plant,0,0.18258818028881604,0.17654633340602324,,,,,2,4.784689,1.0,true,26.83849,23.51151,131.413646,0.003958,0.008594,4.69E-4,181.79625,181.855729
164524651273056,164524580920377,225.717917,886,1920,90,not_plant,0,0.18186197956270814,0.18347604237752121,,,,,2,4.784689,1.0,true,20.875521,21.488125,132.867343,0.002969,0.008386,4.68E-4,175.265781,175.336093
164524856501701,164524780835169,205.228645,886,1920,90,not_plant,0,0.17266872738174568,0.1700149362396864,,,,,2,4.784689,1.0,true,17.594688,18.146302,137.78401,0.003333,0.008594,3.65E-4,173.562448,173.604219
164525086807274,164525006490069,230.305573,886,1920,90,not_plant,0,0.20018658788844856,0.18685534785891872,,,,,2,4.784689,1.0,true,50.323125,24.029896,135.544323,0.00401,0.008646,4.69E-4,209.941146,210.006406
164525309824983,164525207034236,223.017709,886,1920,90,not_plant,0,0.18475672709645002,0.18741148234814298,,,,,2,4.784689,1.0,true,25.748021,22.668437,133.736562,0.004115,0.010104,4.69E-4,182.188177,182.236666
164525520360816,164525441002361,210.535833,886,1920,90,not_plant,0,0.1944500140773484,0.19549933351448517,,,,,2,4.950495,1.0,true,17.805781,17.608594,128.536666,0.002865,0.010573,4.69E-4,163.987864,164.040625
164525762591493,164525674970694,242.230677,886,1920,90,not_plant,0,0.19249189457399468,0.19553369737560644,,,,,2,4.8076925,1.0,true,31.540468,23.115053,133.033645,0.003021,0.008281,4.17E-4,187.720625,187.780521
164525992959514,164525908939027,230.368021,886,1920,90,not_plant,0,0.18994124664437873,0.18698323621060386,,,,,2,4.6728973,1.0,true,21.129166,26.152709,166.194323,0.003021,0.008281,3.64E-4,213.512812,213.608906
164526211098941,164526076059236,218.139427,886,1920,90,not_plant,0,0.17981234235872,0.19307687663008805,,,,,2,4.5454545,1.0,true,19.06125,19.490261,136.352291,0.002865,0.007656,4.17E-4,174.940469,174.984999
164526427658003,164526343451527,216.559062,886,1920,90,not_plant,0,0.19024769276343984,0.19167949586953587,,,,,2,4.0650406,1.0,true,21.896979,28.509427,140.814948,0.003125,0.008906,4.69E-4,191.2525,191.309375
164526659588420,164526577419652,231.930417,886,1920,90,not_plant,0,0.16995813316201375,0.18911201009137085,,,,,2,4.2016807,1.0,true,20.101354,17.746875,135.176823,0.00349,0.01026,4.69E-4,173.067188,173.129583
164526859819669,164526777963819,200.231249,886,1920,90,not_plant,0,0.19134028838871836,0.18330145575037757,,,,,2,4.347826,1.0,true,26.807448,25.109844,150.066197,0.003282,0.008854,4.69E-4,202.022187,202.070573
164527066455294,164526978508194,206.635625,886,1920,90,not_plant,0,0.18326105564528294,0.18275014439533646,,,,,2,4.504504,1.0,true,25.481823,25.562239,142.28875,0.002865,0.009167,5.2E-4,193.375156,193.42224
164527292189253,164527212476319,225.733959,886,1920,90,not_plant,0,0.1940666789404004,0.17334621650223658,,,,,2,4.5871563,1.0,true,28.108854,22.164271,127.117396,0.003958,0.008177,4.69E-4,177.430938,177.481302
164527499850763,164527413020694,207.66151,886,1920,90,not_plant,0,0.17306090025584414,0.17771650899985061,,,,,2,4.5871563,1.0,true,19.509635,23.859011,140.978697,0.003594,0.009427,4.17E-4,184.381198,184.439948
164527725389409,164527646988819,225.538646,886,1920,90,not_plant,0,0.1661588898756005,0.16674619060912085,,,,,2,4.5871563,1.0,true,19.339531,29.359375,136.222708,0.003542,0.007812,5.21E-4,184.959427,185.022708
164527926821127,164527847532986,201.431718,886,1920,90,not_plant,0,0.167480709455105,0.17059698254774083,,,,,2,4.5871563,1.0,true,23.570573,19.93849,131.432604,0.002916,0.007448,4.17E-4,174.975156,175.02625
164528170754356,164528081501319,243.933229,886,1920,90,not_plant,0,0.16617513161902037,0.17126936015629005,,,,,2,4.7393365,1.0,true,31.243646,23.116042,142.607344,0.003645,0.010625,4.69E-4,197.012761,197.077969
164528372388054,164528282045486,201.633698,886,1920,90,not_plant,0,0.1854672927122875,0.16493013949312946,,,,,2,5.1282053,1.0,true,24.584687,27.811458,143.392813,0.002969,0.008958,5.73E-4,195.832552,195.877813
164528574136960,164528482589861,201.748906,886,1920,90,not_plant,0,0.18867619589648146,0.18371227949498206,,,,,2,5.319149,1.0,true,23.621666,23.183907,131.023333,0.003541,0.009323,4.17E-4,177.86151,177.906459
164528803169148,164528716557986,229.032188,886,1920,90,not_plant,0,0.17663927931173254,0.19088994193881087,,,,,2,10.0,1.0,true,33.604219,22.798906,130.13875,0.003802,0.010052,4.69E-4,186.582396,186.652344
164529018863627,164528917102152,215.694479,886,1920,90,not_plant,0,0.14950388863171094,0.1685345833892529,,,,,2,10.0,1.0,true,17.970052,32.72776,216.897292,0.00375,0.009114,4.69E-4,267.635416,267.685781
164529291250554,164529184494444,272.386927,886,1920,90,not_plant,0,0.19802147280386623,0.2525789874126383,,,,,2,10.0,1.0,true,24.008385,19.257552,134.366927,0.003125,0.008594,0.021354,177.696458,177.737083
164529497729200,164529434391984,206.478646,886,1920,90,guide,0,0.8237405752147478,0.8477554739653966,1367,1895,0.44916328807841666,3,2,10.0,1.0,true,19.471042,31.044479,135.678594,187.307656,30.957656,0.033646,404.527344,404.596197
164529906856439,164529834221568,409.127239,886,1920,90,walk_closer,0,0.8968862230012694,0.9036943494583879,609,766,0.41676398618395183,4,2,0.1,1.0,true,17.496146,24.540416,143.68625,195.530417,26.574167,0.034375,407.902916,407.971406
164530320069251,164530234051151,413.212812,886,1920,90,walk_closer,0,0.717466744072562,0.6821279554630395,2004,1855,0.3572526366262352,5,2,0.1,1.0,true,17.814531,22.772812,140.495573,179.550469,28.03651,0.032657,388.747916,388.801146
164530713563418,164530633880526,393.494167,886,1920,90,walk_closer,0,0.8685932005190146,0.8759402244815293,795,46,0.45891358617366507,2,2,0.1,1.0,true,18.770416,33.408438,137.87151,181.992552,28.438698,0.03224,400.548958,400.603125
164531120364720,164531033710109,406.801302,886,1920,90,walk_closer,0,0.8487732481021445,0.8709787392267192,280,69,0.4760032186796934,2,2,0.1,1.0,true,17.927552,22.598438,146.339479,179.011041,27.839115,0.032604,393.783281,393.847396
164531518747532,164531433539693,398.382812,886,1920,90,walk_closer,0,0.6754115661781865,0.7972040452165197,780,331,0.5057252507203316,2,2,0.1,1.0,true,17.693697,21.942448,137.962292,185.10026,28.264896,0.035833,391.044322,391.101927
164531915678417,164531833369068,396.930885,886,1920,90,walk_closer,0,0.5467259249743479,0.5430144866918359,1284,255,0.40532423676225093,3,2,0.1,1.0,true,18.16599,23.487604,144.636354,176.498646,27.932917,0.03802,390.80625,390.884271
164532311096699,164532233198651,395.418282,886,1920,90,walk_closer,0,0.7534639020572627,0.5693922405098348,1760,899,0.45182312470311103,5,2,0.1,1.0,true,17.515312,21.974844,129.892344,177.458073,28.439687,0.034792,375.361094,375.416406
164532693361178,164532599709068,382.264479,886,1920,90,walk_closer,0,0.7162426514081678,0.5781983038138625,880,518,0.49413586157215406,4,2,0.1,1.0,true,35.043594,24.115468,149.281771,182.078646,28.513906,0.034479,419.105208,419.179374
164533118616177,164533032857818,425.254999,886,1920,90,walk_closer,0,0.7566901744721796,0.5554561179387292,1497,447,0.46334665906950967,4,2,0.1,1.0,true,18.942343,34.725834,131.791302,177.102864,29.260104,0.031407,391.894843,391.969844
164533515093156,164533432687193,396.476979,886,1920,90,walk_closer,0,0.8222560656282398,0.6009276088792049,1996,437,0.4752409705412788,3,2,0.1,1.0,true,17.274531,24.112813,134.598958,185.865729,28.339219,0.033333,390.268594,390.318282
164533911107844,164533832516776,396.014688,886,1920,90,walk_closer,0,0.9262233315926802,0.7160538691215865,637,301,0.4490965849395039,3,2,0.1,1.0,true,17.723073,23.475782,127.485104,180.569114,27.196979,0.030105,376.516927,376.570052
164534292412896,164534199027193,381.305052,886,1920,90,walk_closer,0,0.8915927527680408,0.8141956834414872,1938,282,0.41885309939604554,3,2,0.1,1.0,true,18.448646,20.699583,134.904427,179.726979,26.680417,0.030208,380.530521,380.586198
164534680078260,164534598856776,387.665364,886,1920,90,walk_closer,0,0.9457366984895149,0.8028120816572538,686,434,0.42109652288618804,3,2,0.1,1.0,true,17.580364,21.64224,141.000937,183.794219,28.425104,0.033229,392.519218,392.590938
164535079408052,164534998686151,399.329792,886,1920,90,walk_closer,0,0.9434104316409834,0.8568625502473709,969,317,0.41775877528965566,3,2,0.1,1.0,true,34.189323,20.442344,128.42651,167.759792,26.873958,0.031771,377.762708,377.823281
164535462284770,164535365196568,382.876718,886,1920,90,walk_closer,0,0.9489722071337893,0.831987494062462,1155,518,0.41235050773305204,4,2,0.1,1.0,true,18.24599,24.789114,137.319532,180.468645,26.664115,0.029792,387.559479,387.613021
164535854239197,164535765026151,391.954427,886,1920,90,walk_closer,0,0.9433495285064464,0.8184753277442575,618,767,0.4017844518670799,4,2,0.1,1.0,true,18.216406,20.472032,140.261198,200.242343,28.311198,0.032448,407.578646,407.636146
164536269426853,164536198174901,415.187656,886,1920,90,walk_closer,0,0.9422502159966043,0.7577359769274912,779,763,0.3855526210224127,4,2,0.47732696,1.0,true,27.051354,20.772657,141.632552,175.663489,28.368125,0.034271,393.561198,393.625469
164536668257739,164536598004276,398.830886,886,1920,90,walk_closer,0,0.8374318409005448,0.7990675118161836,1885,471,0.4187784547627622,4,2,0.37707388,1.0,true,18.193906,28.936511,133.384375,297.898541,26.930417,0.033854,505.424948,505.499687
164537178188936,164537097791359,509.931197,886,1920,90,walk_closer,0,0.792339436854494,0.8103224491067389,2225,1289,0.3781416492952303,4,2,0.32690424,1.0,true,17.818178,24.798802,136.96802,174.708594,28.46599,0.032604,382.825365,382.906667
164537565778624,164537497620734,387.589688,886,1920,90,walk_closer,0,0.8001885354533864,0.790495204847538,2544,1665,0.3904102919235579,5,2,0.32690424,1.0,true,18.005052,22.706563,152.255989,186.626771,27.041042,0.029895,406.703958,406.76552
164537976938051,164537897450318,411.159427,886,1920,90,walk_closer,0,0.6446481613796412,0.4979329179598298,2024,,0.36821062287993556,4,2,0.32690424,1.0,true,17.800312,30.655417,195.270625,95.191094,14.33375,0.03026,353.325468,353.381041
164538334903259,164538230641568,357.965208,886,1920,90,walk_closer,0,0.8637055102341132,0.7907865941539651,578,122,0.4734201550148782,2,2,0.32690424,1.0,true,24.327917,24.445625,128.393698,177.90625,28.394479,0.034271,383.539688,383.599323
164538723904509,164538630471151,389.00125,886,1920,90,walk_closer,0,0.7893613321619899,0.876185659437938,611,676,0.35732038942553856,2,2,0.32690424,1.0,true,26.955573,22.40875,140.332864,174.712761,28.662291,0.056355,393.174844,393.247864
164539122445290,164539030300734,398.540781,886,1920,90,walk_closer,0,0.9465640684602301,0.9547153167343104,72,73,0.44074865800956253,1,2,0.32690424,1.0,true,19.37599,33.975416,139.726042,184.817187,29.036459,0.034166,406.995781,407.06651
164539536710863,164539463449276,414.265573,886,1920,90,tap_to_focus,0,0.9397476813124448,0.9322645099295972,132,196,0.42417294589237997,1,3,0.7278021,1.0,true,17.971979,22.228177,133.900938,192.906927,28.153177,0.034323,395.233385,395.294999
164539937227894,164539863278859,400.517031,886,1920,90,walk_closer,0,0.9454230591571895,0.9316591594102142,112,194,0.41670308609315043,1,4,0.77760494,1.0,true,17.643333,21.620885,145.056511,192.883802,26.763021,0.030104,404.041562,404.109531
164540384470237,164540296427401,447.242343,886,1920,90,walk_closer,0,0.9452891886278071,0.9354687228760851,102,180,0.4153355367058822,1,4,0.77760494,1.0,true,21.194479,35.758906,156.81073,217.953802,28.56552,0.032917,460.355885,460.447344
164540849670706,164540762895318,465.200469,886,1920,90,walk_closer,0,0.9329114986205578,0.9354746208310313,93,144,0.40964926029557347,1,4,0.77760494,1.0,true,23.498906,35.44474,149.502708,207.203125,26.703281,0.030261,442.418385,442.471198
164541297955862,164541229363026,448.285156,886,1920,90,walk_closer,0,0.9035277256160538,0.9413439135228182,315,77,0.387807725102963,2,4,0.77760494,1.0,true,17.300729,34.233906,128.984427,164.923646,26.710938,0.026406,372.208229,372.253906
164541677126383,164541595873443,379.170521,886,1920,90,walk_closer,0,0.8840879460731125,0.9107445721153982,172,93,0.4326468560601029,1,4,0.77760494,1.0,true,16.508907,24.535416,133.451354,175.821146,28.350104,0.032344,378.735834,378.792447
164542061609976,164541795788234,384.483593,886,1920,90,walk_closer,0,0.8977606937996185,0.8840404245340702,114,122,0.42963173515994413,2,4,0.77760494,1.0,true,18.501302,29.240833,143.119219,155.450312,26.948385,0.026928,373.321614,373.387604
164542676423257,164541962383859,614.813281,886,1920,90,walk_closer,0,0.8566986003312125,0.8779708045993002,52,52,0.4633836700685503,2,4,0.77760494,1.0,true,21.283333,20.860313,152.151302,172.658177,28.379062,0.032136,395.407031,395.464427
164543078229924,164542995276776,401.806667,886,1920,90,walk_closer,0,0.7623433048734316,0.668165234056665,1461,2216,0.4031352223193494,4,4,0.77760494,1.0,true,17.416146,23.735365,135.465937,175.795677,28.828959,0.034062,381.308906,381.392447
164543468154871,164543395106359,389.924947,886,1920,90,walk_closer,0,0.8333413167728452,0.8239895064609449,2419,1587,0.3748842583783656,3,4,0.77760494,1.0,true,28.364011,20.975573,131.267864,173.948229,30.041459,0.04125,384.691563,384.750782
164543859687632,164543761616776,391.532761,886,1920,90,walk_closer,0,0.8629329770992449,0.8133798265728425,2881,124,0.39442517640736696,4,4,0.77760494,1.0,true,30.242604,44.783958,131.699479,200.859219,26.752031,0.032188,434.399427,434.46
164544300011017,164544228084484,440.323385,886,1920,90,walk_closer,0,0.968744750983136,0.8744816406114513,289,409,0.43433029262912726,2,4,0.77760494,1.0,true,17.505781,19.732292,136.213697,191.312917,28.324583,0.031198,393.159687,393.221562
164544698901902,164544627914068,398.890885,886,1920,90,tap_to_focus,0,0.8989005997880432,0.8450760823270258,2882,2021,0.35461758698174606,4,0,0.5274261,1.0,true,18.356302,26.152292,137.785208,190.527344,29.924167,0.030937,402.816146,402.887188
164545108485079,164545027743651,409.583177,886,1920,90,tap_to_focus,0,0.9676572877397761,0.9385055283609763,427,567,0.4230203568631623,2,0,0.5274261,1.0,true,18.251146,24.075417,140.012031,223.387968,26.81698,0.030052,432.612604,432.672396
164545546579246,164545460892193,438.094167,886,1920,90,tap_to_focus,0,0.975290964358784,0.9496707257805854,716,468,0.41449975566584385,3,0,0.5274261,1.0,true,17.843959,21.866823,133.303906,174.730625,28.509479,0.032812,376.326979,376.394374
164545928030235,164545860721776,381.450989,886,1920,90,tap_to_focus,0,0.9378642750268209,0.9209590612912892,2536,1664,0.3672561106932264,3,0,0.5274261,1.0,true,30.660573,27.54177,124.11349,194.621823,28.751771,0.031406,405.767135,405.820208
164546341919037,164546260551359,413.888802,886,1920,90,tap_to_focus,0,0.9368185926557774,0.9455191352246037,2254,502,0.4129100280018747,4,0,0.5274261,1.0,true,25.770729,26.975781,136.054948,177.409687,27.830365,0.033229,394.113697,394.173385
164546740829349,164546660380734,398.910312,886,1920,90,tap_to_focus,0,0.9701030933600912,0.9700644974584373,765,519,0.4202775259854139,3,0,0.5274261,1.0,true,17.446093,25.842448,128.283542,187.466458,30.350729,0.033021,389.468437,389.521094
164547135520964,164547060210318,394.691615,886,1920,90,tap_to_focus,0,0.9716592320810546,0.9643405631159496,859,689,0.40733321939475076,3,0,0.5274261,1.0,true,17.730782,25.07151,168.816354,198.88776,29.472657,0.032552,440.0425,440.100625
164547580257318,164547493359068,444.736354,886,1920,90,tap_to_focus,0,0.9751559826519658,0.963422736341897,664,731,0.4214047061148847,3,0,0.5274261,1.0,true,18.692917,23.824114,135.701146,179.405261,28.248437,0.032344,385.945365,386.003229
164547972153672,164547893188443,391.896354,886,1920,90,tap_to_focus,0,0.9734409302388712,0.9475441503458651,900,658,0.4066999925037402,3,0,0.5274261,1.0,true,18.091875,23.449895,144.302448,185.015729,28.461875,0.033282,399.399218,399.464166
164548376761276,164548293018026,404.607604,886,1920,90,tap_to_focus,0,0.9632742430058081,0.9602796074763048,765,334,0.460804108802634,3,1,0.70274067,1.0,true,28.001666,20.05375,123.84125,193.273594,28.428854,0.035521,393.675573,393.739635
164548775685703,164548692847609,398.924427,886,1920,90,walk_closer,0,0.9517311928606194,0.9629814859000867,2670,158,0.40929231883943373,5,2,0.70274067,1.0,true,18.915886,30.783489,136.99724,175.796146,27.828177,0.032604,390.395313,390.473906
164549171859505,164549092676984,396.173802,886,1920,90,walk_closer,0,0.9476051086362178,0.9505881734151368,1605,454,0.3806603982175467,5,2,0.70274067,1.0,true,17.884635,21.652292,137.399063,181.970885,28.275,0.033698,387.250521,387.320208
164549565041067,164549492506568,393.181562,886,1920,90,walk_closer,0,0.9004008828666435,0.940164335249086,1119,2694,0.3273430906458499,2,2,0.70274067,1.0,true,18.297187,22.489531,142.669219,172.460469,26.74276,0.033594,382.738072,382.833177
164549952358671,164549859016984,387.317604,886,1920,90,walk_closer,0,0.8221594875843797,0.9367455304375835,1078,2356,0.32090665503791627,2,2,0.70274067,1.0,true,19.147813,21.231458,140.850677,186.126771,29.636771,0.035885,397.075833,397.137083
164550356240181,164550258846568,403.88151,886,1920,90,walk_closer,0,0.9364021015384245,0.7977781859809361,1814,1661,0.33040131300035114,5,2,0.70274067,1.0,true,22.0375,28.904063,141.473958,196.754427,28.460573,0.034375,417.70375,417.78224
164550779339035,164550691995109,423.098854,886,1920,90,walk_closer,0,0.8380491300274339,0.6614828344502865,1051,642,0.36065976783003606,5,2,1.150748,1.0,true,26.792448,18.733333,146.943802,220.4975,34.771042,0.033073,447.812604,447.881771
164551232213775,164551158463026,452.87474,886,1920,90,not_plant,0,0.18922246569563814,0.15100599978413148,,,,,2,5.6497173,1.0,true,17.729375,22.662083,134.03625,0.003229,0.00849,4.17E-4,174.467448,174.51651
164551469159035,164551391696776,236.94526,886,1920,90,not_plant,0,0.26726970329470806,0.24759816039181665,,,,,2,6.7114096,1.0,true,25.487448,22.732604,133.057239,0.002813,0.012865,4.16E-4,181.309791,181.363698
164551694597212,164551624930734,225.438177,886,1920,90,not_plant,0,0.25968265745140034,0.21188840887337396,,,,,2,7.7519383,1.0,true,21.464635,25.78849,133.355521,0.003906,0.008698,3.64E-4,180.643854,180.700625
164551932194972,164551858164693,237.59776,886,1920,90,not_plant,0,0.14710791124943684,0.10605823148589401,,,,,2,8.0,1.0,true,22.520052,22.278333,132.464427,0.003334,0.008802,4.69E-4,177.29901,177.357188
164552161568618,164552091398443,229.373646,886,1920,90,guide,0,0.5144246634402118,0.3844126069643845,1262,,0.43161596947278724,4,2,7.0921984,1.0,true,28.751562,32.668073,150.966771,98.925625,13.080208,0.029583,324.461302,324.525885
164552490372837,164552424589901,328.804219,886,1920,90,guide,0,0.8305502860914509,0.8942944042102531,2171,1432,0.446123125325272,4,2,4.385965,1.0,true,18.963854,20.184948,131.684635,169.92875,28.288021,0.033229,369.122656,369.181562
164552863778670,164552791100109,373.405833,886,1920,90,walk_closer,0,0.9681244345878812,0.9542740854816183,2245,400,0.3979424010758521,5,2,0.80256826,1.0,true,18.202135,30.112292,141.979219,237.018697,33.182188,0.041458,460.581979,460.649062
164553329652368,164553257568026,465.873698,886,1920,90,walk_closer,0,0.8547278548911867,0.9081512775599534,1969,1374,0.4266709715035901,3,2,0.80256826,1.0,true,21.417969,28.008542,148.614271,172.906979,27.048906,0.028906,398.071719,398.130208
164553732589295,164553657397609,402.936927,886,1920,90,walk_closer,0,0.9575640074283489,0.9260968586357401,1426,753,0.35001595315415557,4,2,0.80256826,1.0,true,17.339427,22.836979,135.079115,185.523021,28.560364,0.032708,389.408906,389.463958
164554127934034,164554057226984,395.344739,886,1920,90,walk_closer,0,0.8309003893857642,0.7945136294295428,968,1504,0.37898680047146627,2,2,0.80256826,1.0,true,23.862083,23.695625,146.275208,173.674375,28.480313,0.033021,396.064843,396.130312
164554529381638,164554457056568,401.447604,886,1920,90,walk_closer,0,0.8720470626421913,0.699313018292722,684,1478,0.37543386915201893,4,2,0.80256826,1.0,true,17.701354,29.606562,135.101875,177.695573,28.241771,0.033125,388.414374,388.482864
164554923675492,164554823566984,394.293854,886,1920,90,walk_closer,0,0.9042164761811246,0.9132739704917792,1666,2191,0.3532305068911512,4,2,0.80256826,1.0,true,17.755261,26.080781,136.152448,183.322291,26.722292,0.030625,390.105365,390.18125
164555319024763,164555223396568,395.349271,886,1920,90,walk_closer,0,0.9822969718241521,0.9587209406018542,633,368,0.3993869626772515,5,2,0.5025126,1.0,true,18.615521,23.356823,133.842188,176.917135,26.930781,0.029375,379.73599,379.810052
164555703846586,164555623225943,384.821823,886,1920,90,tap_to_focus,0,0.9725403865097523,0.9259094949778093,845,820,0.4429325475078514,1,3,0.6277464,1.0,true,18.527291,26.281927,140.643021,190.512136,27.813489,0.035,403.849895,403.902083
164556112125648,164556023055526,408.279062,886,1920,90,walk_closer,0,0.9508091167500223,0.8536883825940901,1133,570,0.42212155059396395,5,4,0.6277464,1.0,true,18.220365,22.143177,128.413542,192.106406,27.096771,0.030989,388.057031,388.111666
164556504684398,164556422885109,392.55875,886,1920,90,tap_to_focus,0,0.977048422580983,0.9343867456269124,521,629,0.4440523451528722,2,3,0.5274261,1.0,true,26.064688,19.198437,142.865365,173.421406,27.998594,0.034531,389.634896,389.735781
164556905720908,164556822714693,401.03651,886,1920,90,walk_closer,0,0.9400227741131901,0.9023965125933306,427,264,0.4503897784909441,2,4,0.5274261,1.0,true,20.443593,20.314792,125.944896,174.775625,28.940521,0.032083,370.486875,370.558489
164557283456845,164557189225109,377.735937,886,1920,90,walk_closer,0,0.8243219955374348,0.7859223693410209,1860,792,0.4502400604174426,3,4,0.5274261,1.0,true,18.965156,22.094792,131.473646,170.652239,27.989844,0.033021,371.247239,371.318281
164557662875126,164557589054484,379.418281,886,1920,90,not_plant,0,0.34174068062209756,0.3327909915795571,,,,,4,0.5274261,1.0,true,17.801979,26.052136,145.655989,0.003438,0.008437,5.73E-4,189.556042,189.610834
164557891527366,164557822288443,228.65224,886,1920,90,not_plant,0,0.2687648158999806,0.27535221785528463,,,,,4,0.5274261,1.0,true,28.21526,21.016771,138.514375,0.003021,0.01349,4.68E-4,187.779844,187.845312
164558094270908,164557988884068,202.743542,886,1920,90,not_plant,0,0.15577252228112398,0.18855645842927282,,,,,4,0.5274261,1.0,true,22.13125,33.776927,138.954844,0.002708,0.00849,4.17E-4,194.895052,194.965624
164558298064189,164558222118026,203.793281,886,1920,90,not_plant,0,0.26819406775455457,0.16968916619803068,,,,,4,0.5274261,1.0,true,26.772552,27.052136,140.780937,0.003854,0.0175,4.69E-4,194.654375,194.701614
164558526454605,164558455351776,228.390416,886,1920,90,not_plant,0,0.22827462500618048,0.18690095990015623,,,,,4,0.5274261,1.0,true,17.493854,27.193229,134.729271,0.004271,0.007812,4.17E-4,179.458489,179.515625
164558726478303,164558655266568,200.023698,886,1920,90,not_plant,0,0.1706213622211239,0.2105884824404462,,,,,3,0.57770073,1.0,true,24.824427,24.668907,137.466927,0.00375,0.009739,4.69E-4,187.008021,187.063333
164558959227001,164558888500526,232.748698,886,1920,90,not_plant,0,0.28883807553228397,0.16034879017568476,,,,,4,0.42716786,1.0,true,20.343438,20.719427,132.044583,0.003281,0.009896,4.17E-4,173.141458,173.204323
164559164484918,164559088415318,205.257917,886,1920,90,not_plant,0,0.20436243892151035,0.14948221692813626,,,,,4,0.42716786,1.0,true,26.761354,27.087708,139.017344,0.003489,0.008594,0.021927,192.924791,192.974218
164559364820490,164559288330109,200.335572,886,1920,90,not_plant,0,0.2482310546305969,0.14291603259548336,,,,,4,0.42716786,1.0,true,26.077239,20.933907,136.978281,0.00276,0.009011,5.2E-4,184.026302,184.071407
164559592408094,164559521563859,227.587604,886,1920,90,not_plant,0,0.26171525784207816,0.13457582914631136,,,,,4,0.42716786,1.0,true,18.962135,26.490886,134.494583,0.003073,0.01276,4.17E-4,179.98875,180.042969
164559798010438,164559721478651,205.602344,886,1920,90,not_plant,0,0.3614479422955199,0.16470554351539388,,,,,4,0.42716786,1.0,true,22.608177,28.006563,136.841562,0.002917,0.007969,4.16E-4,187.500469,187.54224
164560016353198,164559954712609,218.34276,886,1920,90,not_plant,0,0.4480347764052401,0.2071719501148775,,,,,4,0.42716786,1.0,true,30.124688,23.186302,131.875312,0.003177,0.007396,4.17E-4,185.216459,185.27073
164560230225803,164560154627401,213.872605,886,1920,90,not_plant,0,0.3803549071233612,0.1867603788222369,,,,,4,0.42716786,1.0,true,25.20375,22.026562,152.94125,0.002917,0.029062,5.73E-4,200.225885,200.272968
164560442761896,164560354542193,212.536093,886,1920,90,not_plant,0,0.37317901030378614,0.19915126313004836,,,,,4,0.42716786,1.0,true,25.591458,25.131198,141.092917,0.003646,0.008229,4.69E-4,191.852187,191.905677
164560662102052,164560587775943,219.340156,886,1920,90,not_plant,0,0.37561464247238785,0.21351408017525533,,,,,4,0.42716786,1.0,true,23.921615,23.654583,133.623125,0.004115,0.008594,4.16E-4,181.244271,181.291719
164560888537625,164560821009901,226.435573,886,1920,90,not_plant,0,0.38526684505653286,0.21834645245875398,,,,,4,0.42716786,1.0,true,21.725625,27.551459,178.422604,0.003125,0.030781,6.25E-4,227.751302,227.805625
164561127539396,164561020924693,239.001771,886,1920,90,not_plant,0,0.344039836945866,0.1705686318459258,,,,,4,0.42716786,1.0,true,21.918385,29.891615,158.345312,0.003229,0.009011,4.16E-4,210.189947,210.375417
164561342550385,164561254158443,215.010989,886,1920,90,not_plant,0,0.3269647289248842,0.20641206436635676,,,,,4,0.42716786,1.0,true,28.014531,23.186719,130.260312,0.00349,0.008437,4.69E-4,181.497187,181.541615
164561556534812,164561487392401,213.984427,886,1920,90,not_plant,0,0.3783747053960526,0.22800195797890332,,,,,4,0.42716786,1.0,true,23.463854,34.643125,137.517552,0.003178,0.008802,4.16E-4,195.660521,195.720521
164561759069396,164561687307193,202.534584,886,1920,90,not_plant,0,0.37627768908583303,0.2172910075693,,,,,4,0.42716786,1.0,true,34.228125,22.515313,132.553802,0.002864,0.007865,4.69E-4,189.336927,189.37625
164561959853406,164561853902818,200.78401,886,1920,90,not_plant,0,0.3582843852990544,0.20313524426026106,,,,,4,0.42716786,1.0,true,26.3225,22.483698,136.872135,0.002917,0.009583,4.17E-4,185.720781,185.800781
164562159938666,164562087136776,200.08526,886,1920,90,not_plant,0,0.35973919328766935,0.20440002388584397,,,,,4,0.42716786,1.0,true,23.456667,24.226042,135.816562,0.004219,0.008541,5.21E-4,183.538125,183.582448
164562394541687,164562320370526,234.603021,886,1920,90,not_plant,0,0.40525563151113203,0.20959528601192828,,,,,4,0.42716786,1.0,true,28.171093,28.403125,194.814896,0.003125,0.008906,3.65E-4,251.419947,251.479896
164562658571739,164562553604484,264.030052,886,1920,90,not_plant,0,0.3946670492909981,0.24270095327543753,,,,,4,0.42716786,1.0,true,27.369323,23.491511,129.730781,0.003437,0.007292,4.17E-4,180.625625,180.694896
164562859315645,164562786838443,200.743906,886,1920,90,not_plant,0,0.36454747265526444,0.22238925922735156,,,,,4,0.42716786,1.0,true,31.856354,21.025677,129.204011,0.003593,0.026511,3.64E-4,182.14349,182.186667
164563089599499,164563020072193,230.283854,886,1920,90,not_plant,0,0.3460128263040497,0.2097553455130875,,,,,4,0.42716786,1.0,true,21.023125,23.345625,141.205261,0.003125,0.011041,5.21E-4,185.608698,185.676146
164563335213041,164563253306151,245.613542,886,1920,90,not_plant,0,0.35791588744980746,0.2140867966997002,,,,,4,0.42716786,1.0,true,29.645156,20.182761,126.679375,0.003281,0.013594,4.16E-4,176.543229,176.600208
164563556654968,164563486540109,221.441927,886,1920,90,not_plant,0,0.3909767342551541,0.22334658025058182,,,,,4,0.42716786,1.0,true,27.985625,21.948385,136.48073,0.00401,0.016927,4.69E-4,186.461562,186.52375
164563757095905,164563686454901,200.440937,886,1920,90,not_plant,0,0.4049803787261068,0.2138234368945793,,,,,0,0.42716786,1.0,true,24.380833,23.418125,130.580208,0.003281,0.00875,4.17E-4,178.418958,178.46724
164563994114968,164563919688651,237.019063,886,1920,90,not_plant,0,0.3469966471232065,0.18076737239406118,,,,,1,0.452284,1.0,true,20.310156,24.804583,133.123594,0.003073,0.008854,4.69E-4,178.279219,178.342291
164564194197416,164564119603443,200.082448,886,1920,90,not_plant,0,0.3476824167566076,0.1926237181434098,,,,,1,0.452284,1.0,true,25.032291,30.70974,130.516354,0.003281,0.008542,4.69E-4,186.289427,186.332239
164564441514863,164564352837401,247.317447,886,1920,90,not_plant,0,0.42674286971617215,0.2023161071140906,,,,,2,0.452284,1.0,true,29.116563,21.272083,129.820156,0.003698,0.031875,4.69E-4,180.266094,180.346042
164564659327415,164564586071359,217.812552,886,1920,90,walk_closer,0,0.5221969324462588,0.2728455422585618,788,,0.48805263356163664,3,2,0.452284,1.0,true,19.608073,25.071094,134.526354,89.687187,14.196719,0.033854,283.164375,283.222552
164564947886530,164564852624276,288.559115,886,1920,90,not_plant,0,0.4754889168326661,0.1986254792786268,,,,,2,0.452284,1.0,true,22.061719,21.496458,132.345469,0.003125,0.014948,5.21E-4,175.953958,176.033177
164565153535592,164565085858234,205.649062,886,1920,90,walk_closer,0,0.5256387670325202,0.24214784966158195,675,,0.5019968315987597,2,2,0.452284,1.0,true,20.808646,25.048385,132.789636,105.128697,14.278386,0.032292,298.118021,298.174948
164565456208509,164565385730318,302.672917,886,1920,90,walk_closer,0,0.504012106585993,0.24250747266330533,504,,0.49168003896153323,2,2,0.452284,1.0,true,22.377761,39.810833,142.850781,94.103855,14.072604,0.033125,313.289479,313.388437
164565773793873,164565685602401,317.585364,886,1920,90,not_plant,0,0.4112774077931464,0.31166914395188744,,,,,2,0.452284,1.0,true,25.293906,19.924896,136.795313,0.003281,0.010729,4.17E-4,182.056563,182.096667
164565984804134,164565918836359,211.010261,886,1920,90,walk_closer,0,0.5003347395503344,0.3622719509020468,508,,0.48422219781825143,2,2,0.452284,1.0,true,19.867552,29.373073,167.748594,134.626093,14.238907,0.03276,365.928594,365.992395
164566356389186,164566285346776,371.585052,886,1920,90,tap_to_focus,0,0.5282797804831736,0.4072340957541621,487,,0.484282420501593,2,1,0.5025126,1.0,true,24.162917,25.900781,138.039896,95.097135,14.209219,0.032864,297.47724,297.531562
164566666449550,164566585218859,310.060364,886,1920,90,walk_closer,0,0.6336769566649392,0.4162545472323747,574,,0.4930983672528555,1,2,0.5025126,1.0,true,24.181927,20.026719,141.017604,90.189948,14.198229,0.031979,289.684531,289.742917
164566967692050,164566885091151,301.2425,886,1920,90,walk_closer,0,0.646733231314757,0.410596060624316,437,,0.48099542266361084,2,2,0.5025126,1.0,true,36.611042,20.247291,131.3125,99.303906,15.29948,0.032916,302.850729,302.908229
164567275707467,164567184963234,308.015417,886,1920,90,walk_closer,0,0.5746118639308206,0.4416179105137354,480,,0.47620057653151093,1,2,0.5025126,1.0,true,26.63099,26.557396,141.505781,97.673489,14.244948,0.032344,306.687552,306.742031
164567586782571,164567518154484,311.075104,886,1920,90,walk_closer,0,0.5798933535101344,0.4148119536183245,413,,0.48031545561454436,2,2,0.5025126,1.0,true,22.510052,24.697761,134.301041,95.983438,14.192604,0.032031,291.751927,291.809114
164567887723664,164567784707401,300.941093,886,1920,90,walk_closer,0,0.5513447398325035,0.39768894174990016,471,,0.4790086071451727,2,2,0.5025126,1.0,true,37.7825,21.303958,127.129844,101.893489,14.240521,0.032135,302.422343,302.47901
164568194998664,164568117898859,307.275,886,1920,90,walk_closer,0,0.6483290790016363,0.3838099380730002,421,,0.478497233367257,2,2,0.5025126,1.0,true,23.24526,21.372292,134.385937,100.763646,14.119427,0.032292,293.962968,294.019323
164568493393351,164568417770943,298.394687,886,1920,90,walk_closer,0,0.8140157537534565,0.4094861608905021,398,,0.47604129989925875,2,2,0.5025126,1.0,true,25.952084,19.870208,137.746406,129.623698,13.300573,0.029375,326.554479,326.608959
164568828740643,164568750962193,335.347292,886,1920,90,walk_closer,0,0.6847041615485381,0.3916101120024525,475,,0.479352678023929,2,2,0.5025126,1.0,true,23.467605,28.393073,132.018697,105.803959,13.728698,0.029166,303.486719,303.548698
164569136591632,164569050834276,307.850989,886,1920,90,walk_closer,0,0.7181484260335446,0.4244303356130518,425,,0.4677892206377692,2,2,0.5025126,1.0,true,20.824739,21.156198,150.17724,106.854479,17.356042,0.032864,316.45625,316.511771
164569465753507,164569384025526,329.161875,886,1920,90,walk_closer,0,0.8139963788419419,0.64224629655103,538,367,0.4790583319413244,2,2,0.5025126,1.0,true,25.227083,34.823073,128.315469,173.903229,26.102136,0.030677,388.435156,388.493177
164569859459132,164569783855109,393.705625,886,1920,90,walk_closer,0,0.7804118135219481,0.653996325259517,606,345,0.4782158377367267,2,2,0.5025126,1.0,true,17.984688,22.763437,136.162605,184.131354,31.321406,0.032656,392.435938,392.499948
164570258297361,164570183684693,398.838229,886,1920,90,tap_to_focus,0,0.8225612819809118,0.6150196705698899,587,619,0.47762975403078656,2,1,0.5524862,1.0,true,18.225573,34.461875,138.100677,174.342447,28.641719,0.034688,393.851093,393.909375
164570657479705,164570583514276,399.182344,886,1920,90,walk_closer,0,0.8284935918339328,0.6015585773149302,551,342,0.4718242149382661,2,2,0.5524862,1.0,true,16.985886,30.9175,151.778646,176.812395,26.986354,0.030313,403.559011,403.622604
164571065429184,164570983343651,407.949479,886,1920,90,walk_closer,0,0.7705043177632287,0.5864982401810203,358,340,0.4688512014410833,2,2,0.5524862,1.0,true,17.977395,20.059948,143.046563,182.432552,27.967031,0.031927,391.556979,391.611875
164571462072777,164571383173234,396.643593,886,1920,90,walk_closer,0,0.7469733149894946,0.24824510516051482,1246,,0.49275102367073487,3,2,0.6277464,1.0,true,25.125417,20.98901,130.892396,101.36776,14.320625,0.031198,292.76974,292.835104
164571767504600,164571683045318,305.431823,886,1920,90,walk_closer,0,0.6236875672871766,0.28347781892569435,1644,,0.4137361736887506,5,2,0.6277464,1.0,true,20.661354,33.66026,141.863802,91.723802,14.838855,0.036041,302.825885,302.894479
164572075086996,164571982917609,307.582396,886,1920,90,not_plant,0,0.2288254109949423,0.22428052201678556,,,,,2,0.95238096,1.0,true,20.82125,18.329948,133.034636,0.002812,0.009896,3.65E-4,172.218907,172.26375
164572285498038,164572216151359,210.411042,886,1920,90,not_plant,0,0.18512541372547175,0.24932531905459207,,,,,2,1.0515248,1.0,true,24.050052,25.193073,138.788385,0.003021,0.041666,4.69E-4,188.098333,188.158281
164572491959652,164572382746984,206.461614,886,1920,90,not_plant,0,0.3693515832665824,0.44075703061328897,,,,,2,1.0764263,1.0,true,22.46349,25.535469,146.781771,0.004166,0.011823,5.73E-4,194.830052,194.90875
164572692516319,164572615980943,200.556667,886,1920,90,walk_closer,0,0.9442245297111523,0.9377539964101931,33,45,0.4350220408719432,1,2,1.6474464,1.0,true,24.225833,20.242292,137.101822,186.20198,28.381093,0.032917,396.223124,396.281979
164573095339287,164573015810526,402.822968,886,1920,90,walk_closer,0,0.9340339779384882,0.9350020334252364,82,29,0.46030299278642417,1,2,0.42716786,1.0,true,19.254843,21.904584,146.558281,193.120729,29.289375,0.036146,410.207656,410.287031
164573510276266,164573415639901,414.936979,886,1920,90,walk_closer,0,0.9661420706746078,0.9718597294568371,154,397,0.5320044752828608,1,2,0.42716786,1.0,true,27.178073,27.788906,138.301719,179.215885,28.902761,0.032031,401.45724,401.510573
164573917467099,164573848788651,407.190833,886,1920,90,walk_closer,0,0.9640528770315439,0.9730679616484214,82,498,0.5320940843002333,1,2,0.42716786,1.0,true,17.368593,25.776563,138.338698,182.202656,28.136406,0.034636,391.896927,391.964323
164574313706422,164574215299068,396.239323,886,1920,90,walk_closer,0,0.9548296273029421,0.9676224456952047,187,391,0.5069917482688879,1,2,0.60240966,1.0,true,17.505417,32.255781,149.17875,176.927708,26.628282,0.028489,402.563646,402.613438
164574720669443,164574648447609,406.963021,886,1920,90,walk_closer,0,0.9615614041164607,0.9472173874630971,363,417,0.4951629172586678,1,2,0.60240966,1.0,true,18.303698,34.583385,131.369531,198.905104,28.514427,0.034115,411.759583,411.816458
164575137697620,164575048277193,417.028177,886,1920,90,not_plant,0,0.49448394227056675,0.8041488694723016,,1188,,,2,0.60240966,1.0,true,18.028229,24.340521,133.896406,97.879271,13.607604,7.81E-4,287.79401,287.847552
164575430119182,164575348149276,292.421562,886,1920,90,not_plant,0,0.20660838543603674,0.2672602165471153,,,,,2,0.60240966,1.0,true,20.986562,21.27573,136.12802,0.002917,0.014375,3.65E-4,178.428958,178.471042
164575650440849,164575581383234,220.321667,886,1920,90,not_plant,0,0.23692989760636213,0.3496448877559129,,,,,2,0.60240966,1.0,true,17.847917,33.608593,142.563177,0.003125,0.008438,4.69E-4,194.057135,194.112916
164575852031838,164575781298026,201.590989,886,1920,90,not_plant,0,0.46405956889916633,0.41497523982115375,,,,,2,0.60240966,1.0,true,27.609531,21.585209,131.973073,0.004062,0.010104,4.17E-4,181.202552,181.260729
164576080410328,164576014531984,228.37849,886,1920,90,walk_closer,0,0.7315314087977871,0.6209507487826682,1814,1744,0.4064855282889539,5,2,0.60240966,1.0,true,29.14625,26.817761,196.886354,183.21375,28.431198,0.032396,464.562396,464.638177
164576551308400,164576480999693,470.898072,886,1920,90,walk_closer,0,0.943118732771225,0.8558349085851009,2622,969,0.3668053355991674,5,2,0.60240966,1.0,true,18.409635,26.844792,144.155469,176.272604,27.828489,0.030781,393.582135,393.643177
164576951082463,164576880829276,399.774063,886,1920,90,walk_closer,0,0.9360999818027056,0.9480369757604085,2001,448,0.4133937408082442,5,2,0.60240966,1.0,true,17.916302,23.501198,132.473437,183.190573,28.383698,0.03401,385.531979,385.599531
164577341296577,164577247339693,390.214114,886,1920,90,walk_closer,0,0.9701507379540429,0.9784475347182732,314,565,0.3868705817016007,5,2,0.60240966,1.0,true,25.520573,19.572292,134.29,169.662812,26.644375,0.028438,375.770625,375.824063
164577721491473,164577647169068,380.194896,886,1920,90,walk_closer,0,0.8595274066239473,0.9192633922750395,1445,1372,0.3859419512804436,5,2,0.60240966,1.0,true,18.051823,23.454114,141.850365,179.947343,30.453125,0.033802,393.835833,393.889583
164578121356785,164578046998651,399.865312,886,1920,90,walk_closer,0,0.9580597907511357,0.964475531719728,1106,1988,0.3807490118503978,5,2,0.60240966,1.0,true,17.245781,23.399427,131.238542,171.749792,26.925052,0.028958,370.626146,370.691927
164578496627202,164578413509068,375.270417,886,1920,90,walk_closer,0,0.9712252316954921,0.98070647596653,386,703,0.3328287648608921,2,2,0.8525149,1.0,true,25.811875,20.976615,151.095885,187.692448,28.431302,0.031562,414.078281,414.13026
164578917766056,164578846657818,421.138854,886,1920,90,walk_closer,0,0.9695193482904534,0.9795656500411389,1298,552,0.3333961087475039,5,2,0.92678404,1.0,true,16.771667,20.650885,137.49849,181.349427,27.971718,0.036927,384.327344,384.402396
164579308639389,164579213168234,390.873333,886,1920,90,walk_closer,0,0.9653816964435171,0.968351019495852,657,649,0.3538284190870371,3,2,1.0515248,1.0,true,18.730052,23.93276,144.370261,171.149583,26.766875,0.028437,385.015937,385.083802
164579698004337,164579612997609,389.364948,886,1920,90,walk_closer,0,0.9207974318003137,0.9672020779569233,968,555,0.39102379884239724,2,2,1.0515248,1.0,true,16.801667,24.760104,146.150729,177.018073,28.015833,0.034583,392.828437,392.946302
164580095398035,164580012827193,397.393698,886,1920,90,walk_closer,0,0.9501588047988793,0.978238180849293,1061,823,0.3611424509604433,3,2,1.0515248,1.0,true,16.652135,23.364167,139.875052,178.217187,28.080782,0.034895,386.260625,386.310051
164580486298555,164580412656776,390.90052,886,1920,90,walk_closer,0,0.9652788965549515,0.9817351046134176,901,804,0.39604642662528633,2,2,1.0515248,1.0,true,32.202812,23.865521,143.884219,189.68625,26.970677,0.030468,416.678541,416.73526
164580907177045,164580812486151,420.87849,886,1920,90,walk_closer,0,0.9536841440954582,0.9678821169191266,1782,914,0.3689376020497832,4,2,1.0515248,1.0,true,18.191667,26.021406,130.998437,274.316719,28.173854,0.032344,477.7775,477.829062
164581390765326,164581312273234,483.588281,886,1920,90,walk_closer,0,0.9701531896291714,0.9776827062502127,1206,1251,0.4321519022335991,2,2,1.0515248,1.0,true,18.976302,22.559636,133.66625,170.47901,28.364531,0.033646,374.118333,374.185677
164581770274753,164581678783651,379.509427,886,1920,90,walk_closer,0,0.9736741236798406,0.9540307978289942,901,1329,0.4083150536912825,3,2,1.0515248,1.0,true,29.561146,21.136354,125.438593,186.162709,27.872656,0.034896,390.251458,390.326197
164582165140013,164582078613026,394.86526,886,1920,90,walk_closer,0,0.9661072683699944,0.9749920936944209,720,1266,0.40105735402515563,3,2,1.0515248,1.0,true,18.471615,39.37875,133.536406,187.411562,30.556302,0.031667,409.427396,409.481458
164582579533763,164582511761776,414.39375,886,1920,90,walk_closer,0,0.9524766631299068,0.97192331811401,690,947,0.39197405168805943,3,2,1.0515248,1.0,true,17.672032,22.284947,138.186771,179.429636,26.21151,0.034583,383.860417,383.931354
164582970608658,164582878272193,391.074895,886,1920,90,walk_closer,0,0.9516053146260296,0.9679407440182182,1022,1323,0.3912728399078027,5,2,1.0515248,1.0,true,18.66776,21.081615,127.9375,192.705469,28.067343,0.032084,388.533125,388.600834
164583364088137,164583278101568,393.479479,886,1920,90,walk_closer,0,0.9800943291259636,0.9733717480719081,325,334,0.3759991318541118,4,2,1.0515248,1.0,true,18.670625,23.531563,161.378906,178.305208,28.299844,0.032031,410.248594,410.293542
164583780143450,164583711250318,416.055313,886,1920,90,walk_closer,0,0.972963522079743,0.9686058998524794,1321,326,0.4276205701250717,3,2,1.0515248,1.0,true,17.835834,26.598646,165.85052,176.830417,28.068281,0.035156,415.262084,415.330312
164584200757668,164584111079901,420.614218,886,1920,90,walk_closer,0,0.9779557159538299,0.9715956251759582,285,465,0.41423575457091033,4,2,1.0515248,1.0,true,31.169584,20.566406,131.888594,184.846041,30.979323,0.032813,399.527917,399.59875
164584607300324,164584510909276,406.542656,886,1920,90,walk_closer,0,0.9655447322065089,0.9727906014136124,187,494,0.4076570721765451,5,2,1.0515248,1.0,true,18.620104,31.211094,133.858958,166.157865,26.651198,0.028593,376.564896,376.625261
164584988551783,164584910738859,381.251459,886,1920,90,walk_closer,0,0.9198282284503699,0.9654855770677533,1821,578,0.42057717581838006,5,2,1.0515248,1.0,true,17.257187,25.143646,126.566459,190.39052,27.898177,0.029896,387.325,387.373281
164585382533553,164585310568443,393.98177,886,1920,90,walk_closer,0,0.9561348492409266,0.9479431596736749,1926,1865,0.37949924894418174,5,2,1.0515248,1.0,true,26.30802,22.869323,131.581459,176.927968,27.860677,0.040469,385.636458,385.695417
164585773591001,164585677078859,391.057448,886,1920,90,walk_closer,0,0.9786415880263617,0.9726496632110093,2906,1148,0.436599536960788,4,2,1.0515248,1.0,true,18.191146,24.820625,137.287031,174.464427,27.348021,0.02802,382.173906,382.235833
164586163088813,164586076908443,389.497812,886,1920,90,walk_closer,0,0.9849922695150902,0.9787436498328276,1201,534,0.3455137897537526,4,2,1.0515248,1.0,true,18.999271,26.499167,137.834062,182.940156,30.590938,0.036302,396.945781,397.020104
164586564801938,164586476737818,401.713125,886,1920,90,walk_closer,0,0.9668746319367062,0.9695831307739213,1409,1979,0.3684234711759018,4,2,1.0515248,1.0,true,32.485885,26.599896,136.205052,182.750469,31.239219,0.031406,409.344166,409.408125
164586982054230,164586909886568,417.252292,886,1920,90,walk_closer,0,0.9893287010748258,0.9768321952026888,527,334,0.4025414520972461,2,2,1.0515248,1.0,true,18.719739,32.545625,129.974948,184.392083,28.052396,0.032657,393.754479,393.820156
164587380939855,164587309716151,398.885625,886,1920,90,walk_closer,0,0.9785691933559609,0.9742448041222911,1801,954,0.3795077789462624,5,2,1.0515248,1.0,true,17.039792,30.861198,139.610625,181.30526,28.795885,0.03474,397.693177,397.743645
164587783851105,164587709545526,402.91125,886,1920,90,walk_closer,0,0.9785233541557017,0.980968176030482,499,289,0.3795067983537086,4,2,1.0515248,1.0,true,17.326458,24.317031,132.587656,183.380157,28.33026,0.032552,386.007552,386.068593
164588174145427,164588109375109,390.294322,886,1920,90,walk_closer,0,0.976499594663567,0.9814573132128236,398,752,0.3607722177925652,5,2,1.0515248,1.0,true,18.330938,18.984375,132.371718,174.369063,26.676614,0.027813,370.799375,370.85875
164588551258552,164588475885526,377.113125,886,1920,90,walk_closer,0,0.9802732964573393,0.9847473159624069,730,684,0.3724384302174144,5,2,1.0515248,1.0,true,17.120208,25.599792,130.738802,188.186198,26.733906,0.02901,388.450156,388.499219
164588943806989,164588875715109,392.548437,886,1920,90,walk_closer,0,0.984934231766109,0.9831741280456721,199,707,0.374016239305206,4,2,1.0515248,1.0,true,26.051354,22.573958,132.89401,175.783282,26.818541,0.029063,384.189687,384.24948
164589332633291,164589242225526,388.826302,886,1920,90,walk_closer,0,0.9733304546876763,0.9811965874121554,249,548,0.3732522105559326,5,2,1.0515248,1.0,true,18.778645,30.019532,142.501406,196.818802,27.797656,0.032813,415.993958,416.05224
164589752968968,164589675374068,420.335677,886,1920,90,walk_closer,0,0.978384536716765,0.9796152465436984,191,468,0.37902488209532237,5,2,1.0515248,1.0,true,17.045365,23.912812,136.461354,179.618959,32.120833,0.032656,389.22375,389.272396
164590150314697,164590075203651,397.345729,886,1920,90,walk_closer,0,0.821743201386729,0.8995708964730778,756,2020,0.3579954957413922,5,2,0.8525149,1.0,true,24.426875,24.985833,136.800052,183.653021,27.821146,0.03276,397.759375,397.819896
164590556104593,164590475033234,405.789896,886,1920,90,walk_closer,0,0.9370537694125542,0.980702886966625,1056,671,0.35539089617530806,5,2,0.8525149,1.0,true,18.705782,23.021041,138.680052,188.096823,30.540208,0.049375,399.151771,399.235781
164590960437405,164590841543651,404.332812,886,1920,90,walk_closer,0,0.9814533130140187,0.980289295549118,375,498,0.33172626372368086,5,2,0.8525149,1.0,true,19.32776,26.934844,154.733594,200.138437,28.221302,0.033906,429.42526,429.474844
164591394196155,164591308011359,433.75875,886,1920,90,walk_closer,0,0.979381120168397,0.9765359067068287,299,607,0.3221488642398569,5,2,0.8525149,1.0,true,24.810521,21.140521,159.333906,187.574896,27.895104,0.043854,420.842448,420.897135
164591821731468,164591741159901,427.535313,886,1920,90,walk_closer,0,0.9758548557076269,0.9803614248720829,366,575,0.30599663622872697,5,2,0.8525149,1.0,true,18.676198,19.683334,134.772291,196.906146,27.154427,0.028646,397.25224,397.321354
164592224840269,164592140989484,403.108801,886,1920,90,walk_closer,0,0.7173902152926322,0.7235409478738432,1484,1224,0.38947118716663454,3,2,1.3003901,1.0,true,18.441094,29.180677,150.660781,188.181719,27.356406,0.029948,413.885781,413.942917
164592645694488,164592574138234,420.854219,886,1920,90,walk_closer,0,0.8697368126434379,0.6332306620163881,1476,1165,0.4178459812850246,4,2,0.82712984,1.0,true,17.541198,39.077395,134.821094,188.459479,26.691146,0.027708,406.664843,406.729844
164593056977040,164592973967609,411.282552,886,1920,90,not_plant,0,0.1579389320698887,0.11170066814706105,,,,,2,1.3495277,1.0,true,18.216562,23.944479,165.580781,0.003386,0.006562,4.17E-4,207.76927,207.807292
164593269334696,164593173882401,212.357656,886,1920,90,not_plant,0,0.1591163895754657,0.3374779062210193,,,,,2,1.3495277,1.0,true,26.650469,25.072031,139.112969,0.003125,0.012552,4.16E-4,190.870312,190.90724
164593477037144,164593407116359,207.702448,886,1920,90,not_plant,0,0.15335394621028864,0.29155279277953144,,,,,2,1.3495277,1.0,true,22.796979,25.2025,150.989791,0.003594,0.014531,4.69E-4,199.035572,199.11849
164593691057196,164593573711984,214.020052,886,1920,90,not_plant,0,0.14440362686288935,0.24263434672391176,,,,,2,1.3495277,1.0,true,22.059323,22.716302,132.011875,0.00302,0.009688,3.65E-4,176.823333,176.895937
164593909307040,164593840265109,218.249844,886,1920,90,not_plant,0,0.15057173937490176,0.32671541451524894,,,,,2,1.3495277,1.0,true,19.973541,31.440834,148.105677,0.003333,0.015104,5.21E-4,199.571822,199.677135
164594119361831,164594040179693,210.054791,886,1920,90,not_plant,0,0.23561347073821134,0.3131807096942115,,,,,2,1.5974442,1.0,true,26.651146,32.575104,131.144531,0.003438,0.014166,3.65E-4,190.408125,190.451771
164594319443862,164594240094484,200.082031,886,1920,90,not_plant,0,0.25197168828821875,0.42713821717172323,,,,,2,1.6474464,1.0,true,26.01901,28.051094,141.522865,0.003125,0.017604,4.17E-4,195.632917,195.671407
164594521829123,164594440009276,202.385261,886,1920,90,walk_closer,0,0.6567094260959052,0.643995025310624,2044,1725,0.43046877615995527,5,2,0.8525149,1.0,true,32.355105,34.604583,124.572552,188.212864,27.131094,0.027969,406.937813,406.99
164594933222612,164594839838859,411.393489,886,1920,90,walk_closer,0,0.5884745547601156,0.6051994178017767,1993,1174,0.38407456785122207,5,2,1.026694,1.0,true,18.15125,20.500937,135.317604,184.777917,29.407291,0.030782,388.230364,388.324219
164595325737768,164595239668443,392.515156,886,1920,90,walk_closer,0,0.8407824923859085,0.7439980611064412,561,404,0.31355740949722843,1,2,1.3003901,1.0,true,17.922136,24.829114,138.431615,217.50677,29.757917,0.032396,428.518698,428.570417
164595759505581,164595672816984,433.767813,886,1920,90,walk_closer,0,0.9462455099543929,0.988164357632575,2262,981,0.34480702126313645,5,2,1.472754,1.0,true,26.11151,25.401459,143.918958,184.616875,29.644635,0.030157,409.766875,409.818958
164596184864226,164596072646568,425.358645,886,1920,90,walk_closer,0,0.9809869229688892,0.9800945769848033,714,820,0.37804350429894384,2,2,1.150748,1.0,true,17.52802,24.355573,136.99474,204.103698,28.668437,0.029271,411.714218,411.772917
164596601532143,164596505795109,416.667917,886,1920,90,walk_closer,0,0.9597782662376324,0.976066207629213,1089,1716,0.3241484196436062,5,2,1.126126,1.0,true,24.657396,38.688542,135.438125,198.433698,29.02901,0.031302,426.320938,426.39552
164597032148653,164596938943859,430.61651,886,1920,90,walk_closer,0,0.8536247483912084,0.9364683229234635,951,1327,0.38154889322834684,5,2,0.97751707,1.0,true,18.836979,34.930938,134.779218,178.743282,28.554114,0.033333,395.920469,395.972552
164597432334486,164597338773443,400.185833,886,1920,90,walk_closer,0,0.7150815966759428,0.6476449244166494,522,214,0.3858051744519031,4,2,0.97751707,1.0,true,17.826458,20.53651,142.060729,194.083542,27.390052,0.028698,401.961458,402.009375
164597840487611,164597738602818,408.153125,886,1920,90,walk_closer,0,0.7209036287803859,0.7707054188902989,669,373,0.3418625735802081,1,2,0.97751707,1.0,true,23.562031,26.158073,136.630261,176.556458,27.439479,0.03224,390.422187,390.488802
164598236759903,164598138432401,396.272292,886,1920,90,walk_closer,0,0.864227655397852,0.8835354923799107,414,713,0.3873135484488728,3,2,1.3986014,1.0,true,18.230886,31.326666,149.907761,182.675468,26.685313,0.028021,408.88849,408.939427
164598651308548,164598571581151,414.548645,886,1920,90,walk_closer,0,0.7959863983486188,0.7155926565583153,372,551,0.34838888992110384,5,2,1.3986014,1.0,true,17.925052,27.172187,136.026459,188.004479,27.174687,0.030521,396.37276,396.440156
164599060291621,164598971410526,408.983073,886,1920,90,walk_closer,0,0.8704955481170498,0.796049801756229,452,504,0.31531141132518314,5,2,1.0515248,1.0,true,34.535729,24.4075,134.605157,198.5325,27.15276,0.027969,419.304636,419.363802
164599485820267,164599404559276,425.528646,886,1920,90,walk_closer,0,0.914683227945265,0.9377048297968927,421,589,0.28140542423026105,5,2,1.002004,1.0,true,18.173802,33.407188,141.605208,239.130365,27.469218,0.035157,459.864427,459.921302
164599951144069,164599871026984,465.323802,886,1920,90,walk_closer,0,0.8904504355283351,0.8765675661667949,1281,1079,0.38267359690939884,4,2,1.002004,1.0,true,18.371198,21.855469,136.018229,179.304635,27.158177,0.030052,382.777552,382.829427
164600339419589,164600270856568,388.27552,886,1920,90,walk_closer,0,0.8755367908093004,0.9154328513791121,339,1396,0.40787148332632484,4,2,0.90252703,1.0,true,30.534375,24.249114,136.349167,192.854531,27.909687,0.033282,411.978385,412.026302
164600757310579,164600670686151,417.89099,886,1920,90,walk_closer,0,0.7474016581957812,0.8539402428123601,1396,1842,0.3700236687231211,5,2,0.90252703,1.0,true,18.736406,40.689635,147.228854,189.190261,27.44625,0.035052,423.368541,423.437656
164601187248235,164601103834693,429.937656,886,1920,90,walk_closer,0,0.9379714632340367,0.9717968360852369,1402,1230,0.4306531049182709,5,2,0.90252703,1.0,true,21.113073,20.290989,131.711042,191.560364,30.03,0.033386,394.778958,394.832916
164601588147714,164601503664276,400.899479,886,1920,90,walk_closer,0,0.8724439572169134,0.9769423253018387,1357,296,0.3969865604921665,5,2,0.90252703,1.0,true,18.685312,27.984688,148.390052,199.077552,29.669896,0.030312,423.871406,423.929479
164602016566985,164601936813026,428.419271,886,1920,90,walk_closer,0,0.8592836111124605,0.6300501073106378,517,1106,0.3527078870357485,5,2,0.90252703,1.0,true,20.299896,27.069322,136.825469,178.318854,27.888594,0.033073,390.475625,390.531458
164602413004380,164602336642401,396.437395,886,1920,90,walk_closer,0,0.571798730798717,0.567933947249458,716,829,0.38265155285253627,5,2,1.3495277,1.0,true,17.713906,24.928854,134.359011,172.339947,26.844427,0.030625,376.265364,376.317344
164602793590370,164602703152818,380.58599,886,1920,90,walk_closer,0,0.6785742616242684,0.46341944579786326,804,,0.3316600648574024,5,2,1.6474464,1.0,true,25.449166,23.254844,128.039948,101.266719,15.934791,0.035678,294.020468,294.072552
164603103226828,164603003025109,309.636458,886,1920,90,walk_closer,0,0.7367008022723927,0.8729952565378555,454,330,0.36525794722543026,3,2,1.6474464,1.0,true,24.884115,30.300364,133.411094,180.553438,28.646197,0.059011,397.89599,397.947864
164603505698442,164603436173651,402.471614,886,1920,90,walk_closer,0,0.8126372462094157,0.8763902476663429,780,194,0.4379039344481299,4,2,1.25,1.0,true,17.775156,21.319219,132.530468,176.54625,27.790208,0.034532,376.059739,376.117917
164603887302869,164603802684068,381.604427,886,1920,90,walk_closer,0,0.7368355337591025,0.6928495892314652,429,61,0.3635457389762564,2,2,1.002004,1.0,true,18.042447,20.373282,138.130885,206.718177,28.341146,0.03151,411.68052,411.729896
164604306248546,164604235832818,418.945677,886,1920,90,walk_closer,0,0.7747673176990975,0.8611674129163691,756,331,0.4371807773529639,4,2,1.002004,1.0,true,18.26901,33.045886,162.399948,198.635885,27.170208,0.031302,439.595,439.661302
164604759454796,164604668981359,453.20625,886,1920,90,walk_closer,0,0.9202513416409801,0.9393747885322401,63,19,0.43615274392909953,1,2,1.002004,1.0,true,18.57599,20.609635,134.418281,181.127813,28.200729,0.031927,382.999896,383.075781
164605147388858,164605035491776,387.934062,886,1920,90,walk_closer,0,0.7490615928937235,0.804514071048917,662,1450,0.40574176442743237,5,2,1.002004,1.0,true,31.178958,23.394896,141.917344,193.724114,26.759323,0.027604,417.036614,417.085261
164605568772869,164605501959484,421.384011,886,1920,90,walk_closer,0,0.959007015078417,0.943671299953705,1211,861,0.390788512198327,5,2,1.002004,1.0,true,18.721875,36.230104,137.509948,179.829114,29.979323,0.033125,402.352239,402.417968
164605977936670,164605901789068,409.163801,886,1920,90,walk_closer,0,0.915712552275228,0.9305128507468955,442,228,0.3524574770799802,4,2,1.002004,1.0,true,17.551145,26.644011,143.328542,196.680624,33.379115,0.032135,417.653437,417.718386
164606401103545,164606301618651,423.166875,886,1920,90,walk_closer,0,0.9162525397936205,0.88598464928279,243,1032,0.4624176323764857,3,2,1.002004,1.0,true,20.170989,20.63125,135.444896,182.564636,30.976197,0.035521,389.863541,389.929167
164606797849951,164606701448234,396.746406,886,1920,90,walk_closer,0,0.9150697311496445,0.9157353132974198,712,1084,0.45360252882750984,3,2,1.5974442,1.0,true,18.131927,22.544062,158.931823,185.426458,29.43875,0.035157,414.549427,414.620365
164607217112139,164607134596776,419.262188,886,1920,90,walk_closer,0,0.9702461914770769,0.9192382161289347,392,465,0.44497468055916367,3,2,1.2004801,1.0,true,17.279636,21.386927,141.488906,176.09151,28.12474,0.035,384.442813,384.49177
164607605760524,164607534426359,388.648385,886,1920,90,walk_closer,0,0.6752686180013325,0.6904357263261587,1014,1684,0.334051303299745,5,2,0.92678404,1.0,true,24.860312,26.175729,197.691094,312.153698,40.137083,0.033958,601.092708,601.141719
164608211701774,164608134170526,605.94125,886,1920,90,walk_closer,0,0.895997431325797,0.9647084833091644,31,123,0.48302999578042716,3,2,0.65274155,1.0,true,32.541718,46.333438,169.085989,248.025052,28.128907,0.03151,524.184166,524.244948
164608741172972,164608667276568,529.471198,886,1920,90,walk_closer,0,0.9660200961407214,0.9419986492235027,1124,277,0.39448053264959526,5,2,1.150748,1.0,true,19.025573,35.313958,164.223229,236.673229,33.446406,0.037761,488.76802,488.838229
164609238804638,164609133744484,497.631666,886,1920,90,walk_closer,0,0.9300755789141999,0.952227258530111,72,120,0.45407189208901855,2,2,1.150748,1.0,true,23.858594,29.561771,157.006823,240.122552,26.360937,0.031875,476.976198,477.036666
164609720582086,164609633531359,481.777448,886,1920,90,walk_closer,0,0.6366232962380279,0.8250814682435677,1027,1528,0.36086636477833167,5,2,1.1764706,1.0,true,18.32026,27.588281,137.431094,180.265156,28.177761,0.031562,391.855416,391.911406
164610117722138,164610033360943,397.140052,886,1920,90,walk_closer,0,0.6584108751070873,0.6736052790413397,1192,1612,0.38767571227647757,5,2,1.0764263,1.0,true,19.724531,20.415313,131.505312,184.176563,29.665,0.033854,385.554844,385.628958
164610509656877,164610433190318,391.934739,886,1920,90,walk_closer,0,0.7415043598240066,0.6664788470663879,150,384,0.40176688768115243,4,2,1.3986014,1.0,true,23.037761,24.886041,143.434636,205.668541,29.575,0.031146,426.667031,426.808177
164610943024273,164610866339068,433.367396,886,1920,90,walk_closer,0,0.9636378685533453,0.9127172589137585,1207,408,0.4041540316178498,5,2,0.80256826,1.0,true,16.854114,23.008177,139.222865,188.457031,27.867552,0.032708,395.484947,395.552708
164611344065627,164611266168651,401.041354,886,1920,90,walk_closer,0,0.9639933779652655,0.8874490385385044,603,421,0.4468904692733986,4,2,0.80256826,1.0,true,17.830521,24.848125,141.181927,182.123437,31.356354,0.033073,397.410104,397.463437
164611747025470,164611665998026,402.959843,886,1920,90,walk_closer,0,0.9328790344568043,0.8820973337981338,671,624,0.4729533741964076,2,2,0.80256826,1.0,true,18.785625,23.261354,172.936354,182.866979,28.534479,0.032813,426.46052,426.540521
164612181111304,164612099146776,434.085834,886,1920,90,walk_closer,0,0.6411358671849466,0.6526935260894168,815,191,0.40267584399472867,4,2,0.7278021,1.0,true,17.672448,21.183646,139.497968,176.654167,26.796406,0.02849,381.862448,381.933593
164612567191824,164612498976359,386.08052,886,1920,90,walk_closer,0,0.888266638923513,0.8338419312815413,998,705,0.46188864978839206,2,2,0.70274067,1.0,true,22.620937,26.436302,136.94349,185.570417,27.652499,0.030938,399.292083,399.339063
164612973430366,164612898805734,406.238542,886,1920,90,walk_closer,0,0.9228848570739114,0.8070589552821703,205,672,0.5124138097585877,2,2,0.70274067,1.0,true,25.225937,23.413438,144.32302,201.212552,28.318177,0.029427,422.559166,422.618281
164613430725053,164613331954484,457.294687,886,1920,90,walk_closer,0,0.8486031021596603,0.7096559935765682,1388,1209,0.43347891726638466,4,2,0.70274067,1.0,true,27.484792,26.511615,159.549687,206.87526,26.417709,0.032552,446.906563,446.973698
164613883162449,164613798422193,452.437396,886,1920,90,walk_closer,0,0.8669509965713358,0.734239227301308,350,952,0.5087512905121194,2,2,0.70274067,1.0,true,19.555052,22.585938,121.713281,170.495052,26.114219,0.028437,360.525208,360.586145
164614248674115,164614164932609,365.511666,886,1920,90,walk_closer,0,0.869227076559577,0.8168924491433192,145,1136,0.5170901873723679,2,2,0.70274067,1.0,true,19.009948,23.909583,131.368177,178.20599,27.738541,0.027605,380.294896,380.340104
164614633119063,164614431485734,384.444948,886,1920,90,walk_closer,0,0.8769856120395664,0.6688916942528765,171,647,0.5062359644044037,2,2,0.70274067,1.0,true,16.391197,25.15599,119.960833,154.942552,26.781927,0.02625,343.289739,343.334739
164615454488594,164614564762193,821.369531,886,1920,90,walk_closer,0,0.838290186233759,0.6758541180012003,446,607,0.4836406661651722,2,2,0.70274067,1.0,true,24.494844,37.024687,144.716563,197.543229,28.343489,0.02948,432.183385,432.257656
164615891062135,164615797569901,436.573541,886,1920,90,walk_closer,0,0.8995869321154386,0.8665031221084702,702,1793,0.37277790945127265,2,2,0.70274067,1.0,true,18.833646,19.501979,129.679427,234.338698,29.80974,0.030312,432.227396,432.285052
164616330097344,164616230718443,439.035209,886,1920,90,walk_closer,0,0.969261329576755,0.9424531417376871,578,1345,0.3618910254631649,3,2,0.70274067,1.0,true,18.116979,38.374479,141.549688,208.012396,34.461197,0.031667,440.579271,440.639791
164616775228229,164616697186359,445.130885,886,1920,90,walk_closer,0,0.9143116009825396,0.9400141742874764,693,1672,0.3539826082933444,4,2,0.70274067,1.0,true,18.31073,26.02901,173.081042,175.730677,26.893229,0.027239,420.106094,420.156666
164617200109895,164617130334901,424.881666,886,1920,90,walk_closer,0,0.9010968047507018,0.9601863517675793,935,694,0.415086189271598,5,2,0.70274067,1.0,true,16.613646,28.243333,146.325052,189.868698,28.380885,0.033542,409.508854,409.579844
164617613522239,164617530164484,413.412344,886,1920,90,walk_closer,0,0.9671694103644886,0.9608778704650129,365,267,0.42526537674855547,4,2,0.70274067,1.0,true,17.467917,23.79625,136.721354,183.058229,28.293959,0.032916,389.413906,389.483125
164618007379114,164617929994068,393.856875,886,1920,90,walk_closer,0,0.9758466663367824,0.96654868741493,259,534,0.3949627574370709,4,2,0.70274067,1.0,true,17.616719,21.859479,129.466302,183.079896,38.611406,0.033802,390.718438,390.777396
164618405185364,164618329823651,397.80625,886,1920,90,walk_closer,0,0.9582311053749842,0.9686818733407738,1179,1032,0.4201106607906695,5,2,0.70274067,1.0,true,30.373958,18.022656,129.178802,189.211719,26.97026,0.029532,393.823229,393.88427
164618804551145,164618729653026,399.365781,886,1920,90,walk_closer,0,0.8791189042151504,0.9501955458943577,836,484,0.4077326625277493,5,2,0.70274067,1.0,true,18.205469,36.495365,152.938125,192.613281,26.719323,0.028229,427.036094,427.083385
164619235680728,164619129482609,431.129583,886,1920,90,walk_closer,0,0.955048979623844,0.968823648498275,575,1004,0.3532659394858797,2,2,0.70274067,1.0,true,17.954479,22.418125,138.367917,233.901093,28.308594,0.028958,441.013541,441.061927
164619681797082,164619595950318,446.116354,886,1920,90,walk_closer,0,0.8148375785572163,0.8142493890389907,1526,1613,0.4022576135054834,3,2,0.70274067,1.0,true,17.855157,22.39776,149.986719,192.818437,28.433177,0.03349,411.560104,411.613437
164620101119269,164619995779901,419.322187,886,1920,90,walk_closer,0,0.889279665278885,0.9489026996095539,267,1082,0.35189758148287353,3,2,1.1764706,1.0,true,19.168593,25.51974,158.18776,195.504948,28.626979,0.033594,427.083801,427.145625
164620535851040,164620462247609,434.731771,886,1920,90,walk_closer,0,0.8851151126423761,0.9105359751277565,1215,1731,0.3997173136194192,4,2,0.92678404,1.0,true,27.99276,19.776823,166.567083,195.427344,28.255938,0.03401,438.093646,438.154583
164620978646925,164620895396359,442.795885,886,1920,90,walk_closer,0,0.9313745609769655,0.9580096449461151,644,1069,0.36425188685808507,5,2,0.92678404,1.0,true,25.369687,32.561979,142.835781,191.266615,28.414479,0.032031,420.517864,420.564844
164621404405206,164621328545109,425.758281,886,1920,90,walk_closer,0,0.8469807772503702,0.9432949644881997,888,679,0.3378701535038111,5,2,0.77760494,1.0,true,30.032812,29.111459,132.780833,186.301927,29.523958,0.032188,407.814323,407.869688
164621822899008,164621728374484,418.493802,886,1920,90,walk_closer,0,0.9350359731794703,0.9176923116922102,1283,1911,0.38666238374189277,5,2,0.77760494,1.0,true,19.0725,21.725677,143.610833,191.071511,31.014895,0.039427,406.573541,406.630104
164622236094268,164622161523234,413.19526,886,1920,90,walk_closer,0,0.9431428840686429,0.8116548468987619,1387,1806,0.4196767812972553,5,2,0.77760494,1.0,true,18.602864,23.366511,139.423958,187.273698,26.922864,0.030052,395.662552,395.725052
164622637327706,164622561352818,401.233438,886,1920,90,walk_closer,0,0.8884397169454772,0.7679295767303024,1930,2309,0.3973388856563531,5,2,0.77760494,1.0,true,17.889479,26.393646,172.649635,190.17901,28.021823,0.033386,435.202187,435.27927
164623077106195,164622994501359,439.778489,886,1920,90,walk_closer,0,0.7847297102569849,0.6288354992646433,2023,1772,0.35356374027567483,5,2,0.77760494,1.0,true,18.152552,23.278438,151.49151,193.077604,26.727761,0.032916,412.816302,412.870104
164623495052289,164623394330943,417.946094,886,1920,90,walk_closer,0,0.9492862302502829,0.7548885841220047,2215,1290,0.3671784010457628,5,2,0.77760494,1.0,true,26.033958,23.286146,138.131093,184.950105,26.746093,0.030834,399.236354,399.289479
164623899750778,164623827479484,404.698489,886,1920,90,walk_closer,0,0.9763940816639314,0.9646558775290272,1549,1673,0.3183961035556422,5,2,0.77760494,1.0,true,18.477396,35.968073,141.391614,183.829792,25.978333,0.030208,405.712187,405.77375
164624311508382,164624227309068,411.757604,886,1920,90,walk_closer,0,0.7727857340138091,0.9265512401704146,862,825,0.37410696319335557,4,2,0.77760494,1.0,true,17.76677,23.377605,146.208177,207.886979,27.754531,0.031979,423.068697,423.129896
164624738970934,164624660457818,427.462552,886,1920,90,walk_closer,0,0.9052391091564117,0.9495252193482258,1978,2677,0.3789027310697435,5,2,0.77760494,1.0,true,16.974323,22.126823,142.003125,189.044271,30.795781,0.034844,401.015104,401.066771
164625145381767,164625060287193,406.410833,886,1920,90,walk_closer,0,0.9139467994270761,0.9721064409038306,2501,2519,0.36605267052563306,5,2,0.77760494,1.0,true,19.532136,26.800364,146.964844,191.524271,31.220833,0.034636,416.111459,416.182292
164625567981559,164625493435943,422.599792,886,1920,90,walk_closer,0,0.9709264882452718,0.9770576359155305,1519,1446,0.2971713974912369,5,2,0.77760494,1.0,true,17.673854,24.909948,134.813489,220.354532,30.519948,0.031614,428.338854,428.411614
164626002997288,164625893265526,435.015729,886,1920,90,walk_closer,0,0.9404828268318316,0.9711491200556425,1516,1305,0.3965162253558461,4,2,0.77760494,1.0,true,26.454687,22.223334,161.968698,185.0025,27.872604,0.033125,423.589166,423.647291
164626430792600,164626359733234,427.795312,886,1920,90,walk_closer,0,0.6887162066392708,0.7924106210706282,660,1220,0.32799580098249237,1,2,0.77760494,1.0,true,18.848385,31.96224,135.709843,187.07323,29.670885,0.034323,403.335677,403.389323
164626839699423,164626759562818,408.906823,886,1920,90,walk_closer,0,0.9529366133528369,0.9190264724379942,462,723,0.33041107032866535,5,2,0.77760494,1.0,true,17.367344,27.936771,166.863281,188.187187,28.0325,0.03599,428.460417,428.530781
164627275930256,164627159392193,436.230833,886,1920,90,walk_closer,0,0.9398149589120964,0.8972204111522983,1514,1106,0.3781117609261706,5,2,0.77760494,1.0,true,27.549948,21.871563,145.774531,182.686146,29.084687,0.03526,407.037865,407.096042
164627688278850,164627592540943,412.348594,886,1920,90,walk_closer,0,0.8334202107800318,0.7385512869651286,2063,1398,0.3885594843237925,5,2,0.77760494,1.0,true,18.893229,33.150157,151.265572,240.166563,37.054531,0.034115,480.599219,480.661822
164628175395985,164628092327818,487.117135,886,1920,90,walk_closer,0,0.766918973320373,0.6546435718168793,2307,1517,0.35961161382916496,5,2,0.77760494,1.0,true,20.470312,25.949844,130.084844,199.389635,28.299688,0.034583,404.269062,404.34151
164628584321662,164628492157401,408.925677,886,1920,90,walk_closer,0,0.7578559263284501,0.7972989436199868,578,1478,0.33031099636670547,3,2,0.77760494,1.0,true,18.262657,22.186614,145.078229,312.102396,32.017188,0.032239,529.710261,529.754323
164629120221714,164629025263443,535.900052,886,1920,90,walk_closer,0,0.9508393855494157,0.9320636539839895,791,2394,0.33086170088394473,2,2,0.77760494,1.0,true,19.853177,23.264375,145.339011,185.301875,28.762708,0.031719,402.583906,402.641406
164629530391401,164629458411984,410.169687,886,1920,90,walk_closer,0,0.9534535778322418,0.8937543646579907,2386,1964,0.39012929589558,3,2,0.67750674,1.0,true,17.447865,24.562083,130.42474,179.884218,27.140625,0.030834,379.527344,379.594687
164629914156297,164629824922401,383.764896,886,1920,90,walk_closer,0,0.9770805310341636,0.953240921978483,372,411,0.40605886972448957,2,2,0.67750674,1.0,true,25.321875,25.825938,125.015208,182.975104,28.46099,0.033385,387.663802,387.715416
164630307509526,164630224751984,393.353229,886,1920,90,walk_closer,0,0.9814632786698677,0.9536820716479065,626,550,0.3575731625985128,4,2,0.67750674,1.0,true,18.769219,27.981614,133.04323,179.143541,26.630313,0.028125,385.636667,385.700156
164630698933432,164630591262401,391.423906,886,1920,90,walk_closer,0,0.9834091384261047,0.9493183348515958,531,649,0.3661186402433767,3,2,0.67750674,1.0,true,17.198386,25.298854,137.200729,202.618125,28.350677,0.032083,410.734688,410.783958
164631114809161,164631024411151,415.875729,886,1920,90,walk_closer,0,0.9802687221816477,0.9382477741949466,531,846,0.41006027223503594,2,2,0.67750674,1.0,true,17.930989,24.612708,135.08448,177.775,29.18901,0.029271,384.649583,384.702135
164631504528692,164631424240526,389.719531,886,1920,90,walk_closer,0,0.9689997712053174,0.9678312732794191,681,780,0.38422056342812994,3,2,0.75244546,1.0,true,18.781406,24.007344,147.537447,206.15474,29.536458,0.030261,426.082395,426.149792
164631936362754,164631857389276,431.834062,886,1920,90,walk_closer,0,0.9637669398024209,0.9519501949562112,1552,821,0.3602466312347051,5,2,0.75244546,1.0,true,20.921198,21.160417,136.250625,219.707552,28.303906,0.032812,426.409062,426.477552
164632368997806,164632290537818,432.635052,886,1920,90,walk_closer,0,0.9618347806235752,0.9592341007570633,1097,817,0.4117997532852513,4,2,0.75244546,1.0,true,26.198542,21.023385,135.98724,178.417708,26.63474,0.027291,388.322031,388.397136
164632762750358,164632690367401,393.752552,886,1920,90,walk_closer,0,0.8836660148259604,0.8633480950984935,2212,1375,0.3647442343064675,5,2,0.75244546,1.0,true,18.826979,34.32349,136.254635,186.082239,28.415521,0.035,403.975416,404.025833
164633171262025,164633090196984,408.511667,886,1920,90,walk_closer,0,0.6674546431270849,0.6009545178226947,2342,561,0.3891105171960305,4,2,0.6277464,1.0,true,17.633594,27.014323,141.400364,172.835521,31.559792,0.032604,390.509948,390.559739
164633566104472,164633456707401,394.842447,886,1920,90,walk_closer,0,0.6449065367929381,0.7829972385335657,439,485,0.48758160919287263,2,2,0.5524862,1.0,true,18.842448,25.377396,145.519844,171.476041,27.347604,0.032396,388.629948,388.686354
164633961992962,164633889855943,395.88849,886,1920,90,walk_closer,0,0.6233153955472103,0.8275402316531133,65,582,0.4931641336756343,1,2,0.452284,1.0,true,18.693906,29.07625,144.784844,180.396198,28.289635,0.032656,401.306302,401.364271
164634369187597,164634289685526,407.194635,886,1920,90,walk_closer,0,0.8333486704031859,0.8939877001739623,169,189,0.4593613720595293,1,2,0.37707388,1.0,true,17.861146,22.705677,136.979427,180.723958,26.9225,0.027708,385.25276,385.317396
164634760222285,164634689515109,391.034688,886,1920,90,walk_closer,0,0.6359661516410254,0.8199724895999024,169,699,0.5061614270362469,1,2,0.35198873,1.0,true,26.204896,22.439271,212.825312,209.578385,28.618073,0.035,499.735677,499.787135
164635270784368,164635155982818,510.562083,886,1920,90,walk_closer,0,0.8086396957910059,0.8653866512864694,197,608,0.49128011486271816,1,2,0.30184123,1.0,true,38.319114,28.563646,145.025781,184.571146,26.907396,0.032812,423.461302,423.531406
164635699182909,164635622450526,428.398541,886,1920,90,walk_closer,0,0.9300927444974844,0.8636131465048985,355,434,0.48989117247685954,1,2,0.30184123,1.0,true,18.522031,24.206771,142.795,187.327031,28.237917,0.032604,401.159844,401.237813
164636105226347,164636022280109,406.043438,886,1920,90,tap_to_focus,0,0.8486788579889847,0.8675577452100511,305,560,0.4967746353372391,1,1,0.30184123,1.0,true,18.389219,21.527552,167.79776,183.709115,30.027031,0.033229,421.516667,421.574843
164636535791919,164636455428859,430.565572,886,1920,90,walk_closer,0,0.8313030988231169,0.8943089694558554,454,418,0.4957705647740198,1,2,0.452284,1.0,true,18.652239,20.096719,140.259063,192.309739,26.948334,0.029687,398.326562,398.393021
164636938364211,164636855258234,402.572292,886,1920,90,tap_to_focus,0,0.8772474600832529,0.9108912946051274,602,606,0.48395485973770747,1,1,0.35198873,1.0,true,17.962761,31.194062,139.567448,185.498281,44.001927,0.031146,418.287917,418.331302
164637368852440,164637288406984,430.488229,886,1920,90,walk_closer,0,0.7892292287100876,0.8488776992217235,318,522,0.5011519925245231,1,2,0.35198873,1.0,true,29.81875,25.025625,122.544271,176.763906,31.049896,0.033593,385.268333,385.329479
164637759690981,164637688236568,390.838541,886,1920,90,walk_closer,0,0.8051365326302903,0.8873956517873329,281,495,0.4972787492390438,1,2,0.35198873,1.0,true,17.802188,31.972604,143.245573,194.792969,28.053333,0.032812,415.937813,416.006094
164638180138429,164638088065943,420.447448,886,1920,90,walk_closer,0,0.6623870216777021,0.8459485216449114,805,428,0.4771841406392099,1,2,0.35198873,1.0,true,17.792396,21.457395,141.835677,176.183229,27.962344,0.033177,385.305677,385.358594
164638569644627,164638487895526,389.506198,886,1920,90,walk_closer,0,0.6381330224348971,0.8484192602473771,750,431,0.4662370721766522,1,2,0.37707388,1.0,true,16.959375,22.346303,134.374791,178.10125,29.297656,0.032292,381.143542,381.191354
164638956206710,164638854405943,386.562083,886,1920,90,walk_closer,0,0.5452928781819362,0.8116284384638546,566,1003,0.4739285875459842,1,2,0.37707388,1.0,true,17.980209,23.271198,135.890104,177.759739,28.36849,0.033125,383.3375,383.399635
164639347596033,164639254235526,391.389323,886,1920,90,walk_closer,0,0.6824773290897903,0.8047325649535552,1214,1246,0.4718059052633805,1,2,0.37707388,1.0,true,19.103542,34.117396,146.174114,173.804584,29.438437,0.032761,402.708073,402.773437
164639754631553,164639687384068,407.03552,886,1920,90,walk_closer,0,0.584735806884815,0.8136358696639405,1182,1380,0.4596471918890188,1,2,0.37707388,1.0,true,17.383073,24.033125,135.632968,182.373073,28.445156,0.033386,387.933385,387.980729
164640149671449,164640053894484,395.039896,886,1920,90,walk_closer,0,0.6100592387614907,0.7989901744815391,1205,1535,0.4495954901088197,1,2,0.37707388,1.0,true,20.215677,21.699271,136.233125,172.102031,28.115573,0.034375,378.437239,378.50125
164640532752907,164640453724068,383.081458,886,1920,90,walk_closer,0,0.8370144506180078,0.8077498403361045,551,1127,0.4589869501807726,2,2,0.37707388,1.0,true,22.128333,25.388125,131.812969,176.394063,35.797031,0.030625,391.581406,391.639271
164640928932126,164640820234484,396.179219,886,1920,90,walk_closer,0,0.723319806960881,0.780483378549682,1840,1352,0.45414753884796255,2,2,0.37707388,1.0,true,19.804583,24.035625,129.924375,247.945989,26.294011,0.032552,448.069427,448.154427
164641381669261,164641286702193,452.737135,886,1920,90,walk_closer,0,0.8406485455875731,0.7734715290431298,956,1299,0.3655082303542372,4,2,0.37707388,1.0,true,29.29,21.824948,135.146875,181.201458,28.134531,0.032084,395.663385,395.724896
164641781994417,164641686531776,400.325156,886,1920,90,walk_closer,0,0.8258465474234176,0.7704776873896279,1059,1166,0.4090696913301599,3,2,0.37707388,1.0,true,18.400052,32.596354,130.048906,166.207708,26.716615,0.028437,374.028124,374.075365
164642160588896,164642086361359,378.594479,886,1920,90,walk_closer,0,0.8210173604467746,0.8041510388430537,1079,1181,0.3954918698565848,3,2,0.37707388,1.0,true,17.841875,21.170417,126.864427,176.935938,28.026197,0.032761,370.909479,370.96474
164642536643740,164642452871776,376.054844,886,1920,90,walk_closer,0,0.83054345707889,0.8062573117939844,1133,1342,0.40556926823936124,2,2,0.47732696,1.0,true,17.8975,21.977812,155.943177,180.11849,28.94125,0.030729,404.941719,405.008541
164642945825458,164642852701151,409.181718,886,1920,90,walk_closer,0,0.7573700967520576,0.6963573031980728,2205,926,0.38980434074989034,4,2,0.47732696,1.0,true,18.533125,21.07802,134.354636,180.226719,28.483697,0.033125,382.742812,382.794011
164643334362802,164643252530734,388.537344,886,1920,90,walk_closer,0,0.5484677752797016,0.6699581957365605,2466,1206,0.37809622976958224,4,2,0.47732696,1.0,true,17.390729,23.455052,130.543125,197.423073,28.17125,0.034271,397.053073,397.114635
164643735662489,164643652360318,401.299687,886,1920,90,walk_closer,0,0.7604713330130874,0.8531865656868561,255,945,0.5127027121564964,1,2,0.47732696,1.0,true,25.017292,20.033021,141.535937,191.23026,26.802448,0.027396,404.680781,404.729688
164644144721552,164644052189901,409.059063,886,1920,90,walk_closer,0,0.8079498961746595,0.8860130691371587,342,573,0.4724789096020885,1,2,0.42716786,1.0,true,19.020156,30.868802,135.100573,177.797135,28.025625,0.033177,390.882083,390.935625
164644540136812,164644452019276,395.41526,886,1920,90,walk_closer,0,0.8843969142582576,0.9090828090418159,379,663,0.44320002957526583,1,2,0.30184123,1.0,true,26.549583,19.437604,136.890365,174.691041,28.075886,0.040573,385.724427,385.775208
164644931424937,164644851848859,391.288125,886,1920,90,walk_closer,0,0.8592093425974737,0.9036579169234202,239,483,0.4716189870321621,1,2,0.30184123,1.0,true,17.674792,21.856927,135.508437,189.093125,27.02,0.03099,391.217136,391.273073
164645327020249,164645251678443,395.595312,886,1920,90,walk_closer,0,0.8858495855400266,0.8778634508668935,162,594,0.48043698784750344,1,2,0.30184123,1.0,true,17.665885,27.224792,140.746093,195.454844,26.989115,0.030052,408.147447,408.199323
164645740002020,164645651507818,412.981771,886,1920,90,walk_closer,0,0.8567122654079116,0.8790749884844764,143,804,0.49861844112232845,1,2,0.30184123,1.0,true,18.70698,19.630468,128.102657,174.505364,26.874792,0.029791,367.881719,367.936875
164646112179832,164646018018234,372.177812,886,1920,90,walk_closer,0,0.8469285766673341,0.8891223850053436,311,792,0.4874797686620038,1,2,0.30184123,1.0,true,30.10901,20.320469,150.107031,175.379271,28.194739,0.03224,404.177447,404.228698
164646520540353,164646451166984,408.360521,886,1920,90,tap_to_focus,0,0.6350500711639812,0.7703661575611593,150,83,0.4417479450205164,3,1,0.30184123,1.0,true,18.330208,28.079062,135.652552,180.704896,30.154636,0.032291,392.984791,393.032656
164646918807436,164646817677401,398.267083,886,1920,90,walk_closer,0,0.9138245809352945,0.802830351386798,2699,1165,0.38087885521679254,5,2,0.30184123,1.0,true,18.789479,35.504687,144.162292,173.804271,26.598646,0.029583,398.92177,399.002865
164647329009728,164647250825943,410.202292,886,1920,90,walk_closer,0,0.9774742697872103,0.9557919446867584,785,555,0.3799831328490413,3,2,0.30184123,1.0,true,33.10875,18.216302,131.532969,203.507135,28.845729,0.031459,415.274844,415.332187
164647748541082,164647650655526,419.531354,886,1920,90,walk_closer,0,0.9581518951000446,0.9170566029769059,2014,788,0.400207909008806,5,2,0.30184123,1.0,true,17.783177,31.884531,133.346615,172.958021,26.96875,0.035833,383.011354,383.060624
164648136308790,164648050485109,387.767708,886,1920,90,walk_closer,0,0.920074644013269,0.8645654789722059,1308,1159,0.40256655549147524,3,2,0.47732696,1.0,true,20.477187,21.322813,134.029218,190.289375,26.722709,0.031927,392.918958,392.980573
164648533937904,164648450314693,397.629114,886,1920,90,walk_closer,0,0.8403767669855885,0.8439263688437346,1858,1625,0.3977163930164238,4,2,0.75244546,1.0,true,17.875781,19.959323,122.525729,184.520885,28.783021,0.03125,373.72776,373.801042
164648912930456,164648816825109,378.992552,886,1920,90,walk_closer,0,0.9241531284270359,0.8826916911222682,1456,1806,0.3811723887649947,5,2,0.75244546,1.0,true,17.995937,19.911042,136.146927,179.79276,29.093646,0.033125,383.01375,383.083177
164649300500144,164649216654484,387.569688,886,1920,90,walk_closer,0,0.9414460915044573,0.9266468086100238,1169,1433,0.369385820357536,3,2,0.75244546,1.0,true,17.464375,21.533386,133.313437,165.529427,28.12099,0.031562,366.028854,366.07927
164649671687695,164649583164901,371.187551,886,1920,90,walk_closer,0,0.950895164300863,0.8870808204470482,1375,1026,0.35488132914690595,5,2,0.75244546,1.0,true,27.250208,20.752761,144.980729,187.89625,28.588229,0.034375,409.537292,409.603698
164650087987487,164650016313651,416.299792,886,1920,90,walk_closer,0,0.9499635028755875,0.9543902882811572,1686,1261,0.35662733819596326,5,2,0.75244546,1.0,true,18.783281,33.953073,141.561875,204.794948,27.614271,0.032708,426.772812,426.840417
164650519817747,164650449462193,431.83026,886,1920,90,walk_closer,0,0.9490236737937918,0.9267815506293107,1982,1303,0.40802089372298767,4,2,0.75244546,1.0,true,18.233906,23.480886,134.958489,190.326198,28.318177,0.03224,395.387344,395.454323
164650921700143,164650849291776,401.882396,886,1920,90,walk_closer,0,0.9382042837921954,0.921970833817201,961,663,0.3891829892022969,3,2,0.75244546,1.0,true,18.17375,24.297083,141.914688,190.220572,28.256615,0.035,402.935,403.022604
164651330208684,164651249121359,408.508541,886,1920,90,walk_closer,0,0.931501739664778,0.9001433946478263,997,791,0.43398693735230154,2,2,0.75244546,1.0,true,18.494375,23.393437,138.610052,182.911771,28.424062,0.032657,391.901406,391.978907
164651727471653,164651648950734,397.262969,886,1920,90,walk_closer,0,0.7749308409532615,0.8156036894482571,1431,71,0.46202510607970737,5,2,0.75244546,1.0,true,18.869427,30.045885,151.476407,184.243593,28.25625,0.0325,412.960052,413.030625
164652145133163,164652048780318,417.66151,886,1920,90,walk_closer,0,0.6892378003420796,0.8400810032365359,20,162,0.5342175814341772,1,2,0.75244546,1.0,true,27.192761,23.638541,144.091511,177.313229,29.490729,0.03151,401.793177,401.846511
164652557719257,164652481929068,412.586094,886,1920,90,walk_closer,0,0.7937215602766935,0.8271735033352693,347,427,0.5151480346318067,1,2,0.75244546,1.0,true,18.043594,24.684948,136.892969,182.870364,28.44724,0.03302,391.002865,391.06125
164652952946913,164652881758443,395.227656,886,1920,90,walk_closer,0,0.673037918522158,0.7537650638630374,511,303,0.43443417593846334,1,2,0.75244546,1.0,true,17.967917,34.247969,154.359427,176.198854,26.632396,0.028906,409.472552,409.519896
164653366701965,164653281588026,413.755052,886,1920,90,walk_closer,0,0.5305245679490254,0.7779971253205461,788,164,0.38553283760319346,3,2,0.75244546,1.0,true,18.439218,24.207552,140.495677,167.634219,27.153854,0.028646,377.987864,378.036198
164653749136288,164653681417609,382.434323,886,1920,90,walk_closer,0,0.599073988807512,0.7688979234355192,103,224,0.5122653780774584,1,2,0.75244546,1.0,true,17.409896,24.250052,129.256667,195.484479,28.37099,0.032187,394.835365,394.883385
164654152020506,164654081247193,402.884218,886,1920,90,walk_closer,0,0.7932036909024465,0.7720469817370996,163,498,0.5121092646173793,1,2,0.75244546,1.0,true,31.070573,19.320468,135.244375,180.692552,29.297552,0.104844,395.887447,396.057188
164654555376027,164654481076568,403.355521,886,1920,90,walk_closer,0,0.6961779773248682,0.7607114455899066,551,305,0.5083638334396312,1,2,0.75244546,1.0,true,17.821823,28.128073,129.613958,181.035104,27.963854,0.032448,384.628281,384.692656
164654945390298,164654847586984,390.014271,886,1920,90,walk_closer,0,0.5889335605518574,0.8325113043211362,777,395,0.4639243669322184,1,2,0.75244546,1.0,true,18.080261,24.259896,129.625156,193.276666,28.327605,0.035677,393.643125,393.709947
164655345857745,164655247416568,400.467447,886,1920,90,walk_closer,0,0.6885493552265831,0.7922556376501377,624,467,0.45608455825118455,1,2,0.75244546,1.0,true,18.736302,26.50401,144.685833,177.105469,28.518906,0.03224,395.615885,395.683229
164655746939412,164655647246151,401.081667,886,1920,90,walk_closer,0,0.6152674288332673,0.7798529494770633,816,398,0.4463860912653643,1,2,0.75244546,1.0,true,18.475677,31.989063,146.628021,212.044479,27.159844,0.029791,436.36224,436.428489
164656187033683,164656080394693,440.094271,886,1920,90,walk_closer,0,0.6438782744860246,0.7307768734818842,1607,1355,0.377348374902887,3,2,0.75244546,1.0,true,26.300365,22.458854,136.750365,181.853125,28.495468,0.032552,395.923906,395.976249
164656588066443,164656513543443,401.03276,886,1920,90,hazard,0,0.709797259827944,0.6690927301529612,780,5,0.42740697988092435,2,2,0.75244546,1.0,true,26.745,21.714427,131.341979,195.848907,27.853854,0.034687,403.574948,403.623437
164656995882276,164656913373026,407.815833,886,1920,90,walk_closer,0,0.7595812171188141,0.7702212312046859,328,617,0.4921259211591682,1,2,0.75244546,1.0,true,23.227031,31.407865,137.420833,188.965364,30.70474,0.032135,411.790052,411.842969
164657411886130,164657313202401,416.003854,886,1920,90,walk_closer,0,0.7481259357432298,0.7741866266307712,136,256,0.5272833483034898,1,2,0.75244546,1.0,true,18.161041,22.922969,130.080417,176.888333,27.848542,0.032812,375.972656,376.022396
164657792170713,164657713031984,380.284583,886,1920,90,walk_closer,0,0.780820457717649,0.7426419725649923,501,582,0.5196173059892857,1,2,0.75244546,1.0,true,17.793229,22.614114,135.356771,216.145,26.767292,0.028645,418.735156,418.78901
164658215132380,164658146180734,422.961667,886,1920,90,walk_closer,0,0.8609469694393549,0.8514209159279963,1951,1795,0.37592545949128464,5,2,0.75244546,1.0,true,18.164583,25.001667,146.081146,179.114895,30.938282,0.03927,399.376458,399.433645
164658619608161,164658546010109,404.475781,886,1920,90,walk_closer,0,0.9221173601036553,0.9410921166629508,1874,1939,0.3740361779422301,5,2,0.75244546,1.0,true,19.047865,21.935729,143.388594,189.395052,28.412552,0.032656,402.244635,402.301093
164659026581025,164658945839693,406.972864,886,1920,90,walk_closer,0,0.9274153029230805,0.9355971342805601,1828,1069,0.39653874447971305,5,2,0.90252703,1.0,true,27.110416,34.623594,130.702604,175.219323,28.280677,0.033646,396.006718,396.069948
164659427762588,164659345669276,401.181563,886,1920,90,walk_closer,0,0.9308546711617928,0.8855056452124238,2293,1170,0.34512514919151727,5,2,0.90252703,1.0,true,27.224167,28.809114,130.630417,186.165625,27.896927,0.032656,400.796667,400.857812
164659833293629,164659745498651,405.531041,886,1920,90,walk_closer,0,0.7454967599921744,0.844458805719585,1797,2540,0.3780065246262403,4,2,0.90252703,1.0,true,18.001459,20.481927,141.827968,188.275834,31.245104,0.031667,399.899063,399.95125
164660238744671,164660145328234,405.451042,886,1920,90,walk_closer,0,0.9800711207815355,0.9729998676287474,2148,1534,0.3749310480809882,4,2,0.90252703,1.0,true,18.927709,20.230052,127.73276,174.615208,27.999271,0.029948,369.564688,369.633749
164660613346962,164660511838651,374.602291,886,1920,90,walk_closer,0,0.9560559276249412,0.9533705051377936,2009,2085,0.3607755375256936,5,2,0.90252703,1.0,true,17.889948,26.074687,143.104011,179.497552,28.492604,0.033021,395.125,395.175938
164661012674618,164660944987401,399.327656,886,1920,90,walk_closer,0,0.956042111647329,0.9671698424878304,1810,1258,0.3612725563320218,4,2,0.90252703,1.0,true,17.258281,33.206823,137.471302,190.113385,26.228021,0.030104,404.339531,404.408125
164661421635243,164661344816776,408.960625,886,1920,90,walk_closer,0,0.9587581906685954,0.9606033348289249,1939,1801,0.3484966712626587,5,2,0.90252703,1.0,true,28.064792,20.085833,141.01276,171.064688,27.881667,0.031927,388.175104,388.238437
164661816765191,164661744646359,395.129948,886,1920,90,walk_closer,0,0.954912026804578,0.9370132727738243,2293,549,0.4166317577867247,5,2,0.90252703,1.0,true,18.429219,29.0875,132.371406,178.863958,27.876928,0.031562,386.692136,386.761406
164662208861284,164662111156776,392.096093,886,1920,90,walk_closer,0,0.8863271712444262,0.8949021487631625,1519,701,0.41917893179683574,5,2,0.90252703,1.0,true,28.845,25.842604,141.414062,211.779532,27.090416,0.029584,435.031458,435.083594
164662649488888,164662577624484,440.627604,886,1920,90,walk_closer,0,0.6768894207055672,0.7926024003611992,1511,2109,0.3058514195803941,5,2,0.90252703,1.0,true,16.953542,19.73276,126.906458,192.881979,27.308021,0.033021,383.851302,383.901042
164663038787013,164662944134901,389.298125,886,1920,90,walk_closer,0,0.650345022034236,0.8191285285754542,676,1435,0.3336388666285881,4,2,0.90252703,1.0,true,18.73724,21.739687,141.48474,173.662187,27.870208,0.036198,383.564166,383.629792
164663426970190,164663343964484,388.183177,886,1920,90,walk_closer,0,0.8953145583603186,0.8950225860684098,1531,2326,0.39685148395923875,4,2,1.026694,1.0,true,16.655052,19.789427,132.295365,177.305312,27.180781,0.031459,373.292448,373.340677
164663804767742,164663710474901,377.797552,886,1920,90,walk_closer,0,0.8980709738963703,0.912273913951167,1554,1013,0.37956980881567404,4,2,0.95238096,1.0,true,26.22625,24.954427,131.95724,176.569739,27.973438,0.035416,387.754739,387.811667
164664197052273,164664110304484,392.284531,886,1920,90,walk_closer,0,0.8796448704000144,0.8566467769295026,1024,1214,0.3499217126003228,5,2,0.95238096,1.0,true,18.520885,31.797292,131.501042,174.038541,26.745104,0.027448,382.662812,382.736198
164664585340034,164664510133859,388.287761,886,1920,90,walk_closer,0,0.9528014884267051,0.9230991662278101,1058,2259,0.3859517977478788,5,2,0.95238096,1.0,true,18.34849,25.876302,134.321823,183.244166,28.101354,0.031563,389.954635,390.009531
164664981236752,164664876644276,395.896718,886,1920,90,walk_closer,0,0.9346239232798909,0.9275161287559335,1580,2060,0.3878910489768934,4,2,0.95238096,1.0,true,17.987916,22.568594,162.515052,172.784531,28.366615,0.032343,404.296145,404.364271
164665390098575,164665309793026,408.861823,886,1920,90,walk_closer,0,0.9751289203336883,0.960867983507692,1038,738,0.3864490906227329,2,2,0.95238096,1.0,true,17.290364,27.836198,144.651354,209.139375,28.36849,0.034531,427.357135,427.41151
164665821801231,164665742941568,431.702656,886,1920,90,walk_closer,0,0.9029370794488228,0.8988140600415375,1505,2358,0.38437655281794036,5,2,0.95238096,1.0,true,17.732291,24.884584,138.851146,174.611145,36.183438,0.032604,392.32875,392.376094
164666219409252,164666142771151,397.608021,886,1920,90,walk_closer,0,0.978177373566439,0.9568799854063964,758,1154,0.37964198407242833,4,2,0.95238096,1.0,true,37.651875,22.071511,287.493489,182.030417,28.674635,0.03474,557.993229,558.08651
164666782562793,164666709196359,563.153541,886,1920,90,walk_closer,0,0.9457560258367909,0.9193707518274019,1365,1555,0.41335868209010584,5,2,0.95238096,1.0,true,18.33302,29.134219,133.039427,182.984063,28.097968,0.031667,391.65302,391.718594
164667182771491,164667075706776,400.208698,886,1920,90,walk_closer,0,0.9721685576832918,0.9291213804103208,456,1132,0.3321248424862091,4,2,0.95238096,1.0,true,20.570833,25.828229,124.704948,189.546927,28.086406,0.031511,388.799166,388.894948
164667577124199,164667508855318,394.352708,886,1920,90,walk_closer,0,0.9554223777947346,0.9378050734418196,1784,1406,0.3979454326735681,4,2,0.95238096,1.0,true,18.157084,20.476771,130.940416,175.324479,28.358907,0.03302,373.325,373.41875
164667954935970,164667875365734,377.811771,886,1920,90,walk_closer,0,0.9755194034447034,0.9221214085331605,1965,2028,0.38862891220131957,5,2,0.95238096,1.0,true,17.93651,26.151563,191.968489,297.61599,27.522604,0.029479,561.257187,561.302239
164668526957063,164668441790943,572.021093,886,1920,90,walk_closer,0,0.9456061828327925,0.9229680233209642,1240,1575,0.3925499975078992,5,2,1.0764263,1.0,true,28.552083,35.458073,160.694948,179.607344,28.472395,0.03375,432.856198,432.914427
164668964474146,164668874939693,437.517083,886,1920,90,walk_closer,0,0.9479252820859021,0.8867101205110215,855,1628,0.43452296984864347,4,2,1.0764263,1.0,true,37.453802,21.338281,135.756563,168.083802,27.260468,0.03099,389.958489,390.024271
164669359943678,164669274769068,395.469532,886,1920,90,walk_closer,0,0.9524206058767829,0.9061329347109883,753,333,0.4608067685031729,4,2,1.0764263,1.0,true,18.102656,26.657552,148.66401,188.311875,31.233959,0.032864,413.034895,413.083697
164669779995188,164669674598651,420.05151,886,1920,90,walk_closer,0,0.9548633291170091,0.8995365600776235,389,1388,0.4591565776939319,4,2,1.0764263,1.0,true,17.87052,24.122865,146.47875,172.882344,29.502604,0.073594,390.964166,391.02901
164670177962844,164670107747401,397.967656,886,1920,90,walk_closer,0,0.9476092004797861,0.9450404640053656,620,401,0.4288349748132134,5,2,1.0764263,1.0,true,24.926562,24.206979,138.645313,170.439271,28.609843,0.024375,386.891979,386.958021
164670570247063,164670474257818,392.284219,886,1920,90,walk_closer,0,0.9285365143471819,0.8939154954115537,1631,2308,0.41487014747359297,4,2,1.0764263,1.0,true,30.231979,36.323333,136.538698,189.122864,28.372865,0.026146,420.652031,420.708697
164671002022479,164670907406359,431.775416,886,1920,90,walk_closer,0,0.8864798816391417,0.8914970737712969,337,941,0.4444450375898725,5,2,0.67750674,1.0,true,20.988594,19.219323,131.57776,256.758229,31.513125,0.026354,460.12099,460.185052
164671466857218,164671373874276,464.834739,886,1920,90,walk_closer,0,0.9520269230819279,0.930337074500234,753,1562,0.4135425965251045,5,2,0.67750674,1.0,true,21.349114,25.080261,181.177135,251.49875,29.129948,0.024687,508.293697,508.345469
164671978581854,164671873661151,511.724636,886,1920,90,walk_closer,0,0.8483878253125284,0.852708221949555,872,1663,0.32941442026505285,5,2,0.67750674,1.0,true,17.304114,36.002448,187.920104,241.547344,34.256302,0.025417,517.088385,517.141718
164672500901228,164672406767193,522.319374,886,1920,90,walk_closer,0,0.9097407096503812,0.9008961780125235,1567,1844,0.40467656027261967,5,2,0.67750674,1.0,true,20.908489,26.446042,210.058125,286.478229,42.370521,0.028489,586.332656,586.397865
164673092510759,164673006511359,591.609531,886,1920,90,walk_closer,0,0.9503064857313241,0.8980365280062097,923,1466,0.4219977729055131,5,2,0.65274155,1.0,true,17.88526,24.403855,159.598749,261.617709,30.33125,0.026614,493.900625,493.964063
164673591466280,164673506298234,498.955521,886,1920,90,walk_closer,0,0.9155272817809716,0.9053029160146636,1150,1596,0.42099472033153784,5,2,0.65274155,1.0,true,21.966771,21.63901,144.006042,183.602656,28.286198,0.023958,399.560364,399.625625
164673996301228,164673906127818,404.834948,886,1920,90,walk_closer,0,0.8812360319686559,0.762357246138964,89,127,0.4558005613559146,2,2,0.65274155,1.0,true,23.987708,21.017969,132.667188,204.439635,29.869896,0.022552,412.039792,412.090573
164674414816592,164674339276568,418.515364,886,1920,90,walk_closer,0,0.8297072630299549,0.8447476706895889,98,192,0.4568687848571358,2,2,0.65274155,1.0,true,25.419114,21.951459,135.458072,188.139688,30.330833,0.024011,401.356302,401.424896
164674821174873,164674739105943,406.358281,886,1920,90,walk_closer,0,0.9696270362133665,0.8939266728974158,191,781,0.4177655053261944,2,2,0.65274155,1.0,true,18.23677,32.133907,135.96427,184.047969,28.935052,0.023542,399.373281,399.432292
164675225515602,164675138935526,404.340729,886,1920,90,walk_closer,0,0.8678736317369324,0.7972588551733294,257,185,0.45917957454398106,3,2,0.65274155,1.0,true,17.786927,21.771719,136.244218,187.821302,28.249636,0.024323,391.929114,391.982552
164675622305186,164675538765109,396.789584,886,1920,90,walk_closer,0,0.916518339115746,0.8965374339464055,716,1338,0.38695358699783355,5,2,0.65274155,1.0,true,18.151927,21.212656,124.917917,178.371093,29.280781,0.025469,372.001406,372.061145
164676005106956,164675905275526,382.80177,886,1920,90,walk_closer,0,0.9065779161010876,0.8963246620103764,1038,1901,0.35426807700446616,5,2,0.65274155,1.0,true,18.203958,26.360834,160.319375,176.4575,32.488697,0.024584,413.888177,413.949583
164676425468831,164676338424068,420.361875,886,1920,90,walk_closer,0,0.9173533962694798,0.9034443928205261,234,197,0.4261552457272373,2,2,0.65274155,1.0,true,20.120417,18.341563,139.204583,193.583021,32.738541,0.023542,404.043177,404.098854
164676834149768,164676738253651,408.680937,886,1920,90,walk_closer,0,0.9416579587027554,0.9598994843934269,539,828,0.3331934210494847,5,2,0.65274155,1.0,true,34.414479,22.675521,134.17974,196.558906,37.240312,0.024167,425.126354,425.180313
164677265268779,164677171402401,431.119011,886,1920,90,walk_closer,0,0.9208951576470519,0.9053031847006646,1094,2370,0.38771446332215476,5,2,0.65274155,1.0,true,18.984375,24.171927,141.959636,179.454218,28.561771,0.027709,393.194219,393.257968
164677669230497,164677571231776,403.961718,886,1920,90,walk_closer,0,0.9532567816402919,0.9581990406511364,435,717,0.36800667671272436,4,2,0.65274155,1.0,true,18.103386,21.078854,130.746875,175.78875,28.498593,0.025677,374.278802,374.349636
164678048623570,164677971061359,379.393073,886,1920,90,walk_closer,0,0.8963785888672935,0.9205609705244779,2100,2174,0.3800185525974271,3,2,0.8525149,1.0,true,29.626302,19.641563,127.4075,196.673698,29.040052,0.025156,402.455469,402.50974
164678455308882,164678370890943,406.685312,886,1920,90,walk_closer,0,0.8934386873913915,0.896577357786768,421,1372,0.335649520658837,5,2,0.8525149,1.0,true,18.941666,28.408386,149.262864,188.954219,31.750469,0.02302,417.373177,417.416615
164678878667216,164678804039484,423.358334,886,1920,90,walk_closer,0,0.9717277808302601,0.9569571139068219,1201,1631,0.3955638286051766,5,2,1.2004801,1.0,true,26.50526,23.589583,136.939375,175.28349,28.265677,0.023698,390.640572,390.698124
164679276750913,164679203869068,398.083697,886,1920,90,walk_closer,0,0.9699057108883612,0.9642196036809093,1045,2110,0.32119592335486047,5,2,1.2004801,1.0,true,25.657917,23.170364,142.148334,180.587135,28.354739,0.024532,399.980833,400.041406
164679681461538,164679603698651,404.710625,886,1920,90,walk_closer,0,0.9809471085850302,0.9876307003355149,1930,2493,0.32431290404093716,5,2,1.2004801,1.0,true,18.137031,27.434948,136.943906,181.761198,28.119063,0.026406,392.460365,392.512135
164680078476069,164680003528234,397.014531,886,1920,90,walk_closer,0,0.9495854362219658,0.9358380012240879,1705,1861,0.3423517688873403,4,2,1.2004801,1.0,true,17.794271,19.920052,140.235572,262.619896,31.3,0.027344,471.941197,471.995886
164680555943673,164680469995943,477.467604,886,1920,90,walk_closer,0,0.9765187475863079,0.9313660550693115,631,2423,0.3234204505144427,3,2,1.2004801,1.0,true,27.312968,25.175209,139.939114,181.406823,31.909844,0.025052,405.807968,405.856042
164680966707423,164680869825526,410.76375,886,1920,90,walk_closer,0,0.976647378920503,0.9621533386328317,2126,2130,0.39615529734550403,5,2,1.2004801,1.0,true,28.279843,35.193802,145.965677,201.598854,28.573021,0.026823,439.678906,439.740365
164681411498204,164681336293234,444.790781,886,1920,90,walk_closer,0,0.9611046781100164,0.9649854884129413,984,2244,0.43880756793825526,5,2,1.2004801,1.0,true,19.836927,23.724167,132.584375,202.127656,26.638125,0.023281,404.972135,405.038698
164681821147006,164681736122818,409.648802,886,1920,90,walk_closer,0,0.980074495080352,0.957865934561842,1545,984,0.428612790060356,4,2,1.2004801,1.0,true,18.452813,22.283958,136.090521,182.207083,28.003386,0.024895,387.102656,387.158073
164682214154402,164682135952193,393.007396,886,1920,90,walk_closer,0,0.9245171545208472,0.8859415277153376,1534,2233,0.3937693541936653,4,2,0.8525149,1.0,true,17.241823,25.58625,150.25125,180.79401,28.554792,0.027864,402.497239,402.552864
164682622180495,164682535781776,408.026093,886,1920,90,walk_closer,0,0.8886688907157505,0.8932990391726613,1500,1431,0.29856793438511886,5,2,0.75244546,1.0,true,17.917032,22.725104,134.938073,177.860416,28.351459,0.024583,381.85349,381.925104
164683009477995,164682935611359,387.2975,886,1920,90,walk_closer,0,0.9710638389131169,0.9378724486358313,721,2250,0.35624066742300897,5,2,0.75244546,1.0,true,40.693021,18.673073,134.748177,227.729792,29.036979,0.0275,450.941094,450.992292
164683466299766,164683368759901,456.821771,886,1920,90,walk_closer,0,0.9849357603908561,0.9594449157772639,933,1713,0.32539023919257204,4,2,0.75244546,1.0,true,17.6425,23.047292,135.504583,178.57651,26.744896,0.023229,381.575156,381.634844
164683852503620,164683768589484,386.203854,886,1920,90,walk_closer,0,0.9153153785479133,0.8514289057937091,2075,1993,0.38608981074315807,3,2,0.75244546,1.0,true,17.05349,21.222708,137.848125,184.097813,26.807187,0.021771,387.086771,387.142187
164684244740964,164684168419068,392.237344,886,1920,90,walk_closer,0,0.8965018066005188,0.9111913665258337,908,1477,0.3104695967894031,2,2,0.70274067,1.0,true,32.035938,19.715156,135.807344,171.538021,28.249062,0.024792,387.401875,387.454218
164684637299661,164684568248651,392.558697,886,1920,90,walk_closer,0,0.9043860901361466,0.8850821904116593,1680,1906,0.36029042505884945,5,2,0.70274067,1.0,true,18.116198,32.079219,139.820989,182.771354,28.347813,0.024583,401.194896,401.267917
164685043908411,164684968078026,406.60875,886,1920,90,walk_closer,0,0.9719846703879478,0.9064038617641056,1926,2249,0.40495788346693207,3,2,0.70274067,1.0,true,17.453698,27.88052,147.586927,206.150938,33.131354,0.025052,432.263385,432.326146
164685481500598,164685401226776,437.592187,886,1920,90,walk_closer,0,0.797432174643823,0.8780313305097944,1617,1071,0.39904342285036876,5,2,0.70274067,1.0,true,19.004531,21.03526,137.184323,178.016198,27.827917,0.02401,383.123125,383.184115
164685869679713,164685801056359,388.179115,886,1920,90,walk_closer,0,0.9717616822696317,0.940613726584375,1605,843,0.3271771645761987,5,2,0.70274067,1.0,true,17.920625,23.741614,203.824011,246.865781,28.538125,0.02625,520.95526,521.009114
164686395831744,164686300843234,526.152031,886,1920,90,walk_closer,0,0.7078676453930536,0.6362178543858291,1329,1235,0.37112574622652517,4,2,0.65274155,1.0,true,18.879323,21.021302,130.284531,184.91625,31.469323,0.025104,386.634739,386.702396
164686787922473,164686700672818,392.090729,886,1920,90,walk_closer,0,0.6016103892300694,0.4191213532764339,530,,0.390317917895203,3,2,0.30184123,1.0,true,19.798854,27.982083,133.580104,91.26375,14.257031,0.024323,286.938593,287.002812
164687079565650,164687000544901,291.643177,886,1920,90,walk_closer,0,0.9160712340862976,0.9112528542258729,35,194,0.38048702390928213,1,2,0.30184123,1.0,true,24.826615,25.158646,149.036198,179.343177,27.93677,0.024063,406.364688,406.423281
164687490187941,164687400374484,410.622291,886,1920,90,walk_closer,0,0.6848954234516439,0.701535597592203,912,172,0.3640961204124835,3,2,0.30184123,1.0,true,18.551094,36.245,144.491406,182.864218,28.309948,0.025365,410.521302,410.578802
164687905890441,164687833523026,415.7025,886,1920,90,walk_closer,0,0.8882709511589334,0.7747193615907929,96,22,0.45634999076972793,1,2,0.30184123,1.0,true,17.341302,36.100573,135.963386,177.363177,26.642708,0.021927,393.465104,393.530365
164688304430441,164688233352609,398.54,886,1920,90,walk_closer,0,0.9497124360138999,0.9139895940088465,52,29,0.3953316554683681,1,2,0.30184123,1.0,true,18.79177,30.517136,183.959739,183.740677,28.549896,0.025469,445.619947,445.673698
164688754989712,164688666501151,450.559271,886,1920,90,walk_closer,0,0.9265810933144184,0.8247525678027378,60,190,0.421728596176429,1,2,0.30184123,1.0,true,19.040885,18.094479,142.96224,186.385573,28.415885,0.024531,394.958333,395.020052
164689155146795,164689066330734,400.157083,886,1920,90,walk_closer,0,0.9426298268187462,0.8755835966102493,144,178,0.33675954274511355,1,2,0.30184123,1.0,true,18.549114,28.081146,153.193854,239.661094,33.992448,0.033489,473.551718,473.615729
164689633692784,164689532798443,478.545989,886,1920,90,walk_closer,0,0.8143537355829575,0.8147697544063486,651,527,0.434770926855947,1,2,0.30184123,1.0,true,19.5875,28.301354,163.124427,235.291823,34.182917,0.02401,480.546094,480.61474
164690119910024,164690032585526,486.21724,886,1920,90,walk_closer,0,0.7439391199338934,0.815242093656122,1426,1121,0.38720790269168415,5,2,0.30184123,1.0,true,32.21474,30.032135,171.203073,266.070937,42.176771,0.024531,541.754323,541.813906
164690672137367,164690565691568,552.227343,886,1920,90,walk_closer,0,0.9103942400001452,0.8638451478621678,49,90,0.38810337305142184,1,2,0.20132877,1.0,true,24.113802,49.695469,183.236406,247.243125,27.729948,0.025729,532.0775,532.137136
164691208669867,164691132116568,536.5325,886,1920,90,walk_closer,0,0.7028675319556618,0.60077115006623,1092,178,0.4189804581601524,4,2,0.20132877,1.0,true,17.52276,23.386146,149.535521,192.589531,28.464896,0.02401,411.562708,411.619479
164691625282471,164691531946151,416.612604,886,1920,90,walk_closer,0,0.6762873946266691,0.6277792918732524,391,508,0.4413123213713135,2,2,0.20132877,1.0,true,18.991406,18.865625,138.98875,177.959218,29.236667,0.033177,384.129635,384.197344
164692014765388,164691931775734,389.482917,886,1920,90,walk_closer,0,0.8842105719696459,0.8533404360936967,18,295,0.37763595886743495,1,2,0.20132877,1.0,true,18.748958,22.147344,141.084948,233.661667,27.958177,0.02302,443.655104,443.731666
164692462831481,164692373258690,448.066093,886,1920,90,walk_closer,0,0.9222492656745109,0.9290509676460154,134,7,0.40048608232361005,1,2,0.20132877,1.0,true,18.889271,23.518489,157.034844,172.908698,26.911979,0.021823,399.317656,399.372656
164692866319085,164692806407440,403.487604,886,1920,90,walk_closer,0,0.8553825757523859,0.7852663156232428,133,148,0.474909116498452,2,2,0.20132877,1.0,true,29.103437,20.825885,155.862136,188.907656,26.7675,0.023802,421.527343,421.58
164693292123304,164693206237023,425.804219,886,1920,90,hazard,0,0.8698890824917483,0.864150496458798,491,1,0.40653934941159875,2,2,0.20132877,1.0,true,18.719844,36.469739,138.316511,175.100833,31.34625,0.024792,400.012917,400.052968
164693699169293,164693631051151,407.045989,886,1920,90,walk_closer,0,0.7964315137703515,0.7650345425801142,1975,1586,0.3285160099829625,2,2,0.20132877,1.0,true,19.093021,30.067969,151.803854,177.190573,28.509687,0.027084,406.738073,406.809167
164694110473824,164694030880734,411.304531,886,1920,90,walk_closer,0,0.8730625958945263,0.7618677996589923,141,811,0.42019052928801415,2,2,0.20132877,1.0,true,17.979323,20.387916,142.037344,184.927187,27.118282,0.021614,392.506093,392.556354
164694508971428,164694430710318,398.497604,886,1920,90,walk_closer,0,0.869516400621143,0.7442589853930969,1635,9,0.35417414729275265,3,2,0.20132877,1.0,true,17.883646,23.002708,140.74224,190.6025,28.288854,0.025,400.578698,400.630834
164694914752418,164694830539693,405.78099,886,1920,90,walk_closer,0,0.8430153711348108,0.7707731002377225,142,8,0.3988213202515567,3,2,0.20132877,1.0,true,17.86724,21.23276,126.192709,191.609896,28.145052,0.02526,385.110105,385.176875
164695306263251,164695230369276,391.510833,886,1920,90,walk_closer,0,0.8566176153409938,0.773570997761462,7,42,0.4184945371925153,2,2,0.20132877,1.0,true,29.171563,19.585156,141.622083,180.476042,26.621042,0.024323,397.540677,397.604219
164695709463095,164695630198859,403.199844,886,1920,90,walk_closer,0,0.6638990624624512,0.6317484129385329,1417,341,0.37022926722769967,4,2,0.20132877,1.0,true,17.998385,23.217709,147.894375,179.361302,26.68276,0.023385,395.212604,395.266979
164696114946115,164696030028443,405.48302,886,1920,90,not_plant,0,0.4325556346906321,0.8300195499820847,,43,,,2,0.20132877,1.0,true,19.936042,21.392396,160.542552,95.792187,14.175781,0.001042,311.869271,311.913438
164696431755959,164696363219693,316.809844,886,1920,90,walk_closer,0,0.8481415743673598,0.8927546501643115,223,719,0.4406768219272976,2,2,0.20132877,1.0,true,36.325833,20.609688,131.252239,174.931927,27.14823,0.021198,390.323906,390.380989
164696826881115,164696729730109,395.125156,886,1920,90,walk_closer,0,0.901619478894588,0.876666736233121,58,1169,0.41616224161905535,2,2,0.20132877,1.0,true,18.30974,28.907083,138.748333,188.570417,28.361146,0.025104,402.958021,403.01125
164697237421011,164697162878651,410.539896,886,1920,90,walk_closer,0,0.8557319750838668,0.8783722721524313,153,838,0.41402111389862384,2,2,0.20132877,1.0,true,18.218073,21.156667,135.230521,189.288125,27.784947,0.022969,391.737031,391.805989
164697633566636,164697562708234,396.145625,886,1920,90,walk_closer,0,0.8709471244158422,0.8997988053187004,107,999,0.4307910732216791,2,2,0.20132877,1.0,true,28.312812,22.744375,142.262083,177.410521,28.012083,0.025365,398.805104,398.858854
164698038375021,164697962537818,404.808385,886,1920,90,walk_closer,0,0.8832066674945764,0.8680119867155617,112,862,0.403354449842503,2,2,0.20132877,1.0,true,19.043125,34.230104,134.178802,179.732812,26.10375,0.022917,393.342083,393.4125
164698437651687,164698362367193,399.276666,886,1920,90,walk_closer,0,0.874007070170193,0.884178934507982,150,741,0.4100242220785617,2,2,0.20132877,1.0,true,17.356302,20.728125,126.115521,199.786771,26.671354,0.023125,390.713437,390.773021
164698832785593,164698762196776,395.133906,886,1920,90,walk_closer,0,0.9260540715179832,0.9150116355660379,173,721,0.4191681099705349,2,2,0.20132877,1.0,true,18.532292,21.610937,130.924636,177.90026,28.383073,0.023438,377.412708,377.46875
164699216901322,164699128707193,384.115729,886,1920,90,walk_closer,0,0.8768311971113517,0.8990450893766819,367,443,0.4374706668569317,2,2,0.20132877,1.0,true,18.985364,21.218334,136.764948,171.630468,28.62375,0.025156,377.279427,377.344375
164699599895645,164699528536776,382.994323,886,1920,90,walk_closer,0,0.8411711118226483,0.8626484880908974,575,1033,0.45934617037390524,1,2,0.20132877,1.0,true,20.349531,22.153281,129.224375,182.313542,27.422448,0.023541,381.52552,381.587292
164699988615437,164699895047193,388.719792,886,1920,90,walk_closer,0,0.8882565220035872,0.8344573780689961,271,772,0.41461400492719314,2,2,0.20132877,1.0,true,25.825678,23.915312,141.294219,177.485781,28.390156,0.026511,396.97724,397.045416
164700392606322,164700294876568,403.990885,886,1920,90,walk_closer,0,0.8985097198235618,0.8905247086485815,99,545,0.3887092330409416,2,2,0.20132877,1.0,true,18.604167,31.622187,133.881823,174.305261,27.986197,0.026355,386.465417,386.531198
164700784094707,164700694706151,391.488385,886,1920,90,walk_closer,0,0.8700185971316353,0.891416722171824,149,923,0.41451443708054825,2,2,0.20132877,1.0,true,17.797135,19.827969,135.921406,172.860469,26.494167,0.027864,372.99776,373.049479
164701165911634,164701061216568,381.816927,886,1920,90,walk_closer,0,0.8850219492531642,0.9005709747114321,169,738,0.4081063853789004,2,2,0.20132877,1.0,true,27.245312,31.564167,159.867604,199.210469,26.649687,0.022031,444.593489,444.658698
164701615280176,164701511125694,449.368542,886,1920,90,not_plant,0,0.19127822125845934,0.19474772774917748,,,,,2,0.452284,1.0,true,27.997083,24.776771,143.6125,0.00401,0.007396,3.65E-4,196.415521,196.457968
164701816142676,164701711669861,200.8625,886,1920,90,not_plant,0,0.14440844542128317,0.1722655968023659,,,,,2,0.452284,1.0,true,28.636562,21.355782,125.177239,0.003073,0.039427,4.69E-4,175.229635,175.26901
164702024140071,164701945638194,207.997395,886,1920,90,not_plant,0,0.15273380814693824,0.14479499845138036,,,,,2,0.452284,1.0,true,30.667136,22.846562,133.409948,0.003958,0.007657,3.64E-4,186.954323,187.013229
164702225434446,164702146182361,201.294375,886,1920,90,not_plant,0,0.1711615815295262,0.1640349326126974,,,,,2,0.452284,1.0,true,23.053021,23.401094,145.496146,0.003854,0.006093,4.69E-4,191.981719,192.018959
164702431584082,164702313302569,206.149636,886,1920,90,not_plant,0,0.17967100718373516,0.15373046610724547,,,,,2,0.452284,1.0,true,23.348438,24.48677,146.493854,0.003386,0.007396,5.73E-4,194.359167,194.39875
164702667042519,164702580694861,235.458437,886,1920,90,not_plant,0,0.16464646627063834,0.1662158045939171,,,,,2,0.452284,1.0,true,29.388542,23.542291,129.625313,0.00375,0.008229,3.65E-4,182.58599,182.639531
164702868254342,164702781239027,201.211823,886,1920,90,not_plant,0,0.16003636162249946,0.15558835580638117,,,,,2,0.452284,1.0,true,23.353594,32.328333,140.654063,0.003541,0.006771,3.65E-4,196.363958,196.402708
164703069224706,164702981783194,200.970364,886,1920,90,not_plant,0,0.16088184975572808,0.16125342528018102,,,,,2,0.452284,1.0,true,26.729687,21.085677,134.012761,0.003177,0.006146,3.12E-4,181.852187,181.916875
164703295943873,164703215751527,226.719167,886,1920,90,not_plant,0,0.1881820014913494,0.1881820014913494,,,,,2,0.452284,1.0,true,20.726771,29.852031,139.275521,0.003802,0.007916,4.17E-4,189.887448,189.947396
164703501329342,164703432434693,205.385469,886,1920,90,walk_closer,0,0.6560930688298905,0.6818719337300362,703,213,0.4264625972673173,5,2,0.452284,1.0,true,25.667031,23.647761,140.871302,191.630833,28.604219,0.026979,410.483542,410.59177
164703916567362,164703832264276,415.23802,886,1920,90,walk_closer,0,0.8725342662691576,0.8435499733145778,57,465,0.47201805199511426,1,2,0.7278021,1.0,true,22.305052,29.026354,131.846094,176.808229,27.943385,0.023646,387.988281,388.046979
164704309341945,164704232093859,392.774583,886,1920,90,walk_closer,0,0.8752111197058703,0.7924418087386548,447,305,0.44491539340754827,5,2,0.7278021,1.0,true,18.303802,33.097031,130.369219,185.769791,27.78125,0.022604,395.377552,395.434896
164704710316320,164704631923443,400.974375,886,1920,90,walk_closer,0,0.8743367965850591,0.8401058649500978,371,1085,0.46857977500187076,5,2,0.7278021,1.0,true,17.281354,21.74026,132.832865,188.769791,28.364323,0.025417,389.049635,389.107917
164705105175174,164705031752818,394.858854,886,1920,90,walk_closer,0,0.6691814701573587,0.7741111165921328,211,397,0.4046387895946122,3,2,0.7278021,1.0,true,17.530104,25.817448,140.079636,178.19526,29.394792,0.021562,391.073125,391.131979
164705501213351,164705431582401,396.038177,886,1920,90,walk_closer,0,0.811550177774528,0.8815814822901241,642,612,0.39836440367734127,2,2,0.7278021,1.0,true,17.852135,26.707813,134.651875,192.655937,28.962188,0.023125,400.889844,400.953906
164705908293976,164705831411984,407.080625,886,1920,90,walk_closer,0,0.9272796857274809,0.9194866774114644,230,538,0.3963902425073229,1,2,0.7278021,1.0,true,17.981302,21.990313,138.810624,226.755313,30.433646,0.025208,436.035521,436.114635
164706349661997,164706264560526,441.368021,886,1920,90,tap_to_focus,0,0.9132580288542401,0.9138883373523276,748,642,0.3247775688673116,3,1,0.7278021,1.0,true,26.403125,20.806562,137.509375,180.99125,26.894063,0.023125,392.664583,392.728854
164706746752309,164706664390109,397.090312,886,1920,90,walk_closer,0,0.9099530357608554,0.9387225142174976,259,1021,0.35431959697830706,1,2,0.70274067,1.0,true,17.745781,21.386406,133.343958,192.001511,27.82677,0.024532,392.365468,392.4225
164707143546215,164707064219693,396.793906,886,1920,90,walk_closer,0,0.9701586389232543,0.9313471538822267,481,650,0.3500132737101467,3,2,0.70274067,1.0,true,17.505885,23.003178,140.863177,194.316718,27.915052,0.026302,403.670312,403.730729
164707552531423,164707464049276,408.985208,886,1920,90,hazard,0,0.8102955652423708,0.6593920462352075,173,4,0.4224598183724595,2,2,0.70274067,1.0,true,17.935053,29.334583,132.255417,192.955468,28.287136,0.031979,400.842969,400.890677
164707957699757,164707863878651,405.168334,886,1920,90,walk_closer,0,0.7781191233513864,0.587516555960324,87,8,0.41150605954386776,1,2,0.67750674,1.0,true,17.49776,20.81974,128.222968,183.3025,27.951094,0.024792,377.852395,377.901458
164708342987934,164708263708234,385.288177,886,1920,90,walk_closer,0,0.9281808153015116,0.9439213597231607,271,132,0.3711372889871143,2,2,0.67750674,1.0,true,17.873385,23.371719,132.686771,178.793698,26.289583,0.025886,379.083542,379.159635
164708728443454,164708630218651,385.45552,886,1920,90,walk_closer,0,0.9362416977202325,0.9420802323916339,78,104,0.4358030412666096,1,2,0.65274155,1.0,true,18.06625,21.288386,135.696718,225.837292,29.189375,0.025052,430.139688,430.206563
164709165282725,164709063367401,436.839271,886,1920,90,hazard,0,0.948119661945066,0.9407416988286963,25,5,0.34588116288227866,1,2,0.65274155,1.0,true,18.664896,26.262291,133.970886,204.278802,29.412395,0.023594,412.648125,412.683802
164709582775277,164709496515943,417.492552,886,1920,90,walk_closer,0,0.9583441424271013,0.9461630553762727,18,89,0.3896353577715175,1,2,0.6277464,1.0,true,26.314427,20.574531,135.554063,189.823906,26.799687,0.022865,399.126614,399.171458
164709986422725,164709896345526,403.647448,886,1920,90,walk_closer,0,0.9598755503632306,0.9613885051919514,185,40,0.41267725884779427,1,2,0.6277464,1.0,true,22.023281,29.103386,132.445677,182.962656,28.533854,0.025937,395.13375,395.187239
164710385965797,164710296175109,399.543072,886,1920,90,tap_to_focus,0,0.9461792417330775,0.9158248267710067,179,133,0.38464279786420263,1,1,0.67750674,1.0,true,27.113958,20.8825,137.759792,189.778385,28.336042,0.025468,403.933281,403.985
164710795271839,164710696004484,409.306042,886,1920,90,walk_closer,0,0.9423792888436827,0.9107422911480618,33,101,0.4034937838628707,1,2,0.67750674,1.0,true,18.027291,23.329063,138.823958,179.070364,30.631928,0.025104,389.944322,390.012968
164711189660120,164711095834068,394.388281,886,1920,90,tap_to_focus,0,0.9326949702958706,0.9358586858944227,77,55,0.39908314190886074,1,1,0.70274067,1.0,true,19.007708,24.887813,142.031406,176.024583,25.945677,0.023334,387.950833,388.001927
164711582379911,164711495663651,392.719791,886,1920,90,walk_closer,0,0.9651088203409125,0.9399817113086651,7,16,0.40105928416443604,1,2,0.70274067,1.0,true,17.395781,20.382396,133.602552,170.888073,26.786198,0.021198,369.1075,369.167448
164711955741995,164711862174068,373.362084,886,1920,90,walk_closer,0,0.9461445359300702,0.9018904042851966,35,303,0.3707466309956686,1,2,0.65274155,1.0,true,29.012292,24.752187,140.817552,184.609688,26.598437,0.022865,405.845937,405.895104
164712367024390,164712295322609,411.282395,886,1920,90,tap_to_focus,0,0.9638190003289996,0.9202969384066971,11,45,0.4300344721243441,1,3,0.65274155,1.0,true,17.627604,29.222604,140.605729,175.89849,28.166302,0.023385,391.577448,391.620625
164712766477724,164712695152193,399.453334,886,1920,90,walk_closer,0,0.9299009865384418,0.9129708286618072,13,70,0.4040907048418205,1,4,0.70274067,1.0,true,17.231042,19.959739,131.692813,173.330833,26.499427,0.024219,368.770261,368.835937
164713139840067,164713061662609,373.362343,886,1920,90,walk_closer,0,0.930941913374993,0.921431933141978,21,267,0.4017528048476606,1,4,0.70274067,1.0,true,17.456198,27.817969,133.772187,178.511562,28.47198,0.022552,386.085989,386.147812
164713533396577,164713461492193,393.55651,886,1920,90,walk_closer,0,0.9522787525950497,0.8858727980463174,76,122,0.38799714371282334,1,4,0.70274067,1.0,true,17.761146,24.867396,133.677916,184.315313,26.287708,0.025729,386.969323,387.038386
164713926008504,164713828002401,392.611927,886,1920,90,walk_closer,0,0.9628579503144395,0.9148784971751424,99,143,0.4414709567197974,1,4,0.70274067,1.0,true,17.778177,21.559636,134.208802,187.745468,28.472188,0.027917,389.832604,389.898698
164714322892046,164714227831984,396.883542,886,1920,90,walk_closer,0,0.9462306204079077,0.9022140080756995,130,24,0.3899122400292043,1,4,0.70274067,1.0,true,23.513385,21.687813,136.194687,177.63474,29.112916,0.024323,388.200364,388.266666
164714717029650,164714627661568,394.137604,886,1920,90,walk_closer,0,0.9558931526561603,0.9388142278539453,83,6,0.379278165903429,1,4,0.70274067,1.0,true,20.417656,34.674062,154.286875,187.927761,27.876458,0.024479,425.244843,425.293646
164715146837098,164715060810109,429.807448,886,1920,90,walk_closer,0,0.975902835684313,0.9666831606425074,8,9,0.37460522763522874,1,4,0.70274067,1.0,true,19.39625,31.962083,126.671719,181.832968,27.181146,0.024479,387.108489,387.159166
164715539202879,164715460639693,392.365781,886,1920,90,walk_closer,0,0.9718055149124297,0.9664992496147852,22,14,0.3798319317879688,1,4,0.70274067,1.0,true,17.889011,30.510833,134.340989,170.156407,27.952343,0.024271,380.909792,380.964947
164715924807774,164715827150109,385.604895,886,1920,90,walk_closer,0,0.9653695457020414,0.9620176611136739,9,17,0.3888689819587654,1,4,0.70274067,1.0,true,17.720781,22.949844,128.646042,241.465885,28.354792,0.026406,439.197083,439.245677
164716368891472,164716293617818,444.083698,886,1920,90,walk_closer,0,0.9163660388474039,0.8521239303535854,68,119,0.4144368938163936,2,4,0.70274067,1.0,true,18.028438,23.294843,156.807136,179.812604,28.370937,0.025157,406.377604,406.441927
164716780936316,164716693447401,412.044844,886,1920,90,walk_closer,0,0.9056478153904145,0.8678495740502191,49,11,0.43572908069988614,1,4,0.70274067,1.0,true,17.893073,26.278125,138.770625,165.929688,35.527708,0.024844,384.45974,384.525572
164717170927513,164717093276984,389.991197,886,1920,90,walk_closer,0,0.9018979948195067,0.7795391769841804,789,51,0.4252791054859557,2,4,0.70274067,1.0,true,18.644271,23.256406,138.351146,186.497083,28.458854,0.024167,395.268229,395.33323
164717572066993,164717493106568,401.13948,886,1920,90,tap_to_focus,0,0.9025354543250358,0.882756121028308,438,81,0.3961719356605258,2,0,0.7278021,1.0,true,24.890364,23.273021,134.665104,178.557812,26.957605,0.02302,388.398385,388.456145
164717964818399,164717892935943,392.751406,886,1920,90,tap_to_focus,0,0.857971771283878,0.8413990105855056,229,134,0.41830927490735403,2,0,0.67750674,1.0,true,19.139688,24.859531,144.421666,185.773125,26.525677,0.023125,400.781458,400.828072
164718370489648,164718292765526,405.671249,886,1920,90,tap_to_focus,0,0.9309588452473576,0.8224246604753686,330,35,0.4074727081450078,2,0,0.65274155,1.0,true,17.491041,23.723386,129.398646,193.198437,33.254115,0.023593,397.117239,397.160052
164718775437096,164718692595109,404.947448,886,1920,90,tap_to_focus,0,0.8814083875361327,0.8341248987737085,128,71,0.5238946287055981,1,0,0.65274155,1.0,true,29.577344,30.095677,150.495677,176.025937,28.858854,0.02224,415.107448,415.162031
164719197584909,164719125743651,422.147813,886,1920,90,tap_to_focus,0,0.8449650746851318,0.6172010568176812,25,51,0.49964982511542644,1,0,0.65274155,1.0,true,18.451198,28.382552,145.395989,185.657031,27.936615,0.033021,405.900624,405.962447
164719608496471,164719525573234,410.911562,886,1920,90,tap_to_focus,0,0.7279347930793209,0.7074572359843175,69,102,0.5123673374016278,1,0,0.6277464,1.0,true,16.975729,23.245,136.681511,194.894739,28.409219,0.02625,400.271302,400.316146
164720013661731,164719925402818,405.16526,886,1920,90,tap_to_focus,0,0.693012461541457,0.619997270575623,464,348,0.4011932087259069,5,0,0.6277464,1.0,true,27.923021,22.360313,131.702604,191.323125,27.067291,0.023073,400.427917,400.466302
164720419096939,164720325232401,405.435208,886,1920,90,tap_to_focus,0,0.8841649482077629,0.8630194284328582,14,8,0.36097179215427033,1,0,0.6277464,1.0,true,18.289375,22.558542,130.853333,177.046094,26.814427,0.022917,375.617865,375.667656
164720800137668,164720725061776,381.040729,886,1920,90,tap_to_focus,0,0.9474236745554454,0.8712285429911094,319,69,0.39508498766781486,2,0,0.6277464,1.0,true,17.747396,29.038333,149.130364,177.740209,32.80552,0.024792,406.521562,406.565573
164721211368866,164721124891359,411.231198,886,1920,90,tap_to_focus,0,0.8868243121790705,0.8703445121804254,411,71,0.3663236617890959,2,0,0.6277464,1.0,true,18.238958,23.133959,182.821302,177.58677,31.213594,0.027865,433.062916,433.122396
164721651941887,164721558040109,440.573021,886,1920,90,walk_closer,0,0.9480213257657975,0.893730723410667,315,64,0.3866080676175736,2,2,0.7278021,1.0,true,18.477865,22.64125,132.406406,181.020833,26.874428,0.02526,381.481459,381.545
164722038912095,164721957869484,386.970208,886,1920,90,walk_closer,0,0.916816897521181,0.8551456674975404,379,131,0.41782786565574526,2,2,0.7278021,1.0,true,26.996511,23.761823,132.377031,196.27375,28.163229,0.021927,407.619792,407.666458
164722450845428,164722357699068,411.933333,886,1920,90,walk_closer,0,0.9324444279133723,0.8582924594531208,224,123,0.421647365992607,1,2,0.67750674,1.0,true,18.559427,35.501823,197.99,173.534584,26.677447,0.022657,452.322344,452.367656
164722907348397,164722824166776,456.502969,886,1920,90,hazard,0,0.921070841219269,0.8645468174754445,178,5,0.3986038531342615,2,2,0.67750674,1.0,true,18.072813,23.122604,139.243177,197.407916,28.548073,0.022605,406.450781,406.488229
164723317078501,164723223996359,409.730104,886,1920,90,walk_closer,0,0.8400421846865763,0.7677493031806377,142,9,0.37939191178280396,3,2,0.67750674,1.0,true,18.846719,25.456198,142.238541,175.459011,26.63625,0.022604,388.694635,388.746302
164723710593188,164723623825943,393.514687,886,1920,90,walk_closer,0,0.873614602497406,0.8050542011627658,169,95,0.4053045575286802,2,2,0.67750674,1.0,true,17.85224,25.437083,131.512292,182.197812,46.378854,0.025625,403.444688,403.499531
164724120497563,164724023655526,409.904375,886,1920,90,walk_closer,0,0.8653991258396457,0.8408006668399961,56,165,0.41452724880227265,1,2,0.67750674,1.0,true,20.601354,21.525104,134.109687,194.452656,29.25823,0.024166,400.003854,400.074739
164724525227771,164724456804068,404.730208,886,1920,90,walk_closer,0,0.8535855556513365,0.8081367812151347,59,57,0.45252143654580834,3,2,0.70274067,1.0,true,18.131823,26.642761,134.089947,182.083177,29.901771,0.02375,390.905781,390.953125
164724920165011,164724823314484,394.93724,886,1920,90,tap_to_focus,0,0.7138639562586658,0.6232224585588395,516,598,0.42360701388415123,3,3,0.5274261,1.0,true,19.275625,39.601146,164.512136,186.201354,27.781875,0.020416,437.418959,437.456145
164725362952875,164725289782193,442.787864,886,1920,90,walk_closer,0,0.8730169793080036,0.8871427762713219,11,25,0.4285245821121908,1,4,0.405515,0.8694983,true,16.944062,24.842865,174.092864,195.544427,27.07323,0.022447,438.552135,438.606094
164725805965948,164725663570488,443.013073,886,1920,90,walk_closer,0,0.7648356482691829,0.7980584993851539,41,100,0.41578757868033733,1,4,1.2150668,0.6000905,true,18.671718,27.123021,142.046406,197.300677,31.623177,0.027188,416.830416,416.889322
164726229943500,164726096885488,423.977552,886,1920,90,hazard,0,0.7826157663017893,0.7010689018559949,50,4,0.4293785318961767,1,4,1.2150668,0.6000905,true,25.784271,25.160521,138.460937,229.393073,28.54849,0.031771,447.419531,447.459687
164726682004697,164726563532363,452.061197,886,1920,90,walk_closer,0,0.7857834844181788,0.7173190620448479,212,70,0.44319618039045494,1,4,1.2150668,0.6000905,true,18.400782,20.112239,137.179479,189.557084,30.431979,0.024896,395.742344,395.812604
164727084027249,164726963515488,402.022552,886,1920,90,walk_closer,0,0.7316023051381119,0.7125877413279451,213,70,0.41164073222461184,1,4,1.2150668,0.6000905,true,34.100937,23.993177,139.181771,188.445989,26.874115,0.022552,412.650104,412.708386
164727502028239,164727396830488,418.00099,886,1920,90,walk_closer,0,0.696102221459821,0.7738247789866727,234,264,0.45814643170814406,1,4,1.2150668,0.6000905,true,20.332396,42.216927,150.551719,174.502395,27.031042,0.024219,414.688281,414.741822
164727921106051,164727796813613,419.077812,886,1920,90,walk_closer,0,0.8032616876308364,0.7098764384202335,156,6,0.4547166512063534,1,4,1.2150668,0.6000905,true,18.037865,21.043906,134.62724,179.344739,28.458281,0.027032,381.578281,381.631719
164728308006155,164728196796529,386.900104,886,1920,90,walk_closer,0,0.7876465523325291,0.7632713266580033,192,137,0.44599248601755903,1,4,1.2150668,0.6000905,true,18.506094,20.893385,135.136198,187.216875,29.879948,0.022709,391.685677,391.745156
164728704976988,164728630111738,396.970833,886,1920,90,walk_closer,0,0.8038487274764495,0.7651009765468793,336,285,0.4497605783401042,1,4,1.2150668,0.6000905,true,18.916042,22.720052,152.263489,203.205573,28.251979,0.027604,425.428229,425.498021
164729136203238,164729063426738,431.22625,886,1920,90,walk_closer,0,0.8702269672718022,0.737572832829313,11,107,0.5303492403726295,1,4,1.2150668,0.6000905,true,18.683334,22.667656,133.997969,185.281927,27.463697,0.025573,388.175469,388.257865
164729529236259,164729463409654,393.033021,886,1920,90,walk_closer,0,0.6845254184777267,0.8034491170301162,7,17,0.5585350470896486,1,4,1.2150668,0.6000905,true,26.289844,23.112656,136.317656,183.44875,26.585729,0.024428,395.852917,395.903073
164729929534644,164729863392779,400.298385,886,1920,90,tap_to_focus,0,0.8384817634407538,0.7514370789037422,273,63,0.48411201669230763,1,0,1.2150668,0.6000905,true,19.203489,32.085052,137.32573,181.593541,26.711146,0.022865,396.977135,397.026302
164730334478706,164730263375904,404.944062,886,1920,90,tap_to_focus,0,0.7411575813289313,0.6762749657445435,208,15,0.4787118440385427,1,0,1.2150668,0.6000905,true,17.882448,21.775,152.833125,176.571249,26.389844,0.026615,395.515,395.567656
164730734516467,164730663359029,400.037761,886,1920,90,tap_to_focus,0,0.8204615433432716,0.700728968300042,140,80,0.5035784619981882,1,0,1.2150668,0.6000905,true,27.74849,18.861875,136.711771,188.882187,26.85099,0.024114,399.121719,399.177447
164731138766519,164731063342154,404.250052,886,1920,90,tap_to_focus,0,0.7845725119820279,0.774122262679342,47,21,0.4647781497432817,1,0,1.2150668,0.6000905,true,18.67901,39.967448,167.997187,216.739844,53.869271,0.054583,497.367135,497.438437
164731641002195,164731563930660,502.235676,886,1920,90,tap_to_focus,0,0.8755481565087568,0.7406965010664478,8,12,0.42947240466310177,1,0,1.2150668,0.6000905,true,20.56375,37.646094,157.518229,190.738593,28.680313,0.025989,435.2125,435.267292
164732082075893,164731997245660,441.073698,886,1920,90,hazard,0,0.9370462243044541,0.7967524254120847,5,12,0.42870758923425,1,2,1.2150668,0.6000905,true,31.045208,20.652865,139.3,192.049531,28.33599,0.025156,411.446927,411.500781
164732497907039,164732430560660,415.831146,886,1920,90,hazard,0,0.8575574175396098,0.8168811646446289,3,12,0.39903214800373377,1,2,1.2150668,0.6000905,true,18.697031,27.778385,141.741667,181.210729,28.409479,0.025052,397.894947,397.931614
164732900538393,164732830155758,402.631354,886,1920,90,hazard,0,0.8857131301347976,0.7933003170680383,2,21,0.4079820704593544,1,3,1.4164306,0.6000905,true,27.508281,20.277657,124.899896,198.201979,31.254218,0.023542,402.199427,402.245364
164733308411882,164733230138883,407.873489,886,1920,90,hazard,0,0.8728216537449194,0.8348540372402378,1,13,0.41787276517932526,1,4,1.4164306,0.6000905,true,18.924322,25.274375,150.379323,179.360782,28.188958,0.023958,402.182864,402.23
164733716035580,164733630122008,407.623698,886,1920,90,hazard,0,0.7130265111186003,0.821992013322325,5,14,0.40434278210437924,1,4,1.4164306,0.6000905,true,19.184375,25.658386,139.613541,190.085834,28.139323,0.024114,402.737969,402.792656
164734124104642,164734063437008,408.069062,886,1920,90,walk_closer,0,0.7106190729379981,0.8405562799630306,6,12,0.40298038865280006,1,4,1.4164306,0.6000905,true,18.294948,25.086615,140.539895,185.685677,28.509167,0.02625,398.185208,398.241927
164734529137038,164734463420133,405.032396,886,1920,90,hazard,0,0.8805883002748157,0.7630313587610791,4,12,0.41248373490444123,1,4,1.4164306,0.6000905,true,30.54302,19.981042,136.3375,195.866198,27.866875,0.024271,410.652135,410.705781
164734944224850,164734863403258,415.087812,886,1920,90,walk_closer,0,0.8422547726106568,0.7391369179628436,7,18,0.4005362611257528,1,4,1.4164306,0.6000905,true,19.389792,32.605364,136.053229,195.365469,38.176354,0.025417,421.650521,421.700521
164735369652611,164735296496529,425.427761,886,1920,90,walk_closer,0,0.84640347297561,0.8093985131316225,197,9,0.4475864572859507,1,4,1.4164306,0.6000905,true,19.046979,33.17875,144.658021,175.794271,28.363541,0.030938,401.139219,401.206041
164735776201777,164735696479654,406.549166,886,1920,90,walk_closer,0,0.7826220890252865,0.8247186145564916,12,86,0.4411965004586591,1,4,1.4164306,0.6000905,true,20.112031,22.071615,127.447031,173.727083,27.130521,0.020469,370.537291,370.611823
164736150939798,164736063130696,374.738021,886,1920,90,walk_closer,0,0.7067552696816062,0.8136448509787239,137,23,0.44067068184419966,4,4,1.4164306,0.6000905,true,18.755417,38.260312,163.937032,646.214739,56.839687,0.023125,924.061927,924.113281
164737093558964,164736988091320,942.619166,886,1920,90,walk_closer,0,0.7701790345967958,0.7576082310272177,760,968,0.33341268451751205,1,4,1.4164306,0.6000905,true,24.126406,83.059896,484.003802,232.943437,14.24099,0.015104,838.412135,838.454271
